# total,u2_scaled,g_scaled,u2_mse,u2_mae,total_mae,u2_initial,u2_boundary,total_initial_mse,total_boundary_mse
2.100445270538330078e+00,1.749861598014831543e+00,3.331352710723876953e+00,1.412838464602828026e-04,8.878503926098346710e-03,8.890435099601745605e-03,0.000000000000000000e+00,1.744844019412994385e-01,1.783072889338654932e-06,1.394237460772274062e-05
2.061058044433593750e+00,1.712198138236999512e+00,3.298955917358398438e+00,1.382428890792652965e-04,8.801801130175590515e-03,8.813560009002685547e-03,0.000000000000000000e+00,1.896419525146484375e-01,1.783072889338654932e-06,1.515891199233010411e-05
2.021965742111206055e+00,1.674736738204956055e+00,3.266864061355590820e+00,1.352182734990492463e-04,8.725918829441070557e-03,8.737513795495033264e-03,0.000000000000000000e+00,2.054267525672912598e-01,1.783072889338654932e-06,1.642628012632485479e-05
1.980671048164367676e+00,1.635235071182250977e+00,3.233280181884765625e+00,1.320289011346176267e-04,8.645264431834220886e-03,8.656692691147327423e-03,0.000000000000000000e+00,2.210798561573028564e-01,1.783072889338654932e-06,1.768348738551139832e-05
1.934419274330139160e+00,1.591234803199768066e+00,3.196249246597290039e+00,1.284763275180011988e-04,8.553555235266685486e-03,8.564813993871212006e-03,0.000000000000000000e+00,2.355957776308059692e-01,1.783072889338654932e-06,1.884968878584913909e-05
1.879594564437866211e+00,1.539525151252746582e+00,3.153277397155761719e+00,1.243012811755761504e-04,8.442291989922523499e-03,8.453384041786193848e-03,0.000000000000000000e+00,2.474166750907897949e-01,1.783072889338654932e-06,1.979959779419004917e-05
1.811625242233276367e+00,1.476072311401367188e+00,3.101336002349853516e+00,1.191780975204892457e-04,8.300207555294036865e-03,8.311123587191104889e-03,0.000000000000000000e+00,2.541939020156860352e-01,1.783072889338654932e-06,2.034435055975336581e-05
1.724682092666625977e+00,1.395775556564331055e+00,3.036797523498535156e+00,1.126949355239048600e-04,8.111612871289253235e-03,8.122337050735950470e-03,0.000000000000000000e+00,2.522684335708618164e-01,1.783072889338654932e-06,2.018982195295393467e-05
1.611435770988464355e+00,1.292238593101501465e+00,2.955523967742919922e+00,1.043353477143682539e-04,7.853875868022441864e-03,7.864384911954402924e-03,0.000000000000000000e+00,2.364476770162582397e-01,1.783072889338654932e-06,1.891897773020900786e-05
1.463649392127990723e+00,1.158144354820251465e+00,2.853712797164916992e+00,9.350859181722626090e-05,7.494780700653791428e-03,7.505050860345363617e-03,0.000000000000000000e+00,2.013369202613830566e-01,1.783072889338654932e-06,1.609991522855125368e-05
1.274184823036193848e+00,9.864533543586730957e-01,2.730045080184936523e+00,7.964625547174364328e-05,6.987908855080604553e-03,6.997869815677404404e-03,0.000000000000000000e+00,1.472696363925933838e-01,1.783072889338654932e-06,1.176556907012127340e-05
1.042525768280029297e+00,7.733824253082275391e-01,2.590790510177612305e+00,6.244290852919220924e-05,6.270274519920349121e-03,6.280167959630489349e-03,0.000000000000000000e+00,1.006427556276321411e-01,1.783072889338654932e-06,8.056966180447489023e-06
7.883191704750061035e-01,5.260964035987854004e-01,2.461480617523193359e+00,4.247702963766641915e-05,5.290705244988203049e-03,5.300830118358135223e-03,0.000000000000000000e+00,1.607472896575927734e-01,1.783072889338654932e-06,1.299895484407898039e-05
5.664904713630676270e-01,2.853083610534667969e-01,2.408640623092651367e+00,2.303580004081595689e-05,3.945541102439165115e-03,3.955985419452190399e-03,0.000000000000000000e+00,4.031805098056793213e-01,1.783072889338654932e-06,3.266771091148257256e-05
4.720857143402099609e-01,1.591254323720932007e-01,2.550614356994628906e+00,1.284778954868670553e-05,2.837411127984523773e-03,2.841908950358629227e-03,0.000000000000000000e+00,5.789883136749267578e-01,1.783072889338654932e-06,4.690710920840501785e-05
5.909358859062194824e-01,2.580242455005645752e-01,2.917872428894042969e+00,2.083287836285308003e-05,3.298239083960652351e-03,3.296713344752788544e-03,0.000000000000000000e+00,4.112439155578613281e-01,1.783072889338654932e-06,3.332182677695527673e-05
6.316326856613159180e-01,3.157784044742584229e-01,2.998856306076049805e+00,2.549595046730246395e-05,3.701796755194664001e-03,3.699363442137837410e-03,0.000000000000000000e+00,1.596865952014923096e-01,1.783072889338654932e-06,1.291198987019015476e-05
5.458301305770874023e-01,2.540192604064941406e-01,2.811778545379638672e+00,2.050951661658473313e-05,3.605976002290844917e-03,3.602506360039114952e-03,0.000000000000000000e+00,1.063302084803581238e-01,1.783072889338654932e-06,8.515315130352973938e-06
4.605216383934020996e-01,1.863983273506164551e-01,2.588452100753784180e+00,1.504980173194780946e-05,3.327370155602693558e-03,3.323675133287906647e-03,0.000000000000000000e+00,1.527810245752334595e-01,1.783072889338654932e-06,1.221203729073749855e-05
4.222569763660430908e-01,1.603184342384338379e-01,2.432178258895874023e+00,1.294411049457266927e-05,3.095937427133321762e-03,3.094286890700459480e-03,0.000000000000000000e+00,1.872070729732513428e-01,1.783072889338654932e-06,1.497042103437706828e-05
4.177176356315612793e-01,1.648787558078765869e-01,2.346803188323974609e+00,1.331231396761722863e-05,3.007869469001889229e-03,3.010047134011983871e-03,0.000000000000000000e+00,1.815856695175170898e-01,1.783072889338654932e-06,1.451926254958380014e-05
4.243532419204711914e-01,1.786751151084899902e-01,2.307041168212890625e+00,1.442623033653944731e-05,3.003861522302031517e-03,3.009217791259288788e-03,0.000000000000000000e+00,1.497401297092437744e-01,1.783072889338654932e-06,1.196706853079376742e-05
4.304604530334472656e-01,1.897323280572891235e-01,2.292523622512817383e+00,1.531898851681035012e-05,2.943388652056455612e-03,2.951738191768527031e-03,0.000000000000000000e+00,1.147574707865715027e-01,1.783072889338654932e-06,9.172210411634296179e-06
4.337874352931976318e-01,1.949147135019302368e-01,2.292647123336791992e+00,1.573741428728681058e-05,2.961828606203198433e-03,2.975862706080079079e-03,0.000000000000000000e+00,9.608000516891479492e-02,1.783072889338654932e-06,7.699233719904441386e-06
4.347637891769409180e-01,1.944806724786758423e-01,2.301559686660766602e+00,1.570237327541690320e-05,3.056631656363606453e-03,3.071512561291456223e-03,0.000000000000000000e+00,1.012713983654975891e-01,1.783072889338654932e-06,8.152587724907789379e-06
4.311683177947998047e-01,1.878550201654434204e-01,2.313389778137207031e+00,1.516741576779168099e-05,3.076716093346476555e-03,3.091479418799281120e-03,0.000000000000000000e+00,1.197433471679687500e-01,1.783072889338654932e-06,9.669627615949138999e-06
4.192570447921752930e-01,1.739294677972793579e-01,2.322853088378906250e+00,1.404306749464012682e-05,2.975645009428262711e-03,2.989772707223892212e-03,0.000000000000000000e+00,1.304228305816650391e-01,1.783072889338654932e-06,1.054298991221003234e-05
3.995879292488098145e-01,1.543431729078292847e-01,2.329404115676879883e+00,1.246166993951192126e-05,2.788668265566229820e-03,2.800836926326155663e-03,0.000000000000000000e+00,1.230432391166687012e-01,1.783072889338654932e-06,9.942946235241834074e-06
3.785496652126312256e-01,1.343410462141036987e-01,2.337196350097656250e+00,1.084669656847836450e-05,2.594782505184412003e-03,2.604400273412466049e-03,0.000000000000000000e+00,1.048900038003921509e-01,1.783072889338654932e-06,8.461213838018011302e-06
3.638822734355926514e-01,1.198717877268791199e-01,2.350593328475952148e+00,9.678447895566932857e-06,2.437158720567822456e-03,2.444398822262883186e-03,0.000000000000000000e+00,8.951157331466674805e-02,1.783072889338654932e-06,7.196883871074533090e-06
3.595664203166961670e-01,1.140809357166290283e-01,2.369518995285034180e+00,9.210895768774207681e-06,2.336926991119980812e-03,2.342152642086148262e-03,0.000000000000000000e+00,8.533554524183273315e-02,1.783072889338654932e-06,6.835190106357913464e-06
3.635632693767547607e-01,1.154880970716476440e-01,2.387943983078002930e+00,9.324509846919681877e-06,2.294240519404411316e-03,2.297581406310200691e-03,0.000000000000000000e+00,9.280773997306823730e-02,1.783072889338654932e-06,7.415726031467784196e-06
3.697009086608886719e-01,1.192749887704849243e-01,2.397207975387573242e+00,9.630262866267003119e-06,2.296059625223278999e-03,2.297478262335062027e-03,0.000000000000000000e+00,1.070512831211090088e-01,1.783072889338654932e-06,8.547074685338884592e-06
3.724650144577026367e-01,1.210779696702957153e-01,2.392071962356567383e+00,9.775836588232778013e-06,2.324395347386598587e-03,2.323572756722569466e-03,0.000000000000000000e+00,1.217985823750495911e-01,1.783072889338654932e-06,9.724368283059448004e-06
3.700865805149078369e-01,1.195578053593635559e-01,2.373313665390014648e+00,9.653098459239117801e-06,2.362058497965335846e-03,2.359370002523064613e-03,0.000000000000000000e+00,1.319738626480102539e-01,1.783072889338654932e-06,1.053825144481379539e-05
3.643593192100524902e-01,1.161941289901733398e-01,2.346704244613647461e+00,9.381515155837405473e-06,2.373189199715852737e-03,2.370068803429603577e-03,0.000000000000000000e+00,1.349476873874664307e-01,1.783072889338654932e-06,1.077631623047636822e-05
3.579269349575042725e-01,1.130204722285270691e-01,2.318586111068725586e+00,9.125275028054602444e-06,2.350973198190331459e-03,2.348232083022594452e-03,0.000000000000000000e+00,1.304784417152404785e-01,1.783072889338654932e-06,1.041865925799356773e-05
3.525423109531402588e-01,1.111727803945541382e-01,2.293491840362548828e+00,8.976092431112192571e-06,2.306646667420864105e-03,2.304547000676393509e-03,0.000000000000000000e+00,1.202034503221511841e-01,1.783072889338654932e-06,9.596911695552989841e-06
3.487264215946197510e-01,1.106715723872184753e-01,2.273518800735473633e+00,8.935625373851507902e-06,2.249468117952346802e-03,2.248330740258097649e-03,0.000000000000000000e+00,1.070297956466674805e-01,1.783072889338654932e-06,8.545035598217509687e-06
3.462461233139038086e-01,1.109058707952499390e-01,2.259076833724975586e+00,8.954541954153683037e-06,2.192162675783038139e-03,2.192815067246556282e-03,0.000000000000000000e+00,9.432568401098251343e-02,1.783072889338654932e-06,7.534076303272740915e-06
3.446625173091888428e-01,1.111799329519271851e-01,2.249703168869018555e+00,8.976668141258414835e-06,2.152313711121678352e-03,2.155275549739599228e-03,0.000000000000000000e+00,8.512260019779205322e-02,1.783072889338654932e-06,6.807710178691195324e-06
3.436188101768493652e-01,1.110204309225082397e-01,2.244637012481689453e+00,8.963790605776011944e-06,2.131817163899540901e-03,2.136859577149152756e-03,0.000000000000000000e+00,8.134655654430389404e-02,1.783072889338654932e-06,6.520145689137279987e-06
3.428944647312164307e-01,1.102738678455352783e-01,2.243034839630126953e+00,8.903512934921309352e-06,2.128562424331903458e-03,2.135704504325985909e-03,0.000000000000000000e+00,8.317105472087860107e-02,1.783072889338654932e-06,6.683937954221619293e-06
3.422684669494628906e-01,1.089691370725631714e-01,2.244123697280883789e+00,8.798169801593758166e-06,2.137757837772369385e-03,2.145819133147597313e-03,0.000000000000000000e+00,8.886964619159698486e-02,1.783072889338654932e-06,7.158178050303831697e-06
3.415076434612274170e-01,1.072703152894973755e-01,2.247037410736083984e+00,8.661006177135277539e-06,2.146483631804585457e-03,2.154679968953132629e-03,0.000000000000000000e+00,9.533590078353881836e-02,1.783072889338654932e-06,7.690635356993880123e-06
3.404096662998199463e-01,1.053778901696205139e-01,2.250888109207153320e+00,8.508211067237425596e-06,2.148733939975500107e-03,2.156628761440515518e-03,0.000000000000000000e+00,9.942955523729324341e-02,1.783072889338654932e-06,8.026840987440664321e-06
3.388823568820953369e-01,1.034775599837303162e-01,2.254788637161254883e+00,8.354778401553630829e-06,2.141986507922410965e-03,2.149441745132207870e-03,0.000000000000000000e+00,9.925927221775054932e-02,1.783072889338654932e-06,8.013699698494747281e-06
3.370403647422790527e-01,1.017558202147483826e-01,2.257828235626220703e+00,8.215766683861147612e-06,2.126608043909072876e-03,2.133565489202737808e-03,0.000000000000000000e+00,9.501735121011734009e-02,1.783072889338654932e-06,7.667124918953049928e-06
3.350896239280700684e-01,1.003103405237197876e-01,2.259299278259277344e+00,8.099058504740241915e-06,2.104382729157805443e-03,2.110766246914863586e-03,0.000000000000000000e+00,8.849361538887023926e-02,1.783072889338654932e-06,7.132523023756220937e-06
3.332457244396209717e-01,9.917503595352172852e-02,2.258638858795166016e+00,8.007393262232653797e-06,2.078738529235124588e-03,2.084536245092749596e-03,0.000000000000000000e+00,8.206818252801895142e-02,1.783072889338654932e-06,6.603328984056133777e-06
3.316451311111450195e-01,9.832576662302017212e-02,2.255581855773925781e+00,7.938822818687185645e-06,2.053705509752035141e-03,2.058818936347961426e-03,0.000000000000000000e+00,7.761168479919433594e-02,1.783072889338654932e-06,6.231879524420946836e-06
3.303605318069458008e-01,9.773796796798706055e-02,2.250277519226074219e+00,7.891364475653972477e-06,2.033853670582175255e-03,2.038174774497747421e-03,0.000000000000000000e+00,7.594826817512512207e-02,1.783072889338654932e-06,6.085974291636375710e-06
3.293996155261993408e-01,9.739719331264495850e-02,2.243206024169921875e+00,7.863850441935937852e-06,2.023061271756887436e-03,2.026032656431198120e-03,0.000000000000000000e+00,7.681810110807418823e-02,1.783072889338654932e-06,6.145648512756451964e-06
3.287219405174255371e-01,9.729202836751937866e-02,2.235053300857543945e+00,7.855359399400185794e-06,2.021189546212553978e-03,2.023159060627222061e-03,0.000000000000000000e+00,7.924591749906539917e-02,1.783072889338654932e-06,6.332905741146532819e-06
3.282281756401062012e-01,9.737071394920349121e-02,2.226558923721313477e+00,7.861711310397367924e-06,2.022639848291873932e-03,2.023986540734767914e-03,0.000000000000000000e+00,8.201584219932556152e-02,1.783072889338654932e-06,6.550066245836205781e-06
3.277718424797058105e-01,9.752582013607025146e-02,2.218382596969604492e+00,7.874235961935482919e-06,2.023018896579742432e-03,2.024100627750158310e-03,0.000000000000000000e+00,8.407758176326751709e-02,1.783072889338654932e-06,6.712572485412238166e-06
3.271874189376831055e-01,9.761232882738113403e-02,2.210952281951904297e+00,7.881220881245099008e-06,2.019083360210061073e-03,2.020273357629776001e-03,0.000000000000000000e+00,8.479861170053482056e-02,1.783072889338654932e-06,6.769379069737624377e-06
3.263396322727203369e-01,9.747383743524551392e-02,2.204621315002441406e+00,7.870038643886800855e-06,2.009876538068056107e-03,2.011501928791403770e-03,0.000000000000000000e+00,8.403650671243667603e-02,1.783072889338654932e-06,6.708841283398214728e-06
3.251774311065673828e-01,9.702876955270767212e-02,2.199415445327758789e+00,7.834103598725050688e-06,1.996872713789343834e-03,1.999165164306759834e-03,0.000000000000000000e+00,8.207115530967712402e-02,1.783072889338654932e-06,6.553280400112271309e-06
3.237434923648834229e-01,9.626225382089614868e-02,2.195358514785766602e+00,7.772216122248210013e-06,1.983218593522906303e-03,1.986492192372679710e-03,0.000000000000000000e+00,7.945396751165390015e-02,1.783072889338654932e-06,6.346849204419413581e-06
3.221746981143951416e-01,9.525381028652191162e-02,2.192360162734985352e+00,7.690793609071988612e-06,1.972996862605214119e-03,1.977351028472185135e-03,0.000000000000000000e+00,7.684864103794097900e-02,1.783072889338654932e-06,6.142643997009145096e-06
3.206531703472137451e-01,9.415400773286819458e-02,2.190170049667358398e+00,7.601996458106441423e-06,1.967368414625525475e-03,1.972270663827657700e-03,0.000000000000000000e+00,7.482151687145233154e-02,1.783072889338654932e-06,5.985850748402299359e-06
3.193196356296539307e-01,9.310000389814376831e-02,2.188493967056274414e+00,7.516895493608899415e-06,1.965769566595554352e-03,1.971010584384202957e-03,0.000000000000000000e+00,7.370223104953765869e-02,1.783072889338654932e-06,5.902466000407002866e-06
3.182232379913330078e-01,9.218802303075790405e-02,2.186859130859375000e+00,7.443262347806012258e-06,1.966845244169235229e-03,1.972232712432742119e-03,0.000000000000000000e+00,7.349324226379394531e-02,1.783072889338654932e-06,5.892059562029317021e-06
3.172855377197265625e-01,9.142135828733444214e-02,2.184747695922851562e+00,7.381361228908644989e-06,1.968338154256343842e-03,1.973775215446949005e-03,0.000000000000000000e+00,7.389403879642486572e-02,1.783072889338654932e-06,5.929789494985016063e-06
3.163467049598693848e-01,9.074091166257858276e-02,2.181614398956298828e+00,7.326422746700700372e-06,1.967778662219643593e-03,1.973256701603531837e-03,0.000000000000000000e+00,7.444362342357635498e-02,1.783072889338654932e-06,5.977962246106471866e-06
3.152346909046173096e-01,9.005507081747055054e-02,2.177080631256103516e+00,7.271047707035904750e-06,1.963230548426508904e-03,1.968723488971590996e-03,0.000000000000000000e+00,7.471574097871780396e-02,1.783072889338654932e-06,6.001888323226012290e-06
3.138526082038879395e-01,8.930729329586029053e-02,2.170971870422363281e+00,7.210671810753410682e-06,1.953623024746775627e-03,1.959152286872267723e-03,0.000000000000000000e+00,7.448131591081619263e-02,1.783072889338654932e-06,5.982999482512241229e-06
3.122142851352691650e-01,8.849561959505081177e-02,2.163403511047363281e+00,7.145137715269811451e-06,1.939298468641936779e-03,1.944861258380115032e-03,0.000000000000000000e+00,7.378309220075607300e-02,1.783072889338654932e-06,5.924898687226232141e-06
3.104133009910583496e-01,8.766362071037292480e-02,2.154625415802001953e+00,7.077962436596862972e-06,1.921400893479585648e-03,1.926934812217950821e-03,0.000000000000000000e+00,7.287153601646423340e-02,1.783072889338654932e-06,5.848179625900229439e-06
3.085550069808959961e-01,8.684749156236648560e-02,2.145019769668579102e+00,7.012067726464010775e-06,1.901644514873623848e-03,1.907192170619964600e-03,0.000000000000000000e+00,7.205560058355331421e-02,1.783072889338654932e-06,5.778244485554751009e-06
3.066930174827575684e-01,8.604305237531661987e-02,2.134937763214111328e+00,6.947116162336897105e-06,1.881688600406050682e-03,1.887007732875645161e-03,0.000000000000000000e+00,7.156198471784591675e-02,1.783072889338654932e-06,5.733935722673777491e-06
3.048061728477478027e-01,8.519786596298217773e-02,2.124632835388183594e+00,6.878876320115523413e-06,1.862459699623286724e-03,1.867464976385235786e-03,0.000000000000000000e+00,7.145011425018310547e-02,1.783072889338654932e-06,5.720574336010031402e-06
3.027980029582977295e-01,8.421699702739715576e-02,2.114198684692382812e+00,6.799682068958645687e-06,1.844505895860493183e-03,1.848995103500783443e-03,0.000000000000000000e+00,7.161127030849456787e-02,1.783072889338654932e-06,5.729830263589974493e-06
3.005613088607788086e-01,8.302427828311920166e-02,2.103550910949707031e+00,6.703381586703471839e-06,1.827202038839459419e-03,1.831006025895476341e-03,0.000000000000000000e+00,7.181947678327560425e-02,1.783072889338654932e-06,5.743856036133365706e-06
2.980055212974548340e-01,8.156926184892654419e-02,2.092509746551513672e+00,6.585903975064866245e-06,1.808513887226581573e-03,1.811819849535822868e-03,0.000000000000000000e+00,7.185276597738265991e-02,1.783072889338654932e-06,5.744933332607615739e-06
2.950692772865295410e-01,7.984465360641479492e-02,2.080693006515502930e+00,6.446658062486676499e-06,1.787220942787826061e-03,1.790266484022140503e-03,0.000000000000000000e+00,7.155302166938781738e-02,1.783072889338654932e-06,5.720397894037887454e-06
2.917412519454956055e-01,7.789132744073867798e-02,2.067610979080200195e+00,6.288946678978390992e-06,1.762785483151674271e-03,1.765653025358915329e-03,0.000000000000000000e+00,7.088816910982131958e-02,1.783072889338654932e-06,5.667595360137056559e-06
2.879987955093383789e-01,7.573448866605758667e-02,2.052710771560668945e+00,6.114802999945823103e-06,1.735157100483775139e-03,1.738094375468790531e-03,0.000000000000000000e+00,6.993220001459121704e-02,1.783072889338654932e-06,5.592326033365679905e-06
2.838169634342193604e-01,7.338748872280120850e-02,2.035469293594360352e+00,5.925306595599977300e-06,1.703775837086141109e-03,1.707171788439154625e-03,0.000000000000000000e+00,6.882562488317489624e-02,1.783072889338654932e-06,5.505597982846666127e-06
2.791616320610046387e-01,7.083638012409210205e-02,2.015572071075439453e+00,5.719330147258006036e-06,1.668185461312532425e-03,1.672002370469272137e-03,0.000000000000000000e+00,6.768041849136352539e-02,1.783072889338654932e-06,5.416141448222333565e-06
2.740501463413238525e-01,6.809653341770172119e-02,1.992979645729064941e+00,5.498114205693127587e-06,1.627201796509325504e-03,1.631546299904584885e-03,0.000000000000000000e+00,6.655661761760711670e-02,1.783072889338654932e-06,5.328421593731036410e-06
2.684996128082275391e-01,6.515225023031234741e-02,1.968043565750122070e+00,5.260393663775175810e-06,1.580648007802665234e-03,1.585499849170446396e-03,0.000000000000000000e+00,6.543000042438507080e-02,1.783072889338654932e-06,5.240190148469991982e-06
2.625039815902709961e-01,6.194252520799636841e-02,1.941383242607116699e+00,5.001239969715243205e-06,1.528144348412752151e-03,1.533362781628966331e-03,0.000000000000000000e+00,6.423123925924301147e-02,1.783072889338654932e-06,5.145708200871013105e-06
2.560021579265594482e-01,5.834170803427696228e-02,1.913712859153747559e+00,4.710509529104456306e-06,1.469000126235187054e-03,1.474363612942397594e-03,0.000000000000000000e+00,6.289158016443252563e-02,1.783072889338654932e-06,5.039389634475810453e-06
2.489388734102249146e-01,5.426094308495521545e-02,1.885419726371765137e+00,4.381029157229932025e-06,1.403554342687129974e-03,1.408559503033757210e-03,0.000000000000000000e+00,6.135959923267364502e-02,1.783072889338654932e-06,4.917138539894949645e-06
2.414759993553161621e-01,4.984957724809646606e-02,1.856670618057250977e+00,4.024855115858372301e-06,1.335282344371080399e-03,1.339533133432269096e-03,0.000000000000000000e+00,5.959363281726837158e-02,1.783072889338654932e-06,4.775521119881886989e-06
2.338827848434448242e-01,4.540823400020599365e-02,1.827200174331665039e+00,3.666261363832745701e-06,1.267049810849130154e-03,1.270617707632482052e-03,0.000000000000000000e+00,5.754530802369117737e-02,1.783072889338654932e-06,4.610370524460449815e-06
2.263575792312622070e-01,4.114022478461265564e-02,1.796968579292297363e+00,3.321662006783299148e-06,1.193962292745709419e-03,1.197155797854065895e-03,0.000000000000000000e+00,5.520495027303695679e-02,1.783072889338654932e-06,4.420485311129596084e-06
2.190337032079696655e-01,3.711100295186042786e-02,1.766511082649230957e+00,2.996342573169386014e-06,1.107044750824570656e-03,1.110071199946105480e-03,0.000000000000000000e+00,5.271605774760246277e-02,1.783072889338654932e-06,4.217272817186312750e-06
2.122552990913391113e-01,3.347358107566833496e-02,1.737480640411376953e+00,2.702657184272538871e-06,1.019407063722610474e-03,1.023573218844830990e-03,0.000000000000000000e+00,5.033655464649200439e-02,1.783072889338654932e-06,4.022255780000705272e-06
2.061432003974914551e-01,3.020191751420497894e-02,1.711353421211242676e+00,2.438503088342258707e-06,9.692583698779344559e-04,9.752325131557881832e-04,0.000000000000000000e+00,4.805938526988029480e-02,1.783072889338654932e-06,3.836388259514933452e-06
2.007902860641479492e-01,2.738328278064727783e-02,1.688437581062316895e+00,2.210926595580531284e-06,9.457447449676692486e-04,9.524769848212599754e-04,0.000000000000000000e+00,4.563242942094802856e-02,1.783072889338654932e-06,3.640253225967171602e-06
1.963539272546768188e-01,2.529515512287616730e-02,1.667438030242919922e+00,2.042331061602453701e-06,9.320587269030511379e-04,9.396057575941085815e-04,0.000000000000000000e+00,4.314967989921569824e-02,1.783072889338654932e-06,3.440403816057369113e-06
1.925559639930725098e-01,2.380290441215038300e-02,1.646654605865478516e+00,1.921846660479786806e-06,9.167876560240983963e-04,9.258607751689851284e-04,0.000000000000000000e+00,4.087590053677558899e-02,1.783072889338654932e-06,3.257055141148157418e-06
1.893541067838668823e-01,2.285187132656574249e-02,1.626526474952697754e+00,1.845060182859015185e-06,9.110246319323778152e-04,9.210545103996992111e-04,0.000000000000000000e+00,3.849574178457260132e-02,1.783072889338654932e-06,3.066713816224364564e-06
1.863219738006591797e-01,2.198523841798305511e-02,1.607538819313049316e+00,1.775088207978114951e-06,9.105212520807981491e-04,9.208149276673793793e-04,0.000000000000000000e+00,3.582847490906715393e-02,1.783072889338654932e-06,2.856813125617918558e-06
1.833344399929046631e-01,2.136023342609405518e-02,1.586023569107055664e+00,1.724625576571270358e-06,9.062202298082411289e-04,9.164802031591534615e-04,0.000000000000000000e+00,3.371855989098548889e-02,1.783072889338654932e-06,2.691964027690119110e-06
1.801759749650955200e-01,2.093065530061721802e-02,1.560356616973876953e+00,1.689941313998133410e-06,8.963197469711303711e-04,9.061952005140483379e-04,0.000000000000000000e+00,3.209671750664710999e-02,1.783072889338654932e-06,2.565016075095627457e-06
1.767210811376571655e-01,2.013261802494525909e-02,1.534873008728027344e+00,1.625507934477354866e-06,8.864982519298791885e-04,8.963822619989514351e-04,0.000000000000000000e+00,3.101159445941448212e-02,1.783072889338654932e-06,2.483349362591980025e-06
1.730056554079055786e-01,1.922913454473018646e-02,1.507458448410034180e+00,1.552560661366442218e-06,8.736561285331845284e-04,8.833436295390129089e-04,0.000000000000000000e+00,3.030674532055854797e-02,1.783072889338654932e-06,2.431325583529542200e-06
1.689302325248718262e-01,1.845054887235164642e-02,1.475720047950744629e+00,1.489697524448274635e-06,8.503788849338889122e-04,8.598844287917017937e-04,0.000000000000000000e+00,2.907674387097358704e-02,1.783072889338654932e-06,2.332635631319135427e-06
1.645619273185729980e-01,1.719773933291435242e-02,1.445597529411315918e+00,1.388545797453843988e-06,8.220706949941813946e-04,8.319243788719177246e-04,0.000000000000000000e+00,2.804424054920673370e-02,1.783072889338654932e-06,2.250087163702119142e-06
1.600865423679351807e-01,1.586085744202136993e-02,1.415326952934265137e+00,1.280605829379055649e-06,7.892842404544353485e-04,7.993343169800937176e-04,0.000000000000000000e+00,2.692984417080879211e-02,1.783072889338654932e-06,2.159357109121629037e-06
1.555968374013900757e-01,1.475916150957345963e-02,1.382548689842224121e+00,1.191654973808908835e-06,7.488169940188527107e-04,7.589298766106367111e-04,0.000000000000000000e+00,2.582809701561927795e-02,1.783072889338654932e-06,2.065968601527856663e-06
1.512063592672348022e-01,1.338396593928337097e-02,1.353036880493164062e+00,1.080621586879715323e-06,7.112242165021598339e-04,7.209430332295596600e-04,0.000000000000000000e+00,2.518702670931816101e-02,1.783072889338654932e-06,2.012712002397165634e-06
1.470120400190353394e-01,1.221697032451629639e-02,1.323283195495605469e+00,9.863983905233908445e-07,6.707558641210198402e-04,6.803842261433601379e-04,0.000000000000000000e+00,2.466755919158458710e-02,1.783072889338654932e-06,1.969184722838690504e-06
1.430154740810394287e-01,1.124051865190267563e-02,1.293620824813842773e+00,9.075596949514874723e-07,6.249121506698429585e-04,6.342978449538350105e-04,0.000000000000000000e+00,2.412870712578296661e-02,1.783072889338654932e-06,1.924658135976642370e-06
1.392264664173126221e-01,1.023628748953342438e-02,1.266943454742431641e+00,8.264779012279177550e-07,5.846782005392014980e-04,5.933388601988554001e-04,0.000000000000000000e+00,2.295823954045772552e-02,1.783072889338654932e-06,1.834207296269596554e-06
1.356938928365707397e-01,9.495927952229976654e-03,1.240011811256408691e+00,7.667013619538920466e-07,5.355277098715305328e-04,5.442522815428674221e-04,0.000000000000000000e+00,2.196785062551498413e-02,1.783072889338654932e-06,1.756562824084539898e-06
1.324734538793563843e-01,8.896163664758205414e-03,1.214774370193481445e+00,7.182763965829508379e-07,5.004272097721695900e-04,5.074667860753834248e-04,0.000000000000000000e+00,2.099852450191974640e-02,1.783072889338654932e-06,1.682439233263721690e-06
1.294872462749481201e-01,8.460167795419692993e-03,1.190052151679992676e+00,6.830741199337353464e-07,4.838779277633875608e-04,4.884001682512462139e-04,0.000000000000000000e+00,2.021857537329196930e-02,1.783072889338654932e-06,1.623245793780370150e-06
1.265539079904556274e-01,8.111278526484966278e-03,1.165161252021789551e+00,6.549047952830733266e-07,4.582615802064538002e-04,4.624887078534811735e-04,0.000000000000000000e+00,1.926505006849765778e-02,1.783072889338654932e-06,1.545917371004179586e-06
1.234943643212318420e-01,7.769699674099683762e-03,1.138850927352905273e+00,6.273256190070242155e-07,4.699694109149277210e-04,4.727505729533731937e-04,0.000000000000000000e+00,1.839567907154560089e-02,1.783072889338654932e-06,1.477099317526153754e-06
1.201834753155708313e-01,7.319254335016012192e-03,1.111245512962341309e+00,5.909567448725283612e-07,4.437587340362370014e-04,4.456402384676039219e-04,0.000000000000000000e+00,1.739666610956192017e-02,1.783072889338654932e-06,1.394044602420763113e-06
1.165877878665924072e-01,6.814894732087850571e-03,1.081283569335937500e+00,5.502346311914152466e-07,4.361116734798997641e-04,4.398639430291950703e-04,0.000000000000000000e+00,1.644529215991497040e-02,1.783072889338654932e-06,1.317776877840515226e-06
1.127866581082344055e-01,6.226204801350831985e-03,1.050114035606384277e+00,5.027038696425734088e-07,4.100358055438846350e-04,4.117793869227170944e-04,0.000000000000000000e+00,1.549046672880649567e-02,1.783072889338654932e-06,1.240877850250399206e-06
1.090411469340324402e-01,5.737268831580877304e-03,1.018550753593444824e+00,4.632271952687005978e-07,4.155460919719189405e-04,4.239369882270693779e-04,0.000000000000000000e+00,1.448803022503852844e-02,1.783072889338654932e-06,1.161741238320246339e-06
1.057575345039367676e-01,5.690416786819696426e-03,9.870997667312622070e-01,4.594442657435138244e-07,4.417779564391821623e-04,4.472733999136835337e-04,0.000000000000000000e+00,1.357135549187660217e-02,1.783072889338654932e-06,1.089973579837533180e-06
1.034948378801345825e-01,6.283882539719343185e-03,9.594690203666687012e-01,5.073607098893262446e-07,5.256162257865071297e-04,5.348934209905564785e-04,0.000000000000000000e+00,1.264057494699954987e-02,1.783072889338654932e-06,1.016398528008721769e-06
1.012755632400512695e-01,7.214964367449283600e-03,9.287195205688476562e-01,5.825363018630014267e-07,5.842003156431019306e-04,5.896639195270836353e-04,0.000000000000000000e+00,1.188646815717220306e-02,1.783072889338654932e-06,9.525612085781176575e-07
9.880147874355316162e-02,6.576633546501398087e-03,9.104747176170349121e-01,5.309974540068651550e-07,5.676745204254984856e-04,5.753529258072376251e-04,0.000000000000000000e+00,1.177370361983776093e-02,1.783072889338654932e-06,9.558070814819075167e-07
9.770739823579788208e-02,8.723951876163482666e-03,8.769108057022094727e-01,7.043719278954085894e-07,6.107193767093122005e-04,6.205569952726364136e-04,0.000000000000000000e+00,1.292360853403806686e-02,1.783072889338654932e-06,1.021847083393367939e-06
9.384538978338241577e-02,6.816303823143243790e-03,8.597053885459899902e-01,5.503484317159745842e-07,5.767738912254571915e-04,5.798766505904495716e-04,0.000000000000000000e+00,1.058543473482131958e-02,1.783072889338654932e-06,8.614017588115530089e-07
8.890972286462783813e-02,4.729064181447029114e-03,8.325714468955993652e-01,3.818246625542087713e-07,4.476219764910638332e-04,4.562627291306853294e-04,0.000000000000000000e+00,9.235154837369918823e-03,1.783072889338654932e-06,7.401474704238353297e-07
8.764925599098205566e-02,5.923039745539426804e-03,8.064509630203247070e-01,4.782262976732454263e-07,4.981440724804997444e-04,5.065213772468268871e-04,0.000000000000000000e+00,1.081114821135997772e-02,1.783072889338654932e-06,8.542566547475871630e-07
8.505172282457351685e-02,5.276148207485675812e-03,7.888990640640258789e-01,4.259962906871805899e-07,5.071703344583511353e-04,5.094975349493324757e-04,0.000000000000000000e+00,8.856649510562419891e-03,1.783072889338654932e-06,7.224074920486600604e-07
8.100855350494384766e-02,3.689677454531192780e-03,7.655184268951416016e-01,2.979046200835000491e-07,3.802082210313528776e-04,3.879963478539139032e-04,0.000000000000000000e+00,7.670328021049499512e-03,1.783072889338654932e-06,6.175798716867575422e-07
8.017422258853912354e-02,4.886673297733068466e-03,7.443452477455139160e-01,3.945500850477401400e-07,4.489627026487141848e-04,4.587206349242478609e-04,0.000000000000000000e+00,8.530275896191596985e-03,1.783072889338654932e-06,6.746338385710259899e-07
7.730127125978469849e-02,4.134124144911766052e-03,7.240919470787048340e-01,3.337892167110112496e-07,4.342301690485328436e-04,4.363198822829872370e-04,0.000000000000000000e+00,7.579486817121505737e-03,1.783072889338654932e-06,6.225827746675349772e-07
7.397981733083724976e-02,3.045973367989063263e-03,7.032386660575866699e-01,2.459319432546180906e-07,3.454089746810495853e-04,3.531294933054596186e-04,0.000000000000000000e+00,6.099724210798740387e-03,1.783072889338654932e-06,4.960667752129666042e-07
7.330913841724395752e-02,4.389339592307806015e-03,6.826012134552001953e-01,3.543953539519861806e-07,4.219934344291687012e-04,4.308633797336369753e-04,0.000000000000000000e+00,6.596707273274660110e-03,1.783072889338654932e-06,5.208827360547729768e-07
7.016051560640335083e-02,3.113003214821219444e-03,6.643005609512329102e-01,2.513439198992273305e-07,3.735355276148766279e-04,3.760169784072786570e-04,0.000000000000000000e+00,6.174585781991481781e-03,1.783072889338654932e-06,5.113598149364406709e-07
6.690736860036849976e-02,2.184749115258455276e-03,6.424914002418518066e-01,1.763966821499707294e-07,2.870938333217054605e-04,2.961376158054918051e-04,0.000000000000000000e+00,4.734797403216362000e-03,1.783072889338654932e-06,3.858237960230326280e-07
6.631162017583847046e-02,3.694262821227312088e-03,6.207617521286010742e-01,2.982748412705404917e-07,3.957553708460181952e-04,4.051003779750317335e-04,0.000000000000000000e+00,5.411806050688028336e-03,1.783072889338654932e-06,4.269964506420365069e-07
6.455577164888381958e-02,2.773188054561614990e-03,6.118838191032409668e-01,2.239072216525528347e-07,3.587217070162296295e-04,3.626688558142632246e-04,0.000000000000000000e+00,5.942035000771284103e-03,1.783072889338654932e-06,4.955716690346889663e-07
6.117732077836990356e-02,2.375226235017180443e-03,5.835695862770080566e-01,1.917757828096000594e-07,3.113387501798570156e-04,3.214861499145627022e-04,0.000000000000000000e+00,4.451355896890163422e-03,1.783072889338654932e-06,3.541882733770762570e-07
5.891679227352142334e-02,1.921576098538935184e-03,5.659438967704772949e-01,1.551480721673215157e-07,2.743099466897547245e-04,2.827912685461342335e-04,0.000000000000000000e+00,4.008250311017036438e-03,1.783072889338654932e-06,3.213866079931904096e-07
5.835531651973724365e-02,2.134449779987335205e-03,5.572170019149780273e-01,1.723355183003150159e-07,3.036072303075343370e-04,3.077829023823142052e-04,0.000000000000000000e+00,4.991665482521057129e-03,1.783072889338654932e-06,4.171438661160209449e-07
5.735890567302703857e-02,3.922699484974145889e-03,5.293124318122863770e-01,3.167188253883068683e-07,4.190320905763655901e-04,4.269905039109289646e-04,0.000000000000000000e+00,5.049603525549173355e-03,1.783072889338654932e-06,3.935281256417511031e-07
5.447079241275787354e-02,1.941399648785591125e-03,5.211550593376159668e-01,1.567486407338947174e-07,2.829750301316380501e-04,2.897263329941779375e-04,0.000000000000000000e+00,4.138866905122995377e-03,1.783072889338654932e-06,3.463601387920789421e-07
5.216158181428909302e-02,2.248849952593445778e-03,4.962207078933715820e-01,1.815721759612642927e-07,3.259155491832643747e-04,3.301481774542480707e-04,0.000000000000000000e+00,2.906606066972017288e-03,1.783072889338654932e-06,2.337022948495359742e-07
5.104599893093109131e-02,2.491003600880503654e-03,4.826914668083190918e-01,2.011236546195505071e-07,3.402571310289204121e-04,3.512692055664956570e-04,0.000000000000000000e+00,2.858463209122419357e-03,1.783072889338654932e-06,2.263905116706155241e-07
4.962591826915740967e-02,2.484676428139209747e-03,4.680155217647552490e-01,2.006128028142484254e-07,3.554837312549352646e-04,3.599598421715199947e-04,0.000000000000000000e+00,3.396889660507440567e-03,1.783072889338654932e-06,2.837196007021702826e-07
4.757899045944213867e-02,2.286330098286271095e-03,4.499088525772094727e-01,1.845983064185929834e-07,3.197943733539432287e-04,3.302494005765765905e-04,0.000000000000000000e+00,3.017743816599249840e-03,1.783072889338654932e-06,2.348637337945547188e-07
4.513567686080932617e-02,1.247949432581663132e-03,4.362506866455078125e-01,1.007594434554448526e-07,2.280776971019804478e-04,2.336869656573981047e-04,0.000000000000000000e+00,2.626598346978425980e-03,1.783072889338654932e-06,2.164225634260219522e-07
4.350824654102325439e-02,1.386625575833022594e-03,4.188894331455230713e-01,1.119561758855525113e-07,2.441784017719328403e-04,2.498815301805734634e-04,0.000000000000000000e+00,2.326786052435636520e-03,1.783072889338654932e-06,1.849840884915465722e-07
4.283233731985092163e-02,1.821620622649788857e-03,4.078637063503265381e-01,1.470776851419941522e-07,2.994232927449047565e-04,3.107536176685243845e-04,0.000000000000000000e+00,2.243443625047802925e-03,1.783072889338654932e-06,1.771684878804080654e-07
4.286780953407287598e-02,3.468169365078210831e-03,3.918300569057464600e-01,2.800200320507428842e-07,4.297509440220892429e-04,4.341191088315099478e-04,0.000000000000000000e+00,2.166345249861478806e-03,1.783072889338654932e-06,1.735532464408606756e-07
4.415329918265342712e-02,4.977359902113676071e-03,3.896479308605194092e-01,4.018720574094913900e-07,4.974335315637290478e-04,5.091052735224366188e-04,0.000000000000000000e+00,2.111445646733045578e-03,1.783072889338654932e-06,1.712347170723660383e-07
4.601173475384712219e-02,8.828002028167247772e-03,3.675655126571655273e-01,7.127729872991039883e-07,7.017559255473315716e-04,7.061649812385439873e-04,0.000000000000000000e+00,4.271772690117359161e-03,1.783072889338654932e-06,3.255039189298258862e-07
5.047125741839408875e-02,9.622305631637573242e-03,3.951812982559204102e-01,7.769050966999202501e-07,7.597706862725317478e-04,7.692381623201072216e-04,0.000000000000000000e+00,1.330822240561246872e-02,1.783072889338654932e-06,1.110268385673407465e-06
6.067078933119773865e-02,2.040402404963970184e-02,3.763940036296844482e-01,1.647421072448196355e-06,1.084436196833848953e-03,1.091862330213189125e-03,0.000000000000000000e+00,2.627362124621868134e-02,1.783072889338654932e-06,2.062347448372747749e-06
3.939759358763694763e-02,4.227870143949985504e-03,3.450023829936981201e-01,3.413582874145504320e-07,4.781713359989225864e-04,4.825583309866487980e-04,0.000000000000000000e+00,6.694863550364971161e-03,1.783072889338654932e-06,5.619896796815737616e-07
4.076452553272247314e-02,6.031666416674852371e-03,3.408300876617431641e-01,4.869968392995360773e-07,5.808097193948924541e-04,5.905370926484465599e-04,0.000000000000000000e+00,6.498517468571662903e-03,1.783072889338654932e-06,5.454562597151380032e-07
5.119662731885910034e-02,1.474545616656541824e-02,3.459507524967193604e-01,1.190548346130526625e-06,9.224819368682801723e-04,9.291823371313512325e-04,0.000000000000000000e+00,1.856095157563686371e-02,1.783072889338654932e-06,1.448924194846767932e-06
3.299753740429878235e-02,1.954564359039068222e-03,3.069966137409210205e-01,1.578115416123182513e-07,3.289826854597777128e-04,3.344787983223795891e-04,0.000000000000000000e+00,3.433128353208303452e-03,1.783072889338654932e-06,2.860266477000550367e-07
4.462390020489692688e-02,1.022242195904254913e-02,3.298179507255554199e-01,8.253584837802918628e-07,7.820838945917785168e-04,7.919033523648977280e-04,0.000000000000000000e+00,1.419681683182716370e-02,1.783072889338654932e-06,1.181775473924062680e-06
4.518527910113334656e-02,1.195679046213626862e-02,3.148526847362518311e-01,9.653913366491906345e-07,8.323916117660701275e-04,8.394821779802441597e-04,0.000000000000000000e+00,1.743216067552566528e-02,1.783072889338654932e-06,1.358872623313800432e-06
3.154907748103141785e-02,2.942828694358468056e-03,2.826749682426452637e-01,2.376039986984324059e-07,3.987804811913520098e-04,4.031870339531451464e-04,0.000000000000000000e+00,3.387510543689131737e-03,1.783072889338654932e-06,2.553439060193340993e-07
4.935175925493240356e-02,1.454617362469434738e-02,3.292430937290191650e-01,1.174458361674624030e-06,9.434156818315386772e-04,9.517421713098883629e-04,0.000000000000000000e+00,1.881276443600654602e-02,1.783072889338654932e-06,1.561254975968040526e-06
3.463260084390640259e-02,5.873931571841239929e-03,2.766624391078948975e-01,4.742613270991569152e-07,5.862096440978348255e-04,5.939431139267981052e-04,0.000000000000000000e+00,1.092425920069217682e-02,1.783072889338654932e-06,8.432214144704630598e-07
3.569728881120681763e-02,7.475685793906450272e-03,2.728782296180725098e-01,6.035869546394678764e-07,6.681796512566506863e-04,6.734473281539976597e-04,0.000000000000000000e+00,9.337777271866798401e-03,1.783072889338654932e-06,7.180628358582907822e-07
3.805868700146675110e-02,7.694920059293508530e-03,2.890562415122985840e-01,6.212878815858857706e-07,6.810186314396560192e-04,6.888865609653294086e-04,0.000000000000000000e+00,1.458142697811126709e-02,1.783072889338654932e-06,1.212872007272380870e-06
2.707870863378047943e-02,1.643178402446210384e-03,2.526228725910186768e-01,1.326702374626620440e-07,2.879012608900666237e-04,3.003747551701962948e-04,0.000000000000000000e+00,1.732427510432898998e-03,1.783072889338654932e-06,1.349450826637621503e-07
3.465044870972633362e-02,7.698419969528913498e-03,2.589678168296813965e-01,6.215704502210428473e-07,6.878869025968015194e-04,6.939258892089128494e-04,0.000000000000000000e+00,1.055249571800231934e-02,1.783072889338654932e-06,8.133637265927973203e-07
2.590824663639068604e-02,1.481797080487012863e-03,2.418029904365539551e-01,1.196403189851480420e-07,2.731201821006834507e-04,2.767530095297843218e-04,0.000000000000000000e+00,2.461512805894017220e-03,1.783072889338654932e-06,2.031149932690823334e-07
3.166629374027252197e-02,5.679179914295673370e-03,2.533360123634338379e-01,4.585370447784953285e-07,5.847093416377902031e-04,5.948746693320572376e-04,0.000000000000000000e+00,6.535125430673360825e-03,1.783072889338654932e-06,5.471850386129517574e-07
2.703223004937171936e-02,3.126046387478709221e-03,2.331019788980484009e-01,2.523970579204615206e-07,4.305712354835122824e-04,4.391453985590487719e-04,0.000000000000000000e+00,5.959873087704181671e-03,1.783072889338654932e-06,4.524070220668363618e-07
2.697910554707050323e-02,3.799522295594215393e-03,2.286609411239624023e-01,3.067734724027104676e-07,4.734073590952903032e-04,4.769396618939936161e-04,0.000000000000000000e+00,3.134883008897304535e-03,1.783072889338654932e-06,2.338481976948969532e-07
2.704802900552749634e-02,3.281660145148634911e-03,2.311792969703674316e-01,2.649612724781036377e-07,4.497720219660550356e-04,4.589881864376366138e-04,0.000000000000000000e+00,6.484383717179298401e-03,1.783072889338654932e-06,5.427708060778968502e-07
2.349583804607391357e-02,1.773684518411755562e-03,2.155824601650238037e-01,1.432073020168900257e-07,3.044595941901206970e-04,3.161713539157062769e-04,0.000000000000000000e+00,1.639075344428420067e-03,1.783072889338654932e-06,1.238176281503911014e-07
2.553437277674674988e-02,3.587479237467050552e-03,2.147023379802703857e-01,2.896530872931180056e-07,4.697462427429854870e-04,4.748353676404803991e-04,0.000000000000000000e+00,4.766604397445917130e-03,1.783072889338654932e-06,3.589635753087350167e-07
2.208092808723449707e-02,1.276712864637374878e-03,2.058058828115463257e-01,1.030818097547125944e-07,2.563442685641348362e-04,2.617627615109086037e-04,0.000000000000000000e+00,2.236264292150735855e-03,1.783072889338654932e-06,1.839431433836580254e-07
2.408617921173572540e-02,3.010617569088935852e-03,2.082195580005645752e-01,2.430772951811377425e-07,4.156340437475591898e-04,4.272873920854181051e-04,0.000000000000000000e+00,2.536044456064701080e-03,1.783072889338654932e-06,2.101842682122878614e-07
2.136881649494171143e-02,1.443651970475912094e-03,1.958936005830764771e-01,1.165604857078506029e-07,2.938382676802575588e-04,3.032305976375937462e-04,0.000000000000000000e+00,3.358023241162300110e-03,1.783072889338654932e-06,2.497346258678589948e-07
2.199744805693626404e-02,2.556114224717020988e-03,1.928562074899673462e-01,2.063806761043451843e-07,3.805418673437088728e-04,3.840310091618448496e-04,0.000000000000000000e+00,1.557128853164613247e-03,1.783072889338654932e-06,1.167262411172487191e-07
2.053720317780971527e-02,1.147289527580142021e-03,1.911695152521133423e-01,9.263217037869253545e-08,2.620034792926162481e-04,2.721270138863474131e-04,0.000000000000000000e+00,2.729634521529078484e-03,1.783072889338654932e-06,2.266539524953259388e-07
2.020579203963279724e-02,1.649493467994034290e-03,1.836236715316772461e-01,1.331801087189887767e-07,2.979525015689432621e-04,3.080776659771800041e-04,0.000000000000000000e+00,1.939303823746740818e-03,1.783072889338654932e-06,1.424272255690084421e-07
1.958395726978778839e-02,1.520297606475651264e-03,1.786741912364959717e-01,1.227488439781154739e-07,2.966328174807131290e-04,3.004081372637301683e-04,0.000000000000000000e+00,1.962391892448067665e-03,1.783072889338654932e-06,1.440368038174710819e-07
1.882892288267612457e-02,1.005766796879470348e-03,1.759308278560638428e-01,8.120562000613062992e-08,2.318484330317005515e-04,2.366337575949728489e-04,0.000000000000000000e+00,2.300726016983389854e-03,1.783072889338654932e-06,1.894075154496022151e-07
1.905352994799613953e-02,1.692434889264404774e-03,1.721449047327041626e-01,1.366472019981301855e-07,2.983213344123214483e-04,3.093600098509341478e-04,0.000000000000000000e+00,1.466056448407471180e-03,1.783072889338654932e-06,1.099518698310930631e-07
1.728724502027034760e-02,5.702897324226796627e-04,1.652511656284332275e-01,4.604520142947876593e-08,1.770522212609648705e-04,1.871150452643632889e-04,0.000000000000000000e+00,1.918370602652430534e-03,1.783072889338654932e-06,1.404503109370125458e-07
1.853246614336967468e-02,1.849539345130324364e-03,1.648872941732406616e-01,1.493318251277742092e-07,3.166703972965478897e-04,3.209356509614735842e-04,0.000000000000000000e+00,1.941970433108508587e-03,1.783072889338654932e-06,1.577788282247638563e-07
1.629416830837726593e-02,3.465807531028985977e-04,1.580292731523513794e-01,2.798293152750375157e-08,1.307792117586359382e-04,1.415304432157427073e-04,0.000000000000000000e+00,1.446595881134271622e-03,1.783072889338654932e-06,1.084407159623879124e-07
1.694631390273571014e-02,1.195928314700722694e-03,1.556539386510848999e-01,9.655926902496503317e-08,2.571232034824788570e-04,2.671335532795637846e-04,0.000000000000000000e+00,1.849910127930343151e-03,1.783072889338654932e-06,1.350863811921954039e-07
1.612757146358489990e-02,7.650130428373813629e-04,1.519961357116699219e-01,6.176716027539441711e-08,1.989107549889013171e-04,2.036332880379632115e-04,0.000000000000000000e+00,1.629450125619769096e-03,1.783072889338654932e-06,1.294677218766082660e-07
1.535965688526630402e-02,4.715303948614746332e-04,1.474558264017105103e-01,3.807137005651384243e-08,1.576701761223375797e-04,1.623718853807076812e-04,0.000000000000000000e+00,1.425435882993042469e-03,1.783072889338654932e-06,1.081445759609778179e-07
1.566653698682785034e-02,9.886134648695588112e-04,1.451083421707153320e-01,7.982065852729647304e-08,2.295930171385407448e-04,2.400202793069183826e-04,0.000000000000000000e+00,1.670884434133768082e-03,1.783072889338654932e-06,1.220186618411389645e-07
1.452892087399959564e-02,2.170064835809171200e-04,1.415846198797225952e-01,1.752110634356540686e-08,1.020889976643957198e-04,1.104442490031942725e-04,0.000000000000000000e+00,1.534517621621489525e-03,1.783072889338654932e-06,1.206622357585729333e-07
1.486290618777275085e-02,8.820180082693696022e-04,1.384095549583435059e-01,7.121413858612868353e-08,2.210644743172451854e-04,2.245504001621156931e-04,0.000000000000000000e+00,1.399319851770997047e-03,1.783072889338654932e-06,1.057419893868427607e-07
1.391360349953174591e-02,3.310786269139498472e-04,1.341744512319564819e-01,2.673129095853710169e-08,1.295870024478062987e-04,1.390617981087416410e-04,0.000000000000000000e+00,1.650793477892875671e-03,1.783072889338654932e-06,1.201650690063615912e-07
1.413418259471654892e-02,6.236142944544553757e-04,1.336425840854644775e-01,5.035062500269305019e-08,1.855416630860418081e-04,1.957721688086166978e-04,0.000000000000000000e+00,1.463102176785469055e-03,1.783072889338654932e-06,1.139996399501796986e-07
1.340758521109819412e-02,4.086191183887422085e-04,1.285917162895202637e-01,3.299191320138561423e-08,1.468797272536903620e-04,1.510747970314696431e-04,0.000000000000000000e+00,1.397946150973439217e-03,1.783072889338654932e-06,1.037031580608527292e-07
1.311030331999063492e-02,4.015878657810389996e-04,1.256591975688934326e-01,3.242420731908168818e-08,1.458968472434207797e-04,1.503976964158937335e-04,0.000000000000000000e+00,1.427954761311411858e-03,1.783072889338654932e-06,1.051141254038157058e-07
1.312303822487592697e-02,5.149826174601912498e-04,1.246258616447448730e-01,4.157970678875244630e-08,1.670341880526393652e-04,1.775013661244884133e-04,0.000000000000000000e+00,1.454698620364069939e-03,1.783072889338654932e-06,1.133220166593673639e-07
1.238916069269180298e-02,2.475477522239089012e-04,1.199404001235961914e-01,1.998700582817036775e-08,1.074631873052567244e-04,1.178317397716455162e-04,0.000000000000000000e+00,1.475729513913393021e-03,1.783072889338654932e-06,1.077095106438719085e-07
1.245734095573425293e-02,5.099467816762626171e-04,1.181276887655258179e-01,4.117310581364108657e-08,1.655175874475389719e-04,1.691205252427607775e-04,0.000000000000000000e+00,1.346252625808119774e-03,1.783072889338654932e-06,1.008269450153420621e-07
1.188942324370145798e-02,1.963795220945030451e-04,1.155799180269241333e-01,1.585568654149938084e-08,9.874148963717743754e-05,1.076339103747159243e-04,0.000000000000000000e+00,1.350522506982088089e-03,1.783072889338654932e-06,1.029010476827352250e-07
1.183342467993497849e-02,4.129749140702188015e-04,1.127068772912025452e-01,3.334360343387743342e-08,1.479001512052491307e-04,1.578477676957845688e-04,0.000000000000000000e+00,1.497621880844235420e-03,1.783072889338654932e-06,1.087075105488111149e-07
1.152422092854976654e-02,3.146283561363816261e-04,1.107399612665176392e-01,2.540309829157649801e-08,1.287192135350778699e-04,1.336190471192821860e-04,0.000000000000000000e+00,1.355955610051751137e-03,1.783072889338654932e-06,1.040438206700855517e-07
1.110829785466194153e-02,1.895056338980793953e-04,1.078784242272377014e-01,1.530068693966768478e-08,8.960695413406938314e-05,9.688572754384949803e-05,0.000000000000000000e+00,1.309495652094483376e-03,1.783072889338654932e-06,9.738131012682060828e-08
1.109664235264062881e-02,3.619506605900824070e-04,1.059765964746475220e-01,2.922389974457928474e-08,1.383799535688012838e-04,1.484195381635800004e-04,0.000000000000000000e+00,1.370310666970908642e-03,1.783072889338654932e-06,9.986185034449590603e-08
1.067707873880863190e-02,1.609933387953788042e-04,1.038643717765808105e-01,1.299860397097063469e-08,8.501447882736101747e-05,9.058733849087730050e-05,0.000000000000000000e+00,1.296489499509334564e-03,1.783072889338654932e-06,9.859539318313181866e-08
1.058044750243425369e-02,3.158324689138680696e-04,1.013194471597671509e-01,2.550031830139687372e-08,1.278577256016433239e-04,1.318144495598971844e-04,0.000000000000000000e+00,1.326694618910551071e-03,1.783072889338654932e-06,9.689227198350636172e-08
1.030916627496480942e-02,2.208327787229791284e-04,9.962436556816101074e-02,1.783004144328970142e-08,1.065279138856567442e-04,1.167341688415035605e-04,0.000000000000000000e+00,1.258974894881248474e-03,1.783072889338654932e-06,9.392034883148880908e-08
1.001622993499040604e-02,1.570841413922607899e-04,9.733834117650985718e-02,1.268297555867547999e-08,8.251959661720320582e-05,9.365085134049877524e-05,0.000000000000000000e+00,1.253111171536147594e-03,1.783072889338654932e-06,9.345974660845968174e-08
9.956574067473411560e-03,2.982973528560250998e-04,9.531412273645401001e-02,2.408453170232860430e-08,1.241149293491616845e-04,1.286301994696259499e-04,0.000000000000000000e+00,1.268650172278285027e-03,1.783072889338654932e-06,9.323926519755332265e-08
9.644480422139167786e-03,1.549923763377591968e-04,9.365458041429519653e-02,1.251408665581266177e-08,8.478968811687082052e-05,9.335983486380428076e-05,0.000000000000000000e+00,1.240300596691668034e-03,1.783072889338654932e-06,9.359474972825410077e-08
9.497636929154396057e-03,2.246077347081154585e-04,9.143298864364624023e-02,1.813483052615083579e-08,1.053305022651329637e-04,1.153263874584808946e-04,0.000000000000000000e+00,1.297298236750066280e-03,1.783072889338654932e-06,9.423710167766330414e-08
9.324154816567897797e-03,2.144957397831603885e-04,8.987800776958465576e-02,1.731838850105305028e-08,1.030012426781468093e-04,1.080968504538759589e-04,0.000000000000000000e+00,1.218582270666956902e-03,1.783072889338654932e-06,9.140008927488452173e-08
9.048334322869777679e-03,1.443014625692740083e-04,8.782766014337539673e-02,1.165090246502131777e-08,7.466546958312392235e-05,8.563188748667016625e-05,0.000000000000000000e+00,1.212664181366562843e-03,1.783072889338654932e-06,8.968507358986244071e-08
8.949748240411281586e-03,2.062779094558209181e-04,8.622059971094131470e-02,1.665488191804342932e-08,1.006161473924294114e-04,1.113894759328104556e-04,0.000000000000000000e+00,1.214095624163746834e-03,1.783072889338654932e-06,8.917767502225615317e-08
8.748136460781097412e-03,1.659013651078566909e-04,8.463246375322341919e-02,1.339487809559614107e-08,8.828213321976363659e-05,9.436604887014254928e-05,0.000000000000000000e+00,1.189890201203525066e-03,1.783072889338654932e-06,8.949263730073653278e-08
8.556917309761047363e-03,1.707793271634727716e-04,8.264366537332534790e-02,1.378872394042218730e-08,8.301288471557199955e-05,9.132365812547504902e-05,0.000000000000000000e+00,1.217709621414542198e-03,1.783072889338654932e-06,8.865804090874007670e-08
8.457130752503871918e-03,1.801134785637259483e-04,8.160907030105590820e-02,1.454236464581981636e-08,9.628238331060856581e-05,1.054838648997247219e-04,0.000000000000000000e+00,1.161111053079366684e-03,1.783072889338654932e-06,8.725461952963087242e-08
8.253051899373531342e-03,1.826221414376050234e-04,7.949610054492950439e-02,1.474491373443242992e-08,8.797810005489736795e-05,9.548853267915546894e-05,0.000000000000000000e+00,1.208199188113212585e-03,1.783072889338654932e-06,8.766687642491888255e-08
8.098064921796321869e-03,1.465846580686047673e-04,7.834951579570770264e-02,1.183524567238691816e-08,8.409837755607441068e-05,9.005691390484571457e-05,0.000000000000000000e+00,1.165291760116815567e-03,1.783072889338654932e-06,8.881062285581720062e-08
7.985872216522693634e-03,2.138064883183687925e-04,7.650626450777053833e-02,1.726273879398831923e-08,1.019601113512180746e-04,1.126965798903256655e-04,0.000000000000000000e+00,1.214396907016634941e-03,1.783072889338654932e-06,8.771132797846803442e-08
7.803298067301511765e-03,1.433958095731213689e-04,7.544199377298355103e-02,1.157777873572740646e-08,8.389636059291660786e-05,8.852931932779029012e-05,0.000000000000000000e+00,1.157028484158217907e-03,1.783072889338654932e-06,8.873923462715538335e-08
7.699758745729923248e-03,2.184642944484949112e-04,7.357493788003921509e-02,1.763880952410090686e-08,9.899040014715865254e-05,1.054879248840734363e-04,0.000000000000000000e+00,1.238007796928286552e-03,1.783072889338654932e-06,8.899170467202566215e-08
7.622912526130676270e-03,1.995328930206596851e-04,7.302902638912200928e-02,1.611028821457693994e-08,1.050710852723568678e-04,1.115172708523459733e-04,0.000000000000000000e+00,1.204766565933823586e-03,1.783072889338654932e-06,9.419135693633506889e-08
7.571071386337280273e-03,3.251376328989863396e-04,7.100624591112136841e-02,2.625161421576649445e-08,1.294565590796992183e-04,1.367403747281059623e-04,0.000000000000000000e+00,1.453093602322041988e-03,1.783072889338654932e-06,1.038420407439843984e-07
7.676667068153619766e-03,3.714406630024313927e-04,7.140875607728958130e-02,2.999012593818406458e-08,1.484151289332658052e-04,1.518720528110861778e-04,0.000000000000000000e+00,1.643504481762647629e-03,1.783072889338654932e-06,1.343888413884997135e-07
8.155453018844127655e-03,8.888369193300604820e-04,7.005536556243896484e-02,7.176469551950503956e-08,2.322066138731315732e-04,2.396917407168075442e-04,0.000000000000000000e+00,2.610792405903339386e-03,1.783072889338654932e-06,1.905094819676378393e-07
9.134127758443355560e-03,1.360359485261142254e-03,7.401514053344726562e-02,1.098354331929840555e-07,2.891117765102535486e-04,2.944328880403190851e-04,0.000000000000000000e+00,3.722546156495809555e-03,1.783072889338654932e-06,3.120931637567991856e-07
1.234295777976512909e-02,3.634028835222125053e-03,7.904850691556930542e-02,2.934115457264852012e-07,4.844650393351912498e-04,4.908536211587488651e-04,0.000000000000000000e+00,8.040774613618850708e-03,1.783072889338654932e-06,6.137841523923270870e-07
1.671712659299373627e-02,6.104451138526201248e-03,9.295944869518280029e-02,4.928734256282041315e-07,6.236147019080817699e-04,6.272841128520667553e-04,0.000000000000000000e+00,1.316729374229907990e-02,1.783072889338654932e-06,1.095223751690355130e-06
2.890084311366081238e-02,1.359437406063079834e-02,1.254405081272125244e-01,1.097609811040456407e-06,9.418958798050880432e-04,9.483490721322596073e-04,0.000000000000000000e+00,2.762417495250701904e-02,1.783072889338654932e-06,2.167720595025457442e-06
2.100332826375961304e-02,9.470053017139434814e-03,9.797507524490356445e-02,7.646122526239196304e-07,7.675267988815903664e-04,7.705496973358094692e-04,0.000000000000000000e+00,1.735766977071762085e-02,1.783072889338654932e-06,1.439784000467625447e-06
1.452696789056062698e-02,4.649640526622533798e-03,8.793802559375762939e-02,3.754120143639738671e-07,5.487333983182907104e-04,5.555893876589834690e-04,0.000000000000000000e+00,1.083524152636528015e-02,1.783072889338654932e-06,8.352660643140552565e-07
6.562503986060619354e-03,3.248516586609184742e-04,6.077558547258377075e-02,2.622852690592480940e-08,1.341533206868916750e-04,1.400443434249609709e-04,0.000000000000000000e+00,1.600932562723755836e-03,1.783072889338654932e-06,1.269477394316709251e-07
1.120705250650644302e-02,3.416629973798990250e-03,7.075880467891693115e-02,2.758587527296185726e-07,4.619323881343007088e-04,4.666090244427323341e-04,0.000000000000000000e+00,7.145417388528585434e-03,1.783072889338654932e-06,5.976833108434220776e-07
2.042435668408870697e-02,8.758264593780040741e-03,9.938089549541473389e-02,7.071424192872655112e-07,7.463549263775348663e-04,7.532018935307860374e-04,0.000000000000000000e+00,1.728002168238162994e-02,1.783072889338654932e-06,1.345685859632794745e-06
1.140663772821426392e-02,3.486798843368887901e-03,7.340049743652343750e-02,2.815241941789281555e-07,4.672117356676608324e-04,4.711166257038712502e-04,0.000000000000000000e+00,5.797888152301311493e-03,1.783072889338654932e-06,4.866340077569475397e-07
6.031771190464496613e-03,2.008754381677135825e-04,5.716564506292343140e-02,1.621868506163082202e-08,9.828448673943057656e-05,1.007463288260623813e-04,0.000000000000000000e+00,1.143309054896235466e-03,1.783072889338654932e-06,8.295999975871382048e-08
9.236007928848266602e-03,2.343793632462620735e-03,6.385048478841781616e-02,1.892379373202857096e-07,3.896309062838554382e-04,3.966817457694560289e-04,0.000000000000000000e+00,5.071657244116067886e-03,1.783072889338654932e-06,3.820530309894820675e-07
1.192701328545808792e-02,3.566522384062409401e-03,7.538986206054687500e-02,2.879610576655977638e-07,4.762622702401131392e-04,4.807783116120845079e-04,0.000000000000000000e+00,8.215051144361495972e-03,1.783072889338654932e-06,6.878640306240413338e-07
1.044397708028554916e-02,3.258774289861321449e-03,6.652663648128509521e-02,2.631134918829047820e-07,4.535917832981795073e-04,4.591658944264054298e-04,0.000000000000000000e+00,5.325384903699159622e-03,1.783072889338654932e-06,4.020784274416655535e-07
5.723438225686550140e-03,1.762345491442829370e-04,5.440170690417289734e-02,1.422917961235725670e-08,9.779894753592088819e-05,1.018203838611952960e-04,0.000000000000000000e+00,1.070329453796148300e-03,1.783072889338654932e-06,8.522810901467892108e-08
7.956218905746936798e-03,1.646989141590893269e-03,5.983474105596542358e-02,1.329779166781008826e-07,3.197184414602816105e-04,3.249934816267341375e-04,0.000000000000000000e+00,3.257559612393379211e-03,1.783072889338654932e-06,2.750607848156505497e-07
1.167529262602329254e-02,3.811058122664690018e-03,7.141609489917755127e-02,3.077048802424542373e-07,4.955201293341815472e-04,5.014969501644372940e-04,0.000000000000000000e+00,7.226240821182727814e-03,1.783072889338654932e-06,5.513467158380080946e-07
7.195308804512023926e-03,1.315932953730225563e-03,5.584814026951789856e-02,1.062484429326104873e-07,2.800104848574846983e-04,2.868329465854912996e-04,0.000000000000000000e+00,2.945615211501717567e-03,1.783072889338654932e-06,2.489667849658872001e-07
5.540272220969200134e-03,2.905147848650813103e-04,5.135072395205497742e-02,2.345616678667283850e-08,1.296405534958466887e-04,1.373461273033171892e-04,0.000000000000000000e+00,1.146849594078958035e-03,1.783072889338654932e-06,9.315394322584324982e-08
8.253104984760284424e-03,1.887235208414494991e-03,5.992627143859863281e-02,1.523753780929837376e-07,3.437483392190188169e-04,3.492824616841971874e-04,0.000000000000000000e+00,3.732422832399606705e-03,1.783072889338654932e-06,2.787408561744086910e-07
7.762556429952383041e-03,1.754482625983655453e-03,5.639420449733734131e-02,1.416569546108803479e-07,3.328424354549497366e-04,3.375021333340555429e-04,0.000000000000000000e+00,3.686532378196716309e-03,1.783072889338654932e-06,3.119531868378544459e-07
5.596098024398088455e-03,4.309255164116621017e-04,5.013705790042877197e-02,3.479292942643041897e-08,1.560475211590528488e-04,1.644771109567955136e-04,0.000000000000000000e+00,1.514670671895146370e-03,1.783072889338654932e-06,1.096415687129592698e-07
5.310796201229095459e-03,3.216405166313052177e-04,4.869149997830390930e-02,2.596925874343014584e-08,1.348352670902386308e-04,1.410327531630173326e-04,0.000000000000000000e+00,1.200055121444165707e-03,1.783072889338654932e-06,8.687977981480798917e-08
6.830943748354911804e-03,1.182599109597504139e-03,5.360843986272811890e-02,9.548306678652807022e-08,2.695061266422271729e-04,2.747602411545813084e-04,0.000000000000000000e+00,2.875005826354026794e-03,1.783072889338654932e-06,2.439707031953730620e-07
6.982956081628799438e-03,1.503473729826509953e-03,5.158161371946334839e-02,1.213904852193081751e-07,3.078572917729616165e-04,3.149793774355202913e-04,0.000000000000000000e+00,3.213212126865983009e-03,1.783072889338654932e-06,2.389140547620627331e-07
5.013404414057731628e-03,2.157657581847161055e-04,4.685487225651741028e-02,1.742092869960742973e-08,1.099840665119700134e-04,1.124221889767795801e-04,0.000000000000000000e+00,1.121515291742980480e-03,1.783072889338654932e-06,9.273311718516197288e-08
5.105717107653617859e-03,3.145246009808033705e-04,4.657355323433876038e-02,2.539472099272188643e-08,1.353740226477384567e-04,1.393424026900902390e-04,0.000000000000000000e+00,1.338368747383356094e-03,1.783072889338654932e-06,1.125411870361858746e-07
6.419926416128873825e-03,1.236734911799430847e-03,4.933993145823478699e-02,9.985399884726575692e-08,2.779296191874891520e-04,2.853204787243157625e-04,0.000000000000000000e+00,2.491980791091918945e-03,1.783072889338654932e-06,1.836691438938942156e-07
5.661892704665660858e-03,7.605551509186625481e-04,4.693675786256790161e-02,6.140722774716778076e-08,2.148729108739644289e-04,2.210831880802288651e-04,0.000000000000000000e+00,2.076615113765001297e-03,1.783072889338654932e-06,1.770162469938441063e-07
4.554999992251396179e-03,1.264770980924367905e-04,4.342785105109214783e-02,1.021176121440703355e-08,7.576328789582476020e-05,8.174211689038202167e-05,0.000000000000000000e+00,8.573749801144003868e-04,1.783072889338654932e-06,6.343132952224550536e-08
4.739593248814344406e-03,2.747201942838728428e-04,4.348343238234519958e-02,2.218091488259688049e-08,1.221934217028319836e-04,1.304450415773317218e-04,0.000000000000000000e+00,1.165298046544194221e-03,1.783072889338654932e-06,8.429237396967437235e-08
5.312021821737289429e-03,6.750773172825574875e-04,4.464247822761535645e-02,5.450575102372567926e-08,2.033072814811021090e-04,2.084752486553043127e-04,0.000000000000000000e+00,1.726971007883548737e-03,1.783072889338654932e-06,1.475461459676807863e-07
5.093676038086414337e-03,6.177049363031983376e-04,4.331167787313461304e-02,4.987350621377117932e-08,1.928030105773359537e-04,1.988253643503412604e-04,0.000000000000000000e+00,1.448036637157201767e-03,1.783072889338654932e-06,1.049696507493536046e-07
4.289374686777591705e-03,1.171604453702457249e-04,4.091004654765129089e-02,9.459535377231986786e-09,7.957325578900054097e-05,8.820014045340940356e-05,0.000000000000000000e+00,8.120958227664232254e-04,1.783072889338654932e-06,6.616389214286755305e-08
4.284626804292201996e-03,1.437135942978784442e-04,4.051101952791213989e-02,1.160343732209412337e-08,8.737072494113817811e-05,9.249540016753599048e-05,0.000000000000000000e+00,8.981093415059149265e-04,1.783072889338654932e-06,7.474313434840951231e-08
4.783959593623876572e-03,5.581222940236330032e-04,4.084698855876922607e-02,4.506279793758949381e-08,1.850929984357208014e-04,1.912274892674759030e-04,0.000000000000000000e+00,1.411388395354151726e-03,1.783072889338654932e-06,1.023543489964140463e-07
4.629586357623338699e-03,4.194461216684430838e-04,4.086529091000556946e-02,3.386608327105022909e-08,1.584754936629906297e-04,1.645333977648988366e-04,0.000000000000000000e+00,1.236105104908347130e-03,1.783072889338654932e-06,1.057103276025372907e-07
4.091115202754735947e-03,1.853585272328928113e-04,3.825151920318603516e-02,1.496585078086809517e-08,9.925375343300402164e-05,1.050232967827469110e-04,0.000000000000000000e+00,8.060463005676865578e-04,1.783072889338654932e-06,5.907006084271415602e-08
3.870736807584762573e-03,7.296168769244104624e-05,3.730845451354980469e-02,5.890927301521742265e-09,5.501137275132350624e-05,6.474627298302948475e-05,0.000000000000000000e+00,6.692967144772410393e-04,1.783072889338654932e-06,5.128060109882426332e-08
4.133936483412981033e-03,2.531164791435003281e-04,3.783667087554931641e-02,2.043662661321832275e-08,1.225804444402456284e-04,1.291733933612704277e-04,0.000000000000000000e+00,9.715287596918642521e-04,1.783072889338654932e-06,8.285620367587398505e-08
4.285254515707492828e-03,4.098643257748335600e-04,3.765016421675682068e-02,3.309245144578198961e-08,1.567148574395105243e-04,1.624884898774325848e-04,0.000000000000000000e+00,1.103739836253225803e-03,1.783072889338654932e-06,7.980571581356343813e-08
3.927535377442836761e-03,2.062172425212338567e-04,3.635646030306816101e-02,1.664998272588036343e-08,1.081567461369559169e-04,1.133869809564203024e-04,0.000000000000000000e+00,8.567209006287157536e-04,1.783072889338654932e-06,7.278855207459855592e-08
3.624476958066225052e-03,6.133270653663203120e-05,3.499622642993927002e-02,4.952003251901260228e-09,5.193175456952303648e-05,6.493178079836070538e-05,0.000000000000000000e+00,6.352164200507104397e-04,1.783072889338654932e-06,4.841933076704663108e-08
3.657919820398092270e-03,1.296412083320319653e-04,3.460270538926124573e-02,1.046723330233589877e-08,8.026920841075479984e-05,8.669674571137875319e-05,0.000000000000000000e+00,6.800799164921045303e-04,1.783072889338654932e-06,5.056450902429787675e-08
3.794536693021655083e-03,2.130494394805282354e-04,3.491451963782310486e-02,1.720161435514455661e-08,1.108748256228864193e-04,1.167994923889636993e-04,0.000000000000000000e+00,9.003544691950082779e-04,1.783072889338654932e-06,7.738086083008965943e-08
3.756452118977904320e-03,2.672473201528191566e-04,3.399497270584106445e-02,2.157755396581251262e-08,1.240421988768503070e-04,1.311911619268357754e-04,0.000000000000000000e+00,8.970752242021262646e-04,1.783072889338654932e-06,6.508521011028278735e-08
3.505149157717823982e-03,1.103892718674615026e-04,3.323708474636077881e-02,8.912831361840289901e-09,7.589756569359451532e-05,8.054228237597271800e-05,0.000000000000000000e+00,7.105154800228774548e-04,1.783072889338654932e-06,6.008070840834989212e-08
3.326559672132134438e-03,4.821665788767859340e-05,3.219799324870109558e-02,3.893013911238085711e-09,4.630211697076447308e-05,5.714526923839002848e-05,0.000000000000000000e+00,5.854357732459902763e-04,1.783072889338654932e-06,4.567328204529985669e-08
3.330377861857414246e-03,9.287253487855195999e-05,3.174812719225883484e-02,7.498529797089759086e-09,6.529068923555314541e-05,7.408190140267834067e-05,0.000000000000000000e+00,6.269239820539951324e-04,1.783072889338654932e-06,4.714290824381350831e-08
3.388151992112398148e-03,1.335710694547742605e-04,3.179068118333816528e-02,1.078452971370325031e-08,8.591733785578981042e-05,9.197161125484853983e-05,0.000000000000000000e+00,7.551270537078380585e-04,1.783072889338654932e-06,6.491256243634779821e-08
3.341801464557647705e-03,1.637541136005893350e-04,3.105615079402923584e-02,1.322150922078435542e-08,9.404158481629565358e-05,1.017369504552334547e-04,0.000000000000000000e+00,7.243221625685691833e-04,1.783072889338654932e-06,5.323827423353577615e-08
3.186894580721855164e-03,8.046828588703647256e-05,3.043389320373535156e-02,6.497009596984071322e-09,6.374439544742926955e-05,7.022343197604641318e-05,0.000000000000000000e+00,6.303690606728196144e-04,1.783072889338654932e-06,5.323688156977368635e-08
3.068089252337813377e-03,4.552617610897868872e-05,2.967065013945102692e-02,3.675783455392434007e-09,4.400431134854443371e-05,5.292567220749333501e-05,0.000000000000000000e+00,5.549819907173514366e-04,1.783072889338654932e-06,4.368601835835761449e-08
3.033868735656142235e-03,5.643131225951947272e-05,2.921020425856113434e-02,4.556264254773623179e-09,4.972458191332407296e-05,6.176852184580639005e-05,0.000000000000000000e+00,5.641694297082722187e-04,1.783072889338654932e-06,4.358604499543616839e-08
3.039880655705928802e-03,7.758408901281654835e-05,2.900903671979904175e-02,6.264139873479734888e-09,6.291975296335294843e-05,7.013953290879726410e-05,0.000000000000000000e+00,6.139280158095061779e-04,1.783072889338654932e-06,5.213561138361910707e-08
3.030144609510898590e-03,1.168535673059523106e-04,2.849595434963703156e-02,9.434757863857612392e-09,7.689392805332317948e-05,8.393752068514004350e-05,0.000000000000000000e+00,6.369571201503276825e-04,1.783072889338654932e-06,4.760598670827675960e-08
2.977133728563785553e-03,9.379107359563931823e-05,2.821639180183410645e-02,7.572691806956299843e-09,7.025674858596175909e-05,7.703802111791446805e-05,0.000000000000000000e+00,6.170343840494751930e-04,1.783072889338654932e-06,5.273919256865156058e-08
2.899682614952325821e-03,9.316000796388834715e-05,2.748589962720870972e-02,7.521740563731782458e-09,6.694080366287380457e-05,7.359620212810114026e-05,0.000000000000000000e+00,5.793275777250528336e-04,1.783072889338654932e-06,4.415902310483943438e-08
2.812167163938283920e-03,5.138431879458948970e-05,2.705304324626922607e-02,4.148770216261254973e-09,4.934571916237473488e-05,6.084855340304784477e-05,0.000000000000000000e+00,5.547852488234639168e-04,1.783072889338654932e-06,4.648357787573331734e-08
2.742079319432377815e-03,4.104174877284094691e-05,2.648197673261165619e-02,3.313711083308135130e-09,4.160154639976099133e-05,5.171951488591730595e-05,0.000000000000000000e+00,5.283973296172916889e-04,1.783072889338654932e-06,4.203291581461598980e-08
2.696384675800800323e-03,3.904034747392870486e-05,2.605101093649864197e-02,3.152118344118548521e-09,4.116038326174020767e-05,4.957704732078127563e-05,0.000000000000000000e+00,5.224321503192186356e-04,1.783072889338654932e-06,4.179395318715251051e-08
2.671024529263377190e-03,4.455981616047210991e-05,2.573244646191596985e-02,3.597760311890851881e-09,4.522063318290747702e-05,5.679359674104489386e-05,0.000000000000000000e+00,5.322003271430730820e-04,1.783072889338654932e-06,4.443447210178419482e-08
2.650125417858362198e-03,6.663110980298370123e-05,2.529387734830379486e-02,5.379797496374294496e-09,5.489415707415901124e-05,6.281078094616532326e-05,0.000000000000000000e+00,5.410658195614814758e-04,1.783072889338654932e-06,4.199851133535048575e-08
2.622637199237942696e-03,6.221206422196701169e-05,2.504507265985012054e-02,5.023002902504458689e-09,5.503722786670550704e-05,6.464539910666644573e-05,0.000000000000000000e+00,5.591771332547068596e-04,1.783072889338654932e-06,4.785667329088028055e-08
2.587028080597519875e-03,7.635392830707132816e-05,2.454775758087635040e-02,6.164817101250719134e-09,6.006971307215280831e-05,6.833663064753636718e-05,0.000000000000000000e+00,5.589812062680721283e-04,1.783072889338654932e-06,4.289153565650849487e-08
2.540247514843940735e-03,6.046732232789508998e-05,2.424666658043861389e-02,4.882132476069500626e-09,5.427214637165889144e-05,6.234303145902231336e-05,0.000000000000000000e+00,5.511348717845976353e-04,1.783072889338654932e-06,4.730874536562623689e-08
2.487091580405831337e-03,6.157853931654244661e-05,2.371801063418388367e-02,4.971851375046298926e-09,5.308740219334140420e-05,6.261996895773336291e-05,0.000000000000000000e+00,5.371203878894448280e-04,1.783072889338654932e-06,4.167784339870195254e-08
2.428561216220259666e-03,4.035026722704060376e-05,2.336699329316616058e-02,3.257881076024204958e-09,4.253912993590347469e-05,5.388227145886048675e-05,0.000000000000000000e+00,5.151160294190049171e-04,1.783072889338654932e-06,4.360463279340365261e-08
2.377142431214451790e-03,3.578118048608303070e-05,2.291634120047092438e-02,2.888972838732684068e-09,3.893446410074830055e-05,5.018216688768006861e-05,0.000000000000000000e+00,4.972696187905967236e-04,1.783072889338654932e-06,4.012935050923260860e-08
2.337124897167086601e-03,3.192348231095820665e-05,2.255992963910102844e-02,2.577502211664750575e-09,3.695322448038496077e-05,4.917294791084714234e-05,0.000000000000000000e+00,4.920858773402869701e-04,1.783072889338654932e-06,4.025284283670771401e-08
2.305633388459682465e-03,3.278439544374123216e-05,2.223573625087738037e-02,2.647012609102716851e-09,3.786786328419111669e-05,4.872832505498081446e-05,0.000000000000000000e+00,4.927543341182172298e-04,1.783072889338654932e-06,4.124346730804973049e-08
2.279408974573016167e-03,4.349849405116401613e-05,2.186203747987747192e-02,3.512069080002788724e-09,4.373591946205124259e-05,5.467547089210711420e-05,0.000000000000000000e+00,4.970660083927214146e-04,1.783072889338654932e-06,3.962018624292795721e-08
2.262202091515064240e-03,4.575482307700440288e-05,2.165369316935539246e-02,3.694244909979715885e-09,4.591215474647469819e-05,5.635251363855786622e-05,0.000000000000000000e+00,5.107800825498998165e-04,1.783072889338654932e-06,4.393523767021179083e-08
2.251383615657687187e-03,7.017653115326538682e-05,2.128542773425579071e-02,5.666052960151546358e-09,5.816336124553345144e-05,6.650864088442176580e-05,0.000000000000000000e+00,5.266421358101069927e-04,1.783072889338654932e-06,4.089011440555623267e-08
2.253697253763675690e-03,7.944058597786352038e-05,2.119622379541397095e-02,6.414033748569636373e-09,6.496602873085066676e-05,7.224861474242061377e-05,0.000000000000000000e+00,5.463407142087817192e-04,1.783072889338654932e-06,4.799127495402899513e-08
2.283459296450018883e-03,1.330469094682484865e-04,2.091167867183685303e-02,1.074220978836137874e-08,8.590284414822235703e-05,9.318207594333216548e-05,0.000000000000000000e+00,5.924445576965808868e-04,1.783072889338654932e-06,4.486986426854855381e-08
2.349925693124532700e-03,1.758210710249841213e-04,2.106940001249313354e-02,1.419579476191756839e-08,1.020396375679410994e-04,1.087311684386804700e-04,0.000000000000000000e+00,6.716434727422893047e-04,1.783072889338654932e-06,6.026824905802641297e-08
2.509328303858637810e-03,3.143361827824264765e-04,2.114821225404739380e-02,2.537950827274926269e-08,1.390624966006726027e-04,1.456103491364046931e-04,0.000000000000000000e+00,8.017075015231966972e-04,1.783072889338654932e-06,5.925119594962779956e-08
2.775827655568718910e-03,4.728313360828906298e-04,2.198931202292442322e-02,3.817640603642757924e-08,1.720930740702897310e-04,1.778527948772534728e-04,0.000000000000000000e+00,1.040650997310876846e-03,1.783072889338654932e-06,9.363431985320858075e-08
3.450559452176094055e-03,9.315052302554249763e-04,2.359531819820404053e-02,7.520974065755581250e-08,2.441792166791856289e-04,2.504987642168998718e-04,0.000000000000000000e+00,1.595224952325224876e-03,1.783072889338654932e-06,1.179534052653252729e-07
4.436362069100141525e-03,1.534947194159030914e-03,2.658667415380477905e-02,1.239316560486258822e-07,3.138091124128550291e-04,3.182862419635057449e-04,0.000000000000000000e+00,2.427475526928901672e-03,1.783072889338654932e-06,2.129247178572768462e-07
7.142435759305953979e-03,3.199968487024307251e-03,3.498231992125511169e-02,2.583655032140086405e-07,4.559358349069952965e-04,4.620431864168494940e-04,0.000000000000000000e+00,4.442353732883930206e-03,1.783072889338654932e-06,3.374603920747176744e-07
9.423296898603439331e-03,4.749039653688669205e-03,4.026066511869430542e-02,3.834375092992559075e-07,5.522824358195066452e-04,5.558975390158593655e-04,0.000000000000000000e+00,6.481914781033992767e-03,1.783072889338654932e-06,5.521846446754352655e-07
1.636385545134544373e-02,8.600664325058460236e-03,6.630277633666992188e-02,6.944177926015981939e-07,7.494435412809252739e-04,7.553501636721193790e-04,0.000000000000000000e+00,1.132912468165159225e-02,1.783072889338654932e-06,8.789538696873933077e-07
1.327939238399267197e-02,7.595683448016643524e-03,4.759738594293594360e-02,6.132755743237794377e-07,6.921340827830135822e-04,6.953232805244624615e-04,0.000000000000000000e+00,9.239698760211467743e-03,1.783072889338654932e-06,7.805872996868856717e-07
1.292626373469829559e-02,6.168985739350318909e-03,5.948099866509437561e-02,4.980840344614989590e-07,6.355014047585427761e-04,6.413924274966120720e-04,0.000000000000000000e+00,8.091778494417667389e-03,1.783072889338654932e-06,6.238153673621127382e-07
4.603515844792127609e-03,2.051397925242781639e-03,2.286269143223762512e-02,1.656299133401262225e-07,3.542335471138358116e-04,3.592463035602122545e-04,0.000000000000000000e+00,2.658486133441329002e-03,1.783072889338654932e-06,2.322690875189437065e-07
1.958206063136458397e-03,1.154150304500944912e-04,1.784220524132251740e-02,9.318610771913427016e-09,8.007427095435559750e-05,8.893299673218280077e-05,0.000000000000000000e+00,5.857041105628013611e-04,1.783072889338654932e-06,5.095086308415375242e-08
4.744290839880704880e-03,1.723377499729394913e-03,2.750523202121257782e-02,1.391455413113362738e-07,3.276659408584237099e-04,3.339895047247409821e-04,0.000000000000000000e+00,2.703904639929533005e-03,1.783072889338654932e-06,2.030358672300280887e-07
7.941567339003086090e-03,3.804941661655902863e-03,3.695524111390113831e-02,3.072110246193915373e-07,4.975956398993730545e-04,5.014191265217959881e-04,0.000000000000000000e+00,4.411017522215843201e-03,1.783072889338654932e-06,3.800938088716065977e-07
1.095361914485692978e-02,5.851773079484701157e-03,4.375226795673370361e-02,4.724722089122224133e-07,6.149094551801681519e-04,6.206282414495944977e-04,0.000000000000000000e+00,7.266188971698284149e-03,1.783072889338654932e-06,5.589416787188383751e-07
5.635409615933895111e-03,2.383122453466057777e-03,2.924475632607936859e-02,1.924133243846881669e-07,3.836818214040249586e-04,3.882023447658866644e-04,0.000000000000000000e+00,3.278115997090935707e-03,1.783072889338654932e-06,2.852630700544978026e-07
2.232638187706470490e-03,3.249760484322905540e-04,1.846773363649845123e-02,2.623857042749477841e-08,1.419566688127815723e-04,1.481435174355283380e-04,0.000000000000000000e+00,6.088870577514171600e-04,1.783072889338654932e-06,4.644335405146193807e-08
2.251072321087121964e-03,3.133292484562844038e-04,1.869362592697143555e-02,2.529820619656675262e-08,1.333610707661136985e-04,1.409928954672068357e-04,0.000000000000000000e+00,6.838038680143654346e-04,1.783072889338654932e-06,5.156406501782839769e-08
4.620432388037443161e-03,1.967478543519973755e-03,2.396764047443866730e-02,1.588542488661914831e-07,3.598108596634119749e-04,3.642837691586464643e-04,0.000000000000000000e+00,2.561894478276371956e-03,1.783072889338654932e-06,2.249540358434387599e-07
6.604708731174468994e-03,2.815186511725187302e-03,3.384342789649963379e-02,2.272981873829849064e-07,4.223154974170029163e-04,4.282478184904903173e-04,0.000000000000000000e+00,4.051794763654470444e-03,1.783072889338654932e-06,3.075350321068981430e-07
3.860212396830320358e-03,1.546880346722900867e-03,2.144111879169940948e-02,1.248951377874618629e-07,3.109669196419417858e-04,3.162190550938248634e-04,0.000000000000000000e+00,1.692199613898992538e-03,1.783072889338654932e-06,1.509019682544021634e-07
1.848761457949876785e-03,1.065826945705339313e-04,1.688444614410400391e-02,8.605486989665678266e-09,7.689891208428889513e-05,8.421033999184146523e-05,0.000000000000000000e+00,5.373416934162378311e-04,1.783072889338654932e-06,4.197655556481549866e-08
2.161494689062237740e-03,3.224388055969029665e-04,1.767015829682350159e-02,2.603370852227726573e-08,1.403273636242374778e-04,1.476095640100538731e-04,0.000000000000000000e+00,7.203999557532370090e-04,1.783072889338654932e-06,5.414405279680067906e-08
3.682560985907912254e-03,1.279924181289970875e-03,2.201156876981258392e-02,1.033410939044188126e-07,2.887507725972682238e-04,2.931174822151660919e-04,0.000000000000000000e+00,2.014798577874898911e-03,1.783072889338654932e-06,1.786313532647909597e-07
4.683879204094409943e-03,1.975005026906728745e-03,2.443827874958515167e-02,1.594619334355229512e-07,3.528785309754312038e-04,3.589421976357698441e-04,0.000000000000000000e+00,2.650461625307798386e-03,1.783072889338654932e-06,1.991856208860554034e-07
3.032845677807927132e-03,8.961902349255979061e-04,2.014946565032005310e-02,7.235840371322410647e-08,2.393705799477174878e-04,2.447312581352889538e-04,0.000000000000000000e+00,1.217087032273411751e-03,1.783072889338654932e-06,1.100175097690225812e-07
1.744616776704788208e-03,1.402663910994306207e-04,1.551084686070680618e-02,1.132511062706953453e-08,8.977134712040424347e-05,9.681676601758226752e-05,0.000000000000000000e+00,5.326571408659219742e-04,1.783072889338654932e-06,4.157318755915184738e-08
1.805847277864813805e-03,1.891720748972147703e-04,1.558479014784097672e-02,1.527375381726869819e-08,1.068810961442068219e-04,1.156087892013601959e-04,0.000000000000000000e+00,5.819613579660654068e-04,1.783072889338654932e-06,4.460424207763935556e-08
2.722889184951782227e-03,7.490668795071542263e-04,1.833406835794448853e-02,6.047966394362447318e-08,2.202761679654940963e-04,2.245894429506734014e-04,0.000000000000000000e+00,1.404155162163078785e-03,1.783072889338654932e-06,1.263388753613980953e-07
3.346014302223920822e-03,1.132148434408009052e-03,2.054711058735847473e-02,9.140968160181728308e-08,2.680209290701895952e-04,2.738352632150053978e-04,0.000000000000000000e+00,1.591546926647424698e-03,1.783072889338654932e-06,1.182535882549018424e-07
2.474743174389004707e-03,6.477951537817716599e-04,1.726158335804939270e-02,5.230298683045475627e-08,2.014580823015421629e-04,2.080489794025197625e-04,0.000000000000000000e+00,1.007897895760834217e-03,1.783072889338654932e-06,9.182613780467363540e-08
1.653243089094758034e-03,1.252506772289052606e-04,1.476487237960100174e-02,1.011273909057308629e-08,8.510689076501876116e-05,9.147198579739779234e-05,0.000000000000000000e+00,5.150519427843391895e-04,1.783072889338654932e-06,4.017502419628726784e-08
1.583198201842606068e-03,9.141318878391757607e-05,1.439922023564577103e-02,7.380701827486291222e-09,7.145077688619494438e-05,8.207887003663927317e-05,0.000000000000000000e+00,5.186307826079428196e-04,1.783072889338654932e-06,4.034562905985694670e-08
2.116434276103973389e-03,4.217617679387331009e-04,1.604316569864749908e-02,3.405305193382446305e-08,1.635290827834978700e-04,1.682036818237975240e-04,0.000000000000000000e+00,9.035596158355474472e-04,1.783072889338654932e-06,8.277131513523272588e-08
2.550726523622870445e-03,7.401910261251032352e-04,1.694038137793540955e-02,5.976303185661890893e-08,2.155231777578592300e-04,2.216144930571317673e-04,0.000000000000000000e+00,1.164972782135009766e-03,1.783072889338654932e-06,8.630232173345575575e-08
2.181262010708451271e-03,4.647194291464984417e-04,1.623507589101791382e-02,3.752144905888599169e-08,1.727227063383907080e-04,1.786090870155021548e-04,0.000000000000000000e+00,9.303495171479880810e-04,1.783072889338654932e-06,8.519325689348988817e-08
1.658931607380509377e-03,1.964729453902691603e-04,1.405933126807212830e-02,1.586322717628263490e-08,1.088388453354127705e-04,1.157315273303538561e-04,0.000000000000000000e+00,5.652545369230210781e-04,1.783072889338654932e-06,4.326589575498474005e-08
1.396798412315547466e-03,3.418114283704198897e-05,1.321039628237485886e-02,2.759785733275066377e-09,4.163846460869535804e-05,5.314459849614650011e-05,0.000000000000000000e+00,4.157765069976449013e-04,1.783072889338654932e-06,3.481191868104360765e-08
1.618541195057332516e-03,1.681415160419419408e-04,1.390509121119976044e-02,1.357574763716229427e-08,1.003285578917711973e-04,1.057935733115300536e-04,0.000000000000000000e+00,5.989049095660448074e-04,1.783072889338654932e-06,5.533069469265683438e-08
1.975367777049541473e-03,4.166532307863235474e-04,1.476569846272468567e-02,3.364058898114308249e-08,1.610641920706257224e-04,1.676983665674924850e-04,0.000000000000000000e+00,8.214472327381372452e-04,1.783072889338654932e-06,6.108365369072998874e-08
1.944577670656144619e-03,3.874230606015771627e-04,1.473373081535100937e-02,3.128054260059798253e-08,1.567491126479580998e-04,1.626615849090740085e-04,0.000000000000000000e+00,8.378141792491078377e-04,1.783072889338654932e-06,7.718149674929009052e-08
1.689142431132495403e-03,2.516318636480718851e-04,1.374105550348758698e-02,2.031675983005243324e-08,1.252060465048998594e-04,1.317468850174918771e-04,0.000000000000000000e+00,6.340498221106827259e-04,1.783072889338654932e-06,4.780534013093529211e-08
1.379830064252018929e-03,7.051003922242671251e-05,1.267267763614654541e-02,5.692981197569224605e-09,6.220176874194294214e-05,7.140741217881441116e-05,0.000000000000000000e+00,4.205222649034112692e-04,1.783072889338654932e-06,3.780596458113905101e-08
1.313148532062768936e-03,3.993995051132515073e-05,1.232240814715623856e-02,3.224752020969390287e-09,4.524601536104455590e-05,5.185441841604188085e-05,0.000000000000000000e+00,4.096766642760485411e-04,1.783072889338654932e-06,3.663057412950365688e-08
1.464613014832139015e-03,1.462408981751650572e-04,1.265346352010965347e-02,1.180749187312812865e-08,9.238674101652577519e-05,1.010299602057784796e-04,0.000000000000000000e+00,5.302571807987987995e-04,1.783072889338654932e-06,4.072208170669000538e-08
1.616622437722980976e-03,2.288023242726922035e-04,1.320004556328058243e-02,1.847350006300985115e-08,1.193552307086065412e-04,1.251794456038624048e-04,0.000000000000000000e+00,6.781549891456961632e-04,1.783072889338654932e-06,6.295405796663544606e-08
1.649945275858044624e-03,2.832932223100215197e-04,1.297263614833354950e-02,2.287309719406493969e-08,1.328950602328404784e-04,1.400945911882445216e-04,0.000000000000000000e+00,6.938843871466815472e-04,1.783072889338654932e-06,5.192405794218757364e-08
1.470342627726495266e-03,1.642050192458555102e-04,1.252438966184854507e-02,1.325791565420786355e-08,9.936734568327665329e-05,1.057989647961221635e-04,0.000000000000000000e+00,5.369866266846656799e-04,1.783072889338654932e-06,4.990350532807497075e-08
1.282511162571609020e-03,6.832563667558133602e-05,1.170771662145853043e-02,5.516612500144901787e-09,6.196821050252765417e-05,7.022771751508116722e-05,0.000000000000000000e+00,4.341385792940855026e-04,1.783072889338654932e-06,3.467778242338681594e-08
1.195265329442918301e-03,2.049607064691372216e-05,1.136780809611082077e-02,1.654853254429156095e-09,3.172949072904884815e-05,4.652490679291076958e-05,0.000000000000000000e+00,3.798840916715562344e-04,1.783072889338654932e-06,3.291759753665246535e-08
1.246305066160857677e-03,5.776500620413571596e-05,1.144080236554145813e-02,4.663947450467276212e-09,5.672271799994632602e-05,6.426203617593273520e-05,0.000000000000000000e+00,4.445970698725432158e-04,1.783072889338654932e-06,4.101693207303469535e-08
1.361418748274445534e-03,1.419217587681487203e-04,1.166928932070732117e-02,1.145876460384442908e-08,9.206395770888775587e-05,1.002158969640731812e-04,0.000000000000000000e+00,5.256805452518165112e-04,1.783072889338654932e-06,4.029331535093660932e-08
1.411710749380290508e-03,1.779137237463146448e-04,1.178996730595827103e-02,1.436475471905396262e-08,1.038146583596244454e-04,1.098411012208089232e-04,0.000000000000000000e+00,5.480031832121312618e-04,1.783072889338654932e-06,5.118081958244147245e-08
1.387179363518953323e-03,1.732196542434394360e-04,1.156793721020221710e-02,1.398575744104846308e-08,1.032780492096208036e-04,1.112428581109270453e-04,0.000000000000000000e+00,5.716602317988872528e-04,1.783072889338654932e-06,4.335037573355293716e-08
1.269929809495806694e-03,1.055825414368882775e-04,1.116400212049484253e-02,8.524736472281801980e-09,7.890495180618017912e-05,8.604473259765654802e-05,0.000000000000000000e+00,4.794706474058330059e-04,1.783072889338654932e-06,4.468562764259331743e-08
1.157620223239064217e-03,5.122306538396514952e-05,1.066716853529214859e-02,4.135750852896080687e-09,5.212238829699344933e-05,6.139708420960232615e-05,0.000000000000000000e+00,3.968029632233083248e-04,1.783072889338654932e-06,3.240219825784151908e-08
1.095431507565081120e-03,1.847294697654433548e-05,1.040053181350231171e-02,1.491505807749149426e-09,2.922918247350025922e-05,4.281527071725577116e-05,0.000000000000000000e+00,3.690545563586056232e-04,1.783072889338654932e-06,3.254952574138769705e-08
1.098504057154059410e-03,2.736498208832927048e-05,1.033196598291397095e-02,2.209448846102191055e-09,3.642404772108420730e-05,4.669933332479558885e-05,0.000000000000000000e+00,3.794257936533540487e-04,1.783072889338654932e-06,3.422559302634908818e-08
1.151368953287601471e-03,7.313023525057360530e-05,1.034073997288942337e-02,5.904536415357597434e-09,6.427945481846109033e-05,7.393691339530050755e-05,0.000000000000000000e+00,4.416476876940578222e-04,1.783072889338654932e-06,3.481475374655929045e-08
1.209607580676674843e-03,1.070728030754253268e-04,1.054964866489171982e-02,8.645059779155417345e-09,8.011898898985236883e-05,8.623996836831793189e-05,0.000000000000000000e+00,4.756993148475885391e-04,1.783072889338654932e-06,4.449525192740111379e-08
1.269630622118711472e-03,1.637113455217331648e-04,1.052976120263338089e-02,1.321805598308856133e-08,9.942560427589341998e-05,1.076259941328316927e-04,0.000000000000000000e+00,5.294308648444712162e-04,1.783072889338654932e-06,4.042076540144989849e-08
1.286386745050549507e-03,1.702050503809005022e-04,1.058765035122632980e-02,1.374235658602174226e-08,1.021544157993048429e-04,1.077763226930983365e-04,0.000000000000000000e+00,5.741664208471775055e-04,1.783072889338654932e-06,5.392419311078811006e-08
1.308313338086009026e-03,1.987658179132267833e-04,1.052560098469257355e-02,1.604835553337125020e-08,1.110349476221017540e-04,1.193411735584959388e-04,0.000000000000000000e+00,5.698738968931138515e-04,1.783072889338654932e-06,4.314224355539408862e-08
1.287368475459516048e-03,1.919686474138870835e-04,1.039132475852966309e-02,1.549955008783854282e-08,1.084780451492406428e-04,1.143253903137519956e-04,0.000000000000000000e+00,5.626737838611006737e-04,1.783072889338654932e-06,5.291212801239453256e-08
1.279721618629992008e-03,1.906282559502869844e-04,1.030491292476654053e-02,1.539132732375492196e-08,1.085678450181148946e-04,1.165190624305978417e-04,0.000000000000000000e+00,5.860204109922051430e-04,1.783072889338654932e-06,4.424362032295903191e-08
1.230252091772854328e-03,1.686737668933346868e-04,1.007519382983446121e-02,1.361872126182106513e-08,1.021776406560093164e-04,1.080379952327348292e-04,0.000000000000000000e+00,5.405879928730428219e-04,1.783072889338654932e-06,5.090543453434293042e-08
1.192723866552114487e-03,1.565554557600989938e-04,9.856817312538623810e-03,1.264028792746785257e-08,9.770924953045323491e-05,1.057226254488341510e-04,0.000000000000000000e+00,5.048670573160052299e-04,1.783072889338654932e-06,3.873234888374099683e-08
1.129097188822925091e-03,1.172403062810190022e-04,9.634247049689292908e-03,9.465982664380589995e-09,8.430892194155603647e-05,9.168719407171010971e-05,0.000000000000000000e+00,4.843219649046659470e-04,1.783072889338654932e-06,4.562054556345174205e-08
1.082343631424009800e-03,1.044880118570290506e-04,9.336569346487522125e-03,8.436362719521639519e-09,7.868553802836686373e-05,8.643182081868872046e-05,0.000000000000000000e+00,4.419868928380310535e-04,1.783072889338654932e-06,3.468041143150912831e-08
1.036765752360224724e-03,7.725063187535852194e-05,9.201508015394210815e-03,6.237216521043364992e-09,6.762411067029461265e-05,7.593283226015046239e-05,0.000000000000000000e+00,3.936438006348907948e-04,1.783072889338654932e-06,3.657907754472944362e-08
1.013885485008358955e-03,8.017005893634632230e-05,8.954283781349658966e-03,6.472931968204420627e-09,6.821789429523050785e-05,7.441549678333103657e-05,0.000000000000000000e+00,3.828706394415348768e-04,1.783072889338654932e-06,3.123441771890611562e-08
1.004486461170017719e-03,7.897124305600300431e-05,8.888237178325653076e-03,6.376138284025500980e-09,6.785417645005509257e-05,7.858625758672133088e-05,0.000000000000000000e+00,3.669151919893920422e-04,1.783072889338654932e-06,3.368798928704563878e-08
1.021538628265261650e-03,1.070119978976435959e-04,8.794893510639667511e-03,8.640149040672895353e-09,7.816928700776770711e-05,8.274389983853325248e-05,0.000000000000000000e+00,3.503727493807673454e-04,1.783072889338654932e-06,2.991066239133033378e-08
1.059872214682400227e-03,1.474707823945209384e-04,8.777137845754623413e-03,1.190679110862902235e-08,8.982940926216542721e-05,1.006205784506164491e-04,0.000000000000000000e+00,3.468768554739654064e-04,1.783072889338654932e-06,3.097187573075643741e-08
1.142692868597805500e-03,2.234332641819491982e-04,8.850008249282836914e-03,1.804000504534997162e-08,1.095561310648918152e-04,1.132449397118762136e-04,0.000000000000000000e+00,3.425868053454905748e-04,1.783072889338654932e-06,2.998484305294368824e-08
1.293329638428986073e-03,3.556396695785224438e-04,9.032006375491619110e-03,2.871435356155416230e-08,1.342863542959094048e-04,1.449873961973935366e-04,0.000000000000000000e+00,3.448930510785430670e-04,1.783072889338654932e-06,2.984027602792593825e-08
1.557500683702528477e-03,5.740696797147393227e-04,9.489124640822410583e-03,4.635039019262876536e-08,1.698822452453896403e-04,1.729847426759079099e-04,0.000000000000000000e+00,3.451857483014464378e-04,1.783072889338654932e-06,3.123355440948216710e-08
1.977503532543778419e-03,9.276111377403140068e-04,1.013398636132478714e-02,7.489533260240932577e-08,2.117989788530394435e-04,2.219911839347332716e-04,0.000000000000000000e+00,3.649384598247706890e-04,1.783072889338654932e-06,3.023665584578338894e-08
2.519859466701745987e-03,1.346062519587576389e-03,1.137249637395143509e-02,1.086810996753229119e-07,2.575452963355928659e-04,2.599947620183229446e-04,0.000000000000000000e+00,3.654743486549705267e-04,1.783072889338654932e-06,3.397819980932581529e-08
3.090707352384924889e-03,1.858122879639267921e-03,1.192808616906404495e-02,1.500248743013798958e-07,2.964248706120997667e-04,3.061157476622611284e-04,0.000000000000000000e+00,3.977596061304211617e-04,1.783072889338654932e-06,3.189024511129900930e-08
3.199469530954957008e-03,1.846106606535613537e-03,1.318133436143398285e-02,1.490546566174089094e-07,3.047373611479997635e-04,3.066913050133734941e-04,0.000000000000000000e+00,3.522944753058254719e-04,1.783072889338654932e-06,3.250138647103995027e-08
2.603639615699648857e-03,1.476222532801330090e-03,1.093464624136686325e-02,1.191902327946081641e-07,2.697971649467945099e-04,2.796727058012038469e-04,0.000000000000000000e+00,3.395250532776117325e-04,1.783072889338654932e-06,2.959674105795784271e-08
1.726593589410185814e-03,6.373138749040663242e-04,1.051012706011533737e-02,5.145673043216447695e-08,1.924199459608644247e-04,1.951915764948353171e-04,0.000000000000000000e+00,3.826683969236910343e-04,1.783072889338654932e-06,3.099732737155136419e-08
1.355920685455203056e-03,3.555641742423176765e-04,9.266088716685771942e-03,2.870825532852450124e-08,1.507837150711566210e-04,1.565854036016389728e-04,0.000000000000000000e+00,7.374767446890473366e-04,1.783072889338654932e-06,6.925419882009009598e-08
2.089990768581628799e-03,8.671227260492742062e-04,1.099551003426313400e-02,7.001150947871792596e-08,2.306633250555023551e-04,2.386586129432544112e-04,0.000000000000000000e+00,1.233170158229768276e-03,1.783072889338654932e-06,9.139813528236118145e-08
3.048079553991556168e-03,1.518079312518239021e-03,1.327965594828128815e-02,1.225697445761397830e-07,3.002522862516343594e-04,3.019935393240302801e-04,0.000000000000000000e+00,2.020346000790596008e-03,1.783072889338654932e-06,1.804063742838479811e-07
4.494258202612400055e-03,2.417834242805838585e-03,1.756157353520393372e-02,1.952159465190561605e-07,3.852583758998662233e-04,3.934082924388349056e-04,0.000000000000000000e+00,3.202664898708462715e-03,1.783072889338654932e-06,2.419950817511562491e-07
4.835560917854309082e-03,2.557084895670413971e-03,1.943299919366836548e-02,2.064590631789542385e-07,4.047974070999771357e-04,4.068387206643819809e-04,0.000000000000000000e+00,3.351758699864149094e-03,1.783072889338654932e-06,2.928632056864444166e-07
7.851921021938323975e-03,4.204874392598867416e-03,3.172051534056663513e-02,3.395016108242998598e-07,5.230919923633337021e-04,5.289799300953745842e-04,0.000000000000000000e+00,4.749954678118228912e-03,1.783072889338654932e-06,3.623654833972977940e-07
8.911836892366409302e-03,5.350799299776554108e-03,3.087787888944149017e-02,4.320235689192486461e-07,5.854736664332449436e-04,5.887895240448415279e-04,0.000000000000000000e+00,4.732496570795774460e-03,1.783072889338654932e-06,4.083962323875311995e-07
1.354245003312826157e-02,7.560755591839551926e-03,5.410087108612060547e-02,6.104554586272570305e-07,6.997731979936361313e-04,7.041052449494600296e-04,0.000000000000000000e+00,5.716074723750352859e-03,1.783072889338654932e-06,4.380218570076976903e-07
7.891182787716388702e-03,5.021457560360431671e-03,2.444893307983875275e-02,4.054325017932569608e-07,5.602390156127512455e-04,5.641964380629360676e-04,0.000000000000000000e+00,4.248323850333690643e-03,1.783072889338654932e-06,3.679874964745977195e-07
4.886901937425136566e-03,2.064773347228765488e-03,2.527798898518085480e-02,1.667098388224985683e-07,3.667185956146568060e-04,3.733617777470499277e-04,0.000000000000000000e+00,2.943297382444143295e-03,1.783072889338654932e-06,2.221932504653523210e-07
1.950680511072278023e-03,9.205163223668932915e-04,9.166428819298744202e-03,7.432249304883953300e-08,2.295510348631069064e-04,2.325585955986753106e-04,0.000000000000000000e+00,1.135212136432528496e-03,1.783072889338654932e-06,1.044514448267364060e-07
1.685826107859611511e-03,7.823008927516639233e-04,8.697072975337505341e-03,6.316298595265834592e-08,2.072196948574855924e-04,2.187006903113797307e-04,0.000000000000000000e+00,3.381794958841055632e-04,1.783072889338654932e-06,2.978954682930634590e-08
2.941358136013150215e-03,1.520334626547992229e-03,1.308197155594825745e-02,1.227518424684603815e-07,3.009814827237278223e-04,3.054155095014721155e-04,0.000000000000000000e+00,1.128262956626713276e-03,1.783072889338654932e-06,8.378661675578769064e-08
4.615518730133771896e-03,2.229466335847973824e-03,2.121319249272346497e-02,1.800071487423338112e-07,3.785370790865272284e-04,3.817529941443353891e-04,0.000000000000000000e+00,2.647331217303872108e-03,1.783072889338654932e-06,2.336671514058252797e-07
7.641850970685482025e-03,4.343649372458457947e-03,2.722796797752380371e-02,3.507063013330480317e-07,5.293381982482969761e-04,5.363170057535171509e-04,0.000000000000000000e+00,5.754048004746437073e-03,1.783072889338654932e-06,4.410941869537055027e-07
5.437066312879323959e-03,2.980436896905303001e-03,2.044583112001419067e-02,2.406405315014126245e-07,4.320429288782179356e-04,4.334206460043787956e-04,0.000000000000000000e+00,4.120463039726018906e-03,1.783072889338654932e-06,3.575449909476446919e-07
3.334508743137121201e-03,1.495593111030757427e-03,1.670885458588600159e-02,1.207541941994350054e-07,3.092939732596278191e-04,3.163131768815219402e-04,0.000000000000000000e+00,1.680302433669567108e-03,1.783072889338654932e-06,1.254147150575590786e-07
1.150929136201739311e-03,3.590751439332962036e-04,7.289601024240255356e-03,2.899173345838335081e-08,1.488047273596748710e-04,1.582143013365566730e-04,0.000000000000000000e+00,6.289381999522447586e-04,1.783072889338654932e-06,5.928187007953056309e-08
1.309182844124734402e-03,4.899154300801455975e-04,7.549008354544639587e-03,3.955578264935866173e-08,1.680313580436632037e-04,1.726325135678052902e-04,0.000000000000000000e+00,6.436660187318921089e-04,1.783072889338654932e-06,6.065076973982286290e-08
2.758071059361100197e-03,1.085107563994824886e-03,1.449829898774623871e-02,8.761159620007674675e-08,2.630600356496870518e-04,2.701490011531859636e-04,0.000000000000000000e+00,2.231335034593939781e-03,1.783072889338654932e-06,1.673581380146060837e-07
3.259439021348953247e-03,1.702069654129445553e-03,1.389572862535715103e-02,1.374251183960950584e-07,3.287425497546792030e-04,3.326617006678134203e-04,0.000000000000000000e+00,1.677963882684707642e-03,1.783072889338654932e-06,1.512828049499148619e-07
3.553085494786500931e-03,1.807152642868459225e-03,1.593033410608768463e-02,1.459095244626951171e-07,3.413131926208734512e-04,3.462604363448917866e-04,0.000000000000000000e+00,1.528993481770157814e-03,1.783072889338654932e-06,1.139093583901740203e-07
2.089904854074120522e-03,8.723185746930539608e-04,1.119922008365392685e-02,7.043101390991068911e-08,2.328471018699929118e-04,2.397581120021641254e-04,0.000000000000000000e+00,9.766421280801296234e-04,1.783072889338654932e-06,9.065454520396087901e-08
9.470715303905308247e-04,2.166634076274931431e-04,6.916059646755456924e-03,1.749340583501179935e-08,1.148290975834243000e-04,1.194982614833861589e-04,0.000000000000000000e+00,3.880216681864112616e-04,1.783072889338654932e-06,3.205135001849157561e-08
7.837465382181107998e-04,9.240597864845767617e-05,6.493833847343921661e-03,7.460860373953437374e-09,7.142736285459250212e-05,7.748339703539386392e-05,0.000000000000000000e+00,4.195713554508984089e-04,1.783072889338654932e-06,3.392037228877597954e-08
1.541510340757668018e-03,5.629204679280519485e-04,9.208872914314270020e-03,4.545021070612165204e-08,1.887177786557003856e-04,1.958951179403811693e-04,0.000000000000000000e+00,5.770248826593160629e-04,1.783072889338654932e-06,5.482785070398676908e-08
2.368111163377761841e-03,1.083793933503329754e-03,1.185585558414459229e-02,8.750553348590983660e-08,2.584820031188428402e-04,2.634756674524396658e-04,0.000000000000000000e+00,9.873165981844067574e-04,1.783072889338654932e-06,7.340742058659088798e-08
2.070876304060220718e-03,9.058779687620699406e-04,1.034844387322664261e-02,7.314059047303089756e-08,2.412470057606697083e-04,2.463418350089341402e-04,0.000000000000000000e+00,1.301539363339543343e-03,1.783072889338654932e-06,1.189541336543697980e-07
1.619266695342957973e-03,5.509018083103001118e-04,9.745913557708263397e-03,4.447981538646672561e-08,1.870262931333854795e-04,1.948576973518356681e-04,0.000000000000000000e+00,9.377359529025852680e-04,1.783072889338654932e-06,6.965827026306214975e-08
9.526269277557730675e-04,2.391823218204081059e-04,6.605153437703847885e-03,1.931158166712521052e-08,1.159679959528148174e-04,1.206759843626059592e-04,0.000000000000000000e+00,5.292926216498017311e-04,1.783072889338654932e-06,5.044341122584228287e-08
7.040754426270723343e-04,6.025336915627121925e-05,6.102303043007850647e-03,4.864857405806333190e-09,5.813754614791832864e-05,7.073471351759508252e-05,0.000000000000000000e+00,3.359178663231432438e-04,1.783072889338654932e-06,2.997341042032530822e-08
1.024225610308349133e-03,2.498221001587808132e-04,7.134150248020887375e-03,2.017063849280020804e-08,1.240210258401930332e-04,1.320990995736792684e-04,0.000000000000000000e+00,6.098842131905257702e-04,1.783072889338654932e-06,4.608401127370598260e-08
1.493503921665251255e-03,5.210539093241095543e-04,8.816630579531192780e-03,4.206990311672598182e-08,1.805889623938128352e-04,1.841075281845405698e-04,0.000000000000000000e+00,9.078698931261897087e-04,1.783072889338654932e-06,8.470399137650019838e-08
1.754034776240587234e-03,7.325984770432114601e-04,9.030454792082309723e-03,5.915000400591452490e-08,2.194266126025468111e-04,2.263056085212156177e-04,0.000000000000000000e+00,1.183909364044666290e-03,1.783072889338654932e-06,8.796260431154223625e-08
1.347640645690262318e-03,4.219346737954765558e-04,8.454228751361370087e-03,3.406701054586847022e-08,1.631222985452041030e-04,1.677495602052658796e-04,0.000000000000000000e+00,8.028306183405220509e-04,1.783072889338654932e-06,7.535806645364573342e-08
9.789306204766035080e-04,2.566803304944187403e-04,6.767018232494592667e-03,2.072437332856225112e-08,1.261431607417762280e-04,1.320418523391708732e-04,0.000000000000000000e+00,4.554847255349159241e-04,1.783072889338654932e-06,3.556420935524329252e-08
7.044214871712028980e-04,8.476660150336101651e-05,5.857292097061872482e-03,6.844055544519278556e-09,6.645092798862606287e-05,7.787457434460520744e-05,0.000000000000000000e+00,3.392570069991052151e-04,1.783072889338654932e-06,3.125063940956351871e-08
6.592002464458346367e-04,4.744144825963303447e-05,5.749675910919904709e-03,3.830422645734188336e-09,5.259108729660511017e-05,5.817565761390142143e-05,0.000000000000000000e+00,3.679121728055179119e-04,1.783072889338654932e-06,3.474433185601810692e-08
8.667013025842607021e-04,1.638424873817712069e-04,6.557320710271596909e-03,1.322864484620822623e-08,1.006085149128921330e-04,1.068330238922499120e-04,0.000000000000000000e+00,4.712674999609589577e-04,1.783072889338654932e-06,3.655395630630664527e-08
1.119813416153192520e-03,3.532464616000652313e-04,7.104791235178709030e-03,2.852112146456420305e-08,1.492489391239359975e-04,1.562833931529894471e-04,0.000000000000000000e+00,5.608773790299892426e-04,1.783072889338654932e-06,5.356406518330913968e-08
1.267552957870066166e-03,4.293900565244257450e-04,7.748399395495653152e-03,3.466896103532235429e-08,1.656151143833994865e-04,1.709055650280788541e-04,0.000000000000000000e+00,6.332291522994637489e-04,1.783072889338654932e-06,4.765860950328715262e-08
1.087612938135862350e-03,3.189398557879030704e-04,7.089987397193908691e-03,2.575120738868008630e-08,1.408009411534294486e-04,1.474221644457429647e-04,0.000000000000000000e+00,5.967424367554485798e-04,1.783072889338654932e-06,5.689778959094837774e-08
8.963593281805515289e-04,2.043581043835729361e-04,6.355255376547574997e-03,1.649987702023736347e-08,1.126243441831320524e-04,1.200203550979495049e-04,0.000000000000000000e+00,5.647565703839063644e-04,1.783072889338654932e-06,4.284573407176139881e-08
6.888117641210556030e-04,8.428892761003226042e-05,5.634952802211046219e-03,6.805489061179059718e-09,7.069249841151759028e-05,7.627232844242826104e-05,0.000000000000000000e+00,4.102754755876958370e-04,1.783072889338654932e-06,3.929484648779180134e-08
5.789712304249405861e-04,2.343747837585397065e-05,5.230240523815155029e-03,1.892342282872050419e-09,3.394141822354868054e-05,4.867368988925591111e-05,0.000000000000000000e+00,3.250968875363469124e-04,1.783072889338654932e-06,2.843238178229512414e-08
6.038998253643512726e-04,4.089765570824965835e-05,5.284306593239307404e-03,3.302077278277693040e-09,4.759303919854573905e-05,5.758655970566906035e-05,0.000000000000000000e+00,3.457150887697935104e-04,1.783072889338654932e-06,2.895929540613906283e-08
7.180012762546539307e-04,1.086800548364408314e-04,5.668693687766790390e-03,8.774827975344123843e-09,8.047254959819838405e-05,8.666916255606338382e-05,0.000000000000000000e+00,4.245182499289512634e-04,1.783072889338654932e-06,4.075860005059439573e-08
8.393964963033795357e-04,1.865058729890733957e-04,5.986539181321859360e-03,1.505848601368597883e-08,1.088468488887883723e-04,1.163226406788453460e-04,0.000000000000000000e+00,5.423671100288629532e-04,1.783072889338654932e-06,4.126970409856767219e-08
8.528020698577165604e-04,1.973797334358096123e-04,6.019057240337133408e-03,1.593644327613219502e-08,1.115860068239271641e-04,1.175385332317091525e-04,0.000000000000000000e+00,5.351660074666142464e-04,1.783072889338654932e-06,5.130378255557843659e-08
8.271985570900142193e-04,1.858171162893995643e-04,5.954085849225521088e-03,1.500287716282855399e-08,1.085035546566359699e-04,1.154176352429203689e-04,0.000000000000000000e+00,4.597282386384904385e-04,1.783072889338654932e-06,3.567390649550361559e-08
7.277154363691806793e-04,1.312779495492577553e-04,5.551183130592107773e-03,1.059938359304624100e-08,8.984196756500750780e-05,9.836110984906554222e-05,0.000000000000000000e+00,4.131916211917996407e-04,1.783072889338654932e-06,3.969893924704592791e-08
6.282550166361033916e-04,7.358480070251971483e-05,5.186088848859071732e-03,5.941238168105655859e-09,6.684106483589857817e-05,7.290340727195143700e-05,0.000000000000000000e+00,3.606132231652736664e-04,1.783072889338654932e-06,2.955933098292007344e-08
5.425095441751182079e-04,2.188875987485516816e-05,4.886713344603776932e-03,1.767298862809241200e-09,3.452913733781315386e-05,4.545694901025854051e-05,0.000000000000000000e+00,3.194941091351211071e-04,1.783072889338654932e-06,2.930312348325969651e-08
5.200858577154576778e-04,1.124612845160299912e-05,4.772893153131008148e-03,9.080126095462048852e-10,2.260109249618835747e-05,3.913334148819558322e-05,0.000000000000000000e+00,3.155043523292988539e-04,1.783072889338654932e-06,2.845446012145202985e-08
5.543231382034718990e-04,3.844450111500918865e-05,4.833616316318511963e-03,3.104009715926281388e-09,4.690104105975478888e-05,5.493621210916899145e-05,0.000000000000000000e+00,3.251701127737760544e-04,1.783072889338654932e-06,2.792365805248664401e-08
6.055635749362409115e-04,6.893087993375957012e-05,5.004276521503925323e-03,5.565479632707592828e-09,6.410174682969227433e-05,7.302678568521514535e-05,0.000000000000000000e+00,3.620496718212962151e-04,1.783072889338654932e-06,3.451549446253920905e-08
6.592734716832637787e-04,1.069453865056857467e-04,5.123282782733440399e-03,8.634771120341611095e-09,8.141763828461989760e-05,8.857206557877361774e-05,0.000000000000000000e+00,3.999979817308485508e-04,1.783072889338654932e-06,3.181332175472562085e-08
6.860714638605713844e-04,1.195370641653425992e-04,5.229300353676080704e-03,9.651424548451359442e-09,8.565980533603578806e-05,9.257849160348996520e-05,0.000000000000000000e+00,4.360434541013091803e-04,1.783072889338654932e-06,4.201837811024233815e-08
7.060568896122276783e-04,1.414561120327562094e-04,5.190322175621986389e-03,1.142116801133852277e-08,9.401157149113714695e-05,1.020247218548320234e-04,0.000000000000000000e+00,4.556851345114409924e-04,1.783072889338654932e-06,3.534027825935481815e-08
6.822720170021057129e-04,1.254851085832342505e-04,5.135860759764909744e-03,1.013167061358899446e-08,8.840756345307454467e-05,9.519113518763333559e-05,0.000000000000000000e+00,4.320078878663480282e-04,1.783072889338654932e-06,4.166961886653552938e-08
6.616752361878752708e-04,1.157795122708193958e-04,5.033971276134252548e-03,9.348037899314931565e-09,8.457853255094960332e-05,9.198764746543020010e-05,0.000000000000000000e+00,4.249860648997128010e-04,1.783072889338654932e-06,3.331718545496187289e-08
6.209866260178387165e-04,9.655184112489223480e-05,4.859809763729572296e-03,7.795596168591600872e-09,7.706999167567119002e-05,8.526864985469728708e-05,0.000000000000000000e+00,3.845377359539270401e-04,1.783072889338654932e-06,3.700615280877173063e-08
5.894252099096775055e-04,7.974744221428409219e-05,4.736394155770540237e-03,6.438809041497961516e-09,6.990330439293757081e-05,7.736247789580374956e-05,0.000000000000000000e+00,3.603831864893436432e-04,1.783072889338654932e-06,2.936883092274911178e-08
5.506779416464269161e-04,5.872448673471808434e-05,4.566916264593601227e-03,4.741415704501150685e-09,5.938030153629370034e-05,6.823711737524718046e-05,0.000000000000000000e+00,3.526177024468779564e-04,1.783072889338654932e-06,3.371677337327128043e-08
5.193840479478240013e-04,4.205546792945824564e-05,4.433245863765478134e-03,3.395558723084945996e-09,4.962355887982994318e-05,5.868755761184729636e-05,0.000000000000000000e+00,3.400395798962563276e-04,1.783072889338654932e-06,2.828286227440912626e-08
4.909784183837473392e-04,2.631542156450450420e-05,4.320674110203981400e-03,2.124707298989392257e-09,3.871522858389653265e-05,4.684429950430057943e-05,0.000000000000000000e+00,3.259559744037687778e-04,1.783072889338654932e-06,3.073564869282563450e-08
4.693380615208297968e-04,1.828849053708836436e-05,4.193479660898447037e-03,1.476612943029920189e-09,3.003145138791296631e-05,4.328301656641997397e-05,0.000000000000000000e+00,3.170158597640693188e-04,1.783072889338654932e-06,2.735166937384292396e-08
4.546243872027844191e-04,1.027557482302654535e-05,4.135005176067352295e-03,8.296500708659948486e-10,2.148764906451106071e-05,3.516625656629912555e-05,0.000000000000000000e+00,3.084829368162900209e-04,1.783072889338654932e-06,2.831149714666025830e-08
4.478117043618112803e-04,8.960337254393380135e-06,4.082526080310344696e-03,7.234577381609597069e-10,1.936161788762547076e-05,3.461487358435988426e-05,0.000000000000000000e+00,3.059874288737773895e-04,1.783072889338654932e-06,2.771757934283414215e-08
4.483542870730161667e-04,1.207246896228753030e-05,4.053903743624687195e-03,9.747311846552975112e-10,2.365352156630251557e-05,3.711039244080893695e-05,0.000000000000000000e+00,3.089145757257938385e-04,1.783072889338654932e-06,2.714022429017859395e-08
4.531862214207649231e-04,1.707420051388908178e-05,4.047640133649110794e-03,1.378571146126716940e-09,2.981549914693459868e-05,3.997370731667615473e-05,0.000000000000000000e+00,3.134799771942198277e-04,1.783072889338654932e-06,2.927663267371372058e-08
4.599625244736671448e-04,2.354965545237064362e-05,4.043123684823513031e-03,1.901399260262337521e-09,3.572902278392575681e-05,4.761393574881367385e-05,0.000000000000000000e+00,3.210051800124347210e-04,1.783072889338654932e-06,2.731790438303960400e-08
4.682296421378850937e-04,3.137507519568316638e-05,4.042259417474269867e-03,2.533223852907440232e-09,4.307479684939607978e-05,5.195620906306430697e-05,0.000000000000000000e+00,3.262861864641308784e-04,1.783072889338654932e-06,3.097277812003085273e-08
4.801338945981115103e-04,4.065144821652211249e-05,4.062861669808626175e-03,3.282198735021779612e-09,4.853807695326395333e-05,5.775927638751454651e-05,0.000000000000000000e+00,3.319627721793949604e-04,1.783072889338654932e-06,2.776027407946912717e-08
4.877641913481056690e-04,4.770988380187191069e-05,4.063398577272891998e-03,3.852096863710130492e-09,5.346870602807030082e-05,6.207142723724246025e-05,0.000000000000000000e+00,3.371447091922163963e-04,1.783072889338654932e-06,3.223391331630409695e-08
4.957482451573014259e-04,5.629731822409667075e-05,4.052990116178989410e-03,4.545445797532465804e-09,5.820229125674813986e-05,6.646916881436482072e-05,0.000000000000000000e+00,3.415191895328462124e-04,1.783072889338654932e-06,2.822535805080406135e-08
5.004840786568820477e-04,5.842858809046447277e-05,4.070916678756475449e-03,4.717524593189637017e-09,5.975309613859280944e-05,6.833147199358791113e-05,0.000000000000000000e+00,3.496384015306830406e-04,1.783072889338654932e-06,3.362910661053319927e-08
5.183512694202363491e-04,7.494380406569689512e-05,4.069928079843521118e-03,6.050963730075409330e-09,6.736431532772257924e-05,7.545031985500827432e-05,0.000000000000000000e+00,3.641463699750602245e-04,1.783072889338654932e-06,2.947663801933231298e-08
5.461642285808920860e-04,9.045908518601208925e-05,4.177020397037267685e-03,7.303666560432020560e-09,7.495411409763619304e-05,8.244950004154816270e-05,0.000000000000000000e+00,3.800308040808886290e-04,1.783072889338654932e-06,3.680525395566291991e-08
6.106712389737367630e-04,1.338365982519462705e-04,4.344162996858358383e-03,1.080596767621955223e-08,9.154357394436374307e-05,9.909115760819986463e-05,0.000000000000000000e+00,4.241833230480551720e-04,1.783072889338654932e-06,3.317870778118958697e-08
7.058914634399116039e-04,1.930340076796710491e-04,4.645003471523523331e-03,1.558556839142966055e-08,1.100752779166214168e-04,1.168054077425040305e-04,0.000000000000000000e+00,4.835710278712213039e-04,1.783072889338654932e-06,4.684629573148413328e-08
9.043872705660760403e-04,3.130026452708989382e-04,5.322315730154514313e-03,2.527183795564269531e-08,1.412804558640345931e-04,1.479417405789718032e-04,0.000000000000000000e+00,5.915298825129866600e-04,1.783072889338654932e-06,4.455961644111994246e-08
1.151556731201708317e-03,4.716994008049368858e-04,6.056070793420076370e-03,3.808501602975411515e-08,1.734480902086943388e-04,1.788725930964574218e-04,0.000000000000000000e+00,7.425023941323161125e-04,1.783072889338654932e-06,7.044442895676183980e-08
1.703623216599225998e-03,7.908014231361448765e-04,8.080370724201202393e-03,6.384932049741109950e-08,2.254642604384571314e-04,2.316286700079217553e-04,0.000000000000000000e+00,1.047847559675574303e-03,1.783072889338654932e-06,7.772941756911677658e-08
2.278204774484038353e-03,1.174259115941822529e-03,9.627880528569221497e-03,9.480969254127558088e-08,2.745079691521823406e-04,2.783700474537909031e-04,0.000000000000000000e+00,1.411575591191649437e-03,1.783072889338654932e-06,1.288885584926902084e-07
3.791931318119168282e-03,2.013816032558679581e-03,1.553658954799175262e-02,1.625955263762079994e-07,3.610373823903501034e-04,3.670298610813915730e-04,0.000000000000000000e+00,2.244563307613134384e-03,1.783072889338654932e-06,1.683623338522011181e-07
4.814042244106531143e-03,2.781368093565106392e-03,1.734650880098342896e-02,2.245676995471512782e-07,4.224755975883454084e-04,4.247953474987298250e-04,0.000000000000000000e+00,2.980231540277600288e-03,1.783072889338654932e-06,2.621649173306650482e-07
8.308945223689079285e-03,4.582397174090147018e-03,3.241653740406036377e-02,3.699828141634498024e-07,5.453469930216670036e-04,5.512160132639110088e-04,0.000000000000000000e+00,4.848938435316085815e-03,1.783072889338654932e-06,3.702865569721325301e-07
8.111364208161830902e-03,5.001503508538007736e-03,2.596708014607429504e-02,4.038214171941945096e-07,5.645269993692636490e-04,5.657963920384645462e-04,0.000000000000000000e+00,5.131524987518787384e-03,1.783072889338654932e-06,4.422318511387857143e-07
1.118961907923221588e-02,6.029204931110143661e-03,4.528045281767845154e-02,4.867980578637798317e-07,6.257133209146559238e-04,6.316312355920672417e-04,0.000000000000000000e+00,6.323685403913259506e-03,1.783072889338654932e-06,4.857627686760679353e-07
6.398801226168870926e-03,4.116380121558904648e-03,1.870342530310153961e-02,3.323565636037528748e-07,5.088646430522203445e-04,5.109254852868616581e-04,0.000000000000000000e+00,4.120786674320697784e-03,1.783072889338654932e-06,3.578426230887998827e-07
3.864954924210906029e-03,1.744250417686998844e-03,1.902359351515769958e-02,1.408307923611573642e-07,3.356063389219343662e-04,3.418019041419029236e-04,0.000000000000000000e+00,2.183450153097510338e-03,1.783072889338654932e-06,1.638994717723107897e-07
9.895256953313946724e-04,4.733889363706111908e-04,4.506817553192377090e-03,3.822142957687901799e-08,1.734673423925414681e-04,1.798855810193344951e-04,0.000000000000000000e+00,6.545495707541704178e-04,1.783072889338654932e-06,6.251304540683122468e-08
5.060993134975433350e-04,1.041619834722951055e-04,3.678104607388377190e-03,8.410039775696986908e-09,8.215604611905291677e-05,9.037309791892766953e-05,0.000000000000000000e+00,3.412684309296309948e-04,1.783072889338654932e-06,3.295899730915152759e-08
1.968506257981061935e-03,9.841972496360540390e-04,8.512134663760662079e-03,7.946410818249205477e-08,2.468486782163381577e-04,2.531884820200502872e-04,0.000000000000000000e+00,1.330954721197485924e-03,1.783072889338654932e-06,9.907455478241899982e-08
3.703545313328504562e-03,1.929189078509807587e-03,1.557842921465635300e-02,1.557627484771728632e-07,3.517798904795199633e-04,3.543177153915166855e-04,0.000000000000000000e+00,2.165134064853191376e-03,1.783072889338654932e-06,1.933972271217498928e-07
6.066221278160810471e-03,3.563565434888005257e-03,2.161627821624279022e-02,2.877222868846729398e-07,4.786947974935173988e-04,4.845111980102956295e-04,0.000000000000000000e+00,3.410278819501399994e-03,1.783072889338654932e-06,2.585313438885350479e-07
4.628960974514484406e-03,2.619508421048521996e-03,1.710465922951698303e-02,2.114991417556666420e-07,4.075033357366919518e-04,4.099322250112891197e-04,0.000000000000000000e+00,2.989865373820066452e-03,1.783072889338654932e-06,2.631440736422518967e-07
3.547073807567358017e-03,1.770350500009953976e-03,1.592582277953624725e-02,1.429381200068746693e-07,3.382689610589295626e-04,3.440916480030864477e-04,0.000000000000000000e+00,1.841411693021655083e-03,1.783072889338654932e-06,1.377288612047777860e-07
1.213275594636797905e-03,6.405823514796793461e-04,4.938017111271619797e-03,5.172062600422577816e-08,2.010046155191957951e-04,2.070487826131284237e-04,0.000000000000000000e+00,7.889153202995657921e-04,1.783072889338654932e-06,7.461424900156998774e-08
4.358922888059169054e-04,4.792177423951216042e-05,3.554469207301735878e-03,3.869204956430394304e-09,4.907629045192152262e-05,5.988200427964329720e-05,0.000000000000000000e+00,3.252360038459300995e-04,1.783072889338654932e-06,2.967346190985153953e-08
1.202228711917996407e-03,4.080440849065780640e-04,7.168611045926809311e-03,3.294548633903104928e-08,1.567295257700607181e-04,1.640100235817953944e-04,0.000000000000000000e+00,7.732356898486614227e-04,1.783072889338654932e-06,5.783665812941762852e-08
2.362551866099238396e-03,1.296928967349231243e-03,9.351674467325210571e-03,1.047140614218733390e-07,2.884397690650075674e-04,2.925982116721570492e-04,0.000000000000000000e+00,1.304554753005504608e-03,1.783072889338654932e-06,1.197711299028014764e-07
3.441398730501532555e-03,1.873340923339128494e-03,1.367090828716754913e-02,1.512535732217656914e-07,3.487233188934624195e-04,3.545484796632081270e-04,0.000000000000000000e+00,2.009671181440353394e-03,1.783072889338654932e-06,1.505601403550826944e-07
2.435741014778614044e-03,1.219652593135833740e-03,1.068748254328966141e-02,9.847476434288182645e-08,2.768984704744070768e-04,2.805525145959109068e-04,0.000000000000000000e+00,1.473400974646210670e-03,1.783072889338654932e-06,1.343779558737878688e-07
1.466198358684778214e-03,7.219277904368937016e-04,6.610448006540536880e-03,5.828846383337804582e-08,2.143116871593520045e-04,2.204027550760656595e-04,0.000000000000000000e+00,8.322581415995955467e-04,1.783072889338654932e-06,6.218662207402303466e-08
5.324797239154577255e-04,1.069817953975871205e-04,3.849025582894682884e-03,8.637711879089238209e-09,8.151153451763093472e-05,8.844137482810765505e-05,0.000000000000000000e+00,4.059534985572099686e-04,1.783072889338654932e-06,3.950824378762263223e-08
4.180951218586415052e-04,4.623580025508999825e-05,3.385409945622086525e-03,3.733078735024264461e-09,5.417815191322006285e-05,6.137214222690090537e-05,0.000000000000000000e+00,3.331831539981067181e-04,1.783072889338654932e-06,3.197814280042621249e-08
9.475647821091115475e-04,3.567359235603362322e-04,5.280110519379377365e-03,2.880286231743411918e-08,1.484569947933778167e-04,1.546303974464535713e-04,0.000000000000000000e+00,6.281777750700712204e-04,1.783072889338654932e-06,4.731161240556502889e-08
1.439079525880515575e-03,6.990500842221081257e-04,6.527129560708999634e-03,5.644131206850033777e-08,2.111596841132268310e-04,2.162175514968112111e-04,0.000000000000000000e+00,8.731650304980576038e-04,1.783072889338654932e-06,8.213736890638756449e-08
1.691990066319704056e-03,7.839155732654035091e-04,8.099653758108615875e-03,6.329335633381560910e-08,2.258525055367499590e-04,2.318373735761269927e-04,0.000000000000000000e+00,9.810908231884241104e-04,1.783072889338654932e-06,7.289405346000421559e-08
1.143058761954307556e-03,5.195588455535471439e-04,5.470952484756708145e-03,4.194918545863401960e-08,1.794937707018107176e-04,1.853689609561115503e-04,0.000000000000000000e+00,7.640465628355741501e-04,1.783072889338654932e-06,7.248488032018940430e-08
6.236962508410215378e-04,1.668161858106032014e-04,4.122744314372539520e-03,1.346874078933524288e-08,1.035987006616778672e-04,1.105008195736445487e-04,0.000000000000000000e+00,4.460562486201524734e-04,1.783072889338654932e-06,3.476770160659725661e-08
3.504806081764400005e-04,1.602715747139882296e-05,3.042814787477254868e-03,1.294032991872029470e-09,2.740983836702071130e-05,3.915339402738027275e-05,0.000000000000000000e+00,3.017197013832628727e-04,1.783072889338654932e-06,2.815421851209976012e-08
4.575699858833104372e-04,7.597073999932035804e-05,3.470490686595439911e-03,6.133878738268094821e-09,6.931410462129861116e-05,7.705809548497200012e-05,0.000000000000000000e+00,3.455016412772238255e-04,1.783072889338654932e-06,3.348472432662674692e-08
7.920009666122496128e-04,3.011433582287281752e-04,4.343253094702959061e-03,2.431431944671658130e-08,1.369805104332044721e-04,1.435970625607296824e-04,0.000000000000000000e+00,5.653225816786289215e-04,1.783072889338654932e-06,4.289577759664098267e-08
1.013354747556149960e-03,3.977703745476901531e-04,5.482587963342666626e-03,3.211598453844999312e-08,1.598866656422615051e-04,1.647999306442216039e-04,0.000000000000000000e+00,6.732555921189486980e-04,1.783072889338654932e-06,6.438882849124638597e-08
1.093290513381361961e-03,4.852182464674115181e-04,5.370611790567636490e-03,3.917652335871935065e-08,1.760993472998961806e-04,1.824903738452121615e-04,0.000000000000000000e+00,7.101099472492933273e-04,1.783072889338654932e-06,5.311424189358149306e-08
8.214408298954367638e-04,3.003813035320490599e-04,4.586615134030580521e-03,2.425278822215659602e-08,1.376431901007890701e-04,1.431390555808320642e-04,0.000000000000000000e+00,6.239801878109574318e-04,1.783072889338654932e-06,5.997623020448372699e-08
5.563617451116442680e-04,1.430671254638582468e-04,3.707980969920754433e-03,1.155124174090360611e-08,9.508541552349925041e-05,1.026497411658056080e-04,0.000000000000000000e+00,4.249650810379534960e-04,1.783072889338654932e-06,3.330254827460521483e-08
3.621204232331365347e-04,3.575003938749432564e-05,2.946791704744100571e-03,2.886458849715722863e-09,4.480488860281184316e-05,5.295056325849145651e-05,0.000000000000000000e+00,3.169121337123215199e-04,1.783072889338654932e-06,3.042634233452190529e-08
3.318327944725751877e-04,1.632261046324856579e-05,2.859378233551979065e-03,1.317887687868335433e-09,2.875612699426710606e-05,4.026705937576480210e-05,0.000000000000000000e+00,2.957234682980924845e-04,1.783072889338654932e-06,2.756457817554291978e-08
4.337253631092607975e-04,7.284604362212121487e-05,3.241302212700247765e-03,5.881590325884644699e-09,6.678552745142951608e-05,7.577463838970288634e-05,0.000000000000000000e+00,3.674909239634871483e-04,1.783072889338654932e-06,2.966388379377349338e-08
5.709981196559965611e-04,1.619502436369657516e-04,3.645617747679352760e-03,1.307586394716508948e-08,1.010656560538336635e-04,1.074281535693444312e-04,0.000000000000000000e+00,4.448606632649898529e-04,1.783072889338654932e-06,4.346107829178436077e-08
6.848495686426758766e-04,2.354086027480661869e-04,3.982771653681993484e-03,1.900689383660392195e-08,1.223557483172044158e-04,1.294164685532450676e-04,0.000000000000000000e+00,5.116380634717643261e-04,1.783072889338654932e-06,3.906392720409712638e-08
6.631787400692701340e-04,2.132267836714163423e-04,4.005049820989370346e-03,1.721593179127012263e-08,1.155636418843641877e-04,1.218108154716901481e-04,0.000000000000000000e+00,4.944693646393716335e-04,1.783072889338654932e-06,4.811395371007165522e-08
6.004761671647429466e-04,1.888259139377623796e-04,3.669862402603030205e-03,1.524580461875757464e-08,1.092433376470580697e-04,1.162216649390757084e-04,0.000000000000000000e+00,4.466401878744363785e-04,1.783072889338654932e-06,3.468316833732387749e-08
4.698819830082356930e-04,1.048996346071362495e-04,3.278303425759077072e-03,8.469598355986818206e-09,8.119495760183781385e-05,8.865066774887964129e-05,0.000000000000000000e+00,3.715200873557478189e-04,1.783072889338654932e-06,3.632636946804268518e-08
3.642522206064313650e-04,4.458156399778090417e-05,2.880495274439454079e-03,3.599516462671203954e-09,5.172919554752297699e-05,5.980766945867799222e-05,0.000000000000000000e+00,3.162111970596015453e-04,1.783072889338654932e-06,2.679565547225593036e-08
3.062692412640899420e-04,1.099155906558735296e-05,2.662705024704337120e-03,8.874586066021095121e-10,2.367714296269696206e-05,3.756130536203272641e-05,0.000000000000000000e+00,2.900717663578689098e-04,1.783072889338654932e-06,2.686293498754821485e-08
3.096402215305715799e-04,1.421287470293464139e-05,2.658573910593986511e-03,1.147547612490029678e-09,2.709842556214425713e-05,3.777585516218096018e-05,0.000000000000000000e+00,2.956993994303047657e-04,1.783072889338654932e-06,2.795360387608525343e-08
3.581516211852431297e-04,4.386570071801543236e-05,2.823156770318746567e-03,3.541717141786193679e-09,5.181008236831985414e-05,6.035007754690013826e-05,0.000000000000000000e+00,3.197023470420390368e-04,1.783072889338654932e-06,2.685247757483466557e-08
4.211397026665508747e-04,8.395095210289582610e-05,3.021112876012921333e-03,6.778200667412193070e-09,7.205931615317240357e-05,8.055863145273178816e-05,0.000000000000000000e+00,3.507744986563920975e-04,1.783072889338654932e-06,3.425351380315078131e-08
4.879795014858245850e-04,1.254967501154169440e-04,3.235246753320097923e-03,1.013260941817861749e-08,8.893011545296758413e-05,9.594251605449244380e-05,0.000000000000000000e+00,3.895808185916393995e-04,1.783072889338654932e-06,3.089988354076922406e-08
5.098873516544699669e-04,1.411377743352204561e-04,3.292049746960401535e-03,1.139546501605082085e-08,9.429675264982506633e-05,1.015343295875936747e-04,0.000000000000000000e+00,3.954459098167717457e-04,1.783072889338654932e-06,3.876250076473297668e-08
5.156477564014494419e-04,1.447201211703941226e-04,3.305691061541438103e-03,1.168470475931826513e-08,9.521557512925937772e-05,1.024818193400278687e-04,0.000000000000000000e+00,4.035849415231496096e-04,1.783072889338654932e-06,3.178686469595959352e-08
4.770864325109869242e-04,1.217054959852248430e-04,3.155147889629006386e-03,9.826503166721067828e-09,8.757816249271854758e-05,9.437526023248210549e-05,0.000000000000000000e+00,3.986614174209535122e-04,1.783072889338654932e-06,3.908533230401189940e-08
4.460332274902611971e-04,1.059222195181064308e-04,3.021680051460862160e-03,8.552160757346882747e-09,8.133717346936464310e-05,8.910148608265444636e-05,0.000000000000000000e+00,3.794297226704657078e-04,1.783072889338654932e-06,3.024080541536022793e-08
3.991546982433646917e-04,7.673744403291493654e-05,2.866981551051139832e-03,6.195782109585934450e-09,6.883401511004194617e-05,7.598543015774339437e-05,0.000000000000000000e+00,3.571909328456968069e-04,1.783072889338654932e-06,3.497504508231941145e-08
3.596830065362155437e-04,5.632951433653943241e-05,2.694428432732820511e-03,4.548045939856137920e-09,5.867252912139520049e-05,6.761618715245276690e-05,0.000000000000000000e+00,3.391065401956439018e-04,1.783072889338654932e-06,2.780781116484831728e-08
3.211578587070107460e-04,3.307248698547482491e-05,2.572203055024147034e-03,2.670273113736243431e-09,4.442797217052429914e-05,5.291034904075786471e-05,0.000000000000000000e+00,3.086504875682294369e-04,1.783072889338654932e-06,2.977937541004394006e-08
2.948551846202462912e-04,1.909499951580073684e-05,2.461218740791082382e-03,1.541730521026352108e-09,3.239903890062123537e-05,4.352301039034500718e-05,0.000000000000000000e+00,2.963832812383770943e-04,1.783072889338654932e-06,2.573005986050702631e-08
2.791943552438169718e-04,1.089634588424814865e-05,2.395820338279008865e-03,8.797710893126975407e-10,2.359157770115416497e-05,3.636830297182314098e-05,0.000000000000000000e+00,2.871595206670463085e-04,1.783072889338654932e-06,2.699810508488553751e-08
2.712851564865559340e-04,7.463952442776644602e-06,2.355610020458698273e-03,6.026395493741176779e-10,1.730124313326086849e-05,3.187733454979024827e-05,0.000000000000000000e+00,2.826020063366740942e-04,1.783072889338654932e-06,2.589140102315923286e-08
2.696606388781219721e-04,7.738889507891144603e-06,2.335795899853110313e-03,6.248379036399853703e-10,1.724479443510062993e-05,3.439296051510609686e-05,0.000000000000000000e+00,2.834217739291489124e-04,1.783072889338654932e-06,2.562086010016173532e-08
2.734216686803847551e-04,1.074899955710861832e-05,2.339708851650357246e-03,8.678744389811754445e-10,2.310291893081739545e-05,3.475465200608596206e-05,0.000000000000000000e+00,2.870179305318742990e-04,1.783072889338654932e-06,2.706457458145905548e-08
2.827155985869467258e-04,1.823165257519576699e-05,2.350546652451157570e-03,1.472023836157632104e-09,3.140668195555917919e-05,4.242098657414317131e-05,0.000000000000000000e+00,2.942925784736871719e-04,1.783072889338654932e-06,2.557467837505100761e-08
2.961889840662479401e-04,2.613492142700124532e-05,2.402390586212277412e-03,2.110134067478952602e-09,3.955578722525388002e-05,4.890697528026066720e-05,0.000000000000000000e+00,2.981497673317790031e-04,1.783072889338654932e-06,2.862980963413974678e-08
3.131537232547998428e-04,3.969342651544138789e-05,2.425217302516102791e-03,3.204847720539305556e-09,4.872980571235530078e-05,5.752145807491615415e-05,0.000000000000000000e+00,3.093857085332274437e-04,1.783072889338654932e-06,2.615315253251537797e-08
3.274226619396358728e-04,4.762209937325678766e-05,2.481507370248436928e-03,3.845009199920923493e-09,5.370322105591185391e-05,6.261740782065317035e-05,0.000000000000000000e+00,3.164980444125831127e-04,1.783072889338654932e-06,3.080661414855967450e-08
3.432134981267154217e-04,5.887204315513372421e-05,2.519801026210188866e-03,4.753329729823008165e-09,6.047524220775812864e-05,6.840677815489470959e-05,0.000000000000000000e+00,3.236132324673235416e-04,1.783072889338654932e-06,2.684619815340738569e-08
3.506315406411886215e-04,6.477477290900424123e-05,2.526607597246766090e-03,5.229916055782268813e-09,6.327772280201315880e-05,7.135938358260318637e-05,0.000000000000000000e+00,3.319600946269929409e-04,1.783072889338654932e-06,3.250324809300764173e-08
3.590503474697470665e-04,6.899583240738138556e-05,2.558275591582059860e-03,5.570724326275922067e-09,6.516020221170037985e-05,7.352691318374127150e-05,0.000000000000000000e+00,3.422694862820208073e-04,1.783072889338654932e-06,2.787033182016784849e-08
3.599474439397454262e-04,7.273921073647215962e-05,2.527644624933600426e-03,5.872964337072517083e-09,6.722731632180511951e-05,7.488726259907707572e-05,0.000000000000000000e+00,3.444376634433865547e-04,1.783072889338654932e-06,3.381902402566083765e-08
3.700972010847181082e-04,7.862122583901509643e-05,2.563756424933671951e-03,6.347878667156692245e-09,6.980442412896081805e-05,7.811911928001791239e-05,0.000000000000000000e+00,3.510031965561211109e-04,1.783072889338654932e-06,2.836713974829763174e-08
3.754675562959164381e-04,8.327997056767344475e-05,2.560331486165523529e-03,6.724025780613374081e-09,7.201626431196928024e-05,7.900043419795110822e-05,0.000000000000000000e+00,3.615442547015845776e-04,1.783072889338654932e-06,3.558309913387347478e-08
3.945685457438230515e-04,9.644269448472186923e-05,2.609758405014872551e-03,7.786783662311336229e-09,7.758144056424498558e-05,8.566765609430149198e-05,0.000000000000000000e+00,3.714999475050717592e-04,1.783072889338654932e-06,2.961791700784033310e-08
4.094625182915478945e-04,1.049585262080654502e-04,2.668547676876187325e-03,8.474351886889053276e-09,8.102487481664866209e-05,8.791637083049863577e-05,0.000000000000000000e+00,3.764922148548066616e-04,1.783072889338654932e-06,3.708905182975286152e-08
4.433988942764699459e-04,1.281780278077349067e-04,2.752596512436866760e-03,1.034909491437474571e-08,8.977999095804989338e-05,9.730183955980464816e-05,0.000000000000000000e+00,3.996118903160095215e-04,1.783072889338654932e-06,3.139334836532725603e-08
4.712902300525456667e-04,1.451415446354076266e-04,2.851544646546244621e-03,1.171873087457697693e-08,9.560217586113139987e-05,1.025173551170155406e-04,0.000000000000000000e+00,4.099422076251357794e-04,1.783072889338654932e-06,4.035980083472168189e-08
5.331725697033107281e-04,1.826482184696942568e-04,3.074948908761143684e-03,1.474701871728711922e-08,1.076528496923856437e-04,1.143339686677791178e-04,0.000000000000000000e+00,4.302949528209865093e-04,1.783072889338654932e-06,3.338526255447504809e-08
5.812699091620743275e-04,2.177455171477049589e-04,3.179632825776934624e-03,1.758077594615770067e-08,1.175153302028775215e-04,1.243306323885917664e-04,0.000000000000000000e+00,4.556113271974027157e-04,1.783072889338654932e-06,4.471343117984361015e-08
6.896863342262804508e-04,2.754362067207694054e-04,3.636732464656233788e-03,2.223872108686464344e-08,1.327174104517325759e-04,1.388249220326542854e-04,0.000000000000000000e+00,5.057689268141984940e-04,1.783072889338654932e-06,3.848805363304563798e-08
7.762786699458956718e-04,3.426485927775502205e-04,3.786748275160789490e-03,2.766545037502510240e-08,1.477663463447242975e-04,1.538501091999933124e-04,0.000000000000000000e+00,5.495522636920213699e-04,1.783072889338654932e-06,5.344191578160462086e-08
9.957014117389917374e-04,4.584931302815675735e-04,4.720869474112987518e-03,3.701874362604939961e-08,1.714183163130655885e-04,1.773750263964757323e-04,0.000000000000000000e+00,6.512129912152886391e-04,1.783072889338654932e-06,4.872404701927735005e-08
1.182959647849202156e-03,5.922082345932722092e-04,5.127266049385070801e-03,4.781489693073126546e-08,1.948147546499967575e-04,1.997089129872620106e-04,0.000000000000000000e+00,7.802482577972114086e-04,1.783072889338654932e-06,7.420435110816470115e-08
1.696862746030092239e-03,8.713986026123166084e-04,7.197102531790733337e-03,7.035673377231432823e-08,2.369585708947852254e-04,2.429832384223118424e-04,0.000000000000000000e+00,1.057538320310413837e-03,1.783072889338654932e-06,7.845285665553092258e-08
2.088990062475204468e-03,1.154901576228439808e-03,8.027615025639533997e-03,9.324676852884294931e-08,2.721975615713745356e-04,2.754938614089041948e-04,0.000000000000000000e+00,1.313269953243434429e-03,1.783072889338654932e-06,1.207560700322574121e-07
3.244163235649466515e-03,1.767471316270530224e-03,1.284509524703025818e-02,1.427056588454433950e-07,3.379930276423692703e-04,3.440510772634297609e-04,0.000000000000000000e+00,1.921823015436530113e-03,1.783072889338654932e-06,1.437090020317555172e-07
3.731883363798260689e-03,2.199584152549505234e-03,1.297480426728725433e-02,1.775944440396415303e-07,3.755952348001301289e-04,3.777290112338960171e-04,0.000000000000000000e+00,2.348187845200300217e-03,1.783072889338654932e-06,2.091157682571065379e-07
5.699819419533014297e-03,3.136993618682026863e-03,2.236139029264450073e-02,2.532808878186187940e-07,4.509037535171955824e-04,4.569197481032460928e-04,0.000000000000000000e+00,3.266870742663741112e-03,1.783072889338654932e-06,2.472529558872338384e-07
5.238425917923450470e-03,3.234250470995903015e-03,1.683725789189338684e-02,2.611334082303073956e-07,4.542481328826397657e-04,4.558208165690302849e-04,0.000000000000000000e+00,3.204492852091789246e-03,1.783072889338654932e-06,2.813710011650982779e-07
6.450357381254434586e-03,3.464590059593319893e-03,2.628262899816036224e-02,2.797310401092545362e-07,4.738206334877759218e-04,4.797935835085809231e-04,0.000000000000000000e+00,3.575042821466922760e-03,1.783072889338654932e-06,2.711901458951615496e-07
4.166749306023120880e-03,2.631814451888203621e-03,1.277509052306413651e-02,2.124926936630799901e-07,4.090301808901131153e-04,4.113808972761034966e-04,0.000000000000000000e+00,2.574258483946323395e-03,1.783072889338654932e-06,2.282690161337086465e-07
3.100363770499825478e-03,1.532460562884807587e-03,1.395523361861705780e-02,1.237308850932095083e-07,3.141186025459319353e-04,3.201529616490006447e-04,0.000000000000000000e+00,1.723796594887971878e-03,1.783072889338654932e-06,1.287425561713462230e-07
1.259574200958013535e-03,7.205895381048321724e-04,4.573806189000606537e-03,5.818040804683732858e-08,2.148103230865672231e-04,2.199985465267673135e-04,0.000000000000000000e+00,8.160403231158852577e-04,1.783072889338654932e-06,7.747254926471214276e-08
3.798810648731887341e-04,8.005631389096379280e-05,2.645067404955625534e-03,6.463747315166301632e-09,6.853851664345711470e-05,7.577547512482851744e-05,0.000000000000000000e+00,3.531798138283193111e-04,1.783072889338654932e-06,2.854966396625968628e-08
2.846290590241551399e-04,4.197752787149511278e-05,2.106660977005958557e-03,3.389265756936765683e-09,4.654478470911271870e-05,5.763431181549094617e-05,0.000000000000000000e+00,3.198542981408536434e-04,1.783072889338654932e-06,2.667540321965589101e-08
7.984029944054782391e-04,3.282511897850781679e-04,4.116987343877553940e-03,2.650300601203525730e-08,1.439965853933244944e-04,1.490102440584450960e-04,0.000000000000000000e+00,5.845304112881422043e-04,1.783072889338654932e-06,5.672923464317136677e-08
1.717379898764193058e-03,9.545158827677369118e-04,6.558384280651807785e-03,7.706762517045717686e-08,2.457867376506328583e-04,2.518515684641897678e-04,0.000000000000000000e+00,1.070256112143397331e-03,1.783072889338654932e-06,7.957484626786026638e-08
2.293861936777830124e-03,1.233815914019942284e-03,9.159120731055736542e-03,9.961831182181413169e-08,2.812538295984268188e-04,2.843711408786475658e-04,0.000000000000000000e+00,1.441337633877992630e-03,1.783072889338654932e-06,1.318915536785425502e-07
3.151542507112026215e-03,1.727623981423676014e-03,1.251336373388767242e-02,1.394883781813405221e-07,3.337255911901593208e-04,3.395351523067802191e-04,0.000000000000000000e+00,1.725819660350680351e-03,1.783072889338654932e-06,1.288718465275451308e-07
2.560500986874103546e-03,1.540012890473008156e-03,8.670937269926071167e-03,1.243406444473293959e-07,3.131456032861024141e-04,3.166530223097652197e-04,0.000000000000000000e+00,1.533943577669560909e-03,1.783072889338654932e-06,1.398210400793686858e-07
2.184859011322259903e-03,1.045416807755827904e-03,1.020243018865585327e-02,8.440696319667040370e-08,2.589614014141261578e-04,2.648703521117568016e-04,0.000000000000000000e+00,1.191989635117352009e-03,1.783072889338654932e-06,8.860241251795741846e-08
1.118074171245098114e-03,6.468589417636394501e-04,3.970910795032978058e-03,5.222739929422459682e-08,2.017843071371316910e-04,2.075258962577208877e-04,0.000000000000000000e+00,7.412413833662867546e-04,1.783072889338654932e-06,7.074545038676660624e-08
4.641801351681351662e-04,1.164456407423131168e-04,3.084173891693353653e-03,9.401823319876712048e-09,8.411861199419945478e-05,9.136144944932311773e-05,0.000000000000000000e+00,3.931708051823079586e-04,1.783072889338654932e-06,3.111507851372152800e-08
2.204187185270711780e-04,7.829708920326083899e-06,1.850726664997637272e-03,6.321708156953320668e-10,1.712878292892128229e-05,3.549528992152772844e-05,0.000000000000000000e+00,2.751635038293898106e-04,1.783072889338654932e-06,2.512399710496993066e-08
4.072063602507114410e-04,1.112869358621537685e-04,2.597974147647619247e-03,8.985308497244659520e-09,8.374323806492611766e-05,9.067856444744393229e-05,0.000000000000000000e+00,3.612202126532793045e-04,1.783072889338654932e-06,3.571122064727205725e-08
8.639139123260974884e-04,4.451651766430586576e-04,3.559299511834979057e-03,3.594264441630912188e-08,1.670398924034088850e-04,1.732401433400809765e-04,0.000000000000000000e+00,6.281875539571046829e-04,1.783072889338654932e-06,4.732025260523187171e-08
1.242124591954052448e-03,5.594749818556010723e-04,6.003202870488166809e-03,4.517201546150317881e-08,1.891156862257048488e-04,1.932518207468092442e-04,0.000000000000000000e+00,8.232921245507895947e-04,1.783072889338654932e-06,7.806427504419843899e-08
1.675740350037813187e-03,9.402389987371861935e-04,6.362619809806346893e-03,7.591491169023356633e-08,2.451551845297217369e-04,2.509402111172676086e-04,0.000000000000000000e+00,9.923935867846012115e-04,1.783072889338654932e-06,7.377832389465766028e-08
1.559079042635858059e-03,8.182296878658235073e-04,6.394645664840936661e-03,6.606386904195460374e-08,2.294686855748295784e-04,2.333732845727354288e-04,0.000000000000000000e+00,1.013848464936017990e-03,1.783072889338654932e-06,9.485376750717477989e-08
1.498700003139674664e-03,7.336169946938753128e-04,6.748190615326166153e-03,5.923224932757875649e-08,2.173014363506808877e-04,2.233515842817723751e-04,0.000000000000000000e+00,9.026386542245745659e-04,1.783072889338654932e-06,6.704236454879719531e-08
9.810472838580608368e-04,5.305904196575284004e-04,3.804255276918411255e-03,4.283987564690505678e-08,1.819824392441660166e-04,1.874504378065466881e-04,0.000000000000000000e+00,7.003135979175567627e-04,1.783072889338654932e-06,6.713453615247999551e-08
5.813181051053106785e-04,1.872580323833972216e-04,3.471409901976585388e-03,1.511921432495455520e-08,1.082579838111996651e-04,1.157457154477015138e-04,0.000000000000000000e+00,4.691903013736009598e-04,1.783072889338654932e-06,3.608755250184003671e-08
2.819409128278493881e-04,6.331527401925995946e-05,1.873075147159397602e-03,5.112075651680925148e-09,6.142236088635399938e-05,6.974625284783542156e-05,0.000000000000000000e+00,3.131811099592596292e-04,1.783072889338654932e-06,3.071152931966025790e-08
2.167655911762267351e-04,1.274937676498666406e-05,1.768325804732739925e-03,1.029384799622334867e-09,2.651561771926935762e-05,3.972841659560799599e-05,0.000000000000000000e+00,2.718362375162541866e-04,1.783072889338654932e-06,2.539525567613054591e-08
3.454654070083051920e-04,1.010440028039738536e-04,2.099228091537952423e-03,8.158293596238763712e-09,7.934497989481315017e-05,8.616816194262355566e-05,0.000000000000000000e+00,3.449860960245132446e-04,1.783072889338654932e-06,2.803245280347255175e-08
5.579175194725394249e-04,1.926193363033235073e-04,3.208511509001255035e-03,1.555208761772064463e-08,1.104434340959414840e-04,1.165693902294151485e-04,0.000000000000000000e+00,4.444701771717518568e-04,1.783072889338654932e-06,4.379900531148450682e-08
7.949785795062780380e-04,4.000232729595154524e-04,3.369246609508991241e-03,3.229788347880457877e-08,1.586805301485583186e-04,1.646994642214849591e-04,0.000000000000000000e+00,5.803065141662955284e-04,1.783072889338654932e-06,4.384980201166399638e-08
8.670329698361456394e-04,3.829255874734371901e-04,4.202422685921192169e-03,3.091741618277410453e-08,1.568085572216659784e-04,1.614889333723112941e-04,0.000000000000000000e+00,6.386508466675877571e-04,1.783072889338654932e-06,6.167113042465643957e-08
9.286559652537107468e-04,4.457086324691772461e-04,4.184626042842864990e-03,3.598651687752862927e-08,1.691903598839417100e-04,1.754435652401298285e-04,0.000000000000000000e+00,6.448474014177918434e-04,1.783072889338654932e-06,4.833302469364753051e-08
7.517043268308043480e-04,3.574056318029761314e-04,3.348095109686255455e-03,2.885693639598230220e-08,1.502666709711775184e-04,1.558358781039714813e-04,0.000000000000000000e+00,5.948915495537221432e-04,1.783072889338654932e-06,5.774433731176031870e-08
5.759472842328250408e-04,2.056820958387106657e-04,3.239394864067435265e-03,1.660677462211879174e-08,1.146647700807079673e-04,1.216550954268313944e-04,0.000000000000000000e+00,4.632564960047602654e-04,1.783072889338654932e-06,3.559658523499820149e-08
3.607390099205076694e-04,1.219046098412945867e-04,2.029764233157038689e-03,9.842579196117640095e-09,8.645842171972617507e-05,9.432083606952801347e-05,0.000000000000000000e+00,3.585795057006180286e-04,1.783072889338654932e-06,3.553785887788762921e-08
2.318496408406645060e-04,2.141663208021782339e-05,1.817673561163246632e-03,1.729179022191829063e-09,3.520485915942117572e-05,4.592018012772314250e-05,0.000000000000000000e+00,2.866564318537712097e-04,1.783072889338654932e-06,2.482735439457428583e-08
1.980634406208992004e-04,7.176877716119633988e-06,1.637685229070484638e-03,5.794612012444133597e-10,1.709543539618607610e-05,3.465195186436176300e-05,0.000000000000000000e+00,2.711804118007421494e-04,1.783072889338654932e-06,2.444605939899702207e-08
2.534812374506145716e-04,3.919418304576538503e-05,1.843114499934017658e-03,3.164538631139635072e-09,4.821274706046096981e-05,5.615924601443111897e-05,0.000000000000000000e+00,2.997559495270252228e-04,1.783072889338654932e-06,2.944557309092488140e-08
3.665523254312574863e-04,1.232503855135291815e-04,2.060943050310015678e-03,9.951238943983753416e-09,8.758361946092918515e-05,9.501284512225538492e-05,0.000000000000000000e+00,3.720763197634369135e-04,1.783072889338654932e-06,2.963228418195740232e-08
4.733091627713292837e-04,1.579688832862302661e-04,2.721654251217842102e-03,1.275440908443670196e-08,9.993346611736342311e-05,1.057315821526572108e-04,0.000000000000000000e+00,4.317486309446394444e-04,1.783072889338654932e-06,4.264791897412578692e-08
5.809041904285550117e-04,2.545969909988343716e-04,2.783618634566664696e-03,2.055616299401208380e-08,1.271812070626765490e-04,1.337682333542034030e-04,0.000000000000000000e+00,4.794532433152198792e-04,1.783072889338654932e-06,3.670776038688927656e-08
5.969999474473297596e-04,2.483199641574174166e-04,2.995347604155540466e-03,2.004935595323331654e-08,1.255178503924980760e-04,1.311644300585612655e-04,0.000000000000000000e+00,4.914526944048702717e-04,1.783072889338654932e-06,4.827743893542901787e-08
6.103136111050844193e-04,2.525834715925157070e-04,3.103442490100860596e-03,2.039359081607017288e-08,1.270834618480876088e-04,1.335606066277250648e-04,0.000000000000000000e+00,4.738595453090965748e-04,1.783072889338654932e-06,3.626522371291684976e-08
5.329346749931573868e-04,2.296618768014013767e-04,2.589593408629298210e-03,1.854290232472521893e-08,1.195159347844310105e-04,1.263435115106403828e-04,0.000000000000000000e+00,4.431349807418882847e-04,1.783072889338654932e-06,4.377130835564457811e-08
4.752580134663730860e-04,1.658354449318721890e-04,2.696244278922677040e-03,1.338955613050529792e-08,1.032858854159712791e-04,1.095966290449723601e-04,0.000000000000000000e+00,3.979813191108405590e-04,1.783072889338654932e-06,3.118962155213012011e-08
3.819832345470786095e-04,1.349921658402308822e-04,2.115426817908883095e-03,1.089926904285221099e-08,9.172919817501679063e-05,1.000569463940337300e-04,0.000000000000000000e+00,3.544838982634246349e-04,1.783072889338654932e-06,3.521937230743787950e-08
3.148715477436780930e-04,8.248957601608708501e-05,2.001979388296604156e-03,6.660209272979500383e-09,7.211748015834018588e-05,7.862140773795545101e-05,0.000000000000000000e+00,3.218401980120688677e-04,1.783072889338654932e-06,2.645465713158046128e-08
2.554712409619241953e-04,5.120030255056917667e-05,1.753572025336325169e-03,4.133912767656511278e-09,5.632223837892524898e-05,6.593560101464390755e-05,0.000000000000000000e+00,2.891373296733945608e-04,1.783072889338654932e-06,2.832279477615884389e-08
2.180658484576269984e-04,3.113832644885405898e-05,1.592925400473177433e-03,2.514108921047863987e-09,4.310447911848314106e-05,5.049469109508208930e-05,0.000000000000000000e+00,2.763498050626367331e-04,1.783072889338654932e-06,2.434960677533126727e-08
1.951166195794939995e-04,1.519978195574367419e-05,1.531975460238754749e-03,1.227230650435728876e-09,2.886513902922160923e-05,4.171571345068514347e-05,0.000000000000000000e+00,2.671929541975259781e-04,1.783072889338654932e-06,2.513780472668258881e-08
1.852379209594801068e-04,9.574374416843056679e-06,1.490354887209832668e-03,7.730351359036546910e-10,2.173356733692344278e-05,3.141267006867565215e-05,0.000000000000000000e+00,2.662806073203682899e-04,1.783072889338654932e-06,2.503442786405685183e-08
1.870433188742026687e-04,1.267512016056571156e-05,1.474316348321735859e-03,1.023389373244754097e-09,2.496739398338831961e-05,3.846147592412307858e-05,0.000000000000000000e+00,2.693655551411211491e-04,1.783072889338654932e-06,2.412282995578607370e-08
2.018580271396785975e-04,2.064971340587362647e-05,1.532887457869946957e-03,1.667258109350200357e-09,3.452042801654897630e-05,4.299795909901149571e-05,0.000000000000000000e+00,2.791957231238484383e-04,1.783072889338654932e-06,2.719641223336566327e-08
2.302057546330615878e-04,3.608133192756213248e-05,1.649142475798726082e-03,2.913207231003411835e-09,4.668347901315428317e-05,5.597922427114099264e-05,0.000000000000000000e+00,2.921017003245651722e-04,1.783072889338654932e-06,2.480782157476824068e-08
2.640048041939735413e-04,6.307657895376905799e-05,1.701328903436660767e-03,5.092803512241061981e-09,6.216433394001796842e-05,7.079711940605193377e-05,0.000000000000000000e+00,3.079533926211297512e-04,1.783072889338654932e-06,3.050773145218954596e-08
3.069236408919095993e-04,8.045350114116445184e-05,1.941572991199791431e-03,6.495817217455623904e-09,7.125410047592595220e-05,7.825774810044094920e-05,0.000000000000000000e+00,3.231284790672361851e-04,1.783072889338654932e-06,2.645311703020070127e-08
3.447069611866027117e-04,1.141457178164273500e-04,1.963254529982805252e-03,9.216126528599488665e-09,8.468435407849028707e-05,9.253954340238124132e-05,0.000000000000000000e+00,3.423579619266092777e-04,1.783072889338654932e-06,3.407337345606720191e-08
4.023579531349241734e-04,1.434901641914620996e-04,2.219841117039322853e-03,1.158539664203317443e-08,9.517170838080346584e-05,1.015395610011182725e-04,0.000000000000000000e+00,3.688370052259415388e-04,1.783072889338654932e-06,2.924039144147627667e-08
4.496725450735539198e-04,1.732543605612590909e-04,2.373681636527180672e-03,1.398856053214103667e-08,1.052854131557978690e-04,1.121650420827791095e-04,0.000000000000000000e+00,3.905003541149199009e-04,1.783072889338654932e-06,3.881778809500247007e-08
5.422979011200368404e-04,2.346202818443998694e-04,2.636159770190715790e-03,1.894324341833453218e-08,1.219996338477358222e-04,1.280887227039784193e-04,0.000000000000000000e+00,4.406162188388407230e-04,1.783072889338654932e-06,3.396202075123255781e-08
6.203255616128444672e-04,2.741967036854475737e-04,2.974535571411252022e-03,2.213864469524651213e-08,1.322786993114277720e-04,1.382245245622470975e-04,0.000000000000000000e+00,4.867527459282428026e-04,1.783072889338654932e-06,4.791034768913959851e-08
8.005368872545659542e-04,3.871712833642959595e-04,3.558275057002902031e-03,3.126021397292788606e-08,1.575582718942314386e-04,1.636589877307415009e-04,0.000000000000000000e+00,5.753810983151197433e-04,1.783072889338654932e-06,4.327084468513930915e-08
9.395197848789393902e-04,4.774187691509723663e-04,3.951188176870346069e-03,3.854679420101092546e-08,1.746368798194453120e-04,1.794950803741812706e-04,0.000000000000000000e+00,6.698219804093241692e-04,1.783072889338654932e-06,6.458608226012074738e-08
1.278802519664168358e-03,6.545647047460079193e-04,5.400620866566896439e-03,5.284956472451085574e-08,2.054556389339268208e-04,2.115823008352890611e-04,0.000000000000000000e+00,8.417576318606734276e-04,1.783072889338654932e-06,6.247721273666684283e-08
1.488326466642320156e-03,8.309922413900494576e-04,5.574217066168785095e-03,6.709431232820861624e-08,2.304652298334985971e-04,2.341637591598555446e-04,0.000000000000000000e+00,9.991256520152091980e-04,1.783072889338654932e-06,9.366978304115036735e-08
2.094320487231016159e-03,1.114600221626460552e-03,8.514513261616230011e-03,8.999283096500221291e-08,2.685149665921926498e-04,2.747346297837793827e-04,0.000000000000000000e+00,1.282690092921257019e-03,1.783072889338654932e-06,9.524549682282668073e-08
2.279323991388082504e-03,1.332683372311294079e-03,8.000096306204795837e-03,1.076008686595741892e-07,2.922640414908528328e-04,2.950361813418567181e-04,0.000000000000000000e+00,1.466308487579226494e-03,1.783072889338654932e-06,1.341165329904470127e-07
3.125493181869387627e-03,1.703706104308366776e-03,1.234038267284631729e-02,1.375572509232370066e-07,3.317997325211763382e-04,3.379774570930749178e-04,0.000000000000000000e+00,1.877488102763891220e-03,1.783072889338654932e-06,1.403161888902104693e-07
3.040369367226958275e-03,1.815226161852478981e-03,1.033189054578542709e-02,1.465613763684814330e-07,3.413243102841079235e-04,3.434124810155481100e-04,0.000000000000000000e+00,1.919541740790009499e-03,1.783072889338654932e-06,1.729020766561006894e-07
3.851780202239751816e-03,2.109345979988574982e-03,1.516520045697689056e-02,1.703086240922857542e-07,3.696391067933291197e-04,3.758171515073627234e-04,0.000000000000000000e+00,2.259142929688096046e-03,1.783072889338654932e-06,1.695292155545757851e-07
3.211048664525151253e-03,1.945530646480619907e-03,1.063077617436647415e-02,1.570821694940605084e-07,3.529029781930148602e-04,3.549651301000267267e-04,0.000000000000000000e+00,2.024404238909482956e-03,1.783072889338654932e-06,1.818472838976958883e-07
3.412226913496851921e-03,1.830443507060408592e-03,1.382581610232591629e-02,1.477900184454483679e-07,3.438660642132163048e-04,3.500347083900123835e-04,0.000000000000000000e+00,1.992016797885298729e-03,1.783072889338654932e-06,1.491004297804465750e-07
2.336678560823202133e-03,1.414017518982291222e-03,7.751899305731058121e-03,1.141677827831699688e-07,3.012006927747279406e-04,3.039941948372870684e-04,0.000000000000000000e+00,1.474712044000625610e-03,1.783072889338654932e-06,1.349008726947431569e-07
1.821974874474108219e-03,9.197811596095561981e-04,7.905246689915657043e-03,7.426314141412149183e-08,2.430175518384203315e-04,2.492394705768674612e-04,0.000000000000000000e+00,1.116689643822610378e-03,1.783072889338654932e-06,8.288515118692885153e-08
9.525113855488598347e-04,5.225939094088971615e-04,3.617039415985345840e-03,4.219423388462928415e-08,1.830927940318360925e-04,1.882191863842308521e-04,0.000000000000000000e+00,6.821348797529935837e-04,1.783072889338654932e-06,6.578456179795466596e-08
4.568848526105284691e-04,1.661279529798775911e-04,2.507247030735015869e-03,1.341317190650670454e-08,1.021629650495015085e-04,1.086920383386313915e-04,0.000000000000000000e+00,4.003220819868147373e-04,1.783072889338654932e-06,3.129764536424772814e-08
1.965326373465359211e-04,2.816766937030479312e-05,1.415984588675200939e-03,2.274257893120079643e-09,4.116496347705833614e-05,5.198788858251646161e-05,0.000000000000000000e+00,2.676649601198732853e-04,1.783072889338654932e-06,2.602179094424172945e-08
1.969706063391640782e-04,2.617326936160679907e-05,1.429112511686980724e-03,2.113230035405422313e-09,3.822265716735273600e-05,4.634586730389855802e-05,0.000000000000000000e+00,2.788608544506132603e-04,1.783072889338654932e-06,2.741150240126444260e-08
3.869716892950236797e-04,1.493708987254649401e-04,1.980099594220519066e-03,1.206020794342066438e-08,9.573777788318693638e-05,1.032622822094708681e-04,0.000000000000000000e+00,3.959082532674074173e-04,1.783072889338654932e-06,3.104896606487272948e-08
6.539112073369324207e-04,2.958546392619609833e-04,3.027953905984759331e-03,2.388730635516367329e-08,1.371987746097147465e-04,1.420500921085476875e-04,0.000000000000000000e+00,5.526111926883459091e-04,1.783072889338654932e-06,5.406812064734367596e-08
1.007889513857662678e-03,5.125901079736649990e-04,4.220426548272371292e-03,4.138653153518134786e-08,1.813333947211503983e-04,1.879845658550038934e-04,0.000000000000000000e+00,7.325676851905882359e-04,1.783072889338654932e-06,5.456006846316086012e-08
1.158504281193017960e-03,6.272256141528487206e-04,4.476590547710657120e-03,5.064219976702588610e-08,2.002634282689541578e-04,2.041663537966087461e-04,0.000000000000000000e+00,8.361964137293398380e-04,1.783072889338654932e-06,7.944071001020347467e-08
1.412463607266545296e-03,7.188906893134117126e-04,6.028608419001102448e-03,5.804324487712619884e-08,2.149745560018345714e-04,2.213858388131484389e-04,0.000000000000000000e+00,9.071192471310496330e-04,1.783072889338654932e-06,6.730782331487716874e-08
1.298807794228196144e-03,7.364740595221519470e-04,4.749367479234933853e-03,5.946292702674327302e-08,2.167743223253637552e-04,2.208957739640027285e-04,0.000000000000000000e+00,8.739698096178472042e-04,1.783072889338654932e-06,8.276245466731779743e-08
1.326701836660504341e-03,6.654346361756324768e-04,5.775936879217624664e-03,5.372720224272597989e-08,2.069871698040515184e-04,2.129983768099918962e-04,0.000000000000000000e+00,8.367345435544848442e-04,1.783072889338654932e-06,6.213479508687669295e-08
1.060074660927057266e-03,5.781009676866233349e-04,4.122359212487936020e-03,4.667587560902575206e-08,1.920409267768263817e-04,1.971208257600665092e-04,0.000000000000000000e+00,6.973777199164032936e-04,1.783072889338654932e-06,6.712667754982248880e-08
9.463389869779348373e-04,4.738127463497221470e-04,4.125155042856931686e-03,3.825564931503322441e-08,1.744975161273032427e-04,1.799371530069038272e-04,0.000000000000000000e+00,6.001072470098733902e-04,1.783072889338654932e-06,4.504244088820996694e-08
7.051902357488870621e-04,3.434167883824557066e-04,3.143617417663335800e-03,2.772747720314328035e-08,1.487265690229833126e-04,1.552082685520872474e-04,0.000000000000000000e+00,4.741173761431127787e-04,1.783072889338654932e-06,4.685772481138883450e-08
5.737522733397781849e-04,2.741829666774719954e-04,2.597154816612601280e-03,2.213753447222188697e-08,1.321305171586573124e-04,1.368947996525093913e-04,0.000000000000000000e+00,3.985378134530037642e-04,1.783072889338654932e-06,3.117506963690175326e-08
4.207638266962021589e-04,1.721092849038541317e-04,2.159175463020801544e-03,1.389610471136393244e-08,1.043306911014951766e-04,1.129943484556861222e-04,0.000000000000000000e+00,3.273700422141700983e-04,1.783072889338654932e-06,3.269512660608597798e-08
3.302930272184312344e-04,1.272982772206887603e-04,1.744679291732609272e-03,1.027806373343764790e-08,8.901197725208476186e-05,9.373887587571516633e-05,0.000000000000000000e+00,2.852680627256631851e-04,1.783072889338654932e-06,2.436225088331411825e-08
2.561392320785671473e-04,7.914717571111395955e-05,1.504097599536180496e-03,6.390343809670184783e-09,6.896496051922440529e-05,8.007288852240890265e-05,0.000000000000000000e+00,2.658229495864361525e-04,1.783072889338654932e-06,2.584359748425413272e-08
2.129483036696910858e-04,5.156992119736969471e-05,1.359235960990190506e-03,4.163756006647645336e-09,5.382842573453672230e-05,5.957624307484366000e-05,0.000000000000000000e+00,2.545477182138711214e-04,1.783072889338654932e-06,2.365863949194135785e-08
1.899054041132330894e-04,3.686131094582378864e-05,1.273646717891097069e-03,2.976182855718434439e-09,4.391159382066689432e-05,5.743729343521408737e-05,0.000000000000000000e+00,2.567942137829959393e-04,1.783072889338654932e-06,2.342511074004960392e-08
1.851827109931036830e-04,3.384684168850071728e-05,1.247814972884953022e-03,2.732794435189589421e-09,4.171896216575987637e-05,4.910650386591441929e-05,0.000000000000000000e+00,2.655437565408647060e-04,1.783072889338654932e-06,2.592968684211882646e-08
1.968949509318917990e-04,3.701975219883024693e-05,1.318168011493980885e-03,2.988975289497375343e-09,4.475331661524251103e-05,5.610412699752487242e-05,0.000000000000000000e+00,2.805838885251432657e-04,1.783072889338654932e-06,2.404008014877945243e-08
2.186234632972627878e-04,5.178363426239229739e-05,1.369513105601072311e-03,4.181011092896369519e-09,5.519546175491996109e-05,6.155375012895092368e-05,0.000000000000000000e+00,2.988851047120988369e-04,1.783072889338654932e-06,2.982006108709356340e-08
2.551935613155364990e-04,7.311491935979574919e-05,1.494404510594904423e-03,5.903299182818955160e-09,6.728697189828380942e-05,7.567775901407003403e-05,0.000000000000000000e+00,3.263819671701639891e-04,1.783072889338654932e-06,2.653460917656502716e-08
2.920896513387560844e-04,9.076468268176540732e-05,1.666814670898020267e-03,7.328341045109709739e-09,7.511319563491269946e-05,8.134846575558185577e-05,0.000000000000000000e+00,3.464351757429540157e-04,1.783072889338654932e-06,3.471443932312467950e-08
3.413401427678763866e-04,1.275642280234023929e-04,1.765147084370255470e-03,1.029953811126915753e-08,8.969129703473299742e-05,9.726637654239311814e-05,0.000000000000000000e+00,3.726120630744844675e-04,1.783072889338654932e-06,2.941564503089466598e-08
3.714845515787601471e-04,1.382956834277138114e-04,1.942628528922796249e-03,1.116599612771551620e-08,9.334670176031067967e-05,9.924715413944795728e-05,0.000000000000000000e+00,3.892602981068193913e-04,1.783072889338654932e-06,3.890230004799377639e-08
4.206422308925539255e-04,1.711553486529737711e-04,2.090842928737401962e-03,1.381908454334279668e-08,1.045385797624476254e-04,1.115296836360357702e-04,0.000000000000000000e+00,4.040260682813823223e-04,1.783072889338654932e-06,3.144510429820002173e-08
4.390857648104429245e-04,1.853632420534268022e-04,2.123443875461816788e-03,1.496622914487488742e-08,1.079864669009111822e-04,1.143974441220052540e-04,0.000000000000000000e+00,4.137814976274967194e-04,1.783072889338654932e-06,4.125055852455261629e-08
4.924337845295667648e-04,2.099442353937774897e-04,2.399606863036751747e-03,1.695089935083160526e-08,1.162011976703070104e-04,1.226038584718480706e-04,0.000000000000000000e+00,4.252883372828364372e-04,1.783072889338654932e-06,3.283418692490158719e-08
5.190700758248567581e-04,2.399301738478243351e-04,2.364635933190584183e-03,1.937196536516694323e-08,1.232291688211262226e-04,1.298386778216809034e-04,0.000000000000000000e+00,4.267630865797400475e-04,1.783072889338654932e-06,4.248100538006838178e-08
6.084797787480056286e-04,2.835681661963462830e-04,2.798056229948997498e-03,2.289529810184376402e-08,1.352730469079688191e-04,1.407484669471159577e-04,0.000000000000000000e+00,4.510600701905786991e-04,1.783072889338654932e-06,3.456098696119624947e-08
6.600524066016077995e-04,3.300240205135196447e-04,2.838208340108394623e-03,2.664614306979729008e-08,1.452455471735447645e-04,1.519464713055640459e-04,0.000000000000000000e+00,4.620759864337742329e-04,1.783072889338654932e-06,4.578612333716591820e-08
8.103712461888790131e-04,4.149339802097529173e-04,3.460470354184508324e-03,3.350177024685763172e-08,1.636171073187142611e-04,1.683665323071181774e-04,0.000000000000000000e+00,4.939026548527181149e-04,1.783072889338654932e-06,3.749975974187691463e-08
8.846901473589241505e-04,4.780789313372224569e-04,3.561221761628985405e-03,3.860009911704764818e-08,1.747247588355094194e-04,1.812609261833131313e-04,0.000000000000000000e+00,5.048902239650487900e-04,1.783072889338654932e-06,4.974971545834705466e-08
1.124118920415639877e-03,6.117961020208895206e-04,4.560044035315513611e-03,4.939642295198609645e-08,1.987214200198650360e-04,2.030843024840578437e-04,0.000000000000000000e+00,5.631842068396508694e-04,1.783072889338654932e-06,4.235166528587797075e-08
1.227283733896911144e-03,7.086276891641318798e-04,4.585231654345989227e-03,5.721460283325541241e-08,2.129386266460642219e-04,2.191165112890303135e-04,0.000000000000000000e+00,6.013286765664815903e-04,1.783072889338654932e-06,5.855194018522524857e-08
1.591975567862391472e-03,8.954773657023906708e-04,6.285454146564006805e-03,7.230084264620018075e-08,2.400941157247871161e-04,2.442113473080098629e-04,0.000000000000000000e+00,6.795277586206793785e-04,1.783072889338654932e-06,5.066413777399247920e-08
1.660514273680746555e-03,1.005603116936981678e-03,5.811804905533790588e-03,8.119239680581813445e-08,2.537551918067038059e-04,2.594091347418725491e-04,0.000000000000000000e+00,7.373062544502317905e-04,1.783072889338654932e-06,7.074176977539536892e-08
2.086088294163346291e-03,1.172292861156165600e-03,8.283079601824283600e-03,9.465093597782470169e-08,2.752449654508382082e-04,2.793495659716427326e-04,0.000000000000000000e+00,8.548741461709141731e-04,1.783072889338654932e-06,6.343115899198892293e-08
1.970202894881367683e-03,1.211816328577697277e-03,6.687452085316181183e-03,9.784206156382424524e-08,2.786615514196455479e-04,2.837594656739383936e-04,0.000000000000000000e+00,8.964153239503502846e-04,1.783072889338654932e-06,8.480309077185665956e-08
2.272910438477993011e-03,1.250391360372304916e-03,9.213963523507118225e-03,1.009566119591909228e-07,2.845477720256894827e-04,2.890039759222418070e-04,0.000000000000000000e+00,1.011226559057831764e-03,1.783072889338654932e-06,7.498043430587131297e-08
1.916361507028341293e-03,1.158181694336235523e-03,6.537125911563634872e-03,9.351160201731545385e-08,2.728409017436206341e-04,2.771690487861633301e-04,0.000000000000000000e+00,1.044671167619526386e-03,1.783072889338654932e-06,9.779797238707033102e-08
1.993293408304452896e-03,1.060453942045569420e-03,8.222521282732486725e-03,8.562107467469104449e-08,2.609914808999747038e-04,2.666117507033050060e-04,0.000000000000000000e+00,1.105873612686991692e-03,1.783072889338654932e-06,8.203019064012551098e-08
1.602372271008789539e-03,9.338634554296731949e-04,5.613159388303756714e-03,7.540013768903008895e-08,2.447125734761357307e-04,2.479237737134099007e-04,0.000000000000000000e+00,1.071927836164832115e-03,1.783072889338654932e-06,1.002027261165494565e-07
1.619396498426795006e-03,8.576424443162977695e-04,6.480327341705560684e-03,6.924606310576564283e-08,2.347873232793062925e-04,2.417071373201906681e-04,0.000000000000000000e+00,1.137212966568768024e-03,1.783072889338654932e-06,8.436819598500733264e-08
1.365334377624094486e-03,7.914599846117198467e-04,4.689326044172048569e-03,6.390248330490067019e-08,2.246790681965649128e-04,2.270639961352571845e-04,0.000000000000000000e+00,1.049418002367019653e-03,1.783072889338654932e-06,9.827039093579514883e-08
1.426090835593640804e-03,7.958749774843454361e-04,5.233826115727424622e-03,6.425896259543151245e-08,2.222098846687003970e-04,2.298447943758219481e-04,0.000000000000000000e+00,1.068332698196172714e-03,1.783072889338654932e-06,7.922602662802091800e-08
1.232933951541781425e-03,7.469693082384765148e-04,3.918570932000875473e-03,6.031031318798341090e-08,2.126824401784688234e-04,2.149660722352564335e-04,0.000000000000000000e+00,9.410758502781391144e-04,1.783072889338654932e-06,8.882234681095724227e-08
1.251157955266535282e-03,7.356951246038079262e-04,4.228231497108936310e-03,5.940002978377378895e-08,2.067068417090922594e-04,2.148073253920301795e-04,0.000000000000000000e+00,9.263972169719636440e-04,1.783072889338654932e-06,6.868405932891619159e-08
1.014498877339065075e-03,6.265543051995337009e-04,3.129880642518401146e-03,5.058799956714210566e-08,1.892738364404067397e-04,1.921525836223736405e-04,0.000000000000000000e+00,7.495656027458608150e-04,1.783072889338654932e-06,7.194007167754534748e-08
8.881627582013607025e-04,5.184937617741525173e-04,3.033205168321728706e-03,4.186318847132497467e-08,1.696318213362246752e-04,1.779261510819196701e-04,0.000000000000000000e+00,6.634844467043876648e-04,1.783072889338654932e-06,4.948565646145652863e-08
6.106488872319459915e-04,3.425513568799942732e-04,2.158359624445438385e-03,2.765760065415179270e-08,1.393682468915358186e-04,1.431454729754477739e-04,0.000000000000000000e+00,5.226156208664178848e-04,1.783072889338654932e-06,5.149335180476555252e-08
4.114566254429519176e-04,1.900790375657379627e-04,1.807736698538064957e-03,1.534698590432981291e-08,1.041827999870292842e-04,1.125958733609877527e-04,0.000000000000000000e+00,4.060392966493964195e-04,1.783072889338654932e-06,3.150586636024854670e-08
2.483973512426018715e-04,7.843817002139985561e-05,1.376190222799777985e-03,6.333098490074462461e-09,6.924937770236283541e-05,7.528305286541581154e-05,0.000000000000000000e+00,3.234014729969203472e-04,1.783072889338654932e-06,3.257198599726507382e-08
1.900722418213263154e-04,4.182867633062414825e-05,1.214118557982146740e-03,3.377247814739803289e-09,5.077829337096773088e-05,5.772092481493018568e-05,0.000000000000000000e+00,2.683171187527477741e-04,1.783072889338654932e-06,2.325104198064309458e-08
2.102842263411730528e-04,6.111081893322989345e-05,1.243796898052096367e-03,4.934088249086698852e-09,5.942342249909415841e-05,7.146391726564615965e-05,0.000000000000000000e+00,2.479373069945722818e-04,1.783072889338654932e-06,2.377106866902067850e-08
2.650126407388597727e-04,1.110601151594892144e-04,1.290818559937179089e-03,8.966995146408862638e-09,7.602348341606557369e-05,8.159058052115142345e-05,0.000000000000000000e+00,2.487065794412046671e-04,1.783072889338654932e-06,2.406600074777998088e-08
2.967168111354112625e-04,1.367853983538225293e-04,1.339075388386845589e-03,1.104405544793962690e-08,8.164044265868142247e-05,9.353487985208630562e-05,0.000000000000000000e+00,2.602387685328722000e-04,1.783072889338654932e-06,2.296895829090317420e-08
2.786486584227532148e-04,1.220119447680190206e-04,1.301003736443817616e-03,9.851245152958654216e-09,7.858109165681526065e-05,8.339150372194126248e-05,0.000000000000000000e+00,2.653632545843720436e-04,1.783072889338654932e-06,2.634509499443993263e-08
2.300321502843871713e-04,8.441287354798987508e-05,1.183419954031705856e-03,6.815496611523030879e-09,6.425142055377364159e-05,7.566197018604725599e-05,0.000000000000000000e+00,2.727729151956737041e-04,1.783072889338654932e-06,2.342808969046927814e-08
1.768148067640140653e-04,3.922122778021730483e-05,1.103235990740358829e-03,3.166722439829072755e-09,4.621285552275367081e-05,5.319432602846063673e-05,0.000000000000000000e+00,2.726998063735663891e-04,1.783072889338654932e-06,2.720122793675727735e-08
1.596954534761607647e-04,2.425146158202551305e-05,1.092554419301450253e-03,1.958063489126971035e-09,3.749234383576549590e-05,4.767650170833803713e-05,0.000000000000000000e+00,2.618854341562837362e-04,1.783072889338654932e-06,2.292956224891895545e-08
1.849145774031057954e-04,4.170052852714434266e-05,1.171753741800785065e-03,3.366900980239506680e-09,5.099517875351011753e-05,6.141971971374005079e-05,0.000000000000000000e+00,2.603866741992533207e-04,1.783072889338654932e-06,2.570894430675707554e-08
2.398914366494864225e-04,8.371391595574095845e-05,1.303293858654797077e-03,6.759062198824494772e-09,7.172601181082427502e-05,7.650891348021104932e-05,0.000000000000000000e+00,2.584813337307423353e-04,1.783072889338654932e-06,2.277218591473229026e-08
2.863963018171489239e-04,1.150915486505255103e-04,1.453868229873478413e-03,9.292492997303725133e-09,8.337174949701875448e-05,9.393038635607808828e-05,0.000000000000000000e+00,2.591790980659425259e-04,1.783072889338654932e-06,2.554472544602504058e-08
3.191319701727479696e-04,1.385994255542755127e-04,1.540764933452010155e-03,1.119051873388343665e-08,9.218278137268498540e-05,9.654504538048058748e-05,0.000000000000000000e+00,2.645603963173925877e-04,1.783072889338654932e-06,2.296454226780042518e-08
3.141204942949116230e-04,1.309097715420648456e-04,1.549948006868362427e-03,1.056965803769571721e-08,9.002393926493823528e-05,9.975317516364157200e-05,0.000000000000000000e+00,2.821593079715967178e-04,1.783072889338654932e-06,2.825692746455388260e-08
3.134727885480970144e-04,1.224329025717452168e-04,1.610895502381026745e-03,9.885234852902158309e-09,8.839205111144110560e-05,9.361322008771821856e-05,0.000000000000000000e+00,2.995031245518475771e-04,1.783072889338654932e-06,2.472708970913117810e-08
3.026516351383179426e-04,1.147411385318264365e-04,1.553926966153085232e-03,9.264200961922597344e-09,8.520750998286530375e-05,9.267685527447611094e-05,0.000000000000000000e+00,3.251780872233211994e-04,1.783072889338654932e-06,3.277845905813592253e-08
3.262518148403614759e-04,1.246785395778715611e-04,1.657383516430854797e-03,1.006654670732132217e-08,8.905166760087013245e-05,9.655928442953154445e-05,0.000000000000000000e+00,3.583494690246880054e-04,1.783072889338654932e-06,2.830302392453631910e-08
3.513605915941298008e-04,1.456627069273963571e-04,1.668418524786829948e-03,1.176080743903185066e-08,9.560812031850218773e-05,1.010272171697579324e-04,0.000000000000000000e+00,3.885602927766740322e-04,1.783072889338654932e-06,3.899842937471476034e-08
4.050478164572268724e-04,1.768708898453041911e-04,1.858408213593065739e-03,1.428055895758006955e-08,1.056615437846630812e-04,1.133796904468908906e-04,0.000000000000000000e+00,4.233608487993478775e-04,1.783072889338654932e-06,3.256310421306807257e-08
4.242906288709491491e-04,1.937779743457213044e-04,1.865720842033624649e-03,1.564563589795398002e-08,1.101608213502913713e-04,1.151025644503533840e-04,0.000000000000000000e+00,4.394058487378060818e-04,1.783072889338654932e-06,4.381671203645964852e-08
4.694450180977582932e-04,2.148629864677786827e-04,2.073490526527166367e-03,1.734803767305947986e-08,1.168192538898438215e-04,1.245739695150405169e-04,0.000000000000000000e+00,4.723295569419860840e-04,1.783072889338654932e-06,3.589924091329521616e-08
4.794802807737141848e-04,2.253941056551411748e-04,2.077068435028195381e-03,1.819832284866151895e-08,1.193254502140916884e-04,1.241618301719427109e-04,0.000000000000000000e+00,4.637931415345519781e-04,1.783072889338654932e-06,4.608945403106190497e-08
5.550549249164760113e-04,2.617799036670476198e-04,2.441773423925042152e-03,2.113611508036683517e-08,1.294877438340336084e-04,1.364805793855339289e-04,0.000000000000000000e+00,4.909762064926326275e-04,1.783072889338654932e-06,3.717921970292081824e-08
6.250972510315477848e-04,3.112638369202613831e-04,2.615474397316575050e-03,2.513144536919753591e-08,1.409902179148048162e-04,1.461689098505303264e-04,0.000000000000000000e+00,5.228597437962889671e-04,1.783072889338654932e-06,5.152210036385440617e-08
8.345519891008734703e-04,4.278827109374105930e-04,3.481910331174731255e-03,3.454725572282768553e-08,1.656574459047988057e-04,1.716415572445839643e-04,0.000000000000000000e+00,5.847822758369147778e-04,1.783072889338654932e-06,4.376398976546624908e-08
1.014758949168026447e-03,5.580884753726422787e-04,3.906881902366876602e-03,4.506006590077049623e-08,1.890507410280406475e-04,1.939328649314120412e-04,0.000000000000000000e+00,6.598224863409996033e-04,1.783072889338654932e-06,6.390420992374856723e-08
1.497772289440035820e-03,8.167374762706458569e-04,5.948020145297050476e-03,6.594339652110647876e-08,2.297997707501053810e-04,2.352642768528312445e-04,0.000000000000000000e+00,8.623278699815273285e-04,1.783072889338654932e-06,6.386615325482125627e-08
1.879899878986179829e-03,1.098525593988597393e-03,6.715353112667798996e-03,8.869496781471752911e-08,2.654541458468884230e-04,2.691639238037168980e-04,0.000000000000000000e+00,1.098389271646738052e-03,1.783072889338654932e-06,1.024955196271548630e-07
3.013878129422664642e-03,1.688295160420238972e-03,1.165109686553478241e-02,1.363129769060833496e-07,3.304156125523149967e-04,3.359730471856892109e-04,0.000000000000000000e+00,1.604734221473336220e-03,1.783072889338654932e-06,1.195003562770580174e-07
3.541871672496199608e-03,2.151982858777046204e-03,1.187015790492296219e-02,1.737511183819151483e-07,3.714337653946131468e-04,3.735591890290379524e-04,0.000000000000000000e+00,2.028730697929859161e-03,1.783072889338654932e-06,1.823125330702168867e-07
5.615771282464265823e-03,3.135585691779851913e-03,2.179047465324401855e-02,2.531672009808971779e-07,4.503698437474668026e-04,4.561989626381546259e-04,0.000000000000000000e+00,3.011379158124327660e-03,1.783072889338654932e-06,2.274134232038704795e-07
5.273620132356882095e-03,3.309381660073995590e-03,1.645290106534957886e-02,2.671995105174573837e-07,4.594500933308154345e-04,4.605541180353611708e-04,0.000000000000000000e+00,3.189481562003493309e-03,1.783072889338654932e-06,2.803941470119752921e-07
6.874684710055589676e-03,3.749061375856399536e-03,2.751554548740386963e-02,3.026992203558620531e-07,4.923608503304421902e-04,4.985124687664210796e-04,0.000000000000000000e+00,3.740689251571893692e-03,1.783072889338654932e-06,2.839854573721822817e-07
4.567185416817665100e-03,2.957457210868597031e-03,1.323175244033336639e-02,2.387851623097958509e-07,4.335480043664574623e-04,4.347531939856708050e-04,0.000000000000000000e+00,2.865529619157314301e-03,1.783072889338654932e-06,2.531530753913102672e-07
3.711230121552944183e-03,1.900510163977742195e-03,1.590246334671974182e-02,1.534472175990231335e-07,3.498073492664843798e-04,3.563166537787765265e-04,0.000000000000000000e+00,2.204735530540347099e-03,1.783072889338654932e-06,1.653777417232049629e-07
1.577003160491585732e-03,1.004406949505209923e-03,4.612259101122617722e-03,8.109584115345569444e-08,2.536469255574047565e-04,2.569607459008693695e-04,0.000000000000000000e+00,1.113703474402427673e-03,1.783072889338654932e-06,1.039213941567140864e-07
4.780390299856662750e-04,1.768509973771870136e-04,2.560089109465479851e-03,1.427895135464041232e-08,1.038690825225785375e-04,1.116051862481981516e-04,0.000000000000000000e+00,4.517912748269736767e-04,1.783072889338654932e-06,3.460750619410646323e-08
1.362222246825695038e-04,1.154925121227279305e-05,1.004854450002312660e-03,9.324866434567979923e-10,2.369681533309631050e-05,3.537227530614472926e-05,0.000000000000000000e+00,2.418752992525696754e-04,1.783072889338654932e-06,2.245871044692648866e-08
5.034329369664192200e-04,2.188868529628962278e-04,2.418050775304436684e-03,1.767292800991526747e-08,1.172564516309648752e-04,1.224415464093908668e-04,0.000000000000000000e+00,4.274102393537759781e-04,1.783072889338654932e-06,4.277585929912675056e-08
1.379665220156311989e-03,8.058629464358091354e-04,4.806468263268470764e-03,6.506538596795508056e-08,2.250331599498167634e-04,2.314765006303787231e-04,0.000000000000000000e+00,9.315547649748623371e-04,1.783072889338654932e-06,6.915157513276426471e-08
2.120510675013065338e-03,1.165607711300253868e-03,8.125000633299350739e-03,9.411118639945925679e-08,2.730819105636328459e-04,2.750798885244876146e-04,0.000000000000000000e+00,1.424030400812625885e-03,1.783072889338654932e-06,1.307353727497684304e-07
3.239419078454375267e-03,1.852790242992341518e-03,1.195847988128662109e-02,1.495942711926545599e-07,3.458675055298954248e-04,3.522402257658541203e-04,0.000000000000000000e+00,1.907807542011141777e-03,1.783072889338654932e-06,1.426350308975088410e-07
2.861845772713422775e-03,1.756230834871530533e-03,9.255678392946720123e-03,1.417980826090570190e-07,3.342574345879256725e-04,3.362231946084648371e-04,0.000000000000000000e+00,1.800469122827053070e-03,1.783072889338654932e-06,1.629303056915887282e-07
2.825325122103095055e-03,1.461343141272664070e-03,1.206819247454404831e-02,1.179888542424123443e-07,3.066930803470313549e-04,3.130531404167413712e-04,0.000000000000000000e+00,1.571628381498157978e-03,1.783072889338654932e-06,1.170742010003777978e-07
1.572918845340609550e-03,1.010866719298064709e-03,4.610565956681966782e-03,8.161738662693096558e-08,2.523954026401042938e-04,2.567103074397891760e-04,0.000000000000000000e+00,1.009954838082194328e-03,1.783072889338654932e-06,9.475986928464408265e-08
7.468839175999164581e-04,3.080356400460004807e-04,3.900503506883978844e-03,2.487079875379549776e-08,1.395168656017631292e-04,1.449870178475975990e-04,0.000000000000000000e+00,4.879790358245372772e-04,1.783072889338654932e-06,3.717047647455729020e-08
2.199404116254299879e-04,7.972794992383569479e-05,1.151750097051262856e-03,6.437236077516672594e-09,7.036059105303138494e-05,8.189888467313721776e-05,0.000000000000000000e+00,2.503744326531887054e-04,1.783072889338654932e-06,2.456263104022582411e-08
2.323027292732149363e-04,7.999437366379424930e-05,1.226980588398873806e-03,6.458746870663389927e-09,6.873103848192840815e-05,7.474750600522384048e-05,0.000000000000000000e+00,2.961030113510787487e-04,1.783072889338654932e-06,2.995106029857197427e-08
6.472483510151505470e-04,3.602051874622702599e-04,2.290480071678757668e-03,2.908297247472546587e-08,1.502328523201867938e-04,1.572676701471209526e-04,0.000000000000000000e+00,5.799515638500452042e-04,1.783072889338654932e-06,4.364098415976513934e-08
1.123203779570758343e-03,5.327997496351599693e-04,5.078329239040613174e-03,4.301825740071762993e-08,1.845250808401033282e-04,1.872677676146849990e-04,0.000000000000000000e+00,8.257120498456060886e-04,1.783072889338654932e-06,7.866312046189705143e-08
1.722717541269958019e-03,1.040674396790564060e-03,5.770248826593160629e-03,8.402405882179664331e-08,2.579248684924095869e-04,2.638969453983008862e-04,0.000000000000000000e+00,1.050182385370135307e-03,1.783072889338654932e-06,7.793975953518383903e-08
1.699637854471802711e-03,9.278390789404511452e-04,6.674738600850105286e-03,7.491374276469286997e-08,2.444878628011792898e-04,2.478808164596557617e-04,0.000000000000000000e+00,1.043249154463410378e-03,1.783072889338654932e-06,9.776179865639278432e-08
1.732674776576459408e-03,9.449892677366733551e-04,6.961024366319179535e-03,7.629844844814215321e-08,2.471756597515195608e-04,2.525757590774446726e-04,0.000000000000000000e+00,9.158308384940028191e-04,1.783072889338654932e-06,6.786149242543615401e-08
1.102470443584024906e-03,6.718495860695838928e-04,3.643353702500462532e-03,5.424514171181726852e-08,2.057108795270323753e-04,2.113270165864378214e-04,0.000000000000000000e+00,6.628553965128958225e-04,1.783072889338654932e-06,6.419165288207295816e-08
6.326106959022581577e-04,2.662464394234120846e-04,3.272444941103458405e-03,2.149674216411767702e-08,1.299998402828350663e-04,1.352817198494449258e-04,0.000000000000000000e+00,3.911977401003241539e-04,1.783072889338654932e-06,3.056722164274106035e-08
2.482564887031912804e-04,1.062991650542244315e-04,1.148706651292741299e-03,8.582594190897907538e-09,8.079128747340291739e-05,9.144598152488470078e-05,0.000000000000000000e+00,2.708667307160794735e-04,1.783072889338654932e-06,2.697131407103370293e-08
1.361618924420326948e-04,2.176290399802383035e-05,9.001680882647633553e-04,1.757137213509452067e-09,3.289452070021070540e-05,4.237655593897216022e-05,0.000000000000000000e+00,2.438217052258551121e-04,1.783072889338654932e-06,2.372238938619375404e-08
2.627427747938781977e-04,9.474522084929049015e-05,1.345322467386722565e-03,7.649730626724249305e-09,7.672989886486902833e-05,8.443572005489841104e-05,0.000000000000000000e+00,3.346531302668154240e-04,1.783072889338654932e-06,2.681351674027609988e-08
5.088500911369919777e-04,2.146886399714276195e-04,2.519191941246390343e-03,1.733396537417775107e-08,1.167340233223512769e-04,1.225080050062388182e-04,0.000000000000000000e+00,4.224225995130836964e-04,1.783072889338654932e-06,4.229096361996198539e-08
8.195908158086240292e-04,4.748697683680802584e-04,2.907291054725646973e-03,3.834099260302537004e-08,1.727872295305132866e-04,1.783142361091449857e-04,0.000000000000000000e+00,5.399196525104343891e-04,1.783072889338654932e-06,4.076106563388748327e-08
9.356701630167663097e-04,4.671161004807800055e-04,4.080660175532102585e-03,3.771496182025657617e-08,1.737077109282836318e-04,1.786258362699300051e-04,0.000000000000000000e+00,6.048803916200995445e-04,1.783072889338654932e-06,5.902874988805706380e-08
1.052871812134981155e-03,5.831356975249946117e-04,4.080848768353462219e-03,4.708238421358146297e-08,1.931606384459882975e-04,1.982342946575954556e-04,0.000000000000000000e+00,6.165121449157595634e-04,1.783072889338654932e-06,4.610868842291893088e-08
8.562594885006546974e-04,4.773197870235890150e-04,3.221418010070919991e-03,3.853880770066098194e-08,1.747555215843021870e-04,1.802407641662284732e-04,0.000000000000000000e+00,5.679789464920759201e-04,1.783072889338654932e-06,5.574625561166612897e-08
6.848968914709985256e-04,3.104324568994343281e-04,3.273481968790292740e-03,2.506431862059343985e-08,1.417098101228475571e-04,1.474173768656328321e-04,0.000000000000000000e+00,4.711624933406710625e-04,1.783072889338654932e-06,3.582354324294101389e-08
4.042144864797592163e-04,2.089527406496927142e-04,1.565040322020649910e-03,1.687084605350719357e-08,1.134296107920818031e-04,1.209493348142132163e-04,0.000000000000000000e+00,3.875772235915064812e-04,1.783072889338654932e-06,3.898137990177019674e-08
2.180234732804819942e-04,5.114630766911432147e-05,1.377185923047363758e-03,4.129553587972623063e-09,5.561289799516089261e-05,6.488405779236927629e-05,0.000000000000000000e+00,2.915855729952454567e-04,1.783072889338654932e-06,2.417423772271831695e-08
1.270349166588857770e-04,1.779000194801483303e-05,8.520277915522456169e-04,1.436364915896604089e-09,2.977436088258400559e-05,3.966816802858375013e-05,0.000000000000000000e+00,2.404213882982730865e-04,1.783072889338654932e-06,2.350977368337225926e-08
1.400054607074707747e-04,2.238202432636171579e-05,9.387877071276307106e-04,1.807124783148594815e-09,3.658397326944395900e-05,4.913307930110022426e-05,0.000000000000000000e+00,2.374466275796294212e-04,1.783072889338654932e-06,2.288533806904524681e-08
2.259063476230949163e-04,8.587077900301665068e-05,1.125999260693788528e-03,6.933207785664308176e-09,7.339581497944891453e-05,7.924700184958055615e-05,0.000000000000000000e+00,2.743563964031636715e-04,1.783072889338654932e-06,2.328489401293154515e-08
3.354980726726353168e-04,1.245048333657905459e-04,1.780619262717664242e-03,1.005252237007425720e-08,8.879925735527649522e-05,9.622455399949103594e-05,0.000000000000000000e+00,3.293129266239702702e-04,1.783072889338654932e-06,3.331491171820744057e-08
4.626799200195819139e-04,2.354289317736402154e-04,1.884238095954060555e-03,1.900853341396668839e-08,1.215365555253811181e-04,1.271929795620962977e-04,0.000000000000000000e+00,3.882715827785432339e-04,1.783072889338654932e-06,3.023584582706462243e-08
5.198714206926524639e-04,2.407313731964677572e-04,2.344724955037236214e-03,1.943665139947370335e-08,1.243147999048233032e-04,1.298951829085126519e-04,0.000000000000000000e+00,4.466756072361022234e-04,1.783072889338654932e-06,4.459202074258428183e-08
5.763393128290772438e-04,2.774581371340900660e-04,2.519225934520363808e-03,2.240197538583288406e-08,1.338569127256050706e-04,1.402607158524915576e-04,0.000000000000000000e+00,4.695857060141861439e-04,1.783072889338654932e-06,3.565180151099411887e-08
5.126292817294597626e-04,2.630343078635632992e-04,2.032383810728788376e-03,2.123739406556524045e-08,1.285371399717405438e-04,1.341991592198610306e-04,0.000000000000000000e+00,4.635658697225153446e-04,1.783072889338654932e-06,4.617778870397160063e-08
4.489457642193883657e-04,1.857715105870738626e-04,2.220123074948787689e-03,1.499919299874363787e-08,1.088254502974450588e-04,1.158806044259108603e-04,0.000000000000000000e+00,4.116193158552050591e-04,1.783072889338654932e-06,3.168669238107213459e-08
3.186876419931650162e-04,1.451479911338537931e-04,1.382215647026896477e-03,1.171925045895250150e-08,9.573512215865775943e-05,1.023120057652704418e-04,0.000000000000000000e+00,3.531806869432330132e-04,1.783072889338654932e-06,3.573834206349602027e-08
2.156439149985089898e-04,6.180113268783316016e-05,1.245256629772484303e-03,4.989823665368930961e-09,6.204024975886568427e-05,7.005567022133618593e-05,0.000000000000000000e+00,2.931711496785283089e-04,1.783072889338654932e-06,2.414763144997777999e-08
1.421883935108780861e-04,2.626687819429207593e-05,9.101115283556282520e-04,2.120787989667860529e-09,3.964580901083536446e-05,4.874659498455002904e-05,0.000000000000000000e+00,2.491036138962954283e-04,1.783072889338654932e-06,2.485655414830034715e-08
1.122943867812864482e-04,8.821559276839252561e-06,7.981931557878851891e-04,7.122528677960815457e-10,2.074431176879443228e-05,3.207831832696683705e-05,0.000000000000000000e+00,2.365350956097245216e-04,1.783072889338654932e-06,2.180897418213589845e-08
1.115377963287755847e-04,9.071486601897049695e-06,7.873895810917019844e-04,7.324318929136097722e-10,1.969116965483408421e-05,3.440908039920032024e-05,0.000000000000000000e+00,2.372734597884118557e-04,1.783072889338654932e-06,2.192505732523386541e-08
1.298784773098304868e-04,1.497622361057437956e-05,8.981570717878639698e-04,1.209180422456768156e-09,2.858580046449787915e-05,3.693739199661649764e-05,0.000000000000000000e+00,2.508654142729938030e-04,1.783072889338654932e-06,2.501728957327031821e-08
1.633352949284017086e-04,4.399075623950920999e-05,9.268670692108571529e-04,3.551813954061344702e-09,5.141998190083540976e-05,5.990325735183432698e-05,0.000000000000000000e+00,2.665783104021102190e-04,1.783072889338654932e-06,2.272395960289941286e-08
2.051392220892012119e-04,6.344528810586780310e-05,1.123794005252420902e-03,5.122573476512570778e-09,6.272390601225197315e-05,6.941848550923168659e-05,0.000000000000000000e+00,2.931453927885740995e-04,1.783072889338654932e-06,2.978297430900056497e-08
2.621850289870053530e-04,9.473559475736692548e-05,1.356032211333513260e-03,7.648952582428591995e-09,7.763985195197165012e-05,8.523634460289031267e-05,0.000000000000000000e+00,3.184619126841425896e-04,1.783072889338654932e-06,2.559613676567096263e-08
3.101831825915724039e-04,1.354213745798915625e-04,1.400273642502725124e-03,1.093392398843207047e-08,9.227595728589221835e-05,9.899199358187615871e-05,0.000000000000000000e+00,3.473444958217442036e-04,1.783072889338654932e-06,3.521344282830796146e-08
3.679187502712011337e-04,1.513413444627076387e-04,1.805716892704367638e-03,1.221930201467102961e-08,9.818374383030459285e-05,1.048192716552875936e-04,0.000000000000000000e+00,3.600570489652454853e-04,1.783072889338654932e-06,2.821320777002256364e-08
3.805712622124701738e-04,1.805016945581883192e-04,1.636155531741678715e-03,1.457370846225103378e-08,1.070444050128571689e-04,1.138354637078009546e-04,0.000000000000000000e+00,3.645402612164616585e-04,1.783072889338654932e-06,3.688548133595759282e-08
4.038871265947818756e-04,1.791443646652624011e-04,1.880023046396672726e-03,1.446411701522265503e-08,1.070522630470804870e-04,1.131801182054914534e-04,0.000000000000000000e+00,3.674043691717088223e-04,1.783072889338654932e-06,2.868964976698862301e-08
3.854843089357018471e-04,1.780355960363522172e-04,1.723298220895230770e-03,1.437459662412265970e-08,1.065860560629516840e-04,1.136399805545806885e-04,0.000000000000000000e+00,3.511889372020959854e-04,1.783072889338654932e-06,3.560539951763530553e-08
3.913722757715731859e-04,1.819398457882925868e-04,1.744730863720178604e-03,1.468982535612894935e-08,1.075972904800437391e-04,1.132842589868232608e-04,0.000000000000000000e+00,3.495934070087969303e-04,1.783072889338654932e-06,2.755153261091436434e-08
3.632792795542627573e-04,1.597017399035394192e-04,1.693319878540933132e-03,1.289432027817838389e-08,1.012338325381278992e-04,1.083512834156863391e-04,0.000000000000000000e+00,3.424553433433175087e-04,1.783072889338654932e-06,3.475408050235273549e-08
3.576862800400704145e-04,1.629569305805489421e-04,1.607641112059354782e-03,1.315714470706552675e-08,1.016103924484923482e-04,1.074461761163547635e-04,0.000000000000000000e+00,3.396524698473513126e-04,1.783072889338654932e-06,2.691077938266062120e-08
3.225497785024344921e-04,1.373776613036170602e-04,1.516398391686379910e-03,1.109187230952102254e-08,9.332384797744452953e-05,1.005116573651321232e-04,0.000000000000000000e+00,3.353226347826421261e-04,1.783072889338654932e-06,3.408227300383259717e-08
3.079540911130607128e-04,1.264267775695770979e-04,1.489832764491438866e-03,1.020769957449374488e-08,8.993013761937618256e-05,9.649009734857827425e-05,0.000000000000000000e+00,3.254401090089231730e-04,1.783072889338654932e-06,2.598238957318699249e-08
2.760742790997028351e-04,1.142126056947745383e-04,1.293315086513757706e-03,9.221527541569685127e-09,8.458432421321049333e-05,9.165442315861582756e-05,0.000000000000000000e+00,3.253015747759491205e-04,1.783072889338654932e-06,3.311559737539937487e-08
2.578633138909935951e-04,9.293197217630222440e-05,1.337410765700042248e-03,7.503328625091398862e-09,7.650202314835041761e-05,8.396269549848511815e-05,0.000000000000000000e+00,3.119024331681430340e-04,1.783072889338654932e-06,2.511331231858093815e-08
2.255496801808476448e-04,8.449036249658092856e-05,1.108081662096083164e-03,6.821753384400608411e-09,7.279460987774655223e-05,7.973718311404809356e-05,0.000000000000000000e+00,3.025115292984992266e-04,1.783072889338654932e-06,3.084304012190841604e-08
2.023928682319819927e-04,6.363080319715663791e-05,1.099482644349336624e-03,5.137552161471603540e-09,6.303507689153775573e-05,7.118903158698230982e-05,0.000000000000000000e+00,2.881379914470016956e-04,1.783072889338654932e-06,2.369028706539211271e-08
1.772216346580535173e-04,5.203370164963416755e-05,9.789448231458663940e-04,4.201201608822202616e-09,5.659563248627819121e-05,6.391726492438465357e-05,0.000000000000000000e+00,2.729344996623694897e-04,1.783072889338654932e-06,2.778174845730063680e-08
1.627788296900689602e-04,4.428435204317793250e-05,9.186711977235972881e-04,3.575519214038536120e-09,5.214775592321529984e-05,6.046935595804825425e-05,0.000000000000000000e+00,2.662735932972282171e-04,1.783072889338654932e-06,2.248546060457101703e-08
1.505251566413789988e-04,3.363160794833675027e-05,9.115435532294213772e-04,2.715416336229736771e-09,4.540730515145696700e-05,5.335198147804476321e-05,0.000000000000000000e+00,2.573919482529163361e-04,1.783072889338654932e-06,2.608429916506338486e-08
1.453596923965960741e-04,3.492864925647154450e-05,8.532624924555420876e-04,2.820139455295134212e-09,4.588005322148092091e-05,5.429874727269634604e-05,0.000000000000000000e+00,2.510478370822966099e-04,1.783072889338654932e-06,2.172543034362206527e-08
1.430219417670741677e-04,3.088121593464165926e-05,8.714981377124786377e-04,2.493349526844212960e-09,4.336830170359462500e-05,5.225927452556788921e-05,0.000000000000000000e+00,2.499091497156769037e-04,1.783072889338654932e-06,2.525147912990632904e-08
1.470928691560402513e-04,3.438755447859875858e-05,8.794970926828682423e-04,2.776451513142319527e-09,4.598776649800129235e-05,5.377475463319569826e-05,0.000000000000000000e+00,2.475559595040977001e-04,1.783072889338654932e-06,2.152864553295330552e-08
1.543272665003314614e-04,4.053677548654377460e-05,8.867505239322781563e-04,3.272939697041010731e-09,5.007495201425626874e-05,5.920355761190876365e-05,0.000000000000000000e+00,2.511542988941073418e-04,1.783072889338654932e-06,2.542057941923303588e-08
1.725815527606755495e-04,4.883391011389903724e-05,9.846537141129374504e-04,3.942850046456669588e-09,5.513137148227542639e-05,6.211584695847705007e-05,0.000000000000000000e+00,2.528226759750396013e-04,1.783072889338654932e-06,2.173120705606379488e-08
1.997208455577492714e-04,6.934066186659038067e-05,1.032734639011323452e-03,5.598566499287471743e-09,6.607906834688037634e-05,7.441682100761681795e-05,0.000000000000000000e+00,2.710671979002654552e-04,1.783072889338654932e-06,2.764662987431165675e-08
2.519312256481498480e-04,9.726855205371975899e-05,1.252328511327505112e-03,7.853463657170323131e-09,7.872803689679130912e-05,8.506607264280319214e-05,0.000000000000000000e+00,2.942981082014739513e-04,1.783072889338654932e-06,2.399460719004764542e-08
3.148149407934397459e-04,1.367596269119530916e-04,1.453858450986444950e-03,1.104197355772384981e-08,9.338506060885265470e-05,1.006011152639985085e-04,0.000000000000000000e+00,3.266948333475738764e-04,1.783072889338654932e-06,3.332051079496523016e-08
4.253512306604534388e-04,2.040775289060547948e-04,1.834017224609851837e-03,1.647722136510765267e-08,1.139790838351473212e-04,1.201085178763605654e-04,0.000000000000000000e+00,3.787197638303041458e-04,1.783072889338654932e-06,2.934405785026683589e-08
5.330534768290817738e-04,2.668316592462360859e-04,2.221051370725035667e-03,2.154399147968888428e-08,1.307793281739577651e-04,1.364395429845899343e-04,0.000000000000000000e+00,4.411668051034212112e-04,1.783072889338654932e-06,4.423274901910190238e-08
7.454095175489783287e-04,3.915907873306423426e-04,2.993624890223145485e-03,3.161704142939925077e-08,1.585129357408732176e-04,1.646119490033015609e-04,0.000000000000000000e+00,5.445624701678752899e-04,1.783072889338654932e-06,4.076419202192482771e-08
9.119049063883721828e-04,5.014183698222041130e-04,3.453549230471253395e-03,4.048452595384333108e-08,1.790596579667180777e-04,1.835160655900835991e-04,0.000000000000000000e+00,6.513166008517146111e-04,1.783072889338654932e-06,6.334497015814122278e-08
1.300942385569214821e-03,7.082110969349741936e-04,5.106036085635423660e-03,5.718096929285820806e-08,2.136800758307799697e-04,2.197665016865357757e-04,0.000000000000000000e+00,8.212770335376262665e-04,1.783072889338654932e-06,6.073881309021089692e-08
1.535090035758912563e-03,8.963678264990448952e-04,5.399818997830152512e-03,7.237274246563174529e-08,2.396457421127706766e-04,2.429705054964870214e-04,0.000000000000000000e+00,9.874035604298114777e-04,1.783072889338654932e-06,9.300424608227331191e-08
2.228562720119953156e-03,1.233065966516733170e-03,8.668836206197738647e-03,9.955775936987265595e-08,2.819858200382441282e-04,2.879548410419374704e-04,0.000000000000000000e+00,1.286130282096564770e-03,1.783072889338654932e-06,9.533849265608296264e-08
2.439321484416723251e-03,1.471973955631256104e-03,8.207130245864391327e-03,1.188471969726379029e-07,3.070925886277109385e-04,3.096181317232549191e-04,0.000000000000000000e+00,1.466343179345130920e-03,1.783072889338654932e-06,1.344261448821271188e-07
3.426351351663470268e-03,1.905124867334961891e-03,1.335260458290576935e-02,1.538197835770915844e-07,3.509862581267952919e-04,3.568884858395904303e-04,0.000000000000000000e+00,1.859661191701889038e-03,1.783072889338654932e-06,1.388333146223885706e-07
3.213441232219338417e-03,1.982409274205565453e-03,1.041837316006422043e-02,1.600597556716820691e-07,3.559552715159952641e-04,3.579941985663026571e-04,0.000000000000000000e+00,1.891946420073509216e-03,1.783072889338654932e-06,1.708347525664066779e-07
3.941561561077833176e-03,2.170831896364688873e-03,1.557956170290708542e-02,1.752729730242208461e-07,3.744315181393176317e-04,3.803339495789259672e-04,0.000000000000000000e+00,2.127734012901782990e-03,1.783072889338654932e-06,1.593535898791742511e-07
3.001994453370571136e-03,1.875735819339752197e-03,9.472889825701713562e-03,1.514469403218754451e-07,3.465423942543566227e-04,3.487741341814398766e-04,0.000000000000000000e+00,1.789696980267763138e-03,1.783072889338654932e-06,1.621522187633672729e-07
2.837027888745069504e-03,1.519497833214700222e-03,1.159515697509050369e-02,1.226842698542895960e-07,3.126790106762200594e-04,3.187192196492105722e-04,0.000000000000000000e+00,1.580143580213189125e-03,1.783072889338654932e-06,1.176250563617031730e-07
1.698996056802570820e-03,1.050660619512200356e-03,5.395328626036643982e-03,8.483035429662777460e-08,2.595511614345014095e-04,2.628185902722179890e-04,0.000000000000000000e+00,1.088025281205773354e-03,1.783072889338654932e-06,1.018619926185238000e-07
1.081697060726583004e-03,5.401358939707279205e-04,4.687161184847354889e-03,4.361058003610196465e-08,1.857258757809177041e-04,1.920695649459958076e-04,0.000000000000000000e+00,7.284499588422477245e-04,1.783072889338654932e-06,5.405321701346110785e-08
4.694493836723268032e-04,2.447596343699842691e-04,1.825147657655179501e-03,1.976189523134053161e-08,1.255586976185441017e-04,1.313125540036708117e-04,0.000000000000000000e+00,4.217500681988894939e-04,1.783072889338654932e-06,4.257432806298311334e-08
1.705091563053429127e-04,4.663883009925484657e-05,9.759037056937813759e-04,3.765619815965237649e-09,5.180791049497202039e-05,6.046656199032440782e-05,0.000000000000000000e+00,2.627994981594383717e-04,1.783072889338654932e-06,2.227267259513610043e-08
1.038073969539254904e-04,1.041250197886256501e-05,7.109678117558360100e-04,8.407054497006072324e-10,2.158977804356254637e-05,3.305367863504216075e-05,0.000000000000000000e+00,2.229811507277190685e-04,1.783072889338654932e-06,2.104563989746566222e-08
2.429452433716505766e-04,8.835191692924126983e-05,1.255474518984556198e-03,7.133534651870832022e-09,7.442884088959544897e-05,8.185206388588994741e-05,0.000000000000000000e+00,2.904587890952825546e-04,1.783072889338654932e-06,2.980311819555936381e-08
5.517399404197931290e-04,2.843152324203401804e-04,2.235666150227189064e-03,2.295561607468243892e-08,1.341989700449630618e-04,1.403072819812223315e-04,0.000000000000000000e+00,4.385809879750013351e-04,1.783072889338654932e-06,3.345097354667814216e-08
8.559697307646274567e-04,4.646415472961962223e-04,3.305925056338310242e-03,3.751516786110187240e-08,1.726515620248392224e-04,1.773390831658616662e-04,0.000000000000000000e+00,6.073568947613239288e-04,1.783072889338654932e-06,5.948358960949917673e-08
1.251083682291209698e-03,6.765222642570734024e-04,4.982315469533205032e-03,5.462242214093748771e-08,2.083767176372930408e-04,2.143911697203293443e-04,0.000000000000000000e+00,7.632995257154107094e-04,1.783072889338654932e-06,5.654404588995021186e-08
1.285219448618590832e-03,7.571794558316469193e-04,4.439775831997394562e-03,6.113467776458492153e-08,2.197888825321570039e-04,2.236603904748335481e-04,0.000000000000000000e+00,8.406244451180100441e-04,1.783072889338654932e-06,8.019486585908452980e-08
1.413983642123639584e-03,7.465332746505737305e-04,5.819396581500768661e-03,6.027509868999914033e-08,2.192318788729608059e-04,2.253555721836164594e-04,0.000000000000000000e+00,8.551070932298898697e-04,1.783072889338654932e-06,6.326753521079808706e-08
1.096328604035079479e-03,6.454965332522988319e-04,3.767396556213498116e-03,5.211739662058789690e-08,2.025400899583473802e-04,2.067101304419338703e-04,0.000000000000000000e+00,7.409240351989865303e-04,1.783072889338654932e-06,7.139450275417402736e-08
8.895179489627480507e-04,4.557503561954945326e-04,3.724353387951850891e-03,3.679729232430872798e-08,1.706958428258076310e-04,1.769559166859835386e-04,0.000000000000000000e+00,6.133222486823797226e-04,1.783072889338654932e-06,4.569654521446864237e-08
5.383726675063371658e-04,2.785786928143352270e-04,2.138439565896987915e-03,2.249244523966353881e-08,1.334312109975144267e-04,1.386799995088949800e-04,0.000000000000000000e+00,4.595001228153705597e-04,1.783072889338654932e-06,4.605389491985079076e-08
3.166047099512070417e-04,1.408632379025220871e-04,1.419106498360633850e-03,1.137329874723036482e-08,9.423159644939005375e-05,1.011723361443728209e-04,0.000000000000000000e+00,3.383082803338766098e-04,1.783072889338654932e-06,2.675286836506529653e-08
1.647407771088182926e-04,4.229618934914469719e-05,9.645437239669263363e-04,3.414994509398638911e-09,5.116600732435472310e-05,5.877881994820199907e-05,0.000000000000000000e+00,2.599021245259791613e-04,1.783072889338654932e-06,2.658849673764507315e-08
1.018941038637422025e-04,1.281531422137049958e-05,6.634804303757846355e-04,1.034708652092319880e-09,2.611566014820709825e-05,3.726644354173913598e-05,0.000000000000000000e+00,2.273074351251125336e-04,1.783072889338654932e-06,2.084552264136618760e-08
9.462056186748668551e-05,7.376782832579920068e-06,6.510250968858599663e-04,5.956015680652626543e-10,1.867469836724922061e-05,3.028068749699741602e-05,0.000000000000000000e+00,2.214126870967447758e-04,1.783072889338654932e-06,2.091892525868388475e-08
1.291256048716604710e-04,2.464403769408818334e-05,8.051573531702160835e-04,1.989759912390809404e-09,3.882099917973391712e-05,4.808398807654157281e-05,0.000000000000000000e+00,2.396582567598670721e-04,1.783072889338654932e-06,2.431440648820171191e-08
1.985633134609088302e-04,6.887186464155092835e-05,1.028240309096872807e-03,5.560714999575111506e-09,6.608265539398416877e-05,7.330532389460131526e-05,0.000000000000000000e+00,2.686742518562823534e-04,1.783072889338654932e-06,2.245150554358588124e-08
2.814301114995032549e-04,1.238074910361319780e-04,1.262285280972719193e-03,9.996219851871046558e-09,8.800263458397239447e-05,9.526156645733863115e-05,0.000000000000000000e+00,3.139409236609935760e-04,1.783072889338654932e-06,3.220500133238601848e-08
3.908877552021294832e-04,1.765985653037205338e-04,1.785300322808325291e-03,1.425857032444355355e-08,1.065086107701063156e-04,1.127946015913039446e-04,0.000000000000000000e+00,3.575914015527814627e-04,1.783072889338654932e-06,2.792270947793440428e-08
4.649900074582546949e-04,2.380499208811670542e-04,1.870500389486551285e-03,1.922015258060127962e-08,1.229904592037200928e-04,1.293594832532107830e-04,0.000000000000000000e+00,3.989003598690032959e-04,1.783072889338654932e-06,4.038894729774256120e-08
5.705464282073080540e-04,2.856188802979886532e-04,2.413214882835745811e-03,2.306087409920110076e-08,1.355409622192382812e-04,1.414787839166820049e-04,0.000000000000000000e+00,4.360601888038218021e-04,1.783072889338654932e-06,3.318773877936109784e-08
5.885786958970129490e-04,3.095846332143992186e-04,2.332835458219051361e-03,2.499586493343031179e-08,1.405592920491471887e-04,1.462755026295781136e-04,0.000000000000000000e+00,4.571055469568818808e-04,1.783072889338654932e-06,4.583440826877449581e-08
6.477550487034022808e-04,3.367340541444718838e-04,2.630853326991200447e-03,2.718791058953229367e-08,1.470130810048431158e-04,1.529150904389098287e-04,0.000000000000000000e+00,4.793569096364080906e-04,1.783072889338654932e-06,3.619014066202907998e-08
6.006795447319746017e-04,3.119904140476137400e-04,2.415955765172839165e-03,2.519010955381872918e-08,1.415934384567663074e-04,1.470833813073113561e-04,0.000000000000000000e+00,4.709355125669389963e-04,1.783072889338654932e-06,4.712504875215017819e-08
6.047326605767011642e-04,3.121591289527714252e-04,2.465329598635435104e-03,2.520373243442008970e-08,1.411915436619892716e-04,1.471739815315231681e-04,0.000000000000000000e+00,4.604059213306754827e-04,1.783072889338654932e-06,3.486928790152887814e-08
5.213784752413630486e-04,2.675073337741196156e-04,2.096703741699457169e-03,2.159854339822686597e-08,1.307040656683966517e-04,1.362878101645037532e-04,0.000000000000000000e+00,4.420076729729771614e-04,1.783072889338654932e-06,4.445728762902945164e-08
4.900926724076271057e-04,2.382398670306429267e-04,2.098159166052937508e-03,1.923548964555266139e-08,1.236591197084635496e-04,1.301571610383689404e-04,0.000000000000000000e+00,4.203687421977519989e-04,1.783072889338654932e-06,3.209608223642135272e-08
4.102549282833933830e-04,2.042263222392648458e-04,1.668368931859731674e-03,1.648923486641251657e-08,1.135690181399695575e-04,1.195985823869705200e-04,0.000000000000000000e+00,3.919171867892146111e-04,1.783072889338654932e-06,3.977125828669159091e-08
3.721663961187005043e-04,1.675897947279736400e-04,1.674936502240598202e-03,1.353120282487907389e-08,1.033216030918993056e-04,1.104398252209648490e-04,0.000000000000000000e+00,3.708293370436877012e-04,1.783072889338654932e-06,2.873672322323272965e-08
3.077508299611508846e-04,1.418106985511258245e-04,1.315372646786272526e-03,1.144979577816229721e-08,9.478693391429260373e-05,1.008045801427215338e-04,0.000000000000000000e+00,3.440289292484521866e-04,1.783072889338654932e-06,3.520109714827412972e-08
2.656562137417495251e-04,1.089078650693409145e-04,1.247617532499134541e-03,8.793222150416113436e-09,8.293697464978322387e-05,9.062431490747258067e-05,0.000000000000000000e+00,3.198658814653754234e-04,1.783072889338654932e-06,2.541579391390769160e-08
2.126114268321543932e-04,8.161414007190614939e-05,1.014760113321244717e-03,6.589526702072134867e-09,7.110977458069100976e-05,7.755708793411031365e-05,0.000000000000000000e+00,2.952127251774072647e-04,1.783072889338654932e-06,3.040844376300810836e-08
1.767327339621260762e-04,6.134724389994516969e-05,8.813995518721640110e-04,4.953176979682893943e-09,6.125176150817424059e-05,6.979105819482356310e-05,0.000000000000000000e+00,2.724553050938993692e-04,1.783072889338654932e-06,2.254022746228656615e-08
1.471817959100008011e-04,4.298757994547486305e-05,7.872883579693734646e-04,3.470817855344421332e-09,5.012233668821863830e-05,5.673427585861645639e-05,0.000000000000000000e+00,2.546538016758859158e-04,1.783072889338654932e-06,2.618610039917257382e-08
1.332218525931239128e-04,3.832022775895893574e-05,7.093992317095398903e-04,3.093975520229719223e-09,4.556661224341951311e-05,5.612708991975523531e-05,0.000000000000000000e+00,2.396170166321098804e-04,1.783072889338654932e-06,2.081142369547706039e-08
1.268516789423301816e-04,3.463681423454545438e-05,6.910141091793775558e-04,2.796576747954304665e-09,4.266264659236185253e-05,4.972929673385806382e-05,0.000000000000000000e+00,2.311344433110207319e-04,1.783072889338654932e-06,2.351964667468564585e-08
1.276339608011767268e-04,3.718945299624465406e-05,6.811926723457872868e-04,3.002676995933484250e-09,4.290302968001924455e-05,5.572940062847919762e-05,0.000000000000000000e+00,2.232524566352367401e-04,1.783072889338654932e-06,2.017823597100232291e-08
1.322504394920542836e-04,4.195576912024989724e-05,6.839254056103527546e-04,3.387509384111808686e-09,4.594254642142914236e-05,5.274089562590233982e-05,0.000000000000000000e+00,2.190213708672672510e-04,1.783072889338654932e-06,2.194131809574173531e-08
1.414228172507137060e-04,4.852152051171287894e-05,7.131890743039548397e-04,3.917627555694025432e-09,4.958976933266967535e-05,6.281577225308865309e-05,0.000000000000000000e+00,2.158238494303077459e-04,1.783072889338654932e-06,2.008687793875196803e-08
1.536435447633266449e-04,5.803669046144932508e-05,7.430881378240883350e-04,4.685883236987820055e-09,5.491786942002363503e-05,6.086272333050146699e-05,0.000000000000000000e+00,2.129803906427696347e-04,1.783072889338654932e-06,2.093016249204993073e-08
1.675760286161676049e-04,6.862803274998441339e-05,7.770226802676916122e-04,5.541028524902458230e-09,6.016579936840571463e-05,7.286659092642366886e-05,0.000000000000000000e+00,2.124571765307337046e-04,1.783072889338654932e-06,2.030112433715203224e-08
1.849304389907047153e-04,8.031698234844952822e-05,8.350930875167250633e-04,6.484793146910305950e-09,6.608852709177881479e-05,7.122910028556361794e-05,0.000000000000000000e+00,2.110415371134877205e-04,1.783072889338654932e-06,2.032433243925879651e-08
2.022378903347998857e-04,9.308820153819397092e-05,8.790060528554022312e-04,7.515942535007980041e-09,7.154795457608997822e-05,8.336291648447513580e-05,0.000000000000000000e+00,2.124907914549112320e-04,1.783072889338654932e-06,2.067013937789852207e-08
2.255880826851353049e-04,1.087651326088234782e-04,9.563515195623040199e-04,8.781698035420504311e-09,7.831999391783028841e-05,8.250712562585249543e-05,0.000000000000000000e+00,2.118780685123056173e-04,1.783072889338654932e-06,1.998543375236749853e-08
2.451959589961916208e-04,1.232950453413650393e-04,1.003990299068391323e-03,9.954844060189316224e-09,8.365714165847748518e-05,9.485233022132888436e-05,0.000000000000000000e+00,2.150189393432810903e-04,1.783072889338654932e-06,2.132446752511896193e-08
2.745214442256838083e-04,1.423983776476234198e-04,1.107338932342827320e-03,1.149724582205635670e-08,9.041305747814476490e-05,9.423393930774182081e-05,0.000000000000000000e+00,2.138916461262851954e-04,1.783072889338654932e-06,1.981868358313931822e-08
2.983078011311590672e-04,1.613201311556622386e-04,1.151154283434152603e-03,1.302499086364150571e-08,9.651642176322638988e-05,1.072794839274138212e-04,0.000000000000000000e+00,2.187222416978329420e-04,1.783072889338654932e-06,2.195793058490380645e-08
3.406062023714184761e-04,1.849216350819915533e-04,1.336124492809176445e-03,1.493057411039444560e-08,1.043914016918279231e-04,1.078899222193285823e-04,0.000000000000000000e+00,2.207209763582795858e-04,1.783072889338654932e-06,1.987142894677162985e-08
3.690505982376635075e-04,2.101662830682471395e-04,1.358941197395324707e-03,1.696882989676851139e-08,1.116826460929587483e-04,1.219161931658163667e-04,0.000000000000000000e+00,2.299019688507542014e-04,1.783072889338654932e-06,2.344301819334759784e-08
4.210735205560922623e-04,2.342551306355744600e-04,1.631779712624847889e-03,1.891376122387100622e-08,1.188691749121062458e-04,1.224031875608488917e-04,0.000000000000000000e+00,2.364041283726692200e-04,1.783072889338654932e-06,2.046801483857052517e-08
4.484948294702917337e-04,2.597967104520648718e-04,1.632647588849067688e-03,2.097599249850645720e-08,1.260132121387869120e-04,1.354294072370976210e-04,0.000000000000000000e+00,2.543333393987268209e-04,1.783072889338654932e-06,2.622910955096813268e-08
5.269758403301239014e-04,2.953840885311365128e-04,2.041677711531519890e-03,2.384931363508258073e-08,1.356825232505798340e-04,1.392810372635722160e-04,0.000000000000000000e+00,2.742396609392017126e-04,1.783072889338654932e-06,2.250337871601004736e-08
5.725525552406907082e-04,3.321014519315212965e-04,2.094072988256812096e-03,2.681387556435765873e-08,1.444132649339735508e-04,1.528060092823579907e-04,0.000000000000000000e+00,3.104379284195601940e-04,1.783072889338654932e-06,3.199012965637848538e-08
7.111048907972872257e-04,3.983140632044523954e-04,2.763128140941262245e-03,3.215988186866525211e-08,1.593747147126123309e-04,1.634793297853320837e-04,0.000000000000000000e+00,3.647799021564424038e-04,1.783072889338654932e-06,2.822683242698076356e-08
7.965327822603285313e-04,4.609239986166357994e-04,2.905207453295588493e-03,3.721500263509369688e-08,1.719183783279731870e-04,1.784568739822134376e-04,0.000000000000000000e+00,4.508805577643215656e-04,1.783072889338654932e-06,4.531912622951494996e-08
1.056595705449581146e-03,5.857806536369025707e-04,4.139871802181005478e-03,4.729593783281416108e-08,1.945311087183654308e-04,1.993726327782496810e-04,0.000000000000000000e+00,5.682787741534411907e-04,1.783072889338654932e-06,4.231464245663119073e-08
1.209727721288800240e-03,7.064083474688231945e-04,4.298976156860589981e-03,5.703541816615143034e-08,2.129131316905841231e-04,2.174027322325855494e-04,0.000000000000000000e+00,7.342173485085368156e-04,1.783072889338654932e-06,7.087692210916429758e-08
1.735264435410499573e-03,9.610369452275335789e-04,6.725275423377752304e-03,7.759413023222805350e-08,2.488462778273969889e-04,2.547836338635534048e-04,0.000000000000000000e+00,1.016999594867229462e-03,1.783072889338654932e-06,7.511889066336152609e-08
2.038159174844622612e-03,1.216767588630318642e-03,6.896199658513069153e-03,9.824182001239023521e-08,2.794223837554454803e-04,2.817323547787964344e-04,0.000000000000000000e+00,1.317716203629970551e-03,1.783072889338654932e-06,1.217655665186612168e-07
3.120444715023040771e-03,1.749516581185162067e-03,1.181490439921617508e-02,1.412559811342362082e-07,3.358674875926226377e-04,3.423457383178174496e-04,0.000000000000000000e+00,1.894375775009393692e-03,1.783072889338654932e-06,1.413956169926677831e-07
3.430576762184500694e-03,2.109200693666934967e-03,1.094409450888633728e-02,1.702968859262909973e-07,3.671156882774084806e-04,3.680992231238633394e-04,0.000000000000000000e+00,2.269666176289319992e-03,1.783072889338654932e-06,2.030195105362508912e-07
5.130994133651256561e-03,2.887535374611616135e-03,1.923267543315887451e-02,2.331396444787969813e-07,4.316610866226255894e-04,4.384442290756851435e-04,0.000000000000000000e+00,3.201910294592380524e-03,1.783072889338654932e-06,2.420367195554717910e-07
4.707369487732648849e-03,2.979285782203078270e-03,1.411198265850543976e-02,2.405475925115752034e-07,4.351982206571847200e-04,4.354941484052687883e-04,0.000000000000000000e+00,3.168853931128978729e-03,1.783072889338654932e-06,2.788929975849896437e-07
5.914505105465650558e-03,3.296394133940339088e-03,2.249835059046745300e-02,2.661508631263131974e-07,4.601099644787609577e-04,4.669952904805541039e-04,0.000000000000000000e+00,3.682760521769523621e-03,1.783072889338654932e-06,2.793605631268292200e-07
4.007573239505290985e-03,2.595257246866822243e-03,1.138758845627307892e-02,2.095410849278778187e-07,4.055595782119780779e-04,4.062049265485256910e-04,0.000000000000000000e+00,2.735571470111608505e-03,1.783072889338654932e-06,2.424163483283336973e-07
3.285977989435195923e-03,1.756572863087058067e-03,1.319467276334762573e-02,1.418257085106233717e-07,3.352715284563601017e-04,3.422950103413313627e-04,0.000000000000000000e+00,2.099378034472465515e-03,1.783072889338654932e-06,1.571735595007339725e-07
1.450828043743968010e-03,9.229972492903470993e-04,4.230817779898643494e-03,7.452280925690502045e-08,2.425655839033424854e-04,2.454926725476980209e-04,0.000000000000000000e+00,1.047490397468209267e-03,1.783072889338654932e-06,9.842366921475331765e-08
4.748888313770294189e-04,2.022246189881116152e-04,2.308236202225089073e-03,1.632761659209336358e-08,1.123667825595475733e-04,1.195202785311266780e-04,0.000000000000000000e+00,4.184058634564280510e-04,1.783072889338654932e-06,3.198429610051789496e-08
1.099785877158865333e-04,2.073893847409635782e-05,6.839242414571344852e-04,1.674462013490085610e-09,3.452467353781685233e-05,4.819767855224199593e-05,0.000000000000000000e+00,2.084722509607672691e-04,1.783072889338654932e-06,2.021540446150993375e-08
3.853714151773601770e-04,1.859568728832527995e-04,1.599776092916727066e-03,1.501416058147242438e-08,1.063562085619196296e-04,1.107705320464447141e-04,0.000000000000000000e+00,3.943694173358380795e-04,1.783072889338654932e-06,4.020918709102261346e-08
1.096653752028942108e-03,6.631946889683604240e-04,3.484131535515189171e-03,5.354634424747928279e-08,2.025640424108132720e-04,2.098814002238214016e-04,0.000000000000000000e+00,8.504597353748977184e-04,1.783072889338654932e-06,6.292314225220252411e-08
1.654842752031981945e-03,9.330191533081233501e-04,6.005818489938974380e-03,7.533198242981598014e-08,2.434885682305321097e-04,2.450979081913828850e-04,0.000000000000000000e+00,1.212417380884289742e-03,1.783072889338654932e-06,1.127637432318806532e-07
2.362350234761834145e-03,1.374795683659613132e-03,8.313396945595741272e-03,1.110010146021522814e-07,2.967501932289451361e-04,3.037064743693917990e-04,0.000000000000000000e+00,1.562149263918399811e-03,1.783072889338654932e-06,1.161698932605759182e-07
2.027750946581363678e-03,1.224127714522182941e-03,6.664438173174858093e-03,9.883608242944319500e-08,2.792641171254217625e-04,2.815374755300581455e-04,0.000000000000000000e+00,1.371793448925018311e-03,1.783072889338654932e-06,1.264603213257942116e-07
1.893995329737663269e-03,9.935214184224605560e-04,7.957178167998790741e-03,8.021692821102988091e-08,2.525942400097846985e-04,2.587275521364063025e-04,0.000000000000000000e+00,1.047561177983880043e-03,1.783072889338654932e-06,7.744689867195120314e-08
1.130003947764635086e-03,7.229995098896324635e-04,3.429543226957321167e-03,5.837499372773891082e-08,2.143304009223356843e-04,2.200521266786381602e-04,0.000000000000000000e+00,6.405006861314177513e-04,1.783072889338654932e-06,6.250873951785251847e-08
6.898958818055689335e-04,3.555557923391461372e-04,3.041410585865378380e-03,2.870758031292552914e-08,1.473288575652986765e-04,1.510288857389241457e-04,0.000000000000000000e+00,3.019903379026800394e-04,1.783072889338654932e-06,2.431008283565461170e-08
3.981862100772559643e-04,2.545567695051431656e-04,1.224967767484486103e-03,2.055291759006649954e-08,1.161361724371090531e-04,1.279673306271433830e-04,0.000000000000000000e+00,2.113265218213200569e-04,1.783072889338654932e-06,1.996417609007039573e-08
3.647358971647918224e-04,2.104977465933188796e-04,1.242684200406074524e-03,1.699559071255407616e-08,1.057671615853905678e-04,1.106565032387152314e-04,0.000000000000000000e+00,2.996972179971635342e-04,1.783072889338654932e-06,3.104493018213361211e-08
5.040059331804513931e-04,3.058216825593262911e-04,1.511375303380191326e-03,2.469204396504665056e-08,1.337915600743144751e-04,1.417183375451713800e-04,0.000000000000000000e+00,4.704669408965855837e-04,1.783072889338654932e-06,3.554523431148481905e-08
6.488335784524679184e-04,2.991655492223799229e-04,2.928902860730886459e-03,2.415463207228185638e-08,1.375234860461205244e-04,1.406225346727296710e-04,0.000000000000000000e+00,5.677770241163671017e-04,1.783072889338654932e-06,5.598123919980935170e-08
8.928651222959160805e-04,5.377279594540596008e-04,2.959832549095153809e-03,4.341616488545696484e-08,1.847557578003033996e-04,1.907420519273728132e-04,0.000000000000000000e+00,5.915391375310719013e-04,1.783072889338654932e-06,4.407915099591264152e-08
9.617732721380889416e-04,5.252137198112905025e-04,3.851459128782153130e-03,4.240576245706506597e-08,1.837837480707094073e-04,1.896070607472211123e-04,0.000000000000000000e+00,5.141361034475266933e-04,1.783072889338654932e-06,5.113207635076832958e-08
1.101593719795346260e-03,6.542296614497900009e-04,4.070610273629426956e-03,5.282251791527414753e-08,2.036420773947611451e-04,2.073007781291380525e-04,0.000000000000000000e+00,4.030303098261356354e-04,1.783072889338654932e-06,3.081014909867008100e-08
8.920320542529225349e-04,5.861454410478472710e-04,2.738883951678872108e-03,4.732538272378405964e-08,1.887736871140077710e-04,1.972196769202128053e-04,0.000000000000000000e+00,3.199821221642196178e-04,1.783072889338654932e-06,3.290421801693810266e-08
6.549935787916183472e-04,3.603891527745872736e-04,2.697285963222384453e-03,2.909782637061653077e-08,1.467283727834001184e-04,1.500285870861262083e-04,0.000000000000000000e+00,2.487588499207049608e-04,1.783072889338654932e-06,2.115972819183298270e-08
3.049628576263785362e-04,1.819130557123571634e-04,1.011125394143164158e-03,1.468766264167697955e-08,1.029964550980366766e-04,1.141949178418144584e-04,0.000000000000000000e+00,2.193725522374734282e-04,1.783072889338654932e-06,2.209986682544240466e-08
1.053273444995284081e-04,1.866611455625388771e-05,6.603990914300084114e-04,1.507102109776781163e-09,3.209291389794088900e-05,4.025751695735380054e-05,0.000000000000000000e+00,2.062132407445460558e-04,1.783072889338654932e-06,1.998337495479063364e-08
1.126384449889883399e-04,2.538753687986172736e-05,6.608565454371273518e-04,2.049790115421501469e-09,3.878705319948494434e-05,4.522028393694199622e-05,0.000000000000000000e+00,2.116525429300963879e-04,1.783072889338654932e-06,1.953179662450565957e-08
2.742652141023427248e-04,1.254116941709071398e-04,1.262316713109612465e-03,1.012574202263749612e-08,8.742541831452399492e-05,9.723866241984069347e-05,0.000000000000000000e+00,2.262184279970824718e-04,1.783072889338654932e-06,2.306149049502437265e-08
4.892810247838497162e-04,3.006503393407911062e-04,1.626870594918727875e-03,2.427451128994562168e-08,1.353914267383515835e-04,1.390436955261975527e-04,0.000000000000000000e+00,2.594362304080277681e-04,1.783072889338654932e-06,2.179166713744962180e-08
5.937621463090181351e-04,3.261895326431840658e-04,2.378963399678468704e-03,2.633654894168557803e-08,1.413157297065481544e-04,1.496787735959514976e-04,0.000000000000000000e+00,2.967623877339065075e-04,1.783072889338654932e-06,3.062249476215583854e-08
6.553701241500675678e-04,3.771307819988578558e-04,2.448592334985733032e-03,3.044954510755815136e-08,1.548287691548466682e-04,1.590698520885780454e-04,0.000000000000000000e+00,3.338012320455163717e-04,1.783072889338654932e-06,2.622060790713476308e-08
5.527210305444896221e-04,3.058133297599852085e-04,2.068066736683249474e-03,2.469137072580451786e-08,1.399177126586437225e-04,1.464297383790835738e-04,0.000000000000000000e+00,4.010102711617946625e-04,1.783072889338654932e-06,4.074922799190972000e-08
4.885183880105614662e-04,2.250849065603688359e-04,2.239086432382464409e-03,1.817335792964058783e-08,1.200379483634606004e-04,1.267957122763618827e-04,0.000000000000000000e+00,3.952484112232923508e-04,1.783072889338654932e-06,3.019789929226135428e-08
3.725176502484828234e-04,2.039851970039308071e-04,1.302166725508868694e-03,1.646976777180952922e-08,1.125998242059722543e-04,1.180207254947163165e-04,0.000000000000000000e+00,3.831576323136687279e-04,1.783072889338654932e-06,3.904491308048818610e-08
2.927979512605816126e-04,1.214025687659159303e-04,1.370118116028606892e-03,9.802045397577785479e-09,8.621450251666828990e-05,9.449748904444277287e-05,0.000000000000000000e+00,3.438359126448631287e-04,1.783072889338654932e-06,2.675111687722164788e-08
1.928115525515750051e-04,8.721586345927789807e-05,7.859845645725727081e-04,7.041809801933140989e-09,7.059318886604160070e-05,7.707928307354450226e-05,0.000000000000000000e+00,2.699722826946526766e-04,1.783072889338654932e-06,2.804872067940777924e-08
1.173361597466282547e-04,2.967561522382311523e-05,6.530978716909885406e-04,2.396009612937177735e-09,4.018834806629456580e-05,5.203704495215788484e-05,0.000000000000000000e+00,2.235075808130204678e-04,1.783072889338654932e-06,1.971823948565543105e-08
8.186034392565488815e-05,6.891146767884492874e-06,5.452812183648347855e-04,5.563913219042149194e-10,1.793302726582624018e-05,2.969083288917317986e-05,0.000000000000000000e+00,2.044107386609539390e-04,1.783072889338654932e-06,1.999684329234696634e-08
9.840619168244302273e-05,1.277674618904711679e-05,6.401286227628588676e-04,1.031594587530548779e-09,2.609397597552742809e-05,3.439736610744148493e-05,0.000000000000000000e+00,2.161657903343439102e-04,1.783072889338654932e-06,2.196457771219684219e-08
1.539830846013501287e-04,5.876081195310689509e-05,6.995328003540635109e-04,4.744348913732210349e-09,5.878759111510589719e-05,6.764246791135519743e-05,0.000000000000000000e+00,2.526898751966655254e-04,1.783072889338654932e-06,2.118811792684027751e-08
2.195492415921762586e-04,8.575845276936888695e-05,1.035902765579521656e-03,6.924138151731540347e-09,7.276545511558651924e-05,7.800372986821457744e-05,0.000000000000000000e+00,3.020050062332302332e-04,1.783072889338654932e-06,3.128280567921137845e-08
2.956126118078827858e-04,1.364115014439448714e-04,1.261973869986832142e-03,1.101386715163243935e-08,9.233206947101280093e-05,1.000018019112758338e-04,0.000000000000000000e+00,3.300372045487165451e-04,1.783072889338654932e-06,2.580926050654852588e-08
3.510330279823392630e-04,1.752562820911407471e-04,1.393343321979045868e-03,1.415019390549332456e-08,1.055167522281408310e-04,1.112460231524892151e-04,0.000000000000000000e+00,3.644239332061260939e-04,1.783072889338654932e-06,3.731528153139151982e-08
4.387611406855285168e-04,2.063947904389351606e-04,1.953273080289363861e-03,1.666431614921748405e-08,1.152981931227259338e-04,1.214992589666508138e-04,0.000000000000000000e+00,3.703904803842306137e-04,1.783072889338654932e-06,2.845967017606199079e-08
4.785755008924752474e-04,2.615235280245542526e-04,1.812455477192997932e-03,2.111541164140362525e-08,1.284653553739190102e-04,1.353882544208317995e-04,0.000000000000000000e+00,3.580642514862120152e-04,1.783072889338654932e-06,3.670718129455963208e-08
5.453735357150435448e-04,2.843372349161654711e-04,2.258858643472194672e-03,2.295739243152183917e-08,1.355534768663346767e-04,1.404080685460940003e-04,0.000000000000000000e+00,3.515045100357383490e-04,1.783072889338654932e-06,2.721600722566108743e-08
5.108371842652559280e-04,2.791755250655114651e-04,1.977113541215658188e-03,2.254063602435962821e-08,1.335863053100183606e-04,1.410393451806157827e-04,0.000000000000000000e+00,3.395029343664646149e-04,1.783072889338654932e-06,3.494789524438601802e-08
4.981567617505788803e-04,2.630380040500313044e-04,2.014135243371129036e-03,2.123768894080058089e-08,1.299282012041658163e-04,1.347653305856510997e-04,0.000000000000000000e+00,3.370522754266858101e-04,1.783072889338654932e-06,2.625557016244783881e-08
4.172472108621150255e-04,2.113280352205038071e-04,1.722037675790488720e-03,1.706262864331620221e-08,1.166305009974166751e-04,1.234311930602416396e-04,0.000000000000000000e+00,3.371541388332843781e-04,1.783072889338654932e-06,3.472353427014240879e-08
3.846436738967895508e-04,1.902762451209127903e-04,1.600402174517512321e-03,1.536290561432451796e-08,1.097538479370996356e-04,1.160447500296868384e-04,0.000000000000000000e+00,3.432722296565771103e-04,1.783072889338654932e-06,2.666449461230513407e-08
3.377907851245254278e-04,1.583244884386658669e-04,1.435073208995163441e-03,1.278312122821034791e-08,1.002661520033143461e-04,1.058510097209364176e-04,0.000000000000000000e+00,3.595898742787539959e-04,1.783072889338654932e-06,3.689449812327438849e-08
3.334901120979338884e-04,1.579309755470603704e-04,1.407708274200558662e-03,1.275134930978083503e-08,9.986333316192030907e-05,1.073698149411939085e-04,0.000000000000000000e+00,3.478829166851937771e-04,1.783072889338654932e-06,2.693607115134000196e-08
3.048126527573913336e-04,1.464807864977046847e-04,1.239562290720641613e-03,1.182686037992652928e-08,9.636815229896456003e-05,1.018762341118417680e-04,0.000000000000000000e+00,3.437565173953771591e-04,1.783072889338654932e-06,3.539847170941357035e-08
2.909289614763110876e-04,1.269805798074230552e-04,1.310032443143427372e-03,1.025241314067670828e-08,8.949041512096300721e-05,9.738589142216369510e-05,0.000000000000000000e+00,3.294513444416224957e-04,1.783072889338654932e-06,2.571770885140267637e-08
2.531952923163771629e-04,1.163204506156034768e-04,1.065940130501985550e-03,9.391714073103685223e-09,8.583167800679802895e-05,9.227045666193589568e-05,0.000000000000000000e+00,3.028081846423447132e-04,1.783072889338654932e-06,3.143293270113645121e-08
2.349594142287969589e-04,9.490582306170836091e-05,1.125512178987264633e-03,7.662697143473451433e-09,7.762709719827398658e-05,8.441380487056449056e-05,0.000000000000000000e+00,2.750236890278756618e-04,1.783072889338654932e-06,2.227986684033567144e-08
2.157396520487964153e-04,9.291483729612082243e-05,9.738766239024698734e-04,7.501945731291925767e-09,7.702953007537871599e-05,8.527221507392823696e-05,0.000000000000000000e+00,2.543715527281165123e-04,1.783072889338654932e-06,2.654215158770512062e-08
2.158626302843913436e-04,9.051185770658776164e-05,1.014037872664630413e-03,7.307928484578951611e-09,7.586046558571979403e-05,8.116416574921458960e-05,0.000000000000000000e+00,2.394697803538292646e-04,1.783072889338654932e-06,2.023299572329051443e-08
2.065112203126773238e-04,8.880098903318867087e-05,9.437060798518359661e-04,7.169792759498250234e-09,7.503329834435135126e-05,8.422642713412642479e-05,0.000000000000000000e+00,2.333962620468810201e-04,1.783072889338654932e-06,2.429242584867097321e-08
2.032498596236109734e-04,8.581764268456026912e-05,9.428995545022189617e-04,6.928917439807946721e-09,7.383810589089989662e-05,7.910621206974610686e-05,0.000000000000000000e+00,2.314225857844576240e-04,1.783072889338654932e-06,1.981451092092356703e-08
1.913819723995402455e-04,7.507990812882781029e-05,9.213025332428514957e-04,6.061952717573149130e-09,6.894689431646838784e-05,7.756628474453464150e-05,0.000000000000000000e+00,2.417180512566119432e-04,1.783072889338654932e-06,2.521760578133580566e-08
1.959414948942139745e-04,7.930852734716609120e-05,9.191670687869191170e-04,6.403371610730346219e-09,7.084955723257735372e-05,7.736414409009739757e-05,0.000000000000000000e+00,2.471626503393054008e-04,1.783072889338654932e-06,2.062359172327887791e-08
2.056621742667630315e-04,8.264309872174635530e-05,9.607200627215206623e-04,6.672604691004835331e-09,7.222628482850268483e-05,7.924475357867777348e-05,0.000000000000000000e+00,2.694707945920526981e-04,1.783072889338654932e-06,2.815009736423235154e-08
2.376172196818515658e-04,1.003148936433717608e-04,1.086384756490588188e-03,8.099425130581039411e-09,7.967891724547371268e-05,8.719533070689067245e-05,0.000000000000000000e+00,2.866385621018707752e-04,1.783072889338654932e-06,2.293403866815424408e-08
2.634574484545737505e-04,1.214422809425741434e-04,1.112881582230329514e-03,9.805250833494483231e-09,8.747585525270551443e-05,9.357919770991429687e-05,0.000000000000000000e+00,3.072700346820056438e-04,1.783072889338654932e-06,3.192332798107599956e-08
3.104369097854942083e-04,1.416816230630502105e-04,1.362952170893549919e-03,1.143937655712079504e-08,9.497107384959235787e-05,1.022805809043347836e-04,0.000000000000000000e+00,3.246006672270596027e-04,1.783072889338654932e-06,2.532611276251373056e-08
3.441400185693055391e-04,1.697185653029009700e-04,1.395067782141268253e-03,1.370307867176734362e-08,1.037179099512286484e-04,1.094920589821413159e-04,0.000000000000000000e+00,3.491467505227774382e-04,1.783072889338654932e-06,3.596956332785339328e-08
4.229244950693100691e-04,2.101379650412127376e-04,1.758621307089924812e-03,1.696654017280252447e-08,1.156629659817554057e-04,1.223194121848791838e-04,0.000000000000000000e+00,3.692439640872180462e-04,1.783072889338654932e-06,2.827896850021716091e-08
4.906719550490379333e-04,2.556622202973812819e-04,1.954663777723908424e-03,2.064216886310532573e-08,1.280559954466298223e-04,1.337973517365753651e-04,0.000000000000000000e+00,3.954338026233017445e-04,1.783072889338654932e-06,4.033421419080696069e-08
6.469247164204716682e-04,3.478071594145148993e-04,2.542270347476005554e-03,2.808195276315927913e-08,1.494579628342762589e-04,1.552039757370948792e-04,0.000000000000000000e+00,4.489052807912230492e-04,1.783072889338654932e-06,3.373169477072224254e-08
7.524284883402287960e-04,4.175594367552548647e-04,2.844966948032379150e-03,3.371375356664430001e-08,1.635281078051775694e-04,1.688775810180231929e-04,0.000000000000000000e+00,5.037240916863083839e-04,1.783072889338654932e-06,5.032455163700433332e-08
9.988052770495414734e-04,5.539484554901719093e-04,3.862759564071893692e-03,4.472580172887319350e-08,1.891218707896769047e-04,1.945752883329987526e-04,0.000000000000000000e+00,5.858084186911582947e-04,1.783072889338654932e-06,4.340252246493037092e-08
1.085943542420864105e-03,6.297994987107813358e-04,3.886958817020058632e-03,5.085002285909467901e-08,2.011124452110379934e-04,2.056876546703279018e-04,0.000000000000000000e+00,6.744814454577863216e-04,1.783072889338654932e-06,6.568448895905021345e-08
1.390005345456302166e-03,7.670935592614114285e-04,5.440682172775268555e-03,6.193515389441017760e-08,2.224994095740839839e-04,2.281021297676488757e-04,0.000000000000000000e+00,7.884353981353342533e-04,1.783072889338654932e-06,5.810422365470913064e-08
1.403028145432472229e-03,8.361201616935431957e-04,4.810559563338756561e-03,6.750835268576338422e-08,2.314699813723564148e-04,2.352812734898179770e-04,0.000000000000000000e+00,8.585204486735165119e-04,1.783072889338654932e-06,8.195274858735501766e-08
1.709414878860116005e-03,9.396144887432456017e-04,6.736348848789930344e-03,7.586448447227667202e-08,2.460578107275068760e-04,2.518651017453521490e-04,0.000000000000000000e+00,9.616551687940955162e-04,1.783072889338654932e-06,7.089352038747165352e-08
1.587552251294255257e-03,9.545995271764695644e-04,5.348291713744401932e-03,7.707437532644689782e-08,2.473306667525321245e-04,2.507066237740218639e-04,0.000000000000000000e+00,9.812361095100641251e-04,1.783072889338654932e-06,9.270210910017340211e-08
1.813581329770386219e-03,9.967092191800475121e-04,7.127248682081699371e-03,8.047431521163161960e-08,2.531358331907540560e-04,2.590355288702994585e-04,0.000000000000000000e+00,1.041472656652331352e-03,1.783072889338654932e-06,7.684052150125353364e-08
1.579522038809955120e-03,9.480741573497653008e-04,5.351714324206113815e-03,7.654751499330814113e-08,2.466213481966406107e-04,2.500003902241587639e-04,0.000000000000000000e+00,9.627654217183589935e-04,1.783072889338654932e-06,9.111366239267226774e-08
1.698063220828771591e-03,9.330153698101639748e-04,6.679829210042953491e-03,7.533167689643960330e-08,2.450449392199516296e-04,2.508776378817856312e-04,0.000000000000000000e+00,9.706498822197318077e-04,1.783072889338654932e-06,7.159022175073914696e-08
1.393441925756633282e-03,8.319583139382302761e-04,4.753403365612030029e-03,6.717232992059507524e-08,2.309669362148270011e-04,2.347631234442815185e-04,0.000000000000000000e+00,8.614331018179655075e-04,1.783072889338654932e-06,8.226338366057461826e-08
1.366109703667461872e-03,7.458534673787653446e-04,5.420932080596685410e-03,6.022021636908903020e-08,2.188388898503035307e-04,2.245469950139522552e-04,0.000000000000000000e+00,7.816300494596362114e-04,1.783072889338654932e-06,5.764898958204867085e-08
1.010507228784263134e-03,5.957221146672964096e-04,3.505510976538062096e-03,4.809860598697923706e-08,1.956506457645446062e-04,2.003498229896649718e-04,0.000000000000000000e+00,6.423398153856396675e-04,1.783072889338654932e-06,6.289883458521217108e-08
8.212997927330434322e-04,4.328228533267974854e-04,3.369059646502137184e-03,3.494611888754661777e-08,1.664862065808847547e-04,1.721676671877503395e-04,0.000000000000000000e+00,5.157097475603222847e-04,1.783072889338654932e-06,3.845352125608769711e-08
5.251591792330145836e-04,2.914842625614255667e-04,1.933162217028439045e-03,2.353444195080101053e-08,1.367419899906963110e-04,1.428602117812260985e-04,0.000000000000000000e+00,4.035867459606379271e-04,1.783072889338654932e-06,4.121502428233725368e-08
3.440013970248401165e-04,1.606418954906985164e-04,1.528798369690775871e-03,1.297022844681805509e-08,1.009026091196574271e-04,1.069798672688193619e-04,0.000000000000000000e+00,3.047965874429792166e-04,1.783072889338654932e-06,2.407989185826409084e-08
1.937760825967416167e-04,8.068765600910410285e-05,8.824520627968013287e-04,6.514721651029731220e-09,7.158931839512661099e-05,7.942448428366333246e-05,0.000000000000000000e+00,2.484321303199976683e-04,1.783072889338654932e-06,2.615924543647452083e-08
1.111123710870742798e-04,2.778086127364076674e-05,6.247376441024243832e-04,2.243026875348164140e-09,4.069848728249780834e-05,4.883548899670131505e-05,0.000000000000000000e+00,2.085773739963769913e-04,1.783072889338654932e-06,1.862594345425350184e-08
7.321249722735956311e-05,5.412088739831233397e-06,4.853939753957092762e-04,4.369721529062786658e-10,1.536531271995045245e-05,3.064361226279288530e-05,0.000000000000000000e+00,1.926100812852382660e-04,1.783072889338654932e-06,1.946607675051836850e-08
7.445549272233620286e-05,6.173450401547597721e-06,4.904755624011158943e-04,4.984444523792319615e-10,1.725595939205959439e-05,3.157474202453158796e-05,0.000000000000000000e+00,1.923448580782860518e-04,1.783072889338654932e-06,1.941125304938395857e-08
1.070236612576991320e-04,2.697873424040153623e-05,5.953820655122399330e-04,2.178263347474285183e-09,4.060699211549945176e-05,4.847368836635723710e-05,0.000000000000000000e+00,2.050671901088207960e-04,1.783072889338654932e-06,1.847095276730215119e-08
1.599590468686074018e-04,5.735191371059045196e-05,7.927184342406690121e-04,4.630593686272277409e-09,6.010762081132270396e-05,6.819373811595141888e-05,0.000000000000000000e+00,2.333528536837548018e-04,1.783072889338654932e-06,2.455666958667279687e-08
2.285702794324606657e-04,9.940344898495823145e-05,1.034965272992849350e-03,8.025834219438365835e-09,7.926329999463632703e-05,8.579686982557177544e-05,0.000000000000000000e+00,2.567030023783445358e-04,1.783072889338654932e-06,2.106397900547563040e-08
2.858256339095532894e-04,1.338360016234219074e-04,1.225727144628763199e-03,1.080591971458488842e-08,9.237317863153293729e-05,9.924163168761879206e-05,0.000000000000000000e+00,2.941691782325506210e-04,1.783072889338654932e-06,3.077381194316330948e-08
3.620676288846880198e-04,1.778177393134683371e-04,1.519620418548583984e-03,1.435700536234207902e-08,1.065928663592785597e-04,1.129347438109107316e-04,0.000000000000000000e+00,3.228785935789346695e-04,1.783072889338654932e-06,2.517506558774584846e-08
4.081300285179167986e-04,2.072673669317737222e-04,1.648419420234858990e-03,1.673476823782493739e-08,1.146458307630382478e-04,1.206732413265854120e-04,0.000000000000000000e+00,3.602072829380631447e-04,1.783072889338654932e-06,3.714174212632315175e-08
5.007869913242757320e-04,2.606963389553129673e-04,2.004374284297227859e-03,2.104862595331269404e-08,1.293225650442764163e-04,1.356583234155550599e-04,0.000000000000000000e+00,3.965319483540952206e-04,1.783072889338654932e-06,3.009781224250218656e-08
5.472681950777769089e-04,2.898717648349702358e-04,2.131706103682518005e-03,2.340425275804136618e-08,1.360166206723079085e-04,1.412261772202327847e-04,0.000000000000000000e+00,4.422580823302268982e-04,1.783072889338654932e-06,4.480072135493173846e-08
6.716765929013490677e-04,3.608983242884278297e-04,2.620876766741275787e-03,2.913893482059393136e-08,1.521688536740839481e-04,1.584991114214062691e-04,0.000000000000000000e+00,4.869062104262411594e-04,1.783072889338654932e-06,3.635843626170753851e-08
7.217619568109512329e-04,3.967580851167440414e-04,2.720280317589640617e-03,3.203425436026918760e-08,1.593649940332397819e-04,1.640497503103688359e-04,0.000000000000000000e+00,5.297586321830749512e-04,1.783072889338654932e-06,5.279898118715209421e-08
8.968698093667626381e-04,4.898707848042249680e-04,3.473395481705665588e-03,3.955217309226100042e-08,1.775981800165027380e-04,1.837587915360927582e-04,0.000000000000000000e+00,5.965946475043892860e-04,1.783072889338654932e-06,4.415321797068827436e-08
9.409653139300644398e-04,5.361039657145738602e-04,3.402517875656485558e-03,4.328504488171347475e-08,1.852831628639250994e-04,1.895355089800432324e-04,0.000000000000000000e+00,6.460949080064892769e-04,1.783072889338654932e-06,6.325681312091546715e-08
1.157792517915368080e-03,6.364868022501468658e-04,4.503489006310701370e-03,5.138995362585774274e-08,2.024460554821416736e-04,2.084163570543751121e-04,0.000000000000000000e+00,7.095676846802234650e-04,1.783072889338654932e-06,5.232573840885379468e-08
1.167767448350787163e-03,6.841825670562684536e-04,4.089519847184419632e-03,5.524090695985250932e-08,2.091770729748532176e-04,2.131794753950089216e-04,0.000000000000000000e+00,7.463287329301238060e-04,1.783072889338654932e-06,7.215814434857747983e-08
1.408852171152830124e-03,7.768737268634140491e-04,5.498823244124650955e-03,6.272479424751509214e-08,2.237075095763429999e-04,2.295278973178938031e-04,0.000000000000000000e+00,8.209609659388661385e-04,1.783072889338654932e-06,6.048232137345621595e-08
1.333292224444448948e-03,7.938156486488878727e-04,4.578485619276762009e-03,6.409267427898157621e-08,2.254227147204801440e-04,2.293058787472546101e-04,0.000000000000000000e+00,8.162794983945786953e-04,1.783072889338654932e-06,7.833092752207448939e-08
1.509923953562974930e-03,8.315041195601224899e-04,5.931111518293619156e-03,6.713565881000249647e-08,2.315192687092348933e-04,2.372027520323172212e-04,0.000000000000000000e+00,8.530864724889397621e-04,1.783072889338654932e-06,6.285721099175134441e-08
1.319893402978777885e-03,7.889614789746701717e-04,4.497218411415815353e-03,6.370076732764573535e-08,2.248249802505597472e-04,2.288017421960830688e-04,0.000000000000000000e+00,8.121002465486526489e-04,1.783072889338654932e-06,7.797444112611628952e-08
1.376337371766567230e-03,7.514446042478084564e-04,5.457353312522172928e-03,6.067164548539949465e-08,2.198373113060370088e-04,2.255696745123714209e-04,0.000000000000000000e+00,7.915742462500929832e-04,1.783072889338654932e-06,5.833931027154903859e-08
1.101541914977133274e-03,6.526588113047182560e-04,3.783163148909807205e-03,5.269567537879993324e-08,2.046925801550969481e-04,2.089582121698185802e-04,0.000000000000000000e+00,7.056677713990211487e-04,1.783072889338654932e-06,6.858500967155123362e-08
1.003124751150608063e-03,5.367226549424231052e-04,4.035230726003646851e-03,4.333499603603740979e-08,1.855442824307829142e-04,1.915350294439122081e-04,0.000000000000000000e+00,6.287907599471509457e-04,1.783072889338654932e-06,4.648530804729489319e-08
7.090798462741076946e-04,4.042935033794492483e-04,2.528797835111618042e-03,3.264266368319113099e-08,1.609736209502443671e-04,1.658985274843871593e-04,0.000000000000000000e+00,5.190654192119836807e-04,1.783072889338654932e-06,5.188619667251259671e-08
5.288951797410845757e-04,2.665658248588442802e-04,2.207649406045675278e-03,2.152252775999841106e-08,1.304766483372077346e-04,1.369024830637499690e-04,0.000000000000000000e+00,4.156437353231012821e-04,1.783072889338654932e-06,3.140494087006118207e-08
3.150695702061057091e-04,1.564093254273757339e-04,1.263040001504123211e-03,1.262849025351897581e-08,9.991957631427794695e-05,1.061382572515867651e-04,0.000000000000000000e+00,3.235624753870069981e-04,1.783072889338654932e-06,3.374287160795574891e-08
1.772892137523740530e-04,6.719471275573596358e-05,8.566775941289961338e-04,5.425301541350791013e-09,6.458485586335882545e-05,7.224387081805616617e-05,0.000000000000000000e+00,2.442674594931304455e-04,1.783072889338654932e-06,2.027059942122377834e-08
9.237164340447634459e-05,1.907735895656514913e-05,5.316489841789007187e-04,1.540306215908060494e-09,3.388128607184626162e-05,4.244680167175829411e-05,0.000000000000000000e+00,2.012938493862748146e-04,1.783072889338654932e-06,2.107807794970995019e-08
6.765095895389094949e-05,4.156926934228977188e-06,4.504141979850828648e-04,3.356303013291039861e-10,1.243158203578786924e-05,3.029057370440568775e-05,0.000000000000000000e+00,1.845261431299149990e-04,1.783072889338654932e-06,1.820200346003275627e-08
9.229521674569696188e-05,1.943928873515687883e-05,5.345709505490958691e-04,1.569528507161521702e-09,3.403536538826301694e-05,4.229141632094979286e-05,0.000000000000000000e+00,1.939883222803473473e-04,1.783072889338654932e-06,1.786071734954930434e-08
1.485537941334769130e-04,5.178733044886030257e-05,7.407768280245363712e-04,4.181309964934598611e-09,5.713497375836595893e-05,6.510369712486863136e-05,0.000000000000000000e+00,2.268877724418416619e-04,1.783072889338654932e-06,2.400610199515540444e-08
2.235605206806212664e-04,9.768688323674723506e-05,9.998496389016509056e-04,7.887240194293099194e-09,7.851904956623911858e-05,8.548421465093269944e-05,0.000000000000000000e+00,2.588866918813437223e-04,1.783072889338654932e-06,2.107714713872610446e-08
2.869061136152595282e-04,1.350361417280510068e-04,1.215113676153123379e-03,1.090281909199575239e-08,9.255321492673829198e-05,9.889758075587451458e-05,0.000000000000000000e+00,3.035861882381141186e-04,1.783072889338654932e-06,3.179206942149903625e-08
3.618839255068451166e-04,1.788299123290926218e-04,1.496599521487951279e-03,1.443872932327394665e-08,1.067890480044297874e-04,1.136241407948546112e-04,0.000000000000000000e+00,3.339405229780822992e-04,1.783072889338654932e-06,2.581908020715673047e-08
3.912252723239362240e-04,1.989358861465007067e-04,1.557365292683243752e-03,1.606208499538297474e-08,1.122734975069761276e-04,1.177998419734649360e-04,0.000000000000000000e+00,3.655283944681286812e-04,1.783072889338654932e-06,3.772277779034993728e-08
4.377821751404553652e-04,2.231013058917596936e-04,1.768870861269533634e-03,1.801320159700026124e-08,1.193590796901844442e-04,1.261742436327040195e-04,0.000000000000000000e+00,3.779379767365753651e-04,1.783072889338654932e-06,2.875527727042026527e-08
4.201169649604707956e-04,2.170939551433548331e-04,1.647149678319692612e-03,1.752816913835886226e-08,1.173699929495342076e-04,1.227600587299093604e-04,0.000000000000000000e+00,3.830802743323147297e-04,1.783072889338654932e-06,3.937510939522326225e-08
4.268762713763862848e-04,2.173881657654419541e-04,1.728106057271361351e-03,1.755192258201532240e-08,1.176274890895001590e-04,1.244057348230853677e-04,0.000000000000000000e+00,3.667747951112687588e-04,1.783072889338654932e-06,2.799835030486974574e-08
3.808539768215268850e-04,1.924483949551358819e-04,1.535755814984440804e-03,1.553828532507850468e-08,1.108279902837239206e-04,1.167176596936769783e-04,0.000000000000000000e+00,3.482997417449951172e-04,1.783072889338654932e-06,3.610784915508702397e-08
3.669975558295845985e-04,1.827870291890576482e-04,1.516329823061823845e-03,1.475822575258689540e-08,1.080855799955315888e-04,1.144971902249380946e-04,0.000000000000000000e+00,3.257755597587674856e-04,1.783072889338654932e-06,2.526275011405232362e-08
3.205747052561491728e-04,1.577771909069269896e-04,1.320793293416500092e-03,1.273893168729500758e-08,9.995118307415395975e-05,1.065594333340413868e-04,0.000000000000000000e+00,3.071818500757217407e-04,1.783072889338654932e-06,3.217275335032354633e-08
3.029728832188993692e-04,1.458110782550647855e-04,1.288733095861971378e-03,1.177278807773518565e-08,9.644998499425128102e-05,1.027426042128354311e-04,0.000000000000000000e+00,2.828848664648830891e-04,1.783072889338654932e-06,2.248919273029059696e-08
2.673925191629678011e-04,1.267258339794352651e-04,1.129624666646122932e-03,1.023184470483329278e-08,8.986293687485158443e-05,9.700897498987615108e-05,0.000000000000000000e+00,2.770421560853719711e-04,1.783072889338654932e-06,2.922464936716551165e-08
2.550583158154040575e-04,1.157328224508091807e-04,1.126559101976454258e-03,9.344270246458563633e-09,8.579540735809132457e-05,9.214577585225924850e-05,0.000000000000000000e+00,2.666958025656640530e-04,1.783072889338654932e-06,2.147115196748927701e-08
2.314102894160896540e-04,1.054236199706792831e-04,9.955638088285923004e-04,8.511904958652394271e-09,8.164357132045552135e-05,8.881510439096018672e-05,0.000000000000000000e+00,2.643029729370027781e-04,1.783072889338654932e-06,2.796703668650479813e-08
2.248125965707004070e-04,9.773128113010898232e-05,1.014422276057302952e-03,7.890824882395008899e-09,7.871570414863526821e-05,8.576126128900796175e-05,0.000000000000000000e+00,2.563908055890351534e-04,1.783072889338654932e-06,2.083266537056260859e-08
2.065569860860705376e-04,9.001947182696312666e-05,9.056553826667368412e-04,7.268172730334754306e-09,7.533255848102271557e-05,8.227610669564455748e-05,0.000000000000000000e+00,2.597196435090154409e-04,1.783072889338654932e-06,2.751865224581706570e-08
1.996776554733514786e-04,8.272848208434879780e-05,9.172956342808902264e-04,6.679497843720128003e-09,7.220456609502434731e-05,7.955230103107169271e-05,0.000000000000000000e+00,2.521959831938147545e-04,1.783072889338654932e-06,2.056987113974173553e-08
1.846152154030278325e-04,7.671071944059804082e-05,8.291649282909929752e-04,6.193624280115272995e-09,6.946726352907717228e-05,7.638556417077779770e-05,0.000000000000000000e+00,2.498800749890506268e-04,1.783072889338654932e-06,2.653304775890319434e-08
1.813841372495517135e-04,7.289363566087558866e-05,8.429878507740795612e-04,5.885433029817477291e-09,6.769046740373596549e-05,7.539919170085340738e-05,0.000000000000000000e+00,2.419171796645969152e-04,1.783072889338654932e-06,1.995272214116994292e-08
1.745069894241169095e-04,7.042699144221842289e-05,7.972281891852617264e-04,5.686275894589698510e-09,6.643863162025809288e-05,7.350809755735099316e-05,0.000000000000000000e+00,2.435718488413840532e-04,1.783072889338654932e-06,2.588607905806838971e-08
1.820496254367753863e-04,7.378502778010442853e-05,8.427696884609758854e-04,5.957404347611827689e-09,6.818509427830576897e-05,7.548901339760050178e-05,0.000000000000000000e+00,2.398762444499880075e-04,1.783072889338654932e-06,1.980500030640541809e-08
1.911201688926666975e-04,8.041192631935700774e-05,8.608759962953627110e-04,6.492459903029157431e-09,7.111550075933337212e-05,7.834951247787103057e-05,0.000000000000000000e+00,2.462064148858189583e-04,1.783072889338654932e-06,2.616249972220430209e-08
2.217328874394297600e-04,9.811695053940638900e-05,9.853158844634890556e-04,7.921964417789695290e-09,7.892063877079635859e-05,8.572319347877055407e-05,0.000000000000000000e+00,2.508434117771685123e-04,1.783072889338654932e-06,2.042881419583864044e-08
2.553017693571746349e-04,1.195035511045716703e-04,1.086674514226615429e-03,9.648718268806533160e-09,8.714700379641726613e-05,9.430049249203875661e-05,0.000000000000000000e+00,2.713075373321771622e-04,1.783072889338654932e-06,2.870185689118898154e-08
3.265287086833268404e-04,1.604955905349925160e-04,1.367763499729335308e-03,1.295841567383604342e-08,1.013892324408516288e-04,1.073915700544603169e-04,0.000000000000000000e+00,2.925675944425165653e-04,1.783072889338654932e-06,2.300214063666317088e-08
3.961549664381891489e-04,2.061992709059268236e-04,1.565187936648726463e-03,1.664852966598573403e-08,1.146589711424894631e-04,1.211462586070410907e-04,0.000000000000000000e+00,3.343688440509140491e-04,1.783072889338654932e-06,3.482288590817006479e-08
5.279323668219149113e-04,2.801973314490169287e-04,2.098684199154376984e-03,2.262313891776557284e-08,1.342122268397361040e-04,1.399630418745800853e-04,0.000000000000000000e+00,3.786658344324678183e-04,1.783072889338654932e-06,2.869699855523322185e-08
6.273664766922593117e-04,3.484869666863232851e-04,2.348783658817410469e-03,2.813684218949674687e-08,1.495465694461017847e-04,1.551596651552245021e-04,0.000000000000000000e+00,4.400115576572716236e-04,1.783072889338654932e-06,4.468693148851343722e-08
8.559275302104651928e-04,4.720521101262420416e-04,3.310910193249583244e-03,3.811349102988970117e-08,1.742567255860194564e-04,1.798456942196935415e-04,0.000000000000000000e+00,5.278441240079700947e-04,1.783072889338654932e-06,3.909949342073559819e-08
1.021035714074969292e-03,5.915357032790780067e-04,3.648389363661408424e-03,4.776060080757815740e-08,1.948603166965767741e-04,1.993732730625197291e-04,0.000000000000000000e+00,6.466106860898435116e-04,1.783072889338654932e-06,6.335327640272225835e-08
1.492443610914051533e-03,8.386163972318172455e-04,5.698664579540491104e-03,6.770990523818909423e-08,2.326309477211907506e-04,2.382805396337062120e-04,0.000000000000000000e+00,8.396075572818517685e-04,1.783072889338654932e-06,6.173998912117895088e-08
1.792407478205859661e-03,1.072693616151809692e-03,6.148768588900566101e-03,8.660930461701354943e-08,2.621334861032664776e-04,2.653378469403833151e-04,0.000000000000000000e+00,1.048370031639933586e-03,1.783072889338654932e-06,9.864559302741326974e-08
2.749317791312932968e-03,1.555099268443882465e-03,1.048110891133546829e-02,1.255587278592429357e-07,3.166779351886361837e-04,3.223959356546401978e-04,0.000000000000000000e+00,1.461078412830829620e-03,1.783072889338654932e-06,1.082766942772650509e-07
3.029684768989682198e-03,1.857803901657462120e-03,9.974296204745769501e-03,1.499991100217812345e-07,3.450728545431047678e-04,3.471977543085813522e-04,0.000000000000000000e+00,1.744513865560293198e-03,1.783072889338654932e-06,1.585200948284182232e-07
4.416070412844419479e-03,2.472067484632134438e-03,1.714692637324333191e-02,1.995947513933060691e-07,3.994280414190143347e-04,4.052186850458383560e-04,0.000000000000000000e+00,2.293104538694024086e-03,1.783072889338654932e-06,1.717891251473702141e-07
4.026503767818212509e-03,2.532116603106260300e-03,1.260298583656549454e-02,2.044430971182009671e-07,4.019389452878385782e-04,4.034595331177115440e-04,0.000000000000000000e+00,2.340884879231452942e-03,1.783072889338654932e-06,2.092037476586483535e-07
4.988458473235368729e-03,2.730904612690210342e-03,1.993458718061447144e-02,2.204932485483368509e-07,4.197377129457890987e-04,4.257368564140051603e-04,0.000000000000000000e+00,2.640953054651618004e-03,1.783072889338654932e-06,1.985961688433235395e-07
3.550164168700575829e-03,2.279736567288637161e-03,1.056303642690181732e-02,1.840659678009615163e-07,3.808251931332051754e-04,3.824566083494573832e-04,0.000000000000000000e+00,2.141239121556282043e-03,1.783072889338654932e-06,1.923178274410020094e-07
3.134109079837799072e-03,1.661829999648034573e-03,1.295070443302392960e-02,1.341761759476867155e-07,3.265109844505786896e-04,3.328612365294247866e-04,0.000000000000000000e+00,1.772086368873715401e-03,1.783072889338654932e-06,1.320017020134400809e-07
1.632425584830343723e-03,1.036425121128559113e-03,4.857827909290790558e-03,8.368098036726223654e-08,2.580198342911899090e-04,2.608574286568909883e-04,0.000000000000000000e+00,1.102177193388342857e-03,1.783072889338654932e-06,1.034257621768119861e-07
8.116317330859601498e-04,4.003001376986503601e-04,3.503564978018403053e-03,3.232023360055791272e-08,1.588307641213759780e-04,1.657503889873623848e-04,0.000000000000000000e+00,6.097507430240511894e-04,1.783072889338654932e-06,4.512445173077139771e-08
2.292808057973161340e-04,1.096708656405098736e-04,9.202171931974589825e-04,8.854827093784933822e-09,8.334440644830465317e-05,8.962049469118937850e-05,0.000000000000000000e+00,2.758821938186883926e-04,1.783072889338654932e-06,2.932842235736643488e-08
9.268985013477504253e-05,1.980614069907460362e-05,5.495442310348153114e-04,1.599148036213193791e-09,3.395550083951093256e-05,4.635450750356540084e-05,0.000000000000000000e+00,1.792928378563374281e-04,1.783072889338654932e-06,1.793898896096379758e-08
3.031381056644022465e-04,1.572340406710281968e-04,1.187674002721905708e-03,1.269507698964389419e-08,9.787284216145053506e-05,1.038261107169091702e-04,0.000000000000000000e+00,2.713667927309870720e-04,1.783072889338654932e-06,2.188399861324796802e-08
6.910009542480111122e-04,3.617489419411867857e-04,2.785324119031429291e-03,2.920761055236198445e-08,1.523271639598533511e-04,1.572376204421743751e-04,0.000000000000000000e+00,5.071957129985094070e-04,1.783072889338654932e-06,5.093114197052273084e-08
1.254796865396201611e-03,7.193302153609693050e-04,4.598275292664766312e-03,5.807872938135005825e-08,2.143235615221783519e-04,2.203928015660494566e-04,0.000000000000000000e+00,7.563910912722349167e-04,1.783072889338654932e-06,5.574431582999750390e-08
1.477444893680512905e-03,8.725113002583384514e-04,5.097207147628068924e-03,7.044657479582383530e-08,2.360980870435014367e-04,2.391666639596223831e-04,0.000000000000000000e+00,9.521297179162502289e-04,1.783072889338654932e-06,9.033929870838619536e-08
1.802603481337428093e-03,9.813902433961629868e-04,7.146360818296670914e-03,7.923745926063929801e-08,2.516280510462820530e-04,2.580127329565584660e-04,0.000000000000000000e+00,1.065770862624049187e-03,1.783072889338654932e-06,7.859727446657416294e-08
1.416091225109994411e-03,8.788668783381581306e-04,4.434932954609394073e-03,7.095972875958977966e-08,2.355901960982009768e-04,2.389074943494051695e-04,0.000000000000000000e+00,9.373095817863941193e-04,1.783072889338654932e-06,8.900737213934917236e-08
1.141500077210366726e-03,5.872510955668985844e-04,4.825162235647439957e-03,4.741465886581863742e-08,1.936480548465624452e-04,2.002440596697852015e-04,0.000000000000000000e+00,7.173281628638505936e-04,1.783072889338654932e-06,5.286148763161691022e-08
5.981194553896784782e-04,3.495441924314945936e-04,2.000818261876702309e-03,2.822219968834360770e-08,1.491541916038841009e-04,1.541806122986599803e-04,0.000000000000000000e+00,4.849343094974756241e-04,1.783072889338654932e-06,4.887916560392113752e-08
2.502737916074693203e-04,1.083326060324907303e-04,1.143139437772333622e-03,8.746776636314734787e-09,8.182848250726237893e-05,8.906570292310789227e-05,0.000000000000000000e+00,2.762723597697913647e-04,1.783072889338654932e-06,2.208366112199655618e-08
7.670118066016584635e-05,8.695280484971590340e-06,4.974230541847646236e-04,7.020570236271339581e-10,2.162461714760866016e-05,3.292154724476858974e-05,0.000000000000000000e+00,1.826359366532415152e-04,1.783072889338654932e-06,1.886389355831852299e-08
1.098099455703049898e-04,2.250747820653486997e-05,6.658640340901911259e-04,1.817253902913762431e-09,3.633410597103647888e-05,4.337931022746488452e-05,0.000000000000000000e+00,2.071606286335736513e-04,1.783072889338654932e-06,2.196965986911436630e-08
2.872808545362204313e-04,1.563356636324897408e-04,1.009157393127679825e-03,1.262254212264224407e-08,9.899881843011826277e-05,1.060065696947276592e-04,0.000000000000000000e+00,3.002946032211184502e-04,1.783072889338654932e-06,2.367954721194109879e-08
4.894549492746591568e-04,2.323847438674420118e-04,2.138220006600022316e-03,1.876274602352623333e-08,1.218601901200599968e-04,1.263259764527902007e-04,0.000000000000000000e+00,4.324822803027927876e-04,1.783072889338654932e-06,4.405914566518731590e-08
7.168431766331195831e-04,4.057873156853020191e-04,2.586087910458445549e-03,3.276327120715905039e-08,1.611211191629990935e-04,1.677686232142150402e-04,0.000000000000000000e+00,5.244709900580346584e-04,1.783072889338654932e-06,3.892851552222964528e-08
7.668538601137697697e-04,4.311811935622245073e-04,2.785083837807178497e-03,3.481357424561792868e-08,1.650002086535096169e-04,1.693957165116444230e-04,0.000000000000000000e+00,5.716429441235959530e-04,1.783072889338654932e-06,5.670731439977316768e-08
8.290400728583335876e-04,4.339060105849057436e-04,3.388067008927464485e-03,3.503357604017764970e-08,1.675812090979889035e-04,1.741518062772229314e-04,0.000000000000000000e+00,5.632734973914921284e-04,1.783072889338654932e-06,4.167342027017184591e-08
6.551180267706513405e-04,3.868656931445002556e-04,2.189304912462830544e-03,3.123554037642861658e-08,1.559148367960005999e-04,1.611562765901908278e-04,0.000000000000000000e+00,4.932185402140021324e-04,1.783072889338654932e-06,4.958474875138563220e-08
5.006157443858683109e-04,2.408544969512149692e-04,2.225973876193165779e-03,1.944659544506066595e-08,1.243971491931006312e-04,1.305421028519049287e-04,0.000000000000000000e+00,3.716384817380458117e-04,1.783072889338654932e-06,2.828238798713300639e-08
2.808605495374649763e-04,1.443357468815520406e-04,1.091802492737770081e-03,1.165367091715552306e-08,9.571702685207128525e-05,1.030132625601254404e-04,0.000000000000000000e+00,2.734455920290201902e-04,1.783072889338654932e-06,2.901479057015876606e-08
1.362865732517093420e-04,4.663667277782224119e-05,6.937173311598598957e-04,3.765445732994976424e-09,5.426957068266347051e-05,6.054390541976317763e-05,0.000000000000000000e+00,2.027816371992230415e-04,1.783072889338654932e-06,1.780445302301814081e-08
7.087316043907776475e-05,8.608398275100626051e-06,4.468026163522154093e-04,6.950421904683423691e-10,2.092537761200219393e-05,3.570697663235478103e-05,0.000000000000000000e+00,1.758449652697890997e-04,1.783072889338654932e-06,1.764743551291303447e-08
9.496341954218223691e-05,1.822358535719104111e-05,5.692694103345274925e-04,1.471372246264479600e-09,3.226709304726682603e-05,3.930325692635960877e-05,0.000000000000000000e+00,1.981288951355963945e-04,1.783072889338654932e-06,2.103912066786506330e-08
1.775251148501411080e-04,8.061196422204375267e-05,7.301350124180316925e-04,6.508611427591404208e-09,7.042643846943974495e-05,7.795562851242721081e-05,0.000000000000000000e+00,2.389964647591114044e-04,1.783072889338654932e-06,1.978974850658232754e-08
2.632782270666211843e-04,1.164998830063268542e-04,1.176715712063014507e-03,9.406201151307413966e-09,8.558844274375587702e-05,9.165117808151990175e-05,0.000000000000000000e+00,2.910676703322678804e-04,1.783072889338654932e-06,3.075324173096305458e-08
3.465111076366156340e-04,1.718220592010766268e-04,1.422639004886150360e-03,1.387291437282556217e-08,1.050330029102042317e-04,1.119160588132217526e-04,0.000000000000000000e+00,3.242512466385960579e-04,1.783072889338654932e-06,2.504240370626575896e-08
3.593570145312696695e-04,1.903371012303978205e-04,1.351498416624963284e-03,1.536782079369913845e-08,1.091402809834107757e-04,1.154302881332114339e-04,0.000000000000000000e+00,3.387006581760942936e-04,1.783072889338654932e-06,3.532842285380866088e-08
3.527947119437158108e-04,1.630718470551073551e-04,1.587985432706773281e-03,1.316642261883771425e-08,1.023665536195039749e-04,1.090460355044342577e-04,0.000000000000000000e+00,3.092433908022940159e-04,1.783072889338654932e-06,2.401746712621388724e-08
2.755592286121100187e-04,1.427309180144220591e-04,1.048534177243709564e-03,1.152409545568389149e-08,9.476402192376554012e-05,1.017285903799347579e-04,0.000000000000000000e+00,2.797489287331700325e-04,1.783072889338654932e-06,2.960769762694326346e-08
2.020975516643375158e-04,8.083974535111337900e-05,9.751588222570717335e-04,6.527001161771295301e-09,7.186890434240922332e-05,7.849241956137120724e-05,0.000000000000000000e+00,2.374190808041021228e-04,1.783072889338654932e-06,1.951251960008448805e-08
1.244802406290546060e-04,4.260908099240623415e-05,6.186490063555538654e-04,3.440257634323984348e-09,5.161907029105350375e-05,6.052366006770171225e-05,0.000000000000000000e+00,2.000626118388026953e-04,1.783072889338654932e-06,2.136862775614645216e-08
7.722723239567130804e-05,1.408449588780058548e-05,4.551345191430300474e-04,1.137182459309826754e-09,2.897008562285918742e-05,3.713158002938143909e-05,0.000000000000000000e+00,1.762928150128573179e-04,1.783072889338654932e-06,1.677251582066219271e-08
6.296362698776647449e-05,4.958816134603694081e-06,4.074772004969418049e-04,4.003748721448374681e-10,1.411698394804261625e-05,3.071779792662709951e-05,0.000000000000000000e+00,1.725709298625588417e-04,1.783072889338654932e-06,1.711558006434188428e-08
7.800535240676254034e-05,1.066032473318045959e-05,4.897263715974986553e-04,8.607147772288215037e-10,2.454329478496219963e-05,3.367248791619203985e-05,0.000000000000000000e+00,1.837238960433751345e-04,1.783072889338654932e-06,1.936070859187566384e-08
1.095950356102548540e-04,3.583181023714132607e-05,5.397918284870684147e-04,2.893060901953958819e-09,4.684405212174169719e-05,5.494998913491144776e-05,0.000000000000000000e+00,1.978404034161940217e-04,1.783072889338654932e-06,1.742307986773994344e-08
1.405947841703891754e-04,4.958031422575004399e-05,6.925324560143053532e-04,4.003115172679372336e-09,5.554073504754342139e-05,6.331432814477011561e-05,0.000000000000000000e+00,2.176122216042131186e-04,1.783072889338654932e-06,2.335157667232579115e-08
1.723268214846029878e-04,6.778314855182543397e-05,8.216061978600919247e-04,5.472812425466599962e-09,6.581175694009289145e-05,7.292068039532750845e-05,0.000000000000000000e+00,2.238304878119379282e-04,1.783072889338654932e-06,1.868886023714821931e-08
1.898393384180963039e-04,8.561138383811339736e-05,8.066969458013772964e-04,6.912264094438569373e-09,7.323125464608892798e-05,8.099994738586246967e-05,0.000000000000000000e+00,2.355825272388756275e-04,1.783072889338654932e-06,2.523856146297021041e-08
2.103331935359165072e-04,8.770357817411422729e-05,9.930557571351528168e-04,7.081187636259755891e-09,7.477897452190518379e-05,8.110843918984755874e-05,0.000000000000000000e+00,2.332403237232938409e-04,1.783072889338654932e-06,1.920319370185552543e-08
2.139019343303516507e-04,1.011065905913710594e-04,8.894339553080499172e-04,8.163347331446857424e-09,8.014378545340150595e-05,8.807477570371702313e-05,0.000000000000000000e+00,2.385193947702646255e-04,1.783072889338654932e-06,2.554405753585342609e-08
2.269633405376225710e-04,1.021478965412825346e-04,1.013888861052691936e-03,8.247422300655671279e-09,8.105352753773331642e-05,8.683077612658962607e-05,0.000000000000000000e+00,2.342654042877256870e-04,1.783072889338654932e-06,1.925511838862803415e-08
2.246498479507863522e-04,1.041269060806371272e-04,9.724686387926340103e-04,8.407207374716563208e-09,8.139484270941466093e-05,8.954342047218233347e-05,0.000000000000000000e+00,2.327607362531125546e-04,1.783072889338654932e-06,2.495962547754970728e-08
2.353360323468223214e-04,1.143400440923869610e-04,9.809724288061261177e-04,9.231815312205071677e-09,8.557066030334681273e-05,9.101543400902301073e-05,0.000000000000000000e+00,2.289872936671599746e-04,1.783072889338654932e-06,1.895507750759861665e-08
2.324037632206454873e-04,1.066935583367012441e-04,1.022166688926517963e-03,8.614439828136255528e-09,8.264062489615753293e-05,9.089182276511564851e-05,0.000000000000000000e+00,2.349352580495178699e-04,1.783072889338654932e-06,2.518595465517137200e-08
2.451116451993584633e-04,1.203076390083879232e-04,1.021346193738281727e-03,9.713640558572933514e-09,8.763996447669342160e-05,9.286472777603194118e-05,0.000000000000000000e+00,2.266938099637627602e-04,1.783072889338654932e-06,1.880462363601509423e-08
2.438468218315392733e-04,1.183370986836962402e-04,1.019684132188558578e-03,9.554538493716790981e-09,8.708596578799188137e-05,9.526144276605919003e-05,0.000000000000000000e+00,2.354129828745499253e-04,1.783072889338654932e-06,2.526048170636840950e-08
2.588181232567876577e-04,1.225352461915463209e-04,1.130735268816351891e-03,9.893496688562208874e-09,8.856345812091603875e-05,9.391584899276494980e-05,0.000000000000000000e+00,2.320933126611635089e-04,1.783072889338654932e-06,1.908774827086290315e-08
2.534643281251192093e-04,1.284011523239314556e-04,1.011274987831711769e-03,1.036711161361836275e-08,9.053656685864552855e-05,9.853746450971812010e-05,0.000000000000000000e+00,2.393566828686743975e-04,1.783072889338654932e-06,2.567030854550012009e-08
2.641500032041221857e-04,1.230007037520408630e-04,1.172997523099184036e-03,9.931079070213399973e-09,8.885567513061687350e-05,9.433695959160104394e-05,0.000000000000000000e+00,2.384954714216291904e-04,1.783072889338654932e-06,1.943990035613296641e-08
2.568982599768787622e-04,1.289567881030961871e-04,1.030388171784579754e-03,1.041197261741899638e-08,9.067596693057566881e-05,9.846678585745394230e-05,0.000000000000000000e+00,2.490267506800591946e-04,1.783072889338654932e-06,2.667422549507136864e-08
2.724056539591401815e-04,1.305451733060181141e-04,1.167669543065130711e-03,1.054021936397475656e-08,9.133548155659809709e-05,9.720709203975275159e-05,0.000000000000000000e+00,2.509353798814117908e-04,1.783072889338654932e-06,2.017391764752574090e-08
2.771803701762109995e-04,1.370152749586850405e-04,1.140363281592726707e-03,1.106261393601926102e-08,9.335996583104133606e-05,1.006055608741007745e-04,0.000000000000000000e+00,2.612875832710415125e-04,1.783072889338654932e-06,2.791033182347746333e-08
3.157718456350266933e-04,1.595197536516934633e-04,1.286081853322684765e-03,1.287962625440286502e-08,1.009652260108850896e-04,1.068935744115151465e-04,0.000000000000000000e+00,2.764392411336302757e-04,1.783072889338654932e-06,2.176774316353657923e-08
3.430760698392987251e-04,1.735310215735808015e-04,1.387023134157061577e-03,1.401089555486123572e-08,1.053816595231182873e-04,1.119825756177306175e-04,0.000000000000000000e+00,3.084273776039481163e-04,1.783072889338654932e-06,3.251620483979422715e-08
4.181548429187387228e-04,2.198989823227748275e-04,1.658658264204859734e-03,1.775464575359819719e-08,1.185150176752358675e-04,1.245177263626828790e-04,0.000000000000000000e+00,3.239004290662705898e-04,1.783072889338654932e-06,2.484475736252989009e-08
4.726093611679971218e-04,2.555186219979077578e-04,1.802076934836804867e-03,2.063057458201456029e-08,1.277053088415414095e-04,1.335925189778208733e-04,0.000000000000000000e+00,3.688303986564278603e-04,1.783072889338654932e-06,3.823377880962652853e-08
6.060166051611304283e-04,3.246837586630135775e-04,2.396304626017808914e-03,2.621497152688334609e-08,1.444372901460155845e-04,1.503777020843699574e-04,0.000000000000000000e+00,4.170238971710205078e-04,1.783072889338654932e-06,3.116373648026637966e-08
6.914362893439829350e-04,3.939036105293780565e-04,2.491049002856016159e-03,3.180377916578436270e-08,1.586174184922128916e-04,1.638054382055997849e-04,0.000000000000000000e+00,4.842777561862021685e-04,1.783072889338654932e-06,4.885920645847363630e-08
9.130727266892790794e-04,5.005917046219110489e-04,3.569344524294137955e-03,4.041777756924602727e-08,1.793393748812377453e-04,1.851303677540272474e-04,0.000000000000000000e+00,5.554650560952723026e-04,1.783072889338654932e-06,4.093447358854973572e-08
1.026810146868228912e-03,6.029281648807227612e-04,3.598979208618402481e-03,4.868043035344271630e-08,1.966131676454097033e-04,2.010353055084124207e-04,0.000000000000000000e+00,6.398404948413372040e-04,1.783072889338654932e-06,6.285333142841409426e-08
1.392900594510138035e-03,7.795901619829237461e-04,5.349722690880298615e-03,6.294411747376216226e-08,2.242615883005782962e-04,2.298751642229035497e-04,0.000000000000000000e+00,7.833807030692696571e-04,1.783072889338654932e-06,5.749849663061468164e-08
1.532431109808385372e-03,9.157434105873107910e-04,5.285075400024652481e-03,7.393713019610004267e-08,2.424613630864769220e-04,2.461734402459114790e-04,0.000000000000000000e+00,8.818004280328750610e-04,1.783072889338654932e-06,8.421196184826840181e-08
2.091254340484738350e-03,1.184463850222527981e-03,7.987697608768939972e-03,9.563361658138092025e-08,2.765823446679860353e-04,2.820483641698956490e-04,0.000000000000000000e+00,1.080206362530589104e-03,1.783072889338654932e-06,7.952368719088553917e-08
2.113136462867259979e-03,1.285811536945402622e-03,7.081003859639167786e-03,1.038164256783602468e-07,2.873145858757197857e-04,2.904174325522035360e-04,0.000000000000000000e+00,1.192246098071336746e-03,1.783072889338654932e-06,1.112026239979968523e-07
2.703094389289617538e-03,1.520141726359724998e-03,1.045741327106952667e-02,1.227362389499830897e-07,3.133115824311971664e-04,3.187908732797950506e-04,0.000000000000000000e+00,1.372112426906824112e-03,1.783072889338654932e-06,1.014827972767307074e-07
2.394702518358826637e-03,1.483969157561659813e-03,7.763185072690248489e-03,1.198156951431883499e-07,3.082765033468604088e-04,3.111443365924060345e-04,0.000000000000000000e+00,1.344147953204810619e-03,1.783072889338654932e-06,1.243196834366244730e-07
2.678110729902982712e-03,1.476670149713754654e-03,1.063378155231475830e-02,1.192263567872942076e-07,3.086447832174599171e-04,3.142851637676358223e-04,0.000000000000000000e+00,1.380625530146062374e-03,1.783072889338654932e-06,1.021462878725287737e-07
2.019095234572887421e-03,1.258706673979759216e-03,6.398397963494062424e-03,1.016279753685012111e-07,2.840110391844063997e-04,2.869781164918094873e-04,0.000000000000000000e+00,1.205487526021897793e-03,1.783072889338654932e-06,1.123972168670661631e-07
1.821997342631220818e-03,9.803208522498607635e-04,7.383850868791341782e-03,7.915111410738973063e-08,2.508816833142191172e-04,2.569431962911039591e-04,0.000000000000000000e+00,1.032913220115005970e-03,1.783072889338654932e-06,7.606307406149426242e-08
1.148283947259187698e-03,6.998921162448823452e-04,3.712275996804237366e-03,5.650930390288522176e-08,2.118264237651601434e-04,2.155015827156603336e-04,0.000000000000000000e+00,7.716421969234943390e-04,1.783072889338654932e-06,7.463461315637687221e-08
7.874550065025687218e-04,4.100303049199283123e-04,3.201806684955954552e-03,3.310584872906474629e-08,1.614908396732062101e-04,1.682046422502025962e-04,0.000000000000000000e+00,5.724401562474668026e-04,1.783072889338654932e-06,4.226096095294451516e-08
4.175456997472792864e-04,2.281375054735690355e-04,1.508534071035683155e-03,1.841982566475053318e-08,1.205708831548690796e-04,1.255412062164396048e-04,0.000000000000000000e+00,3.855479299090802670e-04,1.783072889338654932e-06,3.994265540541164228e-08
2.193038671975955367e-04,1.026091049425303936e-04,9.047526400536298752e-04,8.284660069080018729e-09,7.821202598279342055e-05,8.655048441141843796e-05,0.000000000000000000e+00,2.621948951855301857e-04,1.783072889338654932e-06,2.095463003115582978e-08
1.187350280815735459e-04,4.538835855782963336e-05,5.365146789699792862e-04,3.664656800239640688e-09,4.985882696928456426e-05,5.644743578159250319e-05,0.000000000000000000e+00,1.969519944395869970e-04,1.783072889338654932e-06,2.138243004878859210e-08
1.150529933511279523e-04,4.654414442484267056e-05,5.198818980716168880e-04,3.757974820217668821e-09,4.933790478389710188e-05,6.181280332384631038e-05,0.000000000000000000e+00,1.652065548114478588e-04,1.783072889338654932e-06,1.642291280745666882e-08
1.792902476154267788e-04,8.740466728340834379e-05,7.480112835764884949e-04,7.057054052239664088e-09,7.278788689291104674e-05,7.690866914344951510e-05,0.000000000000000000e+00,1.708444906398653984e-04,1.783072889338654932e-06,1.616316680497220659e-08
2.767869445960968733e-04,1.485051761846989393e-04,1.077077002264559269e-03,1.199030918996868422e-08,9.635330934543162584e-05,1.056885957950726151e-04,0.000000000000000000e+00,2.057404926745221019e-04,1.783072889338654932e-06,2.229002404874336207e-08
4.101680533494800329e-04,2.224873460363596678e-04,1.637471490539610386e-03,1.796363058303995786e-08,1.189652757602743804e-04,1.234003721037879586e-04,0.000000000000000000e+00,2.393355971435084939e-04,1.783072889338654932e-06,1.947845618133214884e-08
5.009855376556515694e-04,2.869429590646177530e-04,1.830091350711882114e-03,2.316777703015304724e-08,1.353116385871544480e-04,1.426829694537445903e-04,0.000000000000000000e+00,3.103347262367606163e-04,1.783072889338654932e-06,3.277416027458457393e-08
6.325218710117042065e-04,3.477884165477007627e-04,2.492274390533566475e-03,2.808043930713211012e-08,1.498958881711587310e-04,1.546261628391221166e-04,0.000000000000000000e+00,3.550604451447725296e-04,1.783072889338654932e-06,2.695295009402798314e-08
6.463378085754811764e-04,3.696629719343036413e-04,2.371348673477768898e-03,2.984659275284684554e-08,1.538968499517068267e-04,1.600265095476061106e-04,0.000000000000000000e+00,3.953993727918714285e-04,1.783072889338654932e-06,4.078697557474697533e-08
7.167063886299729347e-04,3.967528464272618294e-04,2.771769184619188309e-03,3.203382803462773154e-08,1.597439113538712263e-04,1.651523634791374207e-04,0.000000000000000000e+00,4.277658008504658937e-04,1.783072889338654932e-06,3.195605913219878857e-08
6.498907459899783134e-04,3.601886273827403784e-04,2.438138937577605247e-03,2.908163310166855808e-08,1.519726938568055630e-04,1.572441542521119118e-04,0.000000000000000000e+00,4.588822484947741032e-04,1.783072889338654932e-06,4.664151731503807241e-08
6.479896255768835545e-04,3.556874580681324005e-04,2.478134352713823318e-03,2.871820825589566084e-08,1.508550776634365320e-04,1.569985470268875360e-04,0.000000000000000000e+00,4.448877298273146152e-04,1.783072889338654932e-06,3.315224006428252324e-08
5.441055400297045708e-04,2.925473672803491354e-04,2.082356717437505722e-03,2.362027728963767004e-08,1.365703647024929523e-04,1.414503785781562328e-04,0.000000000000000000e+00,4.332248645368963480e-04,1.783072889338654932e-06,4.430052058523870073e-08
5.074454820714890957e-04,2.715834416449069977e-04,1.941811642609536648e-03,2.192764902986255038e-08,1.318239374086260796e-04,1.388222590321674943e-04,0.000000000000000000e+00,4.168089362792670727e-04,1.783072889338654932e-06,3.118600488960510120e-08
4.221661656629294157e-04,2.245550858788192272e-04,1.580506563186645508e-03,1.813058148059099040e-08,1.193031130242161453e-04,1.240563142346218228e-04,0.000000000000000000e+00,3.956039436161518097e-04,1.783072889338654932e-06,4.084704841034181300e-08
3.943124611396342516e-04,2.049158065347000957e-04,1.527017448097467422e-03,1.654490233704564162e-08,1.137516446760855615e-04,1.212315037264488637e-04,0.000000000000000000e+00,3.669490688480436802e-04,1.783072889338654932e-06,2.774112317638355307e-08
3.353072097525000572e-04,1.785738713806495070e-04,1.213210285641252995e-03,1.441805608237700653e-08,1.056153705576434731e-04,1.106058552977629006e-04,0.000000000000000000e+00,3.541230689734220505e-04,1.783072889338654932e-06,3.699016559721712838e-08
3.108020173385739326e-04,1.604144636075943708e-04,1.176537829451262951e-03,1.295186624616917470e-08,9.914668044075369835e-05,1.073645616997964680e-04,0.000000000000000000e+00,3.273376496508717537e-04,1.783072889338654932e-06,2.506623353326631332e-08
2.673371636774390936e-04,1.443736255168914795e-04,9.318645461462438107e-04,1.165672980363297029e-08,9.222897642757743597e-05,9.727809083415195346e-05,0.000000000000000000e+00,2.977710100822150707e-04,1.783072889338654932e-06,3.164590012261214724e-08
2.504933509044349194e-04,1.330883242189884186e-04,8.994564996100962162e-04,1.074555289193313001e-08,8.721514313947409391e-05,9.602939826436340809e-05,0.000000000000000000e+00,2.745936508290469646e-04,1.783072889338654932e-06,2.160725287581044540e-08
2.236505970358848572e-04,1.203046122100204229e-04,7.741695735603570938e-04,9.713394533150676580e-09,8.180099393939599395e-05,8.733892900636419654e-05,0.000000000000000000e+00,2.592902746982872486e-04,1.783072889338654932e-06,2.790727293700001610e-08
2.140051074093207717e-04,1.175412471638992429e-04,7.300861179828643799e-04,9.490281449586746021e-09,7.903025107225403190e-05,8.850966696627438068e-05,0.000000000000000000e+00,2.345525135751813650e-04,1.783072889338654932e-06,1.910549585204535106e-08
1.951021695276722312e-04,1.058857160387560725e-04,6.713482434861361980e-04,8.549213781350317731e-09,7.404056668747216463e-05,7.983280374901369214e-05,0.000000000000000000e+00,2.208163496106863022e-04,1.783072889338654932e-06,2.403127297156970599e-08
1.838321186369284987e-04,9.970593964681029320e-05,6.346945883706212044e-04,8.050258237801699579e-09,7.118261419236660004e-05,8.132879884215071797e-05,0.000000000000000000e+00,2.065671433228999376e-04,1.783072889338654932e-06,1.748219524699834437e-08
1.637889654375612736e-04,8.580315625295042992e-05,5.858426447957754135e-04,6.927747708829201656e-09,6.605169619433581829e-05,7.225123408716171980e-05,0.000000000000000000e+00,1.940153888426721096e-04,1.783072889338654932e-06,2.116733099910561577e-08
1.476269826525822282e-04,7.424367504427209496e-05,5.541539867408573627e-04,5.994435170464385010e-09,6.060883606551215053e-05,7.182207627920433879e-05,0.000000000000000000e+00,1.796790893422439694e-04,1.783072889338654932e-06,1.612643174553340941e-08
1.270829961868003011e-04,5.940500341239385307e-05,5.013851332478225231e-04,4.796360641989849682e-09,5.415980922407470644e-05,6.073127224226482213e-05,0.000000000000000000e+00,1.753947872202843428e-04,1.783072889338654932e-06,1.900844992519523657e-08
1.083484748960472643e-04,4.455627276911400259e-05,4.696034302469342947e-04,3.597474096395103516e-09,4.687540422310121357e-05,5.922447599004954100e-05,0.000000000000000000e+00,1.683185691945254803e-04,1.783072889338654932e-06,1.570158758568140911e-08
8.923902350943535566e-05,2.979320197482593358e-05,4.303491441532969475e-04,2.405503574109957299e-09,3.895489135175012052e-05,4.623519271262921393e-05,0.000000000000000000e+00,1.641091075725853443e-04,1.783072889338654932e-06,1.749606326484354213e-08
7.373642438324168324e-05,1.828947824833448976e-05,3.949664242099970579e-04,1.476692768065390737e-09,2.982501064252573997e-05,4.414044087752699852e-05,0.000000000000000000e+00,1.595030335010960698e-04,1.783072889338654932e-06,1.563714491226164682e-08
6.248956924537196755e-05,9.241972293239086866e-06,3.744481946341693401e-04,7.461969930844247756e-10,2.120048702636267990e-05,3.087671575485728681e-05,0.000000000000000000e+00,1.580277312314137816e-04,1.783072889338654932e-06,1.643699931719311280e-08
5.642836185870692134e-05,4.495740995480446145e-06,3.621701034717261791e-04,3.629861689002922276e-10,1.377798162138788030e-05,3.076136636082082987e-05,0.000000000000000000e+00,1.571560860611498356e-04,1.783072889338654932e-06,1.606681898635997641e-08
5.549754860112443566e-05,3.937092515116091818e-06,3.583587822504341602e-04,3.178808882786654522e-10,1.194272317661670968e-05,2.886210677388589829e-05,0.000000000000000000e+00,1.572457695147022605e-04,1.783072889338654932e-06,1.568971974563737604e-08
5.884259007871150970e-05,5.992643764329841360e-06,3.681677626445889473e-04,4.838460743172845469e-10,1.675304520176723599e-05,2.894932185881771147e-05,0.000000000000000000e+00,1.603317068656906486e-04,1.783072889338654932e-06,1.693916651390736661e-08
6.536344881169497967e-05,1.105458522943081334e-05,3.809967602137476206e-04,8.925473693466301484e-10,2.405864506727084517e-05,3.749640018213540316e-05,0.000000000000000000e+00,1.620918628759682178e-04,1.783072889338654932e-06,1.547062389306574914e-08
7.290271605597808957e-05,1.630768019822426140e-05,3.974319552071392536e-04,1.316682318730499901e-09,2.955895433842670172e-05,3.810448470176197588e-05,0.000000000000000000e+00,1.685183669906109571e-04,1.783072889338654932e-06,1.817570804973911436e-08
8.144489402184262872e-05,2.236828004242852330e-05,4.207461897749453783e-04,1.806015226257784434e-09,3.465836562099866569e-05,4.632648415281437337e-05,0.000000000000000000e+00,1.700199791230261326e-04,1.783072889338654932e-06,1.561081575118805631e-08
8.911544864531606436e-05,2.765549470495898277e-05,4.368921800050884485e-04,2.232905194077261513e-09,3.927096986444666982e-05,4.694333256338723004e-05,0.000000000000000000e+00,1.777073339326307178e-04,1.783072889338654932e-06,1.935412186071516771e-08
9.823500295169651508e-05,3.325382567709311843e-05,4.677920951507985592e-04,2.684914068851185220e-09,4.335386620368808508e-05,5.368183701648376882e-05,0.000000000000000000e+00,1.820196921471506357e-04,1.783072889338654932e-06,1.606589705716032768e-08
1.053291562129743397e-04,3.786826346185989678e-05,4.850795958191156387e-04,3.057484487811734652e-09,4.660885315388441086e-05,5.379024514695629478e-05,0.000000000000000000e+00,1.895292953122407198e-04,1.783072889338654932e-06,2.072282256904145470e-08
1.155333739006891847e-04,4.419019387569278479e-05,5.216036806814372540e-04,3.567916406765903048e-09,5.067041638540104032e-05,6.013785969116725028e-05,0.000000000000000000e+00,1.918281195685267448e-04,1.783072889338654932e-06,1.652227510362536123e-08
1.246028405148535967e-04,4.873016587225720286e-05,5.555912503041327000e-04,3.934474079869687557e-09,5.397006680141203105e-05,6.061021122150123119e-05,0.000000000000000000e+00,2.031354233622550964e-04,1.783072889338654932e-06,2.220605743730175163e-08
1.407477393513545394e-04,5.770196366938762367e-05,6.208367412909865379e-04,4.658856855854764945e-09,5.947786848992109299e-05,6.800292612751945853e-05,0.000000000000000000e+00,2.096210955642163754e-04,1.783072889338654932e-06,1.745297595334704965e-08
1.569919113535434008e-04,6.693484465358778834e-05,6.752216722816228867e-04,5.404319658453005104e-09,6.436037801904603839e-05,7.081943476805463433e-05,0.000000000000000000e+00,2.253489801660180092e-04,1.783072889338654932e-06,2.453193737039782718e-08
1.885859528556466103e-04,8.465646533295512199e-05,8.059323299676179886e-04,6.835164434448870452e-09,7.283408922376111150e-05,8.073318167589604855e-05,0.000000000000000000e+00,2.333624870516359806e-04,1.783072889338654932e-06,1.882228772842609033e-08
2.224917698185890913e-04,1.057769841281697154e-04,9.071995737031102180e-04,8.540435025850001693e-09,8.164336031768471003e-05,8.783926023170351982e-05,0.000000000000000000e+00,2.599482540972530842e-04,1.783072889338654932e-06,2.799350617976870126e-08
2.859308733604848385e-04,1.406809169566258788e-04,1.171762472949922085e-03,1.135857985445909435e-08,9.450290235690772533e-05,1.016200112644582987e-04,0.000000000000000000e+00,2.807370037771761417e-04,1.783072889338654932e-06,2.178824765053377632e-08
3.510204842314124107e-04,1.834910653997212648e-04,1.352462917566299438e-03,1.481507094780454281e-08,1.079731518984772265e-04,1.137059662141837180e-04,0.000000000000000000e+00,3.228313871659338474e-04,1.783072889338654932e-06,3.404540294127400557e-08
4.895073361694812775e-04,2.591916418168693781e-04,1.926384516991674900e-03,2.092713557999559271e-08,1.288499333895742893e-04,1.353368134004995227e-04,0.000000000000000000e+00,3.767720772884786129e-04,1.783072889338654932e-06,2.821342093284329167e-08
6.353044300340116024e-04,3.563714271876960993e-04,2.323949476704001427e-03,2.877343163731893583e-08,1.510660367785021663e-04,1.560094096930697560e-04,0.000000000000000000e+00,4.653808427974581718e-04,1.783072889338654932e-06,4.723965929542828235e-08
9.664359386079013348e-04,5.383011302910745144e-04,3.680607536807656288e-03,4.346244253383702016e-08,1.860003540059551597e-04,1.919676724355667830e-04,0.000000000000000000e+00,6.007411284372210503e-04,1.783072889338654932e-06,4.404054720907879528e-08
1.265620114281773567e-03,7.437943131662905216e-04,4.427025094628334045e-03,6.005395647434852435e-08,2.184283221140503883e-04,2.220957976533100009e-04,0.000000000000000000e+00,7.912330329418182373e-04,1.783072889338654932e-06,7.631486198533821153e-08
2.018616301938891411e-03,1.146438065916299820e-03,7.608381565660238266e-03,9.256342536900774576e-08,2.718713949434459209e-04,2.776919864118099213e-04,0.000000000000000000e+00,1.113400096073746681e-03,1.783072889338654932e-06,8.188013111976033542e-08
2.467608079314231873e-03,1.494716503657400608e-03,8.283386938273906708e-03,1.206834241429532995e-07,3.096396103501319885e-04,3.120259789284318686e-04,0.000000000000000000e+00,1.445529283955693245e-03,1.783072889338654932e-06,1.330335379634561832e-07
3.940352238714694977e-03,2.227773657068610191e-03,1.502392347902059555e-02,1.798704545308282832e-07,3.793876967392861843e-04,3.851931251119822264e-04,0.000000000000000000e+00,2.101861638948321342e-03,1.783072889338654932e-06,1.569285359437344596e-07
4.178209230303764343e-03,2.598643535748124123e-03,1.335349120199680328e-02,2.098145017725983053e-07,4.071329894941300154e-04,4.084205138497054577e-04,0.000000000000000000e+00,2.442164113745093346e-03,1.783072889338654932e-06,2.178506974814808927e-07
6.116648670285940170e-03,3.406894160434603691e-03,2.387788891792297363e-02,2.750726935119018890e-07,4.687440814450383186e-04,4.747587663587182760e-04,0.000000000000000000e+00,3.219657111912965775e-03,1.783072889338654932e-06,2.431536927360866684e-07
4.958429373800754547e-03,3.174356184899806976e-03,1.481611281633377075e-02,2.562975396358524449e-07,4.491095023695379496e-04,4.499178030528128147e-04,0.000000000000000000e+00,3.024621168151497841e-03,1.783072889338654932e-06,2.669789864739868790e-07
5.427145399153232574e-03,2.922333078458905220e-03,2.200156822800636292e-02,2.359492157211207086e-07,4.336481215432286263e-04,4.400139732751995325e-04,0.000000000000000000e+00,3.046553349122405052e-03,1.783072889338654932e-06,2.298130254985153442e-07
3.096783999353647232e-03,2.032743766903877258e-03,8.621487766504287720e-03,1.641237616922808229e-07,3.592218854464590549e-04,3.606812097132205963e-04,0.000000000000000000e+00,2.018915256485342979e-03,1.783072889338654932e-06,1.820508970240553026e-07
1.886074081994593143e-03,9.676371118985116482e-04,7.948528975248336792e-03,7.812703017862077104e-08,2.474406501278281212e-04,2.545026072766631842e-04,0.000000000000000000e+00,1.235840376466512680e-03,1.783072889338654932e-06,9.128202549391062348e-08
6.226083496585488319e-04,3.964214411098510027e-04,1.742535619996488094e-03,3.200706899519900617e-08,1.580449898028746247e-04,1.623253483558073640e-04,0.000000000000000000e+00,5.193335819058120251e-04,1.783072889338654932e-06,5.230178601323132170e-08
1.880451600300148129e-04,9.205031528836116195e-05,7.702000439167022705e-04,7.432143789287692925e-09,6.679789657937362790e-05,7.916070899227634072e-05,0.000000000000000000e+00,1.897483452921733260e-04,1.783072889338654932e-06,1.666883164830323949e-08
3.844856109935790300e-04,2.270387194585055113e-04,1.367266406305134296e-03,1.833110907512036647e-08,1.167229493148624897e-04,1.208237808896228671e-04,0.000000000000000000e+00,2.072028000839054585e-04,1.783072889338654932e-06,1.764252743896577158e-08
9.546339279040694237e-04,5.273069255053997040e-04,3.792258445173501968e-03,4.257477215219296340e-08,1.840279728639870882e-04,1.897713082144036889e-04,0.000000000000000000e+00,4.810119862668216228e-04,1.783072889338654932e-06,4.877199089037276281e-08
1.840862212702631950e-03,1.108166645281016827e-03,6.452979519963264465e-03,8.947338869802479167e-08,2.660976897459477186e-04,2.712638815864920616e-04,0.000000000000000000e+00,8.739759214222431183e-04,1.783072889338654932e-06,6.429252152884146199e-08
2.133160829544067383e-03,1.264291116967797279e-03,7.479530759155750275e-03,1.020788786831872130e-07,2.851292083505541086e-04,2.880219253711402416e-04,0.000000000000000000e+00,1.209167530760169029e-03,1.783072889338654932e-06,1.128054165633329831e-07
2.697959076613187790e-03,1.502819010056555271e-03,1.055836398154497147e-02,1.213376350506223389e-07,3.111301921308040619e-04,3.170358831994235516e-04,0.000000000000000000e+00,1.393035519868135452e-03,1.783072889338654932e-06,1.030686291869642446e-07
2.026017988100647926e-03,1.288006780669093132e-03,6.103793624788522720e-03,1.039936705637956038e-07,2.856503997463732958e-04,2.884394198190420866e-04,0.000000000000000000e+00,1.276317518204450607e-03,1.783072889338654932e-06,1.185198641451279400e-07
1.592737855389714241e-03,8.047412266023457050e-04,6.916222162544727325e-03,6.497481308542774059e-08,2.266208757646381855e-04,2.334655873710289598e-04,0.000000000000000000e+00,9.637447074055671692e-04,1.783072889338654932e-06,7.089176534691432607e-08
7.263028528541326523e-04,4.696630057878792286e-04,2.010452095419168472e-03,3.792059999341290677e-08,1.713822566671296954e-04,1.760122686391696334e-04,0.000000000000000000e+00,5.559460842050611973e-04,1.783072889338654932e-06,5.546248971199929656e-08
2.282586210640147328e-04,8.978065307019278407e-05,1.126391463913023472e-03,7.248890820932274437e-09,7.249305053846910596e-05,8.126633474603295326e-05,0.000000000000000000e+00,2.583881141617894173e-04,1.783072889338654932e-06,2.060756010280329065e-08
9.201259672408923507e-05,3.071310493396595120e-05,4.556666826829314232e-04,2.479776606278960571e-09,3.982744601671583951e-05,4.790295861312188208e-05,0.000000000000000000e+00,1.573282352183014154e-04,1.783072889338654932e-06,1.628315082768949651e-08
2.926444285549223423e-04,1.280144788324832916e-04,1.401221263222396374e-03,1.033589125398748365e-08,9.094587585423141718e-05,9.859277633950114250e-05,0.000000000000000000e+00,2.450782048981636763e-04,1.783072889338654932e-06,2.648694064077972143e-08
7.043208461254835129e-04,4.356595454737544060e-04,2.230940619483590126e-03,3.517515168027784966e-08,1.659272675169631839e-04,1.713609963189810514e-04,0.000000000000000000e+00,4.556724452413618565e-04,1.783072889338654932e-06,3.406294979413360124e-08
1.012691180221736431e-03,5.215554265305399895e-04,4.259695298969745636e-03,4.211039339452327113e-08,1.833954156609252095e-04,1.871683343779295683e-04,0.000000000000000000e+00,6.516618886962532997e-04,1.783072889338654932e-06,6.402884622502824641e-08
1.364349387586116791e-03,8.138395496644079685e-04,4.725228529423475266e-03,6.570940769279332017e-08,2.287707320647314191e-04,2.348673151573166251e-04,0.000000000000000000e+00,7.798701990395784378e-04,1.783072889338654932e-06,5.727667939936509356e-08
1.206017099320888519e-03,6.997858872637152672e-04,4.246700555086135864e-03,5.650071699392356095e-08,2.107609325321391225e-04,2.141466829925775528e-04,0.000000000000000000e+00,8.156115654855966568e-04,1.783072889338654932e-06,7.852018768517154967e-08
1.068285200744867325e-03,5.611465312540531158e-04,4.382476676255464554e-03,4.530697239601977344e-08,1.902628719108179212e-04,1.970214798348024487e-04,0.000000000000000000e+00,6.889099604450166225e-04,1.783072889338654932e-06,5.058232943611074006e-08
6.013552192598581314e-04,3.722741093952208757e-04,1.814807066693902016e-03,3.005741788797422487e-08,1.523999671917408705e-04,1.575576170580461621e-04,0.000000000000000000e+00,4.760039737448096275e-04,1.783072889338654932e-06,4.817249887878460868e-08
2.620381710585206747e-04,1.004035657388158143e-04,1.345523283816874027e-03,8.106584736822242121e-09,7.876627205405384302e-05,8.735126903047785163e-05,0.000000000000000000e+00,2.708227257244288921e-04,1.783072889338654932e-06,2.143231370155262994e-08
7.542196544818580151e-05,1.810315734473988414e-05,4.055555036757141352e-04,1.461649024037114941e-09,3.074020423809997737e-05,4.097781493328511715e-05,0.000000000000000000e+00,1.676326064625754952e-04,1.783072889338654932e-06,1.804429849983080203e-08
1.019573173834942281e-04,3.055410343222320080e-05,5.412874743342399597e-04,2.466938653356010036e-09,4.343354521552100778e-05,5.233890988165512681e-05,0.000000000000000000e+00,1.727446797303855419e-04,1.783072889338654932e-06,1.885551625946391141e-08
2.844935224857181311e-04,1.507769338786602020e-04,1.063965959474444389e-03,1.217373135631305558e-08,9.700818191049620509e-05,1.035893437801860273e-04,0.000000000000000000e+00,2.732000430114567280e-04,1.783072889338654932e-06,2.153589306885805854e-08
4.777564026881009340e-04,2.261282934341579676e-04,2.127768239006400108e-03,1.825760165274914471e-08,1.206717861350625753e-04,1.256079412996768951e-04,0.000000000000000000e+00,3.885128826368600130e-04,1.783072889338654932e-06,4.023874922154391243e-08
6.496045389212667942e-04,3.837762924376875162e-04,2.192758256569504738e-03,3.098610079632635461e-08,1.560557575430721045e-04,1.622380223125219345e-04,0.000000000000000000e+00,4.655246157199144363e-04,1.783072889338654932e-06,3.460810660271818051e-08
6.079757004044950008e-04,3.203800588380545378e-04,2.398197306320071220e-03,2.586749126010090549e-08,1.427159440936520696e-04,1.469475973863154650e-04,0.000000000000000000e+00,4.777589347213506699e-04,1.783072889338654932e-06,4.844152101668441901e-08
5.262176273390650749e-04,2.766741090454161167e-04,2.096492564305663109e-03,2.233866958079033793e-08,1.335647539235651493e-04,1.403640635544434190e-04,0.000000000000000000e+00,3.989422693848609924e-04,1.783072889338654932e-06,2.984029734420801105e-08
3.217922931071370840e-04,1.779743761289864779e-04,1.130049000494182110e-03,1.436965302303860881e-08,1.055916291079483926e-04,1.120472443290054798e-04,0.000000000000000000e+00,3.081301692873239517e-04,1.783072889338654932e-06,3.269358472834937857e-08
1.653962826821953058e-04,5.404212424764409661e-05,9.040521690621972084e-04,4.363362116066582530e-09,5.792983574792742729e-05,6.618064799113199115e-05,0.000000000000000000e+00,2.094894007313996553e-04,1.783072889338654932e-06,1.752589895431810874e-08
7.258313416969031096e-05,1.677044565440155566e-05,3.959668683819472790e-04,1.354045986445839844e-09,3.058567017433233559e-05,4.065582470502704382e-05,0.000000000000000000e+00,1.621600094949826598e-04,1.783072889338654932e-06,1.734204602144018281e-08
6.448446220019832253e-05,1.045391945808660239e-05,3.812898357864469290e-04,8.440495524730806665e-10,2.357568700972478837e-05,3.489412119961343706e-05,0.000000000000000000e+00,1.590156316524371505e-04,1.783072889338654932e-06,1.698073504030617187e-08
1.235891977557912469e-04,4.449244079296477139e-05,5.985844181850552559e-04,3.592320219070188614e-09,5.282517668092623353e-05,6.130553083494305611e-05,0.000000000000000000e+00,1.923831878229975700e-04,1.783072889338654932e-06,1.652968606435933907e-08
2.106609754264354706e-04,8.801665535429492593e-05,9.829869959503412247e-04,7.106466082262841155e-09,7.426967204082757235e-05,8.017963409656658769e-05,0.000000000000000000e+00,2.434562193229794502e-04,1.783072889338654932e-06,2.639463048126344802e-08
2.940954873338341713e-04,1.603497366886585951e-04,1.052447478286921978e-03,1.294663753981240006e-08,1.005522499326616526e-04,1.071324440999887884e-04,0.000000000000000000e+00,2.850101445801556110e-04,1.783072889338654932e-06,2.216558314671601693e-08
3.067008219659328461e-04,1.376307773170992732e-04,1.387860625982284546e-03,1.111231018313674213e-08,9.385008161189034581e-05,9.926797065418213606e-05,0.000000000000000000e+00,3.028397914022207260e-04,1.783072889338654932e-06,3.217918020936849643e-08
2.963484148494899273e-04,1.551543973619118333e-04,1.138465944677591324e-03,1.252716685939958552e-08,9.937656432157382369e-05,1.060220529325306416e-04,0.000000000000000000e+00,2.734741428866982460e-04,1.783072889338654932e-06,2.137440091587450297e-08
2.338400227017700672e-04,1.110726589104160666e-04,9.764850256033241749e-04,8.968007669807320781e-09,8.333617006428539753e-05,9.022705489769577980e-05,0.000000000000000000e+00,2.511885541025549173e-04,1.783072889338654932e-06,2.718882896601826360e-08
1.772467367118224502e-04,7.096615445334464312e-05,8.582237060181796551e-04,5.729808627563670598e-09,6.745752762071788311e-05,7.394608110189437866e-05,0.000000000000000000e+00,2.045820001512765884e-04,1.783072889338654932e-06,1.712886543714375875e-08
1.174903300125151873e-04,4.725817052531056106e-05,5.270783440209925175e-04,3.815625149172774400e-09,5.396045162342488766e-05,6.362325075315311551e-05,0.000000000000000000e+00,1.752432144712656736e-04,1.783072889338654932e-06,1.916993142003775574e-08
7.881252531660720706e-05,1.731614247546531260e-05,4.615736252162605524e-04,1.398105520244996569e-09,3.184574597980827093e-05,3.996113809989765286e-05,0.000000000000000000e+00,1.533902250230312347e-04,1.783072889338654932e-06,1.506463220835030370e-08
6.452617526520043612e-05,1.141844040830619633e-05,3.797356621362268925e-04,9.219250363123876468e-10,2.414710252196528018e-05,3.908719008904881775e-05,0.000000000000000000e+00,1.513416937086731195e-04,1.783072889338654932e-06,1.516685976810094871e-08
7.331075175898149610e-05,1.671960308158304542e-05,4.039788327645510435e-04,1.349941047834590790e-09,3.012532215507235378e-05,3.848102278425358236e-05,0.000000000000000000e+00,1.619326067157089710e-04,1.783072889338654932e-06,1.759696743874883396e-08
9.454823884880170226e-05,3.227128763683140278e-05,4.446824314072728157e-04,2.605584192849619285e-09,4.321186861488968134e-05,5.277352829580195248e-05,0.000000000000000000e+00,1.780870370566844940e-04,1.783072889338654932e-06,1.575285679678017914e-08
1.132948309532366693e-04,3.442642992013134062e-05,5.957175162620842457e-04,2.779590335677539770e-09,4.573999103740788996e-05,5.244408021098934114e-05,0.000000000000000000e+00,1.929664576891809702e-04,1.783072889338654932e-06,2.120888886736338463e-08
1.279956923099234700e-04,5.341787982615642250e-05,5.530809867195785046e-04,4.312960211194649673e-09,5.733636862714774907e-05,6.536150613101199269e-05,0.000000000000000000e+00,1.926971599459648132e-04,1.783072889338654932e-06,1.646940717137113097e-08
1.306649064645171165e-04,4.611687472788617015e-05,6.456992705352604389e-04,3.723477304262701182e-09,5.397249333327636123e-05,6.127873348305001855e-05,0.000000000000000000e+00,1.997811050387099385e-04,1.783072889338654932e-06,2.196853188252134714e-08
1.304130273638293147e-04,4.931298099108971655e-05,6.278322543948888779e-04,3.981530660723819892e-09,5.587838677456602454e-05,6.300199311226606369e-05,0.000000000000000000e+00,1.831681147450581193e-04,1.783072889338654932e-06,1.589890175068831013e-08
1.188603564514778554e-04,4.632669151760637760e-05,5.475134239532053471e-04,3.740417309217036745e-09,5.390229853219352663e-05,6.292984471656382084e-05,0.000000000000000000e+00,1.778231817297637463e-04,1.783072889338654932e-06,1.956777140321719344e-08
1.056397886713966727e-04,3.255016054026782513e-05,5.680828471668064594e-04,2.628100403967437160e-09,4.540428199106827378e-05,5.150009019416756928e-05,0.000000000000000000e+00,1.628133904887363315e-04,1.783072889338654932e-06,1.497683044249242812e-08
8.768618135945871472e-05,2.900722574850078672e-05,4.319813451729714870e-04,2.342043448066988276e-09,4.253263614373281598e-05,5.413143662735819817e-05,0.000000000000000000e+00,1.548081927467137575e-04,1.783072889338654932e-06,1.668500182461229997e-08
7.381767500191926956e-05,1.783736115612555295e-05,4.126616986468434334e-04,1.440188746038018053e-09,3.186864341842010617e-05,3.934100823244079947e-05,0.000000000000000000e+00,1.471413706894963980e-04,1.783072889338654932e-06,1.492278300929683610e-08
6.690862210234627128e-05,1.534234979772008955e-05,3.678335633594542742e-04,1.238741442755042499e-09,2.800007496261969209e-05,4.230264676152728498e-05,0.000000000000000000e+00,1.478291378589347005e-04,1.783072889338654932e-06,1.490932355352470040e-08
6.764828140148892999e-05,1.490931845182785764e-05,3.755510551854968071e-04,1.203778521308151994e-09,2.764173041214235127e-05,3.592582288547419012e-05,0.000000000000000000e+00,1.518385979579761624e-04,1.783072889338654932e-06,1.631746826546986995e-08
7.243538129841908813e-05,1.950155638041906059e-05,3.717284125741571188e-04,1.574555930083931798e-09,3.198752528987824917e-05,4.400390389491803944e-05,0.000000000000000000e+00,1.576098438818007708e-04,1.783072889338654932e-06,1.481749123399822565e-08
7.706203905399888754e-05,1.855087793956045061e-05,4.190279869362711906e-04,1.497798218785817426e-09,3.205757093382999301e-05,4.010531847598031163e-05,0.000000000000000000e+00,1.660835987422615290e-04,1.783072889338654932e-06,1.827139683996392705e-08
8.165977487806230783e-05,2.419254997221287340e-05,4.115048795938491821e-04,1.953306849600267014e-09,3.758747334359213710e-05,4.746199920191429555e-05,0.000000000000000000e+00,1.631673512747511268e-04,1.783072889338654932e-06,1.490903756007355696e-08
8.231659739976748824e-05,2.273453901580069214e-05,4.266814794391393661e-04,1.835587015719397641e-09,3.659944559331052005e-05,4.453668225323781371e-05,0.000000000000000000e+00,1.691391080385074019e-04,1.783072889338654932e-06,1.868327004217462672e-08
8.035534847294911742e-05,2.035322904703207314e-05,4.371560062281787395e-04,1.643319813560140119e-09,3.466364432824775577e-05,4.507402991293929517e-05,0.000000000000000000e+00,1.628651516512036324e-04,1.783072889338654932e-06,1.482937328489697393e-08
7.368929072981700301e-05,1.864959813246969134e-05,3.885495825670659542e-04,1.505768842946508812e-09,3.300976823084056377e-05,4.171894033788703382e-05,0.000000000000000000e+00,1.618473324924707413e-04,1.783072889338654932e-06,1.781634750841476489e-08
6.659625796601176262e-05,1.163743127108318731e-05,3.960963804274797440e-04,9.396062816691141961e-10,2.558008600317407399e-05,3.755985744646750391e-05,0.000000000000000000e+00,1.534918847028166056e-04,1.783072889338654932e-06,1.450754982812441085e-08
5.936848901910707355e-05,9.067121936823241413e-06,3.526016662362962961e-04,7.320795636367449788e-10,2.228684024885296822e-05,3.285165439592674375e-05,0.000000000000000000e+00,1.504120300523936749e-04,1.783072889338654932e-06,1.630513679629075341e-08
5.421863534138537943e-05,5.664550826622871682e-06,3.395660314708948135e-04,4.573558476383965399e-10,1.606672049092594534e-05,3.089144593104720116e-05,0.000000000000000000e+00,1.459748018532991409e-04,1.783072889338654932e-06,1.447295083778499247e-08
5.084786243969574571e-05,3.383028570169699378e-06,3.301079268567264080e-04,2.731457560134487039e-10,1.043922475219005719e-05,2.767891601251903921e-05,0.000000000000000000e+00,1.445403904654085636e-04,1.783072889338654932e-06,1.525139481373116723e-08
4.942210580338723958e-05,2.960473011626163498e-06,3.210490976925939322e-04,2.390286302222932591e-10,8.769709893385879695e-06,2.682187914615496993e-05,0.000000000000000000e+00,1.435671874787658453e-04,1.783072889338654932e-06,1.480442968215811561e-08
4.934001117362640798e-05,3.042848675249842927e-06,3.197019395884126425e-04,2.456796155403395687e-10,9.030716682900674641e-06,2.743902041402179748e-05,0.000000000000000000e+00,1.432696881238371134e-04,1.783072889338654932e-06,1.479614120114547404e-08
5.027398219681344926e-05,3.332305368530796841e-06,3.249150176998227835e-04,2.690503653202114265e-10,1.039104063238482922e-05,2.739892806857824326e-05,0.000000000000000000e+00,1.445017405785620213e-04,1.783072889338654932e-06,1.539798688554583350e-08
5.177886851015500724e-05,4.586119302985025570e-06,3.281967365182936192e-04,3.702833317742459940e-10,1.356145639874739572e-05,2.954540286737028509e-05,0.000000000000000000e+00,1.437307510059326887e-04,1.783072889338654932e-06,1.440474939329305926e-08
5.355688335839658976e-05,5.958413112239213660e-06,3.300248645246028900e-04,4.810822851197826822e-10,1.710491414996795356e-05,2.969071101688314229e-05,0.000000000000000000e+00,1.459598279325291514e-04,1.783072889338654932e-06,1.575733676872914657e-08
5.528977271751500666e-05,6.379797468980541453e-06,3.441846056375652552e-04,5.151048476648156793e-10,1.756309939082711935e-05,3.197162004653364420e-05,0.000000000000000000e+00,1.449151459382846951e-04,1.783072889338654932e-06,1.426186191366696221e-08
5.652445543091744184e-05,8.021763278520666063e-06,3.375789092388004065e-04,6.476772451691203969e-10,2.061013947241008282e-05,3.219211794203147292e-05,0.000000000000000000e+00,1.474480086471885443e-04,1.783072889338654932e-06,1.604104049590659997e-08
5.725921801058575511e-05,7.974347681738436222e-06,3.472265379969030619e-04,6.438490296467591634e-10,2.037070407823193818e-05,3.317238588351756334e-05,0.000000000000000000e+00,1.456221507396548986e-04,1.783072889338654932e-06,1.420601059010095923e-08
5.731960482080467045e-05,8.147268090397119522e-06,3.452123492024838924e-04,6.578104727594791257e-10,2.105884050251916051e-05,3.249091241741552949e-05,0.000000000000000000e+00,1.465109962737187743e-04,1.783072889338654932e-06,1.592357001811706141e-08
5.711045378120616078e-05,8.606117262388579547e-06,3.404511371627449989e-04,6.948580599797082868e-10,2.144937388948164880e-05,3.274028495070524514e-05,0.000000000000000000e+00,1.445921952836215496e-04,1.783072889338654932e-06,1.418447759249374940e-08
5.653639527736231685e-05,7.556474884040653706e-06,3.445276233833283186e-04,6.101097960176105062e-10,2.020331885432824492e-05,3.287048821221105754e-05,0.000000000000000000e+00,1.452715951018035412e-04,1.783072889338654932e-06,1.575582331270197756e-08
5.629695078823715448e-05,8.422221981163602322e-06,3.366397286299616098e-04,6.800103258264300621e-10,2.144620702893007547e-05,3.163978908560238779e-05,0.000000000000000000e+00,1.421075430698692799e-04,1.783072889338654932e-06,1.418182282719726572e-08
5.616386624751612544e-05,8.015593266463838518e-06,3.382038557901978493e-04,6.471790880979710892e-10,2.124305683537386358e-05,3.415388709981925786e-05,0.000000000000000000e+00,1.432788849342614412e-04,1.783072889338654932e-06,1.546278660669031524e-08
5.682318442268297076e-05,8.904634341888595372e-06,3.389607009012252092e-04,7.189602801993544290e-10,2.234954627056140453e-05,3.156115417368710041e-05,0.000000000000000000e+00,1.402247871737927198e-04,1.783072889338654932e-06,1.419715722761338839e-08
5.859940938535146415e-05,1.049842830980196595e-05,3.398476401343941689e-04,8.476432333814898357e-10,2.474272332619875669e-05,3.778830432565882802e-05,0.000000000000000000e+00,1.411621487932279706e-04,1.783072889338654932e-06,1.512777636492046440e-08
6.206739635672420263e-05,1.289747069677105173e-05,3.521743637975305319e-04,1.041341901597547803e-09,2.733876681304536760e-05,3.493232361506670713e-05,0.000000000000000000e+00,1.395248546032235026e-04,1.783072889338654932e-06,1.415074812882721744e-08
6.684893014607951045e-05,1.660672751313541085e-05,3.616612812038511038e-04,1.340827449070047805e-09,3.151776763843372464e-05,4.419514516484923661e-05,0.000000000000000000e+00,1.407607342116534710e-04,1.783072889338654932e-06,1.509632951979256177e-08
7.349097722908481956e-05,2.146363294741604477e-05,3.813179209828376770e-04,1.732973986534602773e-09,3.547688174876384437e-05,4.201921183266676962e-05,0.000000000000000000e+00,1.389555109199136496e-04,1.783072889338654932e-06,1.411029959541565404e-08
8.072233322309330106e-05,2.685569779714569449e-05,3.984980576205998659e-04,2.168329071849939282e-09,3.974998253397643566e-05,5.217463694862090051e-05,0.000000000000000000e+00,1.401683693984523416e-04,1.783072889338654932e-06,1.501277679949453159e-08
9.056041744770482183e-05,3.447646304266527295e-05,4.226756864227354527e-04,2.783629993174940864e-09,4.480508141568861902e-05,5.029996100347489119e-05,0.000000000000000000e+00,1.381637994199991226e-04,1.783072889338654932e-06,1.410598571283117053e-08
1.020252966554835439e-04,4.339795486885122955e-05,4.472290165722370148e-04,3.503951351291334504e-09,4.961767263012006879e-05,6.184537778608500957e-05,0.000000000000000000e+00,1.390444231219589710e-04,1.783072889338654932e-06,1.479650357794071169e-08
1.184076099889352918e-04,5.554834569920785725e-05,4.916529287584125996e-04,4.484974169827182777e-09,5.580303331953473389e-05,6.071548341424204409e-05,0.000000000000000000e+00,1.369396923109889030e-04,1.783072889338654932e-06,1.416066019999107084e-08
1.372243423247709870e-04,7.058146002236753702e-05,5.280672339722514153e-04,5.698748584137547368e-09,6.235929322429001331e-05,7.437685417244210839e-05,0.000000000000000000e+00,1.383614726364612579e-04,1.783072889338654932e-06,1.467357790829737496e-08
1.637612731428816915e-04,8.983591396827250719e-05,6.032325909473001957e-04,7.253352585223638016e-09,7.008190732449293137e-05,7.444498623954132199e-05,0.000000000000000000e+00,1.360209280392155051e-04,1.783072889338654932e-06,1.420946826868885182e-08
1.935958716785535216e-04,1.142952241934835911e-04,6.556037697009742260e-04,9.228197761501633067e-09,7.817949517630040646e-05,8.997959957923740149e-05,0.000000000000000000e+00,1.374027342535555363e-04,1.783072889338654932e-06,1.438004204601384117e-08
2.369815774727612734e-04,1.451948628528043628e-04,7.824716740287840366e-04,1.172303498719884374e-08,8.786295074969530106e-05,9.173191210720688105e-05,0.000000000000000000e+00,1.353954139631241560e-04,1.783072889338654932e-06,1.429268436936581566e-08
2.858408261090517044e-04,1.862762728706002235e-04,8.585242321714758873e-04,1.503994795370999782e-08,9.869079804047942162e-05,1.101681482396088541e-04,0.000000000000000000e+00,1.371212711092084646e-04,1.783072889338654932e-06,1.420831630127850076e-08
3.558911848813295364e-04,2.346494584344327450e-04,1.077034161426126957e-03,1.894560064386041631e-08,1.105350020225159824e-04,1.139725136454217136e-04,0.000000000000000000e+00,1.353832776658236980e-04,1.783072889338654932e-06,1.452006248570114622e-08
4.271987127140164375e-04,2.967150940094143152e-04,1.167018199339509010e-03,2.395677967115261708e-08,1.230785128427669406e-04,1.341201423201709986e-04,0.000000000000000000e+00,1.378178421873599291e-04,1.783072889338654932e-06,1.397922844148524746e-08
5.246016080491244793e-04,3.607054241001605988e-04,1.503543579019606113e-03,2.912335972382606997e-08,1.364123017992824316e-04,1.393785641994327307e-04,0.000000000000000000e+00,1.354185515083372593e-04,1.783072889338654932e-06,1.465993371141394164e-08
6.041817250661551952e-04,4.346641944721341133e-04,1.557254348881542683e-03,3.509478929686338233e-08,1.484063104726374149e-04,1.590762549312785268e-04,0.000000000000000000e+00,1.379205205012112856e-04,1.783072889338654932e-06,1.394441273561142225e-08
6.967558292672038078e-04,4.836406442336738110e-04,1.997359795495867729e-03,3.904914436247963749e-08,1.589369931025430560e-04,1.615075598238036036e-04,0.000000000000000000e+00,1.337917783530429006e-04,1.783072889338654932e-06,1.439007313308593439e-08
7.165294955484569073e-04,5.169940995983779430e-04,1.858746516518294811e-03,4.174210488372409600e-08,1.645594747969880700e-04,1.749072980601340532e-04,0.000000000000000000e+00,1.366074429824948311e-04,1.783072889338654932e-06,1.440505315031259670e-08
7.311623776331543922e-04,4.915776662528514862e-04,2.259787172079086304e-03,3.968998640857535065e-08,1.645860174903646111e-04,1.670133351581171155e-04,0.000000000000000000e+00,1.360596797894686460e-04,1.783072889338654932e-06,1.358634804660141526e-08
6.382846040651202202e-04,4.384324129205197096e-04,1.838013995438814163e-03,3.539903303817482083e-08,1.586023572599515319e-04,1.682111033005639911e-04,0.000000000000000000e+00,1.605077413842082024e-04,1.783072889338654932e-06,1.799153004355957819e-08
6.060973391868174076e-04,3.657483612187206745e-04,2.209802856668829918e-03,2.953052735676919838e-08,1.497907651355490088e-04,1.530839508632197976e-04,0.000000000000000000e+00,1.936865446623414755e-04,1.783072889338654932e-06,1.607191535413221573e-08
5.715106963180005550e-04,3.411021316424012184e-04,1.994260819628834724e-03,2.754059202914049820e-08,1.477040059398859739e-04,1.548406871734187007e-04,0.000000000000000000e+00,3.098248271271586418e-04,1.783072889338654932e-06,3.307099305516203458e-08
7.626529550179839134e-04,4.213895881548523903e-04,2.949005691334605217e-03,3.402300308152916841e-08,1.641845155972987413e-04,1.700954744592308998e-04,0.000000000000000000e+00,4.636276280507445335e-04,1.783072889338654932e-06,3.409098425777301600e-08
1.039631664752960205e-03,6.055406411178410053e-04,3.587764455005526543e-03,4.889135851726678084e-08,1.968556171050295234e-04,1.999534433707594872e-04,0.000000000000000000e+00,7.531455485150218010e-04,1.783072889338654932e-06,7.313764172067749314e-08
1.780003774911165237e-03,1.021064585074782372e-03,6.380467675626277924e-03,8.244076354912976967e-08,2.552518271841108799e-04,2.622814790811389685e-04,0.000000000000000000e+00,1.208924222737550735e-03,1.783072889338654932e-06,8.895209191450703656e-08
2.420310163870453835e-03,1.473026815801858902e-03,7.765401154756546021e-03,1.189322134109715989e-07,3.058266011066734791e-04,3.069779486395418644e-04,0.000000000000000000e+00,1.707432791590690613e-03,1.783072889338654932e-06,1.555903992311868933e-07
4.211198538541793823e-03,2.417022129520773888e-03,1.522418670356273651e-02,1.951503918462549336e-07,3.933819825761020184e-04,4.002917266916483641e-04,0.000000000000000000e+00,2.717575291171669960e-03,1.783072889338654932e-06,2.041935545094020199e-07
4.847723059356212616e-03,3.004773287102580070e-03,1.522856764495372772e-02,2.426054379611741751e-07,4.372391849756240845e-04,4.374278069008141756e-04,0.000000000000000000e+00,3.200930077582597733e-03,1.783072889338654932e-06,2.818849793584377039e-07
7.912838831543922424e-03,4.433056339621543884e-03,3.029234893620014191e-02,3.579250460461480543e-07,5.347261321730911732e-04,5.411037709563970566e-04,0.000000000000000000e+00,4.505473654717206955e-03,1.783072889338654932e-06,3.430317292441031896e-07
6.767231971025466919e-03,4.339836537837982178e-03,2.025123313069343567e-02,3.503984089547884651e-07,5.238167359493672848e-04,5.241410690359771252e-04,0.000000000000000000e+00,4.022719804197549820e-03,1.783072889338654932e-06,3.507440737848810386e-07
8.389875292778015137e-03,4.549570847302675247e-03,3.443848714232444763e-02,3.673323760722269071e-07,5.425568087957799435e-04,5.481536500155925751e-04,0.000000000000000000e+00,3.964558709412813187e-03,1.783072889338654932e-06,3.010575824191619176e-07
4.601214081048965454e-03,3.111522877588868141e-03,1.255171559751033783e-02,2.512244066110724816e-07,4.431465640664100647e-04,4.455863963812589645e-04,0.000000000000000000e+00,2.345197368413209915e-03,1.783072889338654932e-06,2.096894036185403820e-07
2.710754750296473503e-03,1.351682003587484360e-03,1.248521078377962112e-02,1.091348167392425239e-07,2.951463393401354551e-04,2.998128766193985939e-04,0.000000000000000000e+00,1.105515519157052040e-03,1.783072889338654932e-06,8.161767084402526962e-08
6.248868885450065136e-04,4.295998369343578815e-04,1.645556418225169182e-03,3.468589326871551748e-08,1.658827968640252948e-04,1.738828286761417985e-04,0.000000000000000000e+00,3.073139523621648550e-04,1.783072889338654932e-06,3.280732840948985540e-08
1.289800275117158890e-04,5.000187593395821750e-05,6.146926898509263992e-04,4.037151946079120535e-09,5.506604793481528759e-05,6.234036118257790804e-05,0.000000000000000000e+00,1.750888477545231581e-04,1.783072889338654932e-06,1.977446473233612778e-08
9.603865910321474075e-04,5.631955573335289955e-04,3.375392174348235130e-03,4.547241161390047637e-08,1.851513516157865524e-04,1.913120795506983995e-04,0.000000000000000000e+00,5.965181626379489899e-04,1.783072889338654932e-06,4.400064668175218685e-08
2.227986231446266174e-03,1.229532179422676563e-03,8.812237530946731567e-03,9.927244093432818772e-08,2.806927368510514498e-04,2.836339117493480444e-04,0.000000000000000000e+00,1.172302057966589928e-03,1.783072889338654932e-06,1.097801742844239925e-07
4.044078290462493896e-03,2.482304582372307777e-03,1.374951191246509552e-02,2.004213115469610784e-07,3.981227637268602848e-04,4.032794386148452759e-04,0.000000000000000000e+00,1.868222374469041824e-03,1.783072889338654932e-06,1.393177910813392373e-07
3.586554201319813728e-03,2.173410728573799133e-03,1.227621082216501236e-02,1.754812046783627011e-07,3.725917777046561241e-04,3.749085881281644106e-04,0.000000000000000000e+00,1.855224720202386379e-03,1.783072889338654932e-06,1.683122263784753159e-07
3.475886769592761993e-03,1.888542901724576950e-03,1.430455222725868225e-02,1.524809647435176885e-07,3.486340283416211605e-04,3.540678881108760834e-04,0.000000000000000000e+00,1.568887382745742798e-03,1.783072889338654932e-06,1.164299447964367573e-07
1.546613988466560841e-03,1.055185217410326004e-03,3.911304287612438202e-03,8.519565852793675731e-08,2.574450045358389616e-04,2.611524541862308979e-04,0.000000000000000000e+00,1.002982724457979202e-03,1.783072889338654932e-06,9.492778474395890953e-08
4.254371160641312599e-04,1.458413462387397885e-04,2.450081054121255875e-03,1.177523145656778070e-08,9.161081834463402629e-05,1.019620758597739041e-04,0.000000000000000000e+00,3.458763821981847286e-04,1.783072889338654932e-06,2.652908293043765298e-08
2.101733261952176690e-04,8.772897126618772745e-05,1.061813905835151672e-03,7.083237996141633630e-09,7.062481017783284187e-05,7.664800068596377969e-05,0.000000000000000000e+00,1.626297162147238851e-04,1.783072889338654932e-06,1.605455324238391768e-08
8.413645555265247822e-04,5.140316789038479328e-04,2.901923377066850662e-03,4.150292554072620987e-08,1.819478929974138737e-04,1.884629746200516820e-04,0.000000000000000000e+00,3.714052727445960045e-04,1.783072889338654932e-06,3.882300347868294921e-08
1.893607201054692268e-03,1.156129059381783009e-03,6.438651587814092636e-03,9.334586792419941048e-08,2.723791112657636404e-04,2.776394248940050602e-04,0.000000000000000000e+00,9.361308766528964043e-04,1.783072889338654932e-06,6.885846914883586578e-08
2.062656916677951813e-03,1.101950416341423988e-03,8.334899321198463440e-03,8.897148262576592970e-08,2.653287374414503574e-04,2.674756397027522326e-04,0.000000000000000000e+00,1.272164518013596535e-03,1.783072889338654932e-06,1.183624078748835018e-07
2.132626948878169060e-03,1.338136848062276840e-03,6.681405007839202881e-03,1.080411777820700081e-07,2.923200372606515884e-04,2.985059400089085102e-04,0.000000000000000000e+00,1.263495301827788353e-03,1.783072889338654932e-06,9.344759632767818402e-08
1.157086109742522240e-03,6.234192987903952599e-04,4.476736765354871750e-03,5.033488292838228517e-08,1.985943817999213934e-04,2.004668931476771832e-04,0.000000000000000000e+00,8.599311113357543945e-04,1.783072889338654932e-06,8.259624451056879479e-08
4.612650373019278049e-04,2.597920538391917944e-04,1.619793940335512161e-03,2.097561058178598614e-08,1.256411196663975716e-04,1.332765823462978005e-04,0.000000000000000000e+00,3.949359524995088577e-04,1.783072889338654932e-06,2.954350186712417781e-08
1.155087447841651738e-04,4.717561023426242173e-05,5.176747799851000309e-04,3.808958926043715110e-09,5.038646850152872503e-05,5.671699909726157784e-05,0.000000000000000000e+00,1.656565873418003321e-04,1.783072889338654932e-06,1.814616013007253059e-08
2.614921540953218937e-04,1.504995598224923015e-04,8.759191259741783142e-04,1.215133504928189723e-08,9.558123565511777997e-05,1.039652124745771289e-04,0.000000000000000000e+00,2.340066421311348677e-04,1.783072889338654932e-06,2.541854371429508319e-08
6.915606791153550148e-04,3.417304251343011856e-04,3.003565361723303795e-03,2.759131589868957235e-08,1.480127102695405483e-04,1.552619214635342360e-04,0.000000000000000000e+00,4.947374109178781509e-04,1.783072889338654932e-06,3.655051372675188759e-08
9.215835016220808029e-04,5.504875443875789642e-04,3.048166399821639061e-03,4.444636658718081890e-08,1.862663775682449341e-04,1.899466005852445960e-04,0.000000000000000000e+00,6.627930561080574989e-04,1.783072889338654932e-06,6.517150552554085152e-08
9.654218447394669056e-04,5.500951665453612804e-04,3.470271592959761620e-03,4.441468703930695483e-08,1.870724227046594024e-04,1.941998634720221162e-04,0.000000000000000000e+00,6.829954218119382858e-04,1.783072889338654932e-06,5.012292803030504729e-08
5.583610036410391331e-04,2.917397650890052319e-04,2.189319813624024391e-03,2.355507433549064444e-08,1.347156212432309985e-04,1.386343501508235931e-04,0.000000000000000000e+00,4.768925718963146210e-04,1.783072889338654932e-06,4.857570701233271393e-08
2.132346853613853455e-04,1.103975955629721284e-04,7.880777702666819096e-04,8.913502824725583196e-09,8.347263064933940768e-05,9.040920849656686187e-05,0.000000000000000000e+00,2.402931422693654895e-04,1.783072889338654932e-06,1.931184812065112055e-08
6.128052336862310767e-05,6.279331046243896708e-06,4.027218965347856283e-04,5.069932806911481293e-10,1.708782110654283315e-05,2.947685970866587013e-05,0.000000000000000000e+00,1.472900330554693937e-04,1.783072889338654932e-06,1.538826133185011713e-08
1.627210731385275722e-04,6.225740798981860280e-05,7.848489913158118725e-04,5.026663529861252755e-09,6.212627340573817492e-05,6.775178917450830340e-05,0.000000000000000000e+00,2.197876165155321360e-04,1.783072889338654932e-06,2.425826650664930639e-08
3.852061636280268431e-04,2.045309665845707059e-04,1.472399104386568069e-03,1.651383207956769184e-08,1.126869246945716441e-04,1.201127888634800911e-04,0.000000000000000000e+00,3.343525459058582783e-04,1.783072889338654932e-06,2.532028986479417654e-08
4.862973582930862904e-04,2.734232111833989620e-04,1.697769504971802235e-03,2.207619509420055692e-08,1.314610271947458386e-04,1.361529575660824776e-04,0.000000000000000000e+00,4.309717915020883083e-04,1.783072889338654932e-06,4.431768019230730715e-08
4.679866542574018240e-04,2.306258247699588537e-04,2.002330962568521500e-03,1.862072984692986211e-08,1.216366363223642111e-04,1.288201892748475075e-04,0.000000000000000000e+00,3.712771576829254627e-04,1.783072889338654932e-06,2.781542463026198675e-08
2.788518904708325863e-04,1.503108214819803834e-04,1.035698922351002693e-03,1.213609568395668248e-08,9.610621782485395670e-05,1.030062921927310526e-04,0.000000000000000000e+00,2.497116220183670521e-04,1.783072889338654932e-06,2.721314018572229543e-08
1.258763222722336650e-04,4.400026955408975482e-05,6.543165654875338078e-04,3.552582450438990236e-09,5.219063314143568277e-05,5.857372525497339666e-05,0.000000000000000000e+00,1.644439471419900656e-04,1.783072889338654932e-06,1.487713596759476786e-08
6.767833838239312172e-05,1.249798424396431074e-05,4.075704200658947229e-04,1.009087369219230368e-09,2.478092937963083386e-05,3.997536259703338146e-05,0.000000000000000000e+00,1.442330540157854557e-04,1.783072889338654932e-06,1.440761643323185126e-08
1.202516141347587109e-04,4.323167740949429572e-05,5.811632145196199417e-04,3.490526312432962186e-09,5.127509939484298229e-05,5.778850754722952843e-05,0.000000000000000000e+00,1.890361454570665956e-04,1.783072889338654932e-06,2.103065632752532110e-08
2.241351030534133315e-04,1.118816799134947360e-04,8.799523347988724709e-04,9.033327863505746791e-09,8.373809396289288998e-05,9.089362720260396600e-05,0.000000000000000000e+00,2.425818238407373428e-04,1.783072889338654932e-06,1.922027870193687704e-08
2.768597332760691643e-04,1.273011002922430634e-04,1.231804722920060158e-03,1.027829288346993053e-08,8.995996904559433460e-05,9.617536125006154180e-05,0.000000000000000000e+00,2.637814031913876534e-04,1.783072889338654932e-06,2.857928294019984605e-08
2.689211978577077389e-04,1.395677099935710430e-04,1.062564318999648094e-03,1.126869886292070078e-08,9.421537833986803889e-05,1.000891788862645626e-04,0.000000000000000000e+00,2.309706178493797779e-04,1.783072889338654932e-06,1.850978037509776186e-08
1.723266323097050190e-04,7.389808160951361060e-05,7.855342119000852108e-04,5.966532157231085876e-09,6.840778951300308108e-05,7.655768422409892082e-05,0.000000000000000000e+00,1.987512514460831881e-04,1.783072889338654932e-06,2.207270455301113543e-08
8.476622315356507897e-05,2.314248740731272846e-05,4.680630809161812067e-04,1.868524890369371860e-09,3.780327824642881751e-05,4.444676960702054203e-05,0.000000000000000000e+00,1.481743238400667906e-04,1.783072889338654932e-06,1.421921425048822130e-08
5.410704761743545532e-05,3.822828148258849978e-06,3.611896827351301908e-04,3.086552124997865576e-10,1.173094551631947979e-05,3.053821637877263129e-05,0.000000000000000000e+00,1.416524901287630200e-04,1.783072889338654932e-06,1.426715456886995526e-08
8.849205187289044261e-05,2.737448812695220113e-05,4.540071822702884674e-04,2.210216454301416888e-09,4.105035623069852591e-05,5.022047480451874435e-05,0.000000000000000000e+00,1.571684551890939474e-04,1.783072889338654932e-06,1.741683419709261216e-08
1.454332377761602402e-04,5.642512769554741681e-05,7.117003551684319973e-04,4.555765542590961559e-09,5.959751069894991815e-05,6.637366459472104907e-05,0.000000000000000000e+00,1.783807529136538506e-04,1.783072889338654932e-06,1.537318539135412720e-08
1.665566960582509637e-04,7.443191861966624856e-05,7.267487235367298126e-04,6.009634123671503403e-09,6.868217315059155226e-05,7.693673978792503476e-05,0.000000000000000000e+00,1.944989489857107401e-04,1.783072889338654932e-06,2.162591172805150563e-08
1.480292266933247447e-04,6.117548764450475574e-05,6.880582077428698540e-04,4.939309850016115888e-09,6.232941086636856198e-05,6.890214717714115977e-05,0.000000000000000000e+00,1.804791681934148073e-04,1.783072889338654932e-06,1.550939643379933841e-08
9.749886521603912115e-05,2.955517265945672989e-05,5.162634770385921001e-04,2.386284947419881064e-09,4.283952512196265161e-05,5.133579179528169334e-05,0.000000000000000000e+00,1.631734048714861274e-04,1.783072889338654932e-06,1.817000772064147895e-08
6.027307244949042797e-05,9.920780030370224267e-06,3.588359395507723093e-04,8.010039853623140971e-10,2.326749017811380327e-05,3.444348840275779366e-05,0.000000000000000000e+00,1.446870155632495880e-04,1.783072889338654932e-06,1.413139116834827291e-08
5.276310548651963472e-05,4.941574388794833794e-06,3.388854092918336391e-04,3.989827912498356000e-10,1.523024729976896197e-05,2.683764250832609832e-05,0.000000000000000000e+00,1.393298734910786152e-04,1.783072889338654932e-06,1.464729670885844826e-08
6.784170545870438218e-05,1.295784932153765112e-05,4.034003068227320910e-04,1.046216779876374403e-09,2.787161429296247661e-05,3.992469282820820808e-05,0.000000000000000000e+00,1.454382145311683416e-04,1.783072889338654932e-06,1.591017451119114412e-08
8.548007463105022907e-05,2.488127756805624813e-05,4.529761499725282192e-04,2.008914812279272155e-09,3.912964166374877095e-05,4.627686212188564241e-05,0.000000000000000000e+00,1.530118170194327831e-04,1.783072889338654932e-06,1.416115225083558471e-08
8.964933658717200160e-05,2.780115028144791722e-05,4.599945095833390951e-04,2.244665342487905946e-09,4.143787737120874226e-05,5.052085907664150000e-05,0.000000000000000000e+00,1.584873098181560636e-04,1.783072889338654932e-06,1.766181156881430070e-08
8.142629667418077588e-05,1.989054726436734200e-05,4.624929570127278566e-04,1.605962918205250389e-09,3.469380317255854607e-05,4.405644722282886505e-05,0.000000000000000000e+00,1.528644934296607971e-04,1.783072889338654932e-06,1.414139738642461452e-08
6.534125714097172022e-05,1.376816908305045217e-05,3.641901130322366953e-04,1.111642000672929953e-09,2.821197085722815245e-05,3.761047992156818509e-05,0.000000000000000000e+00,1.515407348051667213e-04,1.783072889338654932e-06,1.683750561198849027e-08
5.299891199683770537e-05,5.310737833497114480e-06,3.379218687769025564e-04,4.287890320586740245e-10,1.528576467535458505e-05,3.206570909242145717e-05,0.000000000000000000e+00,1.389598619425669312e-04,1.783072889338654932e-06,1.391417470131273149e-08
5.077615423942916095e-05,4.096248630958143622e-06,3.300899988971650600e-04,3.307311646771893265e-10,1.325566336163319647e-05,2.715673872444313020e-05,0.000000000000000000e+00,1.367090590065345168e-04,1.783072889338654932e-06,1.404998606346907764e-08
5.826874985359609127e-05,8.390876246266998351e-06,3.579164331313222647e-04,6.774794614194945552e-10,2.166921694879420102e-05,3.375262167537584901e-05,0.000000000000000000e+00,1.408623211318627000e-04,1.783072889338654932e-06,1.535381422002046747e-08
6.796073284931480885e-05,1.564587000757455826e-05,3.785504377447068691e-04,1.263247728644500967e-09,3.011536682606674731e-05,3.966912845498882234e-05,0.000000000000000000e+00,1.445982197765260935e-04,1.783072889338654932e-06,1.382210079725609830e-08
7.041900244075804949e-05,1.478198373661143705e-05,4.035694873891770840e-04,1.193497412010913195e-09,2.968670924019534141e-05,3.861570075969211757e-05,0.000000000000000000e+00,1.528006687294691801e-04,1.783072889338654932e-06,1.705559071751849842e-08
6.459199357777833939e-05,1.346232602372765541e-05,3.659331123344600201e-04,1.086948309136914759e-09,2.776339169940911233e-05,3.875752736348658800e-05,0.000000000000000000e+00,1.453635195503011346e-04,1.783072889338654932e-06,1.379892733410770234e-08
5.438472362584434450e-05,6.832235612819204107e-06,3.357846871949732304e-04,5.516348489109645925e-10,1.864933983597438782e-05,3.034901783394161612e-05,0.000000000000000000e+00,1.397401792928576469e-04,1.783072889338654932e-06,1.530856152953674609e-08
4.786912177223712206e-05,2.984486854984425008e-06,3.144881338812410831e-04,2.409674959569230168e-10,9.263234460377134383e-06,2.867144212359562516e-05,0.000000000000000000e+00,1.343581825494766235e-04,1.783072889338654932e-06,1.395214166421965274e-08
4.841388727072626352e-05,3.227517254345002584e-06,3.179346967954188585e-04,2.605897719831773429e-10,1.021407024381915107e-05,2.748645601968746632e-05,0.000000000000000000e+00,1.339290029136464000e-04,1.783072889338654932e-06,1.389466586232401824e-08
5.235258868196979165e-05,6.258303073991555721e-06,3.232071467209607363e-04,5.052954721307401087e-10,1.766389868862461299e-05,3.026816011697519571e-05,0.000000000000000000e+00,1.377356820739805698e-04,1.783072889338654932e-06,1.506607105739021790e-08
5.470987161970697343e-05,7.092774467309936881e-06,3.369626647327095270e-04,5.726706331365960523e-10,1.880640593299176544e-05,3.237704004277475178e-05,0.000000000000000000e+00,1.392083067912608385e-04,1.783072889338654932e-06,1.354734902037080246e-08
5.269482426228933036e-05,6.308512183750281110e-06,3.266358398832380772e-04,5.093493404828564053e-10,1.786598295439034700e-05,3.004526843142230064e-05,0.000000000000000000e+00,1.372272381559014320e-04,1.783072889338654932e-06,1.504206714741940232e-08
4.888176772510632873e-05,4.432826699485303834e-06,3.108755045104771852e-04,3.579064544734222864e-10,1.351278569927671924e-05,3.025667501788120717e-05,0.000000000000000000e+00,1.336138811893761158e-04,1.783072889338654932e-06,1.367766344628762454e-08
4.658955367631278932e-05,2.795740556393866427e-06,3.048490907531231642e-04,2.257281306317082681e-10,8.852931387082207948e-06,2.630998278618790209e-05,0.000000000000000000e+00,1.330890518147498369e-04,1.783072889338654932e-06,1.422015216689942463e-08
4.692747097578831017e-05,2.903880613303044811e-06,3.072667168453335762e-04,2.344593685865703492e-10,9.030160072143189609e-06,2.752875661826692522e-05,0.000000000000000000e+00,1.329691731370985508e-04,1.783072889338654932e-06,1.422621753732755678e-08
4.877420724369585514e-05,4.536652340902946889e-06,3.085501375608146191e-04,3.662893321987326090e-10,1.364304353046463802e-05,2.927481727965641767e-05,0.000000000000000000e+00,1.338253932772204280e-04,1.783072889338654932e-06,1.352385314845605535e-08
5.007636355003342032e-05,5.115427484270185232e-06,3.143110952805727720e-04,4.130196740170788416e-10,1.544249789731111377e-05,2.895438956329599023e-05,0.000000000000000000e+00,1.352982653770595789e-04,1.783072889338654932e-06,1.483726919104810804e-08
5.004278864362277091e-05,5.321260687196627259e-06,3.147871466353535652e-04,4.296386302282684255e-10,1.548134059703443199e-05,3.062812174903228879e-05,0.000000000000000000e+00,1.324281329289078712e-04,1.783072889338654932e-06,1.348705858106313826e-08
4.835665822611190379e-05,4.501757302932674065e-06,3.044498735107481480e-04,3.634718914735657336e-10,1.395051276631420478e-05,2.822380338329821825e-05,0.000000000000000000e+00,1.340991293545812368e-04,1.783072889338654932e-06,1.469371291307197680e-08
4.643288775696419179e-05,3.136393843305995688e-06,3.016290720552206039e-04,2.532324627768645087e-10,9.606935236661229283e-06,2.831625351973343641e-05,0.000000000000000000e+00,1.313358807237818837e-04,1.783072889338654932e-06,1.351326517351481016e-08
4.518055357038974762e-05,2.596239028207492083e-06,2.954169176518917084e-04,2.096203766122073375e-10,7.650352017662953585e-06,2.718276300583966076e-05,0.000000000000000000e+00,1.304262259509414434e-04,1.783072889338654932e-06,1.380603720235740184e-08
4.523580719251185656e-05,2.711485421968973242e-06,2.945262240245938301e-04,2.189253639484078917e-10,8.219281880883499980e-06,2.720334123296197504e-05,0.000000000000000000e+00,1.307169586652889848e-04,1.783072889338654932e-06,1.403633831387196551e-08
4.600124884746037424e-05,3.410959379834821448e-06,2.958193945232778788e-04,2.754009242877941688e-10,1.067668108589714393e-05,2.851046519936062396e-05,0.000000000000000000e+00,1.300834846915677190e-04,1.783072889338654932e-06,1.355287970739027514e-08
4.651992639992386103e-05,3.616125468397513032e-06,2.979889686685055494e-04,2.919660346822894326e-10,1.142791734309867024e-05,2.700542972888797522e-05,0.000000000000000000e+00,1.310490188188850880e-04,1.783072889338654932e-06,1.423176954062910227e-08
4.648275353247299790e-05,3.924046723113860935e-06,2.949773333966732025e-04,3.168276196952035662e-10,1.189707290905062109e-05,2.919376856880262494e-05,0.000000000000000000e+00,1.306097110500559211e-04,1.783072889338654932e-06,1.335086796672158016e-08
4.602544140652753413e-05,3.464580231593572535e-06,2.949432528112083673e-04,2.797302389723199667e-10,1.100461668102070689e-05,2.730615051405038685e-05,0.000000000000000000e+00,1.306653575738891959e-04,1.783072889338654932e-06,1.423445894488395425e-08
4.549919685814529657e-05,3.366977352925459854e-06,2.924125292338430882e-04,2.718497926768037587e-10,1.043352494889404625e-05,2.820315057761035860e-05,0.000000000000000000e+00,1.289096690015867352e-04,1.783072889338654932e-06,1.347469247292565342e-08
4.492156949709169567e-05,3.040263209186377935e-06,2.893138444051146507e-04,2.454708936117100393e-10,9.568768291501328349e-06,2.720844167924951762e-05,0.000000000000000000e+00,1.294991961913183331e-04,1.783072889338654932e-06,1.404349880829158792e-08
4.439946133061312139e-05,2.765666295090341009e-06,2.881059481296688318e-04,2.232999202211871648e-10,8.248233825725037605e-06,2.719969779718667269e-05,0.000000000000000000e+00,1.282319717574864626e-04,1.783072889338654932e-06,1.347529821060788890e-08
4.402254853630438447e-05,2.644462711032247171e-06,2.858484513126313686e-04,2.135139565151433771e-10,7.784979061398189515e-06,2.770293576759286225e-05,0.000000000000000000e+00,1.279323769267648458e-04,1.783072889338654932e-06,1.357668999446559610e-08
4.405505387694574893e-05,2.747674670899868943e-06,2.850857854355126619e-04,2.218472766601919943e-10,8.312636964546982199e-06,2.653068986546713859e-05,0.000000000000000000e+00,1.279879797948524356e-04,1.783072889338654932e-06,1.377246228173589770e-08
4.439017357071861625e-05,3.064834800170501694e-06,2.857177751138806343e-04,2.474548066455639628e-10,9.454247447138186544e-06,2.808589306368958205e-05,0.000000000000000000e+00,1.275356044061481953e-04,1.783072889338654932e-06,1.337541277734999312e-08
4.485635145101696253e-05,3.284459580754628405e-06,2.870226162485778332e-04,2.651872887948769630e-10,1.036025605571921915e-05,2.754862362053245306e-05,0.000000000000000000e+00,1.286962797166779637e-04,1.783072889338654932e-06,1.404936966764580575e-08
4.526190605247393250e-05,3.720485892699798569e-06,2.874494821298867464e-04,3.003920723276820581e-10,1.147665170719847083e-05,2.798851892293896526e-05,0.000000000000000000e+00,1.279646821785718203e-04,1.783072889338654932e-06,1.319548204037346295e-08
4.531130252871662378e-05,3.679989504234981723e-06,2.880870597437024117e-04,2.971224100090097409e-10,1.185514702228829265e-05,2.832247082551475614e-05,0.000000000000000000e+00,1.282260345760732889e-04,1.783072889338654932e-06,1.400681881591481215e-08
4.545015690382570028e-05,4.013234956801170483e-06,2.874714846257120371e-04,3.240286372552247940e-10,1.251272533409064636e-05,2.807605233101639897e-05,0.000000000000000000e+00,1.268977357540279627e-04,1.783072889338654932e-06,1.321632847606224459e-08
4.568883014144375920e-05,4.053855718666454777e-06,2.878179075196385384e-04,3.273083470922699689e-10,1.296287155128084123e-05,2.855254024325404316e-05,0.000000000000000000e+00,1.285318430745974183e-04,1.783072889338654932e-06,1.413904726632608799e-08
4.618872480932623148e-05,4.499146598391234875e-06,2.898472303058952093e-04,3.632611156323406476e-10,1.379245895805070177e-05,2.858801781258080155e-05,0.000000000000000000e+00,1.270485518034547567e-04,1.783072889338654932e-06,1.307098074221357820e-08
4.664749212679453194e-05,4.824647930945502594e-06,2.902488922700285912e-04,3.895421207822380438e-10,1.485838402004446834e-05,2.967564614664297551e-05,0.000000000000000000e+00,1.279795396840199828e-04,1.783072889338654932e-06,1.409540928420938144e-08
4.722782250610180199e-05,5.292586138239130378e-06,2.924325526691973209e-04,4.273234266438663553e-10,1.560173586767632514e-05,2.986118124681524932e-05,0.000000000000000000e+00,1.269197964575141668e-04,1.783072889338654932e-06,1.301344987325592228e-08
4.778094080393202603e-05,5.635759862343547866e-06,2.925004519056528807e-04,4.550313181805876184e-10,1.665897798375226557e-05,2.998042509716469795e-05,0.000000000000000000e+00,1.289513602387160063e-04,1.783072889338654932e-06,1.432534979528554686e-08
4.890178752248175442e-05,6.444731752708321437e-06,2.968292683362960815e-04,5.203477648763055186e-10,1.802358929126057774e-05,3.118032327620312572e-05,0.000000000000000000e+00,1.277412957279011607e-04,1.783072889338654932e-06,1.293295248672166053e-08
5.037923619966022670e-05,7.218537120934342965e-06,3.012958331964910030e-04,5.828247884309689653e-10,1.954904655576683581e-05,3.162609937135130167e-05,0.000000000000000000e+00,1.303111494053155184e-04,1.783072889338654932e-06,1.458598042347603041e-08
5.264204810373485088e-05,8.892637197277508676e-06,3.080755705013871193e-04,7.179916661215202112e-10,2.195290471718180925e-05,3.371111961314454675e-05,0.000000000000000000e+00,1.294185349252074957e-04,1.783072889338654932e-06,1.284912620747036271e-08
5.618670184048824012e-05,1.071766564564313740e-05,3.204011591151356697e-04,8.653444627526596378e-10,2.488490645191632211e-05,3.492748874123208225e-05,0.000000000000000000e+00,1.342891919193789363e-04,1.783072889338654932e-06,1.520364634188808850e-08
6.247977580642327666e-05,1.501835413364460692e-05,3.407866170164197683e-04,1.212582034781917173e-09,2.965108978969510645e-05,3.967716111219488084e-05,0.000000000000000000e+00,1.338276051683351398e-04,1.783072889338654932e-06,1.287340545275128534e-08
7.084221579134464264e-05,1.973948928934987634e-05,3.685482370201498270e-04,1.593766452145928270e-09,3.459065919741988182e-05,4.333099786890670657e-05,0.000000000000000000e+00,1.424790243618190289e-04,1.783072889338654932e-06,1.629026158411761571e-08
8.318846812471747398e-05,2.710983244469389319e-05,4.157073854003101587e-04,2.188848213791061426e-09,4.090126822120510042e-05,4.958857971359975636e-05,0.000000000000000000e+00,1.450789277441799641e-04,1.783072889338654932e-06,1.323585685497619124e-08
9.785853035282343626e-05,3.590279084164649248e-05,4.619933024514466524e-04,2.898792095251678802e-09,4.735862603411078453e-05,5.527066605282016098e-05,0.000000000000000000e+00,1.575640635564923286e-04,1.783072889338654932e-06,1.806300886642020487e-08
1.211736962432041764e-04,4.972930037183687091e-05,5.508914473466575146e-04,4.015144661195790832e-09,5.573089947574771941e-05,6.359296821756288409e-05,0.000000000000000000e+00,1.635524677112698555e-04,1.783072889338654932e-06,1.409854810674460168e-08
1.474759483244270086e-04,6.573301652679219842e-05,6.323860143311321735e-04,5.307284833833136872e-09,6.438683340093120933e-05,7.146015559555962682e-05,0.000000000000000000e+00,1.850433181971311569e-04,1.783072889338654932e-06,2.101618790106840606e-08
1.889843260869383812e-04,8.955001976573839784e-05,7.942807860672473907e-04,7.230270604452471161e-09,7.536856719525530934e-05,8.268924284493550658e-05,0.000000000000000000e+00,2.000623499043285847e-04,1.783072889338654932e-06,1.615542188915242150e-08
2.275214937981218100e-04,1.137088620453141630e-04,9.044279577210545540e-04,9.180853410839517892e-09,8.477539086015895009e-05,9.117371519096195698e-05,0.000000000000000000e+00,2.336983161512762308e-04,1.783072889338654932e-06,2.591841763432967127e-08
2.900558174587786198e-04,1.495672477176412940e-04,1.149935997091233730e-03,1.207606192821231161e-08,9.740393579704686999e-05,1.044424498104490340e-04,0.000000000000000000e+00,2.549497003201395273e-04,1.783072889338654932e-06,1.960041728921169124e-08
3.389131452422589064e-04,1.809716341085731983e-04,1.276922761462628841e-03,1.461164966798378373e-08,1.071911101462319493e-04,1.127567520597949624e-04,0.000000000000000000e+00,3.024920879397541285e-04,1.783072889338654932e-06,3.252313973689524573e-08
4.362381587270647287e-04,2.346773253520950675e-04,1.673934981226921082e-03,1.894784951161909703e-08,1.223520375788211823e-04,1.291867520194500685e-04,0.000000000000000000e+00,3.416733816266059875e-04,1.783072889338654932e-06,2.540254229188576574e-08
5.083328578621149063e-04,2.846749266609549522e-04,1.836657873354852200e-03,2.298465595629295422e-08,1.344458869425579906e-04,1.393519050907343626e-04,0.000000000000000000e+00,3.999213222414255142e-04,1.783072889338654932e-06,4.157567445872700773e-08
6.628535338677465916e-04,3.656005137600004673e-04,2.509479643777012825e-03,2.951859023880842869e-08,1.530498702777549624e-04,1.596322399564087391e-04,0.000000000000000000e+00,4.630507319234311581e-04,1.783072889338654932e-06,3.387358304962617694e-08
7.418066379614174366e-04,4.274506354704499245e-04,2.607794478535652161e-03,3.451237162721554341e-08,1.652843202464282513e-04,1.695396640570834279e-04,0.000000000000000000e+00,5.357653135433793068e-04,1.783072889338654932e-06,5.388377388726439676e-08
9.733883780427277088e-04,5.439142114482820034e-04,3.681977046653628349e-03,4.391564445427320607e-08,1.867369137471541762e-04,1.930485595948994160e-04,0.000000000000000000e+00,6.127640954218804836e-04,1.783072889338654932e-06,4.462049929543354665e-08
1.090084784664213657e-03,6.436952971853315830e-04,3.757330356165766716e-03,5.197196983885987720e-08,2.030887990258634090e-04,2.067173772957175970e-04,0.000000000000000000e+00,7.065640529617667198e-04,1.783072889338654932e-06,6.906697080921730958e-08
1.491711125709116459e-03,8.389858412556350231e-04,5.658844485878944397e-03,6.773971961138158804e-08,2.324487577425315976e-04,2.385335246799513698e-04,0.000000000000000000e+00,8.684085332788527012e-04,1.783072889338654932e-06,6.340177094443788519e-08
1.636330038309097290e-03,9.848775807768106461e-04,5.504652392119169235e-03,7.951903313596631051e-08,2.510899794287979603e-04,2.540644782129675150e-04,0.000000000000000000e+00,1.009872648864984512e-03,1.783072889338654932e-06,9.561575353700391133e-08
2.258591353893280029e-03,1.273968722671270370e-03,8.608283475041389465e-03,1.028602483188478800e-07,2.864299458451569080e-04,2.923812426161020994e-04,0.000000000000000000e+00,1.237942138686776161e-03,1.783072889338654932e-06,9.103941067678533727e-08
2.305119065567851067e-03,1.409392920322716236e-03,7.595370989292860031e-03,1.137943925755280361e-07,3.005702747032046318e-04,3.029487561434507370e-04,0.000000000000000000e+00,1.361889764666557312e-03,1.783072889338654932e-06,1.260272881609125761e-07
3.046081401407718658e-03,1.706854207441210747e-03,1.174895185977220535e-02,1.378114120598183945e-07,3.317135851830244064e-04,3.376247477717697620e-04,0.000000000000000000e+00,1.643319381400942802e-03,1.783072889338654932e-06,1.217599958636128576e-07
2.733065048232674599e-03,1.696415827609598637e-03,8.728947490453720093e-03,1.369686231100786244e-07,3.293423797003924847e-04,3.314642235636711121e-04,0.000000000000000000e+00,1.637544948607683182e-03,1.783072889338654932e-06,1.496622701324668014e-07
3.157840110361576080e-03,1.746256020851433277e-03,1.242454815655946732e-02,1.409927250506370910e-07,3.353237116243690252e-04,3.413012309465557337e-04,0.000000000000000000e+00,1.691292272880673409e-03,1.783072889338654932e-06,1.254539085948636057e-07
2.353105228394269943e-03,1.478668535128235817e-03,7.327581290155649185e-03,1.193877210425853264e-07,3.073777770623564720e-04,3.097209555562585592e-04,0.000000000000000000e+00,1.416785409674048424e-03,1.783072889338654932e-06,1.307949588635892724e-07
2.120228949934244156e-03,1.148682204075157642e-03,8.517945185303688049e-03,9.274461376662657131e-08,2.713226713240146637e-04,2.775218745227903128e-04,0.000000000000000000e+00,1.197521924041211605e-03,1.783072889338654932e-06,8.810989982066530501e-08
1.258829259313642979e-03,7.817850564606487751e-04,3.952990286052227020e-03,6.312133393748808885e-08,2.238277811557054520e-04,2.273278514621779323e-04,0.000000000000000000e+00,8.174523245543241501e-04,1.783072889338654932e-06,7.893248721302370541e-08
7.442638743668794632e-04,3.901081217918545008e-04,3.050107043236494064e-03,3.149733984741942550e-08,1.571084721945226192e-04,1.636642700759693980e-04,0.000000000000000000e+00,4.914507735520601273e-04,1.783072889338654932e-06,3.607549814432786661e-08
2.678299788385629654e-04,1.431909622624516487e-04,9.876141557469964027e-04,1.156123907719575072e-08,9.557959856465458870e-05,1.017132963170297444e-04,0.000000000000000000e+00,2.587758353911340237e-04,1.783072889338654932e-06,2.848037539138204011e-08
6.231891165953129530e-05,1.293715286010410637e-05,3.587891405913978815e-04,1.044545894224313543e-09,2.539944762247614563e-05,3.779608960030600429e-05,0.000000000000000000e+00,1.350284583168104291e-04,1.783072889338654932e-06,1.313500863631134052e-08
9.008697816170752048e-05,3.231290975236333907e-05,4.351027309894561768e-04,2.608944837945159634e-09,4.302043453208170831e-05,5.091854472993873060e-05,0.000000000000000000e+00,1.426379167241975665e-04,1.783072889338654932e-06,1.337493227282493535e-08
2.809660509228706360e-04,1.383189955959096551e-04,1.168240909464657307e-03,1.116787728960844106e-08,9.409770427737385035e-05,1.004064761218614876e-04,0.000000000000000000e+00,2.582295273896306753e-04,1.783072889338654932e-06,2.838326551568570721e-08
5.647072102874517441e-04,3.170926647726446390e-04,2.091540489345788956e-03,2.560206446844404127e-08,1.421094348188489676e-04,1.483907835790887475e-04,0.000000000000000000e+00,3.846045583486557007e-04,1.783072889338654932e-06,2.850878644267140771e-08
7.399243768304586411e-04,4.228082543704658747e-04,2.665264997631311417e-03,3.413754257053369656e-08,1.639828988118097186e-04,1.684782182564958930e-04,0.000000000000000000e+00,5.058962851762771606e-04,1.783072889338654932e-06,5.124894641994615085e-08
9.349877364002168179e-04,5.177195998840034008e-04,3.602616488933563232e-03,4.180068557957383746e-08,1.823819620767608285e-04,1.886569662019610405e-04,0.000000000000000000e+00,5.700649344362318516e-04,1.783072889338654932e-06,4.163177536042894644e-08
8.427726570516824722e-04,5.007125437259674072e-04,2.843541791662573814e-03,4.042753687372169225e-08,1.785176136763766408e-04,1.828547829063609242e-04,0.000000000000000000e+00,5.770593998022377491e-04,1.783072889338654932e-06,5.760275811894643994e-08
7.789336959831416607e-04,4.185665457043796778e-04,3.113734303042292595e-03,3.379506807732468587e-08,1.636509987292811275e-04,1.699449057923629880e-04,0.000000000000000000e+00,4.899367922917008400e-04,1.783072889338654932e-06,3.588110786267861840e-08
5.235878052189946175e-04,3.029804793186485767e-04,1.822717487812042236e-03,2.446264524280650221e-08,1.386045187246054411e-04,1.440155901946127415e-04,0.000000000000000000e+00,3.833557129837572575e-04,1.783072889338654932e-06,4.009155674111752887e-08
3.369592304807156324e-04,1.737426791805773973e-04,1.367438700981438160e-03,1.402798677219152523e-08,1.053334490279667079e-04,1.117497959057800472e-04,0.000000000000000000e+00,2.647269284352660179e-04,1.783072889338654932e-06,2.035561230684379552e-08
1.647197786951437593e-04,7.269300840562209487e-05,7.351232925429940224e-04,5.869234875888196257e-09,6.807658792240545154e-05,7.578553777420893312e-05,0.000000000000000000e+00,1.851444685598835349e-04,1.783072889338654932e-06,2.108364327568779117e-08
7.259929407155141234e-05,2.310931449756026268e-05,3.615702735260128975e-04,1.865846366300161208e-09,3.776299854507669806e-05,4.482326403376646340e-05,0.000000000000000000e+00,1.333295222138985991e-04,1.783072889338654932e-06,1.302913155143414770e-08
4.629536852007731795e-05,5.039940788265084848e-06,2.867541916202753782e-04,4.069248826787941198e-10,1.485092798247933388e-05,3.067159923375584185e-05,0.000000000000000000e+00,1.258000556845217943e-04,1.783072889338654932e-06,1.328460985661195082e-08
7.150795136112719774e-05,1.596573747519869357e-05,4.113684990443289280e-04,1.289073958687936283e-09,3.077377914451062679e-05,3.936842404073104262e-05,0.000000000000000000e+00,1.440536434529349208e-04,1.783072889338654932e-06,1.652779957339589600e-08
1.386036019539460540e-04,6.348748866003006697e-05,5.752532742917537689e-04,5.125980528930540459e-09,6.328545714495703578e-05,7.088929851306602359e-05,0.000000000000000000e+00,1.759078440954908729e-04,1.783072889338654932e-06,1.485735268147436727e-08
2.262415218865498900e-04,1.106100389733910561e-04,9.259937214665114880e-04,8.930655326366832014e-09,8.332245488418266177e-05,8.985618478618562222e-05,0.000000000000000000e+00,2.303212240803986788e-04,1.783072889338654932e-06,2.563311340963991825e-08
3.354021464474499226e-04,1.731726661091670394e-04,1.358304987661540508e-03,1.398196314283950414e-08,1.056012188200838864e-04,1.121625027735717595e-04,0.000000000000000000e+00,2.639896993059664965e-04,1.783072889338654932e-06,2.025127088245426421e-08
4.051519790664315224e-04,2.270412223879247904e-04,1.467996393330395222e-03,1.833130980344321870e-08,1.199053294840268791e-04,1.260574354091659188e-04,0.000000000000000000e+00,3.131112898699939251e-04,1.783072889338654932e-06,3.353928690330576501e-08
4.974283510819077492e-04,2.624524931889027357e-04,2.008784795179963112e-03,2.119042008530414023e-08,1.301373558817431331e-04,1.361767499474808574e-04,0.000000000000000000e+00,3.409738419577479362e-04,1.783072889338654932e-06,2.540927113159341388e-08
4.967605927959084511e-04,2.841434325091540813e-04,1.771164126694202423e-03,2.294174272776672296e-08,1.345238124486058950e-04,1.402823108946904540e-04,0.000000000000000000e+00,3.550076507963240147e-04,1.783072889338654932e-06,3.746635712786883232e-08
5.206438363529741764e-04,2.813341270666569471e-04,2.046262845396995544e-03,2.271491794658686558e-08,1.343162148259580135e-04,1.403849018970504403e-04,0.000000000000000000e+00,3.468344802968204021e-04,1.783072889338654932e-06,2.581618474550850806e-08
4.506405966822057962e-04,2.492334169801324606e-04,1.673336606472730637e-03,2.012310851284837554e-08,1.261729921679943800e-04,1.318990689469501376e-04,0.000000000000000000e+00,3.407352487556636333e-04,1.783072889338654932e-06,3.615950205926310446e-08
4.142566176597028971e-04,2.221530448878183961e-04,1.612481428310275078e-03,1.793663884086527105e-08,1.189550675917416811e-04,1.252406946150586009e-04,0.000000000000000000e+00,3.085545613430440426e-04,1.783072889338654932e-06,2.320651937282036670e-08
3.278506046626716852e-04,1.731851225486025214e-04,1.264599384739995003e-03,1.398296856081060469e-08,1.050026694429107010e-04,1.109304066631011665e-04,0.000000000000000000e+00,2.820553490892052650e-04,1.783072889338654932e-06,3.064640097250048711e-08
2.781418734230101109e-04,1.418398605892434716e-04,1.116734812967479229e-03,1.145215211550976164e-08,9.484044130658730865e-05,1.017999529722146690e-04,0.000000000000000000e+00,2.462852571625262499e-04,1.783072889338654932e-06,1.907804758616293839e-08
2.148045459762215614e-04,1.070624639396555722e-04,8.500592084601521492e-04,8.644224003262479528e-09,8.224484918173402548e-05,8.880074892658740282e-05,0.000000000000000000e+00,2.273615973535925150e-04,1.783072889338654932e-06,2.535291798722028034e-08
1.777424331521615386e-04,8.081448322627693415e-05,7.729674689471721649e-04,6.524962348208873664e-09,7.145562994992360473e-05,7.899867341620847583e-05,0.000000000000000000e+00,1.963120012078434229e-04,1.783072889338654932e-06,1.592483123147303559e-08
1.436625025235116482e-04,6.588406540686264634e-05,5.957509274594485760e-04,5.319479967624829442e-09,6.417634722311049700e-05,7.123733666958287358e-05,0.000000000000000000e+00,1.820334582589566708e-04,1.783072889338654932e-06,2.076971128417426371e-08
1.255427487194538116e-04,5.098730252939276397e-05,5.790225113742053509e-04,4.116714968915857753e-09,5.661322575178928673e-05,6.483598554041236639e-05,0.000000000000000000e+00,1.665319141466170549e-04,1.783072889338654932e-06,1.420516237971014561e-08
1.094685139833018184e-04,4.375817661639302969e-05,4.932540468871593475e-04,3.533035641822834805e-09,5.219255763222463429e-05,5.983314986224286258e-05,0.000000000000000000e+00,1.638492831261828542e-04,1.783072889338654932e-06,1.883818079306820437e-08
1.024983503157272935e-04,3.899660077877342701e-05,4.844649229198694229e-04,3.148586058543401123e-09,4.930972136207856238e-05,5.726937524741515517e-05,0.000000000000000000e+00,1.505525142420083284e-04,1.783072889338654932e-06,1.338337085599050624e-08
9.749429591465741396e-05,3.509991802275180817e-05,4.714429669547826052e-04,2.833967727156050387e-09,4.697742406278848648e-05,5.493894423125311732e-05,0.000000000000000000e+00,1.525007828604429960e-04,1.783072889338654932e-06,1.759484291596891126e-08
9.909579239320009947e-05,3.818886034423485398e-05,4.614852950908243656e-04,3.083369115586265252e-09,4.876676030107773840e-05,5.652316758641973138e-05,0.000000000000000000e+00,1.475840690545737743e-04,1.783072889338654932e-06,1.323690490551143739e-08
1.015644375002011657e-04,3.750176983885467052e-05,4.880568303633481264e-04,3.027893491491795430e-09,4.862404966843314469e-05,5.677601802744902670e-05,0.000000000000000000e+00,1.525698753539472818e-04,1.783072889338654932e-06,1.760431089792291459e-08
1.105118644773028791e-04,4.464432640816085041e-05,5.094306543469429016e-04,3.604583298510988243e-09,5.291290653985925019e-05,6.018890053383074701e-05,0.000000000000000000e+00,1.492447336204349995e-04,1.783072889338654932e-06,1.329466492450137594e-08
1.203322171932086349e-04,4.967925269738771021e-05,5.442796391434967518e-04,4.011103449386155262e-09,5.625663106911815703e-05,6.431364454329013824e-05,0.000000000000000000e+00,1.622499839868396521e-04,1.783072889338654932e-06,1.868481902533858374e-08
1.398846361553296447e-04,6.084820051910355687e-05,6.253898609429597855e-04,4.912885209762407612e-09,6.204892270034179091e-05,6.905746704433113337e-05,0.000000000000000000e+00,1.649745390750467777e-04,1.783072889338654932e-06,1.407759953053755453e-08
1.576082722749561071e-04,7.359738810919225216e-05,6.595553713850677013e-04,5.942253800128582952e-09,6.827576726209372282e-05,7.570164598291739821e-05,0.000000000000000000e+00,1.805534557206556201e-04,1.783072889338654932e-06,2.063579529476555763e-08
1.886283280327916145e-04,8.914862701203674078e-05,8.053453639149665833e-04,7.197861418006823442e-09,7.528747664764523506e-05,8.227249054471030831e-05,0.000000000000000000e+00,1.894516753964126110e-04,1.783072889338654932e-06,1.544859706825718604e-08
2.133007074007764459e-04,1.065818432834930718e-04,8.520154515281319618e-04,8.605419488105781056e-09,8.230225648730993271e-05,8.918979438021779060e-05,0.000000000000000000e+00,2.151732624042779207e-04,1.783072889338654932e-06,2.415043454107035359e-08
2.548310440033674240e-04,1.293630048166960478e-04,1.028415746986865997e-03,1.044477038192326290e-08,9.067804057849571109e-05,9.746575960889458656e-05,0.000000000000000000e+00,2.262644411530345678e-04,1.783072889338654932e-06,1.769362256709428038e-08
2.805158437695354223e-04,1.457170583307743073e-04,1.097712083719670773e-03,1.176519859313884808e-08,9.617028263164684176e-05,1.024206212605349720e-04,0.000000000000000000e+00,2.502756542526185513e-04,1.783072889338654932e-06,2.758967454496996652e-08
3.353833453729748726e-04,1.785237545846030116e-04,1.303442171774804592e-03,1.441401131785369216e-08,1.065649557858705521e-04,1.132274337578564882e-04,0.000000000000000000e+00,2.651537652127444744e-04,1.783072889338654932e-06,2.019087830262833450e-08
3.702081157825887203e-04,2.005460410146042705e-04,1.394794206134974957e-03,1.619208767067448207e-08,1.128480944316834211e-04,1.186532317660748959e-04,0.000000000000000000e+00,3.018264251295477152e-04,1.783072889338654932e-06,3.250223556960918359e-08
4.611143667716532946e-04,2.502592105884104967e-04,1.780592720024287701e-03,2.020593115048541222e-08,1.263795857084915042e-04,1.327730715274810791e-04,0.000000000000000000e+00,3.279588127043098211e-04,1.783072889338654932e-06,2.440493673816490627e-08
5.188594805076718330e-04,2.934733929578214884e-04,1.877175061963498592e-03,2.369504592536486598e-08,1.367751974612474442e-04,1.420151238562539220e-04,0.000000000000000000e+00,3.766853478737175465e-04,1.783072889338654932e-06,3.947541316051683680e-08
6.554552819579839706e-04,3.614054003264755011e-04,2.519018249586224556e-03,2.917987629302842834e-08,1.519469515187665820e-04,1.582091499585658312e-04,0.000000000000000000e+00,4.214802174828946590e-04,1.783072889338654932e-06,3.088851130428338365e-08
7.141563692130148411e-04,4.168206651229411364e-04,2.495302585884928703e-03,3.365409995126356080e-08,1.630260085221379995e-04,1.676845713518559933e-04,0.000000000000000000e+00,4.780542221851646900e-04,1.783072889338654932e-06,4.871549919016615604e-08
8.977988618426024914e-04,4.992763279005885124e-04,3.442509798333048820e-03,4.031157629924564390e-08,1.788899389794096351e-04,1.849899417720735073e-04,0.000000000000000000e+00,5.427155410870909691e-04,1.783072889338654932e-06,3.951613791741692694e-08
9.383461438119411469e-04,5.547657492570579052e-04,3.231228562071919441e-03,4.479178628002955520e-08,1.883389340946450830e-04,1.925153483171015978e-04,0.000000000000000000e+00,6.045749178156256676e-04,1.783072889338654932e-06,6.007009289987763623e-08
1.153787830844521523e-03,6.470382213592529297e-04,4.394936840981245041e-03,5.224186594432467245e-08,2.037737576756626368e-04,2.098793775076046586e-04,0.000000000000000000e+00,6.725588464178144932e-04,1.783072889338654932e-06,4.893957239460178243e-08
1.145551097579300404e-03,6.830518832430243492e-04,3.904047422111034393e-03,5.514961642916205165e-08,2.090244815917685628e-04,2.126411854987964034e-04,0.000000000000000000e+00,7.209446048364043236e-04,1.783072889338654932e-06,7.038655525093417964e-08
1.363509916700422764e-03,7.654247456230223179e-04,5.182913504540920258e-03,6.180039946457327460e-08,2.217235305579379201e-04,2.278922038385644555e-04,0.000000000000000000e+00,7.979368674568831921e-04,1.783072889338654932e-06,5.815353176785720279e-08
1.279407879337668419e-03,7.669842452742159367e-04,4.295594990253448486e-03,6.192632184820467955e-08,2.214123669546097517e-04,2.246776130050420761e-04,0.000000000000000000e+00,8.286420488730072975e-04,1.783072889338654932e-06,7.985610039895618684e-08
1.450900104828178883e-03,8.120556012727320194e-04,5.527134053409099579e-03,6.556538068025474786e-08,2.282472851220518351e-04,2.345792163396254182e-04,0.000000000000000000e+00,8.613120298832654953e-04,1.783072889338654932e-06,6.284707154691204778e-08
1.275975373573601246e-03,7.696775719523429871e-04,4.231214523315429688e-03,6.214378345248405822e-08,2.216837456217035651e-04,2.247775410069152713e-04,0.000000000000000000e+00,8.317625615745782852e-04,1.783072889338654932e-06,8.014251307031372562e-08
1.337694586254656315e-03,7.441544439643621445e-04,5.111943464726209641e-03,6.008303188309582765e-08,2.183857723139226437e-04,2.248331875307485461e-04,0.000000000000000000e+00,8.234583656303584576e-04,1.783072889338654932e-06,6.006036556982508046e-08
1.079471199773252010e-03,6.477370625361800194e-04,3.577027935534715652e-03,5.229829724839873961e-08,2.034258941421285272e-04,2.067554451059550047e-04,0.000000000000000000e+00,7.403128547593951225e-04,1.783072889338654932e-06,7.212434383063737187e-08
1.010155305266380310e-03,5.572927184402942657e-04,3.873429726809263229e-03,4.499582573203042557e-08,1.887076941784471273e-04,1.953653845703229308e-04,0.000000000000000000e+00,6.551955593749880791e-04,1.783072889338654932e-06,4.771729322783357929e-08
7.535949116572737694e-04,4.440456978045403957e-04,2.548244083300232887e-03,3.585225272217940073e-08,1.683296286500990391e-04,1.723178138490766287e-04,0.000000000000000000e+00,5.472483462654054165e-04,1.783072889338654932e-06,5.501469502178224502e-08
6.268607103265821934e-04,3.400199057068675756e-04,2.420353470370173454e-03,2.745320770713988168e-08,1.471166615374386311e-04,1.539320655865594745e-04,0.000000000000000000e+00,4.480545176193118095e-04,1.783072889338654932e-06,3.282637095480822609e-08
4.250813799444586039e-04,2.381428930675610900e-04,1.517590484581887722e-03,1.922766124096142448e-08,1.230656489497050643e-04,1.281880540773272514e-04,0.000000000000000000e+00,3.517943841870874166e-04,1.783072889338654932e-06,3.725758546124779969e-08
3.017158305738121271e-04,1.552189642097800970e-04,1.206927234306931496e-03,1.253238135490164495e-08,9.888674685498699546e-05,1.060696449712850153e-04,0.000000000000000000e+00,2.580413711257278919e-04,1.783072889338654932e-06,1.978744279540478601e-08
1.875386951724067330e-04,9.067988867172971368e-05,7.591180619783699512e-04,7.321494521761451324e-09,7.601358811371028423e-05,8.258716843556612730e-05,0.000000000000000000e+00,2.094699884764850140e-04,1.783072889338654932e-06,2.368424745213815186e-08
1.166277361335232854e-04,4.752078893943689764e-05,5.336523754522204399e-04,3.836829076675485339e-09,5.445152783067896962e-05,6.228037091204896569e-05,0.000000000000000000e+00,1.574170601088553667e-04,1.783072889338654932e-06,1.366163893123939488e-08
6.876959378132596612e-05,1.917992631206288934e-05,3.620917850639671087e-04,1.548587480471041999e-09,3.426241528359241784e-05,4.338135113357566297e-05,0.000000000000000000e+00,1.338049187324941158e-04,1.783072889338654932e-06,1.555025264110554417e-08
4.557370994007214904e-05,5.741406312154140323e-06,2.803214883897453547e-04,4.635611616787826961e-10,1.705947943264618516e-05,2.979765304189641029e-05,0.000000000000000000e+00,1.180015460704453290e-04,1.783072889338654932e-06,1.238804436809459730e-08
4.149161031818948686e-05,3.393846554899937473e-06,2.640142338350415230e-04,2.740191962224969302e-10,1.095276911655673757e-05,2.939668775070458651e-05,0.000000000000000000e+00,1.169634124380536377e-04,1.783072889338654932e-06,1.251768999566138518e-08
5.092454011901281774e-05,9.016462172439787537e-06,2.939217374660074711e-04,7.279892799694209771e-10,2.210057573392987251e-05,3.180279963999055326e-05,0.000000000000000000e+00,1.251590147148817778e-04,1.783072889338654932e-06,1.442500163761906151e-08
6.893428508192300797e-05,2.060337465081829578e-05,3.496188146527856588e-04,1.663516657757213579e-09,3.504965570755302906e-05,4.508915662881918252e-05,0.000000000000000000e+00,1.336902787443250418e-04,1.783072889338654932e-06,1.250801595631401142e-08
8.838991197990253568e-05,3.108361488557420671e-05,4.222864226903766394e-04,2.509691343632880489e-09,4.356869976618327200e-05,5.104070078232325613e-05,0.000000000000000000e+00,1.507765555288642645e-04,1.783072889338654932e-06,1.755246792356501828e-08
1.067688281182199717e-04,4.389381865621544421e-05,4.740919102914631367e-04,3.543987325826947199e-09,5.216728459345176816e-05,6.068933362257666886e-05,0.000000000000000000e+00,1.546582207083702087e-04,1.783072889338654932e-06,1.344854183571442263e-08
1.169158567790873349e-04,4.744668331113643944e-05,5.271162954159080982e-04,3.830845418661965596e-09,5.439452434075064957e-05,6.123304774519056082e-05,0.000000000000000000e+00,1.675753883318975568e-04,1.783072889338654932e-06,1.938135341106317355e-08
1.260595163330435753e-04,5.536541357287205756e-05,5.419364315457642078e-04,4.470203762707569695e-09,5.884421261725947261e-05,6.707965803798288107e-05,0.000000000000000000e+00,1.650045887799933553e-04,1.783072889338654932e-06,1.398657989426510539e-08
1.245408057002350688e-04,5.183530083741061389e-05,5.566426552832126617e-04,4.185182866933701007e-09,5.693901766790077090e-05,6.396104436134919524e-05,0.000000000000000000e+00,1.704124442767351866e-04,1.783072889338654932e-06,1.968993501577642746e-08
1.218637698912061751e-04,5.225795030128210783e-05,5.368656129576265812e-04,4.219307125907789668e-09,5.744544614572077990e-05,6.535591819556429982e-05,0.000000000000000000e+00,1.591925392858684063e-04,1.783072889338654932e-06,1.365615975856826481e-08
1.093022583518177271e-04,4.350723611423745751e-05,5.006740102544426918e-04,3.512774737757240473e-09,5.205565321375615895e-05,5.956336826784536242e-05,0.000000000000000000e+00,1.572761975694447756e-04,1.783072889338654932e-06,1.828552242955083784e-08
9.674009197624400258e-05,3.717766230693086982e-05,4.517664783634245396e-04,3.001724868667565715e-09,4.814636849914677441e-05,5.640683593810535967e-05,0.000000000000000000e+00,1.438578037777915597e-04,1.783072889338654932e-06,1.285835971032156522e-08
7.827689842088147998e-05,2.556590516178403050e-05,3.883097961079329252e-04,2.064191484407729149e-09,3.971505429944954813e-05,4.836195876123383641e-05,0.000000000000000000e+00,1.388000819133594632e-04,1.783072889338654932e-06,1.621113021599285275e-08
6.169071275508031249e-05,1.599059760337695479e-05,3.320221439935266972e-04,1.291080908849551179e-09,3.104550705756992102e-05,3.999142791144549847e-05,0.000000000000000000e+00,1.249789929715916514e-04,1.783072889338654932e-06,1.210279609864528538e-08
4.828058445127680898e-05,7.933912456792313606e-06,2.840202650986611843e-04,6.405841412870927343e-10,2.087090615532360971e-05,3.293680492788553238e-05,0.000000000000000000e+00,1.194464275613427162e-04,1.783072889338654932e-06,1.370060687122531817e-08
4.065688335685990751e-05,3.583375473681371659e-06,2.565190661698579788e-04,2.893217609933884660e-10,1.170359155366895720e-05,2.743872937571723014e-05,0.000000000000000000e+00,1.142160035669803619e-04,1.783072889338654932e-06,1.218265843760946154e-08
3.898952854797244072e-05,2.632811401781509630e-06,2.499830734450370073e-04,2.125732090352272508e-10,8.144678758981171995e-06,2.762278745649382472e-05,0.000000000000000000e+00,1.135841012001037598e-04,1.783072889338654932e-06,1.232519419858135734e-08
4.260561399860307574e-05,4.764925506606232375e-06,2.617802820168435574e-04,3.847201446305348327e-10,1.475532553740777075e-05,2.892799966502934694e-05,0.000000000000000000e+00,1.166265938081778586e-04,1.783072889338654932e-06,1.329017873530347060e-08
4.986080602975562215e-05,9.193705409415997565e-06,2.878169179894030094e-04,7.422999437345367824e-10,2.248989949293900281e-05,3.401871799724176526e-05,0.000000000000000000e+00,1.188540627481415868e-04,1.783072889338654932e-06,1.191459286786766825e-08
5.868120206287130713e-05,1.452640663046622649e-05,3.157907922286540270e-04,1.172862362786020185e-09,2.938680518127512187e-05,3.907934296876192093e-05,0.000000000000000000e+00,1.257571566384285688e-04,1.783072889338654932e-06,1.465663679312001477e-08
6.820967246312648058e-05,2.004710768233053386e-05,3.543650673236697912e-04,1.618603473474422572e-09,3.495484634186141193e-05,4.395803989609703422e-05,0.000000000000000000e+00,1.272605586564168334e-04,1.783072889338654932e-06,1.207038291539674901e-08
7.514611206715926528e-05,2.445923382765613496e-05,3.704161790665239096e-04,1.974838736984452225e-09,3.885445767082273960e-05,4.728729618364013731e-05,0.000000000000000000e+00,1.364525815006345510e-04,1.783072889338654932e-06,1.599041432598369283e-08
8.149204222718253732e-05,2.802468588924966753e-05,3.996709419880062342e-04,2.262713572065422341e-09,4.158908996032550931e-05,5.017281728214584291e-05,0.000000000000000000e+00,1.350026286672800779e-04,1.783072889338654932e-06,1.234777613490223303e-08
8.566054748371243477e-05,3.088336234213784337e-05,4.067606641910970211e-04,2.493523165725264334e-09,4.381971666589379311e-05,5.194543700781650841e-05,0.000000000000000000e+00,1.410112017765641212e-04,1.783072889338654932e-06,1.652659520345878263e-08
9.254396718461066484e-05,3.469806324574165046e-05,4.373313859105110168e-04,2.801522125395194962e-09,4.650937626138329506e-05,5.490264811669476330e-05,0.000000000000000000e+00,1.411276462022215128e-04,1.783072889338654932e-06,1.260526794055749633e-08
9.708198922453448176e-05,3.747676601051352918e-05,4.445078084245324135e-04,3.025874439899212121e-09,4.837010783376172185e-05,5.594070535153150558e-05,0.000000000000000000e+00,1.515444309916347265e-04,1.783072889338654932e-06,1.771013913298702391e-08
1.047512705554254353e-04,4.242865179548971355e-05,4.751186061184853315e-04,3.425689287794853044e-09,5.135004903422668576e-05,5.967924880678765476e-05,0.000000000000000000e+00,1.481075596529990435e-04,1.783072889338654932e-06,1.293242135602667986e-08
1.097318890970200300e-04,4.503762829699553549e-05,4.892722936347126961e-04,3.636339229728946520e-09,5.314414011081680655e-05,6.036315608071163297e-05,0.000000000000000000e+00,1.576702925376594067e-04,1.783072889338654932e-06,1.839243246593014192e-08
1.213032956002280116e-04,5.224307824391871691e-05,5.309174302965402603e-04,4.218107640951984649e-09,5.725210212403908372e-05,6.534276326419785619e-05,0.000000000000000000e+00,1.596846705069765449e-04,1.783072889338654932e-06,1.353085998800906964e-08
1.340926537523046136e-04,5.980900095892138779e-05,5.682581686414778233e-04,4.828978994453336782e-09,6.128384120529517531e-05,6.807986210333183408e-05,0.000000000000000000e+00,1.745783083606511354e-04,1.783072889338654932e-06,2.018130018655028834e-08
1.616983790881931782e-04,7.634716166649013758e-05,6.731497705914080143e-04,6.164270871522603557e-09,6.933321128599345684e-05,7.706894393777474761e-05,0.000000000000000000e+00,1.803624618332833052e-04,1.783072889338654932e-06,1.469611987658936414e-08
1.969582081073895097e-04,9.784958092495799065e-05,7.811810355633497238e-04,7.900377241298883746e-09,7.863939390517771244e-05,8.494215580867603421e-05,0.000000000000000000e+00,2.099050761898979545e-04,1.783072889338654932e-06,2.376261321046513331e-08
2.682152553461492062e-04,1.386828080285340548e-04,1.056185574270784855e-03,1.119725201448318330e-08,9.380841947859153152e-05,1.010045016300864518e-04,0.000000000000000000e+00,2.391389280091971159e-04,1.783072889338654932e-06,1.835305596387115656e-08
3.539648314472287893e-04,1.924283278640359640e-04,1.317895716056227684e-03,1.553666528764097166e-08,1.106282361433841288e-04,1.161457548732869327e-04,0.000000000000000000e+00,2.974694652948528528e-04,1.783072889338654932e-06,3.218779554003958765e-08
5.354066379368305206e-04,2.955570234917104244e-04,2.026005880907177925e-03,2.386327935255394550e-08,1.375258871121332049e-04,1.441135245840996504e-04,0.000000000000000000e+00,3.724902635440230370e-04,1.783072889338654932e-06,2.735760418204336020e-08
7.467719260603189468e-04,4.307397757656872272e-04,2.647049492225050926e-03,3.477793342199220206e-08,1.660319103393703699e-04,1.703866146272048354e-04,0.000000000000000000e+00,5.132716614753007889e-04,1.783072889338654932e-06,5.193324170704727294e-08
1.230742433108389378e-03,6.996982265263795853e-04,4.588637966662645340e-03,5.649363998827539035e-08,2.120004064636304975e-04,2.180943556595593691e-04,0.000000000000000000e+00,7.218037499114871025e-04,1.783072889338654932e-06,5.244325151920747885e-08
1.672637532465159893e-03,1.002330565825104713e-03,5.719822365790605545e-03,8.092818148952574120e-08,2.534468949306756258e-04,2.564225869718939066e-04,0.000000000000000000e+00,9.832476498559117317e-04,1.783072889338654932e-06,9.333413686363201123e-08
2.820397028699517250e-03,1.612273161299526691e-03,1.061625499278306961e-02,1.301749676940744394e-07,3.225980617571622133e-04,3.283024125266820192e-04,0.000000000000000000e+00,1.464982517063617706e-03,1.783072889338654932e-06,1.080694289612438297e-07
3.392469370737671852e-03,2.089436165988445282e-03,1.112194452434778214e-02,1.687010922069021035e-07,3.657279303297400475e-04,3.676508495118469000e-04,0.000000000000000000e+00,1.908387406729161739e-03,1.783072889338654932e-06,1.727256488948114566e-07
5.482796113938093185e-03,3.101091831922531128e-03,2.108742110431194305e-02,2.503821860955213197e-07,4.474554152693599463e-04,4.529976577032357454e-04,0.000000000000000000e+00,2.729616593569517136e-03,1.783072889338654932e-06,2.049820011507108575e-07
5.249818321317434311e-03,3.338789101690053940e-03,1.625138893723487854e-02,2.695738885449827649e-07,4.612515331245958805e-04,4.625055880751460791e-04,0.000000000000000000e+00,2.858905587345361710e-03,1.783072889338654932e-06,2.531466520849789958e-07
7.088009268045425415e-03,3.904413897544145584e-03,2.843651361763477325e-02,3.152424028485256713e-07,5.020556272938847542e-04,5.075639928691089153e-04,0.000000000000000000e+00,3.399439621716737747e-03,1.783072889338654932e-06,2.569023251908220118e-07
4.779940936714410782e-03,3.141558729112148285e-03,1.367641333490610123e-02,2.536494889682217035e-07,4.462391661945730448e-04,4.478004702832549810e-04,0.000000000000000000e+00,2.707406179979443550e-03,1.783072889338654932e-06,2.404261749688885175e-07
4.033538047224283218e-03,2.107085892930626869e-03,1.725681312382221222e-02,1.701261282960331300e-07,3.677397908177226782e-04,3.736373037099838257e-04,0.000000000000000000e+00,2.007707953453063965e-03,1.783072889338654932e-06,1.496997015237866435e-07
1.699305837973952293e-03,1.130274380557239056e-03,4.661055747419595718e-03,9.125837152623716975e-08,2.692781272344291210e-04,2.725380181800574064e-04,0.000000000000000000e+00,1.029258477501571178e-03,1.783072889338654932e-06,9.748288221089751460e-08
5.003694677725434303e-04,2.212357940152287483e-04,2.406483283266425133e-03,1.786257897151699581e-08,1.164639179478399456e-04,1.236935640918090940e-04,0.000000000000000000e+00,3.848533087875694036e-04,1.783072889338654932e-06,2.859683689848679933e-08
1.051700601237826049e-04,4.384862040751613677e-05,4.908120608888566494e-04,3.540338244789609234e-09,4.826619624509476125e-05,5.586273618973791599e-05,0.000000000000000000e+00,1.224023581016808748e-04,1.783072889338654932e-06,1.421236994758601213e-08
5.295091541483998299e-04,2.910047478508204222e-04,2.133677480742335320e-03,2.349572802984312148e-08,1.363498740829527378e-04,1.441606582375243306e-04,0.000000000000000000e+00,2.513663494028151035e-04,1.783072889338654932e-06,2.791162501125654671e-08
1.529011991806328297e-03,9.562426130287349224e-04,5.084075033664703369e-03,7.720704076064066612e-08,2.461145923007279634e-04,2.506894525140523911e-04,0.000000000000000000e+00,6.436188705265522003e-04,1.783072889338654932e-06,4.717005452903322293e-08
2.199695212766528130e-03,1.288474188186228275e-03,8.089973591268062592e-03,1.040314074884918227e-07,2.881821419578045607e-04,2.918008831329643726e-04,0.000000000000000000e+00,1.022235490381717682e-03,1.783072889338654932e-06,9.690460700539915706e-08
3.141741501167416573e-03,1.841523568145930767e-03,1.168773230165243149e-02,1.486846343823344796e-07,3.442255256231874228e-04,3.491506795398890972e-04,0.000000000000000000e+00,1.314446795731782913e-03,1.783072889338654932e-06,9.694447555830265628e-08
2.428224077448248863e-03,1.544014667160809040e-03,7.560825441032648087e-03,1.246637566509889439e-07,3.137887979391962290e-04,3.169882984366267920e-04,0.000000000000000000e+00,1.281269243918359280e-03,1.783072889338654932e-06,1.192063194821457728e-07
1.930485013872385025e-03,9.957717265933752060e-04,8.393795229494571686e-03,8.039862819941845373e-08,2.530203782953321934e-04,2.589681826066225767e-04,0.000000000000000000e+00,9.533369448035955429e-04,1.783072889338654932e-06,6.987841771888270159e-08
7.921394426375627518e-04,5.320187192410230637e-04,2.040180843323469162e-03,4.295520028563259984e-08,1.818434684537351131e-04,1.867168612079694867e-04,0.000000000000000000e+00,5.610263906419277191e-04,1.783072889338654932e-06,5.615858000851403631e-08
2.137530245818197727e-04,8.241202885983511806e-05,1.094751176424324512e-03,6.653948059209824351e-09,6.725459388690069318e-05,7.813837146386504173e-05,0.000000000000000000e+00,2.186587662436068058e-04,1.783072889338654932e-06,1.752637146523738920e-08
2.069522161036729813e-04,1.234525552717968822e-04,7.157923537306487560e-04,9.967560110624162917e-09,7.920278585515916348e-05,8.493618952343240380e-05,0.000000000000000000e+00,1.192044001072645187e-04,1.783072889338654932e-06,1.270264249342289986e-08
6.199948256835341454e-04,3.493061522021889687e-04,2.476552966982126236e-03,2.820298128369813639e-08,1.493390445830300450e-04,1.573123590787872672e-04,0.000000000000000000e+00,2.303336805198341608e-04,1.783072889338654932e-06,2.578278213150042575e-08
1.234181690961122513e-03,8.049409952946007252e-04,3.833134891465306282e-03,6.499093530010213726e-08,2.264854847453534603e-04,2.306132082594558597e-04,0.000000000000000000e+00,4.592728218995034695e-04,1.783072889338654932e-06,3.398720238578789576e-08
1.375626423396170139e-03,7.597490912303328514e-04,5.525123793631792068e-03,6.134214913799951319e-08,2.212240506196394563e-04,2.259469183627516031e-04,0.000000000000000000e+00,6.336493534035980701e-04,1.783072889338654932e-06,6.275158881408060552e-08
1.455909339711070061e-03,8.887552539817988873e-04,5.011895205825567245e-03,7.175810168291718583e-08,2.384331892244517803e-04,2.435110654914751649e-04,0.000000000000000000e+00,6.596449529752135277e-04,1.783072889338654932e-06,4.826395638701796997e-08
9.320994722656905651e-04,5.371291772462427616e-04,3.341642208397388458e-03,4.336782311042952642e-08,1.853233698057010770e-04,1.893758890219032764e-04,0.000000000000000000e+00,6.080608582124114037e-04,1.783072889338654932e-06,6.051830325759510743e-08
5.450928001664578915e-04,2.808892459142953157e-04,2.231773920357227325e-03,2.267900001129419252e-08,1.326247875113040209e-04,1.398908061673864722e-04,0.000000000000000000e+00,4.102617967873811722e-04,1.783072889338654932e-06,3.026541861572695780e-08
2.637353027239441872e-04,1.704432506812736392e-04,6.833050865679979324e-04,1.376158831334350907e-08,9.717235661810263991e-05,1.031659849104471505e-04,0.000000000000000000e+00,2.496154629625380039e-04,1.783072889338654932e-06,2.754439343277681473e-08
2.768344129435718060e-04,1.688577758613973856e-04,9.361533448100090027e-04,1.363357871042580882e-08,9.384272561874240637e-05,1.051673534675501287e-04,0.000000000000000000e+00,1.436128368368372321e-04,1.783072889338654932e-06,1.347643596716352477e-08
4.455186135601252317e-04,2.962471335195004940e-04,1.365793053992092609e-03,2.391900011389225256e-08,1.266610634047538042e-04,1.296969567192718387e-04,0.000000000000000000e+00,1.269216008950024843e-04,1.783072889338654932e-06,1.264438331816108985e-08
5.466950242407619953e-04,3.367191238794475794e-04,1.926931669004261494e-03,2.718670444323834090e-08,1.426046219421550632e-04,1.516253978479653597e-04,0.000000000000000000e+00,1.728270726744085550e-04,1.783072889338654932e-06,1.997908505302348203e-08
5.781740183010697365e-04,3.553286951500922441e-04,2.003680914640426636e-03,2.868924298127240036e-08,1.502369996160268784e-04,1.541037490824237466e-04,0.000000000000000000e+00,2.247724623885005713e-04,1.783072889338654932e-06,1.783900316354447568e-08
4.202998825348913670e-04,2.187844365835189819e-04,1.737676095217466354e-03,1.766465729247101990e-08,1.183881613542325795e-04,1.251396024599671364e-04,0.000000000000000000e+00,2.774783642962574959e-04,1.783072889338654932e-06,3.032971562788588926e-08
2.896216465160250664e-04,1.614087959751486778e-04,1.033322187140583992e-03,1.303214691716902962e-08,1.003170764306560159e-04,1.069318677764385939e-04,0.000000000000000000e+00,2.488063182681798935e-04,1.783072889338654932e-06,1.934781934664897562e-08
2.003148983931168914e-04,9.573429997544735670e-05,8.238113368861377239e-04,7.729588524796326965e-09,7.485278183594346046e-05,7.986369018908590078e-05,0.000000000000000000e+00,2.219945890828967094e-04,1.783072889338654932e-06,2.497759865605075902e-08
2.190741361118853092e-04,1.385100913466885686e-04,6.434206734411418438e-04,1.118330583693705194e-08,8.194585097953677177e-05,9.156189480563625693e-05,0.000000000000000000e+00,1.622197887627407908e-04,1.783072889338654932e-06,1.396856585955674745e-08
2.750491257756948471e-04,1.849825785029679537e-04,7.752787205390632153e-04,1.493549639519642369e-08,9.434282401343807578e-05,9.955853602150455117e-05,0.000000000000000000e+00,1.253870141226798296e-04,1.783072889338654932e-06,1.458399978560009913e-08
2.931344788521528244e-04,1.834337454056367278e-04,9.780266555026173592e-04,1.481044265005948546e-08,9.971031977329403162e-05,1.112104437197558582e-04,0.000000000000000000e+00,1.189806789625436068e-04,1.783072889338654932e-06,1.290204743042977498e-08
2.519313711673021317e-04,1.467595720896497369e-04,9.256346384063363075e-04,1.184937037379540925e-08,9.227134432876482606e-05,9.604697697795927525e-05,0.000000000000000000e+00,1.260832505067810416e-04,1.783072889338654932e-06,1.235088831208486226e-08
1.635372464079409838e-04,8.209834049921482801e-05,6.626515532843768597e-04,6.628620319304445729e-09,7.136090425774455070e-05,8.108543261187151074e-05,0.000000000000000000e+00,1.517374330433085561e-04,1.783072889338654932e-06,1.764206736254436692e-08
1.171039621112868190e-04,4.624144276021979749e-05,5.529119516722857952e-04,3.733534814642780475e-09,5.390873047872446477e-05,6.195780588313937187e-05,0.000000000000000000e+00,1.557131618028506637e-04,1.783072889338654932e-06,1.353658962699455515e-08
1.251745561603456736e-04,5.321437492966651917e-05,5.549388006329536438e-04,4.296529354519407207e-09,5.475386205944232643e-05,6.079709783080033958e-05,0.000000000000000000e+00,1.646630407776683569e-04,1.783072889338654932e-06,1.909864266735894489e-08
1.687962358118966222e-04,1.053288506227545440e-04,4.795714921783655882e-04,8.504253301566677692e-09,7.156562787713482976e-05,8.086282468866556883e-05,0.000000000000000000e+00,1.551023015053942800e-04,1.783072889338654932e-06,1.352707812429798651e-08
1.896653266157954931e-04,1.100815206882543862e-04,6.538201705552637577e-04,8.887982794192339497e-09,7.441905472660437226e-05,7.925953832454979420e-05,0.000000000000000000e+00,1.420179905835539103e-04,1.783072889338654932e-06,1.659185500102466904e-08
1.677570835454389453e-04,9.994730498874559999e-05,5.535434465855360031e-04,8.069746648686759727e-09,6.946778739802539349e-05,8.148234337568283081e-05,0.000000000000000000e+00,1.245543535333126783e-04,1.783072889338654932e-06,1.231773882892639449e-08
1.108541327994316816e-04,5.649625745718367398e-05,4.267106123734265566e-04,4.561508504252742568e-09,5.420114393928088248e-05,6.000483335810713470e-05,0.000000000000000000e+00,1.168681919807568192e-04,1.783072889338654932e-06,1.318550602036339114e-08
6.358931568684056401e-05,1.599648567207623273e-05,3.582743229344487190e-04,1.291556417370998133e-09,3.086535798502154648e-05,4.333040487836115062e-05,0.000000000000000000e+00,1.176539954030886292e-04,1.783072889338654932e-06,1.326379717170311778e-08
5.889025487704202533e-05,1.066854747477918863e-05,3.577824681997299194e-04,8.613786350863961161e-10,2.377459895797073841e-05,3.841439684038050473e-05,0.000000000000000000e+00,1.244346058228984475e-04,1.783072889338654932e-06,1.217462930469537241e-08
8.894593338482081890e-05,3.905871562892571092e-05,3.602605720516294241e-04,3.153601157990237880e-09,4.571339377434924245e-05,5.359174974728375673e-05,0.000000000000000000e+00,1.386116782668977976e-04,1.783072889338654932e-06,1.620298384352736321e-08
1.245815365109592676e-04,6.300144013948738575e-05,4.699240089394152164e-04,5.086737697723719975e-09,5.641648385790176690e-05,6.664824468316510320e-05,0.000000000000000000e+00,1.458769838791340590e-04,1.783072889338654932e-06,1.295268692302897762e-08
1.313852699240669608e-04,6.780074909329414368e-05,4.877410246990621090e-04,5.474233510938120162e-09,5.977654654998332262e-05,6.591016426682472229e-05,0.000000000000000000e+00,1.481041399529203773e-04,1.783072889338654932e-06,1.731863363829688751e-08
1.121443856391124427e-04,5.751410935772582889e-05,4.036442842334508896e-04,4.643689432981545906e-09,5.404764669947326183e-05,6.458191637648269534e-05,0.000000000000000000e+00,1.426584640285000205e-04,1.783072889338654932e-06,1.280987582674697478e-08
7.750638906145468354e-05,2.547827170928940177e-05,3.838459961116313934e-04,2.057116033071793026e-09,3.695567284012213349e-05,4.454801819520071149e-05,0.000000000000000000e+00,1.364352065138518810e-04,1.783072889338654932e-06,1.595381249330785067e-08
5.526030872715637088e-05,1.268119649466825649e-05,3.040519659407436848e-04,1.023879869777033491e-09,2.690154724405147135e-05,3.780919359996914864e-05,0.000000000000000000e+00,1.217391545651480556e-04,1.783072889338654932e-06,1.207659039437203319e-08
5.348210106603801250e-05,9.170610610453877598e-06,3.258957585785537958e-04,7.404352686535276007e-10,2.318423685210291296e-05,3.614878733060322702e-05,0.000000000000000000e+00,1.172191332443617284e-04,1.783072889338654932e-06,1.332478483107024658e-08
6.457577546825632453e-05,2.132999361492693424e-05,3.196087200194597244e-04,1.722183951002875801e-09,3.385623858775943518e-05,4.052495569339953363e-05,0.000000000000000000e+00,1.128490912378765643e-04,1.783072889338654932e-06,1.237872204740142479e-08
7.183206616900861263e-05,2.590002986835315824e-05,3.451855736784636974e-04,2.091168571638490903e-09,3.665620170067995787e-05,5.005699495086446404e-05,0.000000000000000000e+00,1.141347675002180040e-04,1.783072889338654932e-06,1.203320998399703967e-08
6.774897337891161442e-05,2.376026532147079706e-05,3.227380802854895592e-04,1.918404324285916118e-09,3.435299367993138731e-05,4.239041300024837255e-05,0.000000000000000000e+00,1.171490002889186144e-04,1.783072889338654932e-06,1.345502198546455475e-08
5.750490527134388685e-05,1.524438266642391682e-05,3.048404469154775143e-04,1.230831769838403034e-09,2.733917244768235832e-05,4.166323560639284551e-05,0.000000000000000000e+00,1.177647718577645719e-04,1.783072889338654932e-06,1.185828679695077881e-08
5.038210292696021497e-05,9.527632755634840578e-06,2.888941962737590075e-04,7.692610992648951651e-10,2.324523484276141971e-05,3.333974746055901051e-05,0.000000000000000000e+00,1.196505036205053329e-04,1.783072889338654932e-06,1.385592973690563667e-08
5.300835255184210837e-05,9.697870154923293740e-06,3.160020860377699137e-04,7.830061043989644531e-10,2.338209924346301705e-05,3.376212407601997256e-05,0.000000000000000000e+00,1.171027543023228645e-04,1.783072889338654932e-06,1.178973185744780494e-08
6.063864566385746002e-05,1.547736246720887721e-05,3.341089177411049604e-04,1.249642389566929523e-09,3.101304901065304875e-05,4.271456782589666545e-05,0.000000000000000000e+00,1.175038923975080252e-04,1.783072889338654932e-06,1.353457790287393436e-08
6.552913691848516464e-05,2.114777271344792098e-05,3.295805654488503933e-04,1.707471386502845689e-09,3.576328890630975366e-05,4.185689613223075867e-05,0.000000000000000000e+00,1.142330438597127795e-04,1.783072889338654932e-06,1.178541708668490173e-08
6.130631663836538792e-05,1.593591878190636635e-05,3.394870145712047815e-04,1.286666329036734169e-09,3.100662797805853188e-05,4.348812217358499765e-05,0.000000000000000000e+00,1.142169930972158909e-04,1.783072889338654932e-06,1.300039720320000924e-08
5.110765778226777911e-05,1.147242892329813913e-05,2.854991471394896507e-04,9.262839939516709364e-10,2.578189014457166195e-05,3.314801506348885596e-05,0.000000000000000000e+00,1.108531287172809243e-04,1.783072889338654932e-06,1.191274101586259349e-08
4.149641608819365501e-05,4.009467829746427014e-06,2.640682214405387640e-04,3.237244916576287324e-10,1.346133740298682824e-05,2.995504655700642616e-05,0.000000000000000000e+00,1.108012656914070249e-04,1.783072889338654932e-06,1.238163171990436240e-08
3.916588320862501860e-05,2.571929371697478928e-06,2.557747939135879278e-04,2.076575855713969077e-10,8.317442734551150352e-06,2.765032331808470190e-05,0.000000000000000000e+00,1.101647576433606446e-04,1.783072889338654932e-06,1.225257673098667510e-08
4.386303771752864122e-05,5.340044936019694433e-06,2.754136512521654367e-04,4.311553059022088519e-10,1.655496089369989932e-05,2.851311546692159027e-05,0.000000000000000000e+00,1.098162974813021719e-04,1.783072889338654932e-06,1.179579278698383860e-08
5.012904875911772251e-05,1.078905188478529453e-05,2.822096575982868671e-04,8.711082410961523692e-10,2.505894917703699321e-05,3.794796066358685493e-05,0.000000000000000000e+00,1.111903111450374126e-04,1.783072889338654932e-06,1.259811810427891032e-08
5.289708860800601542e-05,1.170468203781638294e-05,3.017968556378036737e-04,9.450361604379509117e-10,2.644106098159682006e-05,3.401677167857997119e-05,0.000000000000000000e+00,1.101271773222833872e-04,1.783072889338654932e-06,1.162497920148553021e-08
5.075859371572732925e-05,1.017810700432164595e-05,2.934602671302855015e-04,8.217804770005443515e-10,2.467922968207858503e-05,3.739418025361374021e-05,0.000000000000000000e+00,1.123446127166971564e-04,1.783072889338654932e-06,1.290309192825134232e-08
4.639876715373247862e-05,7.924581041152123362e-06,2.734731533564627171e-04,6.398308549648845656e-10,2.095413947245106101e-05,3.170974014210514724e-05,0.000000000000000000e+00,1.112687168642878532e-04,1.783072889338654932e-06,1.155656903506496747e-08
4.265513780410401523e-05,4.698562406701967120e-06,2.679201134014874697e-04,3.793619585135132866e-10,1.471047562517924234e-05,2.856298669939860702e-05,0.000000000000000000e+00,1.116456260206177831e-04,1.783072889338654932e-06,1.282768558041880169e-08
4.111746238777413964e-05,4.807095137948635966e-06,2.533619699534028769e-04,3.881248933357284159e-10,1.461008650949224830e-05,3.065414057346060872e-05,0.000000000000000000e+00,1.097417116397991776e-04,1.783072889338654932e-06,1.162360518947025412e-08
4.165623977314680815e-05,5.188082468521315604e-06,2.545759780332446098e-04,4.188858149234420125e-10,1.525242441857699305e-05,2.768220110738184303e-05,0.000000000000000000e+00,1.101055604522116482e-04,1.783072889338654932e-06,1.260168502881242603e-08
4.244996307534165680e-05,6.180552190926391631e-06,2.548538031987845898e-04,4.990178270602996236e-10,1.700000939308665693e-05,3.276174538768827915e-05,0.000000000000000000e+00,1.078403147403150797e-04,1.783072889338654932e-06,1.179039088583522243e-08
4.182522752671502531e-05,5.424197297543287277e-06,2.568213385529816151e-04,4.379497320350367318e-10,1.638263529457617551e-05,2.778130874503403902e-05,0.000000000000000000e+00,1.071889346349053085e-04,1.783072889338654932e-06,1.185426512506637664e-08
4.014587102574296296e-05,4.368408099253429100e-06,2.501170674804598093e-04,3.527053371588095843e-10,1.433183297194773331e-05,3.001186996698379517e-05,0.000000000000000000e+00,1.076575499610044062e-04,1.783072889338654932e-06,1.210042110955100725e-08
3.876240225508809090e-05,3.214392108930042014e-06,2.483970019966363907e-04,2.595300085950213997e-10,1.046885608957381919e-05,2.770737773971632123e-05,0.000000000000000000e+00,1.070831058314070106e-04,1.783072889338654932e-06,1.161334939325797677e-08
3.890484731527976692e-05,3.561547600838821381e-06,2.451031759846955538e-04,2.875593929640984925e-10,1.163034357887227088e-05,2.718210635066498071e-05,0.000000000000000000e+00,1.083297975128516555e-04,1.783072889338654932e-06,1.239260782881501655e-08
3.995472798123955727e-05,4.470166004466591403e-06,2.469578757882118225e-04,3.609212928523675146e-10,1.364766831102315336e-05,3.081594331888481975e-05,0.000000000000000000e+00,1.078877539839595556e-04,1.783072889338654932e-06,1.145992811757423624e-08
4.076027471455745399e-05,5.279569450067356229e-06,2.468588645569980145e-04,4.262724895287561822e-10,1.523109676782041788e-05,2.775499888230115175e-05,0.000000000000000000e+00,1.079481735359877348e-04,1.783072889338654932e-06,1.236016622385704977e-08
4.026661190437152982e-05,5.118128228787099943e-06,2.449343155603855848e-04,4.132377773302664536e-10,1.466147023165831342e-05,3.164778900099918246e-05,0.000000000000000000e+00,1.065504839061759412e-04,1.783072889338654932e-06,1.155444273592820537e-08
3.870215732604265213e-05,3.882632427121279761e-06,2.415263734292238951e-04,3.134837944784862884e-10,1.240222627529874444e-05,2.638221667439211160e-05,0.000000000000000000e+00,1.066688782884739339e-04,1.783072889338654932e-06,1.212296751873509493e-08
3.719298183568753302e-05,2.912301169999409467e-06,2.371614682488143444e-04,2.351392136556995638e-10,9.301047612098045647e-06,2.816993219312280416e-05,0.000000000000000000e+00,1.056453329510986805e-04,1.783072889338654932e-06,1.166124086182662722e-08
3.649463542387820780e-05,2.390037934674182907e-06,2.356953773414716125e-04,1.929716803017456073e-10,6.959434358577709645e-06,2.634833435877226293e-05,0.000000000000000000e+00,1.053505984600633383e-04,1.783072889338654932e-06,1.170347996293230608e-08
3.670202568173408508e-05,2.621042767714243382e-06,2.351420698687434196e-04,2.116230107818140027e-10,8.270195394288748503e-06,2.661580765561666340e-05,0.000000000000000000e+00,1.056677283486351371e-04,1.783072889338654932e-06,1.197740395753044140e-08
3.750705946004018188e-05,3.280783403170062229e-06,2.371560258325189352e-04,2.648904706692434274e-10,1.043156407831702381e-05,2.919167854997795075e-05,0.000000000000000000e+00,1.051067156367935240e-04,1.783072889338654932e-06,1.150510708924912251e-08
3.818856202997267246e-05,3.954784915549680591e-06,2.365509280934929848e-04,3.193093844888750255e-10,1.236629123013699427e-05,2.662363294803071767e-05,0.000000000000000000e+00,1.057868576026521623e-04,1.783072889338654932e-06,1.210663214123997022e-08
3.845275205094367266e-05,4.089455160283250734e-06,2.383005630690604448e-04,3.301826867474488836e-10,1.253899245057255030e-05,3.057569483644329011e-05,0.000000000000000000e+00,1.053323794621974230e-04,1.783072889338654932e-06,1.134308735828426506e-08
3.818084223894402385e-05,3.922739324480062351e-06,2.367013512412086129e-04,3.167219819744104825e-10,1.245911516889464110e-05,2.680361103557515889e-05,0.000000000000000000e+00,1.058796624420210719e-04,1.783072889338654932e-06,1.218696255023132835e-08
3.788863978115841746e-05,3.760432491617393680e-06,2.362415252719074488e-04,3.036173812365206004e-10,1.195459299196954817e-05,2.918542304541915655e-05,0.000000000000000000e+00,1.050405408022925258e-04,1.783072889338654932e-06,1.128833204688817204e-08
3.792007555603049695e-05,3.562642177712405100e-06,2.372213057242333889e-04,2.876477667168586549e-10,1.165492903965059668e-05,2.732914072112180293e-05,0.000000000000000000e+00,1.063530216924846172e-04,1.783072889338654932e-06,1.233177826520659437e-08
3.857716728816740215e-05,4.195207111479248852e-06,2.392003516433760524e-04,3.387210789629335750e-10,1.326419624092523009e-05,2.857659819710534066e-05,0.000000000000000000e+00,1.046192410285584629e-04,1.783072889338654932e-06,1.124580517597451035e-08
3.971482874476350844e-05,4.795481345354346558e-06,2.432464243611320853e-04,3.871871712135543930e-10,1.518789758847560734e-05,2.956811476906295866e-05,0.000000000000000000e+00,1.059470232576131821e-04,1.783072889338654932e-06,1.228518087259544700e-08
4.128368163947016001e-05,5.969283392914803699e-06,2.481599221937358379e-04,4.819600274430513309e-10,1.736932972562499344e-05,2.997692172357346863e-05,0.000000000000000000e+00,1.049840793712064624e-04,1.783072889338654932e-06,1.114413983316353551e-08
4.263558730599470437e-05,6.683722403977299109e-06,2.517253742553293705e-04,5.396438296223493580e-10,1.897831134556327015e-05,3.181826832587830722e-05,0.000000000000000000e+00,1.077932829502969980e-04,1.783072889338654932e-06,1.265797422433934116e-08
4.392051414470188320e-05,7.646715857845265418e-06,2.569052740000188351e-04,6.173959121724692523e-10,2.034689168795011938e-05,3.200256105628795922e-05,0.000000000000000000e+00,1.058326888596639037e-04,1.783072889338654932e-06,1.106621283497588593e-08
4.493160668062046170e-05,8.208984581870026886e-06,2.588878560345619917e-04,6.627934867609042158e-10,2.135391332558356225e-05,3.284475315012969077e-05,0.000000000000000000e+00,1.083383685909211636e-04,1.783072889338654932e-06,1.277960315348991571e-08
4.682210783357731998e-05,9.369234248879365623e-06,2.663824125193059444e-04,7.564719961550281369e-10,2.278210376971401274e-05,3.453512181295081973e-05,0.000000000000000000e+00,1.081462978618219495e-04,1.783072889338654932e-06,1.101937030512090132e-08
5.020111348130740225e-05,1.135460115619935095e-05,2.739844494499266148e-04,9.167706038759604326e-10,2.567374576756265014e-05,3.530659523676149547e-05,0.000000000000000000e+00,1.144806738011538982e-04,1.783072889338654932e-06,1.368259816558747843e-08
5.656938446918502450e-05,1.560731652716640383e-05,2.958072582259774208e-04,1.260134774305754490e-09,3.026087324542459100e-05,4.072323281434364617e-05,0.000000000000000000e+00,1.138134393841028214e-04,1.783072889338654932e-06,1.110107294977069614e-08
6.529581878567114472e-05,2.071615745080634952e-05,3.222616505809128284e-04,1.672622929049794038e-09,3.536804069881327450e-05,4.345594425103627145e-05,0.000000000000000000e+00,1.235349627677351236e-04,1.783072889338654932e-06,1.484302636356460425e-08
7.901842764113098383e-05,2.946276617876719683e-05,3.658466448541730642e-04,2.378824026649795087e-09,4.226026794640347362e-05,5.150173819856718183e-05,0.000000000000000000e+00,1.297099806834012270e-04,1.783072889338654932e-06,1.170099395153556543e-08
9.721373498905450106e-05,4.003322464996017516e-05,4.241431015543639660e-04,3.232282885790027649e-09,4.962396997143514454e-05,5.667279765475541353e-05,0.000000000000000000e+00,1.476620091125369072e-04,1.783072889338654932e-06,1.757172007899043820e-08
1.283438468817621469e-04,5.955594315310008824e-05,5.290890694595873356e-04,4.808547782175764951e-09,6.065155685064382851e-05,6.907555507495999336e-05,0.000000000000000000e+00,1.587898586876690388e-04,1.783072889338654932e-06,1.321538167786684426e-08
1.692694786470383406e-04,8.394243195652961731e-05,6.576674059033393860e-04,6.777513217315345173e-09,7.232056668726727366e-05,7.835384894860908389e-05,0.000000000000000000e+00,1.956030173460021615e-04,1.783072889338654932e-06,2.251114494811190525e-08
2.422770048724487424e-04,1.268729974981397390e-04,9.194810991175472736e-04,1.024372675573204106e-08,8.918195817386731505e-05,9.694668551674112678e-05,0.000000000000000000e+00,2.345589746255427599e-04,1.783072889338654932e-06,1.787782188955588936e-08
3.259068471379578114e-04,1.792845578165724874e-04,1.161337713710963726e-03,1.447543684918173312e-08,1.061326765920966864e-04,1.111806632252410054e-04,0.000000000000000000e+00,3.048854414373636246e-04,1.783072889338654932e-06,3.299487971730741265e-08
4.776041314471513033e-04,2.657749864738434553e-04,1.736939535476267338e-03,2.145867483704932965e-08,1.297131530009210110e-04,1.370405370835214853e-04,0.000000000000000000e+00,3.813519724644720554e-04,1.783072889338654932e-06,2.783555075325239159e-08
6.188203697092831135e-04,3.585158847272396088e-04,2.110172761604189873e-03,2.894657313845527824e-08,1.504505198681727052e-04,1.543178368592634797e-04,0.000000000000000000e+00,4.928722046315670013e-04,1.783072889338654932e-06,5.018434379167047155e-08
9.173310245387256145e-04,5.234376294538378716e-04,3.282728372141718864e-03,4.226236427484764135e-08,1.823252096073701978e-04,1.894364395411685109e-04,0.000000000000000000e+00,6.562055787071585655e-04,1.783072889338654932e-06,4.754051374789014517e-08
1.162835280410945415e-03,6.907170172780752182e-04,3.864820115268230438e-03,5.576849915200909891e-08,2.095661620842292905e-04,2.121361030731350183e-04,0.000000000000000000e+00,8.563628653064370155e-04,1.783072889338654932e-06,8.234796666783950059e-08
1.770680421032011509e-03,1.016216119751334190e-03,6.365575361996889114e-03,8.204929713429010008e-08,2.548077609390020370e-04,2.616911951918154955e-04,0.000000000000000000e+00,1.179067185148596764e-03,1.783072889338654932e-06,8.638536286298403866e-08
2.108407672494649887e-03,1.279475050978362560e-03,6.823692936450242996e-03,1.033048206977582595e-07,2.850737655535340309e-04,2.865967981051653624e-04,0.000000000000000000e+00,1.465634675696492195e-03,1.783072889338654932e-06,1.349904437120130751e-07
3.233928233385086060e-03,1.848068670369684696e-03,1.180622167885303497e-02,1.492130792257739813e-07,3.440350992605090141e-04,3.508075606077909470e-04,0.000000000000000000e+00,2.052373718470335007e-03,1.783072889338654932e-06,1.527714346138964174e-07
3.451619995757937431e-03,2.135840011760592461e-03,1.082605775445699692e-02,1.724477129982915358e-07,3.682524838950484991e-04,3.690096782520413399e-04,0.000000000000000000e+00,2.331741619855165482e-03,1.783072889338654932e-06,2.086774060217067017e-07
4.999878350645303726e-03,2.818011445924639702e-03,1.879470609128475189e-02,2.275262716011638986e-07,4.249024786986410618e-04,4.315373371355235577e-04,0.000000000000000000e+00,3.023961093276739120e-03,1.783072889338654932e-06,2.276521371413764427e-07
4.381644539535045624e-03,2.771998057141900063e-03,1.324297953397035599e-02,2.238111704855327844e-07,4.189489991404116154e-04,4.194573848508298397e-04,0.000000000000000000e+00,2.853482495993375778e-03,1.783072889338654932e-06,2.527187348277948331e-07
5.220669787377119064e-03,2.875978359952569008e-03,2.040241844952106476e-02,2.322065171256326721e-07,4.296025726944208145e-04,4.361339379101991653e-04,0.000000000000000000e+00,3.044497687369585037e-03,1.783072889338654932e-06,2.293201646352827083e-07
3.437334205955266953e-03,2.215792890638113022e-03,1.003653183579444885e-02,1.789031500720739132e-07,3.748113231267780066e-04,3.761410189326852560e-04,0.000000000000000000e+00,2.178879687562584877e-03,1.783072889338654932e-06,1.957620270331972279e-07
2.677268115803599358e-03,1.421278691850602627e-03,1.106774341315031052e-02,1.147540586998729850e-07,3.014938556589186192e-04,3.078436420764774084e-04,0.000000000000000000e+00,1.492150360718369484e-03,1.783072889338654932e-06,1.102748967696243199e-07
1.149010495282709599e-03,7.345039048232138157e-04,3.426864277571439743e-03,5.930385071906130179e-08,2.173587417928501964e-04,2.215363492723554373e-04,0.000000000000000000e+00,7.182019180618226528e-04,1.783072889338654932e-06,7.031322013517637970e-08
3.449402283877134323e-04,1.603186974534764886e-04,1.615068642422556877e-03,1.294413287666884571e-08,1.002638528007082641e-04,1.059666319633834064e-04,0.000000000000000000e+00,2.311467396793887019e-04,1.783072889338654932e-06,1.800754745318045025e-08
6.906800263095647097e-05,2.075627344311214983e-05,3.720855456776916981e-04,1.675861671657230545e-09,3.346338417031802237e-05,4.695694224210456014e-05,0.000000000000000000e+00,1.110317534767091274e-04,1.783072889338654932e-06,1.181495612456728850e-08
2.900070685427635908e-04,1.441191852791234851e-04,1.182048814371228218e-03,1.163618534860688669e-08,9.426096221432089806e-05,9.927944483933970332e-05,0.000000000000000000e+00,2.768302219919860363e-04,1.783072889338654932e-06,3.044498697590825032e-08
8.219330920837819576e-04,4.957719938829541206e-04,2.687302883714437485e-03,4.002863818186597200e-08,1.756240526447072625e-04,1.825123472372069955e-04,0.000000000000000000e+00,5.743078072555363178e-04,1.783072889338654932e-06,4.188708402352858684e-08
1.270969747565686703e-03,7.169898017309606075e-04,4.674648400396108627e-03,5.788976054077465960e-08,2.139229618478566408e-04,2.165633486583828926e-04,0.000000000000000000e+00,8.651508251205086708e-04,1.783072889338654932e-06,8.319381095134303905e-08
1.853955793194472790e-03,1.072828308679163456e-03,6.741082295775413513e-03,8.662017592087067897e-08,2.620973682496696711e-04,2.684279752429574728e-04,0.000000000000000000e+00,1.070193364284932613e-03,1.783072889338654932e-06,7.838151816486060852e-08
1.672927057370543480e-03,1.028931466862559319e-03,5.421981215476989746e-03,8.307593191148043843e-08,2.555914106778800488e-04,2.586088667158037424e-04,0.000000000000000000e+00,1.017975737340748310e-03,1.783072889338654932e-06,9.642735676607117057e-08
1.579856616444885731e-03,8.479940006509423256e-04,6.510151084512472153e-03,6.846705247198769939e-08,2.334039018023759127e-04,2.392531314399093390e-04,0.000000000000000000e+00,8.084757719188928604e-04,1.783072889338654932e-06,5.890622745141627092e-08
9.103753254748880863e-04,5.870105233043432236e-04,2.713989466428756714e-03,4.739523262742295628e-08,1.924660609802231193e-04,1.977663778234273195e-04,0.000000000000000000e+00,5.196589627303183079e-04,1.783072889338654932e-06,5.250402779211071902e-08
4.379400343168526888e-04,2.151267835870385170e-04,1.983497291803359985e-03,1.736933796792072826e-08,1.168880553450435400e-04,1.219508703798055649e-04,0.000000000000000000e+00,2.446351863909512758e-04,1.783072889338654932e-06,1.879880962007973721e-08
1.120212982641533017e-04,5.358627095120027661e-05,4.617926024366170168e-04,4.326555558264999490e-09,5.773630618932656944e-05,6.873780512250959873e-05,0.000000000000000000e+00,1.225576997967436910e-04,1.783072889338654932e-06,1.447768127604831534e-08
7.781657041050493717e-05,2.327998117834795266e-05,4.107717250008136034e-04,1.879625788347993876e-09,3.645206743385642767e-05,4.403902130434289575e-05,0.000000000000000000e+00,1.345941564068198204e-04,1.783072889338654932e-06,1.594529130954924767e-08
2.734121517278254032e-04,1.619537943042814732e-04,8.680633618496358395e-04,1.307615171697307233e-08,1.003486759145744145e-04,1.072783488780260086e-04,0.000000000000000000e+00,2.465203288011252880e-04,1.783072889338654932e-06,1.904034618860350747e-08
5.539533449336886406e-04,2.695781586226075888e-04,2.454818459227681160e-03,2.176574831480593275e-08,1.312843960477039218e-04,1.359239977318793535e-04,0.000000000000000000e+00,3.889328800141811371e-04,1.783072889338654932e-06,4.071017656315234490e-08
9.018437704071402550e-04,5.565234459936618805e-04,2.951710950583219528e-03,4.493371008607027761e-08,1.885983365355059505e-04,1.943254028446972370e-04,0.000000000000000000e+00,5.014924099668860435e-04,1.783072889338654932e-06,3.658290737007519056e-08
9.696324705146253109e-04,5.517256213352084160e-04,3.623649245128035545e-03,4.454632929196122859e-08,1.878462935565039515e-04,1.923705422086641192e-04,0.000000000000000000e+00,5.554193048737943172e-04,1.783072889338654932e-06,5.578567296993242053e-08
1.021346659399569035e-03,5.743757355958223343e-04,3.958855289965867996e-03,4.637509931626482285e-08,1.929298159666359425e-04,1.983045949600636959e-04,0.000000000000000000e+00,5.108541226945817471e-04,1.783072889338654932e-06,3.716975527368049370e-08
6.988277891650795937e-04,4.383754858281463385e-04,2.209083177149295807e-03,3.539444293210181058e-08,1.657442626310512424e-04,1.716257393127307296e-04,0.000000000000000000e+00,3.954397980123758316e-04,1.783072889338654932e-06,4.124859032117456081e-08
4.211253835819661617e-04,2.016193029703572392e-04,1.940448186360299587e-03,1.627874368637094449e-08,1.140379608841612935e-04,1.196601733681745827e-04,0.000000000000000000e+00,2.546124160289764404e-04,1.783072889338654932e-06,1.944558647437588661e-08
1.557744981255382299e-04,8.479785901727154851e-05,5.469032912515103817e-04,6.846580191677276161e-09,7.229152834042906761e-05,8.101332059595733881e-05,0.000000000000000000e+00,1.628631143830716610e-04,1.783072889338654932e-06,1.898211898776480666e-08
4.377985897008329630e-05,3.843638296530116349e-06,2.902470296248793602e-04,3.103353685141030383e-10,1.276052535104099661e-05,2.899813989643007517e-05,0.000000000000000000e+00,1.091151643777266145e-04,1.783072889338654932e-06,1.162329255066651967e-08
8.115966193145141006e-05,2.978319571411702782e-05,3.884994075633585453e-04,2.404695553792635110e-09,4.266262112651020288e-05,4.986512067262083292e-05,0.000000000000000000e+00,1.252652145922183990e-04,1.783072889338654932e-06,1.189523857192398282e-08
2.140371070709079504e-04,9.546401270199567080e-05,9.997695451602339745e-04,7.707765981024294888e-09,7.792515680193901062e-05,8.546529716113582253e-05,0.000000000000000000e+00,1.859613985288888216e-04,1.783072889338654932e-06,2.143481481198250549e-08
3.872430243063718081e-04,2.305167727172374725e-04,1.317920279689133167e-03,1.861192622243379446e-08,1.202967105200514197e-04,1.259417040273547173e-04,0.000000000000000000e+00,2.493421197868883610e-04,1.783072889338654932e-06,1.914307468098286336e-08
4.763707693200558424e-04,2.536801912356168032e-04,1.906427205540239811e-03,2.048214220451427536e-08,1.277519331779330969e-04,1.335405540885403752e-04,0.000000000000000000e+00,3.204785170964896679e-04,1.783072889338654932e-06,3.441100560053200752e-08
5.380191723816096783e-04,2.999575808644294739e-04,2.051472896710038185e-03,2.421858091850026540e-08,1.384603674523532391e-04,1.442455541109666228e-04,0.000000000000000000e+00,3.291428438387811184e-04,1.783072889338654932e-06,2.436824786400393350e-08
4.489886050578206778e-04,2.644701744429767132e-04,1.536433002911508083e-03,2.135332444197501900e-08,1.291867374675348401e-04,1.352547697024419904e-04,0.000000000000000000e+00,3.087513032369315624e-04,1.783072889338654932e-06,3.328484154963007313e-08
3.567767562344670296e-04,1.712663943180814385e-04,1.601425930857658386e-03,1.382805070448966944e-08,1.049710554070770741e-04,1.116038620239123702e-04,0.000000000000000000e+00,2.536775718908756971e-04,1.783072889338654932e-06,1.925701553773251362e-08
2.065184380626305938e-04,1.170024188468232751e-04,6.944385822862386703e-04,9.446775806054574787e-09,8.503903518430888653e-05,9.236153709935024381e-05,0.000000000000000000e+00,2.007217553909868002e-04,1.783072889338654932e-06,2.284933131591060373e-08
9.704536932986229658e-05,3.116287916782312095e-05,5.194932455196976662e-04,2.516091335280634667e-09,4.389901005197316408e-05,5.284542930894531310e-05,0.000000000000000000e+00,1.393316488247364759e-04,1.783072889338654932e-06,1.237039093382463761e-08
4.316716149332933128e-05,5.919801878917496651e-06,2.631976967677474022e-04,4.779648898889377051e-10,1.695367791398894042e-05,3.002181074407417327e-05,0.000000000000000000e+00,1.092759048333391547e-04,1.783072889338654932e-06,1.264843874082544062e-08
5.426696588983759284e-05,1.026423888106364757e-05,3.276162606198340654e-04,8.287348030044938696e-10,2.454848254274111241e-05,3.629527418524958193e-05,0.000000000000000000e+00,1.124109985539689660e-04,1.783072889338654932e-06,1.314048336809037210e-08
1.127579162130132318e-04,5.392016100813634694e-05,4.521450609900057316e-04,4.353513993748947541e-09,5.775813042419031262e-05,6.466529885074123740e-05,0.000000000000000000e+00,1.362324983347207308e-04,1.783072889338654932e-06,1.226898405093379552e-08
1.884571247501298785e-04,8.175847324309870601e-05,8.806503028608858585e-04,6.601180047027810360e-09,7.248474867083132267e-05,7.940323848742991686e-05,0.000000000000000000e+00,1.863363140728324652e-04,1.783072889338654932e-06,2.147621813719524653e-08
2.755338500719517469e-04,1.520468067610636353e-04,1.017836621031165123e-03,1.227626178490481834e-08,9.798075916478410363e-05,1.042170115397311747e-04,0.000000000000000000e+00,2.170340594602748752e-04,1.783072889338654932e-06,1.689914341795883956e-08
3.212251758668571711e-04,1.709297066554427147e-04,1.245715189725160599e-03,1.380086622759790771e-08,1.044579694280400872e-04,1.105924602597951889e-04,0.000000000000000000e+00,2.572395314928144217e-04,1.783072889338654932e-06,2.844088342612849374e-08
3.643503878265619278e-04,1.884088560473173857e-04,1.494203694164752960e-03,1.521213377486674290e-08,1.099984874599613249e-04,1.164372224593535066e-04,0.000000000000000000e+00,2.652114199008792639e-04,1.783072889338654932e-06,1.997088361349597108e-08
3.314311034046113491e-04,1.899643684737384319e-04,1.150125986896455288e-03,1.533772397976918000e-08,1.094011386157944798e-04,1.157865699497051537e-04,0.000000000000000000e+00,2.645412459969520569e-04,1.783072889338654932e-06,2.911241381298168562e-08
2.938492689281702042e-04,1.421838969690725207e-04,1.284245052374899387e-03,1.147992900740746336e-08,9.548869275022298098e-05,1.022413416649214923e-04,0.000000000000000000e+00,2.324086672160774469e-04,1.783072889338654932e-06,1.782298042485308542e-08
2.054272335954010487e-04,1.096438936656340957e-04,7.632934139110147953e-04,8.852649280299829115e-09,8.323194197146221995e-05,9.032244270201772451e-05,0.000000000000000000e+00,1.945399271789938211e-04,1.783072889338654932e-06,2.232697227100288728e-08
1.316702837357297540e-04,5.664051059284247458e-05,5.993952509015798569e-04,4.573155631959480161e-09,5.995361061650328338e-05,6.706346903229132295e-05,0.000000000000000000e+00,1.509025169070810080e-04,1.783072889338654932e-06,1.288455031556168251e-08
7.138939690776169300e-05,2.166976810258347541e-05,3.745912399608641863e-04,1.749617339896758494e-09,3.678538996609859169e-05,4.608069502864964306e-05,0.000000000000000000e+00,1.226050808327272534e-04,1.783072889338654932e-06,1.462693965947892139e-08
4.115682531846687198e-05,5.480430900206556544e-06,2.511806669645011425e-04,4.424900446053925407e-10,1.616719418962020427e-05,2.840045090124476701e-05,0.000000000000000000e+00,1.055832908605225384e-04,1.783072889338654932e-06,1.146810824081967439e-08
4.280974098946899176e-05,6.986477274040225893e-06,2.512431237846612930e-04,5.640882205781849734e-10,1.840476033976301551e-05,3.090695463470183313e-05,0.000000000000000000e+00,1.069894788088276982e-04,1.783072889338654932e-06,1.132318594443404436e-08
6.581644993275403976e-05,1.728288043523207307e-05,3.625847748480737209e-04,1.395419779726125853e-09,3.268597356509417295e-05,4.155171700404025614e-05,0.000000000000000000e+00,1.227509201271459460e-04,1.783072889338654932e-06,1.465807564215992898e-08
9.476106060901656747e-05,3.775836012209765613e-05,4.377606092020869255e-04,3.048610475175905776e-09,4.847241507377475500e-05,5.607621642411686480e-05,0.000000000000000000e+00,1.322663301834836602e-04,1.783072889338654932e-06,1.188717035915942688e-08
1.139368541771546006e-04,5.033591151004657149e-05,4.898079787380993366e-04,4.064121927882524687e-09,5.606725972029380500e-05,6.412524089682847261e-05,0.000000000000000000e+00,1.462015206925570965e-04,1.783072889338654932e-06,1.736155574860731576e-08
1.223463041242212057e-04,4.948739297105930746e-05,5.852595786564052105e-04,3.995612729568165378e-09,5.619232615572400391e-05,6.356875383062288165e-05,0.000000000000000000e+00,1.433294673915952444e-04,1.783072889338654932e-06,1.240034919192112284e-08
1.092443926609121263e-04,4.961648664902895689e-05,4.532922175712883472e-04,4.006035503323346347e-09,5.591810622718185186e-05,6.420467980206012726e-05,0.000000000000000000e+00,1.429868570994585752e-04,1.783072889338654932e-06,1.701571150647396280e-08
8.853491453919559717e-05,3.078702502534724772e-05,4.495978355407714844e-04,2.485744721170135563e-09,4.367448491393588483e-05,5.171533848624676466e-05,0.000000000000000000e+00,1.278810668736696243e-04,1.783072889338654932e-06,1.162654328368262213e-08
6.318368104984983802e-05,1.926612640090752393e-05,3.222975356038659811e-04,1.555547135545509718e-09,3.436844781390391290e-05,4.354389966465532780e-05,0.000000000000000000e+00,1.168779999716207385e-04,1.783072889338654932e-06,1.400870441869983551e-08
4.477148104342631996e-05,7.928163540782406926e-06,2.625204506330192089e-04,6.401199570404969563e-10,2.088643486786168069e-05,3.292859400971792638e-05,0.000000000000000000e+00,1.059127389453351498e-04,1.783072889338654932e-06,1.097327384513846482e-08
3.668691715574823320e-05,2.513711024221265689e-06,2.386565611232072115e-04,2.029570539407998808e-10,8.238200280175078660e-06,2.586772825452499092e-05,0.000000000000000000e+00,1.030754938255995512e-04,1.783072889338654932e-06,1.187354659037964666e-08
3.842226578854024410e-05,3.419192580622620881e-06,2.469339524395763874e-04,2.760656425682128656e-10,1.192065792565699667e-05,2.818518260028213263e-05,0.000000000000000000e+00,1.030967687256634235e-04,1.783072889338654932e-06,1.188190346113060514e-08
4.739787618746049702e-05,1.064566458808258176e-05,2.625076158437877893e-04,8.595311129511173931e-10,2.472449523338582367e-05,3.415473838686011732e-05,0.000000000000000000e+00,1.050145074259489775e-04,1.783072889338654932e-06,1.093287060882630612e-08
6.041841334081254900e-05,1.625292861717753112e-05,3.267051652073860168e-04,1.312261521668744990e-09,3.158936306135728955e-05,4.177476876066066325e-05,0.000000000000000000e+00,1.149496965808793902e-04,1.783072889338654932e-06,1.380937142414495611e-08
7.553072646260261536e-05,2.620668237796053290e-05,3.759035607799887657e-04,2.115927877355261444e-09,4.060518404003232718e-05,4.852475103689357638e-05,0.000000000000000000e+00,1.173368655145168304e-04,1.783072889338654932e-06,1.111207836856920039e-08
8.723850623937323689e-05,3.475803168839775026e-05,3.975481668021529913e-04,2.806364252094795120e-09,4.643030479201115668e-05,5.498760583577677608e-05,0.000000000000000000e+00,1.272565859835594893e-04,1.783072889338654932e-06,1.531618387673461257e-08
9.684623364591971040e-05,3.713484329637140036e-05,4.667763423640280962e-04,2.998267634168882978e-09,4.813475243281573057e-05,5.618534123641438782e-05,0.000000000000000000e+00,1.303375320276245475e-04,1.783072889338654932e-06,1.164963592259482539e-08
9.877964475890621543e-05,4.172647822997532785e-05,4.326495691202580929e-04,3.368996415176184200e-09,5.120326386531814933e-05,5.910322215640917420e-05,0.000000000000000000e+00,1.378821179969236255e-04,1.783072889338654932e-06,1.653745052010435757e-08
9.897334530251100659e-05,3.991974153905175626e-05,4.576203064061701298e-04,3.223120659257006082e-09,4.997206633561290801e-05,5.811294613522477448e-05,0.000000000000000000e+00,1.329157094005495310e-04,1.783072889338654932e-06,1.176798036794934887e-08
9.305414278060197830e-05,3.642625597422011197e-05,4.310230724513530731e-04,2.941056065353109261e-09,4.765477206092327833e-05,5.545921158045530319e-05,0.000000000000000000e+00,1.352558028884232044e-04,1.783072889338654932e-06,1.626457013514936989e-08
8.736494783079251647e-05,3.507667133817449212e-05,3.942718321923166513e-04,2.832091006155224022e-09,4.664738662540912628e-05,5.497629899764433503e-05,0.000000000000000000e+00,1.286109472857788205e-04,1.783072889338654932e-06,1.157036955135026801e-08
7.745532639091834426e-05,2.632561154314316809e-05,3.832580114249140024e-04,2.125530196295244423e-09,4.046101821586489677e-05,4.843346687266603112e-05,0.000000000000000000e+00,1.280391734326258302e-04,1.783072889338654932e-06,1.546032457611090649e-08
6.782227865187451243e-05,2.326168578292708844e-05,3.302885161247104406e-04,1.878148747636032567e-09,3.755467332666739821e-05,4.657989120460115373e-05,0.000000000000000000e+00,1.153173943748697639e-04,1.783072889338654932e-06,1.098967672419348673e-08
5.764338493463583291e-05,1.589904786669649184e-05,3.026809135917574167e-04,1.283689265996201812e-09,3.104121424257755280e-05,4.015009471913799644e-05,0.000000000000000000e+00,1.147624861914664507e-04,1.783072889338654932e-06,1.389352810576838237e-08
5.056841109762899578e-05,1.172066913568414748e-05,2.817267959471791983e-04,9.463269057263801187e-10,2.617679456307087094e-05,3.678253415273502469e-05,0.000000000000000000e+00,1.067506382241845131e-04,1.783072889338654932e-06,1.069693666977400426e-08
4.556114072329364717e-05,9.554932148603256792e-06,2.542864240240305662e-04,7.714653360579859509e-10,2.335752469662111253e-05,3.421978180995211005e-05,0.000000000000000000e+00,1.057756599038839340e-04,1.783072889338654932e-06,1.270454852431157633e-08
4.196789086563512683e-05,6.649431270489003509e-06,2.524705778341740370e-04,5.368750999323879114e-10,1.864792284322902560e-05,3.157124228891916573e-05,0.000000000000000000e+00,1.007140381261706352e-04,1.783072889338654932e-06,1.064572519027251474e-08
3.892105814884416759e-05,5.462507942866068333e-06,2.340387145522981882e-04,4.410429244039448804e-10,1.676125975791364908e-05,3.061302049900405109e-05,0.000000000000000000e+00,1.005467929644510150e-04,1.783072889338654932e-06,1.188189102663272934e-08
3.650465077953413129e-05,3.864938662445638329e-06,2.283032663399353623e-04,3.120551872459742526e-10,1.299231007578782737e-05,2.730758569668978453e-05,0.000000000000000000e+00,9.809385664993897080e-05,1.783072889338654932e-06,1.073798916451096375e-08
3.483063483145087957e-05,2.956135176646057516e-06,2.210844249930232763e-04,2.386783826135996378e-10,1.028105543809942901e-05,2.809427496686112136e-05,0.000000000000000000e+00,9.766053699422627687e-05,1.783072889338654932e-06,1.123072301822958252e-08
3.405045572435483336e-05,2.601296728244051337e-06,2.171582746086642146e-04,2.100287305184522779e-10,8.641048225399572402e-06,2.614777258713729680e-05,0.000000000000000000e+00,9.733330080052837729e-05,1.783072889338654932e-06,1.119988901621127297e-08
3.394651139387860894e-05,2.599293793537071906e-06,2.165188052458688617e-04,2.098670126571278161e-10,8.183503268810454756e-06,2.756413778115529567e-05,0.000000000000000000e+00,9.695338667370378971e-05,1.783072889338654932e-06,1.092460699680941616e-08
3.422889494686387479e-05,2.616116262288414873e-06,2.185431221732869744e-04,2.112252595054542326e-10,8.576054824516177177e-06,2.646287612151354551e-05,0.000000000000000000e+00,9.758466330822557211e-05,1.783072889338654932e-06,1.136687544089909352e-08
3.481396197457797825e-05,3.185498599123093300e-06,2.194323169533163309e-04,2.571972079756790208e-10,1.055344091582810506e-05,2.730979758780449629e-05,0.000000000000000000e+00,9.685232362244278193e-05,1.783072889338654932e-06,1.071523847429034504e-08
3.566472514648921788e-05,3.667413920993567444e-06,2.217447181465104222e-04,2.961070555418388039e-10,1.234104911418398842e-05,2.839769695128779858e-05,0.000000000000000000e+00,9.822839638218283653e-05,1.783072889338654932e-06,1.159604501310695923e-08
3.661207301774993539e-05,4.279679615137865767e-06,2.266168885398656130e-04,3.455413732922352210e-10,1.387933571095345542e-05,2.845791277650278062e-05,0.000000000000000000e+00,9.670702274888753891e-05,1.783072889338654932e-06,1.062543297791762598e-08
3.769393515540286899e-05,5.167830295249586925e-06,2.272395795444026589e-04,4.172507062083496976e-10,1.615501241758465767e-05,3.005359758390113711e-05,0.000000000000000000e+00,9.802145359572023153e-05,1.783072889338654932e-06,1.159182616561338364e-08
3.871083754347637296e-05,5.718526608688989654e-06,2.326908143004402518e-04,4.617139170992601294e-10,1.718466228339821100e-05,2.992773079313337803e-05,0.000000000000000000e+00,9.723227412905544043e-05,1.783072889338654932e-06,1.051208897706601419e-08
3.929071681341156363e-05,6.112232313171261922e-06,2.333468000870198011e-04,4.935016839624495333e-10,1.813626477087382227e-05,3.148448013234883547e-05,0.000000000000000000e+00,9.843805310083553195e-05,1.783072889338654932e-06,1.171388319676225365e-08
3.928568185074254870e-05,6.475434474850771949e-06,2.316192840225994587e-04,5.228266708456885681e-10,1.864870137069374323e-05,3.016035407199524343e-05,0.000000000000000000e+00,9.648317063692957163e-05,1.783072889338654932e-06,1.051473486057830087e-08
3.855022441712208092e-05,5.633269665850093588e-06,2.313456643605604768e-04,4.548302567908280025e-10,1.727411290630698204e-05,3.092454062425531447e-05,0.000000000000000000e+00,9.782387496670708060e-05,1.783072889338654932e-06,1.162766238849144429e-08
3.752318298211321235e-05,5.463346951728453860e-06,2.245480281999334693e-04,4.411107035195982462e-10,1.667668402660638094e-05,2.901284096878953278e-05,0.000000000000000000e+00,9.605033119441941381e-05,1.783072889338654932e-06,1.049416198384278687e-08
3.633317828644067049e-05,4.452495886653196067e-06,2.219661255367100239e-04,3.594946007545729572e-10,1.463833996240282431e-05,2.959911580546759069e-05,0.000000000000000000e+00,9.684071119409054518e-05,1.783072889338654932e-06,1.148885608870386932e-08
3.537662269081920385e-05,4.060917945025721565e-06,2.182676253141835332e-04,3.278785298821418337e-10,1.336464356427313760e-05,2.785127617244143039e-05,0.000000000000000000e+00,9.488942305324599147e-05,1.783072889338654932e-06,1.054906917374864861e-08
3.469753937679342926e-05,3.634193262769258581e-06,2.146313345292583108e-04,2.934247844699200414e-10,1.230912766914116219e-05,2.821623638737946749e-05,0.000000000000000000e+00,9.600211342331022024e-05,1.783072889338654932e-06,1.136987215488716174e-08
3.431495133554562926e-05,3.381230953891645186e-06,2.145976759493350983e-04,2.730005943529789647e-10,1.115961276809684932e-05,2.776844121399335563e-05,0.000000000000000000e+00,9.473953105043619871e-05,1.783072889338654932e-06,1.047628828132474155e-08
3.420715074753388762e-05,3.424621354497503489e-06,2.123537124134600163e-04,2.765039586183348774e-10,1.151137530541745946e-05,2.775638313323725015e-05,0.000000000000000000e+00,9.547156514599919319e-05,1.783072889338654932e-06,1.130521365411141232e-08
3.425367685849778354e-05,3.502536173982662149e-06,2.130623470293357968e-04,2.827947875871927863e-10,1.148213959822896868e-05,2.839214175764936954e-05,0.000000000000000000e+00,9.444903844268992543e-05,1.783072889338654932e-06,1.044481656720108731e-08
3.452590317465364933e-05,3.689956656671711244e-06,2.124259917763993144e-04,2.979271274128336700e-10,1.214911662827944383e-05,2.712600144150201231e-05,0.000000000000000000e+00,9.593345748726278543e-05,1.783072889338654932e-06,1.145310513095409988e-08
3.503424886730499566e-05,4.238539531797869131e-06,2.132510853698477149e-04,3.422197247804348308e-10,1.333649743173737079e-05,2.997404408233705908e-05,0.000000000000000000e+00,9.470598888583481312e-05,1.783072889338654932e-06,1.036697394596330923e-08
3.568969987099990249e-05,4.466753580345539376e-06,2.161596785299479961e-04,3.606457354976555507e-10,1.417783460055943578e-05,2.765765566437039524e-05,0.000000000000000000e+00,9.606978710507974029e-05,1.783072889338654932e-06,1.151717032854548961e-08
3.639646456576883793e-05,5.167627932678442448e-06,2.169537328882142901e-04,4.172343026631608609e-10,1.547231477161403745e-05,3.072190520470030606e-05,0.000000000000000000e+00,9.533463162370026112e-05,1.783072889338654932e-06,1.028592322427357431e-08
3.714994818437844515e-05,5.424616574600804597e-06,2.196137647842988372e-04,4.379836215928634147e-10,1.632615567359607667e-05,2.862528708647005260e-05,0.000000000000000000e+00,9.763953858055174351e-05,1.783072889338654932e-06,1.182529629772943736e-08
3.788437970797531307e-05,6.135790954431286082e-06,2.220564783783629537e-04,4.954037735593885827e-10,1.748394060996361077e-05,3.200951323378831148e-05,0.000000000000000000e+00,9.542939369566738605e-05,1.783072889338654932e-06,1.022834439368125459e-08
3.848821506835520267e-05,6.429900622606510296e-06,2.227608056273311377e-04,5.191502228107935935e-10,1.818197415559552610e-05,2.970192326756659895e-05,0.000000000000000000e+00,9.782233973965048790e-05,1.783072889338654932e-06,1.188175424715609552e-08
3.953014311264269054e-05,7.143219136196421459e-06,2.270084369229152799e-04,5.767435973247359016e-10,1.926528420881368220e-05,3.308534724055789411e-05,0.000000000000000000e+00,9.686079283710569143e-05,1.783072889338654932e-06,1.017300110817132008e-08
4.094101313967257738e-05,8.040542525122873485e-06,2.295579470228403807e-04,6.491935322650022044e-10,2.095074160024523735e-05,3.115430081379599869e-05,0.000000000000000000e+00,9.944677003659307957e-05,1.783072889338654932e-06,1.215609035654097170e-08
4.292573794373311102e-05,9.403167496202513576e-06,2.370119764236733317e-04,7.592118045351980982e-10,2.261155896121636033e-05,3.536420263117179275e-05,0.000000000000000000e+00,9.821375715546309948e-05,1.783072889338654932e-06,1.014740202975872307e-08
4.554224869934841990e-05,1.070124108082382008e-05,2.449968596920371056e-04,8.640183013497448883e-10,2.469702121743466705e-05,3.409025885048322380e-05,0.000000000000000000e+00,1.034132219501771033e-04,1.783072889338654932e-06,1.272933847218382652e-08
4.946452099829912186e-05,1.347576107946224511e-05,2.572641533333808184e-04,1.088033108054275999e-09,2.799422327370848507e-05,3.895206464221701026e-05,0.000000000000000000e+00,1.026234531309455633e-04,1.783072889338654932e-06,1.021174078630338045e-08
5.470365067594684660e-05,1.610607250768225640e-05,2.770951832644641399e-04,1.300404450788050781e-09,3.103467315668240190e-05,3.968948294641450047e-05,0.000000000000000000e+00,1.088805875042453408e-04,1.783072889338654932e-06,1.344649547263543354e-08
6.395031232386827469e-05,2.222900366177782416e-05,3.076198627240955830e-04,1.794769888263658686e-09,3.653728344943374395e-05,4.604786954587325454e-05,0.000000000000000000e+00,1.095932093448936939e-04,1.783072889338654932e-06,1.041984809546647739e-08
7.604934944538399577e-05,2.902830237871967256e-05,3.473438264336436987e-04,2.343745419963738641e-09,4.226099918014369905e-05,5.001242971047759056e-05,0.000000000000000000e+00,1.228666078532114625e-04,1.783072889338654932e-06,1.510772129620363557e-08
9.548984235152602196e-05,4.059444472659379244e-05,4.202959244139492512e-04,3.277596194450893563e-09,5.019180025556124747e-05,5.868362131877802312e-05,0.000000000000000000e+00,1.286579645238816738e-04,1.783072889338654932e-06,1.127823523461302102e-08
1.199220278067514300e-04,5.553703158511780202e-05,4.962992970831692219e-04,4.484061122411731048e-09,5.890256215934641659e-05,6.603578367503359914e-05,0.000000000000000000e+00,1.475507015129551291e-04,1.783072889338654932e-06,1.779108416144481453e-08
1.655478699831292033e-04,8.203955803764984012e-05,6.731243338435888290e-04,6.623874782007987960e-09,7.189630559878423810e-05,7.932440348668023944e-05,0.000000000000000000e+00,1.619586837477982044e-04,1.783072889338654932e-06,1.312076491899460962e-08
2.310027775820344687e-04,1.219228215632028878e-04,8.823062526062130928e-04,9.844049131402243802e-09,8.793079177848994732e-05,9.421939466847106814e-05,0.000000000000000000e+00,2.084932639263570309e-04,1.783072889338654932e-06,2.392349607305277459e-08
3.689533914439380169e-04,2.014558122027665377e-04,1.403774833306670189e-03,1.626554535505420063e-08,1.134805424953810871e-04,1.201206687255762517e-04,0.000000000000000000e+00,2.712012501433491707e-04,1.783072889338654932e-06,2.011350730413141719e-08
5.692662671208381653e-04,3.246916749048978090e-04,2.047342946752905846e-03,2.621560746263185138e-08,1.441215135855600238e-04,1.490445574745535851e-04,0.000000000000000000e+00,3.984031500294804573e-04,1.783072889338654932e-06,4.169312362023447349e-08
1.036688219755887985e-03,5.922798300161957741e-04,3.838988952338695526e-03,4.782068074860035267e-08,1.950298901647329330e-04,2.010995376622304320e-04,0.000000000000000000e+00,6.050948286429047585e-04,1.783072889338654932e-06,4.370483708271422074e-08
1.645278767682611942e-03,9.819216793403029442e-04,5.658001173287630081e-03,7.928037604187920806e-08,2.509242913220077753e-04,2.538590051699429750e-04,0.000000000000000000e+00,9.755691862665116787e-04,1.783072889338654932e-06,9.274698697936401004e-08
3.231466980651021004e-03,1.860870979726314545e-03,1.198025606572628021e-02,1.502467483760483447e-07,3.463257744442671537e-04,3.520847239997237921e-04,0.000000000000000000e+00,1.725704059936106205e-03,1.783072889338654932e-06,1.277262668963885517e-07
4.460943862795829773e-03,2.742479555308818817e-03,1.465171389281749725e-02,2.214278111978273955e-07,4.190225154161453247e-04,4.202659474685788155e-04,0.000000000000000000e+00,2.532928949221968651e-03,1.783072889338654932e-06,2.256754356722012744e-07
8.508905768394470215e-03,4.823620431125164032e-03,3.258735314011573792e-02,3.894591600328567438e-07,5.580502911470830441e-04,5.636588321067392826e-04,0.000000000000000000e+00,4.265498369932174683e-03,1.783072889338654932e-06,3.240164119233668316e-07
8.461193181574344635e-03,5.423750728368759155e-03,2.554474398493766785e-02,4.379137124033150030e-07,5.860338569618761539e-04,5.860749515704810619e-04,0.000000000000000000e+00,4.829682409763336182e-03,1.783072889338654932e-06,4.182397219665290322e-07
1.271967403590679169e-02,6.943885702639818192e-03,5.147906392812728882e-02,5.606494255516736303e-07,6.687241257168352604e-04,6.744633428752422333e-04,0.000000000000000000e+00,6.278814747929573059e-03,1.783072889338654932e-06,4.815915986000618432e-07
7.089565973728895187e-03,4.829755984246730804e-03,1.837643608450889587e-02,3.899545504282286856e-07,5.495580844581127167e-04,5.501459236256778240e-04,0.000000000000000000e+00,4.221663344651460648e-03,1.783072889338654932e-06,3.674839206269098213e-07
4.541818052530288696e-03,2.199517795816063881e-03,2.106634713709354401e-02,1.775890865474138991e-07,3.738863160833716393e-04,3.804069419857114553e-04,0.000000000000000000e+00,2.356657758355140686e-03,1.783072889338654932e-06,1.766245532053289935e-07
1.001818804070353508e-03,7.202507113106548786e-04,2.134042559191584587e-03,5.815304859879688593e-08,2.138145646313205361e-04,2.183725446229800582e-04,0.000000000000000000e+00,6.816383684054017067e-04,1.783072889338654932e-06,6.704156874093314400e-08
2.722012286540120840e-04,1.580917887622490525e-04,1.026673940941691399e-03,1.276433359009843116e-08,9.966155630536377430e-05,1.117477950174361467e-04,0.000000000000000000e+00,1.144206689787097275e-04,1.783072889338654932e-06,1.310851427405168579e-08
1.817452488467097282e-03,1.104249735362827778e-03,6.446469575166702271e-03,8.915714033719268627e-08,2.615711127873510122e-04,2.660061581991612911e-04,0.000000000000000000e+00,6.855585379526019096e-04,1.783072889338654932e-06,5.024494242888977169e-08
3.713196143507957458e-03,2.127418294548988342e-03,1.414144970476627350e-02,1.717677804435879807e-07,3.701364039443433285e-04,3.728857263922691345e-04,0.000000000000000000e+00,1.716329017654061317e-03,1.783072889338654932e-06,1.567840683946997160e-07
6.420780904591083527e-03,3.957124426960945129e-03,2.182792499661445618e-02,3.194983264620532282e-07,5.030845641158521175e-04,5.080510745756328106e-04,0.000000000000000000e+00,2.808634657412767410e-03,1.783072889338654932e-06,2.115299366778344847e-07
4.413870628923177719e-03,2.678808523342013359e-03,1.493537984788417816e-02,2.162870487154577859e-07,4.131877503823488951e-04,4.145858110859990120e-04,0.000000000000000000e+00,2.415241207927465439e-03,1.783072889338654932e-06,2.161065424388652900e-07
3.021109150722622871e-03,1.620491500943899155e-03,1.249324623495340347e-02,1.308384867115819361e-07,3.213204618077725172e-04,3.276282222941517830e-04,0.000000000000000000e+00,1.512931892648339272e-03,1.783072889338654932e-06,1.120407659982447512e-07
7.996866479516029358e-04,5.621488089673221111e-04,1.748690963722765446e-03,4.538790321362284885e-08,1.861031778389587998e-04,1.903969969134777784e-04,0.000000000000000000e+00,6.266873679123818874e-04,1.783072889338654932e-06,6.201668156791129149e-08
4.693459777627140284e-04,3.257153730373829603e-04,1.271844259463250637e-03,2.629825957001230563e-08,1.369263191008940339e-04,1.485172833781689405e-04,0.000000000000000000e+00,1.644618896534666419e-04,1.783072889338654932e-06,1.627048007435405452e-08
1.599872484803199768e-03,9.169629192911088467e-04,6.396801676601171494e-03,7.403559010299431975e-08,2.354269963689148426e-04,2.390702138654887676e-04,0.000000000000000000e+00,4.322945023886859417e-04,1.783072889338654932e-06,3.200258547053635994e-08
2.358948579058051109e-03,1.480970531702041626e-03,7.934129796922206879e-03,1.195735848114054534e-07,3.077954752370715141e-04,3.126452793367207050e-04,0.000000000000000000e+00,8.456492796540260315e-04,1.783072889338654932e-06,8.163073772493589786e-08
2.836498431861400604e-03,1.721509965136647224e-03,1.001314632594585419e-02,1.389947499319532653e-07,3.342689306009560823e-04,3.390893980395048857e-04,0.000000000000000000e+00,1.136739854700863361e-03,1.783072889338654932e-06,8.373788062954190536e-08
1.481160637922585011e-03,7.970633450895547867e-04,5.835947580635547638e-03,6.435490007561384118e-08,2.253405837109312415e-04,2.277895982842892408e-04,0.000000000000000000e+00,1.005024998448789120e-03,1.783072889338654932e-06,9.558492308769928059e-08
5.860971286892890930e-04,3.873577225022017956e-04,1.557698124088346958e-03,3.127527037349864258e-08,1.521618687547743320e-04,1.598019589437171817e-04,0.000000000000000000e+00,4.296956467442214489e-04,1.783072889338654932e-06,3.194295317143769353e-08
3.304934070911258459e-04,1.949314319062978029e-04,1.205044332891702652e-03,1.573876673433005635e-08,1.021575226332060993e-04,1.058243069564923644e-04,0.000000000000000000e+00,1.505753461970016360e-04,1.783072889338654932e-06,1.770467150663534994e-08
6.911000236868858337e-04,4.498180642258375883e-04,2.276647603139281273e-03,3.631831546613284445e-08,1.627221063245087862e-04,1.720201980788260698e-04,0.000000000000000000e+00,1.361722825095057487e-04,1.783072889338654932e-06,1.611094191389383923e-08
1.182680251076817513e-03,7.204496068879961967e-04,4.289167467504739761e-03,5.816910686462506419e-08,2.131756918970495462e-04,2.168550563510507345e-04,0.000000000000000000e+00,3.331387415528297424e-04,1.783072889338654932e-06,2.484878081077113166e-08
1.027816091664135456e-03,6.306166178546845913e-04,3.421545028686523438e-03,5.091599319939632551e-08,1.971603633137419820e-04,2.028231974691152573e-04,0.000000000000000000e+00,5.504501750692725182e-04,1.783072889338654932e-06,5.541684089394038892e-08
7.471091812476515770e-04,3.833576629403978586e-04,3.157834056764841080e-03,3.095230027838624665e-08,1.553147740196436644e-04,1.631990598980337381e-04,0.000000000000000000e+00,4.796810681000351906e-04,1.783072889338654932e-06,3.521401126249656954e-08
4.004619549959897995e-04,2.636524441186338663e-04,1.053850864991545677e-03,2.128730258732502989e-08,1.185468427138403058e-04,1.240138080902397633e-04,0.000000000000000000e+00,3.142441855743527412e-04,1.783072889338654932e-06,3.400309722678684921e-08
3.732310433406382799e-04,2.478816022630780935e-04,1.101515721529722214e-03,2.001396381956510595e-08,1.117212086683139205e-04,1.228328619617968798e-04,0.000000000000000000e+00,1.519787911092862487e-04,1.783072889338654932e-06,1.341445177160949243e-08
4.911220748908817768e-04,3.245827683713287115e-04,1.549548353068530560e-03,2.620681449627682014e-08,1.348598889308050275e-04,1.377153093926608562e-04,0.000000000000000000e+00,1.158447776106186211e-04,1.783072889338654932e-06,1.178389652523037512e-08
5.029171006754040718e-04,2.817258646246045828e-04,1.994051272049546242e-03,2.274654953282606584e-08,1.325155462836846709e-04,1.404465729137882590e-04,0.000000000000000000e+00,2.178608847316354513e-04,1.783072889338654932e-06,2.473098703603682225e-08
4.797599976882338524e-04,2.792584127746522427e-04,1.675961306318640709e-03,2.254732756057364895e-08,1.318853901466354728e-04,1.381112670060247183e-04,0.000000000000000000e+00,3.290542517788708210e-04,1.783072889338654932e-06,2.462500248157084570e-08
3.912039392162114382e-04,2.022131229750812054e-04,1.525977160781621933e-03,1.632668933382319665e-08,1.097474596463143826e-04,1.136798673542216420e-04,0.000000000000000000e+00,3.639308561105281115e-04,1.783072889338654932e-06,3.860499830921071407e-08
3.821976133622229099e-04,2.606830094009637833e-04,9.860094869509339333e-04,2.104754948106801749e-08,1.163876804639585316e-04,1.261904253624379635e-04,0.000000000000000000e+00,2.291364071425050497e-04,1.783072889338654932e-06,1.790721704253428470e-08
3.137264284305274487e-04,2.109094639308750629e-04,8.940603001974523067e-04,1.702883167808977305e-08,1.006728707579895854e-04,1.066632830770686269e-04,0.000000000000000000e+00,1.341092574875801802e-04,1.783072889338654932e-06,1.613015321311195294e-08
2.092657668981701136e-04,1.198249883600510657e-04,7.849028916098177433e-04,9.674670842230170820e-09,8.223608165280893445e-05,9.367697202833369374e-05,0.000000000000000000e+00,1.095049810828641057e-04,1.783072889338654932e-06,1.232269930540041969e-08
1.657783577684313059e-04,6.473432586062699556e-05,8.481960976496338844e-04,5.226649779643821603e-09,6.439434218918904662e-05,7.123743125703185797e-05,0.000000000000000000e+00,1.622442214284092188e-04,1.783072889338654932e-06,1.368656743494511829e-08
2.197230060119181871e-04,1.274216047022491693e-04,6.919731386005878448e-04,1.028802110170090600e-08,8.543029980501160026e-05,9.156753367278724909e-05,0.000000000000000000e+00,2.310408162884414196e-04,1.783072889338654932e-06,2.591026060372314532e-08
2.952172944787889719e-04,1.818366436054930091e-04,9.230712894350290298e-04,1.468149157801690308e-08,9.794937795959413052e-05,1.074943284038454294e-04,0.000000000000000000e+00,2.107352192979305983e-04,1.783072889338654932e-06,1.653214454222506902e-08
2.382469101576134562e-04,1.452858268748968840e-04,7.727757329121232033e-04,1.173037933455134407e-08,8.429907029494643211e-05,8.957094541983678937e-05,0.000000000000000000e+00,1.568351581227034330e-04,1.783072889338654932e-06,1.852471598340343917e-08
1.194645883515477180e-04,6.339488754747435451e-05,4.449995467439293861e-04,5.118503842993504804e-09,5.610485823126509786e-05,6.813970685470849276e-05,0.000000000000000000e+00,1.156974540208466351e-04,1.783072889338654932e-06,1.163328988695866428e-08
6.773569475626572967e-05,1.902850090118590742e-05,3.730405587702989578e-04,1.536361371456962388e-09,3.424169335630722344e-05,4.251357313478365541e-05,0.000000000000000000e+00,1.140313834184780717e-04,1.783072889338654932e-06,1.160089713181378102e-08
1.334783446509391069e-04,5.685767973773181438e-05,5.938317044638097286e-04,4.590689606231990183e-09,5.642099131364375353e-05,6.259129440877586603e-05,0.000000000000000000e+00,1.723749446682631969e-04,1.783072889338654932e-06,2.011482180819257337e-08
2.106443862430751324e-04,1.255558163393288851e-04,6.735818460583686829e-04,1.013737982447082686e-08,8.162636368069797754e-05,9.117111767409369349e-05,0.000000000000000000e+00,1.773037802195176482e-04,1.783072889338654932e-06,1.446042929842406011e-08
1.731956290313974023e-04,1.028667902573943138e-04,5.557983531616628170e-04,8.305465648561494163e-09,7.209724572021514177e-05,7.801491301506757736e-05,0.000000000000000000e+00,1.474900636821985245e-04,1.783072889338654932e-06,1.747778455296611355e-08
8.181348675861954689e-05,2.842688809323590249e-05,4.137823707424104214e-04,2.295187373491103244e-09,3.703869151649996638e-05,4.935738252243027091e-05,0.000000000000000000e+00,1.200836122734472156e-04,1.783072889338654932e-06,1.153293993638726533e-08
4.602104309014976025e-05,3.394491614017169923e-06,3.196434408891946077e-04,2.740712934379274657e-10,1.159657495009014383e-05,3.001383629452902824e-05,0.000000000000000000e+00,1.066220720531418920e-04,1.783072889338654932e-06,1.164949736676135217e-08
9.457816486246883869e-05,4.216647357679903507e-05,3.943336778320372105e-04,3.404521775607349809e-09,4.670503039960749447e-05,5.458252417156472802e-05,0.000000000000000000e+00,1.297831913689151406e-04,1.783072889338654932e-06,1.546863082069194206e-08
1.412294368492439389e-04,7.524295506300404668e-05,5.121800350025296211e-04,6.075117298109944386e-09,6.231097358977422118e-05,7.341959280893206596e-05,0.000000000000000000e+00,1.476847101002931595e-04,1.783072889338654932e-06,1.276157846064052137e-08
1.158085578936152160e-04,5.359002534532919526e-05,4.828390083275735378e-04,4.326858871195327083e-09,5.378034984460100532e-05,6.078141450416296721e-05,0.000000000000000000e+00,1.393462880514562130e-04,1.783072889338654932e-06,1.657697623613785254e-08
6.606733222724869847e-05,1.969816185010131449e-05,3.423493762966245413e-04,1.590429787867719824e-09,3.321933763800188899e-05,4.349020309746265411e-05,0.000000000000000000e+00,1.213422801811248064e-04,1.783072889338654932e-06,1.153334228121138949e-08
5.315819362294860184e-05,9.283384315494913608e-06,3.311225154902786016e-04,7.495405962565371283e-10,2.261318877572193742e-05,3.480238592601381242e-05,0.000000000000000000e+00,1.076255721272900701e-04,1.783072889338654932e-06,1.233067692396616621e-08
7.771173841319978237e-05,3.092241604463197291e-05,3.558938624337315559e-04,2.496675755025989929e-09,3.981948611908592284e-05,4.612606790033169091e-05,0.000000000000000000e+00,1.119993685279041529e-04,1.783072889338654932e-06,1.319941844712957391e-08
8.917874220060184598e-05,3.901424497598782182e-05,3.836530377157032490e-04,3.150010474683995199e-09,4.382752740639261901e-05,5.629322913591749966e-05,0.000000000000000000e+00,1.179919199785217643e-04,1.783072889338654932e-06,1.136437077775553917e-08
7.023976650089025497e-05,2.382074490014929324e-05,3.464864275883883238e-04,1.923287085148217557e-09,3.590779306250624359e-05,4.385758802527561784e-05,0.000000000000000000e+00,1.177037629531696439e-04,1.783072889338654932e-06,1.401951976731652394e-08
5.608597712125629187e-05,1.017268004943616688e-05,3.462764725554734468e-04,8.213423274838760335e-10,2.436650538584217429e-05,3.580644988687708974e-05,0.000000000000000000e+00,1.128565054386854172e-04,1.783072889338654932e-06,1.115949554986173098e-08
6.393282092176377773e-05,2.014292658714111894e-05,3.289987507741898298e-04,1.626340062621522975e-09,3.493690019240602851e-05,4.711091241915710270e-05,0.000000000000000000e+00,1.089001889340579510e-04,1.783072889338654932e-06,1.272479188685338158e-08
7.350159285124391317e-05,2.552182377257850021e-05,3.771051706280559301e-04,2.060632331435385822e-09,3.713296609930694103e-05,4.404852006700821221e-05,0.000000000000000000e+00,1.026925310725346208e-04,1.783072889338654932e-06,1.151976203317417458e-08
6.201119686011224985e-05,2.006525392062030733e-05,3.155844751745462418e-04,1.620068856844625316e-09,3.265816121711395681e-05,4.633291609934531152e-05,0.000000000000000000e+00,1.038749614963307977e-04,1.783072889338654932e-06,1.112414693693608569e-08
4.433026333572342992e-05,6.144264716567704454e-06,2.788356796372681856e-04,4.960880040094650667e-10,1.745462941471487284e-05,2.805723670462612063e-05,0.000000000000000000e+00,1.030242710839956999e-04,1.783072889338654932e-06,1.180270281508910557e-08
4.441722194314934313e-05,5.975059593765763566e-06,2.807639830280095339e-04,4.824264321356963592e-10,1.748843715176917613e-05,2.924749242083635181e-05,0.000000000000000000e+00,1.036576431943103671e-04,1.783072889338654932e-06,1.109806468946317182e-08
5.818199497298337519e-05,1.488118232373381034e-05,3.277939104009419680e-04,1.201506782955163999e-09,2.955583659058902413e-05,4.236070526530966163e-05,0.000000000000000000e+00,1.052141888067126274e-04,1.783072889338654932e-06,1.225440193763915886e-08
6.360424595186486840e-05,2.117580515914596617e-05,3.228590649086982012e-04,1.709734798183148996e-09,3.499730155454017222e-05,4.140675446251407266e-05,0.000000000000000000e+00,1.014253066387027502e-04,1.783072889338654932e-06,1.121796344705217052e-08
5.345145473256707191e-05,1.242085181729635224e-05,3.085548814851790667e-04,1.002859684184898015e-09,2.702391611819621176e-05,3.965652285842224956e-05,0.000000000000000000e+00,1.017511312966234982e-04,1.783072889338654932e-06,1.163423846151090402e-08
4.193859058432281017e-05,4.776783498527947813e-06,2.705054939724504948e-04,3.856775454558203364e-10,1.536975651106331497e-05,2.769673301372677088e-05,0.000000000000000000e+00,1.011125423246994615e-04,1.783072889338654932e-06,1.091859935797856451e-08
4.031744902022182941e-05,4.109620931558310986e-06,2.600468578748404980e-04,3.318108565686372913e-10,1.361878548777895048e-05,2.702598794712685049e-05,0.000000000000000000e+00,1.020314230117946863e-04,1.783072889338654932e-06,1.189260068201747345e-08
4.509929203777574003e-05,8.200287993531674147e-06,2.688273962121456861e-04,6.620913817201312668e-10,1.980574052140582353e-05,3.513563569867983460e-05,0.000000000000000000e+00,1.001626151264645159e-04,1.783072889338654932e-06,1.098247892628023692e-08
4.740167423733510077e-05,9.678326023276895285e-06,2.781321527436375618e-04,7.814281444140647181e-10,2.240568574052304029e-05,3.210137219866737723e-05,0.000000000000000000e+00,9.910135122481733561e-05,1.783072889338654932e-06,1.127623416863343664e-08
4.525193071458488703e-05,7.941346666484605521e-06,2.736148308031260967e-04,6.411843833653563252e-10,2.126171239069662988e-05,3.482086322037503123e-05,0.000000000000000000e+00,9.949101513484492898e-05,1.783072889338654932e-06,1.139829386431756575e-08
4.405883373692631721e-05,6.802064035582588986e-06,2.710796834435313940e-04,5.491987420391808428e-10,1.910494029289111495e-05,3.219784412067383528e-05,0.000000000000000000e+00,1.014879962895065546e-04,1.783072889338654932e-06,1.069741450976380293e-08
4.662141873268410563e-05,7.935016583360265940e-06,2.800878428388386965e-04,6.406734032182725969e-10,2.047835369012318552e-05,3.062519317609257996e-05,0.000000000000000000e+00,1.067761477315798402e-04,1.783072889338654932e-06,1.280607619946749764e-08
4.940018698107451200e-05,1.134126341639785096e-05,2.752425498329102993e-04,9.156936875420740307e-10,2.494577347533777356e-05,3.694985571200959384e-05,0.000000000000000000e+00,1.053466985467821360e-04,1.783072889338654932e-06,1.067610622129677722e-08
4.695130337495356798e-05,8.965752385847736150e-06,2.742009237408638000e-04,7.238949439880570935e-10,2.202162613684777170e-05,3.190823917975649238e-05,0.000000000000000000e+00,1.056545879691839218e-04,1.783072889338654932e-06,1.268604421511554392e-08
4.127204010728746653e-05,5.844655788678210229e-06,2.538759144954383373e-04,4.718975765705124559e-10,1.655486084928270429e-05,3.204131280654110014e-05,0.000000000000000000e+00,1.003978977678343654e-04,1.783072889338654932e-06,1.062517807071117204e-08
3.690431549330241978e-05,2.817153244905057363e-06,2.425653219688683748e-04,2.274569560478667540e-10,9.608334039512556046e-06,2.695420880627352744e-05,0.000000000000000000e+00,9.830630733631551266e-05,1.783072889338654932e-06,1.144595174196183507e-08
3.699740045703947544e-05,3.101099764535319991e-06,2.416176430415362120e-04,2.503828255839835037e-10,1.038355730997864157e-05,2.584370304248295724e-05,0.000000000000000000e+00,9.734532795846462250e-05,1.783072889338654932e-06,1.124399062746306299e-08
3.941539762308821082e-05,4.935914148518349975e-06,2.470272884238511324e-04,3.985257679417486543e-10,1.485780467191943899e-05,3.145856680930592120e-05,0.000000000000000000e+00,9.776756633073091507e-05,1.783072889338654932e-06,1.066276755778972074e-08
4.085394175490364432e-05,6.056412075849948451e-06,2.473761851433664560e-04,4.889947335939837103e-10,1.743095344863831997e-05,2.952076283690985292e-05,0.000000000000000000e+00,1.005990852718241513e-04,1.783072889338654932e-06,1.201313892806865624e-08
4.093076131539419293e-05,5.732581485062837601e-06,2.520327107049524784e-04,4.628486482971538862e-10,1.658541623328346759e-05,3.195403769495896995e-05,0.000000000000000000e+00,9.994911670219153166e-05,1.783072889338654932e-06,1.049330577984619595e-08
4.049408016726374626e-05,5.382935796660603955e-06,2.518098335713148117e-04,4.346182858050440245e-10,1.639832953514996916e-05,2.940765261882916093e-05,0.000000000000000000e+00,9.930160013027489185e-05,1.783072889338654932e-06,1.181368070035659912e-08
4.031170828966423869e-05,5.799851351184770465e-06,2.483877469785511494e-04,4.682800258670738458e-10,1.732006967358756810e-05,2.939847945526707917e-05,0.000000000000000000e+00,9.673080057837069035e-05,1.783072889338654932e-06,1.057205700760732725e-08
3.908801591023802757e-05,4.921230811305576935e-06,2.446967992000281811e-04,3.973402440404782965e-10,1.592767330294009298e-05,3.105788709945045412e-05,0.000000000000000000e+00,9.697106725070625544e-05,1.783072889338654932e-06,1.137142646712163696e-08
3.667544297059066594e-05,3.679962446767603979e-06,2.346584078622981906e-04,2.971202173185361062e-10,1.272577446798095480e-05,2.668980232556350529e-05,0.000000000000000000e+00,9.529638191452249885e-05,1.783072889338654932e-06,1.079748201959773724e-08
3.478656799416057765e-05,2.458656581438845024e-06,2.281375927850604057e-04,1.985119707503812947e-10,8.041089131438639015e-06,2.746851896517910063e-05,0.000000000000000000e+00,9.514151315670460463e-05,1.783072889338654932e-06,1.083196465856417490e-08
3.474668119451962411e-05,2.477377620380138978e-06,2.272638812428340316e-04,2.000234977650450219e-10,8.233914741140324622e-06,2.715887603699229658e-05,0.000000000000000000e+00,9.542914631310850382e-05,1.783072889338654932e-06,1.111543390663882747e-08
3.645666220108978450e-05,3.616277808760059997e-06,2.338707854505628347e-04,2.919783026467115405e-10,1.244979739567497745e-05,2.735489579208660871e-05,0.000000000000000000e+00,9.453303937334567308e-05,1.783072889338654932e-06,1.064976018483321241e-08
3.829457637039013207e-05,4.965450898453127593e-06,2.373948518652468920e-04,4.009106102653703374e-10,1.599410279595758766e-05,3.068253136007115245e-05,0.000000000000000000e+00,9.589639375917613506e-05,1.783072889338654932e-06,1.133345861603629601e-08
3.906831261701881886e-05,5.376543413149192929e-06,2.412506873952224851e-04,4.341021708764714049e-10,1.661873284319881350e-05,2.888980634452309459e-05,0.000000000000000000e+00,9.566698281560093164e-05,1.783072889338654932e-06,1.036963048761663231e-08
3.857148112729191780e-05,5.009262167732231319e-06,2.388611610513180494e-04,4.044478918441285487e-10,1.576545582793187350e-05,2.987913103424943984e-05,0.000000000000000000e+00,9.676103945821523666e-05,1.783072889338654932e-06,1.157413898056347534e-08
3.787090099649503827e-05,4.899721261608647183e-06,2.346081455470994115e-04,3.956035499186327797e-10,1.520079331385204569e-05,3.026673948625102639e-05,0.000000000000000000e+00,9.510364179732277989e-05,1.783072889338654932e-06,1.038373653727830970e-08
3.733349512913264334e-05,4.370353508420521393e-06,2.324582164874300361e-04,3.528624059612184283e-10,1.410716777172638103e-05,2.796046646835748106e-05,0.000000000000000000e+00,9.717319335322827101e-05,1.783072889338654932e-06,1.169306429460448271e-08
3.673265382531099021e-05,4.466107839107280597e-06,2.272704878123477101e-04,3.605936105266493996e-10,1.411428911524126306e-05,2.972671427414752543e-05,0.000000000000000000e+00,9.539496386423707008e-05,1.783072889338654932e-06,1.031739316204038914e-08
3.540644684107974172e-05,3.492334599286550656e-06,2.241868642158806324e-04,2.819711131252233827e-10,1.171862368209986016e-05,2.667373883014079183e-05,0.000000000000000000e+00,9.495428093941882253e-05,1.783072889338654932e-06,1.132619154020630958e-08
3.381498754606582224e-05,2.744259518294711597e-06,2.178406284656375647e-04,2.215715388942385289e-10,8.760424861975479871e-06,2.837217289197724313e-05,0.000000000000000000e+00,9.286664135288447142e-05,1.783072889338654932e-06,1.051804687790536263e-08
3.305551217636093497e-05,2.210420689152670093e-06,2.158415154553949833e-04,1.784694059203673078e-10,6.506704721687128767e-06,2.646969187480863184e-05,0.000000000000000000e+00,9.260940714739263058e-05,1.783072889338654932e-06,1.074327471428659919e-08
3.345977165736258030e-05,2.641766059241490439e-06,2.154954709112644196e-04,2.132962001466509605e-10,8.568873454350978136e-06,2.552100704633630812e-05,0.000000000000000000e+00,9.268457506550475955e-05,1.783072889338654932e-06,1.086620127210835562e-08
3.434238897170871496e-05,3.269091394031420350e-06,2.179598232032731175e-04,2.639464757869802725e-10,1.061237071553478017e-05,2.938783291028812528e-05,0.000000000000000000e+00,9.277315257349982858e-05,1.783072889338654932e-06,1.032564256320256391e-08
3.468170689302496612e-05,3.518266794344526716e-06,2.175287954742088914e-04,2.840648827273639654e-10,1.176478781417245045e-05,2.708339889068156481e-05,0.000000000000000000e+00,9.410559869138523936e-05,1.783072889338654932e-06,1.128909055125859595e-08
3.400484274607151747e-05,3.194218606950016692e-06,2.159241121262311935e-04,2.579012836623206795e-10,1.051749313774053007e-05,2.878581653931178153e-05,0.000000000000000000e+00,9.218210470862686634e-05,1.783072889338654932e-06,1.032243268639376765e-08
3.297778675914742053e-05,2.521400347177404910e-06,2.125732717104256153e-04,2.035778906561702684e-10,8.151705515047069639e-06,2.590405711089260876e-05,0.000000000000000000e+00,9.199058695230633020e-05,1.783072889338654932e-06,1.082534950569424836e-08
3.235456097172573209e-05,2.234243993370910175e-06,2.098844706779345870e-04,1.803928673105303915e-10,6.643729193456238136e-06,2.665166357473935932e-05,0.000000000000000000e+00,9.131869592238217592e-05,1.783072889338654932e-06,1.056605203331173470e-08
3.256882337154820561e-05,2.467940703354543075e-06,2.098780387314036489e-04,1.992615378254569691e-10,7.680468115722760558e-06,2.760448114713653922e-05,0.000000000000000000e+00,9.113078704103827477e-05,1.783072889338654932e-06,1.042320540989294386e-08
3.312524131615646183e-05,2.792990017042029649e-06,2.110641216859221458e-04,2.255060305156320055e-10,9.254181350115686655e-06,2.622998181323055178e-05,0.000000000000000000e+00,9.225837129633873701e-05,1.783072889338654932e-06,1.101784441459585651e-08
3.358647518325597048e-05,3.194634473402402364e-06,2.125716127920895815e-04,2.579348123976643592e-10,1.060261820384766906e-05,2.824852708727121353e-05,0.000000000000000000e+00,9.134679567068815231e-05,1.783072889338654932e-06,1.022356688196168761e-08
3.381888382136821747e-05,3.326771775391534902e-06,2.126525214407593012e-04,2.686035838195266479e-10,1.132249326474266127e-05,2.734884765231981874e-05,0.000000000000000000e+00,9.226857946487143636e-05,1.783072889338654932e-06,1.106911984294356444e-08
3.424295573495328426e-05,3.679416295199189335e-06,2.142379089491441846e-04,2.970761137088828718e-10,1.212899678648682311e-05,2.877402039302978665e-05,0.000000000000000000e+00,9.139750181930139661e-05,1.783072889338654932e-06,1.013050443532392819e-08
3.486864079604856670e-05,4.071759121870854869e-06,2.154103276552632451e-04,3.287539129814831540e-10,1.335563229076797143e-05,2.807048076647333801e-05,0.000000000000000000e+00,9.255850454792380333e-05,1.783072889338654932e-06,1.117703085640187055e-08
3.576752351364120841e-05,4.679305220633978024e-06,2.196824352722615004e-04,3.778071744342526017e-10,1.479087222833186388e-05,2.889684765250422060e-05,0.000000000000000000e+00,9.119975584326311946e-05,1.783072889338654932e-06,1.007024508226095350e-08
3.698933869600296021e-05,5.374540705815888941e-06,2.228780795121565461e-04,4.339404668929347508e-10,1.658980727370362729e-05,3.035158988495822996e-05,0.000000000000000000e+00,9.326990402769297361e-05,1.783072889338654932e-06,1.133990146229280072e-08
3.834088420262560248e-05,6.436537660192698240e-06,2.268223615828901529e-04,5.196861274647801565e-10,1.830569817684590816e-05,3.114570063189603388e-05,0.000000000000000000e+00,9.222111839335411787e-05,1.783072889338654932e-06,9.975441805920581828e-09
3.915382694685831666e-05,6.728298558300593868e-06,2.295604790560901165e-04,5.432428396012767280e-10,1.907318983285222203e-05,3.108322562184184790e-05,0.000000000000000000e+00,9.469480573898181319e-05,1.783072889338654932e-06,1.161576790309482021e-08
3.982758062193170190e-05,7.417920187435811386e-06,2.310521231265738606e-04,5.989229667768825038e-10,2.000580752792302519e-05,3.222694795113056898e-05,0.000000000000000000e+00,9.304448030889034271e-05,1.783072889338654932e-06,9.923107668896591349e-09
4.005477603641338646e-05,7.313233254535589367e-06,2.314933808520436287e-04,5.904705613346550308e-10,1.996847277041524649e-05,3.163253131788223982e-05,0.000000000000000000e+00,9.592204878572374582e-05,1.783072889338654932e-06,1.183308562247020745e-08
4.007374445791356266e-05,7.675257620576303452e-06,2.303743531228974462e-04,6.197004021046836897e-10,2.031929579970892519e-05,3.319045208627358079e-05,0.000000000000000000e+00,9.361049160361289978e-05,1.783072889338654932e-06,9.891081731439044233e-09
3.946683136746287346e-05,7.246808308991603553e-06,2.266254596179351211e-04,5.851074069695982871e-10,1.988276562769897282e-05,3.079769885516725481e-05,0.000000000000000000e+00,9.557476005284115672e-05,1.783072889338654932e-06,1.181346931389271049e-08
3.862461744574829936e-05,6.829293852206319571e-06,2.252373815281316638e-04,5.513972056725435777e-10,1.883551885839551687e-05,3.239070429117418826e-05,0.000000000000000000e+00,9.271585440728813410e-05,1.783072889338654932e-06,9.855680715986636642e-09
3.743366687558591366e-05,6.114908956078579649e-06,2.193983964389190078e-04,4.937177888741928200e-10,1.780137972673401237e-05,2.992671215906739235e-05,0.000000000000000000e+00,9.378914546687155962e-05,1.783072889338654932e-06,1.155611428771408100e-08
3.645040123956277966e-05,5.672226052411133423e-06,2.168396895285695791e-04,4.579756018863179179e-10,1.673829319770447910e-05,3.111598925897851586e-05,0.000000000000000000e+00,9.094206325244158506e-05,1.783072889338654932e-06,9.854497662331596075e-09
3.561295670806430280e-05,5.114916348247788846e-06,2.133591333404183388e-04,4.129783737205627858e-10,1.586281177878845483e-05,2.883272463805042207e-05,0.000000000000000000e+00,9.162124479189515114e-05,1.783072889338654932e-06,1.121849280139031180e-08
3.534058851073496044e-05,5.086992587166605517e-06,2.129751082975417376e-04,4.107238438244564804e-10,1.568089101056102663e-05,2.972229412989690900e-05,0.000000000000000000e+00,8.956084639066830277e-05,1.783072889338654932e-06,9.866562677984802576e-09
3.531328547978773713e-05,4.935156539431773126e-06,2.125340251950547099e-04,3.984645668975161925e-10,1.558644726173952222e-05,2.975721326947677881e-05,0.000000000000000000e+00,9.124724601861089468e-05,1.783072889338654932e-06,1.118019454793284240e-08
3.563901918823830783e-05,5.371379756979877129e-06,2.131677902070805430e-04,4.336852821307246586e-10,1.626646189833991230e-05,2.974455856019631028e-05,0.000000000000000000e+00,8.950859773904085159e-05,1.783072889338654932e-06,9.827966884756733634e-09
3.591923086787573993e-05,5.431077624962199479e-06,2.136960101779550314e-04,4.385053431477103913e-10,1.667083415668457747e-05,2.971416870423126966e-05,0.000000000000000000e+00,9.118550951825454831e-05,1.783072889338654932e-06,1.119803449967093911e-08
3.645082688308320940e-05,5.929716280661523342e-06,2.155094844056293368e-04,4.787653051785412117e-10,1.734918805595953017e-05,3.093821214861236513e-05,0.000000000000000000e+00,8.970161434262990952e-05,1.783072889338654932e-06,9.781834897637509130e-09
3.712204852490685880e-05,6.243939424166455865e-06,2.164854813599959016e-04,5.041357331592166702e-10,1.811138645280152559e-05,3.030486550414934754e-05,0.000000000000000000e+00,9.229560237145051360e-05,1.783072889338654932e-06,1.141482464106502448e-08
3.822801227215677500e-05,7.038943749648751691e-06,2.207933284807950258e-04,5.683243875509447207e-10,1.927953962876927108e-05,3.239095531171187758e-05,0.000000000000000000e+00,9.109734673984348774e-05,1.783072889338654932e-06,9.715308557645130350e-09
3.908697908627800643e-05,7.545475455117411911e-06,2.213131083408370614e-04,6.092218396425153060e-10,2.035690158663783222e-05,3.122947236988693476e-05,0.000000000000000000e+00,9.410193160874769092e-05,1.783072889338654932e-06,1.171346308836973549e-08
4.000793342129327357e-05,8.291191079479176551e-06,2.254167047794908285e-04,6.694307885801720204e-10,2.116531322826631367e-05,3.395702879060991108e-05,0.000000000000000000e+00,9.175070590572431684e-05,1.783072889338654932e-06,9.685104274126388191e-09
4.041888314532116055e-05,8.422014616371598095e-06,2.256567531730979681e-04,6.799935059476069910e-10,2.167507591366302222e-05,3.209483111277222633e-05,0.000000000000000000e+00,9.431194484932348132e-05,1.783072889338654932e-06,1.175989083890272013e-08
4.075634933542460203e-05,8.755782801017630845e-06,2.278531610500067472e-04,7.069420604466358782e-10,2.209618833148851991e-05,3.407489566598087549e-05,0.000000000000000000e+00,9.215249156113713980e-05,1.783072889338654932e-06,9.663160938089276897e-09
4.051246651215478778e-05,8.399752005061600357e-06,2.269229153171181679e-04,6.781961103818900938e-10,2.171281812479719520e-05,3.254053808632306755e-05,0.000000000000000000e+00,9.420422429684549570e-05,1.783072889338654932e-06,1.176482911091625283e-08
4.001248453278094530e-05,8.512688509654253721e-06,2.245017531095072627e-04,6.873145386165901982e-10,2.163706085411831737e-05,3.371968341525644064e-05,0.000000000000000000e+00,9.049619256984442472e-05,1.783072889338654932e-06,9.636959674708123202e-09
3.893255052389577031e-05,7.589471806568326429e-06,2.208782389061525464e-04,6.127739982098034943e-10,2.047753878287039697e-05,3.154819933115504682e-05,0.000000000000000000e+00,9.255255281459540129e-05,1.783072889338654932e-06,1.154639317491046313e-08
3.753457349375821650e-05,6.992981070652604103e-06,2.153259119950234890e-04,5.646133560688326725e-10,1.918123598443344235e-05,3.220994040020741522e-05,0.000000000000000000e+00,9.009001223603263497e-05,1.783072889338654932e-06,9.615332530188425153e-09
3.580603515729308128e-05,5.858112217538291588e-06,2.087600005324929953e-04,4.729840963335618653e-10,1.735460136842448264e-05,2.981273246405180544e-05,0.000000000000000000e+00,9.071922977454960346e-05,1.783072889338654932e-06,1.128548987594513164e-08
3.415781975490972400e-05,5.078395588498096913e-06,2.032927586697041988e-04,4.100297046338852169e-10,1.555814560560975224e-05,3.041525451408233494e-05,0.000000000000000000e+00,8.750147389946505427e-05,1.783072889338654932e-06,9.633765785110881552e-09
3.266700514359399676e-05,4.214909040456404909e-06,1.963512331712990999e-04,3.403117787570408836e-10,1.362771399726625532e-05,2.747597318375483155e-05,0.000000000000000000e+00,8.816971967462450266e-05,1.783072889338654932e-06,1.087886847273011881e-08
3.148971882183104753e-05,3.579023086786037311e-06,1.928203419083729386e-04,2.889703476505189883e-10,1.165814683190546930e-05,2.917049641837365925e-05,0.000000000000000000e+00,8.628661453258246183e-05,1.783072889338654932e-06,9.669850697946458240e-09
3.042060052393935621e-05,2.941445927717722952e-06,1.887828548206016421e-04,2.374923591119681987e-10,9.940195013768970966e-06,2.647574001457542181e-05,0.000000000000000000e+00,8.600870205555111170e-05,1.783072889338654932e-06,1.046198683241073013e-08
2.972615402541123331e-05,2.572696075731073506e-06,1.868419349193572998e-04,2.077195082605953758e-10,8.270821126643568277e-06,2.770343235170003027e-05,0.000000000000000000e+00,8.469264139421284199e-05,1.783072889338654932e-06,9.915016363493123208e-09
2.931311246356926858e-05,2.309719548065913841e-06,1.852958957897499204e-04,1.864867843481832210e-10,7.174388429120881483e-06,2.595331352495122701e-05,0.000000000000000000e+00,8.473802154185250401e-05,1.783072889338654932e-06,1.013016337481076334e-08
2.912589116021990776e-05,2.223855744887259789e-06,1.846484374254941940e-04,1.795541354487895092e-10,6.571148787770653144e-06,2.677117117855232209e-05,0.000000000000000000e+00,8.437190263066440821e-05,1.783072889338654932e-06,9.990134941517681000e-09
2.913105709012597799e-05,2.297487071700743400e-06,1.841668854467570782e-04,1.854991160676888740e-10,6.856994787085568532e-06,2.695648072403855622e-05,0.000000000000000000e+00,8.416880154982209206e-05,1.783072889338654932e-06,9.848459825434474624e-09
2.928478352259844542e-05,2.390457666479051113e-06,1.843046920839697123e-04,1.930055698595722902e-10,7.541206286987289786e-06,2.608259819680824876e-05,0.000000000000000000e+00,8.463856647722423077e-05,1.783072889338654932e-06,1.024320006592915888e-08
2.958805271191522479e-05,2.669033165147993714e-06,1.852091372711583972e-04,2.154977724044826459e-10,8.639343832328449935e-06,2.761363066383637488e-05,0.000000000000000000e+00,8.398105273954570293e-05,1.783072889338654932e-06,9.748045926016857265e-09
3.008545172633603215e-05,2.967847422041813843e-06,1.862000935943797231e-04,2.396240150748241149e-10,1.001353939500404522e-05,2.655820753716398031e-05,0.000000000000000000e+00,8.497593807987868786e-05,1.783072889338654932e-06,1.039837727034864656e-08
3.085031494265422225e-05,3.460603920757421292e-06,1.890609419206157327e-04,2.794092179847496027e-10,1.133260775532107800e-05,2.873780977097339928e-05,0.000000000000000000e+00,8.483618148602545261e-05,1.783072889338654932e-06,9.536936573795173899e-09
3.170313721057027578e-05,3.943964657082688063e-06,1.913761807372793555e-04,3.184357499907974898e-10,1.303088629356352612e-05,2.767524892988149077e-05,0.000000000000000000e+00,8.621554297860711813e-05,1.783072889338654932e-06,1.068188559827376594e-08
3.287748768343590200e-05,4.755941517942119390e-06,1.962935057235881686e-04,3.839947526618203710e-10,1.495251126470975578e-05,2.958378354378510267e-05,0.000000000000000000e+00,8.492194319842383265e-05,1.783072889338654932e-06,9.486250895918146853e-09
3.412986188777722418e-05,5.341976248018909246e-06,2.002197579713538289e-04,4.313112367260174551e-10,1.636466004129033536e-05,2.959223274956457317e-05,0.000000000000000000e+00,8.765910024521872401e-05,1.783072889338654932e-06,1.095808421780475328e-08
3.599390038289129734e-05,6.679551006527617574e-06,2.066091110464185476e-04,5.393070434678293168e-10,1.876738679129630327e-05,3.151712735416367650e-05,0.000000000000000000e+00,8.653436816530302167e-05,1.783072889338654932e-06,9.398986478004189848e-09
3.835784445982426405e-05,7.942332558741327375e-06,2.146190963685512543e-04,6.412640418673731801e-10,2.118853990396019071e-05,3.237935743527486920e-05,0.000000000000000000e+00,8.953601354733109474e-05,1.783072889338654932e-06,1.127228976827154838e-08
4.200023977318778634e-05,1.036478806781815365e-05,2.270736295031383634e-04,8.368531423386116330e-10,2.437488728901371360e-05,3.528759043547324836e-05,0.000000000000000000e+00,8.928086026571691036e-05,1.783072889338654932e-06,9.381290411170084553e-09
4.722680023405700922e-05,1.328437883785227314e-05,2.432812907500192523e-04,1.072580801952938145e-09,2.806778684316668659e-05,3.773118805838748813e-05,0.000000000000000000e+00,9.614289592718705535e-05,1.783072889338654932e-06,1.220684353597789595e-08
5.598234565695747733e-05,1.868973231466952711e-05,2.755444438662379980e-04,1.509009250888482256e-09,3.359845504746772349e-05,4.308978168410249054e-05,0.000000000000000000e+00,9.738170774653553963e-05,1.783072889338654932e-06,9.553650315297090856e-09
6.857061816845089197e-05,2.623189357109367847e-05,3.129479009658098221e-04,2.117963360248609206e-09,4.023928704555146396e-05,4.822834307560697198e-05,0.000000000000000000e+00,1.104392868001013994e-04,1.783072889338654932e-06,1.395327586806160980e-08
9.062568278750404716e-05,3.962526534451171756e-05,3.889697836712002754e-04,3.199344122961633730e-09,4.943058956996537745e-05,5.809024150948971510e-05,0.000000000000000000e+00,1.210343907587230206e-04,1.783072889338654932e-06,1.059113241552722684e-08
1.228933397214859724e-04,5.877594594494439662e-05,4.911229480057954788e-04,4.745570603148507871e-09,6.060174928279593587e-05,6.731748726451769471e-05,0.000000000000000000e+00,1.500509242760017514e-04,1.783072889338654932e-06,1.822496642489568330e-08
1.819640019675716758e-04,9.425475582247599959e-05,7.005700026638805866e-04,7.610130303703499521e-09,7.694767555221915245e-05,8.467405132250860333e-05,0.000000000000000000e+00,1.765224151313304901e-04,1.783072889338654932e-06,1.379394021228108613e-08
2.632261021062731743e-04,1.430086267646402121e-04,9.614796726964414120e-04,1.154651663171080145e-08,9.485628106631338596e-05,1.004207806545309722e-04,0.000000000000000000e+00,2.406949934083968401e-04,1.783072889338654932e-06,2.714343239063055080e-08
4.232080245856195688e-04,2.358584897592663765e-04,1.545698964037001133e-03,1.904321678125597828e-08,1.222612045239657164e-04,1.294089015573263168e-04,0.000000000000000000e+00,3.277962096035480499e-04,1.783072889338654932e-06,2.382241426346354274e-08
6.301741814240813255e-04,3.632427833508700132e-04,2.194310538470745087e-03,2.932822695811410085e-08,1.520879595773294568e-04,1.561730314278975129e-04,0.000000000000000000e+00,4.750038788188248873e-04,1.783072889338654932e-06,4.869195180390306632e-08
1.081091235391795635e-03,6.185068632476031780e-04,3.916099667549133301e-03,4.993825442056731845e-08,1.989617885556071997e-04,2.056513767456635833e-04,0.000000000000000000e+00,7.097439374774694443e-04,1.783072889338654932e-06,5.124422841618070379e-08
1.532100955955684185e-03,9.153464343398809433e-04,5.127363372594118118e-03,7.390507761328990455e-08,2.413023757981136441e-04,2.436076465528458357e-04,0.000000000000000000e+00,1.040181494317948818e-03,1.783072889338654932e-06,9.839217796070443001e-08
2.625579014420509338e-03,1.506120781414210796e-03,9.582333266735076904e-03,1.216042022633700981e-07,3.106527146883308887e-04,3.171703137923032045e-04,0.000000000000000000e+00,1.612249761819839478e-03,1.783072889338654932e-06,1.189900871167992591e-07
3.253450617194175720e-03,1.990982331335544586e-03,1.052178721874952316e-02,1.607519237722954131e-07,3.559940378181636333e-04,3.570600238163024187e-04,0.000000000000000000e+00,2.102894708514213562e-03,1.783072889338654932e-06,1.893200760605395772e-07
5.375181324779987335e-03,3.041752381250262260e-03,2.018113434314727783e-02,2.455911101151286857e-07,4.420884652063250542e-04,4.484654054976999760e-04,0.000000000000000000e+00,3.153154393658041954e-03,1.783072889338654932e-06,2.374825953666004352e-07
5.336996167898178101e-03,3.355468856170773506e-03,1.638018712401390076e-02,2.709205944029235980e-07,4.611001058947294950e-04,4.613241762854158878e-04,0.000000000000000000e+00,3.435085527598857880e-03,1.783072889338654932e-06,3.016226060026383493e-07
7.554422598332166672e-03,4.185553640127182007e-03,2.938167750835418701e-02,3.379416568805027055e-07,5.180977750569581985e-04,5.245002685114741325e-04,0.000000000000000000e+00,4.307009279727935791e-03,1.783072889338654932e-06,3.272370747708919225e-07
5.411758553236722946e-03,3.523222869262099266e-03,1.545199658721685410e-02,2.844650452971109189e-07,4.712619411293417215e-04,4.716389812529087067e-04,0.000000000000000000e+00,3.433364210650324821e-03,1.783072889338654932e-06,3.015024674368760316e-07
5.073989741504192352e-03,2.694428665563464165e-03,2.093411050736904144e-02,2.175481910171583877e-07,4.151874454692006111e-04,4.216862143948674202e-04,0.000000000000000000e+00,2.861495595425367355e-03,1.783072889338654932e-06,2.151745377432234818e-07
2.284018322825431824e-03,1.523051992990076542e-03,6.154834292829036713e-03,1.229712438544083852e-07,3.107644442934542894e-04,3.131349221803247929e-04,0.000000000000000000e+00,1.454829238355159760e-03,1.783072889338654932e-06,1.341835229595744750e-07
7.823775522410869598e-04,3.645553078968077898e-04,3.683436429128050804e-03,2.943420263079588040e-08,1.504577376181259751e-04,1.573980989633128047e-04,0.000000000000000000e+00,4.947859561070799828e-04,1.783072889338654932e-06,3.609688548067424563e-08
7.316005212487652898e-05,2.183549258916173130e-05,4.097801574971526861e-04,1.762997858811843344e-09,3.691042002174071968e-05,4.717100091511383653e-05,0.000000000000000000e+00,1.034654051181860268e-04,1.783072889338654932e-06,1.292017337561901513e-08
3.291502653155475855e-04,1.678124826867133379e-04,1.353894011117517948e-03,1.354918222062906352e-08,1.025937744998373091e-04,1.077372653526253998e-04,0.000000000000000000e+00,2.594835532363504171e-04,1.783072889338654932e-06,2.907124851958542422e-08
1.235957723110914230e-03,7.597522344440221786e-04,3.988587297499179840e-03,6.134239782795702922e-08,2.173645916627719998e-04,2.238301385659724474e-04,0.000000000000000000e+00,7.734680548310279846e-04,1.783072889338654932e-06,5.639692801651108311e-08
1.999968430027365685e-03,1.120228553190827370e-03,7.506676949560642242e-03,9.044727278251230018e-08,2.669017994776368141e-04,2.686426742002367973e-04,0.000000000000000000e+00,1.290722750127315521e-03,1.783072889338654932e-06,1.201968586883594980e-07
2.980431774631142616e-03,1.769671798683702946e-03,1.044265553355216980e-02,1.428833229510928504e-07,3.357742098160088062e-04,3.420024586375802755e-04,0.000000000000000000e+00,1.664943294599652290e-03,1.783072889338654932e-06,1.232612021340173669e-07
2.366431523114442825e-03,1.462097978219389915e-03,7.619970478117465973e-03,1.180497974928584881e-07,3.046204219572246075e-04,3.067305369768291712e-04,0.000000000000000000e+00,1.423363806679844856e-03,1.783072889338654932e-06,1.314771793659019750e-07
1.896555419079959393e-03,9.995631407946348190e-04,7.988632656633853912e-03,8.070473711541126249e-08,2.530805359128862619e-04,2.592751407064497471e-04,0.000000000000000000e+00,9.812888456508517265e-04,1.783072889338654932e-06,7.165893123328714864e-08
7.613869966007769108e-04,5.164607428014278412e-04,1.989942276850342751e-03,4.169904599393703393e-08,1.786980137694627047e-04,1.845479273470118642e-04,0.000000000000000000e+00,4.593201447278261185e-04,1.783072889338654932e-06,4.708795131591614336e-08
1.538120704935863614e-04,5.064948709332384169e-05,9.051682427525520325e-04,4.089440341914496457e-09,5.462509943754412234e-05,6.203229713719338179e-05,0.000000000000000000e+00,1.264576130779460073e-04,1.783072889338654932e-06,1.174167163497941146e-08
1.264093880308791995e-04,4.831596743315458298e-05,6.349546019919216633e-04,3.901031941921928592e-09,5.155811595614068210e-05,6.204152305144816637e-05,0.000000000000000000e+00,1.459796185372397304e-04,1.783072889338654932e-06,1.248068048909090066e-08
5.284349899739027023e-04,2.813170722220093012e-04,2.071879105642437935e-03,2.271354304639316979e-08,1.340125309070572257e-04,1.382274058414623141e-04,0.000000000000000000e+00,3.992997226305305958e-04,1.783072889338654932e-06,4.189971747337040142e-08
1.121020992286503315e-03,7.066628895699977875e-04,3.458229126408696175e-03,5.705596706206961244e-08,2.113894151989370584e-04,2.176455745939165354e-04,0.000000000000000000e+00,6.853523664176464081e-04,1.783072889338654932e-06,4.990032920204612310e-08
1.321920310147106647e-03,6.881597219035029411e-04,5.533072631806135178e-03,5.556202253842457139e-08,2.100019482895731926e-04,2.129227796103805304e-04,0.000000000000000000e+00,8.045335998758673668e-04,1.783072889338654932e-06,7.790085732040097355e-08
1.482114312238991261e-03,9.225395042449235916e-04,4.829913843423128128e-03,7.448584682379078004e-08,2.430465101497247815e-04,2.486680459696799517e-04,0.000000000000000000e+00,7.658346439711749554e-04,1.783072889338654932e-06,5.572321626345910772e-08
9.793299250304698944e-04,5.641768220812082291e-04,3.615058027207851410e-03,4.555164423436508514e-08,1.901969080790877342e-04,1.946400007000193000e-04,0.000000000000000000e+00,5.364734097383916378e-04,1.783072889338654932e-06,5.421299675845148158e-08
5.364157841540873051e-04,2.819727524183690548e-04,2.263459842652082443e-03,2.276648380927781545e-08,1.344899937976151705e-04,1.400991459377110004e-04,0.000000000000000000e+00,2.809699799399822950e-04,1.783072889338654932e-06,2.096059503742253582e-08
1.433707220712676644e-04,8.229053491959348321e-05,4.702690348494797945e-04,6.644138572653446317e-09,6.986103835515677929e-05,7.928050035843625665e-05,0.000000000000000000e+00,1.405328221153467894e-04,1.783072889338654932e-06,1.667380189473988139e-08
6.347677117446437478e-05,2.323485568922478706e-05,2.901123370975255966e-04,1.875982480470383962e-09,3.516233118716627359e-05,4.403873754199594259e-05,0.000000000000000000e+00,1.123068141168914735e-04,1.783072889338654932e-06,1.330504240115715220e-08
2.725827798712998629e-04,1.288474304601550102e-04,1.230371417477726936e-03,1.040314323574875743e-08,9.125654469244182110e-05,9.745927673066034913e-05,0.000000000000000000e+00,2.069820475298911333e-04,1.783072889338654932e-06,1.610173505639522773e-08
5.455855280160903931e-04,3.086613141931593418e-04,2.035686979070305824e-03,2.492132011866488028e-08,1.398004969814792275e-04,1.455711753806099296e-04,0.000000000000000000e+00,3.335548099130392075e-04,1.783072889338654932e-06,3.581286378562253958e-08
7.651900523342192173e-04,4.608015588019043207e-04,2.641163067892193794e-03,3.720512253835295269e-08,1.716580591164529324e-04,1.771209645085036755e-04,0.000000000000000000e+00,4.027219256386160851e-04,1.783072889338654932e-06,2.941470711448346265e-08
6.490664673037827015e-04,3.478965954855084419e-04,2.624210901558399200e-03,2.808917365371144115e-08,1.495916076237335801e-04,1.548850268591195345e-04,0.000000000000000000e+00,3.874877875205129385e-04,1.783072889338654932e-06,4.076420623277954292e-08
4.557790816761553288e-04,2.660899481270462275e-04,1.617617090232670307e-03,2.148410338520534424e-08,1.295510301133617759e-04,1.351676619378849864e-04,0.000000000000000000e+00,2.792741288430988789e-04,1.783072889338654932e-06,2.092463091685203835e-08
1.792477414710447192e-04,8.641949534649029374e-05,7.582707912661135197e-04,6.977511013417370123e-09,7.434721919707953930e-05,8.156177500495687127e-05,0.000000000000000000e+00,1.700116263236850500e-04,1.783072889338654932e-06,2.010493105331079278e-08
4.603964771376922727e-05,6.446673069149255753e-06,2.986794279422610998e-04,5.205044173450801281e-10,1.766610148479230702e-05,3.179988925694487989e-05,0.000000000000000000e+00,9.725028212415054440e-05,1.783072889338654932e-06,1.032223284624933513e-08
7.696594548178836703e-05,2.202517316618468612e-05,4.442246281541883945e-04,1.778312719302732603e-09,3.677366839838214219e-05,4.430658009368926287e-05,0.000000000000000000e+00,1.051830768119543791e-04,1.783072889338654932e-06,1.041654940081571112e-08
2.051633782684803009e-04,1.166714646387845278e-04,7.242104620672762394e-04,9.420055846476316219e-09,8.524004078935831785e-05,9.348132152808830142e-05,0.000000000000000000e+00,1.607086742296814919e-04,1.783072889338654932e-06,1.904869151303500985e-08
3.331450279802083969e-04,1.701016299193724990e-04,1.407501287758350372e-03,1.373400859705498078e-08,1.052036022883839905e-04,1.109070071834139526e-04,0.000000000000000000e+00,2.229328092653304338e-04,1.783072889338654932e-06,1.698922069692798686e-08
3.279837546870112419e-04,1.829784887377172709e-04,1.217528479173779488e-03,1.477368538616019578e-08,1.066244731191545725e-04,1.133996629505418241e-04,0.000000000000000000e+00,2.325240930076688528e-04,1.783072889338654932e-06,2.621084327358857990e-08
2.541365101933479309e-04,1.359266752842813730e-04,9.895972907543182373e-04,1.097472068778415633e-08,9.335214417660608888e-05,9.972687257686629891e-05,0.000000000000000000e+00,1.925011310959234834e-04,1.783072889338654932e-06,1.506024638331382448e-08
1.298050483455881476e-04,5.327214239514432847e-05,6.154319271445274353e-04,4.301193623490462414e-09,5.787536065327003598e-05,6.497938011307269335e-05,0.000000000000000000e+00,1.498971250839531422e-04,1.783072889338654932e-06,1.800790094819149090e-08
5.299958138493821025e-05,1.534945840830914676e-05,2.742230717558413744e-04,1.239315539081076167e-09,2.954579940706025809e-05,3.937244036933407187e-05,0.000000000000000000e+00,1.022781507344916463e-04,1.783072889338654932e-06,1.034997776372392764e-08
4.329404691816307604e-05,7.746854862489271909e-06,2.616587735246866941e-04,6.254811113493019548e-10,2.066833258140832186e-05,2.968369881273247302e-05,0.000000000000000000e+00,9.381314157508313656e-05,1.783072889338654932e-06,1.047264142073345283e-08
8.626768249087035656e-05,3.165073212585411966e-05,4.299366555642336607e-04,2.555480493882100745e-09,4.480762072489596903e-05,5.430672172224149108e-05,0.000000000000000000e+00,1.162328699138015509e-04,1.783072889338654932e-06,1.429062734814579017e-08
1.500988291809335351e-04,7.083152740960940719e-05,6.530033424496650696e-04,5.718937323706541065e-09,6.696944910800084472e-05,7.352304965024814010e-05,0.000000000000000000e+00,1.396697625750675797e-04,1.783072889338654932e-06,1.190778498028066679e-08
1.855713780969381332e-04,9.654896712163463235e-05,7.219220860861241817e-04,7.795365242202478839e-09,7.778613507980480790e-05,8.493051427649334073e-05,0.000000000000000000e+00,1.683019654592499137e-04,1.783072889338654932e-06,1.990871467683064111e-08
1.873503060778602958e-04,8.802307274891063571e-05,8.237343863584101200e-04,7.106983446192316478e-09,7.457891479134559631e-05,8.156934200087562203e-05,0.000000000000000000e+00,1.695379614830017090e-04,1.783072889338654932e-06,1.360753376644652235e-08
1.401950430590659380e-04,6.957142613828182220e-05,5.576118128374218941e-04,5.617197817997521270e-09,6.587913958355784416e-05,7.344194455072283745e-05,0.000000000000000000e+00,1.486243418185040355e-04,1.783072889338654932e-06,1.788425940674187586e-08
9.190900163957849145e-05,3.459978324826806784e-05,4.512908926699310541e-04,2.793586695304384193e-09,4.654490112443454564e-05,5.468404560815542936e-05,0.000000000000000000e+00,1.218012475874274969e-04,1.783072889338654932e-06,1.094846346916256152e-08
5.327592225512489676e-05,1.348867408523801714e-05,2.939431287813931704e-04,1.089075829519003946e-09,2.842428693838883191e-05,3.839025885099545121e-05,0.000000000000000000e+00,1.039293274516239762e-04,1.783072889338654932e-06,1.282101536048685375e-08
3.539956378517672420e-05,3.303746780147776008e-06,2.291545097250491381e-04,2.667445708759430545e-10,1.094177241611760110e-05,2.724913611018564552e-05,0.000000000000000000e+00,9.180365304928272963e-05,1.783072889338654932e-06,1.028885776577226352e-08
3.874996400554664433e-05,5.718446573155233636e-06,2.374329051235690713e-04,4.617074500501416878e-10,1.692056684987619519e-05,2.895550824177917093e-05,0.000000000000000000e+00,9.288228466175496578e-05,1.783072889338654932e-06,1.019272666269444017e-08
5.658345980918966234e-05,1.432934641343308613e-05,3.169020637869834900e-04,1.156951534575512142e-09,2.941329148598015308e-05,3.888488572556525469e-05,0.000000000000000000e+00,1.056390392477624118e-04,1.783072889338654932e-06,1.306069474793503105e-08
8.017609070520848036e-05,3.157781611662358046e-05,3.749836178030818701e-04,2.549593203227118465e-09,4.417280433699488640e-05,5.232977491687051952e-05,0.000000000000000000e+00,1.109991280827671289e-04,1.783072889338654932e-06,1.043452169113834316e-08
9.641898941481485963e-05,3.989208562416024506e-05,4.387932713143527508e-04,3.220887556665275042e-09,4.994940900360234082e-05,5.789157148683443666e-05,0.000000000000000000e+00,1.264757156604900956e-04,1.783072889338654932e-06,1.553187090053143038e-08
1.024970479193143547e-04,4.154075941187329590e-05,4.839211469516158104e-04,3.354001520960991911e-09,5.098720794194377959e-05,5.857865471625700593e-05,0.000000000000000000e+00,1.256417162949219346e-04,1.783072889338654932e-06,1.105664715339571558e-08
9.165160736301913857e-05,3.991607081843540072e-05,3.976081497967243195e-04,3.222824229709431165e-09,4.997809810447506607e-05,5.842478640261106193e-05,0.000000000000000000e+00,1.197472083731554449e-04,1.783072889338654932e-06,1.477959266082962131e-08
7.542868115706369281e-05,2.526296157157048583e-05,3.930213861167430878e-04,2.039731716863002475e-09,3.939868111046962440e-05,4.807779623661190271e-05,0.000000000000000000e+00,1.086357806343585253e-04,1.783072889338654932e-06,1.026028861872418929e-08
5.654283449985086918e-05,1.764420267136301845e-05,2.866088179871439934e-04,1.424593221166503554e-09,3.295953865745104849e-05,4.259580964571796358e-05,0.000000000000000000e+00,1.023774821078404784e-04,1.783072889338654932e-06,1.272934113671908563e-08
4.293754318496212363e-05,8.172818525054026395e-06,2.548777847550809383e-04,6.598734336726863603e-10,2.139456955774221569e-05,3.271417153882794082e-05,0.000000000000000000e+00,9.276942000724375248e-05,1.783072889338654932e-06,9.853030391582251468e-09
3.476896745269186795e-05,3.426612920520710759e-06,2.234339772257953882e-04,2.766647744234518314e-10,1.228249220730504021e-05,2.824900184350553900e-05,0.000000000000000000e+00,8.998956764116883278e-05,1.783072889338654932e-06,1.084636380710435333e-08
3.233098323107697070e-05,2.186528945458121598e-06,2.131066139554604888e-04,1.765403656595054827e-10,7.305312010430498049e-06,2.586040318419691175e-05,0.000000000000000000e+00,8.833793981466442347e-05,1.783072889338654932e-06,1.038829289257137134e-08
3.429541902733035386e-05,3.960185949836159125e-06,2.148174098692834377e-04,3.197454523373721713e-10,1.309824074269272387e-05,2.854352169379126281e-05,0.000000000000000000e+00,8.853492909111082554e-05,1.783072889338654932e-06,9.933938116546414676e-09
3.936675057047978044e-05,6.035466867615468800e-06,2.403752587269991636e-04,4.873036418828746719e-10,1.786544271453749388e-05,3.005753933393862098e-05,0.000000000000000000e+00,9.293756011174991727e-05,1.783072889338654932e-06,1.149089356999866141e-08
4.676878234022296965e-05,1.143088593380525708e-05,2.596857375465333462e-04,9.229298436608246448e-10,2.596837475721258670e-05,3.602893048082478344e-05,0.000000000000000000e+00,9.369319741381332278e-05,1.783072889338654932e-06,9.700222847186523722e-09
5.481944754137657583e-05,1.636819797568023205e-05,2.854565100278705359e-04,1.321568521284177677e-09,3.149650001432746649e-05,4.143525075051002204e-05,0.000000000000000000e+00,9.905598562909290195e-05,1.783072889338654932e-06,1.238855951157802338e-08
6.322078115772455931e-05,2.041151492448989302e-05,3.294359776191413403e-04,1.648025826916921233e-09,3.551595727913081646e-05,4.383837585919536650e-05,0.000000000000000000e+00,9.865664469543844461e-05,1.783072889338654932e-06,9.775703802006319165e-09
6.860183930257335305e-05,2.562079316703602672e-05,3.257803618907928467e-04,2.068623272677427849e-09,3.999299951829016209e-05,4.937340418109670281e-05,0.000000000000000000e+00,1.040300703607499599e-04,1.783072889338654932e-06,1.303614993730661809e-08
7.294464012375101447e-05,2.692545058380346745e-05,3.584066580515354872e-04,2.173961233253862702e-09,4.093177267350256443e-05,4.833153070649132133e-05,0.000000000000000000e+00,1.017852919176220894e-04,1.783072889338654932e-06,9.853336813137048011e-09
7.294213719433173537e-05,2.725938429648522288e-05,3.519098099786788225e-04,2.200923221451489553e-09,4.151255780016072094e-05,5.099494956084527075e-05,0.000000000000000000e+00,1.049177371896803379e-04,1.783072889338654932e-06,1.317243025766856590e-08
7.163349800975993276e-05,2.748022234300151467e-05,3.395534295123070478e-04,2.218753403226969567e-09,4.144091508351266384e-05,4.893065488431602716e-05,0.000000000000000000e+00,1.019793126033619046e-04,1.783072889338654932e-06,9.861913952136092121e-09
6.595757440663874149e-05,2.210020466009154916e-05,3.337684611324220896e-04,1.784370873281204695e-09,3.708221993292681873e-05,4.629048271453939378e-05,0.000000000000000000e+00,1.048051926773041487e-04,1.783072889338654932e-06,1.317919817722668085e-08
6.016375482431612909e-05,2.059226062556263059e-05,2.973006630782037973e-04,1.662619264486409065e-09,3.552964335540309548e-05,4.412859925650991499e-05,0.000000000000000000e+00,9.841426799539476633e-05,1.783072889338654932e-06,9.730419137099488580e-09
5.266317020868882537e-05,1.488719317421782762e-05,2.785567194223403931e-04,1.201992172461530117e-09,2.999962634930852801e-05,3.956682485295459628e-05,0.000000000000000000e+00,9.920301090460270643e-05,1.783072889338654932e-06,1.250370118555110821e-08
4.668685869546607137e-05,1.177000831376062706e-05,2.564797759987413883e-04,9.503106079833401054e-10,2.617101927171461284e-05,3.714276317623443902e-05,0.000000000000000000e+00,9.268870053347200155e-05,1.783072889338654932e-06,9.545121137932710553e-09
4.158502270001918077e-05,9.195557140628807247e-06,2.312010765308514237e-04,7.424494352648025597e-10,2.288295036123599857e-05,3.298459341749548912e-05,0.000000000000000000e+00,9.269358997698873281e-05,1.783072889338654932e-06,1.164411855825164821e-08
3.775393997784703970e-05,6.338603270705789328e-06,2.264400391140952706e-04,5.117789525499460979e-10,1.815965151763521135e-05,3.211102011846378446e-05,0.000000000000000000e+00,8.771330612944439054e-05,1.783072889338654932e-06,9.491913033343735151e-09
3.443878449616022408e-05,4.901904048892902210e-06,2.079753321595489979e-04,3.957797978237920233e-10,1.560937016620300710e-05,2.887931623263284564e-05,0.000000000000000000e+00,8.739346230868250132e-05,1.783072889338654932e-06,1.084806644513491847e-08
3.201193612767383456e-05,3.302342520328238606e-06,2.021593827521428466e-04,2.666311615939775947e-10,1.119410990213509649e-05,2.850526652764528990e-05,0.000000000000000000e+00,8.493655332131311297e-05,1.783072889338654932e-06,9.552341140306452871e-09
3.044816548936069012e-05,2.424433887426857837e-06,1.958519860636442900e-04,1.957488060533307817e-10,8.249991878983564675e-06,2.631830102473031729e-05,0.000000000000000000e+00,8.438531949650496244e-05,1.783072889338654932e-06,1.026276486015831324e-08
2.978016709676012397e-05,2.115079723807866685e-06,1.932253071572631598e-04,1.707715635568263224e-10,6.534239673783304170e-06,2.650003079907037318e-05,0.000000000000000000e+00,8.342557703144848347e-05,1.783072889338654932e-06,9.923756039142972440e-09
2.991263136209454387e-05,2.291556484124157578e-06,1.929233840201050043e-04,1.850202768771680439e-10,7.367757461906876415e-06,2.711557863221969455e-05,0.000000000000000000e+00,8.328735566465184093e-05,1.783072889338654932e-06,9.771089715115977015e-09
3.043250399059616029e-05,2.560107304816483520e-06,1.948910794453695416e-04,2.067030852037632371e-10,8.798648195806890726e-06,2.606756061140913516e-05,0.000000000000000000e+00,8.383288513869047165e-05,1.783072889338654932e-06,1.020608308976989065e-08
3.104065399384126067e-05,3.104327788605587557e-06,1.959977817023172975e-04,2.506434504390142592e-10,1.055392567650415003e-05,2.796063199639320374e-05,0.000000000000000000e+00,8.336547762155532837e-05,1.783072889338654932e-06,9.558790203811895481e-09
3.174671292072162032e-05,3.471119953246670775e-06,1.977081119548529387e-04,2.802582610428316912e-10,1.207508375955512747e-05,2.750733983702957630e-05,0.000000000000000000e+00,8.504782454110682011e-05,1.783072889338654932e-06,1.055199305710630142e-08
3.268369982833974063e-05,4.023240308015374467e-06,2.028521121246740222e-04,3.248364910390932891e-10,1.338908714387798682e-05,2.883349043258931488e-05,0.000000000000000000e+00,8.375247125513851643e-05,1.783072889338654932e-06,9.421182056712495978e-09
3.379179543117061257e-05,4.926369911117944866e-06,2.037942758761346340e-04,3.977551343847807175e-10,1.562374382046982646e-05,2.925406261056195945e-05,0.000000000000000000e+00,8.485995931550860405e-05,1.783072889338654932e-06,1.056037834956669030e-08
3.492884934530593455e-05,5.605101705441484228e-06,2.094989322358742356e-04,4.525559926804589850e-10,1.709999560262076557e-05,3.027004095201846212e-05,0.000000000000000000e+00,8.373853052034974098e-05,1.783072889338654932e-06,9.359528263530592085e-09
3.592434222809970379e-05,6.094684977142605931e-06,2.122505102306604385e-04,4.920849283607253710e-10,1.820938450691755861e-05,3.110211400780826807e-05,0.000000000000000000e+00,8.604604227002710104e-05,1.783072889338654932e-06,1.080428546629264019e-08
3.701788227772340178e-05,7.174437541834777221e-06,2.143273741239681840e-04,5.792641921686936257e-10,1.986334609682671726e-05,3.155766898998990655e-05,0.000000000000000000e+00,8.410707232542335987e-05,1.783072889338654932e-06,9.297205671998653997e-09
3.825494059128686786e-05,7.536837529187323526e-06,2.210005040979012847e-04,6.085243420272945514e-10,2.077577300951816142e-05,3.247845597798004746e-05,0.000000000000000000e+00,8.618053107056766748e-05,1.783072889338654932e-06,1.085346212903459673e-08
4.017465107608586550e-05,9.125042197410948575e-06,2.248656237497925758e-04,7.367559895499198319e-10,2.288213909196201712e-05,3.367298268130980432e-05,0.000000000000000000e+00,8.563043957110494375e-05,1.783072889338654932e-06,9.237751008583927614e-09
4.190853724139742553e-05,9.769390089786611497e-06,2.313382865395396948e-04,7.887805963946448173e-10,2.389435576333198696e-05,3.466513226157985628e-05,0.000000000000000000e+00,9.005318133858963847e-05,1.783072889338654932e-06,1.146784711636428256e-08
4.348035508883185685e-05,1.106838590203551576e-05,2.368800778640434146e-04,8.936615891741439555e-10,2.535951716708950698e-05,3.596768874558620155e-05,0.000000000000000000e+00,8.723959035705775023e-05,1.783072889338654932e-06,9.210824103433878918e-09
4.392593109514564276e-05,1.129962492996128276e-05,2.356918848818168044e-04,9.123318212012065942e-10,2.588132883829530329e-05,3.583778379834257066e-05,0.000000000000000000e+00,9.057113493327051401e-05,1.783072889338654932e-06,1.155779294492731424e-08
4.389350579003803432e-05,1.121592868003062904e-05,2.379951329203322530e-04,9.055741712060694226e-10,2.548940756241790950e-05,3.652560189948417246e-05,0.000000000000000000e+00,8.878062362782657146e-05,1.783072889338654932e-06,9.203644957267442805e-09
4.279127097106538713e-05,1.079729008779395372e-05,2.294053701916709542e-04,8.717733201990540692e-10,2.505584598111454397e-05,3.499349259072914720e-05,0.000000000000000000e+00,9.053440589923411608e-05,1.783072889338654932e-06,1.158132789669252816e-08
4.144936247030273080e-05,9.993761523219291121e-06,2.282216446474194527e-04,8.068964385543608842e-10,2.394237162661738694e-05,3.547466621967032552e-05,0.000000000000000000e+00,8.633435936644673347e-05,1.783072889338654932e-06,9.157281155580676568e-09
3.917606954928487539e-05,8.599866305303294212e-06,2.180229494115337729e-04,6.943532970815624594e-10,2.211945684393867850e-05,3.255325646023266017e-05,0.000000000000000000e+00,8.773907757131382823e-05,1.783072889338654932e-06,1.119515502523427131e-08
3.740299507626332343e-05,7.758931133139412850e-06,2.120603749062865973e-04,6.264561647206789985e-10,2.047943235083948821e-05,3.322597331134602427e-05,0.000000000000000000e+00,8.438025543000549078e-05,1.783072889338654932e-06,9.130145528501998342e-09
3.629544517025351524e-05,6.854066214145859703e-06,2.087180473608896136e-04,5.533973834737082598e-10,1.937162596732378006e-05,3.089358506258577108e-05,0.000000000000000000e+00,8.569573401473462582e-05,1.783072889338654932e-06,1.091261037089452657e-08
3.645073229563422501e-05,7.225638455565785989e-06,2.093663933919742703e-04,5.833981076008853961e-10,1.985123526537790895e-05,3.230181391700170934e-05,0.000000000000000000e+00,8.288455137517303228e-05,1.783072889338654932e-06,9.110814325197225116e-09
3.756723162950947881e-05,7.771863238303922117e-06,2.124988532159477472e-04,6.275003294753389582e-10,2.090662019327282906e-05,3.227570778108201921e-05,0.000000000000000000e+00,8.545484161004424095e-05,1.783072889338654932e-06,1.089390000430512373e-08
3.975595609517768025e-05,9.282521205022931099e-06,2.208520891144871712e-04,7.494708742505906685e-10,2.307168506376910955e-05,3.390104393474757671e-05,0.000000000000000000e+00,8.388226706301793456e-05,1.783072889338654932e-06,9.065105999184197572e-09
4.248324694344773889e-05,1.082208200386958197e-05,2.297397586517035961e-04,8.737750523124532265e-10,2.551316174503881484e-05,3.647420453489758074e-05,0.000000000000000000e+00,8.687187073519453406e-05,1.783072889338654932e-06,1.112048853002534088e-08
4.612335033016279340e-05,1.323755714111030102e-05,2.435257192701101303e-04,1.068800492554089487e-09,2.817871245497372001e-05,3.709493830683641136e-05,0.000000000000000000e+00,8.533222717233002186e-05,1.783072889338654932e-06,9.039117898623771907e-09
4.973604882252402604e-05,1.541078199807088822e-05,2.533200022298842669e-04,1.244266800703996978e-09,3.081007525906898081e-05,4.124264523852616549e-05,0.000000000000000000e+00,8.993266237666830420e-05,1.783072889338654932e-06,1.156909235078273923e-08
5.436038190964609385e-05,1.839769720390904695e-05,2.713677822612226009e-04,1.485430445313795644e-09,3.370135527802631259e-05,4.168241139268502593e-05,0.000000000000000000e+00,8.825902477838099003e-05,1.783072889338654932e-06,9.068592987659940263e-09
5.812896051793359220e-05,2.056341327261179686e-05,2.822523820213973522e-04,1.660290127603047949e-09,3.576772360247559845e-05,4.565737617667764425e-05,0.000000000000000000e+00,9.340309770777821541e-05,1.783072889338654932e-06,1.203711796904372022e-08
6.256857159314677119e-05,2.340359606023412198e-05,2.999518183059990406e-04,1.889606471294769108e-09,3.808712426689453423e-05,4.577620347845368087e-05,0.000000000000000000e+00,9.169795521302148700e-05,1.783072889338654932e-06,9.143366952457654406e-09
6.483521428890526295e-05,2.447783845127560198e-05,3.056633286178112030e-04,1.976340868736770062e-09,3.917087815352715552e-05,4.844798604608513415e-05,0.000000000000000000e+00,9.791043703444302082e-05,1.783072889338654932e-06,1.261213533609861770e-08
6.751432374585419893e-05,2.635087548696901649e-05,3.167798859067261219e-04,2.127570120080690685e-09,4.036987593281082809e-05,4.839487883145920932e-05,0.000000000000000000e+00,9.485460032010450959e-05,1.783072889338654932e-06,9.235904485649371054e-09
6.703507096972316504e-05,2.583262903499417007e-05,3.117615124210715294e-04,2.085726480416383311e-09,4.008044197689741850e-05,4.893740333500318229e-05,0.000000000000000000e+00,1.002628850983455777e-04,1.783072889338654932e-06,1.290935802700232671e-08
6.567630043718963861e-05,2.505067277525085956e-05,3.098859451711177826e-04,2.022591649719629459e-09,3.926583667634986341e-05,4.773849650518968701e-05,0.000000000000000000e+00,9.637034236220642924e-05,1.783072889338654932e-06,9.284676139031944331e-09
6.059100996935740113e-05,2.202643554483074695e-05,2.869137679226696491e-04,1.778414637776393192e-09,3.681747330119833350e-05,4.546792115434072912e-05,0.000000000000000000e+00,9.873197268461808562e-05,1.783072889338654932e-06,1.273436822657458833e-08
5.585818144027143717e-05,1.930494909174740314e-05,2.739484771154820919e-04,1.558681850255538848e-09,3.418140113353729248e-05,4.361932587926276028e-05,0.000000000000000000e+00,9.158386092167347670e-05,1.783072889338654932e-06,9.099618836216905038e-09
5.059953764430247247e-05,1.612934465811122209e-05,2.518605615478008986e-04,1.302283503257228858e-09,3.128307434963062406e-05,4.018995969090610743e-05,0.000000000000000000e+00,9.284137195209041238e-05,1.783072889338654932e-06,1.202204380490456970e-08
4.704603270511142910e-05,1.408997195539996028e-05,2.414078917354345322e-04,1.137624439095930029e-09,2.884742934838868678e-05,3.913907494279555976e-05,0.000000000000000000e+00,8.815270848572254181e-05,1.783072889338654932e-06,8.988723543268406502e-09
4.399033423396758735e-05,1.219299338117707521e-05,2.286906383233144879e-04,9.844624004884394708e-10,2.684853825485333800e-05,3.632385778473690152e-05,0.000000000000000000e+00,8.928276656661182642e-05,1.783072889338654932e-06,1.157547124819302553e-08
4.264308518031612039e-05,1.159955536422785372e-05,2.261106710648164153e-04,9.365482833700866649e-10,2.603110442578326911e-05,3.691361052915453911e-05,0.000000000000000000e+00,8.432463801000267267e-05,1.783072889338654932e-06,8.899197823097892979e-09
4.216945671942085028e-05,1.115553550334880129e-05,2.232039696536958218e-04,9.006981271930669664e-10,2.566145485616289079e-05,3.559895776561461389e-05,0.000000000000000000e+00,8.693522977409884334e-05,1.783072889338654932e-06,1.127057025485100894e-08
4.331355376052670181e-05,1.203711326525080949e-05,2.279793989146128297e-04,9.718765792143813087e-10,2.656215110619086772e-05,3.668377030408009887e-05,0.000000000000000000e+00,8.478503150399774313e-05,1.783072889338654932e-06,8.870802759020079975e-09
4.533080937108024955e-05,1.301945485465694219e-05,2.349226997466757894e-04,1.051190912093602492e-09,2.811560079862829298e-05,3.854842725559137762e-05,0.000000000000000000e+00,8.819085633149370551e-05,1.783072889338654932e-06,1.145035710692354769e-08
4.884130976279266179e-05,1.548560976516455412e-05,2.488897007424384356e-04,1.250308301337099692e-09,3.073325206059962511e-05,3.922872565453872085e-05,0.000000000000000000e+00,8.466728468192741275e-05,1.783072889338654932e-06,8.853323407720381510e-09
5.244516796665266156e-05,1.774757765815593302e-05,2.582797606009989977e-04,1.432939655821030556e-09,3.318970266263931990e-05,4.328969225753098726e-05,0.000000000000000000e+00,8.869613520801067352e-05,1.783072889338654932e-06,1.152615514143917608e-08
5.760643034591339529e-05,2.093526381941046566e-05,2.788427809718996286e-04,1.690313444768776208e-09,3.595375164877623320e-05,4.368959707790054381e-05,0.000000000000000000e+00,8.786885882727801800e-05,1.783072889338654932e-06,8.911222870722212974e-09
6.195703463163226843e-05,2.359888821956701577e-05,2.896228688769042492e-04,1.905374524824310356e-09,3.842532896669581532e-05,4.813636405742727220e-05,0.000000000000000000e+00,9.395857341587543488e-05,1.783072889338654932e-06,1.220877265950548463e-08
6.796990055590867996e-05,2.733209839789196849e-05,3.149526892229914665e-04,2.206793858761102456e-09,4.129037552047520876e-05,4.860928675043396652e-05,0.000000000000000000e+00,9.142528870142996311e-05,1.783072889338654932e-06,9.011593249397265026e-09
7.321686280192807317e-05,3.014166031789500266e-05,3.309023450128734112e-04,2.433637957821588316e-09,4.362619074527174234e-05,5.277615127852186561e-05,0.000000000000000000e+00,9.984965436160564423e-05,1.783072889338654932e-06,1.293043894179390918e-08
8.133929077303037047e-05,3.520529935485683382e-05,3.611584543250501156e-04,2.842476254372172662e-09,4.694154267781414092e-05,5.435142156784422696e-05,0.000000000000000000e+00,1.001814380288124084e-04,1.783072889338654932e-06,9.344827134327715612e-09
8.873673505149781704e-05,3.940632450394332409e-05,3.830304194707423449e-04,3.181667151963551987e-09,4.976817581336945295e-05,5.806729313917458057e-05,0.000000000000000000e+00,1.102737223845906556e-04,1.783072889338654932e-06,1.413271188965836700e-08
1.041026916936971247e-04,4.832930426346138120e-05,4.444298974703997374e-04,3.902108414166605144e-09,5.510761548066511750e-05,6.264453986659646034e-05,0.000000000000000000e+00,1.133039913838729262e-04,1.783072889338654932e-06,9.968387004732903733e-09
1.228825422003865242e-04,5.981065623927861452e-05,4.963351530022919178e-04,4.829113109394711500e-09,6.144868530100211501e-05,6.880836735945194960e-05,0.000000000000000000e+00,1.343836775049567223e-04,1.783072889338654932e-06,1.673652505473910423e-08
1.573116169311106205e-04,7.988567813299596310e-05,6.258717039600014687e-04,6.449970335609123140e-09,7.089117571013048291e-05,7.832868868717923760e-05,0.000000000000000000e+00,1.483875967096537352e-04,1.783072889338654932e-06,1.192404042171801848e-08
1.926103432197123766e-04,1.019128321786411107e-04,7.267423206940293312e-04,8.228442816005099303e-09,8.009036537259817123e-05,8.642133616376668215e-05,0.000000000000000000e+00,1.802327751647680998e-04,1.783072889338654932e-06,2.138111909744111472e-08
2.502812130842357874e-04,1.346220815321430564e-04,9.523513726890087128e-04,1.086938894445665937e-08,9.239649807568639517e-05,9.959747694665566087e-05,0.000000000000000000e+00,2.042398264165967703e-04,1.783072889338654932e-06,1.540197835936396586e-08
3.024066681973636150e-04,1.676363463047891855e-04,1.092025311663746834e-03,1.353496070777282512e-08,1.029295963235199451e-04,1.085674521164037287e-04,0.000000000000000000e+00,2.556777326390147209e-04,1.783072889338654932e-06,2.863123782503862458e-08
4.091830051038414240e-04,2.278561441926285625e-04,1.510223024524748325e-03,1.839710606077460398e-08,1.202298153657466173e-04,1.272179797524586320e-04,0.000000000000000000e+00,3.030456427950412035e-04,1.783072889338654932e-06,2.201627324893706827e-08
5.063567659817636013e-04,2.925558364950120449e-04,1.765330554917454720e-03,2.362096118702083913e-08,1.360940077574923635e-04,1.407359814038500190e-04,0.000000000000000000e+00,3.726784780155867338e-04,1.783072889338654932e-06,3.947730320419395866e-08
7.326554041355848312e-04,4.163229605183005333e-04,2.689350163564085960e-03,3.361392231227000593e-08,1.628893951419740915e-04,1.695518003543838859e-04,0.000000000000000000e+00,4.739747673738747835e-04,1.783072889338654932e-06,3.404117876470991177e-08
9.500024607405066490e-04,5.615745903924107552e-04,3.246698062866926193e-03,4.534154030011450232e-08,1.892124128062278032e-04,1.927962584886699915e-04,0.000000000000000000e+00,6.375802913680672646e-04,1.783072889338654932e-06,6.322345313947153045e-08
1.497682416811585426e-03,8.566724136471748352e-04,5.523041822016239166e-03,6.916774708543016459e-08,2.344017702853307128e-04,2.406781568424776196e-04,0.000000000000000000e+00,8.870583842508494854e-04,1.783072889338654932e-06,6.429115018136144499e-08
1.909309183247387409e-03,1.155937439762055874e-03,6.371136289089918137e-03,9.333039940884191310e-08,2.717425522860139608e-04,2.741570351645350456e-04,0.000000000000000000e+00,1.162580214440822601e-03,1.783072889338654932e-06,1.090001404691065545e-07
3.128954209387302399e-03,1.788219204172492027e-03,1.170598622411489487e-02,1.443808343992714072e-07,3.390844212844967842e-04,3.450803924351930618e-04,0.000000000000000000e+00,1.701363129541277885e-03,1.783072889338654932e-06,1.257387225450656842e-07
3.637605346739292145e-03,2.250331453979015350e-03,1.175060868263244629e-02,1.816917887254021480e-07,3.790688933804631233e-04,3.805573214776813984e-04,0.000000000000000000e+00,2.122130477800965309e-03,1.783072889338654932e-06,1.909625382268131943e-07
5.772494245320558548e-03,3.260442754253745079e-03,2.213605120778083801e-02,2.632481823638954666e-07,4.582671972457319498e-04,4.640073457267135382e-04,0.000000000000000000e+00,2.984464168548583984e-03,1.783072889338654932e-06,2.244208019419602351e-07
5.333975888788700104e-03,3.400998655706644058e-03,1.629968918859958649e-02,2.745966867223614827e-07,4.646804882213473320e-04,4.656596574932336807e-04,0.000000000000000000e+00,3.030081978067755699e-03,1.783072889338654932e-06,2.676296162462676875e-07
6.959466729313135147e-03,3.837581723928451538e-03,2.778338827192783356e-02,3.098463707829068881e-07,4.967290442436933517e-04,5.024771671742200851e-04,0.000000000000000000e+00,3.435457125306129456e-03,1.783072889338654932e-06,2.594745467376924353e-07
4.532446153461933136e-03,2.983226673677563667e-03,1.288734469562768936e-02,2.408657451269391458e-07,4.346746427472680807e-04,4.361285828053951263e-04,0.000000000000000000e+00,2.604849636554718018e-03,1.783072889338654932e-06,2.318625149655417772e-07
3.581784665584564209e-03,1.874908106401562691e-03,1.523791067302227020e-02,1.513800924612951349e-07,3.461435553617775440e-04,3.521828912198543549e-04,0.000000000000000000e+00,1.830854918807744980e-03,1.783072889338654932e-06,1.359523196242662380e-07
1.396404346451163292e-03,9.290379821322858334e-04,3.828899469226598740e-03,7.501053289615811082e-08,2.439041272737085819e-04,2.475653891451656818e-04,0.000000000000000000e+00,8.447646396234631538e-04,1.783072889338654932e-06,8.160024123071707436e-08
3.009317733813077211e-04,1.252601796295493841e-04,1.519805751740932465e-03,1.011350914126296630e-08,8.646563946967944503e-05,9.408698679180815816e-05,0.000000000000000000e+00,2.369102585362270474e-04,1.783072889338654932e-06,1.809217842207999638e-08
1.108210635720752180e-04,4.642484054784290493e-05,5.519320839084684849e-04,3.748342081166811113e-09,5.044017962063662708e-05,5.735653394367545843e-05,0.000000000000000000e+00,9.203015360981225967e-05,1.783072889338654932e-06,1.002582195042123203e-08
7.269543129950761795e-04,3.986748633906245232e-04,2.907108981162309647e-03,3.218901412083141622e-08,1.604849967407062650e-04,1.663402945268899202e-04,0.000000000000000000e+00,3.756851656362414360e-04,1.783072889338654932e-06,3.993208252950353199e-08
1.834118273109197617e-03,1.133944722823798656e-03,6.115622818470001221e-03,9.155470337418591953e-08,2.679228200577199459e-04,2.731936401687562466e-04,0.000000000000000000e+00,8.861125679686665535e-04,1.783072889338654932e-06,6.468832225436926819e-08
2.303373999893665314e-03,1.347705023363232613e-03,8.331121876835823059e-03,1.088137224769525346e-07,2.936408855020999908e-04,2.963000442832708359e-04,0.000000000000000000e+00,1.225567189976572990e-03,1.783072889338654932e-06,1.146365775639424101e-07
2.943060128018260002e-03,1.703558373264968395e-03,1.097760908305644989e-02,1.375453138052762370e-07,3.304926212877035141e-04,3.362299466971307993e-04,0.000000000000000000e+00,1.417407533153891563e-03,1.783072889338654932e-06,1.044300432795353117e-07
2.023380249738693237e-03,1.287694089114665985e-03,6.117712706327438354e-03,1.039684320858214051e-07,2.851723984349519014e-04,2.877875813283026218e-04,0.000000000000000000e+00,1.239149132743477821e-03,1.783072889338654932e-06,1.156561921789034386e-07
1.317068701609969139e-03,6.681551458314061165e-04,5.703304428607225418e-03,5.394685587134517846e-08,2.057488018181174994e-04,2.127638581441715360e-04,0.000000000000000000e+00,7.858308963477611542e-04,1.783072889338654932e-06,5.714528938938201463e-08
4.200366383884102106e-04,2.863593690562993288e-04,1.013070344924926758e-03,2.312065916498795559e-08,1.310979569097980857e-04,1.365057105431333184e-04,0.000000000000000000e+00,3.237022901885211468e-04,1.783072889338654932e-06,3.486947264264017576e-08
1.178113452624529600e-04,5.709472316084429622e-05,5.073769134469330311e-04,4.609828518908898332e-09,5.465866343001835048e-05,6.759433017577975988e-05,0.000000000000000000e+00,9.978932939702644944e-05,1.783072889338654932e-06,1.027552798404940404e-08
3.929798840545117855e-04,2.393649629084393382e-04,1.384378410875797272e-03,1.932633075796275079e-08,1.212349889101460576e-04,1.254304370377212763e-04,0.000000000000000000e+00,1.517706841696053743e-04,1.783072889338654932e-06,1.266845028879970414e-08
9.034466347657144070e-04,4.908108967356383801e-04,3.686877898871898651e-03,3.962807682000857312e-08,1.782981998985633254e-04,1.837522868299856782e-04,0.000000000000000000e+00,4.394792194943875074e-04,1.783072889338654932e-06,4.562379274375416571e-08
1.473448472097516060e-03,9.354612557217478752e-04,4.643420688807964325e-03,7.552915803898940794e-08,2.444030542392283678e-04,2.495909284334629774e-04,0.000000000000000000e+00,7.364516495727002621e-04,1.783072889338654932e-06,5.365620481256883068e-08
1.349625061266124249e-03,7.353092660196125507e-04,5.350155290216207504e-03,5.936888314295174496e-08,2.171551604988053441e-04,2.202894393121823668e-04,0.000000000000000000e+00,7.930030114948749542e-04,1.783072889338654932e-06,7.700108284325324348e-08
1.168425893411040306e-03,7.003387436270713806e-04,4.011763725429773331e-03,5.654535684129768924e-08,2.115588722517713904e-04,2.179844741476699710e-04,0.000000000000000000e+00,6.691070739179849625e-04,1.783072889338654932e-06,4.849349366509159154e-08
5.858741933479905128e-04,3.473549732007086277e-04,1.930786063894629478e-03,2.804544330103908578e-08,1.471683208364993334e-04,1.511458831373602152e-04,0.000000000000000000e+00,4.544064286164939404e-04,1.783072889338654932e-06,4.691752764074408333e-08
2.325533569091930985e-04,1.167559603345580399e-04,9.470286895520985126e-04,9.426877056739613181e-09,8.137604891089722514e-05,9.115885768551379442e-05,0.000000000000000000e+00,2.109453489538282156e-04,1.783072889338654932e-06,1.630304069522026111e-08
1.515462936367839575e-04,8.989694470074027777e-05,5.206355708651244640e-04,7.258280643185344161e-09,6.714915070915594697e-05,7.255158561747521162e-05,0.000000000000000000e+00,9.585776570020243526e-05,1.783072889338654932e-06,1.145989081408060883e-08
3.028179635293781757e-04,1.852991990745067596e-04,1.039942144416272640e-03,1.496105994647223270e-08,1.065098185790702701e-04,1.161101099569350481e-04,0.000000000000000000e+00,1.352454128209501505e-04,1.783072889338654932e-06,1.651581271744362311e-08
5.391862941905856133e-04,3.105688665527850389e-04,2.046903362497687340e-03,2.507533380935456080e-08,1.419068139512091875e-04,1.467857364332303405e-04,0.000000000000000000e+00,2.392707974649965763e-04,1.783072889338654932e-06,1.809152117004941829e-08
6.045316695235669613e-04,3.359382390044629574e-04,2.310202224180102348e-03,2.712365443358066841e-08,1.461827632738277316e-04,1.513548922957852483e-04,0.000000000000000000e+00,3.757320519071072340e-04,1.783072889338654932e-06,3.982904672739095986e-08
6.052252720110118389e-04,3.606762329582124949e-04,2.044354565441608429e-03,2.912100249830018583e-08,1.507723354734480381e-04,1.571238681208342314e-04,0.000000000000000000e+00,4.011355340480804443e-04,1.783072889338654932e-06,2.923704300883400720e-08
4.198385868221521378e-04,2.186026686104014516e-04,1.667282078415155411e-03,1.764998280862073443e-08,1.172065749415196478e-04,1.209561742143705487e-04,0.000000000000000000e+00,3.450770745985209942e-04,1.783072889338654932e-06,3.696651873497103225e-08
2.710372500587254763e-04,1.638751127757132053e-04,8.407694404013454914e-04,1.323127829522263710e-08,9.722798859002068639e-05,1.053592131938785315e-04,0.000000000000000000e+00,2.308518742211163044e-04,1.783072889338654932e-06,1.749079459045788099e-08
1.560990640427917242e-04,9.062403114512562752e-05,5.182190216146409512e-04,7.316985239924633788e-09,6.945706991245970130e-05,7.512683077948167920e-05,0.000000000000000000e+00,1.365313655696809292e-04,1.783072889338654932e-06,1.684502137777599273e-08
1.361456088488921523e-04,7.876527524786069989e-05,4.847182717639952898e-04,6.359509363562665385e-09,6.384785228874534369e-05,7.658397225895896554e-05,0.000000000000000000e+00,8.908510790206491947e-05,1.783072889338654932e-06,9.855125604474324064e-09
1.833437854656949639e-04,9.788727766135707498e-05,7.511639269068837166e-04,7.903420140564776375e-09,7.686699973419308662e-05,8.114072988973930478e-05,0.000000000000000000e+00,1.034010783769190311e-04,1.783072889338654932e-06,1.000444793675114852e-08
2.306892565684393048e-04,1.302548189414665103e-04,8.452945621684193611e-04,1.051677500640835206e-08,8.960249397205188870e-05,9.798583050724118948e-05,0.000000000000000000e+00,1.590497995493933558e-04,1.783072889338654932e-06,1.905379853894828557e-08
2.631096285767853260e-04,1.338679867330938578e-04,1.087865675799548626e-03,1.080850076107253699e-08,9.241885709343478084e-05,9.935614798450842500e-05,0.000000000000000000e+00,2.045508590526878834e-04,1.783072889338654932e-06,1.567543250757807982e-08
2.346212859265506268e-04,1.239719131262972951e-04,8.824573014862835407e-04,1.000949279017504523e-08,8.702823834028095007e-05,9.257443889509886503e-05,0.000000000000000000e+00,2.240363537566736341e-04,1.783072889338654932e-06,2.552058475657759118e-08
1.976070197997614741e-04,1.151997930719517171e-04,6.384492735378444195e-04,9.301233561131994065e-09,8.190106018446385860e-05,9.030401997733861208e-05,0.000000000000000000e+00,1.856229791883379221e-04,1.783072889338654932e-06,1.445779229669597044e-08
1.443242508685216308e-04,7.424080104101449251e-05,5.598648567683994770e-04,5.994203355896843277e-09,6.388545443769544363e-05,6.906339694978669286e-05,0.000000000000000000e+00,1.409696124028414488e-04,1.783072889338654932e-06,1.724534470781691198e-08
1.117509382311254740e-04,6.477799615822732449e-05,3.704578266479074955e-04,5.230175847970031100e-09,5.601146403932943940e-05,6.697932258248329163e-05,0.000000000000000000e+00,9.927153587341308594e-05,1.783072889338654932e-06,9.854348448357086454e-09
9.520466846879571676e-05,4.766015263157896698e-05,3.899903967976570129e-04,3.848080964985456376e-09,5.222710387897677720e-05,5.713945211027748883e-05,0.000000000000000000e+00,8.545471791876479983e-05,1.783072889338654932e-06,1.011871120226714993e-08
9.791205957299098372e-05,4.187594822724349797e-05,4.554714250843971968e-04,3.381064761498464577e-09,5.170085933059453964e-05,6.194711750140413642e-05,0.000000000000000000e+00,1.048897174769081175e-04,1.783072889338654932e-06,1.320833220574968436e-08
1.199312246171757579e-04,5.171000884729437530e-05,5.509597249329090118e-04,4.175066514733316581e-09,5.700224210158921778e-05,6.446910265367478132e-05,0.000000000000000000e+00,1.312524545937776566e-04,1.783072889338654932e-06,1.123187054474783508e-08
1.362936600344255567e-04,7.107100100256502628e-05,5.012652836740016937e-04,5.738272523814202941e-09,6.555044819833710790e-05,7.227182504720985889e-05,0.000000000000000000e+00,1.509613357484340668e-04,1.783072889338654932e-06,1.828190754338265833e-08
1.428227405995130539e-04,6.934784323675557971e-05,5.810664733871817589e-04,5.599145591617116224e-09,6.367317109834402800e-05,7.285633910214528441e-05,0.000000000000000000e+00,1.536824856884777546e-04,1.783072889338654932e-06,1.246601311066797280e-08
1.194215510622598231e-04,6.363577267620712519e-05,4.214522487018257380e-04,5.137953174028098147e-09,5.993461309117265046e-05,6.656177720287814736e-05,0.000000000000000000e+00,1.364055206067860126e-04,1.783072889338654932e-06,1.677362604368681787e-08
8.586885087424889207e-05,4.183192140772007406e-05,3.336604859214276075e-04,3.377509605329009901e-09,4.683190491050481796e-05,5.741805216530337930e-05,0.000000000000000000e+00,1.067088014679029584e-04,1.783072889338654932e-06,9.997607186562618153e-09
5.318640978657640517e-05,1.708745367068331689e-05,2.729913685470819473e-04,1.379641179077850666e-09,2.939774640253745019e-05,3.748810559045523405e-05,0.000000000000000000e+00,8.799818169791251421e-05,1.783072889338654932e-06,1.096071144957022625e-08
4.321126471040770411e-05,8.671065188536886126e-06,2.584479807410389185e-04,7.001018653696178262e-10,2.265015791635960340e-05,3.572569039533846080e-05,0.000000000000000000e+00,8.695400902070105076e-05,1.783072889338654932e-06,1.072774313826130310e-08
5.881786637473851442e-05,2.008658702834509313e-05,2.901908883359283209e-04,1.621791367867331246e-09,3.483126420178450644e-05,4.385527790873311460e-05,0.000000000000000000e+00,9.712186874821782112e-05,1.783072889338654932e-06,9.613299489785731566e-09
8.464612619718536735e-05,3.385476156836375594e-05,3.856638795696198940e-04,2.733434145696378437e-09,4.499408896663226187e-05,5.221495302976109087e-05,0.000000000000000000e+00,1.222497521666809916e-04,1.783072889338654932e-06,1.526202275670129893e-08
1.039591516018845141e-04,4.812803308595903218e-05,4.287358024157583714e-04,3.885857857710561802e-09,5.355696703190915287e-05,6.254160689422860742e-05,0.000000000000000000e+00,1.295754336751997471e-04,1.783072889338654932e-06,1.104033664489634248e-08
9.821231651585549116e-05,4.802302646567113698e-05,3.751503245439380407e-04,3.877379306516104407e-09,5.307464380166493356e-05,5.997864354867488146e-05,0.000000000000000000e+00,1.267425541300326586e-04,1.783072889338654932e-06,1.575512342810725386e-08
7.948573329485952854e-05,3.201627987436950207e-05,3.626263933256268501e-04,2.584994884813340832e-09,4.281571818864904344e-05,5.333555600373074412e-05,0.000000000000000000e+00,1.120680681196972728e-04,1.783072889338654932e-06,1.012250372411926946e-08
5.419954686658456922e-05,1.864258956629782915e-05,2.578034473117440939e-04,1.505203073293159832e-09,3.248278153478167951e-05,4.101572994841262698e-05,0.000000000000000000e+00,9.776608203537762165e-05,1.783072889338654932e-06,1.244262648469884880e-08
3.664888936327770352e-05,5.523814252228476107e-06,2.265746734337881207e-04,4.459927982480849096e-10,1.633714600757230073e-05,3.245584230171516538e-05,0.000000000000000000e+00,8.467604493489488959e-05,1.783072889338654932e-06,9.283235513635190728e-09
3.077570727327838540e-05,2.176182533730752766e-06,2.044374996330589056e-04,1.757049922224140914e-10,7.773912329867016524e-06,2.710095577640458941e-05,0.000000000000000000e+00,8.155773684848099947e-05,1.783072889338654932e-06,9.774709042176255025e-09
3.563374048098921776e-05,5.522788342204876244e-06,2.169157087337225676e-04,4.459100033660234885e-10,1.620434522919822484e-05,2.787040830298792571e-05,0.000000000000000000e+00,8.419383084401488304e-05,1.783072889338654932e-06,1.051118836414843827e-08
4.547146818367764354e-05,1.322193475061794743e-05,2.338974882150068879e-04,1.067539279198115310e-09,2.655376010807231069e-05,3.902603202732279897e-05,0.000000000000000000e+00,8.859782246872782707e-05,1.783072889338654932e-06,9.242913989737644442e-09
5.357201007427647710e-05,1.677817999734543264e-05,2.703285426832735538e-04,1.354670486897191495e-09,3.063740223296917975e-05,3.865555845550261438e-05,0.000000000000000000e+00,9.760975081007927656e-05,1.783072889338654932e-06,1.246977721081066193e-08
5.804513057228177786e-05,2.098852928611449897e-05,2.741450734902173281e-04,1.694614004676964214e-09,3.499619197100400925e-05,4.543998875305987895e-05,0.000000000000000000e+00,9.642091754358261824e-05,1.783072889338654932e-06,9.394589994826674229e-09
5.697174492524936795e-05,1.887148391688242555e-05,2.815298503264784813e-04,1.523683845761070188e-09,3.328347520437091589e-05,4.150392851443029940e-05,0.000000000000000000e+00,9.947272337740287185e-05,1.783072889338654932e-06,1.272247285299954456e-08
5.339892959455028176e-05,1.598759263288229704e-05,2.803383104037493467e-04,1.290838436140973045e-09,3.079131420236080885e-05,4.135004201089031994e-05,0.000000000000000000e+00,9.377504466101527214e-05,1.783072889338654932e-06,9.261730937737411296e-09
4.761985110235400498e-05,1.335867546004010364e-05,2.515664091333746910e-04,1.078579558999592791e-09,2.824982220772653818e-05,3.828908666037023067e-05,0.000000000000000000e+00,9.104532364290207624e-05,1.783072889338654932e-06,1.165463547891931739e-08
4.263916707714088261e-05,9.574683645041659474e-06,2.478933020029217005e-04,7.730600604105575258e-10,2.384553226875141263e-05,3.368293619132600725e-05,0.000000000000000000e+00,8.275154686998575926e-05,1.783072889338654932e-06,9.043546356224396732e-09
3.824087616521865129e-05,8.041150067583657801e-06,2.211078826803714037e-04,6.492425486115394051e-10,2.162987766496371478e-05,3.466721682343631983e-05,0.000000000000000000e+00,8.088935283012688160e-05,1.783072889338654932e-06,1.009469841051213734e-08
3.551893678377382457e-05,6.726388164679519832e-06,2.091729693347588181e-04,5.430886296231562937e-10,1.908540434669703245e-05,2.930430673586670309e-05,0.000000000000000000e+00,7.875250594224780798e-05,1.783072889338654932e-06,9.318480209685731097e-09
3.379206100362353027e-05,5.583237907558213919e-06,2.032535703619942069e-04,4.507907380713049861e-10,1.631790837564039975e-05,3.264958650106564164e-05,0.000000000000000000e+00,7.883468060754239559e-05,1.783072889338654932e-06,9.384212518170897965e-09
3.235241092625074089e-05,4.619935225491644815e-06,1.974132756004109979e-04,3.730136477475554102e-10,1.422047716914676130e-05,2.658871017047204077e-05,0.000000000000000000e+00,7.991147867869585752e-05,1.783072889338654932e-06,9.980233528494864004e-09
3.143743015243671834e-05,4.052904841955751181e-06,1.947202690644189715e-04,3.272315474145415237e-10,1.316892939939862117e-05,3.002883931912947446e-05,0.000000000000000000e+00,7.912499131634831429e-05,1.783072889338654932e-06,9.132989475801878143e-09
3.155580998281948268e-05,3.711816134455148131e-06,1.980950619326904416e-04,2.996920489550802813e-10,1.277687078982125968e-05,2.714391303015872836e-05,0.000000000000000000e+00,8.034487109398469329e-05,1.783072889338654932e-06,1.013047956632817659e-08
3.347407982801087201e-05,4.976196123607223853e-06,2.055477962130680680e-04,4.017781107812368191e-10,1.569535197631921619e-05,2.978430711664259434e-05,0.000000000000000000e+00,7.943101809360086918e-05,1.783072889338654932e-06,8.992113720296401880e-09
3.676740743685513735e-05,7.396212367893895134e-06,2.122426376445218921e-04,5.971702576879067692e-10,2.061040140688419342e-05,3.277228825027123094e-05,0.000000000000000000e+00,8.146928303176537156e-05,1.783072889338654932e-06,1.037604313580686721e-08
4.101197555428370833e-05,9.574519026500638574e-06,2.344156819162890315e-04,7.730466822231107926e-10,2.387172753515187651e-05,3.327493686811067164e-05,0.000000000000000000e+00,7.995889609446749091e-05,1.783072889338654932e-06,8.899903036763134878e-09
4.521496157394722104e-05,1.288050680159358308e-05,2.394651091890409589e-04,1.039972219452067748e-09,2.808612953231204301e-05,3.958755041821859777e-05,0.000000000000000000e+00,8.387940761167556047e-05,1.783072889338654932e-06,1.078390354791736172e-08
5.057861562818288803e-05,1.570414315210655332e-05,2.650120295584201813e-04,1.267952631778257455e-09,3.117640517302788794e-05,3.897623173543252051e-05,0.000000000000000000e+00,8.373268065042793751e-05,1.783072889338654932e-06,8.861949396532509127e-09
5.610052539850585163e-05,1.896257344924379140e-05,2.824773837346583605e-04,1.531038518187699538e-09,3.443277819314971566e-05,4.449974221643060446e-05,0.000000000000000000e+00,8.890211029211059213e-05,1.783072889338654932e-06,1.151637540885985800e-08
6.279383524088189006e-05,2.361264341743662953e-05,3.016033442690968513e-04,1.906485191938145363e-09,3.813266812358051538e-05,4.587780131259933114e-05,0.000000000000000000e+00,9.020855941344052553e-05,1.783072889338654932e-06,8.998959799555450445e-09
6.719655357301235199e-05,2.505043994460720569e-05,3.230421280022710562e-04,2.022572775928210831e-09,3.964962888858281076e-05,4.862874266109429300e-05,0.000000000000000000e+00,9.841898281592875719e-05,1.783072889338654932e-06,1.273144789593061432e-08
7.112423190847039223e-05,2.846693678293377161e-05,3.301012038718909025e-04,2.298420787028021550e-09,4.201545380055904388e-05,5.028235682402737439e-05,0.000000000000000000e+00,9.647180559113621712e-05,1.783072889338654932e-06,9.221080787824575964e-09
7.137308421079069376e-05,2.816040796460583806e-05,3.289615560788661242e-04,2.273671695363077561e-09,4.177305891062133014e-05,5.010601671529002488e-05,0.000000000000000000e+00,1.031652209348976612e-04,1.783072889338654932e-06,1.331041321606107886e-08
7.124267722247168422e-05,2.794728789012879133e-05,3.344109863974153996e-04,2.256464348704412259e-09,4.152857218286953866e-05,5.018677256884984672e-05,0.000000000000000000e+00,9.854286327026784420e-05,1.783072889338654932e-06,9.285553659310608055e-09
6.709040462737902999e-05,2.608838804007973522e-05,3.083225747104734182e-04,2.106376628674411222e-09,4.020340202259831131e-05,4.857511157752014697e-05,0.000000000000000000e+00,1.016976020764559507e-04,1.783072889338654932e-06,1.315065301099593853e-08
6.332392513286322355e-05,2.317347752978093922e-05,3.065246855840086937e-04,1.871026888977667113e-09,3.767657472053542733e-05,4.680174970417283475e-05,0.000000000000000000e+00,9.497979044681414962e-05,1.783072889338654932e-06,9.118148014408689050e-09
5.814664109493605793e-05,2.070957452815491706e-05,2.787072735372930765e-04,1.672091354265603513e-09,3.558750540832988918e-05,4.419508695718832314e-05,0.000000000000000000e+00,9.566338849253952503e-05,1.783072889338654932e-06,1.244660374766226596e-08
5.484983194037340581e-05,1.860593692981638014e-05,2.731019922066479921e-04,1.502243440754114090e-09,3.362072311574593186e-05,4.295407052268274128e-05,0.000000000000000000e+00,8.933694334700703621e-05,1.783072889338654932e-06,8.907486304110534547e-09
5.218327714828774333e-05,1.673193219176027924e-05,2.647133078426122665e-04,1.350936362776167243e-09,3.212070078006945550e-05,4.153093686909414828e-05,0.000000000000000000e+00,8.980015991255640984e-05,1.783072889338654932e-06,1.173185992797698418e-08
5.256380973150953650e-05,1.774477641447447240e-05,2.629772061482071877e-04,1.432713392368611949e-09,3.294672205811366439e-05,4.126454950892366469e-05,0.000000000000000000e+00,8.521311974618583918e-05,1.783072889338654932e-06,8.765592696136081940e-09
5.351272920961491764e-05,1.780385537131223828e-05,2.690699475351721048e-04,1.437483465593913934e-09,3.343035132274962962e-05,4.367217479739338160e-05,0.000000000000000000e+00,8.801878720987588167e-05,1.783072889338654932e-06,1.151208994798480489e-08
5.586995393969118595e-05,2.007445073104463518e-05,2.748147235251963139e-04,1.620811262981192158e-09,3.536122676450759172e-05,4.262812581146135926e-05,0.000000000000000000e+00,8.314033038914203644e-05,1.783072889338654932e-06,8.691618091916097910e-09
5.747189788962714374e-05,2.105078419845085591e-05,2.779530477710068226e-04,1.699640539420954610e-09,3.642593583208508790e-05,4.701060242950916290e-05,0.000000000000000000e+00,8.625806367490440607e-05,1.783072889338654932e-06,1.128943694084227900e-08
6.064270564820617437e-05,2.285956543346401304e-05,2.940924896392971277e-04,1.845681607548499414e-09,3.790463961195200682e-05,4.456128226593136787e-05,0.000000000000000000e+00,8.373892342206090689e-05,1.783072889338654932e-06,8.680371976765854924e-09
6.351952470140531659e-05,2.510389458620920777e-05,2.956024254672229290e-04,2.026888656914138664e-09,3.975288927904330194e-05,4.996569259674288332e-05,0.000000000000000000e+00,8.855385385686531663e-05,1.783072889338654932e-06,1.160568974256648289e-08
6.911338277859613299e-05,2.787173070828430355e-05,3.248212742619216442e-04,2.250363673184097024e-09,4.189609899185597897e-05,4.877108585787937045e-05,0.000000000000000000e+00,8.759526099311187863e-05,1.783072889338654932e-06,8.773649362581181776e-09
7.619925600010901690e-05,3.223795283702202141e-05,3.426451294217258692e-04,2.602892568148718055e-09,4.520986476563848555e-05,5.456652797874994576e-05,0.000000000000000000e+00,9.696782217361032963e-05,1.783072889338654932e-06,1.266235649666214158e-08
8.931522461352869868e-05,3.993602513219229877e-05,3.941262548323720694e-04,3.224435163318162267e-09,5.018178126192651689e-05,5.716758460039272904e-05,0.000000000000000000e+00,9.966570360120385885e-05,1.783072889338654932e-06,9.244096155214265309e-09
1.024869052344001830e-04,4.755696500069461763e-05,4.362913605291396379e-04,3.839750295497879051e-09,5.489152317750267684e-05,6.303461850620806217e-05,0.000000000000000000e+00,1.130080490838736296e-04,1.783072889338654932e-06,1.449804720721203921e-08
1.222078572027385235e-04,5.982000220683403313e-05,5.059692775830626488e-04,4.829868061051456607e-09,6.138865865068510175e-05,6.852138176327571273e-05,0.000000000000000000e+00,1.179092723759822547e-04,1.783072889338654932e-06,1.014950790079183207e-08
1.376941800117492676e-04,6.858339475002139807e-05,5.541198770515620708e-04,5.537424296875315122e-09,6.588675751117989421e-05,7.339320291066542268e-05,0.000000000000000000e+00,1.369879464618861675e-04,1.783072889338654932e-06,1.705195629142508551e-08
1.617224916117265821e-04,8.241510658990591764e-05,6.526515935547649860e-04,6.654196305078130536e-09,7.225348963402211666e-05,7.908567931735888124e-05,0.000000000000000000e+00,1.404223585268482566e-04,1.783072889338654932e-06,1.139691807594545025e-08
1.756625133566558361e-04,9.222434164257720113e-05,6.776606896892189980e-04,7.446194327798139057e-09,7.642344280611723661e-05,8.346598042408004403e-05,0.000000000000000000e+00,1.567208819324150681e-04,1.783072889338654932e-06,1.906579960575527366e-08
1.993378391489386559e-04,1.042982112267054617e-04,7.912450237199664116e-04,8.421038089068133559e-09,8.127888577291741967e-05,8.810169674688950181e-05,0.000000000000000000e+00,1.591513137100264430e-04,1.783072889338654932e-06,1.251495618248554820e-08
2.056324592558667064e-04,1.107612479245290160e-04,7.751495577394962311e-04,8.942864226924029936e-09,8.373110176762565970e-05,9.055031841853633523e-05,0.000000000000000000e+00,1.735626428853720427e-04,1.783072889338654932e-06,2.075422500524837233e-08
2.218412555521354079e-04,1.173081545857712626e-04,8.744081133045256138e-04,9.471461837051720067e-09,8.630994125269353390e-05,9.302062244387343526e-05,0.000000000000000000e+00,1.709228818072006106e-04,1.783072889338654932e-06,1.324163179106108146e-08
2.178003633162006736e-04,1.178175152745097876e-04,8.185262558981776237e-04,9.512587162419094966e-09,8.640206215204671025e-05,9.305914136348292232e-05,0.000000000000000000e+00,1.813021954149007797e-04,1.783072889338654932e-06,2.152469136262880056e-08
2.284614893142133951e-04,1.218556790263392031e-04,8.911071345210075378e-04,9.838628578506813938e-09,8.781846554484218359e-05,9.463425521971657872e-05,0.000000000000000000e+00,1.749510411173105240e-04,1.783072889338654932e-06,1.349319944665694493e-08
2.208919904660433531e-04,1.195298827951774001e-04,8.311273413710296154e-04,9.650844567943295260e-09,8.703792991582304239e-05,9.363873687107115984e-05,0.000000000000000000e+00,1.824937498895451427e-04,1.783072889338654932e-06,2.165126211650658661e-08
2.310469280928373337e-04,1.233160292031243443e-04,9.005488245747983456e-04,9.956536928257264663e-09,8.841390808811411262e-05,9.514678095001727343e-05,0.000000000000000000e+00,1.767601352185010910e-04,1.783072889338654932e-06,1.360306356446017162e-08
2.252977283205837011e-04,1.221296115545555949e-04,8.440723759122192860e-04,9.860745997514186456e-09,8.794724999461323023e-05,9.452967060497030616e-05,0.000000000000000000e+00,1.876087626442313194e-04,1.783072889338654932e-06,2.215316641240860918e-08
2.400204248260706663e-04,1.285459875361993909e-04,9.343420388177037239e-04,1.037880448251371490e-08,9.028904605656862259e-05,9.709071309771388769e-05,0.000000000000000000e+00,1.804024213925004005e-04,1.783072889338654932e-06,1.383311953873089806e-08
2.371385344304144382e-04,1.300812145927920938e-04,8.799027418717741966e-04,1.050275866276706438e-08,9.074159606825560331e-05,9.722141112433746457e-05,0.000000000000000000e+00,1.906705147121101618e-04,1.783072889338654932e-06,2.245273655887558562e-08
2.544649178162217140e-04,1.366106735076755285e-04,9.902584133669734001e-04,1.102994673374269041e-08,9.306029824074357748e-05,9.974947897717356682e-05,0.000000000000000000e+00,1.882838841993361712e-04,1.783072889338654932e-06,1.432373508691853203e-08
2.528608310967683792e-04,1.395602448610588908e-04,9.318801457993686199e-04,1.126809578977372439e-08,9.412367217009887099e-05,1.005947342491708696e-04,0.000000000000000000e+00,2.011257165577262640e-04,1.783072889338654932e-06,2.346991223589611764e-08
2.768257400020956993e-04,1.500271027907729149e-04,1.069711404852569103e-03,1.211318956251261625e-08,9.759388922248035669e-05,1.042376679833978415e-04,0.000000000000000000e+00,1.982751855393871665e-04,1.783072889338654932e-06,1.496463575278994540e-08
2.796513726934790611e-04,1.558926305733621120e-04,1.024349592626094818e-03,1.258677251314566092e-08,9.939558367477729917e-05,1.056795445038005710e-04,0.000000000000000000e+00,2.132379740942269564e-04,1.783072889338654932e-06,2.464156878545509244e-08
3.081198665313422680e-04,1.685533061390742660e-04,1.178123522549867630e-03,1.360899570812534876e-08,1.034882807289250195e-04,1.100571971619501710e-04,0.000000000000000000e+00,2.175422268919646740e-04,1.783072889338654932e-06,1.621225820258587191e-08
3.065071359742432833e-04,1.716746774036437273e-04,1.111332559958100319e-03,1.386101544653683959e-08,1.044638484017923474e-04,1.105829433072358370e-04,0.000000000000000000e+00,2.369919093325734138e-04,1.783072889338654932e-06,2.691227152240571741e-08
3.336943045724183321e-04,1.832882262533530593e-04,1.269525848329067230e-03,1.479869293774527250e-08,1.079036592273041606e-04,1.145229398389346898e-04,0.000000000000000000e+00,2.345349348615854979e-04,1.783072889338654932e-06,1.734306565026599856e-08
3.271519381087273359e-04,1.847261737566441298e-04,1.177743310108780861e-03,1.491479295623321377e-08,1.082141170627437532e-04,1.140923850471153855e-04,0.000000000000000000e+00,2.465145080350339413e-04,1.783072889338654932e-06,2.781933261530866730e-08
3.515456046443432570e-04,1.937158231157809496e-04,1.332195359282195568e-03,1.564061768988267431e-08,1.109783042920753360e-04,1.176582445623353124e-04,0.000000000000000000e+00,2.461022522766143084e-04,1.783072889338654932e-06,1.811040561960908235e-08
3.391282225493341684e-04,1.917193585541099310e-04,1.214129733853042126e-03,1.547942396484813798e-08,1.103438626159913838e-04,1.161453765234909952e-04,0.000000000000000000e+00,2.599589060992002487e-04,1.783072889338654932e-06,2.909012053464721248e-08
3.640585055109113455e-04,2.004811540246009827e-04,1.382812857627868652e-03,1.618684919435509073e-08,1.129355950979515910e-04,1.195699005620554090e-04,0.000000000000000000e+00,2.529605990275740623e-04,1.783072889338654932e-06,1.857418396866705734e-08
3.571696870494633913e-04,2.031196490861475468e-04,1.277999253943562508e-03,1.639988234103384457e-08,1.136718783527612686e-04,1.194329743157140911e-04,0.000000000000000000e+00,2.625012421049177647e-04,1.783072889338654932e-06,2.933021292506055033e-08
3.961636102758347988e-04,2.195915876654908061e-04,1.499001984484493732e-03,1.772982471948125749e-08,1.182468622573651373e-04,1.248196203960105777e-04,0.000000000000000000e+00,2.667182125151157379e-04,1.783072889338654932e-06,1.950473560441423615e-08
4.006694653071463108e-04,2.293343277415260673e-04,1.424445305019617081e-03,1.851645592410022800e-08,1.207471868838183582e-04,1.263186131836846471e-04,0.000000000000000000e+00,2.889061288442462683e-04,1.783072889338654932e-06,3.180338481456601585e-08
4.589453455992043018e-04,2.566194161772727966e-04,1.726066344417631626e-03,2.071945459647395182e-08,1.278424751944839954e-04,1.342897739959880710e-04,0.000000000000000000e+00,2.971927751787006855e-04,1.783072889338654932e-06,2.157854339657205855e-08
4.730351211037486792e-04,2.733141882345080376e-04,1.667723641730844975e-03,2.206739146970448928e-08,1.319135189987719059e-04,1.371518446831032634e-04,0.000000000000000000e+00,3.294855123385787010e-04,1.783072889338654932e-06,3.556271366278451751e-08
5.632324027828872204e-04,3.169527626596391201e-04,2.103122416883707047e-03,2.559076861530229507e-08,1.422052009729668498e-04,1.486462715547531843e-04,0.000000000000000000e+00,3.596738679334521294e-04,1.783072889338654932e-06,2.591296777154639130e-08
5.944477161392569542e-04,3.483727050479501486e-04,2.056744648143649101e-03,2.812761579207290197e-08,1.488752750447019935e-04,1.535935734864324331e-04,0.000000000000000000e+00,4.040055209770798683e-04,1.783072889338654932e-06,4.237146455920992594e-08
7.337363203987479210e-04,4.156151553615927696e-04,2.729362109676003456e-03,3.355677336003282107e-08,1.627782476134598255e-04,1.692671212367713451e-04,0.000000000000000000e+00,4.518497444223612547e-04,1.783072889338654932e-06,3.243204815817080089e-08
7.941098883748054504e-04,4.709904605988413095e-04,2.701949793845415115e-03,3.802777115424760268e-08,1.732282689772546291e-04,1.772154064383357763e-04,0.000000000000000000e+00,5.292441346682608128e-04,1.783072889338654932e-06,5.363911625977380027e-08
1.030796091072261333e-03,5.866986466571688652e-04,3.801388898864388466e-03,4.737005099286761833e-08,1.935892505571246147e-04,2.000922686420381069e-04,0.000000000000000000e+00,6.395860109478235245e-04,1.783072889338654932e-06,4.601588443620130420e-08
1.116132945753633976e-03,6.694261683151125908e-04,3.727647010236978531e-03,5.404947600595733093e-08,2.062731800833716989e-04,2.094459632644429803e-04,0.000000000000000000e+00,7.394200656563043594e-04,1.783072889338654932e-06,7.224531373140052892e-08
1.456798636354506016e-03,8.312453282997012138e-04,5.368437152355909348e-03,6.711476174814379192e-08,2.305677917320281267e-04,2.370905567659065127e-04,0.000000000000000000e+00,8.870952297002077103e-04,1.783072889338654932e-06,6.427775645079236710e-08
1.486505963839590549e-03,9.021296864375472069e-04,4.868396092206239700e-03,7.283795611101595568e-08,2.395576011622324586e-04,2.421106328256428242e-04,0.000000000000000000e+00,9.753654594533145428e-04,1.783072889338654932e-06,9.284205759740871144e-08
1.862689969129860401e-03,1.060314243659377098e-03,6.907982286065816879e-03,8.560977704519245890e-08,2.601203450467437506e-04,2.666550280991941690e-04,0.000000000000000000e+00,1.115774037316441536e-03,1.783072889338654932e-06,8.138933083046140382e-08
1.746665802784264088e-03,1.072147628292441368e-03,5.616221111267805099e-03,8.656521544025963522e-08,2.609367948025465012e-04,2.631724055390805006e-04,0.000000000000000000e+00,1.128960167989134789e-03,1.783072889338654932e-06,1.061536352153780172e-07
2.026338595896959305e-03,1.146251452155411243e-03,7.590319495648145676e-03,9.254835475758227403e-08,2.705766528379172087e-04,2.771308645606040955e-04,0.000000000000000000e+00,1.210550661198794842e-03,1.783072889338654932e-06,8.854189559315273073e-08
1.693000318482518196e-03,1.046309480443596840e-03,5.365454126149415970e-03,8.447904065178590827e-08,2.575254766270518303e-04,2.598616702016443014e-04,0.000000000000000000e+00,1.101453672163188457e-03,1.783072889338654932e-06,1.037958341498779191e-07
1.701408182270824909e-03,9.559169411659240723e-04,6.441486533731222153e-03,7.718074357399018481e-08,2.467037411406636238e-04,2.532945363782346249e-04,0.000000000000000000e+00,1.013425877317786217e-03,1.783072889338654932e-06,7.377388300255915965e-08
1.228367327712476254e-03,7.561158272437751293e-04,3.919127862900495529e-03,6.104880156954095582e-08,2.194573607994243503e-04,2.225041098427027464e-04,0.000000000000000000e+00,8.033866761252284050e-04,1.783072889338654932e-06,7.790167444454709766e-08
9.849139023572206497e-04,5.456103244796395302e-04,3.778209211304783821e-03,4.405258380302257137e-08,1.863910292740911245e-04,1.929931604536250234e-04,0.000000000000000000e+00,6.148267420940101147e-04,1.783072889338654932e-06,4.431534961213401402e-08
5.710171535611152649e-04,3.396896354388445616e-04,1.907717436552047729e-03,2.742654103826680512e-08,1.472645089961588383e-04,1.519859215477481484e-04,0.000000000000000000e+00,4.055580648127943277e-04,1.783072889338654932e-06,4.258412644730924512e-08
3.054666740354150534e-04,1.619663380552083254e-04,1.211802824400365353e-03,1.307716512854995017e-08,1.008910403470508754e-04,1.077940323739312589e-04,0.000000000000000000e+00,2.232004480902105570e-04,1.783072889338654932e-06,1.673769212118259020e-08
1.069668214768171310e-04,4.996304414817132056e-05,4.478600167203694582e-04,4.034016676257579093e-09,5.648158912663348019e-05,6.405315070878714323e-05,0.000000000000000000e+00,1.221777347382158041e-04,1.783072889338654932e-06,1.557586593037285638e-08
3.042354364879429340e-05,3.559254309948300943e-06,1.936953776748850942e-04,2.873742355191666320e-10,1.232554586749756709e-05,2.710945955186616629e-05,0.000000000000000000e+00,7.494750025216490030e-05,1.783072889338654932e-06,8.934574857732968667e-09
5.900297401240095496e-05,2.165523801522795111e-05,2.814410545397549868e-04,1.748444167226637092e-09,3.594576628529466689e-05,4.524703763308934867e-05,0.000000000000000000e+00,9.203627996612340212e-05,1.783072889338654932e-06,9.050303617641475284e-09
1.609366881893947721e-04,7.969020953169092536e-05,6.522187613882124424e-04,6.434188737358681465e-09,7.069310231599956751e-05,7.731615187367424369e-05,0.000000000000000000e+00,1.602460106369107962e-04,1.783072889338654932e-06,1.946542482755830861e-08
3.045227203983813524e-04,1.693281956249848008e-04,1.123494468629360199e-03,1.367156077236586498e-08,1.034372471622191370e-04,1.104702969314530492e-04,0.000000000000000000e+00,2.284508373122662306e-04,1.783072889338654932e-06,1.701625862438049808e-08
4.091187147423624992e-04,2.297940227435901761e-04,1.482097315602004528e-03,1.855357112390265684e-08,1.207797031383961439e-04,1.259200653294101357e-04,0.000000000000000000e+00,3.111497499048709869e-04,1.783072889338654932e-06,3.385746794037913787e-08
5.200795712880790234e-04,2.919573453254997730e-04,1.930937636643648148e-03,2.357263717556179472e-08,1.364941708743572235e-04,1.433000579709187150e-04,0.000000000000000000e+00,3.502845065668225288e-04,1.783072889338654932e-06,2.529399267814369523e-08
5.077215027995407581e-04,2.942991268355399370e-04,1.773901749402284622e-03,2.376171437390439678e-08,1.361713220831006765e-04,1.410409895470365882e-04,0.000000000000000000e+00,3.603221266530454159e-04,1.783072889338654932e-06,3.837861584088386735e-08
5.051303305663168430e-04,2.811700105667114258e-04,1.907666446641087532e-03,2.270166987727861851e-08,1.339201407972723246e-04,1.406799274263903499e-04,0.000000000000000000e+00,3.319365787319839001e-04,1.783072889338654932e-06,2.402196486173124867e-08
3.938123409170657396e-04,2.236427390016615391e-04,1.404564012773334980e-03,1.805691773881790141e-08,1.189949980471283197e-04,1.243472070200368762e-04,0.000000000000000000e+00,2.971318899653851986e-04,1.783072889338654932e-06,3.255773606269940501e-08
2.994231472257524729e-04,1.631362829357385635e-04,1.137260580435395241e-03,1.317162379166347819e-08,1.016866590362042189e-04,1.086288175429217517e-04,0.000000000000000000e+00,2.256078441860154271e-04,1.783072889338654932e-06,1.681217121074496390e-08
1.767443609423935413e-04,9.050384687725454569e-05,7.014278671704232693e-04,7.307281446600200070e-09,7.543705578427761793e-05,8.214278932427987456e-05,0.000000000000000000e+00,1.609773025847971439e-04,1.783072889338654932e-06,1.951902461883037176e-08
9.243659587809816003e-05,4.232975697959773242e-05,3.926238568965345621e-04,3.417705229935563693e-09,5.160943692317232490e-05,5.967412653262726963e-05,0.000000000000000000e+00,1.084444811567664146e-04,1.783072889338654932e-06,9.710399595519447757e-09
4.227398676448501647e-05,9.974715794669464231e-06,2.388067368883639574e-04,8.053586131318013486e-10,2.407380452495999634e-05,3.427704723435454071e-05,0.000000000000000000e+00,8.418599463766440749e-05,1.783072889338654932e-06,1.108283953499267227e-08
2.716832386795431376e-05,2.022924263656022958e-06,1.779985323082655668e-04,1.633309321125153701e-10,7.149629709601867944e-06,2.634707561810500920e-05,0.000000000000000000e+00,7.345547055592760444e-05,1.783072889338654932e-06,9.060926231541088782e-09
3.564389771781861782e-05,7.465646831406047568e-06,2.039264800259843469e-04,6.027764953842051909e-10,2.026645415753591806e-05,3.227504203096032143e-05,0.000000000000000000e+00,7.785600610077381134e-05,1.783072889338654932e-06,8.590257394303080218e-09
5.832222450408153236e-05,2.070570008072536439e-05,2.833977341651916504e-04,1.671778604439566607e-09,3.541033947840332985e-05,4.422650818014517426e-05,0.000000000000000000e+00,9.276751370634883642e-05,1.783072889338654932e-06,1.219651935002730170e-08
8.997146505862474442e-05,3.873235982609912753e-05,4.060432838741689920e-04,3.127251124723784415e-09,4.944060492562130094e-05,5.759843043051660061e-05,0.000000000000000000e+00,1.063477029674686491e-04,1.783072889338654932e-06,9.543043688609031960e-09
1.196125595015473664e-04,5.881248944206163287e-05,4.766689962707459927e-04,4.748521131858751687e-09,6.067461799830198288e-05,6.795499211875721812e-05,0.000000000000000000e+00,1.313316752202808857e-04,1.783072889338654932e-06,1.646784042463877995e-08
1.493271847721189260e-04,7.328914216486737132e-05,6.214781315065920353e-04,5.917366596719375593e-09,6.787482561776414514e-05,7.539700891356915236e-05,0.000000000000000000e+00,1.389022654620930552e-04,1.783072889338654932e-06,1.129895377260936584e-08
1.607417507329955697e-04,8.358275954378768802e-05,6.199692725203931332e-04,6.748473335704829879e-09,7.271429785760119557e-05,7.951580482767894864e-05,0.000000000000000000e+00,1.516206684755161405e-04,1.783072889338654932e-06,1.855923237314982543e-08
1.711325749056413770e-04,8.665727364132180810e-05,6.932950345799326897e-04,6.996708545869978479e-09,7.412509876303374767e-05,8.127656474243849516e-05,0.000000000000000000e+00,1.514579926151782274e-04,1.783072889338654932e-06,1.204054989045744151e-08
1.614099892321974039e-04,8.282143971882760525e-05,6.301730754785239697e-04,6.687003839545013761e-09,7.233220094349235296e-05,7.936813199194148183e-05,0.000000000000000000e+00,1.557124633109197021e-04,1.783072889338654932e-06,1.897470802703082882e-08
1.539674121886491776e-04,7.771630771458148956e-05,6.246913690119981766e-04,6.274815333995320543e-09,7.002474740147590637e-05,7.710986392339691520e-05,0.000000000000000000e+00,1.378196611767634749e-04,1.783072889338654932e-06,1.122537618414298777e-08
1.333035324933007360e-04,6.611781282117590308e-05,5.413363687694072723e-04,5.338352870865037403e-09,6.478046270785853267e-05,7.222333806566894054e-05,0.000000000000000000e+00,1.305207260884344578e-04,1.783072889338654932e-06,1.638289148786498117e-08
1.185023284051567316e-04,5.669057281920686364e-05,4.999684751965105534e-04,4.577197287858325581e-09,5.996517575113102794e-05,6.696053605992347002e-05,0.000000000000000000e+00,1.181490370072424412e-04,1.783072889338654932e-06,1.010250194610762264e-08
1.001390628516674042e-04,4.627698945114389062e-05,4.251991631463170052e-04,3.736404519116831580e-09,5.417055217549204826e-05,6.266075797611847520e-05,0.000000000000000000e+00,1.134215272031724453e-04,1.783072889338654932e-06,1.455318177079334419e-08
8.930075273383408785e-05,3.988514799857512116e-05,3.964196657761931419e-04,3.220327116082444263e-09,5.041541226091794670e-05,5.716947634937241673e-05,0.000000000000000000e+00,9.773636702448129654e-05,1.783072889338654932e-06,9.055698413362733845e-09
7.726073090452700853e-05,3.310210013296455145e-05,3.482882748357951641e-04,2.672664090042076168e-09,4.581758548738434911e-05,5.527599569177255034e-05,0.000000000000000000e+00,9.329799650004133582e-05,1.783072889338654932e-06,1.227354928801105416e-08
6.784611468901857734e-05,2.804098221531603485e-05,3.142248606309294701e-04,2.264029408394208076e-09,4.222757343086414039e-05,4.850580080528743565e-05,0.000000000000000000e+00,8.382646046811714768e-05,1.783072889338654932e-06,8.528649786399000732e-09
5.735622107749804854e-05,2.162051896448247135e-05,2.758262271527200937e-04,1.745640854089458571e-09,3.696306521305814385e-05,4.805860226042568684e-05,0.000000000000000000e+00,8.153080125339329243e-05,1.783072889338654932e-06,1.078334932458346884e-08
4.979047662345692515e-05,1.770919698174111545e-05,2.467244339641183615e-04,1.429840801314696819e-09,3.317941082059405744e-05,3.958661909564398229e-05,0.000000000000000000e+00,7.408836972899734974e-05,1.783072889338654932e-06,8.394600570227339631e-09
4.423968130140565336e-05,1.455693109164712951e-05,2.235852298326790333e-04,1.175326835856083108e-09,2.948968358396086842e-05,4.216069282847456634e-05,0.000000000000000000e+00,7.324226316995918751e-05,1.783072889338654932e-06,9.474279138999008865e-09
4.137205178267322481e-05,1.309118397330166772e-05,2.119737619068473577e-04,1.056982279479257159e-09,2.732611210376489908e-05,3.515747448545880616e-05,0.000000000000000000e+00,7.083490345394238830e-05,1.783072889338654932e-06,8.617499602792122460e-09
3.927834040950983763e-05,1.215544034494087100e-05,2.001614338951185346e-04,9.814302703858857058e-10,2.583966670499648899e-05,3.974176433985121548e-05,0.000000000000000000e+00,7.106754492269828916e-05,1.783072889338654932e-06,8.930702399823076121e-09
3.803112485911697149e-05,1.135046204581158236e-05,1.963212416740134358e-04,9.164364267455482604e-10,2.444341953378170729e-05,3.318487142678350210e-05,0.000000000000000000e+00,7.048537372611463070e-05,1.783072889338654932e-06,8.939500695248625561e-09
3.687148637254722416e-05,1.073280600394355133e-05,1.905584504129365087e-04,8.665669293250743976e-10,2.332229632884263992e-05,3.795068550971336663e-05,0.000000000000000000e+00,7.082836236804723740e-05,1.783072889338654932e-06,8.551081620566947095e-09
3.586549792089499533e-05,1.003988472803030163e-05,1.868978579295799136e-04,8.106205151570122780e-10,2.226734250143636018e-05,3.208919588360004127e-05,0.000000000000000000e+00,7.135824853321537375e-05,1.783072889338654932e-06,9.263965594641376811e-09
3.512296098051592708e-05,9.468805728829465806e-06,1.852644199971109629e-04,7.645113986320950517e-10,2.147193299606442451e-05,3.662443850771524012e-05,0.000000000000000000e+00,7.127712888177484274e-05,1.783072889338654932e-06,8.385676153466192773e-09
3.462564927758648992e-05,9.057275747181847692e-06,1.826356165111064911e-04,7.312845884399621355e-10,2.099827361234929413e-05,3.084209311055019498e-05,0.000000000000000000e+00,7.304814062081277370e-05,1.783072889338654932e-06,9.633923880869588174e-09
3.459051004028879106e-05,9.031640729517675936e-06,1.830594264902174473e-04,7.292147996551534561e-10,2.101970858348067850e-05,3.577488678274676204e-05,0.000000000000000000e+00,7.252924842759966850e-05,1.783072889338654932e-06,8.269253726211900357e-09
3.463442772044800222e-05,8.753785550652537495e-06,1.846201776061207056e-04,7.067806895300066117e-10,2.107290674757678062e-05,3.099416426266543567e-05,0.000000000000000000e+00,7.418624591082334518e-05,1.783072889338654932e-06,9.856643501393591578e-09
3.490220842650160193e-05,9.057919669430702925e-06,1.848805695772171021e-04,7.313365468775145928e-10,2.151993794541340321e-05,3.567820385796949267e-05,0.000000000000000000e+00,7.356231799349188805e-05,1.783072889338654932e-06,8.204199986039384385e-09
3.490437302389182150e-05,8.610882105131167918e-06,1.865053491201251745e-04,6.952426967465896723e-10,2.125397077179513872e-05,3.096092041232623160e-05,0.000000000000000000e+00,7.642956916242837906e-05,1.783072889338654932e-06,1.022466467048843697e-08
3.529893729137256742e-05,8.867430551617871970e-06,1.897813199320808053e-04,7.159564052727773742e-10,2.174874862248543650e-05,3.539615863701328635e-05,0.000000000000000000e+00,7.453374564647674561e-05,1.783072889338654932e-06,8.164935394461281248e-09
3.662706149043515325e-05,9.371175110572949052e-06,1.957392087206244469e-04,7.566287596461052090e-10,2.302677603438496590e-05,3.261804158682934940e-05,0.000000000000000000e+00,7.681966235395520926e-05,1.783072889338654932e-06,1.030509544364122121e-08
4.028669354738667607e-05,1.139577125286450610e-05,2.118674601661041379e-04,9.200946671228393825e-10,2.575665530457627028e-05,3.724310226971283555e-05,0.000000000000000000e+00,7.704175368417054415e-05,1.783072889338654932e-06,8.168209220116295910e-09
4.684471787186339498e-05,1.516034990345360711e-05,2.326898684259504080e-04,1.224046863868011314e-09,3.020105577888898551e-05,3.903693504980765283e-05,0.000000000000000000e+00,8.415380580117926002e-05,1.783072889338654932e-06,1.129731863613869791e-08
5.939217226114124060e-05,2.283915273437742144e-05,2.801187511067837477e-04,1.844033370446140907e-09,3.734388883458450437e-05,4.639646067516878247e-05,0.000000000000000000e+00,8.541144779883325100e-05,1.783072889338654932e-06,8.392874839557862288e-09
7.884261140134185553e-05,3.418693813728168607e-05,3.490415110718458891e-04,2.760253803302248343e-09,4.641825216822326183e-05,5.475674697663635015e-05,0.000000000000000000e+00,9.751519246492534876e-05,1.783072889338654932e-06,1.289330420206624694e-08
1.119947992265224457e-04,5.464509013108909130e-05,4.672936338465660810e-04,4.412045395696395644e-09,5.889995736652053893e-05,6.575189763680100441e-05,0.000000000000000000e+00,1.062034207279793918e-04,1.783072889338654932e-06,9.331079908747597074e-09
1.538296201033517718e-04,7.977888162713497877e-05,6.085056229494512081e-04,6.441347455421464474e-09,7.126556010916829109e-05,7.906800601631402969e-05,0.000000000000000000e+00,1.320016890531405807e-04,1.783072889338654932e-06,1.661535797836677375e-08
2.277411404065787792e-04,1.245655730599537492e-04,8.830197039060294628e-04,1.005742689130784129e-08,8.939371764427050948e-05,9.515115380054339767e-05,0.000000000000000000e+00,1.487359404563903809e-04,1.783072889338654932e-06,1.174203667630990822e-08
3.216159821022301912e-04,1.835891453083604574e-04,1.185546396300196648e-03,1.482298905841616943e-08,1.084081304725259542e-04,1.154114579549059272e-04,0.000000000000000000e+00,1.947216660482808948e-04,1.783072889338654932e-06,2.286807543327995518e-08
5.003123660571873188e-04,2.877857186831533909e-04,1.869966741651296616e-03,2.323582037888627383e-08,1.362300390610471368e-04,1.413647260051220655e-04,0.000000000000000000e+00,2.552996447775512934e-04,1.783072889338654932e-06,1.863301690718799364e-08
6.747399456799030304e-04,4.047222319059073925e-04,2.349190646782517433e-03,3.267727777256368427e-08,1.614034554222598672e-04,1.673286024015396833e-04,0.000000000000000000e+00,3.509864327497780323e-04,1.783072889338654932e-06,3.750779953293204017e-08
1.052475767210125923e-03,6.164502701722085476e-04,3.895051777362823486e-03,4.977220058322018303e-08,1.995149359572678804e-04,2.043249114649370313e-04,0.000000000000000000e+00,4.652025818359106779e-04,1.783072889338654932e-06,3.331683373630767164e-08
1.366527052596211433e-03,8.448703447356820107e-04,4.593787249177694321e-03,6.821483822250229423e-08,2.329277194803580642e-04,2.375561743974685669e-04,0.000000000000000000e+00,6.227806443348526955e-04,1.783072889338654932e-06,6.191859824866696727e-08
2.146296901628375053e-03,1.258846605196595192e-03,7.990243844687938690e-03,1.016392872088545118e-07,2.852848847396671772e-04,2.899151295423507690e-04,0.000000000000000000e+00,8.842577226459980011e-04,1.783072889338654932e-06,6.402622432233329164e-08
2.458766568452119827e-03,1.548512489534914494e-03,7.983531802892684937e-03,1.250269150432359311e-07,3.154897131025791168e-04,3.191140713170170784e-04,0.000000000000000000e+00,1.119010499678552151e-03,1.783072889338654932e-06,1.052448368454861338e-07
3.646019846200942993e-03,2.108612330630421638e-03,1.389117352664470673e-02,1.702493790389780770e-07,3.694812767207622528e-04,3.740680986084043980e-04,0.000000000000000000e+00,1.482903957366943359e-03,1.783072889338654932e-06,1.091050876311783213e-07
3.518749726936221123e-03,2.254452323541045189e-03,1.098204683512449265e-02,1.820245074668491725e-07,3.802643332164734602e-04,3.830853383988142014e-04,0.000000000000000000e+00,1.660927897319197655e-03,1.783072889338654932e-06,1.517761205604983843e-07
4.527571145445108414e-03,2.549754688516259193e-03,1.782514154911041260e-02,2.058672237126302207e-07,4.055969184264540672e-04,4.105592088308185339e-04,0.000000000000000000e+00,1.953024417161941528e-03,1.783072889338654932e-06,1.450198965358140413e-07
3.434289246797561646e-03,2.227630931884050369e-03,1.024238672107458115e-02,1.798589437385089695e-07,3.768431779462844133e-04,3.792200004681944847e-04,0.000000000000000000e+00,1.824194798246026039e-03,1.783072889338654932e-06,1.657650727793225087e-07
3.332205116748809814e-03,1.809955458156764507e-03,1.350199617445468903e-02,1.461358181131799938e-07,3.402912116143852472e-04,3.462462627794593573e-04,0.000000000000000000e+00,1.720499480143189430e-03,1.783072889338654932e-06,1.273468228646379430e-07
1.952716847881674767e-03,1.264293678104877472e-03,5.595744121819734573e-03,1.020790847405805835e-07,2.832272730302065611e-04,2.853609330486506224e-04,0.000000000000000000e+00,1.288486528210341930e-03,1.783072889338654932e-06,1.200761090558444266e-07
1.273626927286386490e-03,7.040681084617972374e-04,4.834590014070272446e-03,5.684647064185810450e-08,2.081630518659949303e-04,2.157322305720299482e-04,0.000000000000000000e+00,8.609982905909419060e-04,1.783072889338654932e-06,6.258775897549639922e-08
6.449568318203091621e-04,4.401290207169950008e-04,1.602271106094121933e-03,3.553602567762936815e-08,1.602893607923761010e-04,1.639747933950275183e-04,0.000000000000000000e+00,4.460069467313587666e-04,1.783072889338654932e-06,4.646240370220766636e-08
5.092995706945657730e-04,3.549516841303557158e-04,1.345506985671818256e-03,2.865880510682927707e-08,1.312959793722257018e-04,1.409092074027284980e-04,0.000000000000000000e+00,1.979718799702823162e-04,1.783072889338654932e-06,1.527198456585665554e-08
6.126338266767561436e-04,4.469754640012979507e-04,1.577780349180102348e-03,3.608880305705497449e-08,1.511843001935631037e-04,1.544647675473242998e-04,0.000000000000000000e+00,7.880305201979354024e-05,1.783072889338654932e-06,1.045989694858917574e-08
7.771370001137256622e-04,5.252889823168516159e-04,2.398357028141617775e-03,4.241183404474213603e-08,1.738491264404729009e-04,1.829625398386269808e-04,0.000000000000000000e+00,1.201230479637160897e-04,1.783072889338654932e-06,1.535774529770606023e-08
9.738798835314810276e-04,6.080507882870733738e-04,3.425028407946228981e-03,4.909402662178763421e-08,1.962085370905697346e-04,1.994171179831027985e-04,0.000000000000000000e+00,2.332624862901866436e-04,1.783072889338654932e-06,1.751567069163684209e-08
8.913174970075488091e-04,5.450477474369108677e-04,3.027949482202529907e-03,4.400716235863910697e-08,1.867922255769371986e-04,1.922806550282984972e-04,0.000000000000000000e+00,4.347484791651368141e-04,1.783072889338654932e-06,4.523099050857126713e-08
9.372224449180066586e-04,5.234707496128976345e-04,3.586660139262676239e-03,4.226503236282042053e-08,1.825705694500356913e-04,1.892149739433079958e-04,0.000000000000000000e+00,5.508568137884140015e-04,1.783072889338654932e-06,3.970291118093882687e-08
8.360315114259719849e-04,5.261799087747931480e-04,2.466080710291862488e-03,4.248377294402416737e-08,1.797875884221866727e-04,1.828246895456686616e-04,0.000000000000000000e+00,6.324352580122649670e-04,1.783072889338654932e-06,6.290299126021636766e-08
8.755050366744399071e-04,5.324775120243430138e-04,2.811869373545050621e-03,4.299224087844777387e-08,1.767925714375451207e-04,1.849120890256017447e-04,0.000000000000000000e+00,6.184060475789010525e-04,1.783072889338654932e-06,4.457155711179439095e-08
6.650664145126938820e-04,4.641962295863777399e-04,1.571124768815934658e-03,3.747920729324505373e-08,1.600209361640736461e-04,1.636850938666611910e-04,0.000000000000000000e+00,4.375775461085140705e-04,1.783072889338654932e-06,4.558331312409791281e-08
4.413029819261282682e-04,2.903717395383864641e-04,1.244554296135902405e-03,2.344461513814621867e-08,1.239940756931900978e-04,1.329310762230306864e-04,0.000000000000000000e+00,2.647582441568374634e-04,1.783072889338654932e-06,1.954346728894051921e-08
1.689442869974300265e-04,1.085736294044181705e-04,4.883857909590005875e-04,8.766235737311944831e-09,7.326347258640453219e-05,7.901970093371346593e-05,0.000000000000000000e+00,1.153207558672875166e-04,1.783072889338654932e-06,1.487524592391764600e-08
6.068267975933849812e-05,1.875058114819694310e-05,3.354696964379400015e-04,1.513922098794751037e-09,3.337669477332383394e-05,4.507306948653422296e-05,0.000000000000000000e+00,8.385127148358151317e-05,1.783072889338654932e-06,1.099613911037522485e-08
1.564359990879893303e-04,9.209156269207596779e-05,4.961420199833810329e-04,7.435473126093938845e-09,7.390256359940394759e-05,8.212934335460886359e-05,0.000000000000000000e+00,1.473023439757525921e-04,1.783072889338654932e-06,1.200754962127348335e-08
3.460226871538907290e-04,1.978423970285803080e-04,1.200585043989121914e-03,1.597380006046478229e-08,1.076924672815948725e-04,1.117565116146579385e-04,0.000000000000000000e+00,2.812178572639822960e-04,1.783072889338654932e-06,3.116570113093075634e-08
5.143411108292639256e-04,3.338337701279670000e-04,1.419689739122986794e-03,2.695374234917835565e-08,1.389521057717502117e-04,1.471984433010220528e-04,0.000000000000000000e+00,3.853834932669997215e-04,1.783072889338654932e-06,2.779834318289431394e-08
4.675000673159956932e-04,2.932158240582793951e-04,1.374632120132446289e-03,2.367425011584600725e-08,1.307367638219147921e-04,1.346367498626932502e-04,0.000000000000000000e+00,3.682101960293948650e-04,1.783072889338654932e-06,3.915965507417240588e-08
3.695801133289933205e-04,2.053994248853996396e-04,1.341770286671817303e-03,1.658395198944617732e-08,1.126407150877639651e-04,1.208194880746304989e-04,0.000000000000000000e+00,3.000366559717804193e-04,1.783072889338654932e-06,2.186917846813685173e-08
2.370765287196263671e-04,1.321809104410931468e-04,8.486719452776014805e-04,1.067228794227048638e-08,9.075688285520300269e-05,9.711687744129449129e-05,0.000000000000000000e+00,2.002842520596459508e-04,1.783072889338654932e-06,2.339062632472632686e-08
1.920417416840791702e-04,1.022653304971754551e-04,7.845853688195347786e-04,8.256904493464389816e-09,8.076788799371570349e-05,8.550944039598107338e-05,0.000000000000000000e+00,1.131786775658838451e-04,1.783072889338654932e-06,9.977661363791412441e-09
1.668177283136174083e-04,1.017479880829341710e-04,5.723371868953108788e-04,8.215133462385892926e-09,7.619473763043060899e-05,8.758513286011293530e-05,0.000000000000000000e+00,7.836020085960626602e-05,1.783072889338654932e-06,1.019753348430185724e-08
1.325082848779857159e-04,7.600176468258723617e-05,4.880065389443188906e-04,6.136382957322439324e-09,6.273490726016461849e-05,6.790045881643891335e-05,0.000000000000000000e+00,7.705870666541159153e-05,1.783072889338654932e-06,1.012444084125263544e-08
8.495151269016787410e-05,4.741668817587196827e-05,2.847911382559686899e-04,3.828423800200653204e-09,4.791070387000218034e-05,5.912716369493864477e-05,0.000000000000000000e+00,9.055707778315991163e-05,1.783072889338654932e-06,8.929561090553761460e-09
7.295114482985809445e-05,2.625519664434250444e-05,3.623903030529618263e-04,2.119844966230743921e-09,4.016417005914263427e-05,4.716841067420318723e-05,0.000000000000000000e+00,1.045692042680457234e-04,1.783072889338654932e-06,1.355854717388638164e-08
1.212293573189526796e-04,5.975412932457402349e-05,5.118073895573616028e-04,4.824548760495872557e-09,6.118569581303745508e-05,6.690454029012471437e-05,0.000000000000000000e+00,1.029449194902554154e-04,1.783072889338654932e-06,9.402861600449341495e-09
1.788947993190959096e-04,9.911476809065788984e-05,6.931572570465505123e-04,8.002526641348595149e-09,7.895909948274493217e-05,8.858051296556368470e-05,0.000000000000000000e+00,1.046430334099568427e-04,1.783072889338654932e-06,1.354026490929527426e-08
2.023893612204119563e-04,1.161285399575717747e-04,7.604291313327848911e-04,9.376219800572016538e-09,8.485344733344390988e-05,8.904447167878970504e-05,0.000000000000000000e+00,1.021789939841255546e-04,1.783072889338654932e-06,9.286404534236680774e-09
1.510717411292716861e-04,8.212832472054287791e-05,5.877228104509413242e-04,6.631041493676548271e-09,7.155611092457547784e-05,8.133462688419967890e-05,0.000000000000000000e+00,1.017113827401772141e-04,1.783072889338654932e-06,1.316101894133225869e-08
9.116160799749195576e-05,3.817019751295447350e-05,4.348786023911088705e-04,3.081862320897243990e-09,4.939172868034802377e-05,5.575819886871613562e-05,0.000000000000000000e+00,9.503548790235072374e-05,1.783072889338654932e-06,8.959929687080148142e-09
5.705884541384875774e-05,2.058621248579584062e-05,2.686201478354632854e-04,1.662130988400178921e-09,3.496046701911836863e-05,4.291199365979991853e-05,0.000000000000000000e+00,9.610617416910827160e-05,1.783072889338654932e-06,1.253697057279623550e-08
5.639994560624472797e-05,2.393259637756273150e-05,2.410603337921202183e-04,1.932318083319728430e-09,3.468138311291113496e-05,4.671629721997305751e-05,0.000000000000000000e+00,8.361316577065736055e-05,1.783072889338654932e-06,8.567500486833523610e-09
6.032393503119237721e-05,2.522418799344450235e-05,2.761634532362222672e-04,2.036601109978164459e-09,3.657451088656671345e-05,4.344730405136942863e-05,0.000000000000000000e+00,7.483398803742602468e-05,1.783072889338654932e-06,9.689182789429651166e-09
5.683357449015602469e-05,2.246184521936811507e-05,2.700836048461496830e-04,1.813569849851148774e-09,3.586067759897559881e-05,4.822909249924123287e-05,0.000000000000000000e+00,7.363369513768702745e-05,1.783072889338654932e-06,9.282312696257122298e-09
5.785608664155006409e-05,2.242272421426605433e-05,2.739866613410413265e-04,1.810410932279182816e-09,3.724323687492869794e-05,4.415058356244117022e-05,0.000000000000000000e+00,8.034694474190473557e-05,1.783072889338654932e-06,8.509382531940445915e-09
7.318281132029369473e-05,2.747014514170587063e-05,3.520084719639271498e-04,2.217939831794524252e-09,4.152018300374038517e-05,4.920433639199472964e-05,0.000000000000000000e+00,1.051181752700358629e-04,1.783072889338654932e-06,1.363057666736722240e-08
9.897394920699298382e-05,4.598813029588200152e-05,4.071419534739106894e-04,3.713082286083135841e-09,5.271033296594396234e-05,6.186563405208289623e-05,0.000000000000000000e+00,1.227161992574110627e-04,1.783072889338654932e-06,1.032328889039035857e-08
1.108642973122186959e-04,5.702038470190018415e-05,4.107635177206248045e-04,4.603826653237774735e-09,5.829688961966894567e-05,6.475343252532184124e-05,0.000000000000000000e+00,1.276756229344755411e-04,1.783072889338654932e-06,1.608207966796726396e-08
1.065588876372203231e-04,4.921667277812957764e-05,4.516210756264626980e-04,3.973755102748555146e-09,5.425197014119476080e-05,6.343749555526301265e-05,0.000000000000000000e+00,1.218010293086990714e-04,1.783072889338654932e-06,1.022887019530571706e-08
8.374327444471418858e-05,3.816068783635273576e-05,3.430398646742105484e-04,3.081094268608808306e-09,4.843909482588060200e-05,5.593338210019282997e-05,0.000000000000000000e+00,1.127860377891920507e-04,1.783072889338654932e-06,1.447860409342638377e-08
6.539580499520525336e-05,2.372909330006223172e-05,3.270998131483793259e-04,1.915887004599881038e-09,3.836886389763094485e-05,4.625977089744992554e-05,0.000000000000000000e+00,8.956731471698731184e-05,1.783072889338654932e-06,8.642482285381447582e-09
5.325721213012002409e-05,1.926935510709881783e-05,2.616126148495823145e-04,1.555808037956296630e-09,3.459079744061455131e-05,4.580832319334149361e-05,0.000000000000000000e+00,7.826594810467213392e-05,1.783072889338654932e-06,1.033920415949296512e-08
4.527832425083033741e-05,1.518367753305938095e-05,2.303715446032583714e-04,1.225930246206985430e-09,3.011548687936738133e-05,3.702200046973302960e-05,0.000000000000000000e+00,7.057494076434522867e-05,1.783072889338654932e-06,8.478622248730971478e-09
3.633299274952150881e-05,9.069155566976405680e-06,2.023156121140345931e-04,7.322437101109358082e-10,2.201546521973796189e-05,3.619382550823502243e-05,0.000000000000000000e+00,7.032273424556478858e-05,1.783072889338654932e-06,8.723315403358355979e-09
2.949319787148851901e-05,4.320868356444407254e-06,1.806758664315566421e-04,3.488669908513486462e-10,1.380443427478894591e-05,2.622746796987485141e-05,0.000000000000000000e+00,7.104741234797984362e-05,1.783072889338654932e-06,9.175349369172636216e-09
2.966183819808065891e-05,4.125942723476327956e-06,1.840108743635937572e-04,3.331286635432917365e-10,1.384602910547982901e-05,2.891513759095687419e-05,0.000000000000000000e+00,7.134806946851313114e-05,1.783072889338654932e-06,8.279291918711351173e-09
3.698421642184257507e-05,8.954746590461581945e-06,2.074691874440759420e-04,7.230062659679958870e-10,2.338190824957564473e-05,3.573807407519780099e-05,0.000000000000000000e+00,7.282549631781876087e-05,1.783072889338654932e-06,9.566285541495744837e-09
4.502312003751285374e-05,1.347428860754007474e-05,2.436977956676855683e-04,1.087914203168338645e-09,2.888283779611811042e-05,3.614444358390755951e-05,0.000000000000000000e+00,7.179052772698923945e-05,1.783072889338654932e-06,8.160338182960913400e-09
4.668907422455959022e-05,1.631189843465108424e-05,2.285244554514065385e-04,1.317022824132152437e-09,3.176256359438411891e-05,4.336548227001912892e-05,0.000000000000000000e+00,7.524729880969971418e-05,1.783072889338654932e-06,9.995865468681586208e-09
4.372739567770622671e-05,1.221316597366239876e-05,2.412535832263529301e-04,9.860910976655645754e-10,2.729240623011719435e-05,3.611926877056248486e-05,0.000000000000000000e+00,7.388868834823369980e-05,1.783072889338654932e-06,8.101188164744144160e-09
4.030300988233648241e-05,1.090018940885784104e-05,2.171270170947536826e-04,8.800814521592315032e-10,2.562074587331153452e-05,3.597055547288618982e-05,0.000000000000000000e+00,7.690118218306452036e-05,1.783072889338654932e-06,1.029884799663705053e-08
3.985842340625822544e-05,1.087670443666866049e-05,2.130250504706054926e-04,8.781853022554741983e-10,2.527045580791309476e-05,3.636597102740779519e-05,0.000000000000000000e+00,7.679211557842791080e-05,1.783072889338654932e-06,8.137606144487108395e-09
3.981115150963887572e-05,1.044896816893015057e-05,2.135764516424387693e-04,8.436497611619131476e-10,2.432137807772960514e-05,3.337704038131050766e-05,0.000000000000000000e+00,8.004537085071206093e-05,1.783072889338654932e-06,1.075545430495594701e-08
3.850762732326984406e-05,1.102159239962929860e-05,1.993498590309172869e-04,8.898835557324957790e-10,2.481205774529371411e-05,3.729813033714890480e-05,0.000000000000000000e+00,7.551045564468950033e-05,1.783072889338654932e-06,8.099406478834225709e-09
3.481039675534702837e-05,7.488283699785824865e-06,1.981508539756760001e-04,6.046040335050406611e-10,2.016163853113539517e-05,3.032950371562037617e-05,0.000000000000000000e+00,7.507027476094663143e-05,1.783072889338654932e-06,1.009220618186645879e-08
3.112514605163596570e-05,5.710553978133248165e-06,1.835992152336984873e-04,4.610701820340068480e-10,1.732380405883304775e-05,3.118739550700411201e-05,0.000000000000000000e+00,7.054669549688696861e-05,1.783072889338654932e-06,8.034515275312514859e-09
2.886226684495341033e-05,4.207308847981039435e-06,1.769004011293873191e-04,3.396981584913305596e-10,1.447158138034865260e-05,2.857797699107322842e-05,0.000000000000000000e+00,6.964915519347414374e-05,1.783072889338654932e-06,9.224125463447307993e-09
2.822966598614584655e-05,3.943148385587846860e-06,1.760376035235822201e-04,3.183698304987103711e-10,1.416613849869463593e-05,2.769587626971770078e-05,0.000000000000000000e+00,6.682755338260903955e-05,1.783072889338654932e-06,8.233964621240374981e-09
2.770132232399191707e-05,4.045762125315377489e-06,1.698794803814962506e-04,3.266548975755512174e-10,1.401366898790001869e-05,2.974857125082053244e-05,0.000000000000000000e+00,6.667613342870026827e-05,1.783072889338654932e-06,8.475875112878838991e-09
2.649513407959602773e-05,3.202232619514688849e-06,1.666752505116164684e-04,2.585482938854966051e-10,1.174369754153303802e-05,2.629150003485847265e-05,0.000000000000000000e+00,6.625376408919692039e-05,1.783072889338654932e-06,8.399078765819467662e-09
2.504240001144353300e-05,2.143537813026341610e-06,1.626025477889925241e-04,1.730692811285905464e-10,7.944234312162734568e-06,2.748822953435592353e-05,0.000000000000000000e+00,6.638607010245323181e-05,1.783072889338654932e-06,8.510491866786651372e-09
2.454583955113776028e-05,1.867364971985807642e-06,1.605511351954191923e-04,1.507710623016578211e-10,6.037978437234414741e-06,2.633308031363412738e-05,0.000000000000000000e+00,6.623359513469040394e-05,1.783072889338654932e-06,8.393832295894299023e-09
2.506487544451374561e-05,2.358197662033489905e-06,1.608270831638947129e-04,1.904009033770748260e-10,8.625876034784596413e-06,2.548240445321425796e-05,0.000000000000000000e+00,6.623968511121347547e-05,1.783072889338654932e-06,8.527845096750752418e-09
2.559734639362432063e-05,2.785271135508082807e-06,1.621799019630998373e-04,2.248828068207586739e-10,1.009846164379268885e-05,2.855487400665879250e-05,0.000000000000000000e+00,6.594083970412611961e-05,1.783072889338654932e-06,8.310815147183348017e-09
2.531101927161216736e-05,2.616206757011241280e-06,1.610754843568429351e-04,2.112325730996289508e-10,9.771205441211350262e-06,2.567861884017474949e-05,0.000000000000000000e+00,6.587262760149315000e-05,1.783072889338654932e-06,8.540903095877183659e-09
2.450876309012528509e-05,2.092767999783973210e-06,1.586392318131402135e-04,1.689701295548573512e-10,7.497284968849271536e-06,2.700177356018684804e-05,0.000000000000000000e+00,6.552072591148316860e-05,1.783072889338654932e-06,8.386653149727862910e-09
2.414300615782849491e-05,1.850260446190077346e-06,1.576831418788060546e-04,1.493900558813265889e-10,5.863771548320073634e-06,2.630323979246895760e-05,0.000000000000000000e+00,6.524431955767795444e-05,1.783072889338654932e-06,8.280578889241496654e-09
2.448572558932937682e-05,2.172203039663145319e-06,1.576178183313459158e-04,1.753837214346631868e-10,7.748760253889486194e-06,2.585386755526997149e-05,0.000000000000000000e+00,6.551740807481110096e-05,1.783072889338654932e-06,8.554530417370642681e-09
2.500895243429113179e-05,2.581548642410780303e-06,1.589428866282105446e-04,2.084342559660612437e-10,9.184343980450648814e-06,2.823336944857146591e-05,0.000000000000000000e+00,6.533114355988800526e-05,1.783072889338654932e-06,8.070227153211817495e-09
2.512238279450684786e-05,2.754581373665132560e-06,1.579606760060414672e-04,2.224049416854612105e-10,9.879462595563381910e-06,2.595942896732594818e-05,0.000000000000000000e+00,6.571733683813363314e-05,1.783072889338654932e-06,8.688830988035078917e-09
2.478977148712147027e-05,2.569333673818618990e-06,1.572907785885035992e-04,2.074480448532867172e-10,9.129502359428443015e-06,2.837395368260331452e-05,0.000000000000000000e+00,6.491360545624047518e-05,1.783072889338654932e-06,8.092062131481725373e-09
2.434459020150825381e-05,2.207883653682074510e-06,1.561619719723239541e-04,1.782645558945361586e-10,7.916214599390514195e-06,2.546063660702202469e-05,0.000000000000000000e+00,6.520510214613750577e-05,1.783072889338654932e-06,8.579526422636263305e-09
2.409305125183891505e-05,2.138133140761055984e-06,1.550166925881057978e-04,1.726328802131860130e-10,7.513041055062785745e-06,2.645936729095410556e-05,0.000000000000000000e+00,6.453248352045193315e-05,1.783072889338654932e-06,8.082377433993315208e-09
2.432255314488429576e-05,2.222395096396212466e-06,1.560341188451275229e-04,1.794361881302108941e-10,8.372531738132238388e-06,2.689757275220472366e-05,0.000000000000000000e+00,6.496744026662781835e-05,1.783072889338654932e-06,8.571602094775698788e-09
2.503828909539151937e-05,2.793906105580390431e-06,1.583431439939886332e-04,2.255800268802232722e-10,1.064700882125180215e-05,2.650856367836240679e-05,0.000000000000000000e+00,6.410066998796537519e-05,1.783072889338654932e-06,8.056012745782936690e-09
2.601697269710712135e-05,3.433569418120896444e-06,1.608025631867349148e-04,2.772264362516096980e-10,1.269527729164110497e-05,2.837665488186758012e-05,0.000000000000000000e+00,6.503144686575978994e-05,1.783072889338654932e-06,8.652703442635356623e-09
2.752166074060369283e-05,4.344331500760745257e-06,1.670400233706459403e-04,3.507613643982665508e-10,1.483744654251495376e-05,2.856635364878457040e-05,0.000000000000000000e+00,6.473326357081532478e-05,1.783072889338654932e-06,7.845981642162769276e-09
3.009927240782417357e-05,5.890040029044030234e-06,1.747020869515836239e-04,4.755618676632877850e-10,1.800511563487816602e-05,3.067363286390900612e-05,0.000000000000000000e+00,6.739023228874430060e-05,1.783072889338654932e-06,9.167391290532123094e-09
3.436165206949226558e-05,8.522637472196947783e-06,1.902208459796383977e-04,6.881178959972089615e-10,2.209324884461238980e-05,3.347641541040502489e-05,0.000000000000000000e+00,6.816929817432537675e-05,1.783072889338654932e-06,7.704965554466980393e-09
4.067822374054230750e-05,1.213295035995543003e-05,2.105367893818765879e-04,9.796145006291112622e-10,2.709700675040949136e-05,3.683703471324406564e-05,0.000000000000000000e+00,7.491590804420411587e-05,1.783072889338654932e-06,1.030901053411525936e-08
5.095934466226026416e-05,1.853589856182225049e-05,2.456371148582547903e-04,1.496588741822790780e-09,3.363764335517771542e-05,4.299987995182164013e-05,0.000000000000000000e+00,7.859737524995580316e-05,1.783072889338654932e-06,7.910591293125435186e-09
6.480949377873912454e-05,2.650209717103280127e-05,2.923403808381408453e-04,2.139779686771703382e-09,4.055696990690194070e-05,4.877656829194165766e-05,0.000000000000000000e+00,9.073362161871045828e-05,1.783072889338654932e-06,1.226126666864502113e-08
8.727769454708322883e-05,4.033653021906502545e-05,3.709582670126110315e-04,3.256771963222604427e-09,5.026812141295522451e-05,5.844425686518661678e-05,0.000000000000000000e+00,9.845341264735907316e-05,1.783072889338654932e-06,8.776597226756166492e-09
1.182061751023866236e-04,5.822925959364511073e-05,4.736440605483949184e-04,4.701431244313880597e-09,6.060648956918157637e-05,6.781422416679561138e-05,0.000000000000000000e+00,1.261250581592321396e-04,1.783072889338654932e-06,1.609663868862298841e-08
1.735932310111820698e-04,9.094260894926264882e-05,6.736214854754507542e-04,7.342707775137569115e-09,7.582076796097680926e-05,8.315825107274577022e-05,0.000000000000000000e+00,1.528846769360825419e-04,1.783072889338654932e-06,1.187255627144168102e-08
2.441594842821359634e-04,1.341645693173632026e-04,8.936950471252202988e-04,1.083244782762449177e-08,9.219986532116308808e-05,9.831595525611191988e-05,0.000000000000000000e+00,2.062542625935748219e-04,1.783072889338654932e-06,2.404389398691364477e-08
3.740876272786408663e-04,2.081518032355234027e-04,1.388918259181082249e-03,1.680617955912566686e-08,1.152004770119674504e-04,1.220845297211781144e-04,0.000000000000000000e+00,2.704401849769055843e-04,1.783072889338654932e-06,1.956401440850186191e-08
5.218490841798484325e-04,3.026552440132945776e-04,1.810518093407154083e-03,2.443638535964964831e-08,1.386764924973249435e-04,1.433768047718331218e-04,0.000000000000000000e+00,3.814203082583844662e-04,1.783072889338654932e-06,4.033583422824449372e-08
8.282440830953419209e-04,4.741306474898010492e-04,3.005159553140401840e-03,3.828131411864887923e-08,1.739240397000685334e-04,1.805334031814709306e-04,0.000000000000000000e+00,5.359742790460586548e-04,1.783072889338654932e-06,3.832197847941642976e-08
1.116564031690359116e-03,6.664287066087126732e-04,3.758347127586603165e-03,5.380746159744376200e-08,2.058914542431011796e-04,2.090216439682990313e-04,0.000000000000000000e+00,7.430051919072866440e-04,1.783072889338654932e-06,7.253727574152435409e-08
1.803031656891107559e-03,1.037000329233705997e-03,6.571611389517784119e-03,8.372741433504415909e-08,2.576092956587672234e-04,2.640330349095165730e-04,0.000000000000000000e+00,1.088702701963484287e-03,1.783072889338654932e-06,7.920191791299657780e-08
2.285991795361042023e-03,1.392623060382902622e-03,7.477614562958478928e-03,1.124404036545456620e-07,2.977161202579736710e-04,2.996111579705029726e-04,0.000000000000000000e+00,1.456072786822915077e-03,1.783072889338654932e-06,1.342373678880903753e-07
3.766262438148260117e-03,2.153690205886960030e-03,1.395063381642103195e-02,1.738889636726526078e-07,3.714422637131065130e-04,3.776793600991368294e-04,0.000000000000000000e+00,2.175089437514543533e-03,1.783072889338654932e-06,1.618564198224703432e-07
4.148381762206554413e-03,2.581932349130511284e-03,1.307411305606365204e-02,2.084652521716634510e-07,4.049619019497185946e-04,4.058554477524012327e-04,0.000000000000000000e+00,2.590380841866135597e-03,1.783072889338654932e-06,2.305632733623497188e-07
6.292966194450855255e-03,3.542681690305471420e-03,2.398264408111572266e-02,2.860361405510047916e-07,4.765736521221697330e-04,4.827700904570519924e-04,0.000000000000000000e+00,3.520202357321977615e-03,1.783072889338654932e-06,2.658312894254777348e-07
5.321247037500143051e-03,3.412526333704590797e-03,1.578460820019245148e-02,2.755274408627883531e-07,4.641693376470357180e-04,4.647579044103622437e-04,0.000000000000000000e+00,3.302600234746932983e-03,1.783072889338654932e-06,2.905337339598190738e-07
6.172994151711463928e-03,3.377572167664766312e-03,2.457081899046897888e-02,2.727051935380586656e-07,4.649327020160853863e-04,4.711778310593217611e-04,0.000000000000000000e+00,3.383403178304433823e-03,1.783072889338654932e-06,2.553490503487410024e-07
3.567931009456515312e-03,2.354784868657588959e-03,9.936851449310779572e-03,1.901253483538312139e-07,3.857627452816814184e-04,3.873201203532516956e-04,0.000000000000000000e+00,2.194607397541403770e-03,1.783072889338654932e-06,1.971953764723366476e-07
2.195222768932580948e-03,1.132109900936484337e-03,9.408114477992057800e-03,9.140656231920729624e-08,2.677707525435835123e-04,2.742880024015903473e-04,0.000000000000000000e+00,1.223013503476977348e-03,1.783072889338654932e-06,8.971479559249928570e-08
5.929687758907675743e-04,3.843928279820829630e-04,1.688500284217298031e-03,3.103588142039370723e-08,1.571603206684812903e-04,1.624753494979813695e-04,0.000000000000000000e+00,3.972589620389044285e-04,1.783072889338654932e-06,4.194888703068500035e-08
4.723807796835899353e-05,4.536328106041764840e-06,3.520159807521849871e-04,3.662631864465026865e-10,1.466795401938725263e-05,3.116543666692450643e-05,0.000000000000000000e+00,7.500151696149259806e-05,1.783072889338654932e-06,9.157885116906072653e-09
4.245995660312473774e-04,2.447017759550362825e-04,1.516324817202985287e-03,1.975722341285290895e-08,1.208506728289648890e-04,1.275905087823048234e-04,0.000000000000000000e+00,2.826527925208210945e-04,1.783072889338654932e-06,2.097314855120657739e-08
1.257570926100015640e-03,6.933704717084765434e-04,4.836280830204486847e-03,5.598274199769548432e-08,2.106519968947395682e-04,2.134373353328555822e-04,0.000000000000000000e+00,8.057238301262259483e-04,1.783072889338654932e-06,7.827010506389342481e-08
2.373308409005403519e-03,1.446993672288954258e-03,7.922128774225711823e-03,1.168302787846187130e-07,3.024375764653086662e-04,3.086188517045229673e-04,0.000000000000000000e+00,1.341018127277493477e-03,1.783072889338654932e-06,9.859024885372491553e-08
2.345974091440439224e-03,1.401925925165414810e-03,8.008133620023727417e-03,1.131915112750903063e-07,2.979342243634164333e-04,2.997302508447319269e-04,0.000000000000000000e+00,1.432347809895873070e-03,1.783072889338654932e-06,1.323711842360353330e-07
2.359470352530479431e-03,1.328253536485135555e-03,9.025538340210914612e-03,1.072432098681019852e-07,2.914000360760837793e-04,2.977502590510994196e-04,0.000000000000000000e+00,1.286629121750593185e-03,1.783072889338654932e-06,9.436113401761758723e-08
1.230638357810676098e-03,8.062706328928470612e-04,3.484653774648904800e-03,6.509829830747548840e-08,2.239675668533891439e-04,2.278018655488267541e-04,0.000000000000000000e+00,7.590228924527764320e-04,1.783072889338654932e-06,7.390254808115059859e-08
4.480677598621696234e-04,1.989089796552434564e-04,2.213018247857689857e-03,1.605991251096838823e-08,1.105505725718103349e-04,1.174839781015180051e-04,0.000000000000000000e+00,2.785692340694367886e-04,1.783072889338654932e-06,2.061717907508864300e-08
5.321764911059290171e-05,1.721619810268748552e-05,2.765050157904624939e-04,1.390036086235113544e-09,2.929533366113901138e-05,4.193022323306649923e-05,0.000000000000000000e+00,8.350949065061286092e-05,1.783072889338654932e-06,1.058531573505661072e-08
2.373597380938008428e-04,1.287207560380920768e-04,8.966207387857139111e-04,1.039291497306749079e-08,8.958768739830702543e-05,9.594922448741272092e-05,0.000000000000000000e+00,1.897690090117976069e-04,1.783072889338654932e-06,2.247876551564331749e-08
7.785135530866682529e-04,4.771496169269084930e-04,2.532789250835776329e-03,3.852506935686506040e-08,1.733026583679020405e-04,1.797727454686537385e-04,0.000000000000000000e+00,4.808499943464994431e-04,1.783072889338654932e-06,3.478709942328350735e-08
1.098899752832949162e-03,5.756684113293886185e-04,4.506255034357309341e-03,4.647947449143430276e-08,1.919312198879197240e-04,1.948428543983027339e-04,0.000000000000000000e+00,7.260576239787042141e-04,1.783072889338654932e-06,7.113743549780338071e-08
1.292693195864558220e-03,8.167817723006010056e-04,4.012663848698139191e-03,6.594697055106735206e-08,2.276299783261492848e-04,2.336747274966910481e-04,0.000000000000000000e+00,7.464498048648238182e-04,1.783072889338654932e-06,5.412372061641690379e-08
8.677651640027761459e-04,4.791169776581227779e-04,3.364071482792496681e-03,3.868391118544423080e-08,1.747060014167800546e-04,1.786714274203404784e-04,0.000000000000000000e+00,5.224100896157324314e-04,1.783072889338654932e-06,5.309568607003711804e-08
4.662788123823702335e-04,2.559976128395646811e-04,1.828459557145833969e-03,2.066924764676514314e-08,1.284111494896933436e-04,1.347033394267782569e-04,0.000000000000000000e+00,2.743525546975433826e-04,1.783072889338654932e-06,2.016326305920301820e-08
1.159422681666910648e-04,6.154938455438241363e-05,4.272581718396395445e-04,4.969498590412513295e-09,6.042196764610707760e-05,6.932725955266505480e-05,0.000000000000000000e+00,1.166706788353621960e-04,1.783072889338654932e-06,1.470290378335903370e-08
5.705499643227085471e-05,2.093940202030353248e-05,2.679440367501229048e-04,1.690647510876885917e-09,3.365423617651686072e-05,4.233316576573997736e-05,0.000000000000000000e+00,9.321194374933838844e-05,1.783072889338654932e-06,1.177694386456096254e-08
2.300773485330864787e-04,1.052690495271235704e-04,1.063215313479304314e-03,8.499424275498768111e-09,8.179923315765336156e-05,8.911827171687036753e-05,0.000000000000000000e+00,1.848676620284095407e-04,1.783072889338654932e-06,1.430157681170385331e-08
4.197213565930724144e-04,2.405868581263348460e-04,1.511263893917202950e-03,1.942498428775252250e-08,1.229803165188059211e-04,1.286641054321080446e-04,0.000000000000000000e+00,2.800810034386813641e-04,1.783072889338654932e-06,3.100888079643482342e-08
5.340673960745334625e-04,3.126427764073014259e-04,1.910759950987994671e-03,2.524277853410694661e-08,1.412799610989168286e-04,1.472851872676983476e-04,0.000000000000000000e+00,3.034859546460211277e-04,1.783072889338654932e-06,2.218442674006837478e-08
4.105076950509101152e-04,2.148322528228163719e-04,1.680232118815183640e-03,1.734555965526851651e-08,1.169886745628900826e-04,1.228213659487664700e-04,0.000000000000000000e+00,2.765221870504319668e-04,1.783072889338654932e-06,3.068849707688059425e-08
2.420984237687662244e-04,1.362366747343912721e-04,8.839804213494062424e-04,1.099974955565130585e-08,9.190334822051227093e-05,9.802962449612095952e-05,0.000000000000000000e+00,1.746371126500889659e-04,1.783072889338654932e-06,1.371809332795237424e-08
8.070931653492152691e-05,2.897369813581462950e-05,4.186174192000180483e-04,2.339336724332952144e-09,4.312412420404143631e-05,5.229011003393679857e-05,0.000000000000000000e+00,9.873873204924166203e-05,1.783072889338654932e-06,1.286344808448802723e-08
3.411038051126524806e-05,3.127903255517594516e-06,2.344382082810625434e-04,2.525469278147340901e-10,1.150884236267302185e-05,2.785024844342842698e-05,0.000000000000000000e+00,7.538654608651995659e-05,1.783072889338654932e-06,9.579421700323109690e-09
8.961519779404625297e-05,3.190705319866538048e-05,4.772987449541687965e-04,2.576175939239533363e-09,4.485429963096976280e-05,5.266781226964667439e-05,0.000000000000000000e+00,9.978273010347038507e-05,1.783072889338654932e-06,9.272953960248742078e-09
1.688802294665947556e-04,9.350426989840343595e-05,6.170519627630710602e-04,7.549536107376297878e-09,7.574740448035299778e-05,8.391373557969927788e-05,0.000000000000000000e+00,1.367075019516050816e-04,1.783072889338654932e-06,1.695193141415529681e-08
2.099615230690687895e-04,1.017914182739332318e-04,9.242719970643520355e-04,8.218638214430029620e-09,8.094855002127587795e-05,8.719960169401019812e-05,0.000000000000000000e+00,1.574290654389187694e-04,1.783072889338654932e-06,1.243081371171683713e-08
1.643799914745613933e-04,8.505443111062049866e-05,6.535329739563167095e-04,6.867295621049152032e-09,7.261760765686631203e-05,8.022109977900981903e-05,0.000000000000000000e+00,1.397227460984140635e-04,1.783072889338654932e-06,1.727643095250641636e-08
9.549838432576507330e-05,4.193400309304706752e-05,4.338556027505546808e-04,3.385751901063827063e-09,5.161430817679502070e-05,5.877934745512902737e-05,0.000000000000000000e+00,1.017881440930068493e-04,1.783072889338654932e-06,9.344236495678615029e-09
4.162798359175212681e-05,6.746739472873741761e-06,2.678687742445617914e-04,5.447317596996015254e-10,1.923613308463245630e-05,3.105546784354373813e-05,0.000000000000000000e+00,8.094364602584391832e-05,1.783072889338654932e-06,1.057142551275092046e-08
3.493875556159764528e-05,3.448459438004647382e-06,2.392236783634871244e-04,2.784286690094006644e-10,1.271443306904984638e-05,2.787348603305872530e-05,0.000000000000000000e+00,7.567926513729617000e-05,1.783072889338654932e-06,9.610385376390695455e-09
6.630997813772410154e-05,2.623147702252026647e-05,3.139901382382959127e-04,2.117929831513265526e-09,3.987574018537998199e-05,4.728735802927985787e-05,0.000000000000000000e+00,8.679493475938215852e-05,1.783072889338654932e-06,8.778181737056911516e-09
1.051127765094861388e-04,4.446173988981172442e-05,4.928276757709681988e-04,3.589841313100805564e-09,5.353861342882737517e-05,6.165737431729212403e-05,0.000000000000000000e+00,1.136826758738607168e-04,1.783072889338654932e-06,1.455526277283070158e-08
1.277771370951086283e-04,6.035389014868997037e-05,5.542911239899694920e-04,4.872973580205552935e-09,6.149817636469379067e-05,6.855132960481569171e-05,0.000000000000000000e+00,1.199413527501747012e-04,1.783072889338654932e-06,1.023418150225552381e-08
1.113249672926031053e-04,5.392154707806184888e-05,4.581115499604493380e-04,4.353625904229829757e-09,5.755772872362285852e-05,6.556977314176037908e-05,0.000000000000000000e+00,1.159226376330479980e-04,1.783072889338654932e-06,1.480944877840784102e-08
7.772230310365557671e-05,2.769169805105775595e-05,4.030171257909387350e-04,2.235827745167284775e-09,4.136645293328911066e-05,5.015379429096356034e-05,0.000000000000000000e+00,9.728885197546333075e-05,1.783072889338654932e-06,9.073820805838295200e-09
4.413486385601572692e-05,1.219809564645402133e-05,2.384250692557543516e-04,9.848744042528778664e-10,2.698305070225615054e-05,3.713040860020555556e-05,0.000000000000000000e+00,8.094259101198986173e-05,1.783072889338654932e-06,1.065537169608887780e-08
2.958562254207208753e-05,1.982745970963151194e-06,2.038013044511899352e-04,1.600869298234997018e-10,7.427068794640945271e-06,2.724310616031289101e-05,0.000000000000000000e+00,7.222747080959379673e-05,1.783072889338654932e-06,8.654496674864731176e-09
3.403014852665364742e-05,5.083280939288670197e-06,2.154818066628649831e-04,4.104241391189589194e-10,1.637136665522120893e-05,2.908893475250806659e-05,0.000000000000000000e+00,7.398686284432187676e-05,1.783072889338654932e-06,8.477552881913652527e-09
5.167733252164907753e-05,1.431735290680080652e-05,2.865582355298101902e-04,1.155983309075736543e-09,2.941934144473634660e-05,3.928720252588391304e-05,0.000000000000000000e+00,8.704155334271490574e-05,1.783072889338654932e-06,1.151040684987947316e-08
7.180865941336378455e-05,3.014799403899814934e-05,3.255904302932322025e-04,2.434149326546730663e-09,4.302759771235287189e-05,5.101789793116040528e-05,0.000000000000000000e+00,9.101619070861488581e-05,1.783072889338654932e-06,8.800527417918146966e-09
7.839396130293607712e-05,2.981332909257616848e-05,3.844703023787587881e-04,2.407128274484193753e-09,4.341476596891880035e-05,5.142170266481116414e-05,0.000000000000000000e+00,1.013360379147343338e-04,1.783072889338654932e-06,1.323992471213841782e-08
7.087316043907776475e-05,2.812147977238055319e-05,3.338104579597711563e-04,2.270528653980363742e-09,4.152809924562461674e-05,4.970954250893555582e-05,0.000000000000000000e+00,9.370631596539169550e-05,1.783072889338654932e-06,8.848526356075581134e-09
5.253347262623719871e-05,1.728499773889780045e-05,2.658856683410704136e-04,1.395591087138825515e-09,3.237216151319444180e-05,4.176631045993417501e-05,0.000000000000000000e+00,8.659907325636595488e-05,1.783072889338654932e-06,1.149766326591361576e-08
3.705299604916945100e-05,6.439226126531139016e-06,2.310765266884118319e-04,5.199032315772456059e-10,1.885697020043153316e-05,3.233459938201121986e-05,0.000000000000000000e+00,7.506117253797128797e-05,1.783072889338654932e-06,8.248001392985315761e-09
2.851947829185519367e-05,2.767671048786723986e-06,1.874557492556050420e-04,2.234617907381775126e-10,1.043298107106238604e-05,2.693622991500888020e-05,0.000000000000000000e+00,7.006232772255316377e-05,1.783072889338654932e-06,8.947080409882346430e-09
2.913327807618770748e-05,3.241159220124245621e-06,1.885197852971032262e-04,2.616912242459079607e-10,1.215753582073375583e-05,2.843001311703119427e-05,0.000000000000000000e+00,7.040139462333172560e-05,1.783072889338654932e-06,9.097590236706309952e-09
3.734144775080494583e-05,7.694234227528795600e-06,2.226517390226945281e-04,6.212326209009688682e-10,2.070338450721465051e-05,3.303086850792169571e-05,0.000000000000000000e+00,7.382038893410935998e-05,1.783072889338654932e-06,8.195078393669064099e-09
4.894852463621646166e-05,1.456496556784259155e-05,2.604974724818021059e-04,1.175975539169371586e-09,2.980900353577453643e-05,3.922241012332960963e-05,0.000000000000000000e+00,8.333810546901077032e-05,1.783072889338654932e-06,1.115227021841747046e-08
6.027096242178231478e-05,2.319714803888928145e-05,2.853125624824315310e-04,1.872938026892256858e-09,3.790830305661074817e-05,4.660254853661172092e-05,0.000000000000000000e+00,8.542556315660476685e-05,1.783072889338654932e-06,8.452492927801813494e-09
6.421086436603218317e-05,2.256147672596853226e-05,3.247052663937211037e-04,1.821613859753767883e-09,3.743240085896104574e-05,4.605036519933491945e-05,0.000000000000000000e+00,9.178859909297898412e-05,1.783072889338654932e-06,1.220645451383006730e-08
6.232206214917823672e-05,2.461862641212064773e-05,2.919345570262521505e-04,1.987708220241302115e-09,3.893858956871554255e-05,4.723492384073324502e-05,0.000000000000000000e+00,8.509980398230254650e-05,1.783072889338654932e-06,8.388635563960633590e-09
5.472624616231769323e-05,1.828159474825952202e-05,2.809190482366830111e-04,1.476056166183070673e-09,3.373964864294975996e-05,4.314201942179352045e-05,0.000000000000000000e+00,8.352747681783512235e-05,1.783072889338654932e-06,1.122463277880569876e-08
4.656263990909792483e-05,1.401598001393722370e-05,2.501061535440385342e-04,1.131650329000422062e-09,2.932018105639144778e-05,3.838485645246692002e-05,0.000000000000000000e+00,7.536045450251549482e-05,1.783072889338654932e-06,8.065188517036858684e-09
3.785664739552885294e-05,9.457336091145407408e-06,2.111463691107928753e-04,7.635854726295576711e-10,2.352355477341916412e-05,3.508193549350835383e-05,0.000000000000000000e+00,7.284675666596740484e-05,1.783072889338654932e-06,9.772554321330062521e-09
3.062810719711706042e-05,4.554577571980189532e-06,1.927808043546974659e-04,3.677366189336339630e-10,1.546929524920415133e-05,2.910288822022266686e-05,0.000000000000000000e+00,6.795450462959706783e-05,1.783072889338654932e-06,8.117646110861187481e-09
2.632150062709115446e-05,2.249649469376890920e-06,1.739397848723456264e-04,1.816367056761691856e-10,8.742125828575808555e-06,2.712197419896256179e-05,0.000000000000000000e+00,6.677870987914502621e-05,1.783072889338654932e-06,8.535327111758306273e-09
2.654060335771646351e-05,2.329613607798819430e-06,1.746967755025252700e-04,1.880930550202108975e-10,8.788472769083455205e-06,2.604334622446913272e-05,0.000000000000000000e+00,6.741310789948329329e-05,1.783072889338654932e-06,8.831873898884623486e-09
3.047734571737237275e-05,5.085514203528873622e-06,1.854219881352037191e-04,4.106044393381580448e-10,1.632560088182799518e-05,3.003424535563681275e-05,0.000000000000000000e+00,6.849630881333723664e-05,1.783072889338654932e-06,8.024458431066250341e-09
3.558249954949133098e-05,7.422672297252574936e-06,2.087369066430255771e-04,5.993066598541929579e-10,2.071171184070408344e-05,3.240187652409076691e-05,0.000000000000000000e+00,7.286138134077191353e-05,1.783072889338654932e-06,9.849600246525369585e-09
3.982379712397232652e-05,1.112160862248856574e-05,2.149937208741903305e-04,8.979587629021068551e-10,2.580862746981438249e-05,3.535613723215647042e-05,0.000000000000000000e+00,7.202817505458369851e-05,1.783072889338654932e-06,7.955011760429897549e-09
4.156123395659960806e-05,1.132931083702715114e-05,2.272380370413884521e-04,9.147286261779186134e-10,2.628645779623184353e-05,3.707517316797748208e-05,0.000000000000000000e+00,7.508118869736790657e-05,1.783072889338654932e-06,1.020531836815052884e-08
4.161501419730484486e-05,1.181144762085750699e-05,2.258590830024331808e-04,9.536564871126529397e-10,2.672234950296115130e-05,3.635285611380822957e-05,0.000000000000000000e+00,7.217653910629451275e-05,1.783072889338654932e-06,7.891894249212327850e-09
3.954530257033184171e-05,1.091061403712956235e-05,2.123310987371951342e-04,8.809230567230486031e-10,2.562461850175168365e-05,3.635124448919668794e-05,0.000000000000000000e+00,7.401577022392302752e-05,1.783072889338654932e-06,1.008007455283177478e-08
3.621820360422134399e-05,8.263315976364538074e-06,2.097063988912850618e-04,6.671803109981055968e-10,2.187831887567881495e-05,3.318681046948768198e-05,0.000000000000000000e+00,6.984249921515583992e-05,1.783072889338654932e-06,7.848846905744721880e-09
3.167169052176177502e-05,6.167822903080377728e-06,1.851454580901190639e-04,4.979900936064041161e-10,1.853551839303690940e-05,3.066560748266056180e-05,0.000000000000000000e+00,6.989322719164192677e-05,1.783072889338654932e-06,9.482784335546057264e-09
2.773319283733144403e-05,3.684026069095125422e-06,1.741994201438501477e-04,2.974483159778884556e-10,1.283455185330240056e-05,2.913647222158033401e-05,0.000000000000000000e+00,6.629223935306072235e-05,1.783072889338654932e-06,7.913159905115207948e-09
2.525141644582618028e-05,2.262395582874887623e-06,1.644634612603113055e-04,1.826658546644210901e-10,8.441429599770344794e-06,2.576971564849372953e-05,0.000000000000000000e+00,6.542673509102314711e-05,1.783072889338654932e-06,8.664475359410062083e-09
2.449073872412554920e-05,1.916385826916666701e-06,1.613026397535577416e-04,1.547290073844465041e-10,6.762447355868062004e-06,2.664558451215270907e-05,0.000000000000000000e+00,6.444088649004697800e-05,1.783072889338654932e-06,8.280720109610228974e-09
2.509716978238429874e-05,2.409331273156567477e-06,1.625781442271545529e-04,1.945294481053849722e-10,9.192906873067840934e-06,2.648303052410483360e-05,0.000000000000000000e+00,6.430024222936481237e-05,1.783072889338654932e-06,8.107688742597929377e-09
2.644557753228582442e-05,3.016288928847643547e-06,1.686371542746201158e-04,2.435352197682760789e-10,1.136869923357153311e-05,2.754440720309503376e-05,0.000000000000000000e+00,6.565572402905672789e-05,1.783072889338654932e-06,8.788742178467146005e-09
2.821321686496958137e-05,4.331123363954247907e-06,1.731609372654929757e-04,3.496949396719628567e-10,1.453305139875737950e-05,2.922023668361362070e-05,0.000000000000000000e+00,6.566000956809148192e-05,1.783072889338654932e-06,7.831178372441627289e-09
2.998047057189978659e-05,5.432330453913891688e-06,1.769662048900499940e-04,4.386064567096781275e-10,1.701031760603655130e-05,2.910169314418453723e-05,0.000000000000000000e+00,6.851518992334604263e-05,1.783072889338654932e-06,9.363976261056450312e-09
3.131563062197528780e-05,6.231172392290318385e-06,1.836502633523195982e-04,5.031049465920034436e-10,1.819556746340822428e-05,3.236278280382975936e-05,0.000000000000000000e+00,6.719431257806718349e-05,1.783072889338654932e-06,7.735151186238908849e-09
3.154635487589985132e-05,6.673145435343030840e-06,1.795709249563515186e-04,5.387898460718076876e-10,1.909111415443476290e-05,2.989706808875780553e-05,0.000000000000000000e+00,6.916116399224847555e-05,1.783072889338654932e-06,9.496132769015730446e-09
3.100342291872948408e-05,6.192118235048837960e-06,1.812048576539382339e-04,4.999516911574630740e-10,1.817212796595413238e-05,3.204795211786404252e-05,0.000000000000000000e+00,6.690817826893180609e-05,1.783072889338654932e-06,7.696599801931824913e-09
2.976472023874521255e-05,5.360539489629445598e-06,1.760056911734864116e-04,4.328100100536858008e-10,1.696156869002152234e-05,2.917399433499667794e-05,0.000000000000000000e+00,6.803610449424013495e-05,1.783072889338654932e-06,9.347093765654790332e-09
2.860412860172800720e-05,4.948321929987287149e-06,1.713286037556827068e-04,3.995276331991703955e-10,1.583520315762143582e-05,3.011851185874547809e-05,0.000000000000000000e+00,6.522944750031456351e-05,1.783072889338654932e-06,7.707530613743074355e-09
2.780501017696224153e-05,4.209943199384724721e-06,1.705318718450143933e-04,3.399108772228487396e-10,1.461581359762931243e-05,2.853507066902238876e-05,0.000000000000000000e+00,6.541878974530845881e-05,1.783072889338654932e-06,8.919891492098486196e-09
2.752575710474047810e-05,4.424437065608799458e-06,1.675645762588828802e-04,3.572291351616740940e-10,1.508135756012052298e-05,2.853410478564910591e-05,0.000000000000000000e+00,6.344862049445509911e-05,1.783072889338654932e-06,7.768312215716832725e-09
2.746800601016730070e-05,4.247729066264582798e-06,1.679375418461859226e-04,3.429616590722162073e-10,1.493409581598825753e-05,2.951405986095778644e-05,0.000000000000000000e+00,6.426521576941013336e-05,1.783072889338654932e-06,8.726402711545233615e-09
2.743256482062861323e-05,4.428260126587701961e-06,1.671337522566318512e-04,3.575377771625198875e-10,1.517132386652519926e-05,2.834031511156354100e-05,0.000000000000000000e+00,6.290929013630375266e-05,1.783072889338654932e-06,7.731311590930545208e-09
2.719694748520851135e-05,4.252154212736058980e-06,1.651367347221821547e-04,3.433189843526918139e-10,1.483944470237474889e-05,2.919763755926396698e-05,0.000000000000000000e+00,6.431121437344700098e-05,1.783072889338654932e-06,8.776162019330513431e-09
2.692596171982586384e-05,4.007471943623386323e-06,1.659922418184578419e-04,3.235633150300287753e-10,1.389507269777823240e-05,2.856037826859392226e-05,0.000000000000000000e+00,6.319265230558812618e-05,1.783072889338654932e-06,7.661873802078389417e-09
2.677047814358957112e-05,4.052331860293634236e-06,1.626497542019933462e-04,3.271852788699902703e-10,1.401630106556694955e-05,2.796630360535345972e-05,0.000000000000000000e+00,6.453170499298721552e-05,1.783072889338654932e-06,8.852838462303225242e-09
2.687959022296126932e-05,4.223848918627481908e-06,1.631770282983779907e-04,3.410336180120765448e-10,1.417251223756466061e-05,2.994857095472980291e-05,0.000000000000000000e+00,6.338037928799167275e-05,1.783072889338654932e-06,7.614076480422227178e-09
2.712385867198463529e-05,4.406660991662647575e-06,1.621453266125172377e-04,3.557938388354386916e-10,1.465027344238478690e-05,2.724558908084873110e-05,0.000000000000000000e+00,6.502663018181920052e-05,1.783072889338654932e-06,8.975474585781739734e-09
2.733629298745654523e-05,4.791848368768114597e-06,1.618848473299294710e-04,3.868939335571752736e-10,1.518331373517867178e-05,3.113138882326893508e-05,0.000000000000000000e+00,6.355960795190185308e-05,1.783072889338654932e-06,7.574553428923991305e-09
2.715686423471197486e-05,4.569500106299528852e-06,1.611633051652461290e-04,3.689414884711084142e-10,1.495133619755506516e-05,2.738212606345769018e-05,0.000000000000000000e+00,6.471032975241541862e-05,1.783072889338654932e-06,8.946429375100706238e-09
2.653447154443711042e-05,4.374001946416683495e-06,1.587547740200534463e-04,3.531569481296514823e-10,1.441769109078450128e-05,3.036238013010006398e-05,0.000000000000000000e+00,6.284991104621440172e-05,1.783072889338654932e-06,7.567951598730360274e-09
2.548159682191908360e-05,3.537064685588120483e-06,1.560742093715816736e-04,2.855826686243290169e-10,1.255901406693737954e-05,2.652204966580029577e-05,0.000000000000000000e+00,6.337110244203358889e-05,1.783072889338654932e-06,8.735733914022603130e-09
2.425841739750467241e-05,2.872866161851561628e-06,1.526203559478744864e-04,2.319552605545283086e-10,1.049223010340938345e-05,2.813482751662377268e-05,0.000000000000000000e+00,6.123515777289867401e-05,1.783072889338654932e-06,7.632237064569835638e-09
2.327185939066112041e-05,2.230998006780282594e-06,1.492598094046115875e-04,1.801307852877798155e-10,8.373673153982963413e-06,2.656372271303553134e-05,0.000000000000000000e+00,6.114880670793354511e-05,1.783072889338654932e-06,8.264027684390384820e-09
2.289585245307534933e-05,2.119683813361916691e-06,1.476584438933059573e-04,1.711432939810464404e-10,8.031465767999179661e-06,2.557136394898407161e-05,0.000000000000000000e+00,6.010322977090254426e-05,1.783072889338654932e-06,7.838027116235934955e-09
2.308287912455853075e-05,2.341748995604575612e-06,1.473214215366169810e-04,1.890728545950182138e-10,8.624216206953860819e-06,2.788219717331230640e-05,0.000000000000000000e+00,6.008987111272290349e-05,1.783072889338654932e-06,7.851989280993620923e-09
2.350614522583782673e-05,2.678847977222176269e-06,1.475953176850453019e-04,2.162902218438844670e-10,9.728370059747248888e-06,2.554052298364695162e-05,0.000000000000000000e+00,6.067765571060590446e-05,1.783072889338654932e-06,8.239505078222464363e-09
2.389000292168930173e-05,2.985589844684000127e-06,1.485815737396478653e-04,2.410565635990735700e-10,1.055129723681602627e-05,2.897928970924112946e-05,0.000000000000000000e+00,6.046256021363660693e-05,1.783072889338654932e-06,7.596887563465770654e-09
2.404500992270186543e-05,2.963819724755012430e-06,1.494934840593487024e-04,2.392988307509114065e-10,1.083721326722297817e-05,2.579378451628144830e-05,0.000000000000000000e+00,6.131839472800493240e-05,1.783072889338654932e-06,8.423548969460625813e-09
2.409726585028693080e-05,3.106359827143023722e-06,1.494558673584833741e-04,2.508075136464782418e-10,1.116964267566800117e-05,2.860265158233232796e-05,0.000000000000000000e+00,6.045318878022953868e-05,1.783072889338654932e-06,7.535760460086748935e-09
2.446089638397097588e-05,3.121999043287360109e-06,1.513438910478726029e-04,2.520702258035356635e-10,1.151628475781762972e-05,2.669476089067757130e-05,0.000000000000000000e+00,6.204508099472150207e-05,1.783072889338654932e-06,8.609772450540731370e-09
2.530606798245571554e-05,3.788682306549162604e-06,1.541648234706372023e-04,3.058982511738861376e-10,1.321691343036945909e-05,2.866388422262389213e-05,0.000000000000000000e+00,6.100902828620746732e-05,1.783072889338654932e-06,7.441990135248488514e-09
2.677262455108575523e-05,4.629505838238401338e-06,1.588487066328525543e-04,3.737863629726945192e-10,1.547122337797190994e-05,2.899062383221462369e-05,0.000000000000000000e+00,6.258246867218986154e-05,1.783072889338654932e-06,8.727541356279289175e-09
2.925993612734600902e-05,6.172249413793906569e-06,1.686807663645595312e-04,4.983474743980309540e-10,1.842959318310022354e-05,3.097620719927363098e-05,0.000000000000000000e+00,6.219610077096149325e-05,1.783072889338654932e-06,7.356089071208771202e-09
3.277637006249278784e-05,8.331671779160387814e-06,1.784399355528876185e-04,6.726993406758197125e-10,2.205500459240283817e-05,3.321255280752666295e-05,0.000000000000000000e+00,6.600704364245757461e-05,1.783072889338654932e-06,9.299003345120127051e-09
3.844602179015055299e-05,1.182304185931570828e-05,2.002060937229543924e-04,9.545925161447144092e-10,2.656214564922265708e-05,3.657115667010657489e-05,0.000000000000000000e+00,6.602369830943644047e-05,1.783072889338654932e-06,7.328501361314465612e-09
4.692725633503869176e-05,1.674475606705527753e-05,2.290099655510857701e-04,1.351971756768932664e-09,3.225236650905571878e-05,4.189542232779785991e-05,0.000000000000000000e+00,7.281503349076956511e-05,1.783072889338654932e-06,1.025062168480417313e-08
6.075093915569595993e-05,2.537315776862669736e-05,2.772105508483946323e-04,2.048629044182348480e-09,3.968265809817239642e-05,4.772195461555384099e-05,0.000000000000000000e+00,7.656725938431918621e-05,1.783072889338654932e-06,7.616303143720415392e-09
7.867540989536792040e-05,3.578414907678961754e-05,3.370987542439252138e-04,2.889212646906003101e-09,4.737568451673723757e-05,5.577836782322265208e-05,0.000000000000000000e+00,9.181385394185781479e-05,1.783072889338654932e-06,1.251679027092222896e-08
1.083863171515986323e-04,5.375146793085150421e-05,4.455734160728752613e-04,4.339894221772055971e-09,5.824260733788833022e-05,6.553051207447424531e-05,0.000000000000000000e+00,1.007750761345960200e-04,1.783072889338654932e-06,8.744333257482139743e-09
1.494064490543678403e-04,7.838176679797470570e-05,5.805745022371411324e-04,6.328544355227450069e-09,7.050222484394907951e-05,7.781283784424886107e-05,0.000000000000000000e+00,1.296722330152988434e-04,1.783072889338654932e-06,1.655232217956381646e-08
2.284232032252475619e-04,1.243216393049806356e-04,8.767570834606885910e-04,1.003773153485099101e-08,8.884703856892883778e-05,9.543023043079301715e-05,0.000000000000000000e+00,1.642585266381502151e-04,1.783072889338654932e-06,1.248318248769919592e-08
3.343133430462330580e-04,1.900246425066143274e-04,1.203223131597042084e-03,1.534259119750913669e-08,1.099594737752340734e-04,1.159513049060478806e-04,0.000000000000000000e+00,2.396639611106365919e-04,1.783072889338654932e-06,2.726608983039113809e-08
5.377106717787683010e-04,3.060889721382409334e-04,1.981264213100075722e-03,2.471362670064536360e-08,1.399289321852847934e-04,1.462507789256051183e-04,0.000000000000000000e+00,3.349532489664852619e-04,1.783072889338654932e-06,2.395118947617902450e-08
7.587186992168426514e-04,4.478800401557236910e-04,2.628515707328915596e-03,3.616183974486375519e-08,1.690772769507020712e-04,1.734633406158536673e-04,0.000000000000000000e+00,4.798709414899349213e-04,1.783072889338654932e-06,4.924431351582825300e-08
1.238561584614217281e-03,7.144765113480389118e-04,4.539212211966514587e-03,5.768684374629629019e-08,2.140038413926959038e-04,2.200570306740701199e-04,0.000000000000000000e+00,7.016384042799472809e-04,1.783072889338654932e-06,5.036815053927057306e-08
1.619079499505460262e-03,9.809596231207251549e-04,5.405629519373178482e-03,7.920269240457855631e-08,2.502992283552885056e-04,2.531852514948695898e-04,0.000000000000000000e+00,9.755690116435289383e-04,1.783072889338654932e-06,9.284460134040273260e-08
2.596760401502251625e-03,1.493491698056459427e-03,9.613176807761192322e-03,1.205845450158449239e-07,3.095515130553394556e-04,3.155083977617323399e-04,0.000000000000000000e+00,1.419510226696729660e-03,1.783072889338654932e-06,1.041346564534251229e-07
2.978216623887419701e-03,1.844043494202196598e-03,9.593424387276172638e-03,1.488881054001467419e-07,3.426606708671897650e-04,3.444948815740644932e-04,0.000000000000000000e+00,1.748306443914771080e-03,1.783072889338654932e-06,1.592001126482500695e-07
4.490251652896404266e-03,2.550393110141158104e-03,1.701835729181766510e-02,2.059187806935369736e-07,4.045589885208755732e-04,4.104435502085834742e-04,0.000000000000000000e+00,2.380226971581578255e-03,1.783072889338654932e-06,1.776282374521542806e-07
4.167650826275348663e-03,2.640482503920793533e-03,1.280036568641662598e-02,2.131925782578036888e-07,4.093950556125491858e-04,4.106589767616242170e-04,0.000000000000000000e+00,2.471313346177339554e-03,1.783072889338654932e-06,2.205380837949633133e-07
5.201077088713645935e-03,2.895558951422572136e-03,2.032089419662952423e-02,2.337874462909894646e-07,4.306175687815994024e-04,4.366299253888428211e-04,0.000000000000000000e+00,2.734286477789282799e-03,1.783072889338654932e-06,2.050154535027104430e-07
3.554978175088763237e-03,2.311253687366843224e-03,1.033203676342964172e-02,1.866106345005391631e-07,3.822883008979260921e-04,3.838845295831561089e-04,0.000000000000000000e+00,2.105208346620202065e-03,1.783072889338654932e-06,1.896218861929810373e-07
2.865440212190151215e-03,1.536263502202928066e-03,1.172452699393033981e-02,1.240379390310408780e-07,3.128919634036719799e-04,3.191684372723102570e-04,0.000000000000000000e+00,1.567238941788673401e-03,1.783072889338654932e-06,1.156315789785367087e-07
1.231438829563558102e-03,8.002680842764675617e-04,3.511741291731595993e-03,6.461365131826823927e-08,2.261853805975988507e-04,2.297965984325855970e-04,0.000000000000000000e+00,7.999661611393094063e-04,1.783072889338654932e-06,7.773527244125943980e-08
3.505502536427229643e-04,1.661987043917179108e-04,1.591836102306842804e-03,1.341888555828063545e-08,1.007452519843354821e-04,1.079447174561209977e-04,0.000000000000000000e+00,2.516791864763945341e-04,1.783072889338654932e-06,1.866455789922838449e-08
4.229739715810865164e-05,8.500233889208175242e-06,2.702934143599122763e-04,6.863090096231871939e-10,2.214947016909718513e-05,3.190776260453276336e-05,0.000000000000000000e+00,6.767819286324083805e-05,1.783072889338654932e-06,9.022279812143096933e-09
3.110536199528723955e-04,1.610399776836857200e-04,1.289564650505781174e-03,1.300236895929174352e-08,1.012339707813225687e-04,1.078800632967613637e-04,0.000000000000000000e+00,2.105716557707637548e-04,1.783072889338654932e-06,2.466014414892470086e-08
9.785174624994397163e-04,5.984509480185806751e-04,3.264582715928554535e-03,4.831893107848372892e-08,1.936382177518680692e-04,1.995886996155604720e-04,0.000000000000000000e+00,5.360815557651221752e-04,1.783072889338654932e-06,3.867055298201194091e-08
1.500986632890999317e-03,8.679926977492868900e-04,5.435252096503973007e-03,7.008174662814781186e-08,2.354950120206922293e-04,2.382504317210987210e-04,0.000000000000000000e+00,8.946874877437949181e-04,1.783072889338654932e-06,8.598838974194222828e-08
2.112981397658586502e-03,1.236266805790364742e-03,7.609050720930099487e-03,9.981620507915067719e-08,2.809798461385071278e-04,2.871148753911256790e-04,0.000000000000000000e+00,1.158094499260187149e-03,1.783072889338654932e-06,8.459980449515569489e-08
1.706575043499469757e-03,1.064218580722808838e-03,5.377809517085552216e-03,8.592501643533978495e-08,2.586680056992918253e-04,2.613890101201832294e-04,0.000000000000000000e+00,1.045754645019769669e-03,1.783072889338654932e-06,9.898938202468343661e-08
1.358713256195187569e-03,7.329569198191165924e-04,5.498327314853668213e-03,5.917895151696939138e-08,2.159552677767351270e-04,2.226031065220013261e-04,0.000000000000000000e+00,7.592351175844669342e-04,1.783072889338654932e-06,5.484840670533230877e-08
5.835235933773219585e-04,3.782230196520686150e-04,1.658852212131023407e-03,3.053773056649333739e-08,1.529655564809218049e-04,1.581041287863627076e-04,0.000000000000000000e+00,3.941534960176795721e-04,1.783072889338654932e-06,4.150394161683834682e-08
1.267789193661883473e-04,4.910252391709946096e-05,6.538553279824554920e-04,3.964538475287326946e-09,5.308924301061779261e-05,6.251443119253963232e-05,0.000000000000000000e+00,1.229087065439671278e-04,1.783072889338654932e-06,1.039941821545653511e-08
5.516683086170814931e-05,1.806401996873319149e-05,2.959584235213696957e-04,1.458488996242124358e-09,3.208834095858037472e-05,4.167804945609532297e-05,0.000000000000000000e+00,7.506966358050704002e-05,1.783072889338654932e-06,8.280117036463252589e-09
3.143637732136994600e-04,1.542911777505651116e-04,1.365084201097488403e-03,1.245747238698413639e-08,9.948785736924037337e-05,1.053175292327068746e-04,0.000000000000000000e+00,2.356417680857703090e-04,1.783072889338654932e-06,2.693024825362044794e-08
7.153944461606442928e-04,4.514531174208968878e-04,2.198682399466633797e-03,3.645032720100971346e-08,1.688180927885696292e-04,1.749541261233389378e-04,0.000000000000000000e+00,4.407308297231793404e-04,1.783072889338654932e-06,3.183374630566504493e-08
8.733948343433439732e-04,4.678728873841464520e-04,3.503879765048623085e-03,3.777606139010458719e-08,1.726094051264226437e-04,1.761214225552976131e-04,0.000000000000000000e+00,5.513400537893176079e-04,1.783072889338654932e-06,5.570692707124180743e-08
9.455597028136253357e-04,5.720857298001646996e-04,3.191706258803606033e-03,4.619021254370636598e-08,1.910386781673878431e-04,1.973942707991227508e-04,0.000000000000000000e+00,5.430332385003566742e-04,1.783072889338654932e-06,3.902457734739073203e-08
6.347437156364321709e-04,3.755418292712420225e-04,2.183866221457719803e-03,3.032125306390298647e-08,1.530931331217288971e-04,1.578518276801332831e-04,0.000000000000000000e+00,4.081524093635380268e-04,1.783072889338654932e-06,4.280519760868628509e-08
3.369520418345928192e-04,1.678823464317247272e-04,1.456869416870176792e-03,1.355482215359415932e-08,1.037266629282385111e-04,1.107943244278430939e-04,0.000000000000000000e+00,2.338273188797757030e-04,1.783072889338654932e-06,1.731918963798761979e-08
8.563878509448841214e-05,4.424536382430233061e-05,3.101057081948965788e-04,3.572371287674513951e-09,5.073238207842223346e-05,5.954263542662374675e-05,0.000000000000000000e+00,1.038285117829218507e-04,1.783072889338654932e-06,1.346600519980256649e-08
4.493390224524773657e-05,1.420708667865255848e-05,2.291084092576056719e-04,1.147080319618964950e-09,2.822348869813140482e-05,3.875918991980142891e-05,0.000000000000000000e+00,7.815974822733551264e-05,1.783072889338654932e-06,1.040436004018374661e-08
1.834639697335660458e-04,9.094971755985170603e-05,7.800970342941582203e-04,7.343281538396695396e-09,7.613867637701332569e-05,8.313005673699080944e-05,0.000000000000000000e+00,1.450454728910699487e-04,1.783072889338654932e-06,1.162668894494345295e-08
3.514568088576197624e-04,1.899311901070177555e-04,1.364594558253884315e-03,1.533504701001220383e-08,1.097486674552783370e-04,1.151708856923505664e-04,0.000000000000000000e+00,2.506612800061702728e-04,1.783072889338654932e-06,2.833671253199554485e-08
4.686786560341715813e-04,2.797361230477690697e-04,1.590767409652471542e-03,2.258589404391386779e-08,1.321983727393671870e-04,1.386667718179523945e-04,0.000000000000000000e+00,2.986575709655880928e-04,1.783072889338654932e-06,2.175296032191909035e-08
3.898004943039268255e-04,2.062882122118026018e-04,1.549327163957059383e-03,1.665571147668742924e-08,1.148526862380094826e-04,1.199473772430792451e-04,0.000000000000000000e+00,2.857957151718437672e-04,1.783072889338654932e-06,3.158074690645662486e-08
2.572054509073495865e-04,1.424463989678770304e-04,9.518336737528443336e-04,1.150112360903676745e-08,9.442416194360703230e-05,1.012425927910953760e-04,0.000000000000000000e+00,1.957566855708137155e-04,1.783072889338654932e-06,1.477230426871756208e-08
1.010349296848289669e-04,4.835096842725761235e-05,4.146720166318118572e-04,3.903858125653414390e-09,5.444468843052163720e-05,6.187181134009733796e-05,0.000000000000000000e+00,1.121675377362407744e-04,1.783072889338654932e-06,1.458551146527042874e-08
3.262078462284989655e-05,3.933423158741788939e-06,2.172403765143826604e-04,3.175846530201198448e-10,1.309969138674205169e-05,3.137021485599689186e-05,0.000000000000000000e+00,6.963325722608715296e-05,1.783072889338654932e-06,8.120478511841611180e-09
6.095530989114195108e-05,1.822314879973419011e-05,3.470518277026712894e-04,1.471337163216901445e-09,3.365956945344805717e-05,4.219715265207923949e-05,0.000000000000000000e+00,8.026979048736393452e-05,1.783072889338654932e-06,8.219521951957631245e-09
1.385432842653244734e-04,7.321255543502047658e-05,5.296042072586715221e-04,5.911182210383003621e-09,6.730022141709923744e-05,7.521029328927397728e-05,0.000000000000000000e+00,1.237030519405379891e-04,1.783072889338654932e-06,1.571907048969478637e-08
2.063707070192322135e-04,1.079088324331678450e-04,8.261832408607006073e-04,8.712560450874207163e-09,8.293793507618829608e-05,8.991082722786813974e-05,0.000000000000000000e+00,1.584355341037735343e-04,1.783072889338654932e-06,1.231074531204967570e-08
1.986973074963316321e-04,1.007022874546237290e-04,8.092459756880998611e-04,8.130704109987618722e-09,7.951483712531626225e-05,8.591558435000479221e-05,0.000000000000000000e+00,1.707042829366400838e-04,1.783072889338654932e-06,2.054785852578788763e-08
1.530695881228893995e-04,8.312769932672381401e-05,5.633685505017638206e-04,6.711731170838675098e-09,7.207155431387946010e-05,7.936579640954732895e-05,0.000000000000000000e+00,1.360503956675529480e-04,1.783072889338654932e-06,1.099169821827672422e-08
8.345649985130876303e-05,3.137987368972972035e-05,4.146598221268504858e-04,2.533611320743034412e-09,4.425530278240330517e-05,5.102613431517966092e-05,0.000000000000000000e+00,1.061064831446856260e-04,1.783072889338654932e-06,1.390000914369693419e-08
3.895119152730330825e-05,1.072759823728119954e-05,2.091579808620736003e-04,8.661463768433463883e-10,2.439405034238006920e-05,3.638795897131785750e-05,0.000000000000000000e+00,7.307795021915808320e-05,1.783072889338654932e-06,8.033668841278540640e-09
3.186751200701110065e-05,5.217927082412643358e-06,2.003728586714714766e-04,4.212954984872396835e-10,1.696810795692726970e-05,2.838455839082598686e-05,0.000000000000000000e+00,6.612298602703958750e-05,1.783072889338654932e-06,8.264412265646114975e-09
5.680730828316882253e-05,2.127457264577969909e-05,2.760709612630307674e-04,1.717709308124426570e-09,3.652767918538302183e-05,4.661186176235787570e-05,0.000000000000000000e+00,7.925638055894523859e-05,1.783072889338654932e-06,1.075764366476050782e-08
9.267938003176823258e-05,3.878113420796580613e-05,4.401165060698986053e-04,3.131189085792129845e-09,4.959175203111954033e-05,5.698953464161604643e-05,0.000000000000000000e+00,9.886593034025281668e-05,1.783072889338654932e-06,8.883541013915419171e-09
1.085471667465753853e-04,5.454360871226526797e-05,4.287354531697928905e-04,4.403851949774661989e-09,5.828663415741175413e-05,6.631292490055784583e-05,0.000000000000000000e+00,1.113000762416049838e-04,1.783072889338654932e-06,1.446953490358282579e-08
1.030171697493642569e-04,4.588012234307825565e-05,4.637287056539207697e-04,3.704361706269310162e-09,5.362885349313728511e-05,6.169049447635188699e-05,0.000000000000000000e+00,1.076417538570240140e-04,1.783072889338654932e-06,9.319621518955045758e-09
7.643432036275044084e-05,3.238337012589909136e-05,3.416413092054426670e-04,2.614633176634129086e-09,4.471767533686943352e-05,5.278837852529250085e-05,0.000000000000000000e+00,9.886818588711321354e-05,1.783072889338654932e-06,1.312939623687725543e-08
4.972296665073372424e-05,1.714815516606904566e-05,2.464799035806208849e-04,1.384542258620058419e-09,3.204972381354309618e-05,4.168171653873287141e-05,0.000000000000000000e+00,7.926819671411067247e-05,1.783072889338654932e-06,8.038416154931837809e-09
3.128095704596489668e-05,4.522614290181081742e-06,1.981216046260669827e-04,3.651559055128927866e-10,1.521689227956812829e-05,2.779634087346494198e-05,0.000000000000000000e+00,6.946181383682414889e-05,1.783072889338654932e-06,9.431645686674983153e-09
2.709759974095504731e-05,2.845097924364381470e-06,1.777677680365741253e-04,2.297132761786002675e-10,1.104837429011240602e-05,2.821240013872738928e-05,0.000000000000000000e+00,6.475723785115405917e-05,1.783072889338654932e-06,8.421793040724878665e-09
3.566610394045710564e-05,8.540872840967494994e-06,2.042826527031138539e-04,6.895901627501643816e-10,2.221832073701079935e-05,3.231075243093073368e-05,0.000000000000000000e+00,6.696967466268688440e-05,1.783072889338654932e-06,7.789795475332539354e-09
5.236326251178979874e-05,1.830528344726189971e-05,2.614400582388043404e-04,1.477968636365289967e-09,3.380114867468364537e-05,4.328783325036056340e-05,0.000000000000000000e+00,7.913972513051703572e-05,1.783072889338654932e-06,1.083002487689554982e-08
7.014245056780055165e-05,2.752175350906327367e-05,3.380494308657944202e-04,2.222106720850547390e-09,4.140950113651342690e-05,4.993081165594048798e-05,0.000000000000000000e+00,8.815751789370551705e-05,1.783072889338654932e-06,8.289971376029825478e-09
7.765017653582617640e-05,3.550167457433417439e-05,3.264502738602459431e-04,2.866405779400338361e-09,4.695800816989503801e-05,5.515669545275159180e-05,0.000000000000000000e+00,9.503470937488600612e-05,1.783072889338654932e-06,1.273379357513704235e-08
7.559837831649929285e-05,3.038400245714001358e-05,3.608239931054413319e-04,2.453204750452187000e-09,4.346042987890541553e-05,5.210614472161978483e-05,0.000000000000000000e+00,9.131975821219384670e-05,1.783072889338654932e-06,8.415869778843898530e-09
6.179233605507761240e-05,2.504615258658304811e-05,2.808462595567107201e-04,2.022226830433737632e-09,3.937638030038215220e-05,4.784411066793836653e-05,0.000000000000000000e+00,8.661550964461639524e-05,1.783072889338654932e-06,1.178654684963476029e-08
4.618515231413766742e-05,1.501640963397221640e-05,2.368603745708242059e-04,1.212425049246235176e-09,3.010596083186101168e-05,4.028763214591890574e-05,0.000000000000000000e+00,7.482703949790447950e-05,1.783072889338654932e-06,7.773007126843367587e-09
3.227889828849583864e-05,6.038409992470405996e-06,1.935048494488000870e-04,4.875412296101444554e-10,1.818551572796422988e-05,2.953692455776035786e-05,0.000000000000000000e+00,6.890001532156020403e-05,1.783072889338654932e-06,9.508587694995185302e-09
2.498474532330874354e-05,2.450849933666177094e-06,1.628654572414234281e-04,1.978816416281503621e-10,9.273863724956754595e-06,2.704996404645498842e-05,0.000000000000000000e+00,6.247349665500223637e-05,1.783072889338654932e-06,7.881963526301660750e-09
2.483606294845230877e-05,2.435700935166096315e-06,1.619013055460527539e-04,1.966585089219208271e-10,9.363088793179485947e-06,2.656043579918332398e-05,0.000000000000000000e+00,6.210230640135705471e-05,1.783072889338654932e-06,7.846804095379411592e-09
2.989526910823769867e-05,4.942811756336595863e-06,1.834651047829538584e-04,3.990826558109006328e-10,1.616532244952395558e-05,2.888158815039787441e-05,0.000000000000000000e+00,6.605946691706776619e-05,1.783072889338654932e-06,9.117560040294847568e-09
3.662338713183999062e-05,9.532406693324446678e-06,2.025414869422093034e-04,7.696465131878937882e-10,2.365656473557464778e-05,3.510961323627270758e-05,0.000000000000000000e+00,6.836831744294613600e-05,1.783072889338654932e-06,7.533094148470809159e-09
4.095853728358633816e-05,1.240718029293930158e-05,2.121288707712665200e-04,1.001755900453815684e-09,2.723510624491609633e-05,3.681559246615506709e-05,0.000000000000000000e+00,7.338468276429921389e-05,1.783072889338654932e-06,1.020366546811146691e-08
4.152027759118936956e-05,1.204757063533179462e-05,2.243001072201877832e-04,9.727210148469112028e-10,2.679935823834966868e-05,3.762503183679655194e-05,0.000000000000000000e+00,7.042695506243035197e-05,1.783072889338654932e-06,7.534043611201468593e-09
3.730221942532807589e-05,1.047064779413631186e-05,1.990786549868062139e-04,8.454002498048396319e-10,2.482482159393839538e-05,3.479356382740661502e-05,0.000000000000000000e+00,6.923706678207963705e-05,1.783072889338654932e-06,9.662864286497097055e-09
3.139849650324322283e-05,6.560594101756578311e-06,1.838376920204609632e-04,5.297023375483433938e-10,1.905292992887552828e-05,3.198819831595756114e-05,0.000000000000000000e+00,6.454133108491078019e-05,1.783072889338654932e-06,7.455390971244924003e-09
2.583046443760395050e-05,3.138730562568525784e-06,1.640862465137615800e-04,2.534211174243239384e-10,1.186423469334840775e-05,2.747773214650806040e-05,0.000000000000000000e+00,6.283110269578173757e-05,1.783072889338654932e-06,8.662700778927501233e-09
2.315541314601432532e-05,1.752166554069845006e-06,1.538101496407762170e-04,1.414699468682556471e-10,6.111437869549263269e-06,2.566160765127278864e-05,0.000000000000000000e+00,6.022229354130104184e-05,1.783072889338654932e-06,7.912795751963130897e-09
2.426280479994602501e-05,2.592506689325091429e-06,1.560197415528818965e-04,2.093190065721728388e-10,9.714300176710821688e-06,2.725782178458757699e-05,0.000000000000000000e+00,6.068322545615956187e-05,1.783072889338654932e-06,7.624534781314196152e-09
2.724145633692387491e-05,4.138617441640235484e-06,1.673135266173630953e-04,3.341520116162399745e-10,1.435672766092466190e-05,2.814034814946353436e-05,0.000000000000000000e+00,6.371484778355807066e-05,1.783072889338654932e-06,8.880673973976627167e-09
3.005994039995130152e-05,6.134713203209685162e-06,1.758036960382014513e-04,4.953168430965604330e-10,1.826117113523650914e-05,3.166165697621181607e-05,0.000000000000000000e+00,6.344856228679418564e-05,1.783072889338654932e-06,7.397153112265186792e-09
3.126393858110532165e-05,7.027150331850862131e-06,1.764993503456935287e-04,5.673722047738749552e-10,1.986000825127121061e-05,3.090802420047111809e-05,0.000000000000000000e+00,6.586851668544113636e-05,1.783072889338654932e-06,9.246388543715511332e-09
3.073471452808007598e-05,6.375561952154384926e-06,1.805699139367789030e-04,5.147628989732311311e-10,1.859113945101853460e-05,3.198657213943079114e-05,0.000000000000000000e+00,6.302160181803628802e-05,1.783072889338654932e-06,7.361578013842517976e-09
2.866299109882675111e-05,5.583300662692636251e-06,1.676567335380241275e-04,4.507957340749157993e-10,1.739559775160159916e-05,2.972450056404341012e-05,0.000000000000000000e+00,6.314016354735940695e-05,1.783072889338654932e-06,8.834273756974653224e-09
2.637759280332829803e-05,4.023087058158125728e-06,1.630275073694065213e-04,3.248241120523687187e-10,1.395797971781576052e-05,2.902242704294621944e-05,0.000000000000000000e+00,6.051754462532699108e-05,1.783072889338654932e-06,7.402534585310149851e-09
2.439696618239395320e-05,2.866616569008328952e-06,1.551070163259282708e-04,2.314506503120483671e-10,1.102785336115630344e-05,2.707011663005687296e-05,0.000000000000000000e+00,6.019647844368591905e-05,1.783072889338654932e-06,8.300020226670312695e-09
2.305223279108759016e-05,2.227216100436635315e-06,1.496200275141745806e-04,1.798254462004322818e-10,8.787756087258458138e-06,2.610498995636589825e-05,0.000000000000000000e+00,5.863013211637735367e-05,1.783072889338654932e-06,7.664580081723215699e-09
2.250744364573620260e-05,1.889425448098336346e-06,1.476868201280012727e-04,1.525522208556395753e-10,6.987882898101815954e-06,2.706436498556286097e-05,0.000000000000000000e+00,5.849335866514593363e-05,1.783072889338654932e-06,7.751778774434114894e-09
2.261410736537072808e-05,2.014802930716541596e-06,1.472150033805519342e-04,1.626751927608083292e-10,7.478763563995016739e-06,2.546265932323876768e-05,0.000000000000000000e+00,5.877804505871608853e-05,1.783072889338654932e-06,8.005737406335811102e-09
2.316939935553818941e-05,2.431180973871960305e-06,1.489052083343267441e-04,1.962935647359387303e-10,9.173859325528610498e-06,2.751994907157495618e-05,0.000000000000000000e+00,5.847697320859879255e-05,1.783072889338654932e-06,7.482890751475679281e-09
2.372459857724606991e-05,2.754073648247867823e-06,1.498635538155212998e-04,2.223639467002769265e-10,1.049039110512239859e-05,2.611570198496337980e-05,0.000000000000000000e+00,5.984169547446072102e-05,1.783072889338654932e-06,8.342087909340989427e-09
2.390024928899947554e-05,2.869683157769031823e-06,1.517011405667290092e-04,2.316982578021153927e-10,1.057728786690859124e-05,2.837112697307020426e-05,0.000000000000000000e+00,5.860450619366019964e-05,1.783072889338654932e-06,7.362595866311494319e-09
2.364308966207318008e-05,2.829182221830706112e-06,1.492233277531340718e-04,2.284282069053844566e-10,1.072189388651167974e-05,2.631311144796200097e-05,0.000000000000000000e+00,5.891574255656450987e-05,1.783072889338654932e-06,8.184631639096551226e-09
2.318983570148702711e-05,2.536895181037834845e-06,1.486704131821170449e-04,2.048289593492569338e-10,9.657244845584500581e-06,2.723094985412899405e-05,0.000000000000000000e+00,5.785898974863812327e-05,1.783072889338654932e-06,7.392118472893116632e-09
2.263500027765985578e-05,2.176069529014057480e-06,1.463391236029565334e-04,1.756958745158243573e-10,8.292296115541830659e-06,2.634279189805965871e-05,0.000000000000000000e+00,5.825018888572230935e-05,1.783072889338654932e-06,8.070584200936536945e-09
2.206730641773901880e-05,2.002595920203020796e-06,1.435097074136137962e-04,1.616896061484851543e-10,7.443668891937704757e-06,2.617767131596338004e-05,0.000000000000000000e+00,5.713741120416671038e-05,1.783072889338654932e-06,7.513837552153290744e-09
2.168110768252518028e-05,1.731612996991316322e-06,1.424999791197478771e-04,1.398104548799850022e-10,5.936342404311290011e-06,2.595255682535935193e-05,0.000000000000000000e+00,5.699496250599622726e-05,1.783072889338654932e-06,7.646857369536519400e-09
2.169074468838516623e-05,1.793653837012243457e-06,1.418697793269529939e-04,1.448196423892156304e-10,6.310850949375890195e-06,2.543272603361401707e-05,0.000000000000000000e+00,5.710113327950239182e-05,1.783072889338654932e-06,7.809778601597372472e-09
2.210793536505661905e-05,2.180521505579235964e-06,1.425472146365791559e-04,1.760553230978345596e-10,8.047540177358314395e-06,2.755515015451237559e-05,0.000000000000000000e+00,5.672693077940493822e-05,1.783072889338654932e-06,7.447416905392856279e-09
2.262322050228249282e-05,2.477300540704163723e-06,1.438038016203790903e-04,2.000172805161071210e-10,9.476443665334954858e-06,2.558399137342348695e-05,0.000000000000000000e+00,5.765539754065684974e-05,1.783072889338654932e-06,8.046328048294526525e-09
2.308477269252762198e-05,2.775400162136065774e-06,1.458139449823647738e-04,2.240858332225315053e-10,1.029105351335601881e-05,2.822589704010169953e-05,0.000000000000000000e+00,5.727977622882463038e-05,1.783072889338654932e-06,7.250289701943302134e-09
2.324962952116038650e-05,2.978114025609102100e-06,1.446895039407536387e-04,2.404529630961604880e-10,1.122119738283799961e-05,2.641182436491362751e-05,0.000000000000000000e+00,5.802565283374860883e-05,1.783072889338654932e-06,8.171516796551259176e-09
2.303238034073729068e-05,2.861464963643811643e-06,1.450817944714799523e-04,2.310347191336603601e-10,1.062110186467180029e-05,2.861457687686197460e-05,0.000000000000000000e+00,5.662735929945483804e-05,1.783072889338654932e-06,7.263311729843735520e-09
2.249126191600225866e-05,2.588424422356183641e-06,1.419687469024211168e-04,2.089893952339494376e-10,9.729516932566184551e-06,2.547847361711319536e-05,0.000000000000000000e+00,5.705962394131347537e-05,1.783072889338654932e-06,7.993083528390343417e-09
2.185101220675278455e-05,2.225796606580843218e-06,1.401773188263177872e-04,1.797108434287153500e-10,8.221093594329431653e-06,2.768211197690106928e-05,0.000000000000000000e+00,5.607484126812778413e-05,1.783072889338654932e-06,7.312795258229698447e-09
2.136825787601992488e-05,1.891628699013381265e-06,1.387815282214432955e-04,1.527301202175479489e-10,6.870205652376171201e-06,2.557731932029128075e-05,0.000000000000000000e+00,5.598476855084300041e-05,1.783072889338654932e-06,7.732721130082609307e-09
2.112174479407258332e-05,1.805267174859181978e-06,1.376826403429731727e-04,1.457572951224506141e-10,6.317792667687172070e-06,2.650167698448058218e-05,0.000000000000000000e+00,5.548211265704594553e-05,1.783072889338654932e-06,7.487569675390659540e-09
2.110866080329287797e-05,1.798364564820076339e-06,1.377905864501371980e-04,1.451999770418765934e-10,6.496004971268121153e-06,2.532791404519230127e-05,0.000000000000000000e+00,5.531237184186466038e-05,1.783072889338654932e-06,7.511353317113389494e-09
2.116996256518177688e-05,1.861577743511588778e-06,1.377356384182348847e-04,1.503038110639565161e-10,6.974583357077790424e-06,2.644749474711716175e-05,0.000000000000000000e+00,5.534821320907212794e-05,1.783072889338654932e-06,7.597154905170100392e-09
2.132822555722668767e-05,2.013348421314731240e-06,1.381178444717079401e-04,1.625577727981664111e-10,7.628620551258791238e-06,2.619997576402965933e-05,0.000000000000000000e+00,5.503091961145401001e-05,1.783072889338654932e-06,7.327404460966135957e-09
2.177287387894466519e-05,2.285857362949172966e-06,1.392243284499272704e-04,1.845601449446121478e-10,8.932003765949048102e-06,2.641405080794356763e-05,0.000000000000000000e+00,5.564583989325910807e-05,1.783072889338654932e-06,7.779456190348810196e-09
2.281301021866966039e-05,2.959451876449747942e-06,1.431741693522781134e-04,2.389461961627148412e-10,1.124884784076130018e-05,2.730159758357331157e-05,0.000000000000000000e+00,5.536141543416306376e-05,1.783072889338654932e-06,7.160092962976705167e-09
2.468485399731434882e-05,4.032447122881421819e-06,1.490524155087769032e-04,3.255797853540798314e-10,1.427507140761008486e-05,2.861978282453492284e-05,0.000000000000000000e+00,5.747164323111064732e-05,1.783072889338654932e-06,8.217583058467425872e-09
2.810995465551968664e-05,6.229132850421592593e-06,1.610962790437042713e-04,5.029402450063003016e-10,1.860703196143731475e-05,3.088240191573277116e-05,0.000000000000000000e+00,5.771192445536144078e-05,1.783072889338654932e-06,6.987024292470778164e-09
3.343881326145492494e-05,9.319839591626077890e-06,1.790703390724956989e-04,7.524839640282721120e-10,2.364815918554086238e-05,3.464900873950682580e-05,0.000000000000000000e+00,6.211941217770799994e-05,1.783072889338654932e-06,8.990841848799391300e-09
4.072709634783677757e-05,1.401358804287156090e-05,2.044907014351338148e-04,1.131457150194137284e-09,2.922243402281310409e-05,3.813127113971859217e-05,0.000000000000000000e+00,6.264440162340179086e-05,1.783072889338654932e-06,6.971232036079300087e-09
4.934142998536117375e-05,1.890141174953896552e-05,2.341626386623829603e-04,1.526100357196469304e-09,3.448961797403171659e-05,4.430773333297111094e-05,0.000000000000000000e+00,7.023754733381792903e-05,1.783072889338654932e-06,1.009973882304393555e-08
6.135064177215099335e-05,2.632120958878658712e-05,2.779328206088393927e-04,2.125174702882759448e-09,4.067839108756743371e-05,4.811834878637455404e-05,0.000000000000000000e+00,7.236149394884705544e-05,1.783072889338654932e-06,7.246181432662979205e-09
7.524782267864793539e-05,3.475099583738483489e-05,3.219421778339892626e-04,2.805795817906187040e-09,4.690023706643842161e-05,5.571027941186912358e-05,0.000000000000000000e+00,8.302612695842981339e-05,1.783072889338654932e-06,1.163464613540554637e-08
9.686423436505720019e-05,4.776397327077575028e-05,4.039117484353482723e-04,3.856463148821376308e-09,5.494872675626538694e-05,6.183866207720711827e-05,0.000000000000000000e+00,8.709084067959338427e-05,1.783072889338654932e-06,7.886448827321146382e-09
1.218673496623523533e-04,6.308648153208196163e-05,4.809816309716552496e-04,5.093603316908001943e-09,6.328865856630727649e-05,7.124389230739325285e-05,0.000000000000000000e+00,1.068270139512605965e-04,1.783072889338654932e-06,1.425090445650312176e-08
1.643375435378402472e-04,8.743109356146305799e-05,6.472185486927628517e-04,7.059187012714573939e-09,7.467302930308505893e-05,8.100644481601193547e-05,0.000000000000000000e+00,1.218460238305851817e-04,1.783072889338654932e-06,9.780488419153243740e-09
2.082341816276311874e-04,1.156302969320677221e-04,7.734745158813893795e-04,9.335990647230119066e-09,8.592796075390651822e-05,9.316005889559164643e-05,0.000000000000000000e+00,1.525643019704148173e-04,1.783072889338654932e-06,1.891431899991857790e-08
2.846469869837164879e-04,1.593464112374931574e-04,1.075612031854689121e-03,1.286563033886523044e-08,1.009083789540454745e-04,1.069219433702528477e-04,0.000000000000000000e+00,1.773936528479680419e-04,1.783072889338654932e-06,1.321734188763912243e-08
3.601248899940401316e-04,2.082238352159038186e-04,1.286537037231028080e-03,1.681199357506102388e-08,1.154459023382514715e-04,1.218360339407809079e-04,0.000000000000000000e+00,2.324735687579959631e-04,1.783072889338654932e-06,2.662306286538296263e-08
5.212707910686731339e-04,2.988963387906551361e-04,1.931027974933385849e-03,2.413289479363811552e-08,1.386701333103701472e-04,1.443066721549257636e-04,0.000000000000000000e+00,2.927161403931677341e-04,1.783072889338654932e-06,2.094718887235558213e-08
6.847127224318683147e-04,4.091090231668204069e-04,2.367987763136625290e-03,3.303146556277170021e-08,1.620113180251792073e-04,1.673485967330634594e-04,0.000000000000000000e+00,3.880489966832101345e-04,1.783072889338654932e-06,4.098498607163492125e-08
1.052361680194735527e-03,6.119753234088420868e-04,3.881610231474041939e-03,4.941089670751352969e-08,1.983932015718892217e-04,2.037983649643138051e-04,0.000000000000000000e+00,5.222533363848924637e-04,1.783072889338654932e-06,3.722860597576982400e-08
1.323238364420831203e-03,8.097055833786725998e-04,4.436011426150798798e-03,6.537564445352472831e-08,2.279637556057423353e-04,2.320618077646940947e-04,0.000000000000000000e+00,6.993156857788562775e-04,1.783072889338654932e-06,6.872033964100410230e-08
2.021343680098652840e-03,1.173176104202866554e-03,7.518046535551548004e-03,9.472224604678558535e-08,2.750139974523335695e-04,2.802425296977162361e-04,0.000000000000000000e+00,9.636285249143838882e-04,1.783072889338654932e-06,6.977406030728161568e-08
2.326353918761014938e-03,1.447681221179664135e-03,7.580622099339962006e-03,1.168857934885636496e-07,3.046184137929230928e-04,3.076887223869562149e-04,0.000000000000000000e+00,1.206104527227580547e-03,1.783072889338654932e-06,1.127825868252330110e-07
3.499635495245456696e-03,2.008926123380661011e-03,1.325041241943836212e-02,1.622007204105102574e-07,3.599827468860894442e-04,3.652154409792274237e-04,0.000000000000000000e+00,1.656680367887020111e-03,1.783072889338654932e-06,1.221671226403486799e-07
3.547733416780829430e-03,2.245173091068863869e-03,1.112871989607810974e-02,1.812752969954090076e-07,3.786928718909621239e-04,3.808927140198647976e-04,0.000000000000000000e+00,1.896883943118155003e-03,1.783072889338654932e-06,1.718813393836171599e-07
4.858253989368677139e-03,2.744701923802495003e-03,1.879445277154445648e-02,2.216072800820256816e-07,4.199486866127699614e-04,4.254159866832196712e-04,0.000000000000000000e+00,2.341072307899594307e-03,1.783072889338654932e-06,1.746563214055640856e-07
3.899897914379835129e-03,2.510071499273180962e-03,1.167736295610666275e-02,2.026631875651219161e-07,3.994040307588875294e-04,4.010811098851263523e-04,0.000000000000000000e+00,2.220901893451809883e-03,1.783072889338654932e-06,1.994376361835747957e-07
4.065808840095996857e-03,2.233234932646155357e-03,1.615336537361145020e-02,1.803114173526410013e-07,3.777287784032523632e-04,3.838542324956506491e-04,0.000000000000000000e+00,2.172373235225677490e-03,1.783072889338654932e-06,1.617948583998440881e-07
2.404998755082488060e-03,1.566860475577414036e-03,6.822744850069284439e-03,1.265083255930221640e-07,3.148753603454679251e-04,3.167339018546044827e-04,0.000000000000000000e+00,1.558638876304030418e-03,1.783072889338654932e-06,1.432271545809271629e-07
1.545537030324339867e-03,8.363148081116378307e-04,6.089005619287490845e-03,6.752406989107839763e-08,2.281100751133635640e-04,2.353673044126480818e-04,0.000000000000000000e+00,1.003215438686311245e-03,1.783072889338654932e-06,7.306792326744471211e-08
6.386128952726721764e-04,4.284495371393859386e-04,1.643635565415024757e-03,3.459301822772431478e-08,1.609938335604965687e-04,1.646775635890662670e-04,0.000000000000000000e+00,4.579977830871939659e-04,1.783072889338654932e-06,4.760456917551891820e-08
3.607404942158609629e-04,2.432973851682618260e-04,1.022372394800186157e-03,1.964383500308031216e-08,1.083048628061078489e-04,1.184742432087659836e-04,0.000000000000000000e+00,1.520586665719747543e-04,1.783072889338654932e-06,1.213227562857355224e-08
5.292072892189025879e-04,3.767898597288876772e-04,1.460216357372701168e-03,3.042201868197480508e-08,1.419569307472556829e-04,1.452184951631352305e-04,0.000000000000000000e+00,6.395812670234590769e-05,1.783072889338654932e-06,8.221995528856496094e-09
8.654574630782008171e-04,5.600892473012208939e-04,2.894232515245676041e-03,4.522161134445923381e-08,1.838815805967897177e-04,1.922345836646854877e-04,0.000000000000000000e+00,1.594493514858186245e-04,1.783072889338654932e-06,1.966677665166116640e-08
1.272687921300530434e-03,8.035903447307646275e-04,4.371722228825092316e-03,6.488189541187239229e-08,2.257835440104827285e-04,2.292618300998583436e-04,0.000000000000000000e+00,3.192535950802266598e-04,1.783072889338654932e-06,2.317836589327271213e-08
1.207670778967440128e-03,7.472605793736875057e-04,4.100705962628126144e-03,6.033382504710971261e-08,2.186670317314565182e-04,2.239540335722267628e-04,0.000000000000000000e+00,5.033965571783483028e-04,1.783072889338654932e-06,5.147312265307846246e-08
1.210280810482800007e-03,6.830444908700883389e-04,4.682832397520542145e-03,5.514901957326401316e-08,2.091010974254459143e-04,2.148887142539024353e-04,0.000000000000000000e+00,5.895308568142354488e-04,1.783072889338654932e-06,4.235423389786774351e-08
8.645126363262534142e-04,5.420607631094753742e-04,2.616503741592168808e-03,4.376599349598109256e-08,1.834088325267657638e-04,1.869939005700871348e-04,0.000000000000000000e+00,6.080151069909334183e-04,1.783072889338654932e-06,6.076384551079172525e-08
6.801607087254524231e-04,3.894500841852277517e-04,2.426458522677421570e-03,3.144420190892560640e-08,1.529095752630382776e-04,1.609932078281417489e-04,0.000000000000000000e+00,4.806474316865205765e-04,1.783072889338654932e-06,3.446033502996215248e-08
4.496592155192047358e-04,3.170312847942113876e-04,1.043821335770189762e-03,2.559710665650527517e-08,1.315775298280641437e-04,1.360520254820585251e-04,0.000000000000000000e+00,2.824579132720828056e-04,1.783072889338654932e-06,3.146296023714967305e-08
3.576558083295822144e-04,2.436724753351882100e-04,1.002065371721982956e-03,1.967411833447840763e-08,1.083025563275441527e-04,1.181587213068269193e-04,0.000000000000000000e+00,1.377680164296180010e-04,1.783072889338654932e-06,1.114466918750167679e-08
3.037711721844971180e-04,2.151804947061464190e-04,8.178446441888809204e-04,1.737367405496570427e-08,1.063634481397457421e-04,1.102032547350972891e-04,0.000000000000000000e+00,6.806229066569358110e-05,1.783072889338654932e-06,9.161165159810025216e-09
2.947587345261126757e-04,1.652702485444024205e-04,1.175643759779632092e-03,1.334392241147952518e-08,1.013127912301570177e-04,1.103660033550113440e-04,0.000000000000000000e+00,1.192410709336400032e-04,1.783072889338654932e-06,1.547085659581171058e-08
3.824099258054047823e-04,2.312257565790787339e-04,1.284261583350598812e-03,1.866916932158346754e-08,1.211862108903005719e-04,1.272406079806387424e-04,0.000000000000000000e+00,2.275800798088312149e-04,1.783072889338654932e-06,1.689314643726902432e-08
4.740376607514917850e-04,2.593230165075510740e-04,1.772141549736261368e-03,2.093774398304049100e-08,1.270085340365767479e-04,1.305879413848742843e-04,0.000000000000000000e+00,3.750049509108066559e-04,1.783072889338654932e-06,3.988732899529168208e-08
6.049872608855366707e-04,3.778217651415616274e-04,1.824088860303163528e-03,3.050533337045635562e-08,1.506267581135034561e-04,1.585104473633691669e-04,0.000000000000000000e+00,4.475665627978742123e-04,1.783072889338654932e-06,3.203940224238976953e-08
5.410411395132541656e-04,3.560053301043808460e-04,1.460855128243565559e-03,2.874387483586815506e-08,1.432234712410718203e-04,1.469190465286374092e-04,0.000000000000000000e+00,3.895026748068630695e-04,1.783072889338654932e-06,4.115476670563111838e-08
4.156466457061469555e-04,2.509070327505469322e-04,1.344817690551280975e-03,2.025823953033523139e-08,1.199757534777745605e-04,1.290126529056578875e-04,0.000000000000000000e+00,3.025786136277019978e-04,1.783072889338654932e-06,2.187395509167799901e-08
1.886821555672213435e-04,1.242807775270193815e-04,4.879295593127608299e-04,1.003443195202180505e-08,8.115636592265218496e-05,8.721064659766852856e-05,0.000000000000000000e+00,1.560842647450044751e-04,1.783072889338654932e-06,1.922010639532345522e-08
4.955573240295052528e-05,1.396709740220103413e-05,2.825115807354450226e-04,1.127703708192484555e-09,2.813079481711611152e-05,4.253088263794779778e-05,0.000000000000000000e+00,7.337477291002869606e-05,1.783072889338654932e-06,7.839657811814504385e-09
4.341071326052770019e-05,1.367442928312812001e-05,2.320960629731416702e-04,1.104073499291757798e-09,2.655281059560365975e-05,4.153912595938891172e-05,0.000000000000000000e+00,6.526680226670578122e-05,1.783072889338654932e-06,7.728042206167629047e-09
1.297629787586629391e-04,7.126983109628781676e-05,4.695515381172299385e-04,5.754326792839492555e-09,6.196792674018070102e-05,6.771788321202620864e-05,0.000000000000000000e+00,1.153799239546060562e-04,1.783072889338654932e-06,1.507821778545803681e-08
2.188836078858003020e-04,1.443733199266716838e-04,5.750647978857159615e-04,1.165670315828037928e-08,8.800831710686907172e-05,9.711514576338231564e-05,0.000000000000000000e+00,1.700381399132311344e-04,1.783072889338654932e-06,1.301240004636383674e-08
2.279192995047196746e-04,1.288046478293836117e-04,7.945859688334167004e-04,1.039968822169612395e-08,8.706446533324196935e-05,9.176303137792274356e-05,0.000000000000000000e+00,1.965604169527068734e-04,1.783072889338654932e-06,2.315496772098413203e-08
2.108341141138225794e-04,1.182811756734736264e-04,7.409756071865558624e-04,9.550023882809455245e-09,8.463685662718489766e-05,9.279304504161700606e-05,0.000000000000000000e+00,1.845537335611879826e-04,1.783072889338654932e-06,1.384111669722187798e-08
1.881546195363625884e-04,1.019730771076865494e-04,7.081946241669356823e-04,8.233306481031377189e-09,7.996673230081796646e-05,8.684389467816799879e-05,0.000000000000000000e+00,1.536207564640790224e-04,1.783072889338654932e-06,1.889469558591372333e-08
2.017090737354010344e-04,1.082139933714643121e-04,8.183529134839773178e-04,8.737199408415108337e-09,8.309148688567802310e-05,8.812182204565033317e-05,0.000000000000000000e+00,1.165978173958137631e-04,1.783072889338654932e-06,9.663425615258347534e-09
1.893604057841002941e-04,1.109390286728739738e-04,6.947083747945725918e-04,8.957218078364803659e-09,8.266518125310540199e-05,9.251676237909123302e-05,0.000000000000000000e+00,8.950532355811446905e-05,1.783072889338654932e-06,1.203384059067502676e-08
1.518787175882607698e-04,8.641093882033601403e-05,5.828920402564108372e-04,6.976820010606843425e-09,7.255218952195718884e-05,7.654110231669619679e-05,0.000000000000000000e+00,7.178579107858240604e-05,1.783072889338654932e-06,7.571507865122839576e-09
8.372874435735866427e-05,4.181007170700468123e-05,3.500866005197167397e-04,3.375745460942880527e-09,5.039959069108590484e-05,6.177004979690536857e-05,0.000000000000000000e+00,6.910013325978070498e-05,1.783072889338654932e-06,9.486157637184078339e-09
3.717922299983911216e-05,9.080256859306246042e-06,2.176222624257206917e-04,7.331400486698669283e-10,2.312806282134260982e-05,3.183609442203305662e-05,0.000000000000000000e+00,6.336738442769274116e-05,1.783072889338654932e-06,7.566618442922390386e-09
3.340437615406699479e-05,6.251748800423229113e-06,2.072520583169534802e-04,5.047662843260525278e-10,1.799304482119623572e-05,2.763514748949091882e-05,0.000000000000000000e+00,6.427422340493649244e-05,1.783072889338654932e-06,8.767789161368000350e-09
5.551876893150620162e-05,2.517329266993328929e-05,2.409573498880490661e-04,2.032491952519421829e-09,3.599817500798963010e-05,4.919094135402701795e-05,0.000000000000000000e+00,6.249737634789198637e-05,1.783072889338654932e-06,7.809975777206545899e-09
7.126451237127184868e-05,3.584122896427288651e-05,2.929683541879057884e-04,2.893821182681222126e-09,4.515667387749999762e-05,5.074504588264971972e-05,0.000000000000000000e+00,6.126444350229576230e-05,1.783072889338654932e-06,7.826196579685529287e-09
7.027923857094720006e-05,3.132679557893425226e-05,3.229929134249687195e-04,2.529326081912586233e-09,4.437097231857478619e-05,5.570568100665695965e-05,0.000000000000000000e+00,6.653151649516075850e-05,1.783072889338654932e-06,9.189257355046720477e-09
7.274272502399981022e-05,3.008131898241117597e-05,3.473024989943951368e-04,2.428765855100323279e-09,4.364394771982915699e-05,5.029140811529941857e-05,0.000000000000000000e+00,7.931156142149120569e-05,1.783072889338654932e-06,7.763307330321822519e-09
9.010877693071961403e-05,4.372475814307108521e-05,3.613402659539133310e-04,3.530337577828390749e-09,5.237623190623708069e-05,6.015855979057960212e-05,0.000000000000000000e+00,1.024998782668262720e-04,1.783072889338654932e-06,1.360605139666404284e-08
1.221428829012438655e-04,5.840941230417229235e-05,5.119545967318117619e-04,4.715976942293309548e-09,5.991334182908758521e-05,6.872524681966751814e-05,0.000000000000000000e+00,1.253801456186920404e-04,1.783072889338654932e-06,1.010464778516961815e-08
1.428980467608198524e-04,7.759373693261295557e-05,5.088038742542266846e-04,6.264919694132231598e-09,6.861134170321747661e-05,7.459193875547498465e-05,0.000000000000000000e+00,1.442391658201813698e-04,1.783072889338654932e-06,1.796464843550893420e-08
1.595171197550371289e-04,8.502657146891579032e-05,6.007539923302829266e-04,6.865046309201261465e-09,7.236586679937317967e-05,8.039935346459969878e-05,0.000000000000000000e+00,1.441513886675238609e-04,1.783072889338654932e-06,1.121865444986269722e-08
1.590931206010282040e-04,8.094475197140127420e-05,6.322358967736363411e-04,6.535480157054962547e-09,7.124129479052498937e-05,7.754310354357585311e-05,0.000000000000000000e+00,1.492478622822090983e-04,1.783072889338654932e-06,1.847679875766061741e-08
1.671514182817190886e-04,8.972113573690876365e-05,6.382275023497641087e-04,7.244085775681696759e-09,7.517595804529264569e-05,8.216414425987750292e-05,0.000000000000000000e+00,1.360752212349325418e-04,1.783072889338654932e-06,1.074266364753384551e-08
1.616599911358207464e-04,8.316135790664702654e-05,6.560259498655796051e-04,6.714448996802957481e-09,7.263047154992818832e-05,8.013143087737262249e-05,0.000000000000000000e+00,1.289603096665814519e-04,1.783072889338654932e-06,1.642471225693498127e-08
1.557391369715332985e-04,8.275620348285883665e-05,6.207735859788954258e-04,6.681736941516192019e-09,7.247357279993593693e-05,7.858945173211395741e-05,0.000000000000000000e+00,1.090558944270014763e-04,1.783072889338654932e-06,9.166557290996024676e-09
1.278334239032119513e-04,6.661316729150712490e-05,5.100598209537565708e-04,5.378347989193343892e-09,6.529106758534908295e-05,7.355619891313835979e-05,0.000000000000000000e+00,1.021427015075460076e-04,1.783072889338654932e-06,1.360799117833266791e-08
1.020000636344775558e-04,4.660282866097986698e-05,4.595815262291580439e-04,3.762712807997559139e-09,5.428768417914398015e-05,6.108357774792239070e-05,0.000000000000000000e+00,9.439082350581884384e-05,1.783072889338654932e-06,8.364825276885312633e-09
7.445413939421996474e-05,3.449358700891025364e-05,3.099004679825156927e-04,2.785012442885204109e-09,4.640242696041241288e-05,5.484818029799498618e-05,0.000000000000000000e+00,8.970509225036948919e-05,1.783072889338654932e-06,1.224871226668255986e-08
5.701003829017281532e-05,2.100968958984594792e-05,2.832445024978369474e-04,1.696322637911862330e-09,3.579091571737080812e-05,4.537703716778196394e-05,0.000000000000000000e+00,7.675899541936814785e-05,1.783072889338654932e-06,7.551419045626062143e-09
4.364006963442079723e-05,1.479537331761093810e-05,2.157634298782795668e-04,1.194578547192293172e-09,2.981564466608688235e-05,3.846513573080301285e-05,0.000000000000000000e+00,7.268354238476604223e-05,1.783072889338654932e-06,1.026298868112007767e-08
3.374045627424493432e-05,9.058314390131272376e-06,1.816212898120284081e-04,7.313685213006237973e-10,2.237552507722284645e-05,3.512015246087685227e-05,0.000000000000000000e+00,6.520014721900224686e-05,1.783072889338654932e-06,7.224005393879906478e-09
2.622089596115984023e-05,3.899251623806776479e-06,1.626064622541889548e-04,3.148256377816238682e-10,1.357446217298274860e-05,2.642482832015957683e-05,0.000000000000000000e+00,6.060997839085757732e-05,1.783072889338654932e-06,8.550248509209268377e-09
2.306480928382370621e-05,1.952845195773988962e-06,1.539648219477385283e-04,1.576727359786644911e-10,7.695623025938402861e-06,2.731136737565975636e-05,0.000000000000000000e+00,5.715480801882222295e-05,1.783072889338654932e-06,7.692274373027885304e-09
2.488272912160027772e-05,3.401620915610692464e-06,1.567721774335950613e-04,2.746469440761956093e-10,1.260441604244988412e-05,2.799446338030975312e-05,0.000000000000000000e+00,5.803888780064880848e-05,1.783072889338654932e-06,7.218903697037148959e-09
3.031648884643800557e-05,6.485652193077839911e-06,1.758365688147023320e-04,5.236516220641362906e-10,1.892513137136120349e-05,2.957057768071535975e-05,0.000000000000000000e+00,6.247177952900528908e-05,1.783072889338654932e-06,8.910053139743467909e-09
3.672227467177435756e-05,1.061888087861007079e-05,1.963295362656936049e-04,8.573685650326012819e-10,2.458738345012534410e-05,3.692297832458280027e-05,0.000000000000000000e+00,6.470439984695985913e-05,1.783072889338654932e-06,7.106668142853322934e-09
4.116716445423662663e-05,1.375254487356869504e-05,2.033774944720789790e-04,1.110380565272350850e-09,2.858780862879939377e-05,3.740035754162818193e-05,0.000000000000000000e+00,7.076867768773809075e-05,1.783072889338654932e-06,1.007442840261774109e-08
4.356241333880461752e-05,1.413269001204753295e-05,2.240658213850110769e-04,1.141073457944230540e-09,2.916606536018662155e-05,3.962815389968454838e-05,0.000000000000000000e+00,7.023138459771871567e-05,1.783072889338654932e-06,7.229330023506008729e-09
4.279718996258452535e-05,1.436098864360246807e-05,2.138436975656077266e-04,1.159506268777477089e-09,2.949936788354534656e-05,3.872235902235843241e-05,0.000000000000000000e+00,7.051829015836119652e-05,1.783072889338654932e-06,1.006512917456348077e-08
4.035122401546686888e-05,1.301285101362736896e-05,2.080160484183579683e-04,1.050657782997177492e-09,2.792187478917185217e-05,3.813701550825498998e-05,0.000000000000000000e+00,6.536767614306882024e-05,1.783072889338654932e-06,7.087280984308108600e-09
3.557015588739886880e-05,9.485591363045386970e-06,1.963069662451744080e-04,7.658667589005574428e-10,2.389569999650120735e-05,3.455257683526724577e-05,0.000000000000000000e+00,6.453867536038160324e-05,1.783072889338654932e-06,9.281304613750762655e-09
3.046385245397686958e-05,7.363687018369091675e-06,1.719973806757479906e-04,5.945441916566096552e-10,2.071179187623783946e-05,3.186638787155970931e-05,0.000000000000000000e+00,5.900426185689866543e-05,1.783072889338654932e-06,7.034004489980816288e-09
2.604675501061137766e-05,4.136685674893669784e-06,1.608051679795607924e-04,3.339960252812801400e-10,1.459046961826970801e-05,2.885148751374799758e-05,0.000000000000000000e+00,5.829551446367986500e-05,1.783072889338654932e-06,8.315835131611493125e-09
2.314613811904564500e-05,2.741686103036045097e-06,1.484011445427313447e-04,2.213637606551799308e-10,1.062550200003897771e-05,2.726673301367554814e-05,0.000000000000000000e+00,5.564337334362789989e-05,1.783072889338654932e-06,7.144306035655745291e-09
2.160531767003703862e-05,1.807900162020814605e-06,1.425972295692190528e-04,1.459698750760907160e-10,6.888543794048018754e-06,2.569233038229867816e-05,0.000000000000000000e+00,5.537694232771173120e-05,1.783072889338654932e-06,7.741324914434244420e-09
2.136782859452068806e-05,1.759249016686226241e-06,1.415564038325101137e-04,1.420417811148766418e-10,6.719511929986765608e-06,2.635842611198313534e-05,0.000000000000000000e+00,5.452938421512953937e-05,1.783072889338654932e-06,7.424735493088974181e-09
2.198007496190257370e-05,2.077732006000587717e-06,1.445343223167583346e-04,1.677561006774297425e-10,8.436630196229089051e-06,2.599625622679013759e-05,0.000000000000000000e+00,5.448910815175622702e-05,1.783072889338654932e-06,7.191190753985665651e-09
2.290734119014814496e-05,2.772690095298457891e-06,1.456224272260442376e-04,2.238670360199535025e-10,1.100477402360411361e-05,2.763872362265828997e-05,0.000000000000000000e+00,5.572407462750561535e-05,1.783072889338654932e-06,7.903619980709208903e-09
2.390036752331070602e-05,3.405792540434049442e-06,1.496923505328595638e-04,2.749837302307156506e-10,1.266365688934456557e-05,2.794086685753427446e-05,0.000000000000000000e+00,5.525340748135931790e-05,1.783072889338654932e-06,7.017806780140745104e-09
2.510679587430786341e-05,4.050698862556600943e-06,1.535110932309180498e-04,3.270534676413916486e-10,1.437679657101398334e-05,2.798316745611373335e-05,0.000000000000000000e+00,5.704987415811046958e-05,1.783072889338654932e-06,8.215960356494633743e-09
2.641154060256667435e-05,5.166266419109888375e-06,1.556857023388147354e-04,4.171244183392985860e-10,1.645625889068469405e-05,3.069048034376464784e-05,0.000000000000000000e+00,5.676702858181670308e-05,1.783072889338654932e-06,6.912667771530323080e-09
2.777314148261211812e-05,5.643923032039310783e-06,1.621980045456439257e-04,4.556904020791563426e-10,1.769766640791203827e-05,2.984433740493841469e-05,0.000000000000000000e+00,5.909417086513713002e-05,1.783072889338654932e-06,8.591090505660758936e-09
2.904645225498825312e-05,6.704422958137001842e-06,1.658169348957017064e-04,5.413151593636200687e-10,1.942175185831729323e-05,3.175275560352019966e-05,0.000000000000000000e+00,5.760334897786378860e-05,1.783072889338654932e-06,6.858012824295656173e-09
3.025121804967056960e-05,7.376102985290344805e-06,1.685994066065177321e-04,5.955466675366949403e-10,2.062011117232032120e-05,3.190732968505471945e-05,0.000000000000000000e+00,6.015174585627391934e-05,1.783072889338654932e-06,8.771859683065486024e-09
3.163241490256041288e-05,8.183669706340879202e-06,1.761127059580758214e-04,6.607495106614180713e-10,2.178356953663751483e-05,3.341394767630845308e-05,0.000000000000000000e+00,5.837472417624667287e-05,1.783072889338654932e-06,6.814530273402397142e-09
3.272483081673271954e-05,8.980327038443647325e-06,1.763935579219833016e-04,7.250716693718572969e-10,2.315211531822569668e-05,3.418691630940884352e-05,0.000000000000000000e+00,6.105148349888622761e-05,1.783072889338654932e-06,8.923517036407702108e-09
3.424657916184514761e-05,9.802266504266299307e-06,1.849904947448521852e-04,7.914351396465235666e-10,2.417971882096026093e-05,3.444447065703570843e-05,0.000000000000000000e+00,5.945262819295749068e-05,1.783072889338654932e-06,6.796261331487585267e-09
3.641849616542458534e-05,1.100961708289105445e-05,1.911367289721965790e-04,8.889166069891984989e-10,2.584596404631156474e-05,3.639907663455232978e-05,0.000000000000000000e+00,6.295205093920230865e-05,1.783072889338654932e-06,9.207807849520577292e-09
4.123496182728558779e-05,1.430499105481430888e-05,2.062803250737488270e-04,1.154985107554296064e-09,2.958493496407754719e-05,3.891719461535103619e-05,0.000000000000000000e+00,6.301938265096396208e-05,1.783072889338654932e-06,6.853998701927821458e-09
4.870154589298181236e-05,1.823533602873794734e-05,2.337846235604956746e-04,1.472321264905929183e-09,3.370811828062869608e-05,4.298968997318297625e-05,0.000000000000000000e+00,7.087747508194297552e-05,1.783072889338654932e-06,1.024460427601070478e-08
6.146647501736879349e-05,2.632773430377710611e-05,2.773682645056396723e-04,2.125701614730246547e-09,4.049661220051348209e-05,4.862440255237743258e-05,0.000000000000000000e+00,7.401911716442555189e-05,1.783072889338654932e-06,7.223389886235054291e-09
7.753550744382664561e-05,3.570947956177406013e-05,3.299524250905960798e-04,2.883183913837683576e-09,4.748069841298274696e-05,5.570649591390974820e-05,0.000000000000000000e+00,8.830786100588738918e-05,1.783072889338654932e-06,1.228150736665156728e-08
1.026537502184510231e-04,5.050107938586734235e-05,4.237415269017219543e-04,4.077457926854322068e-09,5.635909110424108803e-05,6.400473648682236671e-05,0.000000000000000000e+00,9.778517414815723896e-05,1.783072889338654932e-06,8.366593640118935582e-09
1.334240805590525270e-04,6.974462303332984447e-05,5.138597916811704636e-04,5.631181299037280041e-09,6.629384006373584270e-05,7.343450852204114199e-05,0.000000000000000000e+00,1.229347253683954477e-04,1.783072889338654932e-06,1.595570076062813314e-08
1.883096119854599237e-04,1.009667103062383831e-04,7.277322001755237579e-04,8.152054142840370332e-09,7.995043415576219559e-05,8.707583037903532386e-05,0.000000000000000000e+00,1.456968020647764206e-04,1.783072889338654932e-06,1.116518433263991028e-08
2.533837687224149704e-04,1.417228631908074021e-04,9.190840064547955990e-04,1.144270633801625081e-08,9.470199438510462642e-05,1.009356783470138907e-04,0.000000000000000000e+00,1.975251652766019106e-04,1.783072889338654932e-06,2.331477233497025736e-08
3.769599134102463722e-04,2.124426828231662512e-04,1.387748285196721554e-03,1.715262598622757650e-08,1.162105545517988503e-04,1.229417248396202922e-04,0.000000000000000000e+00,2.574238751549273729e-04,1.783072889338654932e-06,1.848947306370973820e-08
5.073298234492540359e-04,2.965942258015275002e-04,1.762118190526962280e-03,2.394702036667695211e-08,1.371770049445331097e-04,1.420071785105392337e-04,0.000000000000000000e+00,3.452376404311507940e-04,1.783072889338654932e-06,3.709735096890653949e-08
7.602824480272829533e-04,4.377551958896219730e-04,2.760037546977400780e-03,3.534436032737175992e-08,1.670001802267506719e-04,1.735013065626844764e-04,0.000000000000000000e+00,4.652348579838871956e-04,1.783072889338654932e-06,3.307575724420530605e-08
9.454234386794269085e-04,5.653133848682045937e-04,3.179404418915510178e-03,4.564340727597482328e-08,1.895655586849898100e-04,1.932174345711246133e-04,0.000000000000000000e+00,6.216955953277647495e-04,1.783072889338654932e-06,6.188995627098847763e-08
1.358533510938286781e-03,7.823570049367845058e-04,4.942196886986494064e-03,6.316751210988513776e-08,2.234597923234105110e-04,2.298246690770611167e-04,0.000000000000000000e+00,8.195684058591723442e-04,1.783072889338654932e-06,5.899853050550518674e-08
1.507047913037240505e-03,9.197837789542973042e-04,4.916813224554061890e-03,7.426335457694221986e-08,2.416460338281467557e-04,2.443319535814225674e-04,0.000000000000000000e+00,9.558285237289965153e-04,1.783072889338654932e-06,9.113528420812144759e-08
2.018515486270189285e-03,1.156941754743456841e-03,7.439034059643745422e-03,9.341148654584685573e-08,2.716476737987250090e-04,2.780394570436328650e-04,0.000000000000000000e+00,1.176702091470360756e-03,1.783072889338654932e-06,8.572088461278326577e-08
1.975754275918006897e-03,1.222836319357156754e-03,6.264769472181797028e-03,9.873181738839775790e-08,2.784552925731986761e-04,2.806447737384587526e-04,0.000000000000000000e+00,1.264409744180738926e-03,1.783072889338654932e-06,1.178144373170653125e-07
2.423196798190474510e-03,1.374169136397540569e-03,9.068287909030914307e-03,1.109504452756482351e-07,2.961479185614734888e-04,3.024895559065043926e-04,0.000000000000000000e+00,1.421988010406494141e-03,1.783072889338654932e-06,1.042943083007230598e-07
2.086272928863763809e-03,1.304373261518776417e-03,6.510411389172077179e-03,1.053150953111980925e-07,2.877247461583465338e-04,2.899205719586461782e-04,0.000000000000000000e+00,1.308585866354405880e-03,1.783072889338654932e-06,1.216473890508495970e-07
2.212438266724348068e-03,1.245688530616462231e-03,8.392697200179100037e-03,1.005769050266280829e-07,2.817724889609962702e-04,2.881536493077874184e-04,0.000000000000000000e+00,1.274798531085252762e-03,1.783072889338654932e-06,9.321328064970657579e-08
1.611832762137055397e-03,1.009419327601790428e-03,4.997756332159042358e-03,8.150053076860785950e-08,2.530806523282080889e-04,2.557897823862731457e-04,0.000000000000000000e+00,1.026377896778285503e-03,1.783072889338654932e-06,9.734630168622970814e-08
1.352266757749021053e-03,7.550276932306587696e-04,5.179335363209247589e-03,6.096094296026421944e-08,2.189673832617700100e-04,2.254107239423319697e-04,0.000000000000000000e+00,7.930546416901051998e-04,1.783072889338654932e-06,5.719457973896169278e-08
7.943533128127455711e-04,4.872244317084550858e-04,2.552944701164960861e-03,3.933850223347690189e-08,1.764251064741984010e-04,1.806076761567965150e-04,0.000000000000000000e+00,5.183440516702830791e-04,1.783072889338654932e-06,5.283597204197576502e-08
4.534866311587393284e-04,2.478947280906140804e-04,1.762711559422314167e-03,2.001502252824138850e-08,1.247461332241073251e-04,1.314333931077271700e-04,0.000000000000000000e+00,2.932074130512773991e-04,1.783072889338654932e-06,2.115603692232070898e-08
1.659561821725219488e-04,8.912494377000257373e-05,6.224527605809271336e-04,7.195948725779999222e-09,7.538501813542097807e-05,8.229503146139904857e-05,0.000000000000000000e+00,1.458597398595884442e-04,1.783072889338654932e-06,1.836644436536971625e-08
3.685744377435185015e-05,9.624057383916806430e-06,2.092055801767855883e-04,7.770464827139278441e-10,2.302733628312125802e-05,3.423955422476865351e-05,0.000000000000000000e+00,6.312828918453305960e-05,1.783072889338654932e-06,7.249842504108983121e-09
4.017594619654119015e-05,1.261503166460897774e-05,2.106795727740973234e-04,1.018537809649444625e-09,2.668199340405408293e-05,3.737095175893045962e-05,0.000000000000000000e+00,6.492954707937315106e-05,1.783072889338654932e-06,7.257061618304305739e-09
1.400734181515872478e-04,6.927484355401247740e-05,5.756799364462494850e-04,5.593251639623986193e-09,6.631779979215934873e-05,7.320409349631518126e-05,0.000000000000000000e+00,1.323056640103459358e-04,1.783072889338654932e-06,1.695143581059710414e-08
2.991007058881223202e-04,1.687280018813908100e-04,1.091815880499780178e-03,1.362310175778702614e-08,1.033387379720807076e-04,1.101221932913176715e-04,0.000000000000000000e+00,2.119110577041283250e-04,1.783072889338654932e-06,1.558658091482811869e-08
4.224843287374824286e-04,2.418849326204508543e-04,1.508997753262519836e-03,1.952979111763397668e-08,1.236070820596069098e-04,1.288511411985382438e-04,0.000000000000000000e+00,2.969960914924740791e-04,1.783072889338654932e-06,3.269444448505964829e-08
5.512989591807126999e-04,3.159499028697609901e-04,2.013867255300283432e-03,2.550980049420559226e-08,1.416296581737697124e-04,1.483150554122403264e-04,0.000000000000000000e+00,3.396231622900813818e-04,1.783072889338654932e-06,2.426730461024817487e-08
5.335882888175547123e-04,3.146183735225349665e-04,1.838301657699048519e-03,2.540228649650089210e-08,1.405833754688501358e-04,1.454045559512451291e-04,0.000000000000000000e+00,3.513971460051834583e-04,1.783072889338654932e-06,3.767518919062240457e-08
5.117058753967285156e-04,2.904289285652339458e-04,1.896923989988863468e-03,2.344923366592865932e-08,1.360321621177718043e-04,1.425447262590751052e-04,0.000000000000000000e+00,3.158452454954385757e-04,1.783072889338654932e-06,2.261071863074448629e-08
3.730978933162987232e-04,2.139076532330363989e-04,1.334545901045203209e-03,1.727090470637904218e-08,1.160691317636519670e-04,1.218644174514338374e-04,0.000000000000000000e+00,2.573563833720982075e-04,1.783072889338654932e-06,2.899486339913437405e-08
2.630726085044443607e-04,1.464554079575464129e-04,9.899315191432833672e-04,1.182481224049070079e-08,9.634387970436364412e-05,1.030000203172676265e-04,0.000000000000000000e+00,1.762404717737808824e-04,1.783072889338654932e-06,1.323510900874680374e-08
1.439646584913134575e-04,7.281523721758276224e-05,5.890247994102537632e-04,5.879102982220274498e-09,6.782466516597196460e-05,7.523887325078248978e-05,0.000000000000000000e+00,1.224692969117313623e-04,1.783072889338654932e-06,1.590706055765167548e-08
6.884348113089799881e-05,3.105470023001544178e-05,2.996101393364369869e-04,2.507356766656698710e-09,4.421893754624761641e-05,5.192893149796873331e-05,0.000000000000000000e+00,7.827766239643096924e-05,1.783072889338654932e-06,7.617314778940453834e-09
2.985483115480747074e-05,5.390784735936904326e-06,1.846638770075514913e-04,4.352520566186512951e-10,1.716774022497702390e-05,2.994143687828909606e-05,0.000000000000000000e+00,5.997659172862768173e-05,1.783072889338654932e-06,8.628335379512463987e-09
2.319684244866948575e-05,1.911655999720096588e-06,1.565979182487353683e-04,1.543471184195510659e-10,7.832099981897044927e-06,2.651881186466198415e-05,0.000000000000000000e+00,5.625393532682210207e-05,1.783072889338654932e-06,7.905421206544360757e-09
3.929037120542488992e-05,1.216205782839097083e-05,2.081544516840949655e-04,9.819646207276377936e-10,2.714879519771784544e-05,3.656950866570696235e-05,0.000000000000000000e+00,6.312868208624422550e-05,1.783072889338654932e-06,7.074450358857120591e-09
7.285086758201941848e-05,3.252437818446196616e-05,3.217774210497736931e-04,2.626018291707055141e-09,4.470846397452987731e-05,5.333082663128152490e-05,0.000000000000000000e+00,8.148748020175844431e-05,1.783072889338654932e-06,1.145744832342643349e-08
1.219238256453536451e-04,6.053829565644264221e-05,5.121718859300017357e-04,4.887862559144195984e-09,6.190233398228883743e-05,6.897236744407564402e-05,0.000000000000000000e+00,1.016833921312354505e-04,1.783072889338654932e-06,8.694214237436881376e-09
1.669090706855058670e-04,9.078636503545567393e-05,6.257341010496020317e-04,7.330092088864148536e-09,7.556357013527303934e-05,8.291109406854957342e-05,0.000000000000000000e+00,1.354929263470694423e-04,1.783072889338654932e-06,1.720956888107139093e-08
2.140126016456633806e-04,1.137671206379309297e-04,8.499813848175108433e-04,9.185558980107089155e-09,8.509602048434317112e-05,9.167726966552436352e-05,0.000000000000000000e+00,1.524735707789659500e-04,1.783072889338654932e-06,1.167614271935235593e-08
2.283656504005193710e-04,1.280600845348089933e-04,8.306662202812731266e-04,1.033957275353714067e-08,8.992314542410895228e-05,9.655377652961760759e-05,0.000000000000000000e+00,1.723893801681697369e-04,1.783072889338654932e-06,2.087318762278300710e-08
2.439968957332894206e-04,1.322164025623351336e-04,9.450519573874771595e-04,1.067515320585243899e-08,9.137643064605072141e-05,9.829798364080488682e-05,0.000000000000000000e+00,1.727529452182352543e-04,1.783072889338654932e-06,1.294337792501210060e-08
2.248112141387537122e-04,1.250066416105255485e-04,8.202547323890030384e-04,1.009303751686729811e-08,8.887678268365561962e-05,9.525868517812341452e-05,0.000000000000000000e+00,1.777910511009395123e-04,1.783072889338654932e-06,2.138938270945800468e-08
2.127090119756758213e-04,1.140946187661029398e-04,8.226851350627839565e-04,9.212000939839981584e-09,8.479547977913171053e-05,9.185910312226042151e-05,0.000000000000000000e+00,1.634587097214534879e-04,1.783072889338654932e-06,1.234799906768557776e-08
1.758360449457541108e-04,9.507357026450335979e-05,6.605153321288526058e-04,7.676240976195458643e-09,7.729313074378296733e-05,8.408528810832649469e-05,0.000000000000000000e+00,1.471093564759939909e-04,1.783072889338654932e-06,1.835854845921858214e-08
1.446834066882729530e-04,7.480663771275430918e-05,5.763088702224195004e-04,6.039888145181748769e-09,6.868668424431234598e-05,7.613407797180116177e-05,0.000000000000000000e+00,1.224586594616994262e-04,1.783072889338654932e-06,9.823452273849397898e-09
1.030764833558350801e-04,5.066742960480041802e-05,4.180370306130498648e-04,4.090888960917027362e-09,5.629596125800162554e-05,6.390402268152683973e-05,0.000000000000000000e+00,1.060534486896358430e-04,1.783072889338654932e-06,1.415348194200305443e-08
7.212376658571884036e-05,3.179403938702307642e-05,3.208975249435752630e-04,2.567051016200139202e-09,4.454410373000428081e-05,5.263630373519845307e-05,0.000000000000000000e+00,8.239968155976384878e-05,1.783072889338654932e-06,7.657565248564424110e-09
4.776221976499073207e-05,1.718022758723236620e-05,2.357388148084282875e-04,1.387131742802694134e-09,3.256516356486827135e-05,4.190846084384247661e-05,0.000000000000000000e+00,7.008112152107059956e-05,1.783072889338654932e-06,1.007648720019460598e-08
3.195427052560262382e-05,8.172812158591113985e-06,1.789932284737005830e-04,6.598729895834765102e-10,2.180775118176825345e-05,3.324391946080140769e-05,0.000000000000000000e+00,5.882134064449928701e-05,1.783072889338654932e-06,6.892863169127849687e-09
2.311803473276086152e-05,2.566784132795874029e-06,1.499320933362469077e-04,2.072421678711577897e-10,1.058174348145257682e-05,2.641932587721385062e-05,0.000000000000000000e+00,5.558042903430759907e-05,1.783072889338654932e-06,7.942508872815778886e-09
2.115809002134483308e-05,1.496349568697041832e-06,1.428420946467667818e-04,1.208152883291901958e-10,5.704146133211906999e-06,2.552736259531229734e-05,0.000000000000000000e+00,5.377531488193199039e-05,1.783072889338654932e-06,7.455964734504050284e-09
2.450183092150837183e-05,3.731312517629703507e-06,1.526686974102631211e-04,3.012662064261206751e-10,1.352027084067231044e-05,2.877625229302793741e-05,0.000000000000000000e+00,5.503647844307124615e-05,1.783072889338654932e-06,6.947853847805163241e-09
3.114997161901555955e-05,7.611421551700914279e-06,1.752734679030254483e-04,6.145463027351638630e-10,2.117180520144756883e-05,3.232032759115099907e-05,0.000000000000000000e+00,6.011204095557332039e-05,1.783072889338654932e-06,8.771593229539575987e-09
3.863952588289976120e-05,1.205857915920205414e-05,2.031395561061799526e-04,9.736098594004261031e-10,2.687851520022377372e-05,3.696517887874506414e-05,0.000000000000000000e+00,6.266993295866996050e-05,1.783072889338654932e-06,6.878061675763547100e-09
4.338963117334060371e-05,1.526455889688804746e-05,2.124604070559144020e-04,1.232460689060133063e-09,3.056396235479041934e-05,3.998579995823092759e-05,0.000000000000000000e+00,6.879027205286547542e-05,1.783072889338654932e-06,9.971439673961413064e-09
4.560123124974779785e-05,1.631550367164891213e-05,2.264085924252867699e-04,1.317313924609209153e-09,3.145293521811254323e-05,4.126390922465361655e-05,0.000000000000000000e+00,6.644867244176566601e-05,1.783072889338654932e-06,6.951233810781332068e-09
4.431999332155101001e-05,1.607849844731390476e-05,2.145899488823488355e-04,1.298178231579072417e-09,3.129166361759416759e-05,4.027471004519611597e-05,0.000000000000000000e+00,6.782497075619176030e-05,1.783072889338654932e-06,9.861403249544764549e-09
4.083362000528723001e-05,1.374555904476437718e-05,2.063472202280536294e-04,1.109816682998143733e-09,2.870348362193908542e-05,3.900813317159190774e-05,0.000000000000000000e+00,6.453336391132324934e-05,1.783072889338654932e-06,6.868597246523222566e-09
3.499511512927711010e-05,1.012082793749868870e-05,1.848039391916245222e-04,8.171557874803170307e-10,2.441898323013447225e-05,3.417630796320736408e-05,0.000000000000000000e+00,6.393891817424446344e-05,1.783072889338654932e-06,9.372031151144710748e-09
2.940901504189241678e-05,7.295234354387503117e-06,1.643717405386269093e-04,5.890173349065719322e-10,2.026659785769879818e-05,3.333649874548427761e-05,0.000000000000000000e+00,5.676605360349640250e-05,1.783072889338654932e-06,6.722628675959185784e-09
2.500153459550347179e-05,4.354719294497044757e-06,1.512414892204105854e-04,3.516000823822196253e-10,1.489912574470508844e-05,2.722634053498040885e-05,0.000000000000000000e+00,5.522665742319077253e-05,1.783072889338654932e-06,8.091221914696689055e-09
2.204681550210807472e-05,2.788879328363691457e-06,1.399200409650802612e-04,2.251741432202081228e-10,1.070007328962674364e-05,2.847000723704695702e-05,0.000000000000000000e+00,5.265932850306853652e-05,1.783072889338654932e-06,6.800255469840976730e-09
2.054748256341554224e-05,1.820837724153534509e-06,1.353834086330607533e-04,1.470144561643849102e-10,7.233994438138324767e-06,2.539983506721910089e-05,0.000000000000000000e+00,5.188304203329607844e-05,1.783072889338654932e-06,7.427514603364215873e-09
2.023589331656694412e-05,1.665594595579023007e-06,1.344351039733737707e-04,1.344801214830937397e-10,6.647770533163566142e-06,2.633452822919934988e-05,0.000000000000000000e+00,5.126788892084732652e-05,1.783072889338654932e-06,7.223190934269041463e-09
2.086129279632586986e-05,2.047828047579969279e-06,1.368964731227606535e-04,1.653416570324139911e-10,8.358245395356789231e-06,2.618609869387000799e-05,0.000000000000000000e+00,5.123816299601458013e-05,1.783072889338654932e-06,6.852564737869215605e-09
2.221375871158670634e-05,2.953565854113548994e-06,1.402092457283288240e-04,2.384709374414484273e-10,1.156862526840995997e-05,2.684537867025937885e-05,0.000000000000000000e+00,5.239267193246632814e-05,1.783072889338654932e-06,7.637446231001376873e-09
2.365557702432852238e-05,3.938261670555220917e-06,1.447706163162365556e-04,3.179752849913342061e-10,1.380912090098718181e-05,2.983444755955133587e-05,0.000000000000000000e+00,5.240253449301235378e-05,1.783072889338654932e-06,6.672785879402454157e-09
2.468343700456898659e-05,4.501391231315210462e-06,1.471289433538913727e-04,3.634423872966863200e-10,1.520552905276417732e-05,2.736235910560935736e-05,0.000000000000000000e+00,5.469149618875235319e-05,1.783072889338654932e-06,8.113551608346369903e-09
2.514856169000267982e-05,5.046163096267264336e-06,1.477321202401071787e-04,4.074272308418613875e-10,1.629435064387507737e-05,3.096938598901033401e-05,0.000000000000000000e+00,5.329186024027876556e-05,1.783072889338654932e-06,6.596963419980284016e-09
2.507500175852328539e-05,4.746354534290730953e-06,1.489449496148154140e-04,3.832207329246273275e-10,1.576426620886195451e-05,2.790251528494991362e-05,0.000000000000000000e+00,5.434150807559490204e-05,1.783072889338654932e-06,8.078060886873572599e-09
2.445859718136489391e-05,4.715072464023251086e-06,1.449393603252246976e-04,3.806950032991807120e-10,1.554582559037953615e-05,3.057893991353921592e-05,0.000000000000000000e+00,5.249588866718113422e-05,1.783072889338654932e-06,6.582999034776548797e-09
2.330350253032520413e-05,3.782079375014291145e-06,1.420353364665061235e-04,3.053650943218855218e-10,1.363134833809453994e-05,2.679431963770184666e-05,0.000000000000000000e+00,5.317887553246691823e-05,1.783072889338654932e-06,7.905550880593636975e-09
2.195360139012336731e-05,3.151345481455791742e-06,1.373066334053874016e-04,2.544396915382662883e-10,1.186434383271262050e-05,2.867295734176877886e-05,0.000000000000000000e+00,5.071593841421417892e-05,1.783072889338654932e-06,6.642709493576148816e-09
2.084991137962788343e-05,2.423682417429517955e-06,1.335298147751018405e-04,1.956881462428228247e-10,9.780533218872733414e-06,2.618301732582040131e-05,0.000000000000000000e+00,5.073246211395598948e-05,1.783072889338654932e-06,7.437873872362388283e-09
2.005347778322175145e-05,1.981042942134081386e-06,1.310163643211126328e-04,1.599494287018998762e-10,7.863023711252026260e-06,2.638788282638415694e-05,0.000000000000000000e+00,4.970797454006969929e-05,1.783072889338654932e-06,6.712994160551488676e-09
1.952863021870143712e-05,1.686350856289209332e-06,1.287707709707319736e-04,1.361559892609776057e-10,6.527201549033634365e-06,2.584166213637217879e-05,0.000000000000000000e+00,4.965202606399543583e-05,1.783072889338654932e-06,7.181302219549934307e-09
1.920674003486055881e-05,1.546543444419512525e-06,1.274466922041028738e-04,1.248679493137672125e-10,5.573195721808588132e-06,2.595733894850127399e-05,0.000000000000000000e+00,4.915527097182348371e-05,1.783072889338654932e-06,6.961272003280782883e-09
1.911775871121790260e-05,1.522600314274313860e-06,1.268984633497893810e-04,1.229347595943508509e-10,5.271405370876891539e-06,2.581212174845859408e-05,0.000000000000000000e+00,4.905311288894154131e-05,1.783072889338654932e-06,6.883564385162799226e-09
1.926279401232022792e-05,1.635757598705822602e-06,1.270750508410856128e-04,1.320711040531108438e-10,6.176987881190143526e-06,2.546942414483055472e-05,0.000000000000000000e+00,4.919531784253194928e-05,1.783072889338654932e-06,7.100157795036921016e-09
1.956772393896244466e-05,1.902175313261977863e-06,1.278009440284222364e-04,1.535816612774354439e-10,7.441893558279844001e-06,2.680838224478065968e-05,0.000000000000000000e+00,4.885454109171405435e-05,1.783072889338654932e-06,6.742230773681967548e-09
2.002808105316944420e-05,2.110686637024627998e-06,1.291999651584774256e-04,1.704168611782463927e-10,8.625324880995322019e-06,2.599266008473932743e-05,0.000000000000000000e+00,4.997396172257140279e-05,1.783072889338654932e-06,7.401475432544657451e-09
2.060810948023572564e-05,2.525729314584168606e-06,1.313914981437847018e-04,2.039274027421100755e-10,1.002994940790813416e-05,2.720401062106247991e-05,0.000000000000000000e+00,4.943231033394113183e-05,1.783072889338654932e-06,6.560466836447176320e-09
2.131025030394084752e-05,2.957882543341838755e-06,1.331740932073444128e-04,2.388194364488782639e-10,1.159159546659793705e-05,2.678554665180854499e-05,0.000000000000000000e+00,5.034956120653077960e-05,1.783072889338654932e-06,7.514374011918789620e-09
2.213923289673402905e-05,3.517815457598771900e-06,1.365310599794611335e-04,2.840284396565806446e-10,1.297915969189489260e-05,2.882336957554798573e-05,0.000000000000000000e+00,4.968310895492322743e-05,1.783072889338654932e-06,6.487646864172802452e-09
2.315305937372613698e-05,4.065456778334919363e-06,1.389216486131772399e-04,3.282450700137218291e-10,1.449995670554926619e-05,2.767498517641797662e-05,0.000000000000000000e+00,5.195436824578791857e-05,1.783072889338654932e-06,7.845303962028538081e-09
2.461097392369993031e-05,5.042157226853305474e-06,1.445428642909973860e-04,4.071038228747880794e-10,1.641043672861997038e-05,3.046339588763657957e-05,0.000000000000000000e+00,5.114531086292117834e-05,1.783072889338654932e-06,6.397597118734665855e-09
2.684869468794204295e-05,6.258694611460668966e-06,1.524126419099047780e-04,5.053270024646394631e-10,1.887051985249854624e-05,3.043671495106536895e-05,0.000000000000000000e+00,5.348735430743545294e-05,1.783072889338654932e-06,8.117662986251161783e-09
3.151004420942626894e-05,9.171663805318530649e-06,1.687449839664623141e-04,7.405201452037601939e-10,2.333732845727354288e-05,3.449108407949097455e-05,0.000000000000000000e+00,5.463881825562566519e-05,1.783072889338654932e-06,6.367347538116518990e-09
3.985197326983325183e-05,1.393787169945426285e-05,1.966481213457882404e-04,1.125344040175946247e-09,2.930232221842743456e-05,3.867063787765800953e-05,0.000000000000000000e+00,6.249285797821357846e-05,1.783072889338654932e-06,9.378366527812431741e-09
5.478079401655122638e-05,2.318880797247402370e-05,2.496840897947549820e-04,1.872264565605519238e-09,3.787609239225275815e-05,4.659344631363637745e-05,0.000000000000000000e+00,6.623577792197465897e-05,1.783072889338654932e-06,6.679554243049778961e-09
7.590734458062797785e-05,3.573045978555455804e-05,3.193456795997917652e-04,2.884878114173261565e-09,4.749363142764195800e-05,5.560570571105927229e-05,0.000000000000000000e+00,8.242319745477288961e-05,1.783072889338654932e-06,1.174221608835068764e-08
1.106814597733318806e-04,5.627505743177607656e-05,4.456791502889245749e-04,4.543649012589412450e-09,5.967215838609263301e-05,6.706672138534486294e-05,0.000000000000000000e+00,9.838492405833676457e-05,1.783072889338654932e-06,8.241255677887693309e-09
1.581355172675102949e-04,8.494626672472804785e-05,5.969878402538597584e-04,6.858561718559030851e-09,7.323599857045337558e-05,8.029449236346408725e-05,0.000000000000000000e+00,1.349046942777931690e-04,1.783072889338654932e-06,1.723810960641003476e-08
2.433176559861749411e-04,1.350696984445676208e-04,9.121305192820727825e-04,1.090552981253267717e-08,9.257325291400775313e-05,9.939946903614327312e-05,0.000000000000000000e+00,1.703490270301699638e-04,1.783072889338654932e-06,1.260215931608854589e-08
3.518728772178292274e-04,2.023297711275517941e-04,1.250469475053250790e-03,1.633610757778569678e-08,1.133795740315690637e-04,1.190255497931502759e-04,0.000000000000000000e+00,2.449618477839976549e-04,1.783072889338654932e-06,2.784662456178921275e-08
5.774963647127151489e-04,3.306205908302217722e-04,2.105738734826445580e-03,2.669431076185446727e-08,1.452439028071239591e-04,1.516865595476701856e-04,0.000000000000000000e+00,3.630192950367927551e-04,1.783072889338654932e-06,2.571802326656325022e-08
8.410752052441239357e-04,5.000554374419152737e-04,2.855512080714106560e-03,4.037448775306984317e-08,1.785983768058940768e-04,1.825890212785452604e-04,0.000000000000000000e+00,5.546854226849973202e-04,1.783072889338654932e-06,5.594111485152097885e-08
1.429059426300227642e-03,8.290038094855844975e-04,5.149377044290304184e-03,6.693377230249097920e-08,2.302415086887776852e-04,2.364836982451379299e-04,0.000000000000000000e+00,8.511784835718572140e-04,1.783072889338654932e-06,6.127095986130370875e-08
1.966516487300395966e-03,1.196423429064452648e-03,6.475249771028757095e-03,9.659924415927889640e-08,2.758686023298650980e-04,2.781382063403725624e-04,0.000000000000000000e+00,1.225680927745997906e-03,1.783072889338654932e-06,1.144492571825139748e-07
3.433675272390246391e-03,1.981446985155344009e-03,1.255439035594463348e-02,1.599820649289540597e-07,3.561347548384219408e-04,3.622859949246048927e-04,0.000000000000000000e+00,1.967892050743103027e-03,1.783072889338654932e-06,1.458035683299385710e-07
4.132396541535854340e-03,2.569840056821703911e-03,1.304761506617069244e-02,2.074889096093102125e-07,4.038696642965078354e-04,4.048497648909687996e-04,0.000000000000000000e+00,2.577951643615961075e-03,1.783072889338654932e-06,2.294881085163069656e-07
6.883977912366390228e-03,3.905648598447442055e-03,2.595340088009834290e-02,3.153421062052075285e-07,4.999670782126486301e-04,5.060489056631922722e-04,0.000000000000000000e+00,3.829889465123414993e-03,1.783072889338654932e-06,2.897303090776404133e-07
6.365498062223196030e-03,4.088262561708688736e-03,1.887695863842964172e-02,3.300864079847087851e-07,5.077130626887083054e-04,5.079876864328980446e-04,0.000000000000000000e+00,3.895398229360580444e-03,1.783072889338654932e-06,3.401888193366175983e-07
8.377837017178535461e-03,4.628852941095829010e-03,3.304356709122657776e-02,3.737336271569802193e-07,5.435681669041514397e-04,5.497087840922176838e-04,0.000000000000000000e+00,4.446272738277912140e-03,1.783072889338654932e-06,3.378944768428482348e-07
4.970884881913661957e-03,3.327029757201671600e-03,1.343526504933834076e-02,2.686244329197506886e-07,4.564443952403962612e-04,4.574431222863495350e-04,0.000000000000000000e+00,3.003285964950919151e-03,1.783072889338654932e-06,2.654102218002662994e-07
3.268324304372072220e-03,1.686140894889831543e-03,1.405974011868238449e-02,1.361390218335145619e-07,3.265691339038312435e-04,3.330610925331711769e-04,0.000000000000000000e+00,1.762094208970665932e-03,1.783072889338654932e-06,1.305637056248087902e-07
8.361173095181584358e-04,5.672391853295266628e-04,2.166614169254899025e-03,4.579889179012752720e-08,1.903539377963170409e-04,1.952449529198929667e-04,0.000000000000000000e+00,5.221667233854532242e-04,1.783072889338654932e-06,5.325797758359840373e-08
5.734075966756790876e-05,8.804794561001472175e-06,4.223326686769723892e-04,7.108991728621560924e-10,2.235946885775774717e-05,3.725308488355949521e-05,0.000000000000000000e+00,6.302697147475555539e-05,1.783072889338654932e-06,8.397718964658906771e-09
7.148015429265797138e-04,4.208876634947955608e-04,2.550175646319985390e-03,3.398247727659509110e-08,1.592901971889659762e-04,1.654873340157791972e-04,0.000000000000000000e+00,3.889627405442297459e-04,1.783072889338654932e-06,2.826853773285620264e-08
1.894535846076905727e-03,1.060580485500395298e-03,7.213399279862642288e-03,8.563128517380391713e-08,2.605113550089299679e-04,2.629421651363372803e-04,0.000000000000000000e+00,1.126154558733105659e-03,1.783072889338654932e-06,1.062304235688316112e-07
3.354909131303429604e-03,2.066722605377435684e-03,1.106221508234739304e-02,1.668672098276147153e-07,3.611866268329322338e-04,3.670885926112532616e-04,0.000000000000000000e+00,1.819649012759327888e-03,1.783072889338654932e-06,1.349593361510414979e-07
2.774325199425220490e-03,1.670114463195204735e-03,9.405414573848247528e-03,1.348450666682765586e-07,3.250327717978507280e-04,3.266445419285446405e-04,0.000000000000000000e+00,1.636692555621266365e-03,1.783072889338654932e-06,1.499292068274371559e-07
2.195390406996011734e-03,1.228849636390805244e-03,8.523184806108474731e-03,9.921733123974263435e-08,2.790791040752083063e-04,2.855268248822540045e-04,0.000000000000000000e+00,1.142223132774233818e-03,1.783072889338654932e-06,8.342266255567665212e-08
7.305973558686673641e-04,4.956869524903595448e-04,1.880623982287943363e-03,4.002177078632485063e-08,1.737154670991003513e-04,1.788351510185748339e-04,0.000000000000000000e+00,4.684800223913043737e-04,1.783072889338654932e-06,4.815147747194714611e-08
7.727584306849166751e-05,1.538175274617969990e-05,5.260213511064648628e-04,1.241922786832105885e-09,2.888037852244451642e-05,4.128798173042014241e-05,0.000000000000000000e+00,9.291957394452765584e-05,1.783072889338654932e-06,9.395951572344074521e-09
3.497589204926043749e-04,1.678928529145196080e-04,1.616599620319902897e-03,1.355567036398497294e-08,1.012889260891824961e-04,1.078471323125995696e-04,0.000000000000000000e+00,2.020613173954188824e-04,1.783072889338654932e-06,1.525878801089675108e-08
1.047207624651491642e-03,6.089324015192687511e-04,3.759712213650345802e-03,4.916520879305608105e-08,1.966820273082703352e-04,2.004040870815515518e-04,0.000000000000000000e+00,6.230397848412394524e-04,1.783072889338654932e-06,6.220688675284691271e-08
1.745826099067926407e-03,1.090611563995480537e-03,5.611531902104616165e-03,8.805596962702111341e-08,2.623888431116938591e-04,2.683320781216025352e-04,0.000000000000000000e+00,9.406124008819460869e-04,1.783072889338654932e-06,6.845296240953757660e-08
1.375371241010725498e-03,7.359131705015897751e-04,5.522886756807565689e-03,5.941764413819328183e-08,2.167881757486611605e-04,2.193913824157789350e-04,0.000000000000000000e+00,8.716937154531478882e-04,1.783072889338654932e-06,8.398737350034934934e-08
8.447776199318468571e-04,5.304391379468142986e-04,2.646693028509616852e-03,4.282766141727734066e-08,1.830144319683313370e-04,1.892706204671412706e-04,0.000000000000000000e+00,4.966915585100650787e-04,1.783072889338654932e-06,3.580006335823782138e-08
1.954087347257882357e-04,9.471190423937514424e-05,8.642070461064577103e-04,7.647041222469397326e-09,7.669761544093489647e-05,8.310691191582009196e-05,0.000000000000000000e+00,1.427613024134188890e-04,1.783072889338654932e-06,1.794511028663237084e-08
5.596636765403673053e-05,1.709841671981848776e-05,3.151332784909754992e-04,1.380526248873081840e-09,3.143365756841376424e-05,4.061040453962050378e-05,0.000000000000000000e+00,7.354623085120692849e-05,1.783072889338654932e-06,1.007394079266532572e-08
3.657812776509672403e-04,1.842169440351426601e-04,1.586115453392267227e-03,1.487367828900687527e-08,1.084415853256359696e-04,1.155176214524544775e-04,0.000000000000000000e+00,2.295276208315044641e-04,1.783072889338654932e-06,1.699579144087692839e-08
6.711319438181817532e-04,4.138192743994295597e-04,2.169460291042923927e-03,3.341177290394625743e-08,1.591097243363037705e-04,1.642687711864709854e-04,0.000000000000000000e+00,4.036662867292761803e-04,1.783072889338654932e-06,4.238050621552247321e-08
7.866938249208033085e-04,4.397990996949374676e-04,3.019694006070494652e-03,3.550938032503836439e-08,1.681911235209554434e-04,1.746132329571992159e-04,0.000000000000000000e+00,4.492528969421982765e-04,1.783072889338654932e-06,3.222571720584710420e-08
4.680741694755852222e-04,2.658753946889191866e-04,1.706562819890677929e-03,2.146678035330751300e-08,1.290190411964431405e-04,1.342246105195954442e-04,0.000000000000000000e+00,3.154249279759824276e-04,1.783072889338654932e-06,3.443805951519607333e-08
1.578584488015621901e-04,7.958834612509235740e-05,6.595192244276404381e-04,6.425963317013838605e-09,7.020553312031552196e-05,7.745664333924651146e-05,0.000000000000000000e+00,1.231817877851426601e-04,1.783072889338654932e-06,1.028651652745793399e-08
3.840150384348817170e-05,4.011445980722783133e-06,2.790395228657871485e-04,3.238841972397210611e-10,1.358184272248763591e-05,2.801704249577596784e-05,0.000000000000000000e+00,6.486105121439322829e-05,1.783072889338654932e-06,8.331721979004669265e-09
1.750856463331729174e-04,8.154643001034855843e-05,7.913447334431111813e-04,6.584059963898880596e-09,7.218259270302951336e-05,7.929041021270677447e-05,0.000000000000000000e+00,1.440474297851324081e-04,1.783072889338654932e-06,1.802439086873164342e-08
4.005052323918789625e-04,2.240715984953567386e-04,1.501126913353800774e-03,1.809154248633149109e-08,1.184639259008690715e-04,1.250455534318462014e-04,0.000000000000000000e+00,2.632094547152519226e-04,1.783072889338654932e-06,1.918458636396280781e-08
4.391766269691288471e-04,2.555102983023971319e-04,1.547125168144702911e-03,2.062990667184294580e-08,1.261349098058417439e-04,1.314854016527533531e-04,0.000000000000000000e+00,2.895382349379360676e-04,1.783072889338654932e-06,3.195139086642484472e-08
3.364742442499846220e-04,1.739573926897719502e-04,1.395934144966304302e-03,1.404532135040881258e-08,1.051696308422833681e-04,1.121437016990967095e-04,0.000000000000000000e+00,2.292342105647549033e-04,1.783072889338654932e-06,1.680458794339756423e-08
1.341037714155390859e-04,7.122619717847555876e-05,5.064165452495217323e-04,5.750803389048542158e-09,6.557314918609336019e-05,7.331798406084999442e-05,0.000000000000000000e+00,1.223591389134526253e-04,1.783072889338654932e-06,1.566961849164272280e-08
3.647016274044290185e-05,3.413423655729275197e-06,2.644168853294104338e-04,2.755998762538069968e-10,1.254168182640569285e-05,3.081897011725232005e-05,0.000000000000000000e+00,6.615048914682120085e-05,1.783072889338654932e-06,7.734739071452167991e-09
7.856894080759957433e-05,2.963255974464118481e-05,4.042210639454424381e-04,2.392533282602471445e-09,4.333869583206251264e-05,5.067638994660228491e-05,0.000000000000000000e+00,8.514271758031100035e-05,1.783072889338654932e-06,8.109921623145055491e-09
1.736786216497421265e-04,8.430273737758398056e-05,7.483707740902900696e-04,6.806604169184993225e-09,7.257119432324543595e-05,7.979979272931814194e-05,0.000000000000000000e+00,1.453880977351218462e-04,1.783072889338654932e-06,1.806650473668014456e-08
2.284000802319496870e-04,1.295316615141928196e-04,8.315227460116147995e-04,1.045838704527568552e-08,8.987368346424773335e-05,9.681160008767619729e-05,0.000000000000000000e+00,1.571613393025472760e-04,1.783072889338654932e-06,1.213497569096944062e-08
1.774364500306546688e-04,8.266070653917267919e-05,7.940261857584118843e-04,6.674027108743985082e-09,7.236187229864299297e-05,7.855430158087983727e-05,0.000000000000000000e+00,1.537312346044927835e-04,1.783072889338654932e-06,1.891369016959743021e-08
9.447515185456722975e-05,4.405967411003075540e-05,4.043379158247262239e-04,3.557378613905370912e-09,5.198825965635478497e-05,5.999600034556351602e-05,0.000000000000000000e+00,9.981683979276567698e-05,1.783072889338654932e-06,8.832330422592349350e-09
3.584214573493227363e-05,5.456386588775785640e-06,2.371188602410256863e-04,4.405487086245329920e-10,1.695001265034079552e-05,2.838339605659712106e-05,0.000000000000000000e+00,6.673874304397031665e-05,1.783072889338654932e-06,9.223549923831342312e-09
4.275911123841069639e-05,1.094011986424447969e-05,2.516250824555754662e-04,8.833053732892892640e-10,2.588873394415713847e-05,3.759912578971125185e-05,0.000000000000000000e+00,6.656481127720326185e-05,1.783072889338654932e-06,9.200696204914038390e-09
9.150440746452659369e-05,3.647672565421089530e-05,4.569974844343960285e-04,2.945131249987298361e-09,4.746593913296237588e-05,5.500153201865032315e-05,0.000000000000000000e+00,9.327934822067618370e-05,1.783072889338654932e-06,8.422679442787739390e-09
1.270250941161066294e-04,6.589304393855854869e-05,5.040527903474867344e-04,5.320205165304514594e-09,6.393185321940109134e-05,7.192945486167445779e-05,0.000000000000000000e+00,1.072676823241636157e-04,1.783072889338654932e-06,1.413840955422074330e-08
1.267348416149616241e-04,5.886473809368908405e-05,5.701426998712122440e-04,4.752739535263117432e-09,6.093679257901385427e-05,6.835178646724671125e-05,0.000000000000000000e+00,1.085583207895979285e-04,1.783072889338654932e-06,9.201993833585220273e-09
8.526601595804095268e-05,3.659772482933476567e-05,3.905327466782182455e-04,2.954900768514789888e-09,4.749328218167647719e-05,5.614175097434781492e-05,0.000000000000000000e+00,9.615016460884362459e-05,1.783072889338654932e-06,1.295094875786162447e-08
4.381236431072466075e-05,1.235326635651290417e-05,2.460691903252154589e-04,9.974028269965629079e-10,2.707799103518482298e-05,3.665823896881192923e-05,0.000000000000000000e+00,6.852181832073256373e-05,1.783072889338654932e-06,7.468750062855633587e-09
2.739744923019316047e-05,1.790821897884598002e-06,1.960730587597936392e-04,1.445909642017184638e-10,7.634540452272631228e-06,2.498153844499029219e-05,0.000000000000000000e+00,5.999319546390324831e-05,1.783072889338654932e-06,7.855899042397140875e-09
4.273731974535621703e-05,1.004919977276585996e-05,2.569955249782651663e-04,8.113725247227421278e-10,2.458722701703663915e-05,3.520395330269820988e-05,0.000000000000000000e+00,6.988568929955363274e-05,1.783072889338654932e-06,9.808210243988924049e-09
7.111966988304629922e-05,2.966675492643844336e-05,3.359005204401910305e-04,2.395293963175504359e-09,4.252594226272776723e-05,5.083805808681063354e-05,0.000000000000000000e+00,7.862868369556963444e-05,1.783072889338654932e-06,7.697387616190098925e-09
8.690419781487435102e-05,3.917397043551318347e-05,3.855479299090802670e-04,3.162906603293436092e-09,4.955707117915153503e-05,5.768878691014833748e-05,0.000000000000000000e+00,9.175432205665856600e-05,1.783072889338654932e-06,1.248168501888358151e-08
8.360252104466781020e-05,3.462847598711960018e-05,4.014691803604364395e-04,2.795903730756776895e-09,4.653828000300563872e-05,5.420150409918278456e-05,0.000000000000000000e+00,8.827127749100327492e-05,1.783072889338654932e-06,8.077546631568566227e-09
6.018640488036908209e-05,2.452763692417647690e-05,2.807502169162034988e-04,1.980361652442752529e-09,3.887077764375135303e-05,4.837190499529242516e-05,0.000000000000000000e+00,7.583743717987090349e-05,1.783072889338654932e-06,1.063023979952504305e-08
3.633648884715512395e-05,7.406825716316234320e-06,2.270863187732174993e-04,5.980271833294636963e-10,2.069702532025985420e-05,3.299188392702490091e-05,0.000000000000000000e+00,6.221029616426676512e-05,1.783072889338654932e-06,7.193186490894731833e-09
2.514170046197250485e-05,1.738926016514596995e-06,1.767016801750287414e-04,1.404009131178440839e-10,7.355725756497122347e-06,2.596638114482630044e-05,0.000000000000000000e+00,5.732604768127202988e-05,1.783072889338654932e-06,7.697774861981088179e-09
2.983362537634093314e-05,4.550784069579094648e-06,1.920614013215526938e-04,3.674303084011398823e-10,1.560155578772537410e-05,2.835203849826939404e-05,0.000000000000000000e+00,6.076701538404449821e-05,1.783072889338654932e-06,8.576949817040713242e-09
4.226675082463771105e-05,1.323630021943245083e-05,2.244888310087844729e-04,1.068699018169638748e-09,2.795487853290978819e-05,3.826495594694279134e-05,0.000000000000000000e+00,6.581567868124693632e-05,1.783072889338654932e-06,7.211777841575894854e-09
5.022853292757645249e-05,1.549065927974879742e-05,2.738174225669354200e-04,1.250715975231742050e-09,3.111638579866848886e-05,4.030114359920844436e-05,0.000000000000000000e+00,7.356129935942590237e-05,1.783072889338654932e-06,1.041972996773665727e-08
4.911554788122884929e-05,1.792762850527651608e-05,2.444959245622158051e-04,1.447476916105472355e-09,3.335024666739627719e-05,4.172627450316213071e-05,0.000000000000000000e+00,6.738325464539229870e-05,1.783072889338654932e-06,7.194151052658526169e-09
3.917105641448870301e-05,1.021795196720631793e-05,2.245356008643284440e-04,8.249975702590006676e-10,2.464888893882744014e-05,3.564521830412559211e-05,0.000000000000000000e+00,6.499544542748481035e-05,1.783072889338654932e-06,9.333141370859721064e-09
2.905563451349735260e-05,4.906133199256146327e-06,1.836783485487103462e-04,3.961212191594398746e-10,1.645343763811979443e-05,2.979487180709838867e-05,0.000000000000000000e+00,5.781667277915403247e-05,1.783072889338654932e-06,7.046391026221954235e-09
2.396125819359440356e-05,1.971062147276825272e-06,1.646947348490357399e-04,1.591435871972635141e-10,8.324383998115081340e-06,2.672379196155816317e-05,0.000000000000000000e+00,5.520722334040328860e-05,1.783072889338654932e-06,7.543879299021227780e-09
2.484659307810943574e-05,2.736255055424408056e-06,1.644527364987879992e-04,2.209252641938164174e-10,1.077801789506338537e-05,2.586044683994259685e-05,0.000000000000000000e+00,5.665063508786261082e-05,1.783072889338654932e-06,8.044462873613156262e-09
2.901885636674705893e-05,4.995475592295406386e-06,1.822443591663613915e-04,4.033347822396393667e-10,1.621784758754074574e-05,3.108014425379224122e-05,0.000000000000000000e+00,5.798944039270281792e-05,1.783072889338654932e-06,6.961655696358093337e-09
3.319981988170184195e-05,7.748660209472291172e-06,1.937838242156431079e-04,6.256268836324352378e-10,2.112036963808350265e-05,3.217298944946378469e-05,0.000000000000000000e+00,6.072777614463120699e-05,1.783072889338654932e-06,8.804867945855221478e-09
3.554928116500377655e-05,9.591337402525823563e-06,1.988198637263849378e-04,7.744046515156810528e-10,2.401417623332235962e-05,3.476505298749543726e-05,0.000000000000000000e+00,6.075956480344757438e-05,1.783072889338654932e-06,6.947709962901171821e-09
3.484679837129078805e-05,8.354156307177618146e-06,2.023825218202546239e-04,6.745147218545355372e-10,2.232006954727694392e-05,3.298665978945791721e-05,0.000000000000000000e+00,6.254389154491946101e-05,1.783072889338654932e-06,9.088505947829617071e-09
3.195624231011606753e-05,7.933463166409637779e-06,1.831745030358433723e-04,6.405478925053387229e-10,2.126429171767085791e-05,3.315897265565581620e-05,0.000000000000000000e+00,5.705329022021032870e-05,1.783072889338654932e-06,6.927894702357662027e-09
2.756591311481315643e-05,4.702648311649682000e-06,1.725615584291517735e-04,3.796918890408562675e-10,1.610557774256449193e-05,2.983504782605450600e-05,0.000000000000000000e+00,5.607109051197767258e-05,1.783072889338654932e-06,8.069081403050404333e-09
2.399807090114336461e-05,2.765792032732861117e-06,1.586078433319926262e-04,2.233100926396502928e-10,1.141772736446000636e-05,2.600170046207495034e-05,0.000000000000000000e+00,5.371493898564949632e-05,1.783072889338654932e-06,7.055183992576985474e-09
2.230129575764294714e-05,1.899705921459826641e-06,1.508049754193052649e-04,1.533822791000005736e-10,7.970120350364595652e-06,2.719672920648008585e-05,0.000000000000000000e+00,5.321090793586336076e-05,1.783072889338654932e-06,7.374978849838953465e-09
2.247042357339523733e-05,2.046655026788357645e-06,1.503110252087935805e-04,1.652469550084134653e-10,8.496811460645403713e-06,2.609300281619653106e-05,0.000000000000000000e+00,5.392667662817984819e-05,1.783072889338654932e-06,7.694273662650630285e-09
2.378534736635629088e-05,2.767502792266895995e-06,1.563090190757066011e-04,2.234482043839136622e-10,1.068809160642558709e-05,2.800238689815159887e-05,0.000000000000000000e+00,5.386942939367145300e-05,1.783072889338654932e-06,6.896935467182174762e-09
2.558281994424760342e-05,4.086006811121478677e-06,1.598523376742377877e-04,3.299042150572972787e-10,1.460784551454707980e-05,2.780989780148956925e-05,0.000000000000000000e+00,5.511579729500226676e-05,1.783072889338654932e-06,8.003717688609413017e-09
2.662077531567774713e-05,4.873711986874695867e-06,1.632350758882239461e-04,3.935035353119786805e-10,1.620541479496750981e-05,2.997770207002758980e-05,0.000000000000000000e+00,5.423557740869000554e-05,1.783072889338654932e-06,6.838406285680775909e-09
2.635678174556232989e-05,4.370203441794728860e-06,1.642353308852761984e-04,3.528503045302500141e-10,1.544943552289623767e-05,2.950358248199336231e-05,0.000000000000000000e+00,5.563043669098988175e-05,1.783072889338654932e-06,8.130284001595100563e-09
2.492907151463441551e-05,4.073890977451810613e-06,1.554769405629485846e-04,3.289259975503000533e-10,1.464068918721750379e-05,2.783886884571984410e-05,0.000000000000000000e+00,5.307488027028739452e-05,1.783072889338654932e-06,6.855633394309279538e-09
2.295791091455612332e-05,2.716282097026123665e-06,1.501110818935558200e-04,2.193126513727605698e-10,1.135143884312128648e-05,2.784304342640098184e-05,0.000000000000000000e+00,5.230519673204980791e-05,1.783072889338654932e-06,7.452518602235613798e-09
2.147025588783435524e-05,1.967694743143511005e-06,1.435684971511363983e-04,1.588716797007450054e-10,8.366003385162912309e-06,2.583075547590851784e-05,0.000000000000000000e+00,5.145711475051939487e-05,1.783072889338654932e-06,7.180628536218591762e-09
2.112629226758144796e-05,1.787933797459118068e-06,1.420821499777957797e-04,1.443577896109715653e-10,6.938742444617673755e-06,2.695919647521805018e-05,0.000000000000000000e+00,5.130143836140632629e-05,1.783072889338654932e-06,7.045787508985768000e-09
2.177188071073032916e-05,2.257969299535034224e-06,1.428527466487139463e-04,1.823084738727942522e-10,9.111194231081753969e-06,2.521990791137795895e-05,0.000000000000000000e+00,5.228636291576549411e-05,1.783072889338654932e-06,7.589180839318032668e-09
2.261098052258603275e-05,2.751429292402463034e-06,1.468020054744556546e-04,2.221504646904293168e-10,1.069452355295652524e-05,2.809238503687083721e-05,0.000000000000000000e+00,5.179349682293832302e-05,1.783072889338654932e-06,6.780355388258385574e-09
2.321626197954174131e-05,3.138374268019106239e-06,1.479696948081254959e-04,2.533923348924105312e-10,1.223206254508113489e-05,2.744005723798181862e-05,0.000000000000000000e+00,5.280916957417502999e-05,1.783072889338654932e-06,7.754589859132465790e-09
2.339007914997637272e-05,3.420927669139928184e-06,1.481821091147139668e-04,2.762057527139205604e-10,1.287403119931695983e-05,2.774894164758734405e-05,0.000000000000000000e+00,5.150940705789253116e-05,1.783072889338654932e-06,6.726879497875870584e-09
2.292488898092415184e-05,3.029477511518052779e-06,1.468718255637213588e-04,2.446000346711940665e-10,1.194189917441690341e-05,2.731182576098944992e-05,0.000000000000000000e+00,5.208228685660287738e-05,1.783072889338654932e-06,7.636737464622456173e-09
2.219140878878533840e-05,2.861030225176364183e-06,1.427465758752077818e-04,2.309996083305065895e-10,1.150153093476546928e-05,2.710155786189716309e-05,0.000000000000000000e+00,5.055721703683957458e-05,1.783072889338654932e-06,6.800250140770458529e-09
2.132582085323520005e-05,2.337124669793411158e-06,1.394524006173014641e-04,1.886994727140489658e-10,1.005754074867581949e-05,2.772989137156400830e-05,0.000000000000000000e+00,5.043455166742205620e-05,1.783072889338654932e-06,7.255708922571102448e-09
2.085844789689872414e-05,2.177836222472251393e-06,1.369931705994531512e-04,1.758385242967008821e-10,9.067755854630377144e-06,2.494663021934684366e-05,0.000000000000000000e+00,4.981293386663310230e-05,1.783072889338654932e-06,7.079980601787383421e-09
2.097356627928093076e-05,2.369856929362867959e-06,1.362578914267942309e-04,1.913422892352301119e-10,9.131333172263111919e-06,2.827936623361892998e-05,0.000000000000000000e+00,4.977918069926090539e-05,1.783072889338654932e-06,6.825649379038623010e-09
2.152779052266851068e-05,2.767478918030974455e-06,1.368866942357271910e-04,2.234462753714083760e-10,1.073819203156745061e-05,2.564748137956485152e-05,0.000000000000000000e+00,5.071643317933194339e-05,1.783072889338654932e-06,7.467239271363723674e-09
2.201179449912160635e-05,3.072551407967694104e-06,1.391603291267529130e-04,2.480778360514079850e-10,1.141832672146847472e-05,2.932900315499864519e-05,0.000000000000000000e+00,5.023210542276501656e-05,1.783072889338654932e-06,6.646780015273634490e-09
2.205034434155095369e-05,3.162715302096330561e-06,1.378300948999822140e-04,2.553576794461775989e-10,1.180778417619876564e-05,2.566361035860609263e-05,0.000000000000000000e+00,5.104618321638554335e-05,1.783072889338654932e-06,7.576597127467721293e-09
2.163214230677112937e-05,2.907065209001302719e-06,1.373414415866136551e-04,2.347164684834979198e-10,1.109072491090046242e-05,2.888843482651282102e-05,0.000000000000000000e+00,4.990932211512699723e-05,1.783072889338654932e-06,6.627600690478629986e-09
2.097921606036834419e-05,2.380186742811929435e-06,1.353913976345211267e-04,1.921763026491163373e-10,9.711068742035422474e-06,2.605586450954433531e-05,0.000000000000000000e+00,5.059890099801123142e-05,1.783072889338654932e-06,7.510765342999548011e-09
2.028343078563921154e-05,2.077513045151135884e-06,1.328401122009381652e-04,1.677384342535503947e-10,8.411672752117738128e-06,2.659039637364912778e-05,0.000000000000000000e+00,4.921906656818464398e-05,1.783072889338654932e-06,6.680010322668294975e-09
1.972188692889176309e-05,1.688760789875232149e-06,1.312913955189287663e-04,1.363505558460431644e-10,6.640246283495798707e-06,2.567069350334350020e-05,0.000000000000000000e+00,4.903985245618969202e-05,1.783072889338654932e-06,7.132639812112984146e-09
1.945139956660568714e-05,1.612712708265462425e-06,1.299598225159570575e-04,1.302104396527781205e-10,6.203275006555486470e-06,2.589255018392577767e-05,0.000000000000000000e+00,4.842703492613509297e-05,1.783072889338654932e-06,6.842403088569426473e-09
1.938909917953424156e-05,1.617385692043171730e-06,1.293242094106972218e-04,1.305877350699091721e-10,6.339790616038953885e-06,2.652489820320624858e-05,0.000000000000000000e+00,4.839293615077622235e-05,1.783072889338654932e-06,6.936056173856286478e-09
1.951844387804158032e-05,1.766282935022900347e-06,1.293543173233047128e-04,1.426096879475480250e-10,6.947707333893049508e-06,2.475973633409012109e-05,0.000000000000000000e+00,4.816729051526635885e-05,1.783072889338654932e-06,6.940180874437373859e-09
1.967362914001569152e-05,1.929681275214534253e-06,1.293643435928970575e-04,1.558025097825321836e-10,7.650274710613302886e-06,2.744097582763060927e-05,0.000000000000000000e+00,4.807512959814630449e-05,1.783072889338654932e-06,6.725843881838500238e-09
1.981519199034664780e-05,2.074451685984968208e-06,1.289404317503795028e-04,1.674912292193297958e-10,8.312495992868207395e-06,2.550244425947312266e-05,0.000000000000000000e+00,4.846695810556411743e-05,1.783072889338654932e-06,7.146567782001511659e-09
1.989170959859620780e-05,2.180106548621552065e-06,1.291575463255867362e-04,1.760218221180664955e-10,8.623937901575118303e-06,2.761335417744703591e-05,0.000000000000000000e+00,4.795847416971810162e-05,1.783072889338654932e-06,6.641036165433433780e-09
1.985066955967340618e-05,2.190119403167045675e-06,1.284302852582186460e-04,1.768302726468107267e-10,8.745088962314184755e-06,2.489623511792160571e-05,0.000000000000000000e+00,4.817521403310820460e-05,1.783072889338654932e-06,7.120553924266914692e-09
1.975883969862479717e-05,2.218195277237100527e-06,1.278181298403069377e-04,1.790971121407025635e-10,8.574595995014533401e-06,2.806568409141618758e-05,0.000000000000000000e+00,4.758831346407532692e-05,1.783072889338654932e-06,6.658221085587001653e-09
1.960024928848724812e-05,2.093816192427766509e-06,1.273492089239880443e-04,1.690547424271215959e-10,8.384609827771782875e-06,2.506718919903505594e-05,0.000000000000000000e+00,4.771511885337531567e-05,1.783072889338654932e-06,7.024200332494956456e-09
1.948891804204322398e-05,2.082882474496727809e-06,1.268641644855961204e-04,1.681719624668787105e-10,8.372543561563361436e-06,2.748482074821367860e-05,0.000000000000000000e+00,4.719619755633175373e-05,1.783072889338654932e-06,6.665882956724544783e-09
1.940889524121303111e-05,2.039290848188102245e-06,1.264456222997978330e-04,1.646523750675754627e-10,8.397402780246920884e-06,2.522085742384660989e-05,0.000000000000000000e+00,4.725042526843026280e-05,1.783072889338654932e-06,6.940159558155301056e-09
1.939782123372424394e-05,2.115489905918366276e-06,1.259092387044802308e-04,1.708047037141113833e-10,8.690700269653461874e-06,2.775169741653371602e-05,0.000000000000000000e+00,4.691407957579940557e-05,1.783072889338654932e-06,6.695539678247541815e-09
1.946006523212417960e-05,2.196751211158698425e-06,1.258876873180270195e-04,1.773657054560118240e-10,9.007018888951279223e-06,2.493338070053141564e-05,0.000000000000000000e+00,4.674545198213309050e-05,1.783072889338654932e-06,6.815746189658966614e-09
1.951796366483904421e-05,2.272631036248640157e-06,1.257768599316477776e-04,1.834922908061642488e-10,9.246151421393733472e-06,2.820551890181377530e-05,0.000000000000000000e+00,4.667647590395063162e-05,1.783072889338654932e-06,6.696264875927226967e-09
1.951826925505883992e-05,2.309254568899632432e-06,1.253155787708237767e-04,1.864492310543752751e-10,9.348473213321994990e-06,2.513624895073007792e-05,0.000000000000000000e+00,4.677457036450505257e-05,1.783072889338654932e-06,6.910628069789481742e-09
1.940820038726087660e-05,2.265024704684037715e-06,1.249780325451865792e-04,1.828781293067294200e-10,9.101193427341058850e-06,2.811276681313756853e-05,0.000000000000000000e+00,4.645372246159240603e-05,1.783072889338654932e-06,6.619259806939226110e-09
1.916682413138914853e-05,2.101692643918795511e-06,1.242409198312088847e-04,1.696906920534146934e-10,8.599091415817383677e-06,2.498369940440170467e-05,0.000000000000000000e+00,4.641038685804232955e-05,1.783072889338654932e-06,6.825602749671588754e-09
1.891690408228896558e-05,1.944130417541600764e-06,1.235253002960234880e-04,1.569691043812326825e-10,8.088788490567822009e-06,2.725610829656943679e-05,0.000000000000000000e+00,4.620243635145016015e-05,1.783072889338654932e-06,6.684449882499166051e-09
1.885343954199925065e-05,1.920597469506901689e-06,1.232933864230290055e-04,1.550690686968891896e-10,8.269938916782848537e-06,2.532537291699554771e-05,0.000000000000000000e+00,4.603503839462064207e-05,1.783072889338654932e-06,6.697094434571226884e-09
1.925243486766703427e-05,2.124381353496573865e-06,1.248571061296388507e-04,1.715225877996218173e-10,9.239972314389888197e-06,2.712738569243811071e-05,0.000000000000000000e+00,4.642342537408694625e-05,1.783072889338654932e-06,6.929540941058576209e-09
2.035170109593309462e-05,2.822293026838451624e-06,1.289038482354953885e-04,2.278719712922594454e-10,1.144356519944267347e-05,2.675167888810392469e-05,0.000000000000000000e+00,4.639023245545104146e-05,1.783072889338654932e-06,6.372843586177623365e-09
2.226535070803947747e-05,3.984422619396355003e-06,1.347570942016318440e-04,3.217023591961520879e-10,1.449325009161839262e-05,2.852851685020141304e-05,0.000000000000000000e+00,4.805218486580997705e-05,1.783072889338654932e-06,7.360598797134798588e-09
2.508314537408296019e-05,5.727936695620883256e-06,1.455156889278441668e-04,4.624736982261623552e-10,1.795845128071960062e-05,3.061068491660989821e-05,0.000000000000000000e+00,4.803640331374481320e-05,1.783072889338654932e-06,6.211378078546658799e-09
2.837202919181436300e-05,7.632284905412234366e-06,1.552133035147562623e-04,6.162307886192763817e-10,2.131641667801886797e-05,3.251704765716567636e-05,0.000000000000000000e+00,5.218412115937098861e-05,1.783072889338654932e-06,8.074110269262746442e-09
3.216289042029529810e-05,9.982953997678123415e-06,1.693420490482822061e-04,8.060238587681567424e-10,2.438349838485009968e-05,3.494371776469051838e-05,0.000000000000000000e+00,5.245732609182596207e-05,1.783072889338654932e-06,6.164248667062111053e-09
3.599783667596057057e-05,1.225269261340145022e-05,1.812278642319142818e-04,9.892826557944545129e-10,2.733423752943053842e-05,3.730754906428046525e-05,0.000000000000000000e+00,5.622359822154976428e-05,1.783072889338654932e-06,8.665723250089740759e-09
4.074573007528670132e-05,1.537362368253525347e-05,1.983165420824661851e-04,1.241266645024552417e-09,3.068547448492608964e-05,4.002812056569382548e-05,0.000000000000000000e+00,5.540451093111187220e-05,1.783072889338654932e-06,6.207681479963866877e-09
4.516820627031847835e-05,1.770712515281047672e-05,2.127154148183763027e-04,1.429673712749490733e-09,3.315034336992539465e-05,4.233772779116407037e-05,0.000000000000000000e+00,6.189542182255536318e-05,1.783072889338654932e-06,9.411198931275066570e-09
5.138980850460939109e-05,2.160461008315905929e-05,2.354611060582101345e-04,1.744356326049967265e-09,3.661422670120373368e-05,4.508119673118926585e-05,0.000000000000000000e+00,6.239087088033556938e-05,1.783072889338654932e-06,6.413927611248482208e-09
5.744925147155299783e-05,2.515913911338429898e-05,2.544902090448886156e-04,2.031349310982477618e-09,3.973051934735849500e-05,4.854625512962229550e-05,0.000000000000000000e+00,6.841092545073479414e-05,1.783072889338654932e-06,1.021134643508503359e-08
6.647945701843127608e-05,3.073225161642767489e-05,2.894602657761424780e-04,2.481322258773843714e-09,4.381558755994774401e-05,5.180212974664755166e-05,0.000000000000000000e+00,6.801176641602069139e-05,1.783072889338654932e-06,6.626345694371593709e-09
7.455149898305535316e-05,3.576626113499514759e-05,3.095333813689649105e-04,2.887768468795570698e-09,4.737030394608154893e-05,5.578637501457706094e-05,0.000000000000000000e+00,7.831896073184907436e-05,1.783072889338654932e-06,1.135768012971993812e-08
8.592578524257987738e-05,4.215201624901965261e-05,3.585017984732985497e-04,3.403354265074653995e-09,5.151617006049491465e-05,5.884535858058370650e-05,0.000000000000000000e+00,7.923592056613415480e-05,1.783072889338654932e-06,7.139413504830827151e-09
9.398662950843572617e-05,4.761527816299349070e-05,3.765948640648275614e-04,3.844458085211499565e-09,5.490107650985009968e-05,6.313999620033428073e-05,0.000000000000000000e+00,8.711868576938286424e-05,1.783072889338654932e-06,1.232994684130517271e-08
1.072730228770524263e-04,5.531104761757887900e-05,4.332864482421427965e-04,4.465814829046621526e-09,5.905784200876951218e-05,6.585871597053483129e-05,0.000000000000000000e+00,8.633333345642313361e-05,1.783072889338654932e-06,7.497945375689596403e-09
1.184163047582842410e-04,6.274894258240237832e-05,4.602695698849856853e-04,5.066349562099503601e-09,6.307208968792110682e-05,7.112669118214398623e-05,0.000000000000000000e+00,9.640403732191771269e-05,1.783072889338654932e-06,1.332384158558852505e-08
1.410949043929576874e-04,7.611414912389591336e-05,5.529218469746410847e-04,6.145457032147305654e-09,6.963516352698206902e-05,7.584186096210032701e-05,0.000000000000000000e+00,9.688576392363756895e-05,1.783072889338654932e-06,8.067878809470130363e-09
1.610312319826334715e-04,8.945496665546670556e-05,6.048700888641178608e-04,7.222594966549422679e-09,7.553578325314447284e-05,8.357480692211538553e-05,0.000000000000000000e+00,1.108926371671259403e-04,1.783072889338654932e-06,1.484235667703615036e-08
1.992503821384161711e-04,1.119000808103010058e-04,7.580607780255377293e-04,9.034814674180324801e-09,8.460170647595077753e-05,9.011125803226605058e-05,0.000000000000000000e+00,1.154422861873172224e-04,1.783072889338654932e-06,9.130873834806152445e-09
2.329866983927786350e-04,1.356826251139864326e-04,8.408151334151625633e-04,1.095501733772152875e-08,9.312747715739533305e-05,1.010588748613372445e-04,0.000000000000000000e+00,1.322257448919117451e-04,1.783072889338654932e-06,1.700732710219199362e-08
2.999433781951665878e-04,1.743133761920034885e-04,1.118144020438194275e-03,1.407406369224872833e-08,1.057731133187189698e-04,1.106572744902223349e-04,0.000000000000000000e+00,1.381558249704539776e-04,1.783072889338654932e-06,1.051280484887229250e-08
3.540178877301514149e-04,2.147852792404592037e-04,1.230238121934235096e-03,1.734176535705955757e-08,1.172209304058924317e-04,1.250376080861315131e-04,0.000000000000000000e+00,1.620881084818392992e-04,1.783072889338654932e-06,1.995337228777316341e-08
4.723916063085198402e-04,2.828416181728243828e-04,1.718087936751544476e-03,2.283663391722257074e-08,1.347504876321181655e-04,1.389981625834479928e-04,0.000000000000000000e+00,1.774118136381730437e-04,1.783072889338654932e-06,1.301276952858643199e-08
5.628523649647831917e-04,3.546957159414887428e-04,1.878523966297507286e-03,2.863813541864601575e-08,1.502772647654637694e-04,1.578090887051075697e-04,0.000000000000000000e+00,2.030421601375564933e-04,1.783072889338654932e-06,2.389722908446856309e-08
7.674549706280231476e-04,4.708124615717679262e-04,2.744543598964810371e-03,3.801340398013053345e-08,1.730024669086560607e-04,1.767255162121728063e-04,0.000000000000000000e+00,2.218820154666900635e-04,1.783072889338654932e-06,1.597389776009094930e-08
8.805346442386507988e-04,5.716293817386031151e-04,2.828828059136867523e-03,4.615336024471616838e-08,1.900637580547481775e-04,1.971562887774780393e-04,0.000000000000000000e+00,2.602246240712702274e-04,1.783072889338654932e-06,2.927665576635263278e-08
1.176447723992168903e-03,7.249943446367979050e-04,4.209751263260841370e-03,5.853604889693997393e-08,2.147236082237213850e-04,2.180906594730913639e-04,0.000000000000000000e+00,3.047820646315813065e-04,1.783072889338654932e-06,2.165712587043344683e-08
1.241446589119732380e-03,8.180271834135055542e-04,3.879540367051959038e-03,6.604751945360476384e-08,2.273041027365252376e-04,2.338888880331069231e-04,0.000000000000000000e+00,3.546538646332919598e-04,1.783072889338654932e-06,3.798063019644359883e-08
1.553981099277734756e-03,9.457830456085503101e-04,5.677542183548212051e-03,7.636253940290771425e-08,2.454542263876646757e-04,2.488862082827836275e-04,0.000000000000000000e+00,4.044384695589542389e-04,1.783072889338654932e-06,2.870559612233591906e-08
1.451845513656735420e-03,9.538513841107487679e-04,4.512831103056669235e-03,7.701397919390728930e-08,2.462926204316318035e-04,2.521414135117083788e-04,0.000000000000000000e+00,4.671096685342490673e-04,1.783072889338654932e-06,4.817818677338436828e-08
1.616744673810899258e-03,9.516345453448593616e-04,6.116847041994333267e-03,7.683498637334196246e-08,2.472177729941904545e-04,2.513142535462975502e-04,0.000000000000000000e+00,5.342548829503357410e-04,1.783072889338654932e-06,3.808067461363862094e-08
1.333754858933389187e-03,8.493711357004940510e-04,4.222323652356863022e-03,6.857823109385208227e-08,2.335276367375627160e-04,2.382930688327178359e-04,0.000000000000000000e+00,6.215137545950710773e-04,1.783072889338654932e-06,6.198602164886324317e-08
1.357040600851178169e-03,7.675341330468654633e-04,5.203099921345710754e-03,6.197071655833497061e-08,2.214454871136695147e-04,2.271914563607424498e-04,0.000000000000000000e+00,6.919648149050772190e-04,1.783072889338654932e-06,4.962594601920500281e-08
1.118679414503276348e-03,6.915525300428271294e-04,3.512341296300292015e-03,5.583596163205584162e-08,2.094878873322159052e-04,2.125511236954480410e-04,0.000000000000000000e+00,7.589283050037920475e-04,1.783072889338654932e-06,7.414575264874656568e-08
1.171697396785020828e-03,6.787265883758664131e-04,4.112930037081241608e-03,5.480039533267699881e-08,2.056779339909553528e-04,2.131331712007522583e-04,0.000000000000000000e+00,8.167774649336934090e-04,1.783072889338654932e-06,5.885769382985017728e-08
1.030348241329193115e-03,6.624317611567676067e-04,2.903138287365436554e-03,5.348474374500256090e-08,2.013719349633902311e-04,2.037132508121430874e-04,0.000000000000000000e+00,7.760265143588185310e-04,1.783072889338654932e-06,7.568138471469865181e-08
1.085050054825842381e-03,6.775910733267664909e-04,3.307025413960218430e-03,5.470870689805451548e-08,2.003753324970602989e-04,2.085265441564843059e-04,0.000000000000000000e+00,7.675648666918277740e-04,1.783072889338654932e-06,5.520098156353014929e-08
8.652194519527256489e-04,5.821922095492482185e-04,2.214414533227682114e-03,4.700620337416694383e-08,1.844134530983865261e-04,1.870269625214859843e-04,0.000000000000000000e+00,6.158582400530576706e-04,1.783072889338654932e-06,6.158286680602031993e-08
7.179662352427840233e-04,4.633119679056107998e-04,2.056698082014918327e-03,3.740780840644220007e-08,1.632468192838132381e-04,1.717375562293455005e-04,0.000000000000000000e+00,4.898440674878656864e-04,1.783072889338654932e-06,3.489060418360168114e-08
4.095420008525252342e-04,2.669875684659928083e-04,1.111138728447258472e-03,2.155658052060971386e-08,1.246923784492537379e-04,1.286294864257797599e-04,0.000000000000000000e+00,3.144054790027439594e-04,1.783072889338654932e-06,3.443827623073048017e-08
1.965640694834291935e-04,1.142636028816923499e-04,6.579337641596794128e-04,9.225644248544995207e-09,8.252938278019428253e-05,9.096609574044123292e-05,0.000000000000000000e+00,1.650707417866215110e-04,1.783072889338654932e-06,1.239232361172071251e-08
7.570248271804302931e-05,3.372895298525691032e-05,3.356133820489048958e-04,2.723276049110268104e-09,4.606585571309551597e-05,5.406155105447396636e-05,0.000000000000000000e+00,8.412187889916822314e-05,1.783072889338654932e-06,1.202156241220109223e-08
7.295337127288803458e-05,4.084936517756432295e-05,2.748351544141769409e-04,3.298178175015209490e-09,4.829206591239199042e-05,5.358399357646703720e-05,0.000000000000000000e+00,4.620486288331449032e-05,1.783072889338654932e-06,6.565613830389338546e-09
1.236179668921977282e-04,8.070815238170325756e-05,3.707396681420505047e-04,6.516377215604052253e-09,6.210781430127099156e-05,7.414443825837224722e-05,0.000000000000000000e+00,5.835834599565714598e-05,1.783072889338654932e-06,6.456593037995617124e-09
1.545190461911261082e-04,1.034424130921252072e-04,4.259877605363726616e-04,8.351941360729142616e-09,7.205729343695566058e-05,7.779269799357280135e-05,0.000000000000000000e+00,8.477857045363634825e-05,1.783072889338654932e-06,1.213081191053788643e-08
1.429959811503067613e-04,9.224711538990959525e-05,4.034954472444951534e-04,7.448032413037708466e-09,6.980605394346639514e-05,7.942938827909529209e-05,0.000000000000000000e+00,1.039932030835188925e-04,1.783072889338654932e-06,8.600814282999635907e-09
1.039530325215309858e-04,5.600386430160142481e-05,3.709453449118882418e-04,4.521752305919335413e-09,5.685237920260988176e-05,6.318159285001456738e-05,0.000000000000000000e+00,1.085463882191106677e-04,1.783072889338654932e-06,1.462823995268536237e-08
9.918825526256114244e-05,4.974464536644518375e-05,4.045189998578280210e-04,4.016382781912852806e-09,5.557006807066500187e-05,6.366307206917554140e-05,0.000000000000000000e+00,8.991712093120440841e-05,1.783072889338654932e-06,7.804811019695989671e-09
1.379295863443985581e-04,7.570492016384378076e-05,5.332521977834403515e-04,6.112415906756041295e-09,6.939980085007846355e-05,7.827513036318123341e-05,0.000000000000000000e+00,8.899442764231935143e-05,1.783072889338654932e-06,1.251284054148982250e-08
2.060806000372394919e-04,1.207479290314950049e-04,7.718559936620295048e-04,9.749189011643011327e-09,8.750453707762062550e-05,9.153773135039955378e-05,0.000000000000000000e+00,8.147084008669480681e-05,1.783072889338654932e-06,7.353317954539306811e-09
2.313334407517686486e-04,1.415595907019451261e-04,8.060385589487850666e-04,1.142952399391106155e-08,9.388606849825009704e-05,1.033976150210946798e-04,0.000000000000000000e+00,9.169986878987401724e-05,1.783072889338654932e-06,1.276621119927767722e-08
2.280486660310998559e-04,1.337419525953009725e-04,8.504332508891820908e-04,1.079832667727487205e-08,9.231556759914383292e-05,9.653523011365905404e-05,0.000000000000000000e+00,9.263386164093390107e-05,1.783072889338654932e-06,7.920676559081130108e-09
1.817326119635254145e-04,1.019063784042373300e-04,6.886135670356452465e-04,8.227922343451155029e-09,8.048181916819885373e-05,8.872658509062603116e-05,0.000000000000000000e+00,1.096487540053203702e-04,1.783072889338654932e-06,1.466806764938155538e-08
1.600394462002441287e-04,8.495275687891989946e-05,6.232613814063370228e-04,6.859085743826653925e-09,7.347208884311839938e-05,8.051541954046115279e-05,0.000000000000000000e+00,1.276056282222270966e-04,1.783072889338654932e-06,9.920847254818454530e-09
1.489837304688990116e-04,8.034686470637097955e-05,5.412265309132635593e-04,6.487206771765841040e-09,7.064519013511016965e-05,7.681251008762046695e-05,0.000000000000000000e+00,1.451421412639319897e-04,1.783072889338654932e-06,1.828056639396891114e-08
1.539109216537326574e-04,8.536275709047913551e-05,5.443393019959330559e-04,6.892189929885716992e-09,7.191925396909937263e-05,8.049235475482419133e-05,0.000000000000000000e+00,1.411423872923478484e-04,1.783072889338654932e-06,1.072740385410497765e-08
1.380392495775595307e-04,7.877974712755531073e-05,4.642760322894901037e-04,6.360676874095361200e-09,6.857970583951100707e-05,7.458140316884964705e-05,0.000000000000000000e+00,1.283188757952302694e-04,1.783072889338654932e-06,1.659897463923698524e-08
1.169853421743027866e-04,6.109282549005001783e-05,4.444304795470088720e-04,4.932635633281279297e-09,6.109453534008935094e-05,6.986184598645195365e-05,0.000000000000000000e+00,1.144947018474340439e-04,1.783072889338654932e-06,9.104411446969606914e-09
9.274591866414994001e-05,4.637799065676517785e-05,3.639322821982204914e-04,3.744559329277308279e-09,5.371793668018653989e-05,6.119432509876787663e-05,0.000000000000000000e+00,9.974696877179667354e-05,1.783072889338654932e-06,1.362703816454313710e-08
9.030117507791146636e-05,4.405626168590970337e-05,3.872570232488214970e-04,3.557103056550658948e-09,5.304728620103560388e-05,5.940386836300604045e-05,0.000000000000000000e+00,7.519211794715374708e-05,1.783072889338654932e-06,6.955589881840751332e-09
9.740897803567349911e-05,5.175944897928275168e-05,3.898393479175865650e-04,4.179058876729868643e-09,5.725315713789314032e-05,6.719269003951922059e-05,0.000000000000000000e+00,6.665590626653283834e-05,1.783072889338654932e-06,9.904068676291899465e-09
1.080614019883796573e-04,5.897726441617123783e-05,4.289869102649390697e-04,4.761824712318230013e-09,6.088415830163285136e-05,6.570213008671998978e-05,0.000000000000000000e+00,6.185442907735705376e-05,1.783072889338654932e-06,6.375608485598149855e-09
1.051355793606489897e-04,5.675501233781687915e-05,4.138625517953187227e-04,4.582400237040928914e-09,6.000477515044622123e-05,6.996120646363124251e-05,0.000000000000000000e+00,6.994314026087522507e-05,1.783072889338654932e-06,1.029475615865749205e-08
1.052916923072189093e-04,5.464108471642248333e-05,4.309196956455707550e-04,4.411721654662414949e-09,5.907060403842478991e-05,6.482910248450934887e-05,0.000000000000000000e+00,7.558634388260543346e-05,1.783072889338654932e-06,6.960744425299481009e-09
1.092067468562163413e-04,5.564654202316887677e-05,4.395626310724765062e-04,4.492902050401426095e-09,5.929786857450380921e-05,6.703861436108127236e-05,0.000000000000000000e+00,9.603938087821006775e-05,1.783072889338654932e-06,1.322080223076227412e-08
1.317400601692497730e-04,6.924386980244889855e-05,5.086994497105479240e-04,5.590750529194110641e-09,6.562715134350582957e-05,7.344684127019718289e-05,0.000000000000000000e+00,1.162624248536303639e-04,1.783072889338654932e-06,9.174492276997625595e-09
1.529210276203230023e-04,8.357893239008262753e-05,5.523480358533561230e-04,6.748164693703984085e-09,7.184531568782404065e-05,7.806730718584731221e-05,0.000000000000000000e+00,1.410729746567085385e-04,1.783072889338654932e-06,1.785158865175162646e-08
1.838534371927380562e-04,1.007947066682390869e-04,6.765438592992722988e-04,8.138165696891519474e-09,7.922358054202049971e-05,8.715439616935327649e-05,0.000000000000000000e+00,1.540434313938021660e-04,1.783072889338654932e-06,1.149303585634697811e-08
2.013122721109539270e-04,1.123907131841406226e-04,7.160917739383876324e-04,9.074427431698950386e-09,8.396062185056507587e-05,8.991066715680062771e-05,0.000000000000000000e+00,1.731239026412367821e-04,1.783072889338654932e-06,2.099959850454524712e-08
2.361560036661103368e-04,1.303900498896837234e-04,8.793701417744159698e-04,1.052769516007856510e-08,9.060603770194575191e-05,9.780687105376273394e-05,0.000000000000000000e+00,1.782893668860197067e-04,1.783072889338654932e-06,1.305174457399971288e-08
2.567544579505920410e-04,1.460761559428647161e-04,9.205089882016181946e-04,1.179419140129311927e-08,9.617396426619961858e-05,1.024275406962260604e-04,0.000000000000000000e+00,1.862742210505530238e-04,1.783072889338654932e-06,2.227169382251759089e-08
3.065033815801143646e-04,1.722153683658689260e-04,1.155185047537088394e-03,1.390467119222194015e-08,1.048000340233556926e-04,1.110229568439535797e-04,0.000000000000000000e+00,1.876948226708918810e-04,1.783072889338654932e-06,1.366175617079079530e-08
3.281603567302227020e-04,1.906830002553761005e-04,1.164844143204391003e-03,1.539574867592818919e-08,1.104794064303860068e-04,1.169518218375742435e-04,0.000000000000000000e+00,2.099293778883293271e-04,1.783072889338654932e-06,2.452340552849818778e-08
3.858442942146211863e-04,2.182562311645597219e-04,1.448510214686393738e-03,1.762201051747069869e-08,1.180865656351670623e-04,1.240940764546394348e-04,0.000000000000000000e+00,2.273703576065599918e-04,1.783072889338654932e-06,1.629461721108782513e-08
4.051167925354093313e-04,2.389777364442124963e-04,1.404054695740342140e-03,1.929506510123246699e-08,1.232625800184905529e-04,1.290166983380913734e-04,0.000000000000000000e+00,2.573357196524739265e-04,1.783072889338654932e-06,2.899807682865684910e-08
4.778779111802577972e-04,2.712547138798981905e-04,1.770487171597778797e-03,2.190111025868191064e-08,1.313787215622141957e-04,1.378951128572225571e-04,0.000000000000000000e+00,2.957450342364609241e-04,1.783072889338654932e-06,2.097099027764670609e-08
4.933355376124382019e-04,2.916725934483110905e-04,1.668313052505254745e-03,2.354964934170311608e-08,1.360179157927632332e-04,1.408653915859758854e-04,0.000000000000000000e+00,3.483166801743209362e-04,1.783072889338654932e-06,3.739501863719851826e-08
5.733519210480153561e-04,3.266601997893303633e-04,2.076064469292759895e-03,2.637454876719402819e-08,1.438538893125951290e-04,1.507147389929741621e-04,0.000000000000000000e+00,3.908525977749377489e-04,1.783072889338654932e-06,2.763487216839166649e-08
5.732600111514329910e-04,3.423310990910977125e-04,1.896819681860506535e-03,2.763981576947571739e-08,1.468658156227320433e-04,1.511576410848647356e-04,0.000000000000000000e+00,4.124696133658289909e-04,1.783072889338654932e-06,4.323219826574131730e-08
6.508724763989448547e-04,3.733439079951494932e-04,2.336944453418254852e-03,3.014379146293322265e-08,1.537073258077725768e-04,1.606850128155201674e-04,0.000000000000000000e+00,4.383407358545809984e-04,1.783072889338654932e-06,3.102244505726048374e-08
6.268550059758126736e-04,3.744494460988789797e-04,2.080654958263039589e-03,3.023304984139940643e-08,1.538838841952383518e-04,1.581336982781067491e-04,0.000000000000000000e+00,4.434008151292800903e-04,1.783072889338654932e-06,4.602263814490470395e-08
6.876478437334299088e-04,3.930917009711265564e-04,2.509415382519364357e-03,3.173822449298313586e-08,1.580625539645552635e-04,1.646391465328633785e-04,0.000000000000000000e+00,4.361461615189909935e-04,1.783072889338654932e-06,3.087676958557494800e-08
6.338403909467160702e-04,3.789787588175386190e-04,2.132303779944777489e-03,3.059874842392673600e-08,1.553573674755170941e-04,1.599644601810723543e-04,0.000000000000000000e+00,4.163123085163533688e-04,1.783072889338654932e-06,4.357967853252375789e-08
6.685726111754775047e-04,3.816890821326524019e-04,2.471715677529573441e-03,3.081758137568613165e-08,1.560485980007797480e-04,1.623220450710505247e-04,0.000000000000000000e+00,3.971195255871862173e-04,1.783072889338654932e-06,2.811149713011218410e-08
5.943144205957651138e-04,3.562969213817268610e-04,2.004028065130114555e-03,2.876741689306072658e-08,1.505973486928269267e-04,1.555636699777096510e-04,0.000000000000000000e+00,3.761469270102679729e-04,1.783072889338654932e-06,3.995568320647180371e-08
6.016024854034185410e-04,3.428353811614215374e-04,2.230448881164193153e-03,2.768053164459161053e-08,1.478207559557631612e-04,1.541058736620470881e-04,0.000000000000000000e+00,3.572223940864205360e-04,1.783072889338654932e-06,2.530593334881814371e-08
5.192709504626691341e-04,3.078646841458976269e-04,1.766675268299877644e-03,2.485699646115335781e-08,1.400934561388567090e-04,1.451215212000533938e-04,0.000000000000000000e+00,3.473874821793287992e-04,1.783072889338654932e-06,3.735197395826617139e-08
5.069196922704577446e-04,2.875233476515859365e-04,1.862534787505865097e-03,2.321463909993326524e-08,1.350931997876614332e-04,1.417032617609947920e-04,0.000000000000000000e+00,3.314284549560397863e-04,1.783072889338654932e-06,2.350367722669943760e-08
4.309152718633413315e-04,2.533626393415033817e-04,1.470743562094867229e-03,2.045650049353753275e-08,1.266170729650184512e-04,1.317177084274590015e-04,0.000000000000000000e+00,3.047829668503254652e-04,1.783072889338654932e-06,3.345997612314022263e-08
4.112950991839170456e-04,2.336325123906135559e-04,1.505139982327818871e-03,1.886349210167281854e-08,1.214502262882888317e-04,1.283577730646356940e-04,0.000000000000000000e+00,2.714858273975551128e-04,1.783072889338654932e-06,1.935408278086470091e-08
3.466588677838444710e-04,2.012014592764899135e-04,1.199123216792941093e-03,1.624500889363389433e-08,1.127431896748021245e-04,1.181651387014426291e-04,0.000000000000000000e+00,2.554506354499608278e-04,1.783072889338654932e-06,2.889165173769470130e-08
3.235087497159838676e-04,1.813600392779335380e-04,1.194462063722312450e-03,1.464301302434023455e-08,1.070537182386033237e-04,1.139916203101165593e-04,0.000000000000000000e+00,2.270250406581908464e-04,1.783072889338654932e-06,1.633370771969566704e-08
2.745398960541933775e-04,1.570628664921969175e-04,9.696696070022881031e-04,1.268125782161177995e-08,9.968863741960376501e-05,1.056810069712810218e-04,0.000000000000000000e+00,2.051006886176764965e-04,1.783072889338654932e-06,2.413357336195076641e-08
2.579483261797577143e-04,1.433289289707317948e-04,9.715655469335615635e-04,1.157237861093562969e-08,9.518608567304909229e-05,1.021089992718771100e-04,0.000000000000000000e+00,1.746285124681890011e-04,1.783072889338654932e-06,1.286357420582362465e-08
2.271112462040036917e-04,1.280584692722186446e-04,8.242488256655633450e-04,1.033944396766628415e-08,8.999494457384571433e-05,9.655683243181556463e-05,0.000000000000000000e+00,1.662789145484566689e-04,1.783072889338654932e-06,2.039758584260198404e-08
2.237465232610702515e-04,1.236344542121514678e-04,8.486046572215855122e-04,9.982247917150743888e-09,8.860098023433238268e-05,9.524563211016356945e-05,0.000000000000000000e+00,1.525160041637718678e-04,1.783072889338654932e-06,1.144279693221506022e-08
2.073578361887484789e-04,1.155729696620255709e-04,7.654228829778730869e-04,9.331363237663481414e-09,8.545844320906326175e-05,9.231134026776999235e-05,0.000000000000000000e+00,1.524257677374407649e-04,1.783072889338654932e-06,1.904178859035710047e-08
2.120748977176845074e-04,1.174515273305587471e-04,8.007520809769630432e-04,9.483037466395671800e-09,8.618609717814251781e-05,9.297715587308630347e-05,0.000000000000000000e+00,1.454816374462097883e-04,1.783072889338654932e-06,1.099899993306507895e-08
2.047589805442839861e-04,1.139013984357006848e-04,7.536690100096166134e-04,9.196400085897948884e-09,8.474081550957635045e-05,9.138996392721310258e-05,0.000000000000000000e+00,1.549069129396229982e-04,1.783072889338654932e-06,1.928900950076695153e-08
2.169783983845263720e-04,1.200745464302599430e-04,8.130059577524662018e-04,9.694820057859487861e-09,8.706129301572218537e-05,9.409171616425737739e-05,0.000000000000000000e+00,1.560325617901980877e-04,1.783072889338654932e-06,1.165457685914361718e-08
2.134899696102365851e-04,1.193468924611806870e-04,7.760645239613950253e-04,9.636069719931583677e-09,8.661015453981235623e-05,9.298555960413068533e-05,0.000000000000000000e+00,1.653662620810791850e-04,1.783072889338654932e-06,2.030397538987926964e-08
2.278891770401969552e-04,1.263661542907357216e-04,8.514824439771473408e-04,1.020280571140119719e-08,8.930618059821426868e-05,9.650093852542340755e-05,0.000000000000000000e+00,1.637477398617193103e-04,1.783072889338654932e-06,1.213888456419454087e-08
2.241751935798674822e-04,1.264791790163144469e-04,8.022208348847925663e-04,1.021193085648519627e-08,8.902623812900856137e-05,9.518157457932829857e-05,0.000000000000000000e+00,1.747394271660596132e-04,1.783072889338654932e-06,2.120949460504562012e-08
2.370339934714138508e-04,1.317337155342102051e-04,8.805975085124373436e-04,1.063618260133125659e-08,9.105831850320100784e-05,9.827841131482273340e-05,0.000000000000000000e+00,1.724053290672600269e-04,1.783072889338654932e-06,1.268744131976973222e-08
2.275744918733835220e-04,1.282468874705955386e-04,8.183573372662067413e-04,1.035465668763890790e-08,8.986696047941222787e-05,9.613185102352872491e-05,0.000000000000000000e+00,1.749186776578426361e-04,1.783072889338654932e-06,2.122977704743789218e-08
2.355782489757984877e-04,1.305709301959723234e-04,8.829133585095405579e-04,1.054229770147685485e-08,9.087820217246189713e-05,9.784371650312095881e-05,0.000000000000000000e+00,1.671599166002124548e-04,1.783072889338654932e-06,1.234409907624467451e-08
2.249779790872707963e-04,1.269712229259312153e-04,8.107004687190055847e-04,1.025165730084154347e-08,8.943331340560689569e-05,9.589549154043197632e-05,0.000000000000000000e+00,1.693670201348140836e-04,1.783072889338654932e-06,2.068850690761792066e-08
2.352852170588448644e-04,1.307239581365138292e-04,8.846418350003659725e-04,1.055465492783014270e-08,9.088182559935376048e-05,9.773732017492875457e-05,0.000000000000000000e+00,1.609707833267748356e-04,1.783072889338654932e-06,1.194134924276113452e-08
2.278014144394546747e-04,1.289420615648850799e-04,8.221438038162887096e-04,1.041078334651501791e-08,9.026278712553903461e-05,9.678516653366386890e-05,0.000000000000000000e+00,1.664497831370681524e-04,1.783072889338654932e-06,2.040308721973360662e-08
