# total,frequency_equation,frequency_initial,physical_equation,physical_initial
2.985111694335937500e+02,2.230397415161132812e+01,7.547143697738647461e-01,0.000000000000000000e+00,0.000000000000000000e+00
2.538815155029296875e+02,1.833067893981933594e+01,7.057472467422485352e-01,0.000000000000000000e+00,0.000000000000000000e+00
2.722018432617187500e+02,1.992080307006835938e+01,7.299381494522094727e-01,0.000000000000000000e+00,0.000000000000000000e+00
2.639505004882812500e+02,1.907763862609863281e+01,7.317411899566650391e-01,0.000000000000000000e+00,0.000000000000000000e+00
2.267132568359375000e+02,1.524762248992919922e+01,7.423701882362365723e-01,0.000000000000000000e+00,0.000000000000000000e+00
2.400292663574218750e+02,1.700438690185546875e+01,6.998540163040161133e-01,0.000000000000000000e+00,0.000000000000000000e+00
2.260594787597656250e+02,1.525303745269775391e+01,7.352909445762634277e-01,0.000000000000000000e+00,0.000000000000000000e+00
2.111331176757812500e+02,1.395140838623046875e+01,7.161903381347656250e-01,0.000000000000000000e+00,0.000000000000000000e+00
1.924707946777343750e+02,1.229733943939208984e+01,6.949740648269653320e-01,0.000000000000000000e+00,0.000000000000000000e+00
2.017846832275390625e+02,1.305028820037841797e+01,7.128180265426635742e-01,0.000000000000000000e+00,0.000000000000000000e+00
1.806578369140625000e+02,1.106801509857177734e+01,6.997768878936767578e-01,0.000000000000000000e+00,0.000000000000000000e+00
1.780002746582031250e+02,1.076252555847167969e+01,7.037501335144042969e-01,0.000000000000000000e+00,0.000000000000000000e+00
1.702013244628906250e+02,1.027036571502685547e+01,6.749766469001770020e-01,0.000000000000000000e+00,0.000000000000000000e+00
1.624868316650390625e+02,9.350145339965820312e+00,6.898537874221801758e-01,0.000000000000000000e+00,0.000000000000000000e+00
1.490805358886718750e+02,7.994309902191162109e+00,6.913744211196899414e-01,0.000000000000000000e+00,0.000000000000000000e+00
1.528868103027343750e+02,8.482284545898437500e+00,6.806396245956420898e-01,0.000000000000000000e+00,0.000000000000000000e+00
1.450109252929687500e+02,7.673680305480957031e+00,6.827412843704223633e-01,0.000000000000000000e+00,0.000000000000000000e+00
1.310879974365234375e+02,6.342864513397216797e+00,6.765935420989990234e-01,0.000000000000000000e+00,0.000000000000000000e+00
1.216379318237304688e+02,5.545567512512207031e+00,6.618226170539855957e-01,0.000000000000000000e+00,0.000000000000000000e+00
1.166440734863281250e+02,5.125717163085937500e+00,6.538690328598022461e-01,0.000000000000000000e+00,0.000000000000000000e+00
1.083956985473632812e+02,4.116764068603515625e+00,6.722805500030517578e-01,0.000000000000000000e+00,0.000000000000000000e+00
1.002242660522460938e+02,3.243782043457031250e+00,6.778644323348999023e-01,0.000000000000000000e+00,0.000000000000000000e+00
9.814633941650390625e+01,3.138522148132324219e+00,6.676111817359924316e-01,0.000000000000000000e+00,0.000000000000000000e+00
9.031398010253906250e+01,2.453859567642211914e+00,6.577538251876831055e-01,0.000000000000000000e+00,0.000000000000000000e+00
8.395108032226562500e+01,1.908154249191284180e+00,6.486954092979431152e-01,0.000000000000000000e+00,0.000000000000000000e+00
7.947711944580078125e+01,1.436835646629333496e+00,6.510876417160034180e-01,0.000000000000000000e+00,0.000000000000000000e+00
7.367203521728515625e+01,1.075360655784606934e+00,6.291842460632324219e-01,0.000000000000000000e+00,0.000000000000000000e+00
7.175558471679687500e+01,7.180098295211791992e-01,6.457548141479492188e-01,0.000000000000000000e+00,0.000000000000000000e+00
6.763275909423828125e+01,4.803000688552856445e-01,6.282976269721984863e-01,0.000000000000000000e+00,0.000000000000000000e+00
6.473303222656250000e+01,2.506057620048522949e-01,6.222696900367736816e-01,0.000000000000000000e+00,0.000000000000000000e+00
6.448544311523437500e+01,9.579488635063171387e-02,6.352749466896057129e-01,0.000000000000000000e+00,0.000000000000000000e+00
6.242764663696289062e+01,4.292895272374153137e-02,6.199835538864135742e-01,0.000000000000000000e+00,0.000000000000000000e+00
6.346028137207031250e+01,7.955719530582427979e-02,6.266471147537231445e-01,0.000000000000000000e+00,0.000000000000000000e+00
6.591908264160156250e+01,1.468263119459152222e-01,6.445082426071166992e-01,0.000000000000000000e+00,0.000000000000000000e+00
6.247189712524414062e+01,2.718503773212432861e-01,5.975339412689208984e-01,0.000000000000000000e+00,0.000000000000000000e+00
6.223138427734375000e+01,3.061985671520233154e-01,5.916939973831176758e-01,0.000000000000000000e+00,0.000000000000000000e+00
6.374093627929687500e+01,3.334260880947113037e-01,6.040667891502380371e-01,0.000000000000000000e+00,0.000000000000000000e+00
6.417832183837890625e+01,3.112598955631256104e-01,6.106572151184082031e-01,0.000000000000000000e+00,0.000000000000000000e+00
6.504354095458984375e+01,2.628991603851318359e-01,6.241455078125000000e-01,0.000000000000000000e+00,0.000000000000000000e+00
6.279532623291015625e+01,1.715325713157653809e-01,6.108000278472900391e-01,0.000000000000000000e+00,0.000000000000000000e+00
5.976519012451171875e+01,1.222645789384841919e-01,5.854254364967346191e-01,0.000000000000000000e+00,0.000000000000000000e+00
6.184028244018554688e+01,8.235542476177215576e-02,6.101672649383544922e-01,0.000000000000000000e+00,0.000000000000000000e+00
6.250928497314453125e+01,4.234644770622253418e-02,6.208581924438476562e-01,0.000000000000000000e+00,0.000000000000000000e+00
6.243538665771484375e+01,2.314433455467224121e-02,6.220394372940063477e-01,0.000000000000000000e+00,0.000000000000000000e+00
5.950323486328125000e+01,2.779280766844749451e-02,5.922530889511108398e-01,0.000000000000000000e+00,0.000000000000000000e+00
6.067449951171875000e+01,4.270777478814125061e-02,6.024742126464843750e-01,0.000000000000000000e+00,0.000000000000000000e+00
6.294364547729492188e+01,4.582124948501586914e-02,6.248543262481689453e-01,0.000000000000000000e+00,0.000000000000000000e+00
6.146744918823242188e+01,5.116742849349975586e-02,6.095577478408813477e-01,0.000000000000000000e+00,0.000000000000000000e+00
5.978111267089843750e+01,4.878767952322959900e-02,5.929323434829711914e-01,0.000000000000000000e+00,0.000000000000000000e+00
6.105086898803710938e+01,4.970651865005493164e-02,6.055380105972290039e-01,0.000000000000000000e+00,0.000000000000000000e+00
5.879226684570312500e+01,4.120137542486190796e-02,5.838025212287902832e-01,0.000000000000000000e+00,0.000000000000000000e+00
6.051083374023437500e+01,4.983993992209434509e-02,6.001243591308593750e-01,0.000000000000000000e+00,0.000000000000000000e+00
6.151948547363281250e+01,5.140857025980949402e-02,6.100540161132812500e-01,0.000000000000000000e+00,0.000000000000000000e+00
6.142966079711914062e+01,7.801531255245208740e-02,6.064950823783874512e-01,0.000000000000000000e+00,0.000000000000000000e+00
5.725736618041992188e+01,7.265594601631164551e-02,5.653080940246582031e-01,0.000000000000000000e+00,0.000000000000000000e+00
5.864900588989257812e+01,8.597630262374877930e-02,5.778924226760864258e-01,0.000000000000000000e+00,0.000000000000000000e+00
6.080516815185546875e+01,7.422752678394317627e-02,6.006289124488830566e-01,0.000000000000000000e+00,0.000000000000000000e+00
6.124293136596679688e+01,6.378109753131866455e-02,6.060512065887451172e-01,0.000000000000000000e+00,0.000000000000000000e+00
6.045917129516601562e+01,5.293969064950942993e-02,5.992977619171142578e-01,0.000000000000000000e+00,0.000000000000000000e+00
5.920011138916015625e+01,7.680591940879821777e-02,5.843205451965332031e-01,0.000000000000000000e+00,0.000000000000000000e+00
5.938961791992187500e+01,6.266251206398010254e-02,5.876299142837524414e-01,0.000000000000000000e+00,0.000000000000000000e+00
5.925455474853515625e+01,5.545463413000106812e-02,5.870000720024108887e-01,0.000000000000000000e+00,0.000000000000000000e+00
5.727108383178710938e+01,8.089239895343780518e-02,5.646215677261352539e-01,0.000000000000000000e+00,0.000000000000000000e+00
5.858334350585937500e+01,7.241679728031158447e-02,5.785917639732360840e-01,0.000000000000000000e+00,0.000000000000000000e+00
5.850246429443359375e+01,7.404355704784393311e-02,5.776202678680419922e-01,0.000000000000000000e+00,0.000000000000000000e+00
5.820351791381835938e+01,9.384389966726303101e-02,5.726507902145385742e-01,0.000000000000000000e+00,0.000000000000000000e+00
5.970028686523437500e+01,7.439830154180526733e-02,5.895630121231079102e-01,0.000000000000000000e+00,0.000000000000000000e+00
5.838768386840820312e+01,8.102284371852874756e-02,5.757745504379272461e-01,0.000000000000000000e+00,0.000000000000000000e+00
5.716358947753906250e+01,9.046705067157745361e-02,5.625891685485839844e-01,0.000000000000000000e+00,0.000000000000000000e+00
5.645292663574218750e+01,8.341301977634429932e-02,5.561879873275756836e-01,0.000000000000000000e+00,0.000000000000000000e+00
5.772740936279296875e+01,1.033643484115600586e-01,5.669376850128173828e-01,0.000000000000000000e+00,0.000000000000000000e+00
5.704979324340820312e+01,1.118762344121932983e-01,5.593103170394897461e-01,0.000000000000000000e+00,0.000000000000000000e+00
5.767623519897460938e+01,1.464561372995376587e-01,5.621167421340942383e-01,0.000000000000000000e+00,0.000000000000000000e+00
5.491003799438476562e+01,1.211785823106765747e-01,5.369825363159179688e-01,0.000000000000000000e+00,0.000000000000000000e+00
5.731202316284179688e+01,1.388106346130371094e-01,5.592391490936279297e-01,0.000000000000000000e+00,0.000000000000000000e+00
5.675469589233398438e+01,1.458825021982192993e-01,5.529587268829345703e-01,0.000000000000000000e+00,0.000000000000000000e+00
5.575996780395507812e+01,1.682045608758926392e-01,5.407792329788208008e-01,0.000000000000000000e+00,0.000000000000000000e+00
5.529143142700195312e+01,1.904612034559249878e-01,5.338681936264038086e-01,0.000000000000000000e+00,0.000000000000000000e+00
5.552915191650390625e+01,2.087591290473937988e-01,5.344156026840209961e-01,0.000000000000000000e+00,0.000000000000000000e+00
5.522456741333007812e+01,2.426022291183471680e-01,5.279854536056518555e-01,0.000000000000000000e+00,0.000000000000000000e+00
5.484423065185546875e+01,2.587658762931823730e-01,5.225657224655151367e-01,0.000000000000000000e+00,0.000000000000000000e+00
5.379563140869140625e+01,2.966720759868621826e-01,5.082890987396240234e-01,0.000000000000000000e+00,0.000000000000000000e+00
5.304617309570312500e+01,3.170114755630493164e-01,4.987605810165405273e-01,0.000000000000000000e+00,0.000000000000000000e+00
5.299414825439453125e+01,3.460729718208312988e-01,4.953342080116271973e-01,0.000000000000000000e+00,0.000000000000000000e+00
5.283879852294921875e+01,3.570018410682678223e-01,4.926877915859222412e-01,0.000000000000000000e+00,0.000000000000000000e+00
5.196371459960937500e+01,4.130595624446868896e-01,4.783311784267425537e-01,0.000000000000000000e+00,0.000000000000000000e+00
5.321675872802734375e+01,4.550872445106506348e-01,4.866588413715362549e-01,0.000000000000000000e+00,0.000000000000000000e+00
5.116379547119140625e+01,4.892774522304534912e-01,4.627101719379425049e-01,0.000000000000000000e+00,0.000000000000000000e+00
5.187674331665039062e+01,5.132961273193359375e-01,4.674378037452697754e-01,0.000000000000000000e+00,0.000000000000000000e+00
5.159088134765625000e+01,4.944570660591125488e-01,4.664630889892578125e-01,0.000000000000000000e+00,0.000000000000000000e+00
5.021907424926757812e+01,5.985199213027954102e-01,4.423387348651885986e-01,0.000000000000000000e+00,0.000000000000000000e+00
4.939991760253906250e+01,6.223771572113037109e-01,4.317614734172821045e-01,0.000000000000000000e+00,0.000000000000000000e+00
4.991577529907226562e+01,6.321269869804382324e-01,4.359450340270996094e-01,0.000000000000000000e+00,0.000000000000000000e+00
4.970716476440429688e+01,6.610471010208129883e-01,4.309669435024261475e-01,0.000000000000000000e+00,0.000000000000000000e+00
4.930889892578125000e+01,6.244525909423828125e-01,4.306437373161315918e-01,0.000000000000000000e+00,0.000000000000000000e+00
4.802814483642578125e+01,6.586010456085205078e-01,4.144213497638702393e-01,0.000000000000000000e+00,0.000000000000000000e+00
4.912361145019531250e+01,7.379959821701049805e-01,4.174365401268005371e-01,0.000000000000000000e+00,0.000000000000000000e+00
4.807108306884765625e+01,7.263866066932678223e-01,4.080721735954284668e-01,0.000000000000000000e+00,0.000000000000000000e+00
4.895154571533203125e+01,7.766280770301818848e-01,4.118526279926300049e-01,0.000000000000000000e+00,0.000000000000000000e+00
4.736128616333007812e+01,7.732994556427001953e-01,3.962829113006591797e-01,0.000000000000000000e+00,0.000000000000000000e+00
4.586612319946289062e+01,7.141998410224914551e-01,3.872412443161010742e-01,0.000000000000000000e+00,0.000000000000000000e+00
4.590370941162109375e+01,6.941406726837158203e-01,3.896230459213256836e-01,0.000000000000000000e+00,0.000000000000000000e+00
4.449607086181640625e+01,7.624487876892089844e-01,3.687158226966857910e-01,0.000000000000000000e+00,0.000000000000000000e+00
4.575725936889648438e+01,7.496211528778076172e-01,3.826104700565338135e-01,0.000000000000000000e+00,0.000000000000000000e+00
4.427282333374023438e+01,7.346873283386230469e-01,3.692595064640045166e-01,0.000000000000000000e+00,0.000000000000000000e+00
4.496732330322265625e+01,7.895609140396118164e-01,3.707171678543090820e-01,0.000000000000000000e+00,0.000000000000000000e+00
4.399340438842773438e+01,7.912262082099914551e-01,3.608114123344421387e-01,0.000000000000000000e+00,0.000000000000000000e+00
4.315299224853515625e+01,6.900810599327087402e-01,3.625218272209167480e-01,0.000000000000000000e+00,0.000000000000000000e+00
4.380744934082031250e+01,7.132154703140258789e-01,3.667529225349426270e-01,0.000000000000000000e+00,0.000000000000000000e+00
4.342743682861328125e+01,7.441469430923461914e-01,3.598596751689910889e-01,0.000000000000000000e+00,0.000000000000000000e+00
4.183399963378906250e+01,6.907114386558532715e-01,3.492688238620758057e-01,0.000000000000000000e+00,0.000000000000000000e+00
4.220814514160156250e+01,6.799179315567016602e-01,3.540896773338317871e-01,0.000000000000000000e+00,0.000000000000000000e+00
4.139660644531250000e+01,7.166810035705566406e-01,3.422979712486267090e-01,0.000000000000000000e+00,0.000000000000000000e+00
4.124465560913085938e+01,7.227668762207031250e-01,3.401698768138885498e-01,0.000000000000000000e+00,0.000000000000000000e+00
4.037595748901367188e+01,6.132436394691467285e-01,3.424352407455444336e-01,0.000000000000000000e+00,0.000000000000000000e+00
4.109624099731445312e+01,7.413681149482727051e-01,3.368256092071533203e-01,0.000000000000000000e+00,0.000000000000000000e+00
4.117918395996093750e+01,7.145994901657104492e-01,3.403318822383880615e-01,0.000000000000000000e+00,0.000000000000000000e+00
4.200933837890625000e+01,7.789289951324462891e-01,3.422004878520965576e-01,0.000000000000000000e+00,0.000000000000000000e+00
3.939149093627929688e+01,6.677615642547607422e-01,3.271387517452239990e-01,0.000000000000000000e+00,0.000000000000000000e+00
4.123251342773437500e+01,7.452721595764160156e-01,3.377979397773742676e-01,0.000000000000000000e+00,0.000000000000000000e+00
4.062420654296875000e+01,7.130576372146606445e-01,3.349362909793853760e-01,0.000000000000000000e+00,0.000000000000000000e+00
3.791666030883789062e+01,6.038181781768798828e-01,3.187847733497619629e-01,0.000000000000000000e+00,0.000000000000000000e+00
4.080478286743164062e+01,7.822234630584716797e-01,3.298254609107971191e-01,0.000000000000000000e+00,0.000000000000000000e+00
3.911795425415039062e+01,6.463879346847534180e-01,3.265407681465148926e-01,0.000000000000000000e+00,0.000000000000000000e+00
3.842136383056640625e+01,6.448711752891540527e-01,3.197265267372131348e-01,0.000000000000000000e+00,0.000000000000000000e+00
3.895339202880859375e+01,6.115049123764038086e-01,3.283834457397460938e-01,0.000000000000000000e+00,0.000000000000000000e+00
3.915117645263671875e+01,6.673638224601745605e-01,3.247753977775573730e-01,0.000000000000000000e+00,0.000000000000000000e+00
3.762417984008789062e+01,5.126250386238098145e-01,3.249792754650115967e-01,0.000000000000000000e+00,0.000000000000000000e+00
3.872754287719726562e+01,5.370655059814453125e-01,3.335688710212707520e-01,0.000000000000000000e+00,0.000000000000000000e+00
3.905980300903320312e+01,6.227265596389770508e-01,3.283253908157348633e-01,0.000000000000000000e+00,0.000000000000000000e+00
3.745663833618164062e+01,5.094455480575561523e-01,3.236218094825744629e-01,0.000000000000000000e+00,0.000000000000000000e+00
3.881480407714843750e+01,6.143863201141357422e-01,3.267093896865844727e-01,0.000000000000000000e+00,0.000000000000000000e+00
3.813152694702148438e+01,5.611722469329833984e-01,3.251980543136596680e-01,0.000000000000000000e+00,0.000000000000000000e+00
3.659410095214843750e+01,5.273748636245727539e-01,3.132035136222839355e-01,0.000000000000000000e+00,0.000000000000000000e+00
3.836317062377929688e+01,6.255491971969604492e-01,3.210767805576324463e-01,0.000000000000000000e+00,0.000000000000000000e+00
3.808895111083984375e+01,6.272231340408325195e-01,3.181672096252441406e-01,0.000000000000000000e+00,0.000000000000000000e+00
3.624663925170898438e+01,5.413112640380859375e-01,3.083352744579315186e-01,0.000000000000000000e+00,0.000000000000000000e+00
3.784434890747070312e+01,6.154084205627441406e-01,3.169026374816894531e-01,0.000000000000000000e+00,0.000000000000000000e+00
3.704183197021484375e+01,5.419380664825439453e-01,3.162245154380798340e-01,0.000000000000000000e+00,0.000000000000000000e+00
3.702164840698242188e+01,5.532344579696655273e-01,3.148930370807647705e-01,0.000000000000000000e+00,0.000000000000000000e+00
3.792971801757812500e+01,5.519740581512451172e-01,3.240997791290283203e-01,0.000000000000000000e+00,0.000000000000000000e+00
3.730345153808593750e+01,5.160878896713256836e-01,3.214257061481475830e-01,0.000000000000000000e+00,0.000000000000000000e+00
3.533390426635742188e+01,4.754803180694580078e-01,3.057910203933715820e-01,0.000000000000000000e+00,0.000000000000000000e+00
3.534722900390625000e+01,5.025110244750976562e-01,3.032211661338806152e-01,0.000000000000000000e+00,0.000000000000000000e+00
3.686786270141601562e+01,5.816686153411865234e-01,3.105117678642272949e-01,0.000000000000000000e+00,0.000000000000000000e+00
3.558209228515625000e+01,5.358515977859497070e-01,3.022357821464538574e-01,0.000000000000000000e+00,0.000000000000000000e+00
3.575362014770507812e+01,5.393761992454528809e-01,3.035985827445983887e-01,0.000000000000000000e+00,0.000000000000000000e+00
3.505752182006835938e+01,4.943084716796875000e-01,3.011443614959716797e-01,0.000000000000000000e+00,0.000000000000000000e+00
3.467728424072265625e+01,4.535765647888183594e-01,3.014151751995086670e-01,0.000000000000000000e+00,0.000000000000000000e+00
3.691943740844726562e+01,5.762332081794738770e-01,3.115710616111755371e-01,0.000000000000000000e+00,0.000000000000000000e+00
3.459355926513671875e+01,4.937448501586914062e-01,2.965610921382904053e-01,0.000000000000000000e+00,0.000000000000000000e+00
3.523721313476562500e+01,5.396423339843750000e-01,2.984079122543334961e-01,0.000000000000000000e+00,0.000000000000000000e+00
3.432925415039062500e+01,5.058320760726928711e-01,2.927093505859375000e-01,0.000000000000000000e+00,0.000000000000000000e+00
3.527543640136718750e+01,5.879309177398681641e-01,2.939612567424774170e-01,0.000000000000000000e+00,0.000000000000000000e+00
3.493473052978515625e+01,5.150949954986572266e-01,2.978377938270568848e-01,0.000000000000000000e+00,0.000000000000000000e+00
3.354096221923828125e+01,5.121598243713378906e-01,2.841936349868774414e-01,0.000000000000000000e+00,0.000000000000000000e+00
3.464308166503906250e+01,5.304172039031982422e-01,2.933890819549560547e-01,0.000000000000000000e+00,0.000000000000000000e+00
3.412999725341796875e+01,4.991361796855926514e-01,2.913863658905029297e-01,0.000000000000000000e+00,0.000000000000000000e+00
3.370209121704101562e+01,5.144549608230590820e-01,2.855754196643829346e-01,0.000000000000000000e+00,0.000000000000000000e+00
3.365077209472656250e+01,5.000504255294799805e-01,2.865026593208312988e-01,0.000000000000000000e+00,0.000000000000000000e+00
3.224646377563476562e+01,5.235350131988525391e-01,2.701111435890197754e-01,0.000000000000000000e+00,0.000000000000000000e+00
3.337150955200195312e+01,5.512493848800659180e-01,2.785901427268981934e-01,0.000000000000000000e+00,0.000000000000000000e+00
3.381884002685546875e+01,5.964634418487548828e-01,2.785420417785644531e-01,0.000000000000000000e+00,0.000000000000000000e+00
3.269144439697265625e+01,5.462113618850708008e-01,2.722933292388916016e-01,0.000000000000000000e+00,0.000000000000000000e+00
3.215896606445312500e+01,5.208047628402709961e-01,2.695091962814331055e-01,0.000000000000000000e+00,0.000000000000000000e+00
3.197784042358398438e+01,5.097093582153320312e-01,2.688074707984924316e-01,0.000000000000000000e+00,0.000000000000000000e+00
3.180384445190429688e+01,5.421643257141113281e-01,2.638220191001892090e-01,0.000000000000000000e+00,0.000000000000000000e+00
3.275093841552734375e+01,7.092084288597106934e-01,2.565885484218597412e-01,0.000000000000000000e+00,0.000000000000000000e+00
3.235657119750976562e+01,5.927836298942565918e-01,2.642873525619506836e-01,0.000000000000000000e+00,0.000000000000000000e+00
3.073364639282226562e+01,5.291231274604797363e-01,2.544241547584533691e-01,0.000000000000000000e+00,0.000000000000000000e+00
3.216767501831054688e+01,6.186360716819763184e-01,2.598131299018859863e-01,0.000000000000000000e+00,0.000000000000000000e+00
3.347519683837890625e+01,7.660502195358276367e-01,2.581469416618347168e-01,0.000000000000000000e+00,0.000000000000000000e+00
3.007748413085937500e+01,5.964541435241699219e-01,2.411294430494308472e-01,0.000000000000000000e+00,0.000000000000000000e+00
3.361795425415039062e+01,8.280365467071533203e-01,2.533758878707885742e-01,0.000000000000000000e+00,0.000000000000000000e+00
3.233274459838867188e+01,6.962659358978271484e-01,2.537008523941040039e-01,0.000000000000000000e+00,0.000000000000000000e+00
3.059108734130859375e+01,6.357229948043823242e-01,2.423385530710220337e-01,0.000000000000000000e+00,0.000000000000000000e+00
3.164648246765136719e+01,6.984172463417053223e-01,2.466230988502502441e-01,0.000000000000000000e+00,0.000000000000000000e+00
3.132143974304199219e+01,7.081522345542907715e-01,2.423991858959197998e-01,0.000000000000000000e+00,0.000000000000000000e+00
3.032744216918945312e+01,6.321461796760559082e-01,2.400597929954528809e-01,0.000000000000000000e+00,0.000000000000000000e+00
2.927109718322753906e+01,6.903021335601806641e-01,2.236807644367218018e-01,0.000000000000000000e+00,0.000000000000000000e+00
3.156518173217773438e+01,7.522352337837219238e-01,2.404282987117767334e-01,0.000000000000000000e+00,0.000000000000000000e+00
3.031146621704101562e+01,6.604632139205932617e-01,2.370683252811431885e-01,0.000000000000000000e+00,0.000000000000000000e+00
3.073955535888671875e+01,6.331019401550292969e-01,2.440853714942932129e-01,0.000000000000000000e+00,0.000000000000000000e+00
3.003306961059570312e+01,6.304974555969238281e-01,2.372809648513793945e-01,0.000000000000000000e+00,0.000000000000000000e+00
3.080340576171875000e+01,7.067633867263793945e-01,2.373577207326889038e-01,0.000000000000000000e+00,0.000000000000000000e+00
3.095125579833984375e+01,8.152837157249450684e-01,2.279841899871826172e-01,0.000000000000000000e+00,0.000000000000000000e+00
2.912415313720703125e+01,6.623047590255737305e-01,2.250110357999801636e-01,0.000000000000000000e+00,0.000000000000000000e+00
3.050873756408691406e+01,8.493059277534484863e-01,2.201567888259887695e-01,0.000000000000000000e+00,0.000000000000000000e+00
2.858282852172851562e+01,6.393525004386901855e-01,2.218930274248123169e-01,0.000000000000000000e+00,0.000000000000000000e+00
3.003341674804687500e+01,7.211914658546447754e-01,2.282150238752365112e-01,0.000000000000000000e+00,0.000000000000000000e+00
2.929882812500000000e+01,6.502551436424255371e-01,2.279627621173858643e-01,0.000000000000000000e+00,0.000000000000000000e+00
2.771879959106445312e+01,5.870366096496582031e-01,2.184843420982360840e-01,0.000000000000000000e+00,0.000000000000000000e+00
2.884812355041503906e+01,7.334461808204650879e-01,2.151366174221038818e-01,0.000000000000000000e+00,0.000000000000000000e+00
2.800259780883789062e+01,7.090612649917602539e-01,2.091198563575744629e-01,0.000000000000000000e+00,0.000000000000000000e+00
2.819043731689453125e+01,8.386791944503784180e-01,1.980364620685577393e-01,0.000000000000000000e+00,0.000000000000000000e+00
2.749383735656738281e+01,6.583652496337890625e-01,2.091018557548522949e-01,0.000000000000000000e+00,0.000000000000000000e+00
2.849346542358398438e+01,6.632809638977050781e-01,2.186065614223480225e-01,0.000000000000000000e+00,0.000000000000000000e+00
2.899072074890136719e+01,7.397415637969970703e-01,2.159330546855926514e-01,0.000000000000000000e+00,0.000000000000000000e+00
2.690693283081054688e+01,6.306767463684082031e-01,2.060016393661499023e-01,0.000000000000000000e+00,0.000000000000000000e+00
2.728244590759277344e+01,6.069128513336181641e-01,2.121331691741943359e-01,0.000000000000000000e+00,0.000000000000000000e+00
2.777866363525390625e+01,7.457242012023925781e-01,2.032141983509063721e-01,0.000000000000000000e+00,0.000000000000000000e+00
2.833052444458007812e+01,7.052965760231018066e-01,2.127755880355834961e-01,0.000000000000000000e+00,0.000000000000000000e+00
2.761967468261718750e+01,6.986899375915527344e-01,2.063277512788772583e-01,0.000000000000000000e+00,0.000000000000000000e+00
2.856616401672363281e+01,8.412853479385375977e-01,2.015331089496612549e-01,0.000000000000000000e+00,0.000000000000000000e+00
2.799905967712402344e+01,6.797250509262084961e-01,2.120180875062942505e-01,0.000000000000000000e+00,0.000000000000000000e+00
2.801612854003906250e+01,7.666404247283935547e-01,2.034972459077835083e-01,0.000000000000000000e+00,0.000000000000000000e+00
2.693386840820312500e+01,6.205071210861206055e-01,2.072879672050476074e-01,0.000000000000000000e+00,0.000000000000000000e+00
2.717005157470703125e+01,6.698487997055053711e-01,2.047156393527984619e-01,0.000000000000000000e+00,0.000000000000000000e+00
2.724111938476562500e+01,7.117905616760253906e-01,2.012321501970291138e-01,0.000000000000000000e+00,0.000000000000000000e+00
2.739794540405273438e+01,7.447796463966369629e-01,1.995014995336532593e-01,0.000000000000000000e+00,0.000000000000000000e+00
2.672981071472167969e+01,6.772918701171875000e-01,1.995689123868942261e-01,0.000000000000000000e+00,0.000000000000000000e+00
2.669695091247558594e+01,6.786706447601318359e-01,1.991024464368820190e-01,0.000000000000000000e+00,0.000000000000000000e+00
2.595271110534667969e+01,7.236995100975036621e-01,1.871571540832519531e-01,0.000000000000000000e+00,0.000000000000000000e+00
2.435077857971191406e+01,6.082222461700439453e-01,1.826855689287185669e-01,0.000000000000000000e+00,0.000000000000000000e+00
2.584348487854003906e+01,6.969110965728759766e-01,1.887437403202056885e-01,0.000000000000000000e+00,0.000000000000000000e+00
2.685424613952636719e+01,7.813583016395568848e-01,1.904066354036331177e-01,0.000000000000000000e+00,0.000000000000000000e+00
2.662635421752929688e+01,8.063524961471557617e-01,1.856282949447631836e-01,0.000000000000000000e+00,0.000000000000000000e+00
2.587618637084960938e+01,8.139878511428833008e-01,1.773630678653717041e-01,0.000000000000000000e+00,0.000000000000000000e+00
2.530866050720214844e+01,7.213239669799804688e-01,1.809542179107666016e-01,0.000000000000000000e+00,0.000000000000000000e+00
2.528583145141601562e+01,7.137241363525390625e-01,1.814859062433242798e-01,0.000000000000000000e+00,0.000000000000000000e+00
2.523706436157226562e+01,6.449717283248901367e-01,1.878734529018402100e-01,0.000000000000000000e+00,0.000000000000000000e+00
2.360453987121582031e+01,5.466747283935546875e-01,1.813779324293136597e-01,0.000000000000000000e+00,0.000000000000000000e+00
2.544502258300781250e+01,7.889126539230346680e-01,1.755589693784713745e-01,0.000000000000000000e+00,0.000000000000000000e+00
2.362687301635742188e+01,7.267769575119018555e-01,1.635910272598266602e-01,0.000000000000000000e+00,0.000000000000000000e+00
2.628690338134765625e+01,8.741457462310791016e-01,1.754544675350189209e-01,0.000000000000000000e+00,0.000000000000000000e+00
2.364833831787109375e+01,7.529044151306152344e-01,1.611929535865783691e-01,0.000000000000000000e+00,0.000000000000000000e+00
2.439888000488281250e+01,7.119414806365966797e-01,1.727946400642395020e-01,0.000000000000000000e+00,0.000000000000000000e+00
2.329569244384765625e+01,6.939357519149780273e-01,1.635633409023284912e-01,0.000000000000000000e+00,0.000000000000000000e+00
2.364877891540527344e+01,7.064583301544189453e-01,1.658419668674468994e-01,0.000000000000000000e+00,0.000000000000000000e+00
2.308585357666015625e+01,6.928235292434692383e-01,1.615761816501617432e-01,0.000000000000000000e+00,0.000000000000000000e+00
2.320328330993652344e+01,6.674178838729858398e-01,1.652910411357879639e-01,0.000000000000000000e+00,0.000000000000000000e+00
2.441451835632324219e+01,7.785490155220031738e-01,1.662902832031250000e-01,0.000000000000000000e+00,0.000000000000000000e+00
2.230502128601074219e+01,6.658561229705810547e-01,1.564646065235137939e-01,0.000000000000000000e+00,0.000000000000000000e+00
2.421121597290039062e+01,8.510403633117675781e-01,1.570081114768981934e-01,0.000000000000000000e+00,0.000000000000000000e+00
2.211024284362792969e+01,6.936414241790771484e-01,1.517382860183715820e-01,0.000000000000000000e+00,0.000000000000000000e+00
2.310219955444335938e+01,7.436722517013549805e-01,1.566547751426696777e-01,0.000000000000000000e+00,0.000000000000000000e+00
2.262948989868164062e+01,7.289895415306091309e-01,1.533959507942199707e-01,0.000000000000000000e+00,0.000000000000000000e+00
2.288547325134277344e+01,6.938496828079223633e-01,1.594697684049606323e-01,0.000000000000000000e+00,0.000000000000000000e+00
2.311296272277832031e+01,7.591624259948730469e-01,1.552133858203887939e-01,0.000000000000000000e+00,0.000000000000000000e+00
2.159722137451171875e+01,6.602591276168823242e-01,1.499462872743606567e-01,0.000000000000000000e+00,0.000000000000000000e+00
2.126264190673828125e+01,6.254072189331054688e-01,1.500857025384902954e-01,0.000000000000000000e+00,0.000000000000000000e+00
2.225752449035644531e+01,7.864634990692138672e-01,1.439289003610610962e-01,0.000000000000000000e+00,0.000000000000000000e+00
2.347784042358398438e+01,8.897683620452880859e-01,1.458015590906143188e-01,0.000000000000000000e+00,0.000000000000000000e+00
1.981436157226562500e+01,5.927940607070922852e-01,1.388642042875289917e-01,0.000000000000000000e+00,0.000000000000000000e+00
2.189015579223632812e+01,7.863845229148864746e-01,1.402630954980850220e-01,0.000000000000000000e+00,0.000000000000000000e+00
2.120645141601562500e+01,6.683884859085083008e-01,1.452256739139556885e-01,0.000000000000000000e+00,0.000000000000000000e+00
2.204722595214843750e+01,7.651721239089965820e-01,1.439550369977951050e-01,0.000000000000000000e+00,0.000000000000000000e+00
2.043695068359375000e+01,6.087673902511596680e-01,1.434927731752395630e-01,0.000000000000000000e+00,0.000000000000000000e+00
2.338394546508789062e+01,8.633188009262084961e-01,1.475075632333755493e-01,0.000000000000000000e+00,0.000000000000000000e+00
2.211459732055664062e+01,7.214067578315734863e-01,1.490052938461303711e-01,0.000000000000000000e+00,0.000000000000000000e+00
2.020302963256835938e+01,6.140238046646118164e-01,1.406279206275939941e-01,0.000000000000000000e+00,0.000000000000000000e+00
2.148756217956542969e+01,7.440726757049560547e-01,1.404683589935302734e-01,0.000000000000000000e+00,0.000000000000000000e+00
2.137644195556640625e+01,7.471435070037841797e-01,1.390500664710998535e-01,0.000000000000000000e+00,0.000000000000000000e+00
2.115071487426757812e+01,7.359079122543334961e-01,1.379163563251495361e-01,0.000000000000000000e+00,0.000000000000000000e+00
1.915167236328125000e+01,6.520510911941528320e-01,1.263116151094436646e-01,0.000000000000000000e+00,0.000000000000000000e+00
2.312565612792968750e+01,9.177429080009460449e-01,1.394822597503662109e-01,0.000000000000000000e+00,0.000000000000000000e+00
2.135800933837890625e+01,6.739684343338012695e-01,1.461832523345947266e-01,0.000000000000000000e+00,0.000000000000000000e+00
1.993703079223632812e+01,5.966004133224487305e-01,1.397102773189544678e-01,0.000000000000000000e+00,0.000000000000000000e+00
2.081711387634277344e+01,6.684746742248535156e-01,1.413236707448959351e-01,0.000000000000000000e+00,0.000000000000000000e+00
1.975551605224609375e+01,6.239260435104370117e-01,1.351625621318817139e-01,0.000000000000000000e+00,0.000000000000000000e+00
1.998093032836914062e+01,6.577594280242919922e-01,1.340333521366119385e-01,0.000000000000000000e+00,0.000000000000000000e+00
1.937099838256835938e+01,6.264144778251647949e-01,1.310685276985168457e-01,0.000000000000000000e+00,0.000000000000000000e+00
2.072492218017578125e+01,8.323161602020263672e-01,1.240175887942314148e-01,0.000000000000000000e+00,0.000000000000000000e+00
1.930220794677734375e+01,6.417075395584106445e-01,1.288513243198394775e-01,0.000000000000000000e+00,0.000000000000000000e+00
1.793367195129394531e+01,5.087583065032958984e-01,1.284608840942382812e-01,0.000000000000000000e+00,0.000000000000000000e+00
1.959187126159667969e+01,6.596103310585021973e-01,1.299576759338378906e-01,0.000000000000000000e+00,0.000000000000000000e+00
2.036490249633789062e+01,7.582904100418090820e-01,1.278199851512908936e-01,0.000000000000000000e+00,0.000000000000000000e+00
2.058205032348632812e+01,7.393028736114501953e-01,1.318902075290679932e-01,0.000000000000000000e+00,0.000000000000000000e+00
2.109413528442382812e+01,7.809590101242065430e-01,1.328454613685607910e-01,0.000000000000000000e+00,0.000000000000000000e+00
1.987501907348632812e+01,6.420068144798278809e-01,1.345494985580444336e-01,0.000000000000000000e+00,0.000000000000000000e+00
1.901465415954589844e+01,5.783394575119018555e-01,1.323125958442687988e-01,0.000000000000000000e+00,0.000000000000000000e+00
1.964813804626464844e+01,5.886164903640747070e-01,1.376197338104248047e-01,0.000000000000000000e+00,0.000000000000000000e+00
1.859370803833007812e+01,5.616679787635803223e-01,1.297702789306640625e-01,0.000000000000000000e+00,0.000000000000000000e+00
1.945033454895019531e+01,7.690302133560180664e-01,1.176003217697143555e-01,0.000000000000000000e+00,0.000000000000000000e+00
1.916922378540039062e+01,7.614655494689941406e-01,1.155456826090812683e-01,0.000000000000000000e+00,0.000000000000000000e+00
2.033301925659179688e+01,8.659204244613647461e-01,1.167381405830383301e-01,0.000000000000000000e+00,0.000000000000000000e+00
1.828517341613769531e+01,6.470055580139160156e-01,1.181511804461479187e-01,0.000000000000000000e+00,0.000000000000000000e+00
1.741135787963867188e+01,6.410952210426330566e-01,1.100040525197982788e-01,0.000000000000000000e+00,0.000000000000000000e+00
1.840742874145507812e+01,6.608138084411621094e-01,1.179929077625274658e-01,0.000000000000000000e+00,0.000000000000000000e+00
1.810110473632812500e+01,5.600304603576660156e-01,1.250080019235610962e-01,0.000000000000000000e+00,0.000000000000000000e+00
1.747032546997070312e+01,5.394769906997680664e-01,1.207555457949638367e-01,0.000000000000000000e+00,0.000000000000000000e+00
1.903067207336425781e+01,6.181955933570861816e-01,1.284871697425842285e-01,0.000000000000000000e+00,0.000000000000000000e+00
1.880696868896484375e+01,6.362209320068359375e-01,1.244475841522216797e-01,0.000000000000000000e+00,0.000000000000000000e+00
1.842324638366699219e+01,6.592155694961547852e-01,1.183109059929847717e-01,0.000000000000000000e+00,0.000000000000000000e+00
1.867137145996093750e+01,7.018284797668457031e-01,1.165308654308319092e-01,0.000000000000000000e+00,0.000000000000000000e+00
1.891961097717285156e+01,6.865353584289550781e-01,1.205425783991813660e-01,0.000000000000000000e+00,0.000000000000000000e+00
1.928748703002929688e+01,6.267237067222595215e-01,1.302025020122528076e-01,0.000000000000000000e+00,0.000000000000000000e+00
1.970185089111328125e+01,7.730013728141784668e-01,1.197183728218078613e-01,0.000000000000000000e+00,0.000000000000000000e+00
1.813066482543945312e+01,5.869596004486083984e-01,1.226106882095336914e-01,0.000000000000000000e+00,0.000000000000000000e+00
1.859383201599121094e+01,6.206875443458557129e-01,1.238695681095123291e-01,0.000000000000000000e+00,0.000000000000000000e+00
1.847476768493652344e+01,5.697664022445678711e-01,1.277710348367691040e-01,0.000000000000000000e+00,0.000000000000000000e+00
1.839051437377929688e+01,6.358945369720458984e-01,1.203156933188438416e-01,0.000000000000000000e+00,0.000000000000000000e+00
1.769350242614746094e+01,5.641517639160156250e-01,1.205198466777801514e-01,0.000000000000000000e+00,0.000000000000000000e+00
1.982437133789062500e+01,7.055555582046508789e-01,1.276881694793701172e-01,0.000000000000000000e+00,0.000000000000000000e+00
1.756019592285156250e+01,5.792946815490722656e-01,1.176724955439567566e-01,0.000000000000000000e+00,0.000000000000000000e+00
1.935757827758789062e+01,6.950184106826782227e-01,1.240739300847053528e-01,0.000000000000000000e+00,0.000000000000000000e+00
1.834338951110839844e+01,6.453109383583068848e-01,1.189028099179267883e-01,0.000000000000000000e+00,0.000000000000000000e+00
1.798548316955566406e+01,6.042119264602661133e-01,1.194336414337158203e-01,0.000000000000000000e+00,0.000000000000000000e+00
1.930249786376953125e+01,6.841645240783691406e-01,1.246085315942764282e-01,0.000000000000000000e+00,0.000000000000000000e+00
1.681625747680664062e+01,5.063601732254028320e-01,1.175265684723854065e-01,0.000000000000000000e+00,0.000000000000000000e+00
1.906591796875000000e+01,6.369053125381469727e-01,1.269686371088027954e-01,0.000000000000000000e+00,0.000000000000000000e+00
1.663603782653808594e+01,5.070244073867797852e-01,1.156579405069351196e-01,0.000000000000000000e+00,0.000000000000000000e+00
1.844668197631835938e+01,6.432400941848754883e-01,1.201428025960922241e-01,0.000000000000000000e+00,0.000000000000000000e+00
1.907667350769042969e+01,6.930631399154663086e-01,1.214604228734970093e-01,0.000000000000000000e+00,0.000000000000000000e+00
1.697458267211914062e+01,5.038043260574340820e-01,1.193653941154479980e-01,0.000000000000000000e+00,0.000000000000000000e+00
1.702195549011230469e+01,6.170345544815063477e-01,1.085160970687866211e-01,0.000000000000000000e+00,0.000000000000000000e+00
1.754923629760742188e+01,5.636981725692749023e-01,1.191225349903106689e-01,0.000000000000000000e+00,0.000000000000000000e+00
1.649710655212402344e+01,5.184589624404907227e-01,1.131251752376556396e-01,0.000000000000000000e+00,0.000000000000000000e+00
1.758989334106445312e+01,5.822600126266479492e-01,1.176729276776313782e-01,0.000000000000000000e+00,0.000000000000000000e+00
1.782971954345703125e+01,6.860889196395874023e-01,1.096883043646812439e-01,0.000000000000000000e+00,0.000000000000000000e+00
1.616765975952148438e+01,5.613933205604553223e-01,1.055372655391693115e-01,0.000000000000000000e+00,0.000000000000000000e+00
1.833156585693359375e+01,6.859416961669921875e-01,1.147214844822883606e-01,0.000000000000000000e+00,0.000000000000000000e+00
1.693898200988769531e+01,5.879811644554138184e-01,1.105916947126388550e-01,0.000000000000000000e+00,0.000000000000000000e+00
1.585431289672851562e+01,5.475173592567443848e-01,1.037913858890533447e-01,0.000000000000000000e+00,0.000000000000000000e+00
1.715232849121093750e+01,5.947571992874145508e-01,1.120475530624389648e-01,0.000000000000000000e+00,0.000000000000000000e+00
1.772078514099121094e+01,6.004546880722045898e-01,1.171623766422271729e-01,0.000000000000000000e+00,0.000000000000000000e+00
1.662565803527832031e+01,5.143895745277404785e-01,1.148176267743110657e-01,0.000000000000000000e+00,0.000000000000000000e+00
1.698885726928710938e+01,5.906054377555847168e-01,1.108280420303344727e-01,0.000000000000000000e+00,0.000000000000000000e+00
1.708008956909179688e+01,6.441901922225952148e-01,1.063818782567977905e-01,0.000000000000000000e+00,0.000000000000000000e+00
1.734383773803710938e+01,5.642516613006591797e-01,1.170132160186767578e-01,0.000000000000000000e+00,0.000000000000000000e+00
1.649408721923828125e+01,5.499542951583862305e-01,1.099454462528228760e-01,0.000000000000000000e+00,0.000000000000000000e+00
1.694721221923828125e+01,6.337464451789855957e-01,1.060974746942520142e-01,0.000000000000000000e+00,0.000000000000000000e+00
1.734593772888183594e+01,6.299589872360229492e-01,1.104634776711463928e-01,0.000000000000000000e+00,0.000000000000000000e+00
1.715617370605468750e+01,6.018325090408325195e-01,1.113784834742546082e-01,0.000000000000000000e+00,0.000000000000000000e+00
1.666575813293457031e+01,5.875066518783569336e-01,1.079069152474403381e-01,0.000000000000000000e+00,0.000000000000000000e+00
1.741173553466796875e+01,6.863536834716796875e-01,1.054819747805595398e-01,0.000000000000000000e+00,0.000000000000000000e+00
1.545600318908691406e+01,4.376459121704101562e-01,1.107954382896423340e-01,0.000000000000000000e+00,0.000000000000000000e+00
1.709447860717773438e+01,5.399982333183288574e-01,1.169449687004089355e-01,0.000000000000000000e+00,0.000000000000000000e+00
1.576137161254882812e+01,4.956532418727874756e-01,1.080483943223953247e-01,0.000000000000000000e+00,0.000000000000000000e+00
1.653355026245117188e+01,5.875003933906555176e-01,1.065854579210281372e-01,0.000000000000000000e+00,0.000000000000000000e+00
1.637218475341796875e+01,5.937737226486206055e-01,1.043444871902465820e-01,0.000000000000000000e+00,0.000000000000000000e+00
1.694155311584472656e+01,6.096318364143371582e-01,1.084523499011993408e-01,0.000000000000000000e+00,0.000000000000000000e+00
1.503410148620605469e+01,4.460968077182769775e-01,1.057313382625579834e-01,0.000000000000000000e+00,0.000000000000000000e+00
1.624015998840332031e+01,5.746225714683532715e-01,1.049393489956855774e-01,0.000000000000000000e+00,0.000000000000000000e+00
1.626384353637695312e+01,5.642420053482055664e-01,1.062142401933670044e-01,0.000000000000000000e+00,0.000000000000000000e+00
1.548861122131347656e+01,5.615743398666381836e-01,9.872867166996002197e-02,0.000000000000000000e+00,0.000000000000000000e+00
1.518119621276855469e+01,5.995566248893737793e-01,9.185630083084106445e-02,0.000000000000000000e+00,0.000000000000000000e+00
1.644818687438964844e+01,5.987683534622192383e-01,1.046050339937210083e-01,0.000000000000000000e+00,0.000000000000000000e+00
1.622274589538574219e+01,6.329845786094665527e-01,9.892900288105010986e-02,0.000000000000000000e+00,0.000000000000000000e+00
1.614904403686523438e+01,5.296553373336791992e-01,1.085249185562133789e-01,0.000000000000000000e+00,0.000000000000000000e+00
1.603937530517578125e+01,5.206619501113891602e-01,1.083275675773620605e-01,0.000000000000000000e+00,0.000000000000000000e+00
1.643917846679687500e+01,5.877717733383178711e-01,1.056146174669265747e-01,0.000000000000000000e+00,0.000000000000000000e+00
1.594981670379638672e+01,5.886392593383789062e-01,1.006342396140098572e-01,0.000000000000000000e+00,0.000000000000000000e+00
1.639879608154296875e+01,6.220618486404418945e-01,1.017817705869674683e-01,0.000000000000000000e+00,0.000000000000000000e+00
1.624379730224609375e+01,5.450592041015625000e-01,1.079320609569549561e-01,0.000000000000000000e+00,0.000000000000000000e+00
1.654163551330566406e+01,5.916391015052795410e-01,1.062524467706680298e-01,0.000000000000000000e+00,0.000000000000000000e+00
1.651408195495605469e+01,6.011587381362915039e-01,1.050249487161636353e-01,0.000000000000000000e+00,0.000000000000000000e+00
1.561474132537841797e+01,5.021761655807495117e-01,1.059297919273376465e-01,0.000000000000000000e+00,0.000000000000000000e+00
1.616792297363281250e+01,5.761318206787109375e-01,1.040660589933395386e-01,0.000000000000000000e+00,0.000000000000000000e+00
1.498875141143798828e+01,4.753462672233581543e-01,1.023528873920440674e-01,0.000000000000000000e+00,0.000000000000000000e+00
1.467977142333984375e+01,4.666784107685089111e-01,1.001298725605010986e-01,0.000000000000000000e+00,0.000000000000000000e+00
1.479911041259765625e+01,5.995901823043823242e-01,8.803208172321319580e-02,0.000000000000000000e+00,0.000000000000000000e+00
1.816582870483398438e+01,8.590613603591918945e-01,9.575216472148895264e-02,0.000000000000000000e+00,0.000000000000000000e+00
1.572462844848632812e+01,6.207568645477294922e-01,9.517060220241546631e-02,0.000000000000000000e+00,0.000000000000000000e+00
1.630127906799316406e+01,6.072640419006347656e-01,1.022863835096359253e-01,0.000000000000000000e+00,0.000000000000000000e+00
1.556809520721435547e+01,5.180073976516723633e-01,1.038802117109298706e-01,0.000000000000000000e+00,0.000000000000000000e+00
1.563200378417968750e+01,5.358960032463073730e-01,1.027304381132125854e-01,0.000000000000000000e+00,0.000000000000000000e+00
1.534787273406982422e+01,5.827561616897583008e-01,9.520310908555984497e-02,0.000000000000000000e+00,0.000000000000000000e+00
1.487803363800048828e+01,5.720707178115844727e-01,9.157326817512512207e-02,0.000000000000000000e+00,0.000000000000000000e+00
1.499557304382324219e+01,5.604469776153564453e-01,9.391103684902191162e-02,0.000000000000000000e+00,0.000000000000000000e+00
1.469414710998535156e+01,5.011970996856689453e-01,9.682176262140274048e-02,0.000000000000000000e+00,0.000000000000000000e+00
1.640591430664062500e+01,6.643233299255371094e-01,9.762680530548095703e-02,0.000000000000000000e+00,0.000000000000000000e+00
1.639270401000976562e+01,5.989265441894531250e-01,1.040343791246414185e-01,0.000000000000000000e+00,0.000000000000000000e+00
1.482029533386230469e+01,4.848734736442565918e-01,9.971560537815093994e-02,0.000000000000000000e+00,0.000000000000000000e+00
1.757008361816406250e+01,7.950943708419799805e-01,9.619139134883880615e-02,0.000000000000000000e+00,0.000000000000000000e+00
1.510190773010253906e+01,5.286321043968200684e-01,9.815587103366851807e-02,0.000000000000000000e+00,0.000000000000000000e+00
1.495230293273925781e+01,5.750472545623779297e-01,9.201829880475997925e-02,0.000000000000000000e+00,0.000000000000000000e+00
1.608845520019531250e+01,5.818934440612792969e-01,1.026952192187309265e-01,0.000000000000000000e+00,0.000000000000000000e+00
1.567207050323486328e+01,5.307569503784179688e-01,1.036450117826461792e-01,0.000000000000000000e+00,0.000000000000000000e+00
1.392059516906738281e+01,4.734402298927307129e-01,9.186193346977233887e-02,0.000000000000000000e+00,0.000000000000000000e+00
1.509039115905761719e+01,5.654453039169311523e-01,9.435937553644180298e-02,0.000000000000000000e+00,0.000000000000000000e+00
1.593652915954589844e+01,6.062533855438232422e-01,9.873995929956436157e-02,0.000000000000000000e+00,0.000000000000000000e+00
1.560846900939941406e+01,6.195387840270996094e-01,9.413081407546997070e-02,0.000000000000000000e+00,0.000000000000000000e+00
1.602055740356445312e+01,6.477013826370239258e-01,9.543544054031372070e-02,0.000000000000000000e+00,0.000000000000000000e+00
1.459315013885498047e+01,4.859263300895690918e-01,9.733886271715164185e-02,0.000000000000000000e+00,0.000000000000000000e+00
1.517131710052490234e+01,4.601688385009765625e-01,1.056962907314300537e-01,0.000000000000000000e+00,0.000000000000000000e+00
1.413657379150390625e+01,4.538789987564086914e-01,9.597784280776977539e-02,0.000000000000000000e+00,0.000000000000000000e+00
1.569770240783691406e+01,6.375945806503295898e-01,9.321755915880203247e-02,0.000000000000000000e+00,0.000000000000000000e+00
1.519729804992675781e+01,5.151000618934631348e-01,1.004629731178283691e-01,0.000000000000000000e+00,0.000000000000000000e+00
1.533467864990234375e+01,5.976188778877258301e-01,9.358489513397216797e-02,0.000000000000000000e+00,0.000000000000000000e+00
1.464287090301513672e+01,5.332037210464477539e-01,9.310834109783172607e-02,0.000000000000000000e+00,0.000000000000000000e+00
1.546352577209472656e+01,5.520123243331909180e-01,9.943402558565139771e-02,0.000000000000000000e+00,0.000000000000000000e+00
1.508498954772949219e+01,4.949593245983123779e-01,1.013539731502532959e-01,0.000000000000000000e+00,0.000000000000000000e+00
1.419809246063232422e+01,4.947351217269897461e-01,9.250740706920623779e-02,0.000000000000000000e+00,0.000000000000000000e+00
1.332625007629394531e+01,4.137605130672454834e-01,9.188644587993621826e-02,0.000000000000000000e+00,0.000000000000000000e+00
1.520663070678710938e+01,5.857651233673095703e-01,9.348980337381362915e-02,0.000000000000000000e+00,0.000000000000000000e+00
1.410026168823242188e+01,5.159478187561035156e-01,8.940783143043518066e-02,0.000000000000000000e+00,0.000000000000000000e+00
1.474968433380126953e+01,5.602664947509765625e-01,9.147019684314727783e-02,0.000000000000000000e+00,0.000000000000000000e+00
1.436445903778076172e+01,5.292760133743286133e-01,9.071698784828186035e-02,0.000000000000000000e+00,0.000000000000000000e+00
1.441427040100097656e+01,5.235633850097656250e-01,9.178636968135833740e-02,0.000000000000000000e+00,0.000000000000000000e+00
1.520197677612304688e+01,5.741376280784606934e-01,9.460600465536117554e-02,0.000000000000000000e+00,0.000000000000000000e+00
1.449449157714843750e+01,5.315003395080566406e-01,9.179487824440002441e-02,0.000000000000000000e+00,0.000000000000000000e+00
1.327397918701171875e+01,4.405763745307922363e-01,8.868215978145599365e-02,0.000000000000000000e+00,0.000000000000000000e+00
1.356900405883789062e+01,4.164715111255645752e-01,9.404288977384567261e-02,0.000000000000000000e+00,0.000000000000000000e+00
1.495244216918945312e+01,5.484937429428100586e-01,9.467504918575286865e-02,0.000000000000000000e+00,0.000000000000000000e+00
1.263503742218017578e+01,4.338413178920745850e-01,8.296624571084976196e-02,0.000000000000000000e+00,0.000000000000000000e+00
1.528821468353271484e+01,6.626292467117309570e-01,8.661922812461853027e-02,0.000000000000000000e+00,0.000000000000000000e+00
1.505249500274658203e+01,6.821063160896301270e-01,8.231431990861892700e-02,0.000000000000000000e+00,0.000000000000000000e+00
1.537455940246582031e+01,7.099755406379699707e-01,8.274804055690765381e-02,0.000000000000000000e+00,0.000000000000000000e+00
1.407800102233886719e+01,5.688393115997314453e-01,8.389608561992645264e-02,0.000000000000000000e+00,0.000000000000000000e+00
1.405686378479003906e+01,5.723543763160705566e-01,8.333320915699005127e-02,0.000000000000000000e+00,0.000000000000000000e+00
1.339380168914794922e+01,4.908571243286132812e-01,8.485230058431625366e-02,0.000000000000000000e+00,0.000000000000000000e+00
1.285500526428222656e+01,4.241349399089813232e-01,8.613656461238861084e-02,0.000000000000000000e+00,0.000000000000000000e+00
1.363058471679687500e+01,5.044180154800415039e-01,8.586404472589492798e-02,0.000000000000000000e+00,0.000000000000000000e+00
1.344207572937011719e+01,4.866461753845214844e-01,8.575613796710968018e-02,0.000000000000000000e+00,0.000000000000000000e+00
1.533140182495117188e+01,7.078855037689208984e-01,8.252547681331634521e-02,0.000000000000000000e+00,0.000000000000000000e+00
1.589788055419921875e+01,7.054694890975952148e-01,8.843185007572174072e-02,0.000000000000000000e+00,0.000000000000000000e+00
1.302810287475585938e+01,4.240332841873168945e-01,8.787769824266433716e-02,0.000000000000000000e+00,0.000000000000000000e+00
1.295692443847656250e+01,4.276208281517028809e-01,8.680715411901473999e-02,0.000000000000000000e+00,0.000000000000000000e+00
1.404370880126953125e+01,4.922496974468231201e-01,9.121211618185043335e-02,0.000000000000000000e+00,0.000000000000000000e+00
1.434949016571044922e+01,5.968418121337890625e-01,8.381071686744689941e-02,0.000000000000000000e+00,0.000000000000000000e+00
1.323760223388671875e+01,5.219243764877319336e-01,8.018358051776885986e-02,0.000000000000000000e+00,0.000000000000000000e+00
1.403035736083984375e+01,6.047149300575256348e-01,7.983208447694778442e-02,0.000000000000000000e+00,0.000000000000000000e+00
1.343465328216552734e+01,5.483833551406860352e-01,7.950820028781890869e-02,0.000000000000000000e+00,0.000000000000000000e+00
1.249128150939941406e+01,4.820775389671325684e-01,7.670505344867706299e-02,0.000000000000000000e+00,0.000000000000000000e+00
1.346011161804199219e+01,5.249451994895935059e-01,8.210659027099609375e-02,0.000000000000000000e+00,0.000000000000000000e+00
1.358623981475830078e+01,5.188112258911132812e-01,8.398127555847167969e-02,0.000000000000000000e+00,0.000000000000000000e+00
1.323186016082763672e+01,4.797130823135375977e-01,8.434730023145675659e-02,0.000000000000000000e+00,0.000000000000000000e+00
1.370040702819824219e+01,5.654261112213134766e-01,8.046146482229232788e-02,0.000000000000000000e+00,0.000000000000000000e+00
1.338812541961669922e+01,5.088083148002624512e-01,8.300042152404785156e-02,0.000000000000000000e+00,0.000000000000000000e+00
1.398839569091796875e+01,5.396082401275634766e-01,8.592313528060913086e-02,0.000000000000000000e+00,0.000000000000000000e+00
1.262336730957031250e+01,4.567402005195617676e-01,8.055965602397918701e-02,0.000000000000000000e+00,0.000000000000000000e+00
1.360498428344726562e+01,5.183706879615783691e-01,8.421277999877929688e-02,0.000000000000000000e+00,0.000000000000000000e+00
1.325776863098144531e+01,4.534960091114044189e-01,8.722808957099914551e-02,0.000000000000000000e+00,0.000000000000000000e+00
1.493382644653320312e+01,6.208049058914184570e-01,8.725777268409729004e-02,0.000000000000000000e+00,0.000000000000000000e+00
1.213244056701660156e+01,4.498967230319976807e-01,7.633472979068756104e-02,0.000000000000000000e+00,0.000000000000000000e+00
1.457565879821777344e+01,5.836677551269531250e-01,8.738981187343597412e-02,0.000000000000000000e+00,0.000000000000000000e+00
1.306652450561523438e+01,4.463103711605072021e-01,8.603420853614807129e-02,0.000000000000000000e+00,0.000000000000000000e+00
1.454747581481933594e+01,5.802687406539916992e-01,8.744788169860839844e-02,0.000000000000000000e+00,0.000000000000000000e+00
1.357311439514160156e+01,4.846749603748321533e-01,8.726364374160766602e-02,0.000000000000000000e+00,0.000000000000000000e+00
1.262863349914550781e+01,4.586085677146911621e-01,8.042548596858978271e-02,0.000000000000000000e+00,0.000000000000000000e+00
1.225046062469482422e+01,4.895977377891540527e-01,7.354483008384704590e-02,0.000000000000000000e+00,0.000000000000000000e+00
1.396579837799072266e+01,5.906424522399902344e-01,8.059373497962951660e-02,0.000000000000000000e+00,0.000000000000000000e+00
1.346617603302001953e+01,5.860917568206787109e-01,7.605258375406265259e-02,0.000000000000000000e+00,0.000000000000000000e+00
1.345553302764892578e+01,6.000875234603881836e-01,7.454657554626464844e-02,0.000000000000000000e+00,0.000000000000000000e+00
1.355580139160156250e+01,5.382393598556518555e-01,8.173407614231109619e-02,0.000000000000000000e+00,0.000000000000000000e+00
1.324996280670166016e+01,4.949404597282409668e-01,8.300557732582092285e-02,0.000000000000000000e+00,0.000000000000000000e+00
1.317510032653808594e+01,5.366340875625610352e-01,7.808759808540344238e-02,0.000000000000000000e+00,0.000000000000000000e+00
1.310103416442871094e+01,4.660378694534301758e-01,8.440655469894409180e-02,0.000000000000000000e+00,0.000000000000000000e+00
1.364100837707519531e+01,5.303878784179687500e-01,8.337129652500152588e-02,0.000000000000000000e+00,0.000000000000000000e+00
1.249917411804199219e+01,4.218121170997619629e-01,8.281053602695465088e-02,0.000000000000000000e+00,0.000000000000000000e+00
1.366621208190917969e+01,4.888242483139038086e-01,8.777969330549240112e-02,0.000000000000000000e+00,0.000000000000000000e+00
1.305451583862304688e+01,4.559031128883361816e-01,8.495485037565231323e-02,0.000000000000000000e+00,0.000000000000000000e+00
1.402231597900390625e+01,5.597503781318664551e-01,8.424812555313110352e-02,0.000000000000000000e+00,0.000000000000000000e+00
1.374498653411865234e+01,4.742081463336944580e-01,9.002904593944549561e-02,0.000000000000000000e+00,0.000000000000000000e+00
1.190844249725341797e+01,3.770451247692108154e-01,8.137990534305572510e-02,0.000000000000000000e+00,0.000000000000000000e+00
1.293799018859863281e+01,4.958617389202117920e-01,7.979373633861541748e-02,0.000000000000000000e+00,0.000000000000000000e+00
1.172722816467285156e+01,4.077847003936767578e-01,7.649381458759307861e-02,0.000000000000000000e+00,0.000000000000000000e+00
1.281716156005859375e+01,5.236392021179199219e-01,7.580769807100296021e-02,0.000000000000000000e+00,0.000000000000000000e+00
1.190205955505371094e+01,4.920015037059783936e-01,6.982044130563735962e-02,0.000000000000000000e+00,0.000000000000000000e+00
1.125798988342285156e+01,3.646118044853210449e-01,7.611872255802154541e-02,0.000000000000000000e+00,0.000000000000000000e+00
1.313195037841796875e+01,5.538203716278076172e-01,7.593747228384017944e-02,0.000000000000000000e+00,0.000000000000000000e+00
1.247451400756835938e+01,4.408056735992431641e-01,8.066456764936447144e-02,0.000000000000000000e+00,0.000000000000000000e+00
1.292385768890380859e+01,4.710734486579895020e-01,8.213123679161071777e-02,0.000000000000000000e+00,0.000000000000000000e+00
1.231245231628417969e+01,4.590485692024230957e-01,7.721966505050659180e-02,0.000000000000000000e+00,0.000000000000000000e+00
1.332915687561035156e+01,5.682551264762878418e-01,7.646605372428894043e-02,0.000000000000000000e+00,0.000000000000000000e+00
1.109264564514160156e+01,4.042697548866271973e-01,7.049947977066040039e-02,0.000000000000000000e+00,0.000000000000000000e+00
1.286756324768066406e+01,5.450918674468994141e-01,7.416643947362899780e-02,0.000000000000000000e+00,0.000000000000000000e+00
1.125271606445312500e+01,3.798398375511169434e-01,7.454317808151245117e-02,0.000000000000000000e+00,0.000000000000000000e+00
1.288358783721923828e+01,5.430768728256225586e-01,7.452818751335144043e-02,0.000000000000000000e+00,0.000000000000000000e+00
1.152679252624511719e+01,3.951032459735870361e-01,7.575760036706924438e-02,0.000000000000000000e+00,0.000000000000000000e+00
1.142457580566406250e+01,4.132312536239624023e-01,7.292262464761734009e-02,0.000000000000000000e+00,0.000000000000000000e+00
1.281661796569824219e+01,4.897852838039398193e-01,7.918765395879745483e-02,0.000000000000000000e+00,0.000000000000000000e+00
1.270936393737792969e+01,4.863639473915100098e-01,7.845725119113922119e-02,0.000000000000000000e+00,0.000000000000000000e+00
1.186450767517089844e+01,4.525676369667053223e-01,7.338830828666687012e-02,0.000000000000000000e+00,0.000000000000000000e+00
1.201979446411132812e+01,4.041993021965026855e-01,7.977801561355590820e-02,0.000000000000000000e+00,0.000000000000000000e+00
1.208916950225830078e+01,4.196609854698181152e-01,7.892559468746185303e-02,0.000000000000000000e+00,0.000000000000000000e+00
1.262020111083984375e+01,6.236959695816040039e-01,6.383240967988967896e-02,0.000000000000000000e+00,0.000000000000000000e+00
1.231874370574951172e+01,5.208305120468139648e-01,7.110438495874404907e-02,0.000000000000000000e+00,0.000000000000000000e+00
1.168895149230957031e+01,4.936516284942626953e-01,6.752435117959976196e-02,0.000000000000000000e+00,0.000000000000000000e+00
1.200288581848144531e+01,4.499031901359558105e-01,7.503853738307952881e-02,0.000000000000000000e+00,0.000000000000000000e+00
1.172859764099121094e+01,4.278645515441894531e-01,7.449951767921447754e-02,0.000000000000000000e+00,0.000000000000000000e+00
1.219264698028564453e+01,4.945661127567291260e-01,7.246986031532287598e-02,0.000000000000000000e+00,0.000000000000000000e+00
1.416429042816162109e+01,6.678947210311889648e-01,7.485342770814895630e-02,0.000000000000000000e+00,0.000000000000000000e+00
1.291225242614746094e+01,5.543904304504394531e-01,7.368348538875579834e-02,0.000000000000000000e+00,0.000000000000000000e+00
1.153042411804199219e+01,3.643222451210021973e-01,7.887202501296997070e-02,0.000000000000000000e+00,0.000000000000000000e+00
1.110317802429199219e+01,4.066083133220672607e-01,7.037095725536346436e-02,0.000000000000000000e+00,0.000000000000000000e+00
1.105170059204101562e+01,4.042119383811950684e-01,7.009580731391906738e-02,0.000000000000000000e+00,0.000000000000000000e+00
1.213816261291503906e+01,4.854239225387573242e-01,7.283923029899597168e-02,0.000000000000000000e+00,0.000000000000000000e+00
1.219464111328125000e+01,4.894786179065704346e-01,7.299854606389999390e-02,0.000000000000000000e+00,0.000000000000000000e+00
1.245588111877441406e+01,5.502730607986450195e-01,6.953150779008865356e-02,0.000000000000000000e+00,0.000000000000000000e+00
1.046610546112060547e+01,3.723022341728210449e-01,6.743083149194717407e-02,0.000000000000000000e+00,0.000000000000000000e+00
1.047749996185302734e+01,3.949743509292602539e-01,6.527756154537200928e-02,0.000000000000000000e+00,0.000000000000000000e+00
1.172581481933593750e+01,5.191326737403869629e-01,6.534488499164581299e-02,0.000000000000000000e+00,0.000000000000000000e+00
1.104569053649902344e+01,3.839134573936462402e-01,7.206556200981140137e-02,0.000000000000000000e+00,0.000000000000000000e+00
1.156907653808593750e+01,4.684858322143554688e-01,6.884218752384185791e-02,0.000000000000000000e+00,0.000000000000000000e+00
1.230538463592529297e+01,4.974630475044250488e-01,7.330754399299621582e-02,0.000000000000000000e+00,0.000000000000000000e+00
1.080037307739257812e+01,4.575073421001434326e-01,6.225299835205078125e-02,0.000000000000000000e+00,0.000000000000000000e+00
1.084645080566406250e+01,4.081984162330627441e-01,6.764466315507888794e-02,0.000000000000000000e+00,0.000000000000000000e+00
1.097300243377685547e+01,4.512300193309783936e-01,6.460702419281005859e-02,0.000000000000000000e+00,0.000000000000000000e+00
1.143589401245117188e+01,4.431220293045043945e-01,7.004673779010772705e-02,0.000000000000000000e+00,0.000000000000000000e+00
1.030464839935302734e+01,3.995683491230010986e-01,6.308964639902114868e-02,0.000000000000000000e+00,0.000000000000000000e+00
1.211360168457031250e+01,4.692799448966979980e-01,7.420802116394042969e-02,0.000000000000000000e+00,0.000000000000000000e+00
1.201376152038574219e+01,4.783682823181152344e-01,7.230079174041748047e-02,0.000000000000000000e+00,0.000000000000000000e+00
1.069202423095703125e+01,3.633939623832702637e-01,7.058084011077880859e-02,0.000000000000000000e+00,0.000000000000000000e+00
1.078919219970703125e+01,3.553645312786102295e-01,7.235546410083770752e-02,0.000000000000000000e+00,0.000000000000000000e+00
1.269111728668212891e+01,6.321609020233154297e-01,6.369508057832717896e-02,0.000000000000000000e+00,0.000000000000000000e+00
1.119205856323242188e+01,5.008330345153808594e-01,6.183728203177452087e-02,0.000000000000000000e+00,0.000000000000000000e+00
1.311771869659423828e+01,6.486813426017761230e-01,6.630904972553253174e-02,0.000000000000000000e+00,0.000000000000000000e+00
1.189208030700683594e+01,5.132852792739868164e-01,6.759227812290191650e-02,0.000000000000000000e+00,0.000000000000000000e+00
1.132372379302978516e+01,4.900223016738891602e-01,6.423500925302505493e-02,0.000000000000000000e+00,0.000000000000000000e+00
1.136831665039062500e+01,4.618410170078277588e-01,6.749907135963439941e-02,0.000000000000000000e+00,0.000000000000000000e+00
1.038341712951660156e+01,3.938115239143371582e-01,6.445301324129104614e-02,0.000000000000000000e+00,0.000000000000000000e+00
1.131980419158935547e+01,4.375401139259338379e-01,6.944403052330017090e-02,0.000000000000000000e+00,0.000000000000000000e+00
9.998712539672851562e+00,3.190212845802307129e-01,6.808499991893768311e-02,0.000000000000000000e+00,0.000000000000000000e+00
1.127042198181152344e+01,4.819331765174865723e-01,6.451089680194854736e-02,0.000000000000000000e+00,0.000000000000000000e+00
1.158469963073730469e+01,5.112856626510620117e-01,6.471843272447586060e-02,0.000000000000000000e+00,0.000000000000000000e+00
1.120379638671875000e+01,4.290034770965576172e-01,6.913761794567108154e-02,0.000000000000000000e+00,0.000000000000000000e+00
1.117640399932861328e+01,4.978959560394287109e-01,6.197444349527359009e-02,0.000000000000000000e+00,0.000000000000000000e+00
1.104967117309570312e+01,4.490031003952026367e-01,6.559640169143676758e-02,0.000000000000000000e+00,0.000000000000000000e+00
1.084829711914062500e+01,4.349494278430938721e-01,6.498803198337554932e-02,0.000000000000000000e+00,0.000000000000000000e+00
1.124065780639648438e+01,4.571600556373596191e-01,6.669057905673980713e-02,0.000000000000000000e+00,0.000000000000000000e+00
1.074065780639648438e+01,4.124504029750823975e-01,6.616153568029403687e-02,0.000000000000000000e+00,0.000000000000000000e+00
1.068341255187988281e+01,4.212454557418823242e-01,6.470957398414611816e-02,0.000000000000000000e+00,0.000000000000000000e+00
1.044566345214843750e+01,4.461091756820678711e-01,5.984571576118469238e-02,0.000000000000000000e+00,0.000000000000000000e+00
1.085566520690917969e+01,4.873263239860534668e-01,5.982401594519615173e-02,0.000000000000000000e+00,0.000000000000000000e+00
9.882767677307128906e+00,3.850190639495849609e-01,6.032577157020568848e-02,0.000000000000000000e+00,0.000000000000000000e+00
9.440301895141601562e+00,3.603039383888244629e-01,5.837262421846389771e-02,0.000000000000000000e+00,0.000000000000000000e+00
1.229716014862060547e+01,6.722207069396972656e-01,5.574953183531761169e-02,0.000000000000000000e+00,0.000000000000000000e+00
1.139359951019287109e+01,5.756249427795410156e-01,5.637349933385848999e-02,0.000000000000000000e+00,0.000000000000000000e+00
1.104366302490234375e+01,5.903265476226806641e-01,5.140397697687149048e-02,0.000000000000000000e+00,0.000000000000000000e+00
1.148059463500976562e+01,5.593034029006958008e-01,5.887561291456222534e-02,0.000000000000000000e+00,0.000000000000000000e+00
1.138524055480957031e+01,4.137462675571441650e-01,7.247778028249740601e-02,0.000000000000000000e+00,0.000000000000000000e+00
9.987764358520507812e+00,3.533219695091247559e-01,6.454544514417648315e-02,0.000000000000000000e+00,0.000000000000000000e+00
1.028957176208496094e+01,3.841072916984558105e-01,6.448498368263244629e-02,0.000000000000000000e+00,0.000000000000000000e+00
1.071914577484130859e+01,4.030059576034545898e-01,6.689085811376571655e-02,0.000000000000000000e+00,0.000000000000000000e+00
1.035329627990722656e+01,4.390441179275512695e-01,5.962855368852615356e-02,0.000000000000000000e+00,0.000000000000000000e+00
1.093002319335937500e+01,4.716556072235107422e-01,6.213466823101043701e-02,0.000000000000000000e+00,0.000000000000000000e+00
1.086191177368164062e+01,5.167654752731323242e-01,5.694256722927093506e-02,0.000000000000000000e+00,0.000000000000000000e+00
1.154962921142578125e+01,5.310046672821044922e-01,6.239582598209381104e-02,0.000000000000000000e+00,0.000000000000000000e+00
1.101623249053955078e+01,4.367438852787017822e-01,6.648793816566467285e-02,0.000000000000000000e+00,0.000000000000000000e+00
9.924463272094726562e+00,3.750804066658020020e-01,6.173659116029739380e-02,0.000000000000000000e+00,0.000000000000000000e+00
1.023261165618896484e+01,3.951145708560943604e-01,6.281466037034988403e-02,0.000000000000000000e+00,0.000000000000000000e+00
1.180101013183593750e+01,5.544670224189758301e-01,6.256340444087982178e-02,0.000000000000000000e+00,0.000000000000000000e+00
1.076042270660400391e+01,3.941499292850494385e-01,6.818923354148864746e-02,0.000000000000000000e+00,0.000000000000000000e+00
1.034663581848144531e+01,3.736855089664459229e-01,6.609781086444854736e-02,0.000000000000000000e+00,0.000000000000000000e+00
9.949144363403320312e+00,3.941042423248291016e-01,6.008101254701614380e-02,0.000000000000000000e+00,0.000000000000000000e+00
1.088704776763916016e+01,5.455399751663208008e-01,5.431648343801498413e-02,0.000000000000000000e+00,0.000000000000000000e+00
1.058424186706542969e+01,4.922036528587341309e-01,5.662204697728157043e-02,0.000000000000000000e+00,0.000000000000000000e+00
1.018727302551269531e+01,4.602717757225036621e-01,5.584555864334106445e-02,0.000000000000000000e+00,0.000000000000000000e+00
1.144539642333984375e+01,4.833673834800720215e-01,6.611722707748413086e-02,0.000000000000000000e+00,0.000000000000000000e+00
1.156930541992187500e+01,5.718605518341064453e-01,5.850700289011001587e-02,0.000000000000000000e+00,0.000000000000000000e+00
1.045382213592529297e+01,3.732930421829223633e-01,6.720891594886779785e-02,0.000000000000000000e+00,0.000000000000000000e+00
1.036334037780761719e+01,3.207563757896423340e-01,7.155776023864746094e-02,0.000000000000000000e+00,0.000000000000000000e+00
1.032969284057617188e+01,3.609796166419982910e-01,6.719896197319030762e-02,0.000000000000000000e+00,0.000000000000000000e+00
1.013662815093994141e+01,3.101481199264526367e-01,7.035146653652191162e-02,0.000000000000000000e+00,0.000000000000000000e+00
8.864566802978515625e+00,2.908597588539123535e-01,5.955969169735908508e-02,0.000000000000000000e+00,0.000000000000000000e+00
1.152586650848388672e+01,5.792353153228759766e-01,5.733513459563255310e-02,0.000000000000000000e+00,0.000000000000000000e+00
1.138836097717285156e+01,5.869282484054565430e-01,5.519077926874160767e-02,0.000000000000000000e+00,0.000000000000000000e+00
1.007439422607421875e+01,4.876853823661804199e-01,5.197539925575256348e-02,0.000000000000000000e+00,0.000000000000000000e+00
1.008677482604980469e+01,4.056181013584136963e-01,6.030593812465667725e-02,0.000000000000000000e+00,0.000000000000000000e+00
1.020329380035400391e+01,4.340269565582275391e-01,5.863024294376373291e-02,0.000000000000000000e+00,0.000000000000000000e+00
1.054567909240722656e+01,4.799637794494628906e-01,5.746041610836982727e-02,0.000000000000000000e+00,0.000000000000000000e+00
1.070626926422119141e+01,4.970049858093261719e-01,5.736219510436058044e-02,0.000000000000000000e+00,0.000000000000000000e+00
1.049406814575195312e+01,4.566084742546081543e-01,5.927983671426773071e-02,0.000000000000000000e+00,0.000000000000000000e+00
9.771745681762695312e+00,3.505980372428894043e-01,6.265765428543090820e-02,0.000000000000000000e+00,0.000000000000000000e+00
9.330065727233886719e+00,3.399739563465118408e-01,5.930325761437416077e-02,0.000000000000000000e+00,0.000000000000000000e+00
1.069936370849609375e+01,4.528543949127197266e-01,6.170819327235221863e-02,0.000000000000000000e+00,0.000000000000000000e+00
1.136070442199707031e+01,5.192579627037048340e-01,6.168124079704284668e-02,0.000000000000000000e+00,0.000000000000000000e+00
9.894815444946289062e+00,4.132460355758666992e-01,5.762354284524917603e-02,0.000000000000000000e+00,0.000000000000000000e+00
1.058895206451416016e+01,4.447557926177978516e-01,6.141394004225730896e-02,0.000000000000000000e+00,0.000000000000000000e+00
1.012399005889892578e+01,4.032213687896728516e-01,6.091776490211486816e-02,0.000000000000000000e+00,0.000000000000000000e+00
1.032883262634277344e+01,4.365843236446380615e-01,5.962988734245300293e-02,0.000000000000000000e+00,0.000000000000000000e+00
1.033267593383789062e+01,4.349136650562286377e-01,5.983538553118705750e-02,0.000000000000000000e+00,0.000000000000000000e+00
1.090603637695312500e+01,4.722253680229187012e-01,6.183782592415809631e-02,0.000000000000000000e+00,0.000000000000000000e+00
8.684734344482421875e+00,2.837085723876953125e-01,5.847648158669471741e-02,0.000000000000000000e+00,0.000000000000000000e+00
1.002551078796386719e+01,3.725959658622741699e-01,6.299550831317901611e-02,0.000000000000000000e+00,0.000000000000000000e+00
9.199590682983398438e+00,3.217489123344421387e-01,5.982101336121559143e-02,0.000000000000000000e+00,0.000000000000000000e+00
8.805820465087890625e+00,3.214666843414306641e-01,5.591153353452682495e-02,0.000000000000000000e+00,0.000000000000000000e+00
8.890346527099609375e+00,3.914586007595062256e-01,4.975760355591773987e-02,0.000000000000000000e+00,0.000000000000000000e+00
1.203501319885253906e+01,6.833848953247070312e-01,5.201164260506629944e-02,0.000000000000000000e+00,0.000000000000000000e+00
9.670536041259765625e+00,4.597120285034179688e-01,5.073415115475654602e-02,0.000000000000000000e+00,0.000000000000000000e+00
9.165171623229980469e+00,4.023474752902984619e-01,5.141697078943252563e-02,0.000000000000000000e+00,0.000000000000000000e+00
9.021724700927734375e+00,3.498962521553039551e-01,5.522762611508369446e-02,0.000000000000000000e+00,0.000000000000000000e+00
9.446273803710937500e+00,3.744106590747833252e-01,5.702167749404907227e-02,0.000000000000000000e+00,0.000000000000000000e+00
1.039591407775878906e+01,4.636388421058654785e-01,5.759525299072265625e-02,0.000000000000000000e+00,0.000000000000000000e+00
1.038676929473876953e+01,5.371885895729064941e-01,5.014883726835250854e-02,0.000000000000000000e+00,0.000000000000000000e+00
8.916221618652343750e+00,3.164527118206024170e-01,5.751693993806838989e-02,0.000000000000000000e+00,0.000000000000000000e+00
8.711676597595214844e+00,3.348848223686218262e-01,5.362828448414802551e-02,0.000000000000000000e+00,0.000000000000000000e+00
9.797731399536132812e+00,4.736393690109252930e-01,5.061337351799011230e-02,0.000000000000000000e+00,0.000000000000000000e+00
9.104782104492187500e+00,3.791958093643188477e-01,5.312824249267578125e-02,0.000000000000000000e+00,0.000000000000000000e+00
1.020087242126464844e+01,4.704550504684448242e-01,5.496322363615036011e-02,0.000000000000000000e+00,0.000000000000000000e+00
9.116597175598144531e+00,3.717607259750366211e-01,5.398989841341972351e-02,0.000000000000000000e+00,0.000000000000000000e+00
9.595577239990234375e+00,4.178591966629028320e-01,5.416984856128692627e-02,0.000000000000000000e+00,0.000000000000000000e+00
9.983595848083496094e+00,4.299600124359130859e-01,5.683995783329010010e-02,0.000000000000000000e+00,0.000000000000000000e+00
9.884237289428710938e+00,4.785922169685363770e-01,5.098314583301544189e-02,0.000000000000000000e+00,0.000000000000000000e+00
9.481679916381835938e+00,3.691592216491699219e-01,5.790088325738906860e-02,0.000000000000000000e+00,0.000000000000000000e+00
9.055110931396484375e+00,4.116612672805786133e-01,4.938498139381408691e-02,0.000000000000000000e+00,0.000000000000000000e+00
8.694269180297851562e+00,3.770797252655029297e-01,4.923471808433532715e-02,0.000000000000000000e+00,0.000000000000000000e+00
9.521108627319335938e+00,3.955073356628417969e-01,5.566035956144332886e-02,0.000000000000000000e+00,0.000000000000000000e+00
9.111306190490722656e+00,3.698235750198364258e-01,5.413070693612098694e-02,0.000000000000000000e+00,0.000000000000000000e+00
8.940157890319824219e+00,4.380449652671813965e-01,4.559708014130592346e-02,0.000000000000000000e+00,0.000000000000000000e+00
9.181161880493164062e+00,3.788838386535644531e-01,5.392323434352874756e-02,0.000000000000000000e+00,0.000000000000000000e+00
9.769802093505859375e+00,4.465415179729461670e-01,5.304386466741561890e-02,0.000000000000000000e+00,0.000000000000000000e+00
9.186019897460937500e+00,3.158539831638336182e-01,6.027479469776153564e-02,0.000000000000000000e+00,0.000000000000000000e+00
9.004841804504394531e+00,3.720200061798095703e-01,5.284641683101654053e-02,0.000000000000000000e+00,0.000000000000000000e+00
8.928718566894531250e+00,3.589939475059509277e-01,5.338778719305992126e-02,0.000000000000000000e+00,0.000000000000000000e+00
8.840091705322265625e+00,4.166725277900695801e-01,4.673366993665695190e-02,0.000000000000000000e+00,0.000000000000000000e+00
8.447118759155273438e+00,3.348535299301147461e-01,5.098583921790122986e-02,0.000000000000000000e+00,0.000000000000000000e+00
7.778595447540283203e+00,2.736228108406066895e-01,5.042367428541183472e-02,0.000000000000000000e+00,0.000000000000000000e+00
1.033394336700439453e+01,5.525746345520019531e-01,4.808197170495986938e-02,0.000000000000000000e+00,0.000000000000000000e+00
1.038240432739257812e+01,5.859236717224121094e-01,4.523167014122009277e-02,0.000000000000000000e+00,0.000000000000000000e+00
8.946134567260742188e+00,4.409957230091094971e-01,4.536177217960357666e-02,0.000000000000000000e+00,0.000000000000000000e+00
9.552889823913574219e+00,5.005900859832763672e-01,4.546989127993583679e-02,0.000000000000000000e+00,0.000000000000000000e+00
8.800106048583984375e+00,3.826660513877868652e-01,4.973445087671279907e-02,0.000000000000000000e+00,0.000000000000000000e+00
8.597009658813476562e+00,2.841485738754272461e-01,5.755524337291717529e-02,0.000000000000000000e+00,0.000000000000000000e+00
9.167955398559570312e+00,3.927033543586730957e-01,5.240921303629875183e-02,0.000000000000000000e+00,0.000000000000000000e+00
9.137312889099121094e+00,3.794703185558319092e-01,5.342609435319900513e-02,0.000000000000000000e+00,0.000000000000000000e+00
8.524625778198242188e+00,3.958030641078948975e-01,4.566595703363418579e-02,0.000000000000000000e+00,0.000000000000000000e+00
7.925410747528076172e+00,2.299148142337799072e-01,5.626262724399566650e-02,0.000000000000000000e+00,0.000000000000000000e+00
9.130127906799316406e+00,3.733728229999542236e-01,5.396399646997451782e-02,0.000000000000000000e+00,0.000000000000000000e+00
8.757323265075683594e+00,4.007670581340789795e-01,4.749652743339538574e-02,0.000000000000000000e+00,0.000000000000000000e+00
8.232696533203125000e+00,3.285863995552062988e-01,4.946833103895187378e-02,0.000000000000000000e+00,0.000000000000000000e+00
9.549702644348144531e+00,4.767490029335021973e-01,4.782212525606155396e-02,0.000000000000000000e+00,0.000000000000000000e+00
9.909833908081054688e+00,4.536297619342803955e-01,5.373536050319671631e-02,0.000000000000000000e+00,0.000000000000000000e+00
8.640911102294921875e+00,4.294930398464202881e-01,4.345981031656265259e-02,0.000000000000000000e+00,0.000000000000000000e+00
9.742828369140625000e+00,4.068550467491149902e-01,5.674277991056442261e-02,0.000000000000000000e+00,0.000000000000000000e+00
9.370502471923828125e+00,3.552877008914947510e-01,5.817624926567077637e-02,0.000000000000000000e+00,0.000000000000000000e+00
8.312952041625976562e+00,2.721847295761108398e-01,5.591104924678802490e-02,0.000000000000000000e+00,0.000000000000000000e+00
8.778966903686523438e+00,3.239023685455322266e-01,5.539942905306816101e-02,0.000000000000000000e+00,0.000000000000000000e+00
1.013150691986083984e+01,4.153824448585510254e-01,5.977682396769523621e-02,0.000000000000000000e+00,0.000000000000000000e+00
9.150530815124511719e+00,3.891075253486633301e-01,5.259455740451812744e-02,0.000000000000000000e+00,0.000000000000000000e+00
8.011752128601074219e+00,2.665522098541259766e-01,5.346230044960975647e-02,0.000000000000000000e+00,0.000000000000000000e+00
8.385905265808105469e+00,3.280657529830932617e-01,5.105248093605041504e-02,0.000000000000000000e+00,0.000000000000000000e+00
8.240242958068847656e+00,3.142853677272796631e-01,5.097389221191406250e-02,0.000000000000000000e+00,0.000000000000000000e+00
9.310205459594726562e+00,4.850085973739624023e-01,4.460118710994720459e-02,0.000000000000000000e+00,0.000000000000000000e+00
8.574136734008789062e+00,3.675274848937988281e-01,4.898861423134803772e-02,0.000000000000000000e+00,0.000000000000000000e+00
8.992109298706054688e+00,4.700469076633453369e-01,4.291640967130661011e-02,0.000000000000000000e+00,0.000000000000000000e+00
9.131220817565917969e+00,4.777025580406188965e-01,4.354195296764373779e-02,0.000000000000000000e+00,0.000000000000000000e+00
8.845502853393554688e+00,3.863442540168762207e-01,4.982060939073562622e-02,0.000000000000000000e+00,0.000000000000000000e+00
9.377334594726562500e+00,4.105878174304962158e-01,5.271456390619277954e-02,0.000000000000000000e+00,0.000000000000000000e+00
9.283866882324218750e+00,3.936428427696228027e-01,5.347438156604766846e-02,0.000000000000000000e+00,0.000000000000000000e+00
8.254414558410644531e+00,3.190889954566955566e-01,5.063524842262268066e-02,0.000000000000000000e+00,0.000000000000000000e+00
8.481595039367675781e+00,3.268519639968872070e-01,5.213075131177902222e-02,0.000000000000000000e+00,0.000000000000000000e+00
7.740169525146484375e+00,2.652123570442199707e-01,5.088046193122863770e-02,0.000000000000000000e+00,0.000000000000000000e+00
9.338024139404296875e+00,4.691259264945983887e-01,4.646765440702438354e-02,0.000000000000000000e+00,0.000000000000000000e+00
9.154266357421875000e+00,4.850103855133056641e-01,4.304163157939910889e-02,0.000000000000000000e+00,0.000000000000000000e+00
9.646118164062500000e+00,4.687979221343994141e-01,4.958138242363929749e-02,0.000000000000000000e+00,0.000000000000000000e+00
9.354256629943847656e+00,4.675432145595550537e-01,4.678824543952941895e-02,0.000000000000000000e+00,0.000000000000000000e+00
9.477603912353515625e+00,4.142208695411682129e-01,5.335395410656929016e-02,0.000000000000000000e+00,0.000000000000000000e+00
8.035245895385742188e+00,2.870818972587585449e-01,5.164427310228347778e-02,0.000000000000000000e+00,0.000000000000000000e+00
8.218029022216796875e+00,2.741019129753112793e-01,5.477009713649749756e-02,0.000000000000000000e+00,0.000000000000000000e+00
8.290656089782714844e+00,2.927046418190002441e-01,5.363609641790390015e-02,0.000000000000000000e+00,0.000000000000000000e+00
9.194570541381835938e+00,4.531615376472473145e-01,4.662954807281494141e-02,0.000000000000000000e+00,0.000000000000000000e+00
7.636116981506347656e+00,3.497400283813476562e-01,4.138716682791709900e-02,0.000000000000000000e+00,0.000000000000000000e+00
7.992461204528808594e+00,3.678132295608520508e-01,4.314328730106353760e-02,0.000000000000000000e+00,0.000000000000000000e+00
7.038874149322509766e+00,2.708519995212554932e-01,4.330354183912277222e-02,0.000000000000000000e+00,0.000000000000000000e+00
8.571314811706542969e+00,4.675446152687072754e-01,3.895869106054306030e-02,0.000000000000000000e+00,0.000000000000000000e+00
7.281268596649169922e+00,3.155979514122009277e-01,4.125288873910903931e-02,0.000000000000000000e+00,0.000000000000000000e+00
7.885769844055175781e+00,4.155337810516357422e-01,3.730431944131851196e-02,0.000000000000000000e+00,0.000000000000000000e+00
8.272668838500976562e+00,4.321257472038269043e-01,3.951410949230194092e-02,0.000000000000000000e+00,0.000000000000000000e+00
9.420054435729980469e+00,5.397215485572814941e-01,4.022838920354843140e-02,0.000000000000000000e+00,0.000000000000000000e+00
8.204805374145507812e+00,4.081879854202270508e-01,4.122925549745559692e-02,0.000000000000000000e+00,0.000000000000000000e+00
8.329478263854980469e+00,3.370502293109893799e-01,4.958976432681083679e-02,0.000000000000000000e+00,0.000000000000000000e+00
8.189532279968261719e+00,3.246761560440063477e-01,4.942770302295684814e-02,0.000000000000000000e+00,0.000000000000000000e+00
8.934116363525390625e+00,3.572226762771606445e-01,5.361889302730560303e-02,0.000000000000000000e+00,0.000000000000000000e+00
7.409502983093261719e+00,2.589990794658660889e-01,4.819511994719505310e-02,0.000000000000000000e+00,0.000000000000000000e+00
8.771133422851562500e+00,4.117092192173004150e-01,4.654041305184364319e-02,0.000000000000000000e+00,0.000000000000000000e+00
7.347846031188964844e+00,2.982573509216308594e-01,4.365272447466850281e-02,0.000000000000000000e+00,0.000000000000000000e+00
7.946284294128417969e+00,3.212393820285797119e-01,4.733890295028686523e-02,0.000000000000000000e+00,0.000000000000000000e+00
8.095473289489746094e+00,3.587387204170227051e-01,4.508086293935775757e-02,0.000000000000000000e+00,0.000000000000000000e+00
7.349485397338867188e+00,3.190113008022308350e-01,4.159372299909591675e-02,0.000000000000000000e+00,0.000000000000000000e+00
8.166711807250976562e+00,4.162941575050354004e-01,4.003769904375076294e-02,0.000000000000000000e+00,0.000000000000000000e+00
6.716622829437255859e+00,2.710982263088226318e-01,4.005640372633934021e-02,0.000000000000000000e+00,0.000000000000000000e+00
9.477946281433105469e+00,6.031113862991333008e-01,3.446832671761512756e-02,0.000000000000000000e+00,0.000000000000000000e+00
7.406619071960449219e+00,3.632996082305908203e-01,3.773622959852218628e-02,0.000000000000000000e+00,0.000000000000000000e+00
8.948287963867187500e+00,4.892069995403289795e-01,4.056217521429061890e-02,0.000000000000000000e+00,0.000000000000000000e+00
8.482410430908203125e+00,3.526029586791992188e-01,4.956381022930145264e-02,0.000000000000000000e+00,0.000000000000000000e+00
7.272529602050781250e+00,2.703453302383422852e-01,4.569076001644134521e-02,0.000000000000000000e+00,0.000000000000000000e+00
8.380298614501953125e+00,3.388321101665496826e-01,4.991977661848068237e-02,0.000000000000000000e+00,0.000000000000000000e+00
9.135602951049804688e+00,4.609000384807586670e-01,4.526603221893310547e-02,0.000000000000000000e+00,0.000000000000000000e+00
7.304665088653564453e+00,2.635185122489929199e-01,4.669480025768280029e-02,0.000000000000000000e+00,0.000000000000000000e+00
7.493834495544433594e+00,2.617225050926208496e-01,4.876609519124031067e-02,0.000000000000000000e+00,0.000000000000000000e+00
7.200176239013671875e+00,3.378490805625915527e-01,3.821685537695884705e-02,0.000000000000000000e+00,0.000000000000000000e+00
9.410054206848144531e+00,5.720349550247192383e-01,3.689705207943916321e-02,0.000000000000000000e+00,0.000000000000000000e+00
7.402901649475097656e+00,3.504771888256072998e-01,3.898129984736442566e-02,0.000000000000000000e+00,0.000000000000000000e+00
8.879915237426757812e+00,4.480939507484436035e-01,4.398975893855094910e-02,0.000000000000000000e+00,0.000000000000000000e+00
8.028131484985351562e+00,3.225491046905517578e-01,4.802639782428741455e-02,0.000000000000000000e+00,0.000000000000000000e+00
7.552017211914062500e+00,3.162716329097747803e-01,4.389300942420959473e-02,0.000000000000000000e+00,0.000000000000000000e+00
7.676691532135009766e+00,2.953028678894042969e-01,4.723662883043289185e-02,0.000000000000000000e+00,0.000000000000000000e+00
7.481007575988769531e+00,3.236595392227172852e-01,4.244411736726760864e-02,0.000000000000000000e+00,0.000000000000000000e+00
7.284526824951171875e+00,3.357715606689453125e-01,3.926810994744300842e-02,0.000000000000000000e+00,0.000000000000000000e+00
7.101151466369628906e+00,2.769719362258911133e-01,4.331432282924652100e-02,0.000000000000000000e+00,0.000000000000000000e+00
8.405902862548828125e+00,4.314041733741760254e-01,4.091861844062805176e-02,0.000000000000000000e+00,0.000000000000000000e+00
8.676595687866210938e+00,5.246682763099670410e-01,3.429913148283958435e-02,0.000000000000000000e+00,0.000000000000000000e+00
8.168651580810546875e+00,3.839842677116394043e-01,4.328809306025505066e-02,0.000000000000000000e+00,0.000000000000000000e+00
7.510903358459472656e+00,3.567488491535186768e-01,3.943414986133575439e-02,0.000000000000000000e+00,0.000000000000000000e+00
6.936243057250976562e+00,2.473848611116409302e-01,4.462394118309020996e-02,0.000000000000000000e+00,0.000000000000000000e+00
7.574131488800048828e+00,3.037982583045959473e-01,4.536148905754089355e-02,0.000000000000000000e+00,0.000000000000000000e+00
7.697685241699218750e+00,3.227058053016662598e-01,4.470627382397651672e-02,0.000000000000000000e+00,0.000000000000000000e+00
7.478696823120117188e+00,3.100726008415222168e-01,4.377970844507217407e-02,0.000000000000000000e+00,0.000000000000000000e+00
7.605103492736816406e+00,3.376691639423370361e-01,4.228411614894866943e-02,0.000000000000000000e+00,0.000000000000000000e+00
8.115844726562500000e+00,4.287712275981903076e-01,3.828132525086402893e-02,0.000000000000000000e+00,0.000000000000000000e+00
8.934949874877929688e+00,4.915913343429565430e-01,4.019036144018173218e-02,0.000000000000000000e+00,0.000000000000000000e+00
7.725083351135253906e+00,3.759632408618927002e-01,3.965450823307037354e-02,0.000000000000000000e+00,0.000000000000000000e+00
7.154304027557373047e+00,2.685891687870025635e-01,4.468412324786186218e-02,0.000000000000000000e+00,0.000000000000000000e+00
7.828399181365966797e+00,3.350198268890380859e-01,4.478200897574424744e-02,0.000000000000000000e+00,0.000000000000000000e+00
6.619716167449951172e+00,2.157393097877502441e-01,4.462322965264320374e-02,0.000000000000000000e+00,0.000000000000000000e+00
7.750577926635742188e+00,3.726038932800292969e-01,4.024538770318031311e-02,0.000000000000000000e+00,0.000000000000000000e+00
7.384121894836425781e+00,3.627347350120544434e-01,3.756774216890335083e-02,0.000000000000000000e+00,0.000000000000000000e+00
7.681764125823974609e+00,3.889175057411193848e-01,3.792589157819747925e-02,0.000000000000000000e+00,0.000000000000000000e+00
6.880710124969482422e+00,2.685099244117736816e-01,4.195611178874969482e-02,0.000000000000000000e+00,0.000000000000000000e+00
6.992582321166992188e+00,3.144778907299041748e-01,3.847803175449371338e-02,0.000000000000000000e+00,0.000000000000000000e+00
8.025735855102539062e+00,4.164386391639709473e-01,3.861349448561668396e-02,0.000000000000000000e+00,0.000000000000000000e+00
7.561061382293701172e+00,3.588483929634094238e-01,3.972577676177024841e-02,0.000000000000000000e+00,0.000000000000000000e+00
7.868155956268310547e+00,3.426350057125091553e-01,4.441805928945541382e-02,0.000000000000000000e+00,0.000000000000000000e+00
7.080071449279785156e+00,3.097928762435913086e-01,3.982142359018325806e-02,0.000000000000000000e+00,0.000000000000000000e+00
7.700095176696777344e+00,3.888054788112640381e-01,3.812040016055107117e-02,0.000000000000000000e+00,0.000000000000000000e+00
6.795461177825927734e+00,3.129591941833496094e-01,3.665869310498237610e-02,0.000000000000000000e+00,0.000000000000000000e+00
7.398484230041503906e+00,3.803061842918395996e-01,3.595422208309173584e-02,0.000000000000000000e+00,0.000000000000000000e+00
7.007095336914062500e+00,3.038201630115509033e-01,3.968894109129905701e-02,0.000000000000000000e+00,0.000000000000000000e+00
8.008806228637695312e+00,4.008636772632598877e-01,4.000169038772583008e-02,0.000000000000000000e+00,0.000000000000000000e+00
7.601206779479980469e+00,3.590089678764343262e-01,4.011116921901702881e-02,0.000000000000000000e+00,0.000000000000000000e+00
7.129567146301269531e+00,2.730439901351928711e-01,4.399126768112182617e-02,0.000000000000000000e+00,0.000000000000000000e+00
6.803749561309814453e+00,2.769706249237060547e-01,4.034043475985527039e-02,0.000000000000000000e+00,0.000000000000000000e+00
7.848664283752441406e+00,3.849843740463256836e-01,3.998820483684539795e-02,0.000000000000000000e+00,0.000000000000000000e+00
6.959570884704589844e+00,3.256848454475402832e-01,3.702722489833831787e-02,0.000000000000000000e+00,0.000000000000000000e+00
8.202061653137207031e+00,4.391981959342956543e-01,3.810079395771026611e-02,0.000000000000000000e+00,0.000000000000000000e+00
7.345149040222167969e+00,3.266967535018920898e-01,4.078181087970733643e-02,0.000000000000000000e+00,0.000000000000000000e+00
6.678726196289062500e+00,2.885877192020416260e-01,3.792848810553550720e-02,0.000000000000000000e+00,0.000000000000000000e+00
6.896604537963867188e+00,2.934753298759460449e-01,3.961851447820663452e-02,0.000000000000000000e+00,0.000000000000000000e+00
7.135031223297119141e+00,3.221203982830047607e-01,3.913827240467071533e-02,0.000000000000000000e+00,0.000000000000000000e+00
6.166005134582519531e+00,2.834745347499847412e-01,3.331260010600090027e-02,0.000000000000000000e+00,0.000000000000000000e+00
6.993245601654052734e+00,3.346061110496520996e-01,3.647184371948242188e-02,0.000000000000000000e+00,0.000000000000000000e+00
6.691242218017578125e+00,3.102889060974121094e-01,3.588353097438812256e-02,0.000000000000000000e+00,0.000000000000000000e+00
7.220304965972900391e+00,3.911626935005187988e-01,3.308678045868873596e-02,0.000000000000000000e+00,0.000000000000000000e+00
6.948774337768554688e+00,3.332923650741577148e-01,3.615850955247879028e-02,0.000000000000000000e+00,0.000000000000000000e+00
5.977973461151123047e+00,2.597830593585968018e-01,3.380142897367477417e-02,0.000000000000000000e+00,0.000000000000000000e+00
6.266361236572265625e+00,2.663687765598297119e-01,3.602673858404159546e-02,0.000000000000000000e+00,0.000000000000000000e+00
6.321658134460449219e+00,3.085460066795349121e-01,3.236197680234909058e-02,0.000000000000000000e+00,0.000000000000000000e+00
6.888318538665771484e+00,3.358605206012725830e-01,3.529713302850723267e-02,0.000000000000000000e+00,0.000000000000000000e+00
7.800125122070312500e+00,4.570673108100891113e-01,3.229451924562454224e-02,0.000000000000000000e+00,0.000000000000000000e+00
6.671195507049560547e+00,3.252246379852294922e-01,3.418949246406555176e-02,0.000000000000000000e+00,0.000000000000000000e+00
7.666742324829101562e+00,3.896393179893493652e-01,3.770348802208900452e-02,0.000000000000000000e+00,0.000000000000000000e+00
7.098556041717529297e+00,2.968530654907226562e-01,4.130025580525398254e-02,0.000000000000000000e+00,0.000000000000000000e+00
7.356204032897949219e+00,3.253261148929595947e-01,4.102942720055580139e-02,0.000000000000000000e+00,0.000000000000000000e+00
7.438173294067382812e+00,3.271550536155700684e-01,4.166622459888458252e-02,0.000000000000000000e+00,0.000000000000000000e+00
6.731983184814453125e+00,2.795548141002655029e-01,3.936435282230377197e-02,0.000000000000000000e+00,0.000000000000000000e+00
7.602341651916503906e+00,3.611704707145690918e-01,3.990636765956878662e-02,0.000000000000000000e+00,0.000000000000000000e+00
6.818058967590332031e+00,3.025858402252197266e-01,3.792200237512588501e-02,0.000000000000000000e+00,0.000000000000000000e+00
6.860323905944824219e+00,3.187304735183715820e-01,3.673018887639045715e-02,0.000000000000000000e+00,0.000000000000000000e+00
7.856211185455322266e+00,4.666780233383178711e-01,3.189430758357048035e-02,0.000000000000000000e+00,0.000000000000000000e+00
7.050179481506347656e+00,3.948357999324798584e-01,3.101821243762969971e-02,0.000000000000000000e+00,0.000000000000000000e+00
7.150802612304687500e+00,3.813351392745971680e-01,3.337451443076133728e-02,0.000000000000000000e+00,0.000000000000000000e+00
6.800501823425292969e+00,3.090933859348297119e-01,3.709568083286285400e-02,0.000000000000000000e+00,0.000000000000000000e+00
6.836554050445556641e+00,3.391293585300445557e-01,3.445260599255561829e-02,0.000000000000000000e+00,0.000000000000000000e+00
6.528409957885742188e+00,2.688126862049102783e-01,3.840282931923866272e-02,0.000000000000000000e+00,0.000000000000000000e+00
6.642463684082031250e+00,3.352373242378234863e-01,3.290090709924697876e-02,0.000000000000000000e+00,0.000000000000000000e+00
7.117789268493652344e+00,3.356292843818664551e-01,3.761496394872665405e-02,0.000000000000000000e+00,0.000000000000000000e+00
7.766345024108886719e+00,3.807558417320251465e-01,3.958786278963088989e-02,0.000000000000000000e+00,0.000000000000000000e+00
7.145304679870605469e+00,3.230591416358947754e-01,3.914713114500045776e-02,0.000000000000000000e+00,0.000000000000000000e+00
6.536682128906250000e+00,2.147858738899230957e-01,4.388823732733726501e-02,0.000000000000000000e+00,0.000000000000000000e+00
7.059862136840820312e+00,3.005272448062896729e-01,4.054589569568634033e-02,0.000000000000000000e+00,0.000000000000000000e+00
6.828777313232421875e+00,3.039253056049346924e-01,3.789524361491203308e-02,0.000000000000000000e+00,0.000000000000000000e+00
5.713329792022705078e+00,2.136887013912200928e-01,3.576442599296569824e-02,0.000000000000000000e+00,0.000000000000000000e+00
6.758412361145019531e+00,3.675526082515716553e-01,3.082886338233947754e-02,0.000000000000000000e+00,0.000000000000000000e+00
6.981616973876953125e+00,3.558697998523712158e-01,3.422918915748596191e-02,0.000000000000000000e+00,0.000000000000000000e+00
6.153556823730468750e+00,2.865524888038635254e-01,3.288032114505767822e-02,0.000000000000000000e+00,0.000000000000000000e+00
5.559330463409423828e+00,2.647325992584228516e-01,2.912004478275775909e-02,0.000000000000000000e+00,0.000000000000000000e+00
5.307877540588378906e+00,2.624236941337585449e-01,2.683640830218791962e-02,0.000000000000000000e+00,0.000000000000000000e+00
7.672281265258789062e+00,4.707441329956054688e-01,2.964840270578861237e-02,0.000000000000000000e+00,0.000000000000000000e+00
6.006032943725585938e+00,2.901899218559265137e-01,3.104133531451225281e-02,0.000000000000000000e+00,0.000000000000000000e+00
5.978856086730957031e+00,2.844041585922241211e-01,3.134814277291297913e-02,0.000000000000000000e+00,0.000000000000000000e+00
6.285145759582519531e+00,3.349381089210510254e-01,2.935764752328395844e-02,0.000000000000000000e+00,0.000000000000000000e+00
5.815854072570800781e+00,2.818895876407623291e-01,2.996958419680595398e-02,0.000000000000000000e+00,0.000000000000000000e+00
7.074662208557128906e+00,3.701445460319519043e-01,3.373216837644577026e-02,0.000000000000000000e+00,0.000000000000000000e+00
6.386944770812988281e+00,3.016847372055053711e-01,3.370097652077674866e-02,0.000000000000000000e+00,0.000000000000000000e+00
6.226810455322265625e+00,2.630353569984436035e-01,3.596457093954086304e-02,0.000000000000000000e+00,0.000000000000000000e+00
6.296868324279785156e+00,3.056502342224121094e-01,3.240365907549858093e-02,0.000000000000000000e+00,0.000000000000000000e+00
5.274824142456054688e+00,2.098171710968017578e-01,3.176652640104293823e-02,0.000000000000000000e+00,0.000000000000000000e+00
7.866118431091308594e+00,4.915607571601867676e-01,2.950510941445827484e-02,0.000000000000000000e+00,0.000000000000000000e+00
6.697345733642578125e+00,3.852292299270629883e-01,2.845053374767303467e-02,0.000000000000000000e+00,0.000000000000000000e+00
5.915938377380371094e+00,3.244983553886413574e-01,2.670954912900924683e-02,0.000000000000000000e+00,0.000000000000000000e+00
5.346580505371093750e+00,2.246263027191162109e-01,3.100317344069480896e-02,0.000000000000000000e+00,0.000000000000000000e+00
5.975127220153808594e+00,3.105928897857666016e-01,2.869198098778724670e-02,0.000000000000000000e+00,0.000000000000000000e+00
5.979008674621582031e+00,2.633540034294128418e-01,3.345468267798423767e-02,0.000000000000000000e+00,0.000000000000000000e+00
6.243750095367431641e+00,3.347494900226593018e-01,2.896255254745483398e-02,0.000000000000000000e+00,0.000000000000000000e+00
6.670078754425048828e+00,3.455840051174163818e-01,3.214238584041595459e-02,0.000000000000000000e+00,0.000000000000000000e+00
5.905827045440673828e+00,2.558456659317016602e-01,3.347370401024818420e-02,0.000000000000000000e+00,0.000000000000000000e+00
6.137414455413818359e+00,2.550850808620452881e-01,3.586563467979431152e-02,0.000000000000000000e+00,0.000000000000000000e+00
5.959334850311279297e+00,2.830711603164672852e-01,3.128623217344284058e-02,0.000000000000000000e+00,0.000000000000000000e+00
6.326051712036132812e+00,3.249574601650238037e-01,3.076476976275444031e-02,0.000000000000000000e+00,0.000000000000000000e+00
6.604088306427001953e+00,3.597598075866699219e-01,3.006490319967269897e-02,0.000000000000000000e+00,0.000000000000000000e+00
5.984103202819824219e+00,2.929751873016357422e-01,3.054350987076759338e-02,0.000000000000000000e+00,0.000000000000000000e+00
6.869470596313476562e+00,3.978419601917266846e-01,2.891051210463047028e-02,0.000000000000000000e+00,0.000000000000000000e+00
6.584498882293701172e+00,3.101914823055267334e-01,3.482583910226821899e-02,0.000000000000000000e+00,0.000000000000000000e+00
6.152120590209960938e+00,2.802057862281799316e-01,3.350062668323516846e-02,0.000000000000000000e+00,0.000000000000000000e+00
6.331903457641601562e+00,3.055292963981628418e-01,3.276610374450683594e-02,0.000000000000000000e+00,0.000000000000000000e+00
5.882712841033935547e+00,2.626489400863647461e-01,3.256223350763320923e-02,0.000000000000000000e+00,0.000000000000000000e+00
5.969411849975585938e+00,2.795128226280212402e-01,3.174283728003501892e-02,0.000000000000000000e+00,0.000000000000000000e+00
5.688406467437744141e+00,2.558587491512298584e-01,3.129819035530090332e-02,0.000000000000000000e+00,0.000000000000000000e+00
6.820309638977050781e+00,3.871338963508605957e-01,2.948970533907413483e-02,0.000000000000000000e+00,0.000000000000000000e+00
5.763397216796875000e+00,2.387660294771194458e-01,3.375736624002456665e-02,0.000000000000000000e+00,0.000000000000000000e+00
6.211848258972167969e+00,2.766328454017639160e-01,3.445520251989364624e-02,0.000000000000000000e+00,0.000000000000000000e+00
6.080552101135253906e+00,3.212619721889495850e-01,2.867932058870792389e-02,0.000000000000000000e+00,0.000000000000000000e+00
6.728122234344482422e+00,3.310093879699707031e-01,3.418028354644775391e-02,0.000000000000000000e+00,0.000000000000000000e+00
6.018120765686035156e+00,2.948408126831054688e-01,3.069712407886981964e-02,0.000000000000000000e+00,0.000000000000000000e+00
6.749336719512939453e+00,3.651452064514160156e-01,3.097884729504585266e-02,0.000000000000000000e+00,0.000000000000000000e+00
5.794901847839355469e+00,2.730357646942138672e-01,3.064544498920440674e-02,0.000000000000000000e+00,0.000000000000000000e+00
5.763910293579101562e+00,2.729734480381011963e-01,3.034175932407379150e-02,0.000000000000000000e+00,0.000000000000000000e+00
5.301191329956054688e+00,2.306359559297561646e-01,2.994831465184688568e-02,0.000000000000000000e+00,0.000000000000000000e+00
6.406240463256835938e+00,3.406852185726165771e-01,2.999388054013252258e-02,0.000000000000000000e+00,0.000000000000000000e+00
6.168954849243164062e+00,3.448093235492706299e-01,2.720861695706844330e-02,0.000000000000000000e+00,0.000000000000000000e+00
6.711430549621582031e+00,3.769991993904113770e-01,2.941438555717468262e-02,0.000000000000000000e+00,0.000000000000000000e+00
6.060874938964843750e+00,2.594743967056274414e-01,3.466130793094635010e-02,0.000000000000000000e+00,0.000000000000000000e+00
5.388990879058837891e+00,1.922303438186645508e-01,3.466687351465225220e-02,0.000000000000000000e+00,0.000000000000000000e+00
5.575918197631835938e+00,2.035142630338668823e-01,3.540775552392005920e-02,0.000000000000000000e+00,0.000000000000000000e+00
5.939340591430664062e+00,2.778441309928894043e-01,3.160899132490158081e-02,0.000000000000000000e+00,0.000000000000000000e+00
6.154122352600097656e+00,3.000102043151855469e-01,3.154020383954048157e-02,0.000000000000000000e+00,0.000000000000000000e+00
5.494365692138671875e+00,2.338704466819763184e-01,3.155661374330520630e-02,0.000000000000000000e+00,0.000000000000000000e+00
4.980273723602294922e+00,2.286360114812850952e-01,2.693913690745830536e-02,0.000000000000000000e+00,0.000000000000000000e+00
6.817390441894531250e+00,4.061834216117858887e-01,2.755556069314479828e-02,0.000000000000000000e+00,0.000000000000000000e+00
5.003333091735839844e+00,2.636961042881011963e-01,2.366371825337409973e-02,0.000000000000000000e+00,0.000000000000000000e+00
5.918072700500488281e+00,3.622568249702453613e-01,2.295504882931709290e-02,0.000000000000000000e+00,0.000000000000000000e+00
5.574561595916748047e+00,3.149101138114929199e-01,2.425460331141948700e-02,0.000000000000000000e+00,0.000000000000000000e+00
5.986845970153808594e+00,3.733987510204315186e-01,2.252858318388462067e-02,0.000000000000000000e+00,0.000000000000000000e+00
5.962316513061523438e+00,2.992763519287109375e-01,2.969552949070930481e-02,0.000000000000000000e+00,0.000000000000000000e+00
5.422380447387695312e+00,2.160902470350265503e-01,3.261478245258331299e-02,0.000000000000000000e+00,0.000000000000000000e+00
6.115429878234863281e+00,2.495138347148895264e-01,3.620291501283645630e-02,0.000000000000000000e+00,0.000000000000000000e+00
6.408769130706787109e+00,2.930339574813842773e-01,3.478429466485977173e-02,0.000000000000000000e+00,0.000000000000000000e+00
5.481222152709960938e+00,2.364842146635055542e-01,3.116380237042903900e-02,0.000000000000000000e+00,0.000000000000000000e+00
5.454727172851562500e+00,2.343593239784240723e-01,3.111133910715579987e-02,0.000000000000000000e+00,0.000000000000000000e+00
6.415897846221923828e+00,3.645972311496734619e-01,2.769925631582736969e-02,0.000000000000000000e+00,0.000000000000000000e+00
6.499177932739257812e+00,3.712103366851806641e-01,2.787074819207191467e-02,0.000000000000000000e+00,0.000000000000000000e+00
5.397734642028808594e+00,2.515727877616882324e-01,2.882006391882896423e-02,0.000000000000000000e+00,0.000000000000000000e+00
7.210224628448486328e+00,4.361173808574676514e-01,2.849050983786582947e-02,0.000000000000000000e+00,0.000000000000000000e+00
6.846979618072509766e+00,3.884189128875732422e-01,2.962790429592132568e-02,0.000000000000000000e+00,0.000000000000000000e+00
5.664568424224853516e+00,2.411286532878875732e-01,3.253281861543655396e-02,0.000000000000000000e+00,0.000000000000000000e+00
6.162609100341796875e+00,2.738389372825622559e-01,3.424219414591789246e-02,0.000000000000000000e+00,0.000000000000000000e+00
6.189690589904785156e+00,2.942515611648559570e-01,3.247174993157386780e-02,0.000000000000000000e+00,0.000000000000000000e+00
6.387402057647705078e+00,2.564589381217956543e-01,3.822812438011169434e-02,0.000000000000000000e+00,0.000000000000000000e+00
5.914107322692871094e+00,2.476476579904556274e-01,3.437630832195281982e-02,0.000000000000000000e+00,0.000000000000000000e+00
5.598549842834472656e+00,2.668551802635192871e-01,2.929998189210891724e-02,0.000000000000000000e+00,0.000000000000000000e+00
5.390711784362792969e+00,2.334061414003372192e-01,3.056650608777999878e-02,0.000000000000000000e+00,0.000000000000000000e+00
5.484340190887451172e+00,3.005372285842895508e-01,2.478967979550361633e-02,0.000000000000000000e+00,0.000000000000000000e+00
5.743324279785156250e+00,3.204915523529052734e-01,2.538408711552619934e-02,0.000000000000000000e+00,0.000000000000000000e+00
4.940984725952148438e+00,2.672265172004699707e-01,2.268719673156738281e-02,0.000000000000000000e+00,0.000000000000000000e+00
4.310114860534667969e+00,1.976630985736846924e-01,2.333484217524528503e-02,0.000000000000000000e+00,0.000000000000000000e+00
4.575637817382812500e+00,2.113060057163238525e-01,2.462578006088733673e-02,0.000000000000000000e+00,0.000000000000000000e+00
6.460747718811035156e+00,4.207240343093872070e-01,2.253507450222969055e-02,0.000000000000000000e+00,0.000000000000000000e+00
5.234263420104980469e+00,2.914234995841979980e-01,2.320028282701969147e-02,0.000000000000000000e+00,0.000000000000000000e+00
5.749748229980468750e+00,3.333908319473266602e-01,2.415840141475200653e-02,0.000000000000000000e+00,0.000000000000000000e+00
6.702470779418945312e+00,4.331766366958618164e-01,2.370704337954521179e-02,0.000000000000000000e+00,0.000000000000000000e+00
4.928997993469238281e+00,2.235846519470214844e-01,2.693151123821735382e-02,0.000000000000000000e+00,0.000000000000000000e+00
6.098694324493408203e+00,3.268447220325469971e-01,2.830247208476066589e-02,0.000000000000000000e+00,0.000000000000000000e+00
5.418139457702636719e+00,2.197840511798858643e-01,3.220298886299133301e-02,0.000000000000000000e+00,0.000000000000000000e+00
5.847101211547851562e+00,2.523288130760192871e-01,3.323812782764434814e-02,0.000000000000000000e+00,0.000000000000000000e+00
6.088858604431152344e+00,2.417911589145660400e-01,3.670946881175041199e-02,0.000000000000000000e+00,0.000000000000000000e+00
5.285233974456787109e+00,2.035300582647323608e-01,3.249933570623397827e-02,0.000000000000000000e+00,0.000000000000000000e+00
6.139542102813720703e+00,3.016942441463470459e-01,3.122599609196186066e-02,0.000000000000000000e+00,0.000000000000000000e+00
6.992088317871093750e+00,3.903576135635375977e-01,3.088511899113655090e-02,0.000000000000000000e+00,0.000000000000000000e+00
5.316154479980468750e+00,2.014377415180206299e-01,3.301777318120002747e-02,0.000000000000000000e+00,0.000000000000000000e+00
5.174225807189941406e+00,2.273100316524505615e-01,2.901125326752662659e-02,0.000000000000000000e+00,0.000000000000000000e+00
5.171705722808837891e+00,2.638666033744812012e-01,2.533039450645446777e-02,0.000000000000000000e+00,0.000000000000000000e+00
5.313518524169921875e+00,2.570228278636932373e-01,2.743289992213249207e-02,0.000000000000000000e+00,0.000000000000000000e+00
4.807314872741699219e+00,2.082372605800628662e-01,2.724942192435264587e-02,0.000000000000000000e+00,0.000000000000000000e+00
4.995146274566650391e+00,2.633090615272521973e-01,2.362055703997612000e-02,0.000000000000000000e+00,0.000000000000000000e+00
4.967517375946044922e+00,2.986224889755249023e-01,1.981292478740215302e-02,0.000000000000000000e+00,0.000000000000000000e+00
5.691316604614257812e+00,3.444853425025939941e-01,2.246463112533092499e-02,0.000000000000000000e+00,0.000000000000000000e+00
5.858071327209472656e+00,3.368327617645263672e-01,2.489743381738662720e-02,0.000000000000000000e+00,0.000000000000000000e+00
5.708053588867187500e+00,3.379536271095275879e-01,2.328517287969589233e-02,0.000000000000000000e+00,0.000000000000000000e+00
4.953688144683837891e+00,2.351843416690826416e-01,2.601844817399978638e-02,0.000000000000000000e+00,0.000000000000000000e+00
5.538416862487792969e+00,2.370841056108474731e-01,3.167575597763061523e-02,0.000000000000000000e+00,0.000000000000000000e+00
5.712824344635009766e+00,2.801878750324249268e-01,2.910945564508438110e-02,0.000000000000000000e+00,0.000000000000000000e+00
5.102848052978515625e+00,2.365346848964691162e-01,2.737501263618469238e-02,0.000000000000000000e+00,0.000000000000000000e+00
5.332150459289550781e+00,2.315075099468231201e-01,3.017075546085834503e-02,0.000000000000000000e+00,0.000000000000000000e+00
5.084445953369140625e+00,2.505529522895812988e-01,2.578916773200035095e-02,0.000000000000000000e+00,0.000000000000000000e+00
6.478382110595703125e+00,3.717827796936035156e-01,2.760554477572441101e-02,0.000000000000000000e+00,0.000000000000000000e+00
4.755983829498291016e+00,2.125000357627868652e-01,2.630983293056488037e-02,0.000000000000000000e+00,0.000000000000000000e+00
4.686966896057128906e+00,2.248106449842453003e-01,2.438860759139060974e-02,0.000000000000000000e+00,0.000000000000000000e+00
4.289129734039306641e+00,1.692584902048110962e-01,2.596544660627841949e-02,0.000000000000000000e+00,0.000000000000000000e+00
5.560042381286621094e+00,3.254488408565521240e-01,2.305553853511810303e-02,0.000000000000000000e+00,0.000000000000000000e+00
5.093244552612304688e+00,2.888756990432739258e-01,2.204487845301628113e-02,0.000000000000000000e+00,0.000000000000000000e+00
3.734498500823974609e+00,1.585763096809387207e-01,2.148735336959362030e-02,0.000000000000000000e+00,0.000000000000000000e+00
5.827456474304199219e+00,3.913834691047668457e-01,1.913621649146080017e-02,0.000000000000000000e+00,0.000000000000000000e+00
3.887080192565917969e+00,1.877200305461883545e-01,2.009879797697067261e-02,0.000000000000000000e+00,0.000000000000000000e+00
3.532932996749877930e+00,1.706797182559967041e-01,1.826135814189910889e-02,0.000000000000000000e+00,0.000000000000000000e+00
6.129463672637939453e+00,4.067083597183227539e-01,2.062380313873291016e-02,0.000000000000000000e+00,0.000000000000000000e+00
4.130483627319335938e+00,2.230904996395111084e-01,1.899578608572483063e-02,0.000000000000000000e+00,0.000000000000000000e+00
4.514370441436767578e+00,2.589280605316162109e-01,1.925089955329895020e-02,0.000000000000000000e+00,0.000000000000000000e+00
4.663939476013183594e+00,2.542721033096313477e-01,2.121218293905258179e-02,0.000000000000000000e+00,0.000000000000000000e+00
4.483821868896484375e+00,2.240302115678787231e-01,2.243519946932792664e-02,0.000000000000000000e+00,0.000000000000000000e+00
6.343935966491699219e+00,3.729549646377563477e-01,2.614386193454265594e-02,0.000000000000000000e+00,0.000000000000000000e+00
5.043410301208496094e+00,2.104961276054382324e-01,2.938449010252952576e-02,0.000000000000000000e+00,0.000000000000000000e+00
5.095288276672363281e+00,2.319405376911163330e-01,2.775883302092552185e-02,0.000000000000000000e+00,0.000000000000000000e+00
4.861374855041503906e+00,2.172291874885559082e-01,2.689083293080329895e-02,0.000000000000000000e+00,0.000000000000000000e+00
4.321750164031982422e+00,1.897149085998535156e-01,2.424601092934608459e-02,0.000000000000000000e+00,0.000000000000000000e+00
6.086268424987792969e+00,4.277975559234619141e-01,1.808292604982852936e-02,0.000000000000000000e+00,0.000000000000000000e+00
6.719045162200927734e+00,4.789096415042877197e-01,1.929948665201663971e-02,0.000000000000000000e+00,0.000000000000000000e+00
4.722944259643554688e+00,2.783983945846557617e-01,1.938960328698158264e-02,0.000000000000000000e+00,0.000000000000000000e+00
5.202728271484375000e+00,3.361579477787017822e-01,1.841149106621742249e-02,0.000000000000000000e+00,0.000000000000000000e+00
3.851216316223144531e+00,1.535065323114395142e-01,2.316151186823844910e-02,0.000000000000000000e+00,0.000000000000000000e+00
4.197612762451171875e+00,1.977182030677795410e-01,2.220430597662925720e-02,0.000000000000000000e+00,0.000000000000000000e+00
4.743364334106445312e+00,2.593419551849365234e-01,2.149945124983787537e-02,0.000000000000000000e+00,0.000000000000000000e+00
4.636668205261230469e+00,2.168626189231872559e-01,2.468041889369487762e-02,0.000000000000000000e+00,0.000000000000000000e+00
4.630969524383544922e+00,2.327154129743576050e-01,2.303815260529518127e-02,0.000000000000000000e+00,0.000000000000000000e+00
4.112856388092041016e+00,1.944936811923980713e-01,2.167919650673866272e-02,0.000000000000000000e+00,0.000000000000000000e+00
5.388625144958496094e+00,3.141796588897705078e-01,2.246828749775886536e-02,0.000000000000000000e+00,0.000000000000000000e+00
4.267467975616455078e+00,2.290003895759582520e-01,1.977464370429515839e-02,0.000000000000000000e+00,0.000000000000000000e+00
4.285596847534179688e+00,2.104933112859725952e-01,2.180663868784904480e-02,0.000000000000000000e+00,0.000000000000000000e+00
4.393656730651855469e+00,2.103541195392608643e-01,2.290115877985954285e-02,0.000000000000000000e+00,0.000000000000000000e+00
4.437452793121337891e+00,2.338061332702636719e-01,2.099391445517539978e-02,0.000000000000000000e+00,0.000000000000000000e+00
4.449887752532958984e+00,2.537391781806945801e-01,1.912496238946914673e-02,0.000000000000000000e+00,0.000000000000000000e+00
4.574653625488281250e+00,2.515931725502014160e-01,2.058721706271171570e-02,0.000000000000000000e+00,0.000000000000000000e+00
3.718373775482177734e+00,1.761146187782287598e-01,1.957227662205696106e-02,0.000000000000000000e+00,0.000000000000000000e+00
5.124200820922851562e+00,3.087729811668395996e-01,2.036471106112003326e-02,0.000000000000000000e+00,0.000000000000000000e+00
4.997213363647460938e+00,2.814791798591613770e-01,2.182421460747718811e-02,0.000000000000000000e+00,0.000000000000000000e+00
5.255569458007812500e+00,2.629774808883666992e-01,2.625794894993305206e-02,0.000000000000000000e+00,0.000000000000000000e+00
5.188707351684570312e+00,2.353563755750656128e-01,2.835143916308879852e-02,0.000000000000000000e+00,0.000000000000000000e+00
5.743779182434082031e+00,2.616966962814331055e-01,3.126811981201171875e-02,0.000000000000000000e+00,0.000000000000000000e+00
4.778213024139404297e+00,1.904539763927459717e-01,2.873673103749752045e-02,0.000000000000000000e+00,0.000000000000000000e+00
4.892889499664306641e+00,1.949724555015563965e-01,2.943164855241775513e-02,0.000000000000000000e+00,0.000000000000000000e+00
4.586741447448730469e+00,2.286449074745178223e-01,2.300292253494262695e-02,0.000000000000000000e+00,0.000000000000000000e+00
4.680535316467285156e+00,2.753075063228607178e-01,1.927460357546806335e-02,0.000000000000000000e+00,0.000000000000000000e+00
4.668549537658691406e+00,2.550908923149108887e-01,2.117640525102615356e-02,0.000000000000000000e+00,0.000000000000000000e+00
4.264194488525390625e+00,2.481187582015991211e-01,1.783006824553012848e-02,0.000000000000000000e+00,0.000000000000000000e+00
4.714734554290771484e+00,2.749562561511993408e-01,1.965172216296195984e-02,0.000000000000000000e+00,0.000000000000000000e+00
4.583372116088867188e+00,2.846887707710266113e-01,1.736484654247760773e-02,0.000000000000000000e+00,0.000000000000000000e+00
4.041621685028076172e+00,1.937267184257507324e-01,2.104354277253150940e-02,0.000000000000000000e+00,0.000000000000000000e+00
4.810750007629394531e+00,2.608050704002380371e-01,2.202698960900306702e-02,0.000000000000000000e+00,0.000000000000000000e+00
4.533924102783203125e+00,2.249177396297454834e-01,2.284746430814266205e-02,0.000000000000000000e+00,0.000000000000000000e+00
5.076191902160644531e+00,2.748177051544189453e-01,2.328014746308326721e-02,0.000000000000000000e+00,0.000000000000000000e+00
4.540687084197998047e+00,2.146313488483428955e-01,2.394373714923858643e-02,0.000000000000000000e+00,0.000000000000000000e+00
4.236043453216552734e+00,2.079308927059173584e-01,2.156734466552734375e-02,0.000000000000000000e+00,0.000000000000000000e+00
4.982913494110107422e+00,2.661512494087219238e-01,2.321401052176952362e-02,0.000000000000000000e+00,0.000000000000000000e+00
4.878759384155273438e+00,2.464217841625213623e-01,2.414541505277156830e-02,0.000000000000000000e+00,0.000000000000000000e+00
4.604104042053222656e+00,2.276813387870788574e-01,2.327290363609790802e-02,0.000000000000000000e+00,0.000000000000000000e+00
4.153279781341552734e+00,1.727952957153320312e-01,2.425326779484748840e-02,0.000000000000000000e+00,0.000000000000000000e+00
4.824325084686279297e+00,2.714777886867523193e-01,2.109547145664691925e-02,0.000000000000000000e+00,0.000000000000000000e+00
4.312337875366210938e+00,2.134476900100708008e-01,2.177861332893371582e-02,0.000000000000000000e+00,0.000000000000000000e+00
4.330705642700195312e+00,2.344114035367965698e-01,1.986591331660747528e-02,0.000000000000000000e+00,0.000000000000000000e+00
4.158749580383300781e+00,2.411546409130096436e-01,1.747203245759010315e-02,0.000000000000000000e+00,0.000000000000000000e+00
3.711942195892333984e+00,1.791213154792785645e-01,1.920729130506515503e-02,0.000000000000000000e+00,0.000000000000000000e+00
4.178843498229980469e+00,2.391426265239715576e-01,1.787417382001876831e-02,0.000000000000000000e+00,0.000000000000000000e+00
3.676332235336303711e+00,1.923783868551254272e-01,1.752548292279243469e-02,0.000000000000000000e+00,0.000000000000000000e+00
5.041182994842529297e+00,3.338255882263183594e-01,1.702927052974700928e-02,0.000000000000000000e+00,0.000000000000000000e+00
4.793780803680419922e+00,2.785163521766662598e-01,2.008617483079433441e-02,0.000000000000000000e+00,0.000000000000000000e+00
4.893061637878417969e+00,2.715330719947814941e-01,2.177731133997440338e-02,0.000000000000000000e+00,0.000000000000000000e+00
4.155090808868408203e+00,1.764006167650222778e-01,2.391084656119346619e-02,0.000000000000000000e+00,0.000000000000000000e+00
4.312392711639404297e+00,2.056649327278137207e-01,2.255743555724620819e-02,0.000000000000000000e+00,0.000000000000000000e+00
4.272900581359863281e+00,1.858731508255004883e-01,2.414168789982795715e-02,0.000000000000000000e+00,0.000000000000000000e+00
3.639202594757080078e+00,1.584145724773406982e-01,2.055056765675544739e-02,0.000000000000000000e+00,0.000000000000000000e+00
4.788510799407958984e+00,2.569283843040466309e-01,2.219226956367492676e-02,0.000000000000000000e+00,0.000000000000000000e+00
3.705318927764892578e+00,2.017996311187744141e-01,1.687322743237018585e-02,0.000000000000000000e+00,0.000000000000000000e+00
3.382126331329345703e+00,1.571802943944931030e-01,1.810323446989059448e-02,0.000000000000000000e+00,0.000000000000000000e+00
4.813871383666992188e+00,3.226300776004791260e-01,1.587570644915103912e-02,0.000000000000000000e+00,0.000000000000000000e+00
4.133866310119628906e+00,2.356417626142501831e-01,1.777448505163192749e-02,0.000000000000000000e+00,0.000000000000000000e+00
4.300011157989501953e+00,2.575029134750366211e-01,1.724981889128684998e-02,0.000000000000000000e+00,0.000000000000000000e+00
3.857577562332153320e+00,2.060042917728424072e-01,1.797534711658954620e-02,0.000000000000000000e+00,0.000000000000000000e+00
3.898685932159423828e+00,2.153330296277999878e-01,1.745355501770973206e-02,0.000000000000000000e+00,0.000000000000000000e+00
3.931324481964111328e+00,2.006411850452423096e-01,1.924912631511688232e-02,0.000000000000000000e+00,0.000000000000000000e+00
4.597573280334472656e+00,2.825122177600860596e-01,1.772451400756835938e-02,0.000000000000000000e+00,0.000000000000000000e+00
3.868635416030883789e+00,2.065965980291366577e-01,1.802669465541839600e-02,0.000000000000000000e+00,0.000000000000000000e+00
3.617346763610839844e+00,1.803762465715408325e-01,1.813584193587303162e-02,0.000000000000000000e+00,0.000000000000000000e+00
3.806270599365234375e+00,1.947063356637954712e-01,1.859207451343536377e-02,0.000000000000000000e+00,0.000000000000000000e+00
4.618799209594726562e+00,2.644549906253814697e-01,1.974249258637428284e-02,0.000000000000000000e+00,0.000000000000000000e+00
3.889684677124023438e+00,1.727669835090637207e-01,2.162014693021774292e-02,0.000000000000000000e+00,0.000000000000000000e+00
4.131570816040039062e+00,2.257608622312545776e-01,1.873962394893169403e-02,0.000000000000000000e+00,0.000000000000000000e+00
4.021057128906250000e+00,2.339268773794174194e-01,1.681788638234138489e-02,0.000000000000000000e+00,0.000000000000000000e+00
4.209195613861083984e+00,2.422218322753906250e-01,1.786977425217628479e-02,0.000000000000000000e+00,0.000000000000000000e+00
3.446794033050537109e+00,1.515602916479110718e-01,1.931191049516201019e-02,0.000000000000000000e+00,0.000000000000000000e+00
3.860638618469238281e+00,2.037555277347564697e-01,1.823083497583866119e-02,0.000000000000000000e+00,0.000000000000000000e+00
3.364189624786376953e+00,1.619835495948791504e-01,1.744354143738746643e-02,0.000000000000000000e+00,0.000000000000000000e+00
4.004515647888183594e+00,2.387436628341674805e-01,1.617078855633735657e-02,0.000000000000000000e+00,0.000000000000000000e+00
3.674847126007080078e+00,2.114547193050384521e-01,1.560300029814243317e-02,0.000000000000000000e+00,0.000000000000000000e+00
3.910379409790039062e+00,2.199800610542297363e-01,1.710578799247741699e-02,0.000000000000000000e+00,0.000000000000000000e+00
4.041258811950683594e+00,2.112177908420562744e-01,1.929081231355667114e-02,0.000000000000000000e+00,0.000000000000000000e+00
3.655461549758911133e+00,1.877727210521697998e-01,1.777734234929084778e-02,0.000000000000000000e+00,0.000000000000000000e+00
3.865485906600952148e+00,2.049697339534759521e-01,1.815788447856903076e-02,0.000000000000000000e+00,0.000000000000000000e+00
3.161705970764160156e+00,1.379934847354888916e-01,1.781771332025527954e-02,0.000000000000000000e+00,0.000000000000000000e+00
4.283708572387695312e+00,2.864786386489868164e-01,1.418922282755374908e-02,0.000000000000000000e+00,0.000000000000000000e+00
4.475722312927246094e+00,2.866171598434448242e-01,1.609550975263118744e-02,0.000000000000000000e+00,0.000000000000000000e+00
3.672529458999633789e+00,2.120732665061950684e-01,1.551796682178974152e-02,0.000000000000000000e+00,0.000000000000000000e+00
3.831474304199218750e+00,2.288551181554794312e-01,1.542923133820295334e-02,0.000000000000000000e+00,0.000000000000000000e+00
3.780233383178710938e+00,2.087429165840148926e-01,1.692804321646690369e-02,0.000000000000000000e+00,0.000000000000000000e+00
3.570893287658691406e+00,1.854733228683471680e-01,1.716160215437412262e-02,0.000000000000000000e+00,0.000000000000000000e+00
3.608828067779541016e+00,1.911310106515884399e-01,1.697517931461334229e-02,0.000000000000000000e+00,0.000000000000000000e+00
2.988053798675537109e+00,1.408528089523315430e-01,1.579525694251060486e-02,0.000000000000000000e+00,0.000000000000000000e+00
3.233576774597167969e+00,1.495300084352493286e-01,1.738276891410350800e-02,0.000000000000000000e+00,0.000000000000000000e+00
4.582529544830322266e+00,3.131561577320098877e-01,1.450967974960803986e-02,0.000000000000000000e+00,0.000000000000000000e+00
4.509223937988281250e+00,3.060251474380493164e-01,1.448972709476947784e-02,0.000000000000000000e+00,0.000000000000000000e+00
3.327644109725952148e+00,1.890101134777069092e-01,1.437542960047721863e-02,0.000000000000000000e+00,0.000000000000000000e+00
3.167275428771972656e+00,1.572169363498687744e-01,1.595105975866317749e-02,0.000000000000000000e+00,0.000000000000000000e+00
2.908578395843505859e+00,1.434237360954284668e-01,1.474341191351413727e-02,0.000000000000000000e+00,0.000000000000000000e+00
3.237329721450805664e+00,1.770422458648681641e-01,1.466907281428575516e-02,0.000000000000000000e+00,0.000000000000000000e+00
4.879451751708984375e+00,3.638698458671569824e-01,1.240753009915351868e-02,0.000000000000000000e+00,0.000000000000000000e+00
3.550354719161987305e+00,2.118981480598449707e-01,1.431373320519924164e-02,0.000000000000000000e+00,0.000000000000000000e+00
3.399990558624267578e+00,1.940921992063522339e-01,1.459068711847066879e-02,0.000000000000000000e+00,0.000000000000000000e+00
3.966380119323730469e+00,2.355967909097671509e-01,1.610412262380123138e-02,0.000000000000000000e+00,0.000000000000000000e+00
3.462557792663574219e+00,1.644384562969207764e-01,1.818173006176948547e-02,0.000000000000000000e+00,0.000000000000000000e+00
3.828837394714355469e+00,1.930195093154907227e-01,1.898642443120479584e-02,0.000000000000000000e+00,0.000000000000000000e+00
3.273928165435791016e+00,1.628029644489288330e-01,1.645898446440696716e-02,0.000000000000000000e+00,0.000000000000000000e+00
3.625646352767944336e+00,1.891980767250061035e-01,1.733665540814399719e-02,0.000000000000000000e+00,0.000000000000000000e+00
3.163389444351196289e+00,1.676749736070632935e-01,1.486639678478240967e-02,0.000000000000000000e+00,0.000000000000000000e+00
3.590178966522216797e+00,2.129362225532531738e-01,1.460816711187362671e-02,0.000000000000000000e+00,0.000000000000000000e+00
3.832985877990722656e+00,2.337510883808135986e-01,1.495474949479103088e-02,0.000000000000000000e+00,0.000000000000000000e+00
3.952783584594726562e+00,2.622950673103332520e-01,1.329832896590232849e-02,0.000000000000000000e+00,0.000000000000000000e+00
3.017436504364013672e+00,1.607982963323593140e-01,1.409453339874744415e-02,0.000000000000000000e+00,0.000000000000000000e+00
4.539849281311035156e+00,3.178579211235046387e-01,1.361269876360893250e-02,0.000000000000000000e+00,0.000000000000000000e+00
3.329177379608154297e+00,1.869915425777435303e-01,1.459262054413557053e-02,0.000000000000000000e+00,0.000000000000000000e+00
3.504273414611816406e+00,1.918660849332809448e-01,1.585612446069717407e-02,0.000000000000000000e+00,0.000000000000000000e+00
2.710015535354614258e+00,1.114819645881652832e-01,1.595195941627025604e-02,0.000000000000000000e+00,0.000000000000000000e+00
3.624165773391723633e+00,2.182677686214447021e-01,1.441488042473793030e-02,0.000000000000000000e+00,0.000000000000000000e+00
3.350339412689208984e+00,1.946482658386230469e-01,1.403856649994850159e-02,0.000000000000000000e+00,0.000000000000000000e+00
2.796932220458984375e+00,1.365547478199005127e-01,1.431384682655334473e-02,0.000000000000000000e+00,0.000000000000000000e+00
3.156950235366821289e+00,1.802726387977600098e-01,1.354223862290382385e-02,0.000000000000000000e+00,0.000000000000000000e+00
4.435513496398925781e+00,3.083918690681457520e-01,1.351594924926757812e-02,0.000000000000000000e+00,0.000000000000000000e+00
3.740635395050048828e+00,2.173580229282379150e-01,1.567055284976959229e-02,0.000000000000000000e+00,0.000000000000000000e+00
3.683418750762939453e+00,2.329094111919403076e-01,1.354324445128440857e-02,0.000000000000000000e+00,0.000000000000000000e+00
3.299220561981201172e+00,1.881061643362045288e-01,1.418159063905477524e-02,0.000000000000000000e+00,0.000000000000000000e+00
3.010864257812500000e+00,1.295996308326721191e-01,1.714867912232875824e-02,0.000000000000000000e+00,0.000000000000000000e+00
3.021246433258056641e+00,1.095063462853431702e-01,1.926182955503463745e-02,0.000000000000000000e+00,0.000000000000000000e+00
3.227712631225585938e+00,1.494879424571990967e-01,1.732833310961723328e-02,0.000000000000000000e+00,0.000000000000000000e+00
2.413099288940429688e+00,1.041989028453826904e-01,1.371110230684280396e-02,0.000000000000000000e+00,0.000000000000000000e+00
2.708459854125976562e+00,1.432945579290390015e-01,1.275514345616102219e-02,0.000000000000000000e+00,0.000000000000000000e+00
2.969662666320800781e+00,1.768014580011367798e-01,1.201648171991109848e-02,0.000000000000000000e+00,0.000000000000000000e+00
2.515457868576049805e+00,1.447455734014511108e-01,1.068002078682184219e-02,0.000000000000000000e+00,0.000000000000000000e+00
3.387117862701416016e+00,2.213759422302246094e-01,1.173358596861362457e-02,0.000000000000000000e+00,0.000000000000000000e+00
3.212328433990478516e+00,2.242685258388519287e-01,9.696432389318943024e-03,0.000000000000000000e+00,0.000000000000000000e+00
2.914641141891479492e+00,1.912131458520889282e-01,1.002509705722332001e-02,0.000000000000000000e+00,0.000000000000000000e+00
4.208496570587158203e+00,3.085281550884246826e-01,1.123214978724718094e-02,0.000000000000000000e+00,0.000000000000000000e+00
3.442596673965454102e+00,2.050005495548248291e-01,1.392591185867786407e-02,0.000000000000000000e+00,0.000000000000000000e+00
2.704292297363281250e+00,1.155156940221786499e-01,1.549135334789752960e-02,0.000000000000000000e+00,0.000000000000000000e+00
3.250325202941894531e+00,1.598950773477554321e-01,1.651374436914920807e-02,0.000000000000000000e+00,0.000000000000000000e+00
3.079298496246337891e+00,1.545238196849822998e-01,1.534060388803482056e-02,0.000000000000000000e+00,0.000000000000000000e+00
3.194695472717285156e+00,1.537069380283355713e-01,1.657626032829284668e-02,0.000000000000000000e+00,0.000000000000000000e+00
3.472370624542236328e+00,1.981905102729797363e-01,1.490465458482503891e-02,0.000000000000000000e+00,0.000000000000000000e+00
2.867964267730712891e+00,1.440275460481643677e-01,1.427688822150230408e-02,0.000000000000000000e+00,0.000000000000000000e+00
2.811679124832153320e+00,1.567823141813278198e-01,1.243855990469455719e-02,0.000000000000000000e+00,0.000000000000000000e+00
3.408394813537597656e+00,2.309353798627853394e-01,1.099041104316711426e-02,0.000000000000000000e+00,0.000000000000000000e+00
2.927000522613525391e+00,1.783219724893569946e-01,1.143781002610921860e-02,0.000000000000000000e+00,0.000000000000000000e+00
2.944458007812500000e+00,1.869115829467773438e-01,1.075342297554016113e-02,0.000000000000000000e+00,0.000000000000000000e+00
2.300955772399902344e+00,1.233092620968818665e-01,1.067863218486309052e-02,0.000000000000000000e+00,0.000000000000000000e+00
2.628326177597045898e+00,1.435823291540145874e-01,1.192502863705158234e-02,0.000000000000000000e+00,0.000000000000000000e+00
3.307143211364746094e+00,2.247183173894882202e-01,1.059960015118122101e-02,0.000000000000000000e+00,0.000000000000000000e+00
3.061706542968750000e+00,1.936822980642318726e-01,1.124883443117141724e-02,0.000000000000000000e+00,0.000000000000000000e+00
3.133892536163330078e+00,1.875084042549133301e-01,1.258808374404907227e-02,0.000000000000000000e+00,0.000000000000000000e+00
3.075096130371093750e+00,1.704327464103698730e-01,1.370768807828426361e-02,0.000000000000000000e+00,0.000000000000000000e+00
2.801941633224487305e+00,1.448445767164230347e-01,1.353495847433805466e-02,0.000000000000000000e+00,0.000000000000000000e+00
2.820786952972412109e+00,1.275137811899185181e-01,1.545649114996194839e-02,0.000000000000000000e+00,0.000000000000000000e+00
2.684211730957031250e+00,1.334437429904937744e-01,1.349774468690156937e-02,0.000000000000000000e+00,0.000000000000000000e+00
2.307249546051025391e+00,1.099498942494392395e-01,1.207750383764505386e-02,0.000000000000000000e+00,0.000000000000000000e+00
2.691652774810791016e+00,1.561355590820312500e-01,1.130297314375638962e-02,0.000000000000000000e+00,0.000000000000000000e+00
2.574805498123168945e+00,1.507190167903900146e-01,1.067615300416946411e-02,0.000000000000000000e+00,0.000000000000000000e+00
3.235814094543457031e+00,2.230666875839233398e-01,1.005147304385900497e-02,0.000000000000000000e+00,0.000000000000000000e+00
2.572661161422729492e+00,1.411813348531723022e-01,1.160847768187522888e-02,0.000000000000000000e+00,0.000000000000000000e+00
2.804622650146484375e+00,1.676463633775711060e-01,1.128159184008836746e-02,0.000000000000000000e+00,0.000000000000000000e+00
2.721658945083618164e+00,1.647752076387405396e-01,1.073906943202018738e-02,0.000000000000000000e+00,0.000000000000000000e+00
3.231641769409179688e+00,1.961671113967895508e-01,1.269970554858446121e-02,0.000000000000000000e+00,0.000000000000000000e+00
2.575266838073730469e+00,1.308575123548507690e-01,1.266691833734512329e-02,0.000000000000000000e+00,0.000000000000000000e+00
2.819123744964599609e+00,1.557188928127288818e-01,1.261934917420148849e-02,0.000000000000000000e+00,0.000000000000000000e+00
2.886860370635986328e+00,1.623525023460388184e-01,1.263335254043340683e-02,0.000000000000000000e+00,0.000000000000000000e+00
2.601089477539062500e+00,1.468798816204071045e-01,1.132290530949831009e-02,0.000000000000000000e+00,0.000000000000000000e+00
2.123095989227294922e+00,8.710920810699462891e-02,1.252004038542509079e-02,0.000000000000000000e+00,0.000000000000000000e+00
2.035911321640014648e+00,9.643388539552688599e-02,1.071572583168745041e-02,0.000000000000000000e+00,0.000000000000000000e+00
3.935687065124511719e+00,2.990604937076568604e-01,9.450823068618774414e-03,0.000000000000000000e+00,0.000000000000000000e+00
3.492597818374633789e+00,2.366756498813629150e-01,1.125841401517391205e-02,0.000000000000000000e+00,0.000000000000000000e+00
2.714031934738159180e+00,1.726814806461334229e-01,9.872172027826309204e-03,0.000000000000000000e+00,0.000000000000000000e+00
2.765787363052368164e+00,1.717988401651382446e-01,1.047798991203308105e-02,0.000000000000000000e+00,0.000000000000000000e+00
2.364487171173095703e+00,1.313920915126800537e-01,1.050566323101520538e-02,0.000000000000000000e+00,0.000000000000000000e+00
2.516978502273559570e+00,1.165227741003036499e-01,1.351750735193490982e-02,0.000000000000000000e+00,0.000000000000000000e+00
2.836999654769897461e+00,1.611709445714950562e-01,1.225290168076753616e-02,0.000000000000000000e+00,0.000000000000000000e+00
2.729155540466308594e+00,1.336828321218490601e-01,1.392327062785625458e-02,0.000000000000000000e+00,0.000000000000000000e+00
2.848681449890136719e+00,1.610327661037445068e-01,1.238353829830884933e-02,0.000000000000000000e+00,0.000000000000000000e+00
2.440486907958984375e+00,1.468679755926132202e-01,9.718071669340133667e-03,0.000000000000000000e+00,0.000000000000000000e+00
2.448334217071533203e+00,1.540531963109970093e-01,9.078023023903369904e-03,0.000000000000000000e+00,0.000000000000000000e+00
3.810261249542236328e+00,2.966490983963012695e-01,8.437703363597393036e-03,0.000000000000000000e+00,0.000000000000000000e+00
3.481079578399658203e+00,2.649908065795898438e-01,8.311715908348560333e-03,0.000000000000000000e+00,0.000000000000000000e+00
3.917855501174926758e+00,2.991901040077209473e-01,9.259546175599098206e-03,0.000000000000000000e+00,0.000000000000000000e+00
2.743883371353149414e+00,1.595330685377120972e-01,1.148552633821964264e-02,0.000000000000000000e+00,0.000000000000000000e+00
2.415846824645996094e+00,1.102539747953414917e-01,1.313306950032711029e-02,0.000000000000000000e+00,0.000000000000000000e+00
2.683988094329833984e+00,1.248040199279785156e-01,1.435947883874177933e-02,0.000000000000000000e+00,0.000000000000000000e+00
2.811887741088867188e+00,1.424078941345214844e-01,1.387808844447135925e-02,0.000000000000000000e+00,0.000000000000000000e+00
2.957040309906005859e+00,1.503673344850540161e-01,1.453366875648498535e-02,0.000000000000000000e+00,0.000000000000000000e+00
2.635464668273925781e+00,1.359608769416809082e-01,1.275855954736471176e-02,0.000000000000000000e+00,0.000000000000000000e+00
2.314425468444824219e+00,1.100411191582679749e-01,1.214014366269111633e-02,0.000000000000000000e+00,0.000000000000000000e+00
2.954148292541503906e+00,1.880964189767837524e-01,1.073183957487344742e-02,0.000000000000000000e+00,0.000000000000000000e+00
2.201247215270996094e+00,1.232982724905014038e-01,9.682646021246910095e-03,0.000000000000000000e+00,0.000000000000000000e+00
2.509999513626098633e+00,1.528975814580917358e-01,9.810236282646656036e-03,0.000000000000000000e+00,0.000000000000000000e+00
2.413859367370605469e+00,1.539207696914672852e-01,8.746515959501266479e-03,0.000000000000000000e+00,0.000000000000000000e+00
3.044908046722412109e+00,2.161398082971572876e-01,8.835099637508392334e-03,0.000000000000000000e+00,0.000000000000000000e+00
2.927122354507446289e+00,1.965305507183074951e-01,9.618168696761131287e-03,0.000000000000000000e+00,0.000000000000000000e+00
2.283086776733398438e+00,1.224035471677780151e-01,1.059051416814327240e-02,0.000000000000000000e+00,0.000000000000000000e+00
2.661755561828613281e+00,1.631176620721817017e-01,1.030579023063182831e-02,0.000000000000000000e+00,0.000000000000000000e+00
2.679254531860351562e+00,1.494581997394561768e-01,1.184672676026821136e-02,0.000000000000000000e+00,0.000000000000000000e+00
2.406823873519897461e+00,1.130832135677337646e-01,1.275991648435592651e-02,0.000000000000000000e+00,0.000000000000000000e+00
2.393994331359863281e+00,1.107760220766067505e-01,1.286234147846698761e-02,0.000000000000000000e+00,0.000000000000000000e+00
3.322966814041137695e+00,2.129884809255599976e-01,1.193082053214311600e-02,0.000000000000000000e+00,0.000000000000000000e+00
2.206709384918212891e+00,1.085966303944587708e-01,1.120743155479431152e-02,0.000000000000000000e+00,0.000000000000000000e+00
2.354397773742675781e+00,1.388009488582611084e-01,9.663883596658706665e-03,0.000000000000000000e+00,0.000000000000000000e+00
2.260457992553710938e+00,1.366688758134841919e-01,8.937692269682884216e-03,0.000000000000000000e+00,0.000000000000000000e+00
3.341877222061157227e+00,2.508812546730041504e-01,8.330647833645343781e-03,0.000000000000000000e+00,0.000000000000000000e+00
1.979845285415649414e+00,1.149434298276901245e-01,8.304109796881675720e-03,0.000000000000000000e+00,0.000000000000000000e+00
2.157470226287841797e+00,1.339569389820098877e-01,8.179008960723876953e-03,0.000000000000000000e+00,0.000000000000000000e+00
2.195820808410644531e+00,1.383512318134307861e-01,8.123086765408515930e-03,0.000000000000000000e+00,0.000000000000000000e+00
2.379404067993164062e+00,1.650961786508560181e-01,7.284424267709255219e-03,0.000000000000000000e+00,0.000000000000000000e+00
1.936663627624511719e+00,1.179620549082756042e-01,7.570432033389806747e-03,0.000000000000000000e+00,0.000000000000000000e+00
3.132964134216308594e+00,2.451834231615066528e-01,6.811300292611122131e-03,0.000000000000000000e+00,0.000000000000000000e+00
2.191905498504638672e+00,1.278103590011596680e-01,9.138017892837524414e-03,0.000000000000000000e+00,0.000000000000000000e+00
2.941165924072265625e+00,2.065126895904541016e-01,8.760390803217887878e-03,0.000000000000000000e+00,0.000000000000000000e+00
2.768062591552734375e+00,1.604901999235153198e-01,1.163160614669322968e-02,0.000000000000000000e+00,0.000000000000000000e+00
2.412035942077636719e+00,1.191286668181419373e-01,1.220749318599700928e-02,0.000000000000000000e+00,0.000000000000000000e+00
2.261580467224121094e+00,9.436869621276855469e-02,1.317893620580434799e-02,0.000000000000000000e+00,0.000000000000000000e+00
3.086046457290649414e+00,1.829722821712493896e-01,1.256323605775833130e-02,0.000000000000000000e+00,0.000000000000000000e+00
2.210121870040893555e+00,9.613992273807525635e-02,1.248722709715366364e-02,0.000000000000000000e+00,0.000000000000000000e+00
2.648801326751708984e+00,1.467302739620208740e-01,1.181498356163501740e-02,0.000000000000000000e+00,0.000000000000000000e+00
2.342749118804931641e+00,1.245500072836875916e-01,1.097249146550893784e-02,0.000000000000000000e+00,0.000000000000000000e+00
2.729254245758056641e+00,1.555959880352020264e-01,1.173294335603713989e-02,0.000000000000000000e+00,0.000000000000000000e+00
3.119940280914306641e+00,2.024750411510467529e-01,1.095189712941646576e-02,0.000000000000000000e+00,0.000000000000000000e+00
2.472035884857177734e+00,1.196370497345924377e-01,1.275665499269962311e-02,0.000000000000000000e+00,0.000000000000000000e+00
2.129822492599487305e+00,9.910165518522262573e-02,1.138805877417325974e-02,0.000000000000000000e+00,0.000000000000000000e+00
2.230250358581542969e+00,1.180676370859146118e-01,1.049573905766010284e-02,0.000000000000000000e+00,0.000000000000000000e+00
2.169450283050537109e+00,1.224462091922760010e-01,9.449881501495838165e-03,0.000000000000000000e+00,0.000000000000000000e+00
2.426634788513183594e+00,1.456239223480224609e-01,9.703956544399261475e-03,0.000000000000000000e+00,0.000000000000000000e+00
1.629526138305664062e+00,8.748672902584075928e-02,7.546587381511926651e-03,0.000000000000000000e+00,0.000000000000000000e+00
2.233074665069580078e+00,1.402159929275512695e-01,8.309148252010345459e-03,0.000000000000000000e+00,0.000000000000000000e+00
1.917933583259582520e+00,1.070214509963989258e-01,8.477190509438514709e-03,0.000000000000000000e+00,0.000000000000000000e+00
2.468274116516113281e+00,1.608154177665710449e-01,8.601198904216289520e-03,0.000000000000000000e+00,0.000000000000000000e+00
2.497868061065673828e+00,1.454818695783615112e-01,1.043049246072769165e-02,0.000000000000000000e+00,0.000000000000000000e+00
2.183159112930297852e+00,1.151605546474456787e-01,1.031553559005260468e-02,0.000000000000000000e+00,0.000000000000000000e+00
2.297106981277465820e+00,1.206497251987457275e-01,1.090609841048717499e-02,0.000000000000000000e+00,0.000000000000000000e+00
2.305263042449951172e+00,1.047564595937728882e-01,1.257698424160480499e-02,0.000000000000000000e+00,0.000000000000000000e+00
2.906603813171386719e+00,1.734787076711654663e-01,1.171816699206829071e-02,0.000000000000000000e+00,0.000000000000000000e+00
2.420673847198486328e+00,1.323423385620117188e-01,1.097250357270240784e-02,0.000000000000000000e+00,0.000000000000000000e+00
1.869416356086730957e+00,8.271850645542144775e-02,1.042231358587741852e-02,0.000000000000000000e+00,0.000000000000000000e+00
1.972543835639953613e+00,9.695142507553100586e-02,1.003029569983482361e-02,0.000000000000000000e+00,0.000000000000000000e+00
1.987288236618041992e+00,1.183658912777900696e-01,8.036293089389801025e-03,0.000000000000000000e+00,0.000000000000000000e+00
1.990090250968933105e+00,1.203182786703109741e-01,7.869074121117591858e-03,0.000000000000000000e+00,0.000000000000000000e+00
1.927508115768432617e+00,1.210064738988876343e-01,7.174433209002017975e-03,0.000000000000000000e+00,0.000000000000000000e+00
2.384858131408691406e+00,1.683002263307571411e-01,7.018558681011199951e-03,0.000000000000000000e+00,0.000000000000000000e+00
1.928821682929992676e+00,1.176270097494125366e-01,7.525515276938676834e-03,0.000000000000000000e+00,0.000000000000000000e+00
1.786365509033203125e+00,1.025168448686599731e-01,7.611971348524093628e-03,0.000000000000000000e+00,0.000000000000000000e+00
2.363779544830322266e+00,1.662614196538925171e-01,7.011653855443000793e-03,0.000000000000000000e+00,0.000000000000000000e+00
1.877878189086914062e+00,1.143130511045455933e-01,7.347476202994585037e-03,0.000000000000000000e+00,0.000000000000000000e+00
1.682668685913085938e+00,9.205987304449081421e-02,7.620699238032102585e-03,0.000000000000000000e+00,0.000000000000000000e+00
3.234137058258056641e+00,2.551067471504211426e-01,6.830696947872638702e-03,0.000000000000000000e+00,0.000000000000000000e+00
2.140922069549560547e+00,1.345530599355697632e-01,7.953913882374763489e-03,0.000000000000000000e+00,0.000000000000000000e+00
1.925929069519042969e+00,1.075879856944084167e-01,8.500493131577968597e-03,0.000000000000000000e+00,0.000000000000000000e+00
1.642791628837585449e+00,8.608263731002807617e-02,7.819652557373046875e-03,0.000000000000000000e+00,0.000000000000000000e+00
2.344542980194091797e+00,1.702431738376617432e-01,6.421111524105072021e-03,0.000000000000000000e+00,0.000000000000000000e+00
1.892511844635009766e+00,1.177563220262527466e-01,7.149486802518367767e-03,0.000000000000000000e+00,0.000000000000000000e+00
2.036885499954223633e+00,1.230655461549758911e-01,8.062301203608512878e-03,0.000000000000000000e+00,0.000000000000000000e+00
1.775334239006042480e+00,1.041373983025550842e-01,7.339602801948785782e-03,0.000000000000000000e+00,0.000000000000000000e+00
1.995660781860351562e+00,1.180099397897720337e-01,8.155614137649536133e-03,0.000000000000000000e+00,0.000000000000000000e+00
2.146468639373779297e+00,1.387940943241119385e-01,7.585277315229177475e-03,0.000000000000000000e+00,0.000000000000000000e+00
1.842193603515625000e+00,1.016547828912734985e-01,8.256457746028900146e-03,0.000000000000000000e+00,0.000000000000000000e+00
1.905804634094238281e+00,1.090174764394760132e-01,8.156297728419303894e-03,0.000000000000000000e+00,0.000000000000000000e+00
1.899754762649536133e+00,1.048770099878311157e-01,8.509846404194831848e-03,0.000000000000000000e+00,0.000000000000000000e+00
1.859349250793457031e+00,1.116307154297828674e-01,7.430420722812414169e-03,0.000000000000000000e+00,0.000000000000000000e+00
2.220810651779174805e+00,1.522717028856277466e-01,6.980936042964458466e-03,0.000000000000000000e+00,0.000000000000000000e+00
1.663421630859375000e+00,9.419597685337066650e-02,7.214618846774101257e-03,0.000000000000000000e+00,0.000000000000000000e+00
1.755544900894165039e+00,1.018568649888038635e-01,7.369763217866420746e-03,0.000000000000000000e+00,0.000000000000000000e+00
2.193313121795654297e+00,1.476576030254364014e-01,7.167370989918708801e-03,0.000000000000000000e+00,0.000000000000000000e+00
1.405514001846313477e+00,7.159246504306793213e-02,6.895893253386020660e-03,0.000000000000000000e+00,0.000000000000000000e+00
1.984005928039550781e+00,1.278841942548751831e-01,7.051638793200254440e-03,0.000000000000000000e+00,0.000000000000000000e+00
1.721786499023437500e+00,1.024191826581954956e-01,6.975946947932243347e-03,0.000000000000000000e+00,0.000000000000000000e+00
1.389255642890930176e+00,7.995951175689697266e-02,5.896605551242828369e-03,0.000000000000000000e+00,0.000000000000000000e+00
1.514163494110107422e+00,8.184407651424407959e-02,6.957226432859897614e-03,0.000000000000000000e+00,0.000000000000000000e+00
2.075399398803710938e+00,1.418504267930984497e-01,6.568951532244682312e-03,0.000000000000000000e+00,0.000000000000000000e+00
2.031002521514892578e+00,1.385912299156188965e-01,6.450902204960584641e-03,0.000000000000000000e+00,0.000000000000000000e+00
1.778182625770568848e+00,1.056221202015876770e-01,7.219613995403051376e-03,0.000000000000000000e+00,0.000000000000000000e+00
1.788355350494384766e+00,1.014700233936309814e-01,7.736552506685256958e-03,0.000000000000000000e+00,0.000000000000000000e+00
1.407528758049011230e+00,7.086472213268280029e-02,6.988815031945705414e-03,0.000000000000000000e+00,0.000000000000000000e+00
1.523816704750061035e+00,9.209029376506805420e-02,6.029137410223484039e-03,0.000000000000000000e+00,0.000000000000000000e+00
2.252846479415893555e+00,1.660960316658020020e-01,5.918862298130989075e-03,0.000000000000000000e+00,0.000000000000000000e+00
1.233953475952148438e+00,6.679219007492065430e-02,5.660315509885549545e-03,0.000000000000000000e+00,0.000000000000000000e+00
2.174502134323120117e+00,1.601884514093399048e-01,5.726176314055919647e-03,0.000000000000000000e+00,0.000000000000000000e+00
1.770168900489807129e+00,1.188842505216598511e-01,5.813263356685638428e-03,0.000000000000000000e+00,0.000000000000000000e+00
2.234559059143066406e+00,1.562466323375701904e-01,6.720927543938159943e-03,0.000000000000000000e+00,0.000000000000000000e+00
1.572741508483886719e+00,7.877782732248306274e-02,7.849632762372493744e-03,0.000000000000000000e+00,0.000000000000000000e+00
2.952367067337036133e+00,2.153313159942626953e-01,7.990539073944091797e-03,0.000000000000000000e+00,0.000000000000000000e+00
1.933153390884399414e+00,1.002182513475418091e-01,9.309709072113037109e-03,0.000000000000000000e+00,0.000000000000000000e+00
1.610713958740234375e+00,7.531590759754180908e-02,8.575549349188804626e-03,0.000000000000000000e+00,0.000000000000000000e+00
1.882156491279602051e+00,9.438873827457427979e-02,9.382691234350204468e-03,0.000000000000000000e+00,0.000000000000000000e+00
1.597883939743041992e+00,7.316623628139495850e-02,8.662215434014797211e-03,0.000000000000000000e+00,0.000000000000000000e+00
2.151767492294311523e+00,1.431552022695541382e-01,7.202154025435447693e-03,0.000000000000000000e+00,0.000000000000000000e+00
1.852566480636596680e+00,1.211220622062683105e-01,6.413457915186882019e-03,0.000000000000000000e+00,0.000000000000000000e+00
1.577310323715209961e+00,8.710306882858276367e-02,7.062796503305435181e-03,0.000000000000000000e+00,0.000000000000000000e+00
1.578144907951354980e+00,1.013924479484558105e-01,5.642204079777002335e-03,0.000000000000000000e+00,0.000000000000000000e+00
1.943654537200927734e+00,1.367494165897369385e-01,5.761604756116867065e-03,0.000000000000000000e+00,0.000000000000000000e+00
1.341706991195678711e+00,7.001046091318130493e-02,6.416023708879947662e-03,0.000000000000000000e+00,0.000000000000000000e+00
1.672314405441284180e+00,1.015762239694595337e-01,6.565522402524948120e-03,0.000000000000000000e+00,0.000000000000000000e+00
1.370804429054260254e+00,6.969855725765228271e-02,6.738188210874795914e-03,0.000000000000000000e+00,0.000000000000000000e+00
1.397060155868530273e+00,7.433418929576873779e-02,6.537183187901973724e-03,0.000000000000000000e+00,0.000000000000000000e+00
1.660137653350830078e+00,1.106046140193939209e-01,5.540913902223110199e-03,0.000000000000000000e+00,0.000000000000000000e+00
1.258497953414916992e+00,7.371087372303009033e-02,5.213891621679067612e-03,0.000000000000000000e+00,0.000000000000000000e+00
1.529692888259887695e+00,9.927642345428466797e-02,5.369286984205245972e-03,0.000000000000000000e+00,0.000000000000000000e+00
1.202293157577514648e+00,6.856334954500198364e-02,5.166596267372369766e-03,0.000000000000000000e+00,0.000000000000000000e+00
1.750969886779785156e+00,1.259337961673736572e-01,4.916319623589515686e-03,0.000000000000000000e+00,0.000000000000000000e+00
2.102293968200683594e+00,1.593333035707473755e-01,5.089608486741781235e-03,0.000000000000000000e+00,0.000000000000000000e+00
1.318961262702941895e+00,7.510159164667129517e-02,5.679453723132610321e-03,0.000000000000000000e+00,0.000000000000000000e+00
1.344916701316833496e+00,7.601431757211685181e-02,5.847735330462455750e-03,0.000000000000000000e+00,0.000000000000000000e+00
1.250422477722167969e+00,7.020565122365951538e-02,5.483658984303474426e-03,0.000000000000000000e+00,0.000000000000000000e+00
1.935907125473022461e+00,1.489512920379638672e-01,4.463942721486091614e-03,0.000000000000000000e+00,0.000000000000000000e+00
1.518666028976440430e+00,1.051996946334838867e-01,4.666690248996019363e-03,0.000000000000000000e+00,0.000000000000000000e+00
1.292240738868713379e+00,7.488265633583068848e-02,5.434141494333744049e-03,0.000000000000000000e+00,0.000000000000000000e+00
1.051936030387878418e+00,5.616383627057075500e-02,4.902977030724287033e-03,0.000000000000000000e+00,0.000000000000000000e+00
1.419902563095092773e+00,9.560395777225494385e-02,4.638630896806716919e-03,0.000000000000000000e+00,0.000000000000000000e+00
1.888826012611389160e+00,1.444723904132843018e-01,4.441021941602230072e-03,0.000000000000000000e+00,0.000000000000000000e+00
1.600549221038818359e+00,1.111332923173904419e-01,4.892163444310426712e-03,0.000000000000000000e+00,0.000000000000000000e+00
1.416849017143249512e+00,9.539194405078887939e-02,4.629296250641345978e-03,0.000000000000000000e+00,0.000000000000000000e+00
1.447517395019531250e+00,9.102217108011245728e-02,5.372956395149230957e-03,0.000000000000000000e+00,0.000000000000000000e+00
1.434721231460571289e+00,8.530651032924652100e-02,5.816561169922351837e-03,0.000000000000000000e+00,0.000000000000000000e+00
1.546886444091796875e+00,8.909832686185836792e-02,6.559032015502452850e-03,0.000000000000000000e+00,0.000000000000000000e+00
1.346487879753112793e+00,8.064520359039306641e-02,5.400358699262142181e-03,0.000000000000000000e+00,0.000000000000000000e+00
1.249808430671691895e+00,7.546374946832656860e-02,4.951709415763616562e-03,0.000000000000000000e+00,0.000000000000000000e+00
1.204301834106445312e+00,7.583771646022796631e-02,4.459246061742305756e-03,0.000000000000000000e+00,0.000000000000000000e+00
1.361770033836364746e+00,9.056316316127777100e-02,4.561383742839097977e-03,0.000000000000000000e+00,0.000000000000000000e+00
2.263041257858276367e+00,1.805776357650756836e-01,4.572648555040359497e-03,0.000000000000000000e+00,0.000000000000000000e+00
1.527025938034057617e+00,1.018379554152488708e-01,5.086463410407304764e-03,0.000000000000000000e+00,0.000000000000000000e+00
1.266563057899475098e+00,6.717015057802200317e-02,5.948615726083517075e-03,0.000000000000000000e+00,0.000000000000000000e+00
1.183807849884033203e+00,6.377334147691726685e-02,5.460744723677635193e-03,0.000000000000000000e+00,0.000000000000000000e+00
1.289211034774780273e+00,7.649107277393341064e-02,5.243003368377685547e-03,0.000000000000000000e+00,0.000000000000000000e+00
1.223508715629577637e+00,7.162173092365264893e-02,5.072914063930511475e-03,0.000000000000000000e+00,0.000000000000000000e+00
1.292010784149169922e+00,8.240708708763122559e-02,4.679398611187934875e-03,0.000000000000000000e+00,0.000000000000000000e+00
1.264180660247802734e+00,7.627527415752410889e-02,5.014278925955295563e-03,0.000000000000000000e+00,0.000000000000000000e+00
1.174085855484008789e+00,7.004807889461517334e-02,4.736050963401794434e-03,0.000000000000000000e+00,0.000000000000000000e+00
1.951294779777526855e+00,1.501386761665344238e-01,4.499080590903759003e-03,0.000000000000000000e+00,0.000000000000000000e+00
1.365818977355957031e+00,9.186222404241561890e-02,4.471967928111553192e-03,0.000000000000000000e+00,0.000000000000000000e+00
1.668373465538024902e+00,1.187782883644104004e-01,4.805905744433403015e-03,0.000000000000000000e+00,0.000000000000000000e+00
1.398440599441528320e+00,8.265805244445800781e-02,5.718600936233997345e-03,0.000000000000000000e+00,0.000000000000000000e+00
1.645687103271484375e+00,1.032456979155540466e-01,6.132301874458789825e-03,0.000000000000000000e+00,0.000000000000000000e+00
1.676530122756958008e+00,1.041029319167137146e-01,6.355007179081439972e-03,0.000000000000000000e+00,0.000000000000000000e+00
1.473657131195068359e+00,7.851712405681610107e-02,6.884858943521976471e-03,0.000000000000000000e+00,0.000000000000000000e+00
1.278809309005737305e+00,7.045750319957733154e-02,5.742342211306095123e-03,0.000000000000000000e+00,0.000000000000000000e+00
1.615868449211120605e+00,9.679411351680755615e-02,6.479272618889808655e-03,0.000000000000000000e+00,0.000000000000000000e+00
1.551435947418212891e+00,1.032318770885467529e-01,5.191171076148748398e-03,0.000000000000000000e+00,0.000000000000000000e+00
1.085509896278381348e+00,6.112252920866012573e-02,4.742845892906188965e-03,0.000000000000000000e+00,0.000000000000000000e+00
1.627420425415039062e+00,1.209689378738403320e-01,4.177310504019260406e-03,0.000000000000000000e+00,0.000000000000000000e+00
1.289074182510375977e+00,8.411619067192077637e-02,4.479122813791036606e-03,0.000000000000000000e+00,0.000000000000000000e+00
1.510163545608520508e+00,1.067070662975311279e-01,4.430928267538547516e-03,0.000000000000000000e+00,0.000000000000000000e+00
1.803953886032104492e+00,1.255057603120803833e-01,5.488962400704622269e-03,0.000000000000000000e+00,0.000000000000000000e+00
2.001840591430664062e+00,1.342115402221679688e-01,6.597252562642097473e-03,0.000000000000000000e+00,0.000000000000000000e+00
1.360386848449707031e+00,7.006074488162994385e-02,6.597794592380523682e-03,0.000000000000000000e+00,0.000000000000000000e+00
1.583359479904174805e+00,7.742498070001602173e-02,8.091097697615623474e-03,0.000000000000000000e+00,0.000000000000000000e+00
1.298127174377441406e+00,5.568086728453636169e-02,7.413184735924005508e-03,0.000000000000000000e+00,0.000000000000000000e+00
1.843959808349609375e+00,1.113513708114624023e-01,7.304460741579532623e-03,0.000000000000000000e+00,0.000000000000000000e+00
1.310085773468017578e+00,7.542820274829864502e-02,5.558037199079990387e-03,0.000000000000000000e+00,0.000000000000000000e+00
1.489599227905273438e+00,9.479019045829772949e-02,5.416972562670707703e-03,0.000000000000000000e+00,0.000000000000000000e+00
1.192421436309814453e+00,6.702826917171478271e-02,5.221386905759572983e-03,0.000000000000000000e+00,0.000000000000000000e+00
1.316632747650146484e+00,8.678360283374786377e-02,4.487968049943447113e-03,0.000000000000000000e+00,0.000000000000000000e+00
1.099695801734924316e+00,6.493160128593444824e-02,4.503797739744186401e-03,0.000000000000000000e+00,0.000000000000000000e+00
1.137913703918457031e+00,7.353670895099639893e-02,4.025465808808803558e-03,0.000000000000000000e+00,0.000000000000000000e+00
1.436429023742675781e+00,1.051338687539100647e-01,3.850903594866394997e-03,0.000000000000000000e+00,0.000000000000000000e+00
1.230585098266601562e+00,9.216225147247314453e-02,3.089625388383865356e-03,0.000000000000000000e+00,0.000000000000000000e+00
1.533037066459655762e+00,1.174514591693878174e-01,3.585224971175193787e-03,0.000000000000000000e+00,0.000000000000000000e+00
1.250931024551391602e+00,8.370532095432281494e-02,4.138777963817119598e-03,0.000000000000000000e+00,0.000000000000000000e+00
1.458647370338439941e+00,9.459941089153289795e-02,5.126532167196273804e-03,0.000000000000000000e+00,0.000000000000000000e+00
1.076392650604248047e+00,5.402330681681632996e-02,5.361596122384071350e-03,0.000000000000000000e+00,0.000000000000000000e+00
1.305463671684265137e+00,7.639144361019134521e-02,5.415491759777069092e-03,0.000000000000000000e+00,0.000000000000000000e+00
1.590071678161621094e+00,1.104371324181556702e-01,4.857003223150968552e-03,0.000000000000000000e+00,0.000000000000000000e+00
1.488066077232360840e+00,8.850550651550292969e-02,6.030110176652669907e-03,0.000000000000000000e+00,0.000000000000000000e+00
1.118825793266296387e+00,6.159582361578941345e-02,5.028675775974988937e-03,0.000000000000000000e+00,0.000000000000000000e+00
9.988200664520263672e-01,5.006730556488037109e-02,4.981470294296741486e-03,0.000000000000000000e+00,0.000000000000000000e+00
1.427083492279052734e+00,9.634345024824142456e-02,4.636489786207675934e-03,0.000000000000000000e+00,0.000000000000000000e+00
1.225428342819213867e+00,8.410334587097167969e-02,3.843948943540453911e-03,0.000000000000000000e+00,0.000000000000000000e+00
8.996261358261108398e-01,5.630765482783317566e-02,3.365495707839727402e-03,0.000000000000000000e+00,0.000000000000000000e+00
2.356825828552246094e+00,2.011009454727172852e-01,3.458164166659116745e-03,0.000000000000000000e+00,0.000000000000000000e+00
1.778240799903869629e+00,1.454558670520782471e-01,3.236821852624416351e-03,0.000000000000000000e+00,0.000000000000000000e+00
1.511294245719909668e+00,1.167234182357788086e-01,3.440600819885730743e-03,0.000000000000000000e+00,0.000000000000000000e+00
1.339249849319458008e+00,9.492151439189910889e-02,3.900347277522087097e-03,0.000000000000000000e+00,0.000000000000000000e+00
1.011470317840576172e+00,6.012323126196861267e-02,4.102380014955997467e-03,0.000000000000000000e+00,0.000000000000000000e+00
1.215590476989746094e+00,6.864151358604431152e-02,5.291752982884645462e-03,0.000000000000000000e+00,0.000000000000000000e+00
1.060449838638305664e+00,5.522677674889564514e-02,5.081821233034133911e-03,0.000000000000000000e+00,0.000000000000000000e+00
1.503290891647338867e+00,1.001401245594024658e-01,5.018897354602813721e-03,0.000000000000000000e+00,0.000000000000000000e+00
1.009378075599670410e+00,5.749035254120826721e-02,4.344745539128780365e-03,0.000000000000000000e+00,0.000000000000000000e+00
1.439829349517822266e+00,1.011309176683425903e-01,4.285202361643314362e-03,0.000000000000000000e+00,0.000000000000000000e+00
9.362713098526000977e-01,5.044723302125930786e-02,4.317989572882652283e-03,0.000000000000000000e+00,0.000000000000000000e+00
1.112952709197998047e+00,7.139215618371963501e-02,3.990311175584793091e-03,0.000000000000000000e+00,0.000000000000000000e+00
1.371536016464233398e+00,1.021174937486648560e-01,3.503610845655202866e-03,0.000000000000000000e+00,0.000000000000000000e+00
1.216534495353698730e+00,8.833564817905426025e-02,3.331780433654785156e-03,0.000000000000000000e+00,0.000000000000000000e+00
1.069832324981689453e+00,7.137720286846160889e-02,3.560603130608797073e-03,0.000000000000000000e+00,0.000000000000000000e+00
1.504934549331665039e+00,1.132761985063552856e-01,3.721725894138216972e-03,0.000000000000000000e+00,0.000000000000000000e+00
1.132796764373779297e+00,7.194294035434722900e-02,4.133674316108226776e-03,0.000000000000000000e+00,0.000000000000000000e+00
9.738556146621704102e-01,6.038016453385353088e-02,3.700539469718933105e-03,0.000000000000000000e+00,0.000000000000000000e+00
1.149907588958740234e+00,7.251116633415222168e-02,4.247958771884441376e-03,0.000000000000000000e+00,0.000000000000000000e+00
1.156057953834533691e+00,6.954538822174072266e-02,4.606040660291910172e-03,0.000000000000000000e+00,0.000000000000000000e+00
1.035516619682312012e+00,6.564112007617950439e-02,3.791054710745811462e-03,0.000000000000000000e+00,0.000000000000000000e+00
9.804317355155944824e-01,5.704573914408683777e-02,4.099743440747261047e-03,0.000000000000000000e+00,0.000000000000000000e+00
1.228879570960998535e+00,9.131685644388198853e-02,3.157110651955008507e-03,0.000000000000000000e+00,0.000000000000000000e+00
7.738448381423950195e-01,4.830821603536605835e-02,2.907626330852508545e-03,0.000000000000000000e+00,0.000000000000000000e+00
1.809022665023803711e+00,1.484833061695098877e-01,3.241896396502852440e-03,0.000000000000000000e+00,0.000000000000000000e+00
1.459318757057189941e+00,1.176679283380508423e-01,2.826395444571971893e-03,0.000000000000000000e+00,0.000000000000000000e+00
1.325166821479797363e+00,9.454636275768280029e-02,3.797031939029693604e-03,0.000000000000000000e+00,0.000000000000000000e+00
1.096318721771240234e+00,6.441260874271392822e-02,4.521926864981651306e-03,0.000000000000000000e+00,0.000000000000000000e+00
1.014008522033691406e+00,5.356962233781814575e-02,4.783122800290584564e-03,0.000000000000000000e+00,0.000000000000000000e+00
1.289908885955810547e+00,7.823556661605834961e-02,5.075532011687755585e-03,0.000000000000000000e+00,0.000000000000000000e+00
1.117317438125610352e+00,6.283141672611236572e-02,4.890033043920993805e-03,0.000000000000000000e+00,0.000000000000000000e+00
1.036753535270690918e+00,6.097735837101936340e-02,4.269799217581748962e-03,0.000000000000000000e+00,0.000000000000000000e+00
9.422985315322875977e-01,5.682934448122978210e-02,3.740050597116351128e-03,0.000000000000000000e+00,0.000000000000000000e+00
9.686455726623535156e-01,6.137930601835250854e-02,3.548524808138608932e-03,0.000000000000000000e+00,0.000000000000000000e+00
8.811701536178588867e-01,5.288309603929519653e-02,3.523391904309391975e-03,0.000000000000000000e+00,0.000000000000000000e+00
9.301155209541320801e-01,6.060858070850372314e-02,3.240297315642237663e-03,0.000000000000000000e+00,0.000000000000000000e+00
8.773316740989685059e-01,6.081736832857131958e-02,2.691579982638359070e-03,0.000000000000000000e+00,0.000000000000000000e+00
9.226844310760498047e-01,6.386237591505050659e-02,2.840606495738029480e-03,0.000000000000000000e+00,0.000000000000000000e+00
7.499866485595703125e-01,4.619079828262329102e-02,2.880786545574665070e-03,0.000000000000000000e+00,0.000000000000000000e+00
8.526532649993896484e-01,5.699202418327331543e-02,2.827330026775598526e-03,0.000000000000000000e+00,0.000000000000000000e+00
1.004109263420104980e+00,7.074220478534698486e-02,2.966872882097959518e-03,0.000000000000000000e+00,0.000000000000000000e+00
1.516864895820617676e+00,1.196960955858230591e-01,3.199039958417415619e-03,0.000000000000000000e+00,0.000000000000000000e+00
9.446941614151000977e-01,5.563687533140182495e-02,3.883253782987594604e-03,0.000000000000000000e+00,0.000000000000000000e+00
1.188563227653503418e+00,7.404441386461257935e-02,4.481190815567970276e-03,0.000000000000000000e+00,0.000000000000000000e+00
1.119684457778930664e+00,6.286807358264923096e-02,4.910037852823734283e-03,0.000000000000000000e+00,0.000000000000000000e+00
9.895572662353515625e-01,4.966998100280761719e-02,4.928574431687593460e-03,0.000000000000000000e+00,0.000000000000000000e+00
9.447129964828491211e-01,5.402950942516326904e-02,4.044178873300552368e-03,0.000000000000000000e+00,0.000000000000000000e+00
1.507497310638427734e+00,1.162816062569618225e-01,3.446812974289059639e-03,0.000000000000000000e+00,0.000000000000000000e+00
9.134545922279357910e-01,5.711209028959274292e-02,3.423336893320083618e-03,0.000000000000000000e+00,0.000000000000000000e+00
7.976516485214233398e-01,5.028019845485687256e-02,2.948496257886290550e-03,0.000000000000000000e+00,0.000000000000000000e+00
7.701605558395385742e-01,4.916166886687278748e-02,2.785438671708106995e-03,0.000000000000000000e+00,0.000000000000000000e+00
1.355926990509033203e+00,1.090056151151657104e-01,2.658708021044731140e-03,0.000000000000000000e+00,0.000000000000000000e+00
7.562180757522583008e-01,5.128884315490722656e-02,2.433296758681535721e-03,0.000000000000000000e+00,0.000000000000000000e+00
9.448534250259399414e-01,6.722204387187957764e-02,2.726329723373055458e-03,0.000000000000000000e+00,0.000000000000000000e+00
1.001892685890197754e+00,7.106295973062515259e-02,2.912631025537848473e-03,0.000000000000000000e+00,0.000000000000000000e+00
1.851366281509399414e+00,1.556843668222427368e-01,2.945226849988102913e-03,0.000000000000000000e+00,0.000000000000000000e+00
9.057836532592773438e-01,5.015627294778823853e-02,4.042209591716527939e-03,0.000000000000000000e+00,0.000000000000000000e+00
9.049875140190124512e-01,4.923756793141365051e-02,4.126118496060371399e-03,0.000000000000000000e+00,0.000000000000000000e+00
8.215311765670776367e-01,4.630240052938461304e-02,3.585071302950382233e-03,0.000000000000000000e+00,0.000000000000000000e+00
8.656727075576782227e-01,4.745838046073913574e-02,3.910888917744159698e-03,0.000000000000000000e+00,0.000000000000000000e+00
1.082234978675842285e+00,7.506044209003448486e-02,3.316305577754974365e-03,0.000000000000000000e+00,0.000000000000000000e+00
1.408501386642456055e+00,1.110741123557090759e-01,2.977602649480104446e-03,0.000000000000000000e+00,0.000000000000000000e+00
9.041210412979125977e-01,5.861135572195053101e-02,3.180074738338589668e-03,0.000000000000000000e+00,0.000000000000000000e+00
9.364449381828308105e-01,6.079556420445442200e-02,3.284892998635768890e-03,0.000000000000000000e+00,0.000000000000000000e+00
6.829646825790405273e-01,3.782626241445541382e-02,3.047020873054862022e-03,0.000000000000000000e+00,0.000000000000000000e+00
6.853504180908203125e-01,4.247436299920082092e-02,2.606067806482315063e-03,0.000000000000000000e+00,0.000000000000000000e+00
8.919024467468261719e-01,6.279734522104263306e-02,2.639289945363998413e-03,0.000000000000000000e+00,0.000000000000000000e+00
9.935017228126525879e-01,7.259351015090942383e-02,2.675666240975260735e-03,0.000000000000000000e+00,0.000000000000000000e+00
7.095158696174621582e-01,4.576012492179870605e-02,2.519146073609590530e-03,0.000000000000000000e+00,0.000000000000000000e+00
1.024178624153137207e+00,7.957898080348968506e-02,2.283887472003698349e-03,0.000000000000000000e+00,0.000000000000000000e+00
1.025588750839233398e+00,7.598998397588729858e-02,2.656888449564576149e-03,0.000000000000000000e+00,0.000000000000000000e+00
6.423376798629760742e-01,3.889890387654304504e-02,2.533486811444163322e-03,0.000000000000000000e+00,0.000000000000000000e+00
1.435001492500305176e+00,1.198106408119201660e-01,2.368951216340065002e-03,0.000000000000000000e+00,0.000000000000000000e+00
1.038975596427917480e+00,7.189925014972686768e-02,3.199831582605838776e-03,0.000000000000000000e+00,0.000000000000000000e+00
9.258037805557250977e-01,5.564428120851516724e-02,3.693609964102506638e-03,0.000000000000000000e+00,0.000000000000000000e+00
8.152883052825927734e-01,4.285995662212371826e-02,3.866887185722589493e-03,0.000000000000000000e+00,0.000000000000000000e+00
7.914964556694030762e-01,4.427964985370635986e-02,3.486999543383717537e-03,0.000000000000000000e+00,0.000000000000000000e+00
8.180696964263916016e-01,5.057105794548988342e-02,3.123590722680091858e-03,0.000000000000000000e+00,0.000000000000000000e+00
1.036928415298461914e+00,7.774543762207031250e-02,2.594740828499197960e-03,0.000000000000000000e+00,0.000000000000000000e+00
1.224443912506103516e+00,9.899274259805679321e-02,2.345165237784385681e-03,0.000000000000000000e+00,0.000000000000000000e+00
8.246608376502990723e-01,6.153029203414916992e-02,2.093579387292265892e-03,0.000000000000000000e+00,0.000000000000000000e+00
7.606340050697326660e-01,5.249004065990447998e-02,2.357335761189460754e-03,0.000000000000000000e+00,0.000000000000000000e+00
7.637223005294799805e-01,4.881682619452476501e-02,2.755539957433938980e-03,0.000000000000000000e+00,0.000000000000000000e+00
1.117278814315795898e+00,8.456327021121978760e-02,2.716461662203073502e-03,0.000000000000000000e+00,0.000000000000000000e+00
7.566012740135192871e-01,4.578867554664611816e-02,2.987145213410258293e-03,0.000000000000000000e+00,0.000000000000000000e+00
9.488767385482788086e-01,6.348303705453872681e-02,3.140463493764400482e-03,0.000000000000000000e+00,0.000000000000000000e+00
6.649964451789855957e-01,3.829900175333023071e-02,2.820064313709735870e-03,0.000000000000000000e+00,0.000000000000000000e+00
7.602195739746093750e-01,4.898023605346679688e-02,2.704171696677803993e-03,0.000000000000000000e+00,0.000000000000000000e+00
8.913908600807189941e-01,6.585573405027389526e-02,2.328334841877222061e-03,0.000000000000000000e+00,0.000000000000000000e+00
1.274130582809448242e+00,1.045552492141723633e-01,2.285780850797891617e-03,0.000000000000000000e+00,0.000000000000000000e+00
1.252515792846679688e+00,9.740743041038513184e-02,2.784415148198604584e-03,0.000000000000000000e+00,0.000000000000000000e+00
8.715606927871704102e-01,5.311845615506172180e-02,3.403761424124240875e-03,0.000000000000000000e+00,0.000000000000000000e+00
8.181766271591186523e-01,3.934156894683837891e-02,4.247609525918960571e-03,0.000000000000000000e+00,0.000000000000000000e+00
1.004247665405273438e+00,5.595374852418899536e-02,4.447102081030607224e-03,0.000000000000000000e+00,0.000000000000000000e+00
9.085825681686401367e-01,4.971465840935707092e-02,4.114359617233276367e-03,0.000000000000000000e+00,0.000000000000000000e+00
8.574188947677612305e-01,5.250415951013565063e-02,3.323773154988884926e-03,0.000000000000000000e+00,0.000000000000000000e+00
7.374365925788879395e-01,4.228749871253967285e-02,3.145616035908460617e-03,0.000000000000000000e+00,0.000000000000000000e+00
8.090360760688781738e-01,5.585948377847671509e-02,2.504412550479173660e-03,0.000000000000000000e+00,0.000000000000000000e+00
7.294927239418029785e-01,4.664408415555953979e-02,2.630518749356269836e-03,0.000000000000000000e+00,0.000000000000000000e+00
7.748966217041015625e-01,5.351463705301284790e-02,2.397502306848764420e-03,0.000000000000000000e+00,0.000000000000000000e+00
6.657745838165283203e-01,4.439210891723632812e-02,2.218535169959068298e-03,0.000000000000000000e+00,0.000000000000000000e+00
6.558533906936645508e-01,4.548933357000350952e-02,2.009600400924682617e-03,0.000000000000000000e+00,0.000000000000000000e+00
5.729618072509765625e-01,3.803659602999687195e-02,1.925958553329110146e-03,0.000000000000000000e+00,0.000000000000000000e+00
7.817375659942626953e-01,5.770784243941307068e-02,2.046591369435191154e-03,0.000000000000000000e+00,0.000000000000000000e+00
1.087514638900756836e+00,8.289197832345962524e-02,2.585948444902896881e-03,0.000000000000000000e+00,0.000000000000000000e+00
7.614588141441345215e-01,4.533509165048599243e-02,3.081079106777906418e-03,0.000000000000000000e+00,0.000000000000000000e+00
7.073596715927124023e-01,3.983149304986000061e-02,3.090447280555963516e-03,0.000000000000000000e+00,0.000000000000000000e+00
1.041559457778930664e+00,7.633483409881591797e-02,2.782111521810293198e-03,0.000000000000000000e+00,0.000000000000000000e+00
7.587300539016723633e-01,4.800613224506378174e-02,2.786687342450022697e-03,0.000000000000000000e+00,0.000000000000000000e+00
8.884307742118835449e-01,6.040243804454803467e-02,2.844063565135002136e-03,0.000000000000000000e+00,0.000000000000000000e+00
7.114797234535217285e-01,4.640466719865798950e-02,2.474330831319093704e-03,0.000000000000000000e+00,0.000000000000000000e+00
7.677204012870788574e-01,5.344152450561523438e-02,2.333051525056362152e-03,0.000000000000000000e+00,0.000000000000000000e+00
1.280031561851501465e+00,1.110490262508392334e-01,1.695412909612059593e-03,0.000000000000000000e+00,0.000000000000000000e+00
8.803884983062744141e-01,6.684884428977966309e-02,2.119000535458326340e-03,0.000000000000000000e+00,0.000000000000000000e+00
1.180287361145019531e+00,9.879262745380401611e-02,1.923610921949148178e-03,0.000000000000000000e+00,0.000000000000000000e+00
6.574858427047729492e-01,4.129029810428619385e-02,2.445828402414917946e-03,0.000000000000000000e+00,0.000000000000000000e+00
8.616886138916015625e-01,5.643045157194137573e-02,2.973840804770588875e-03,0.000000000000000000e+00,0.000000000000000000e+00
9.436774253845214844e-01,6.617290526628494263e-02,2.819484099745750427e-03,0.000000000000000000e+00,0.000000000000000000e+00
7.348147034645080566e-01,4.869584739208221436e-02,2.478562295436859131e-03,0.000000000000000000e+00,0.000000000000000000e+00
6.276738643646240234e-01,3.689846023917198181e-02,2.586892340332269669e-03,0.000000000000000000e+00,0.000000000000000000e+00
8.601197600364685059e-01,6.142335757613182068e-02,2.458862029016017914e-03,0.000000000000000000e+00,0.000000000000000000e+00
9.307954311370849609e-01,6.836327165365219116e-02,2.471626736223697662e-03,0.000000000000000000e+00,0.000000000000000000e+00
6.419643163681030273e-01,4.306539893150329590e-02,2.113103168085217476e-03,0.000000000000000000e+00,0.000000000000000000e+00
6.644827723503112793e-01,4.565387219190597534e-02,2.079440513625741005e-03,0.000000000000000000e+00,0.000000000000000000e+00
9.179430007934570312e-01,7.095713913440704346e-02,2.083716448396444321e-03,0.000000000000000000e+00,0.000000000000000000e+00
6.376067399978637695e-01,3.769410401582717896e-02,2.606657333672046661e-03,0.000000000000000000e+00,0.000000000000000000e+00
6.391123533248901367e-01,3.970679640769958496e-02,2.420444041490554810e-03,0.000000000000000000e+00,0.000000000000000000e+00
6.385946273803710938e-01,3.929568827152252197e-02,2.456377726048231125e-03,0.000000000000000000e+00,0.000000000000000000e+00
7.744739651679992676e-01,5.832064896821975708e-02,1.912675099447369576e-03,0.000000000000000000e+00,0.000000000000000000e+00
1.104217648506164551e+00,9.226775169372558594e-02,1.815401017665863037e-03,0.000000000000000000e+00,0.000000000000000000e+00
8.529831767082214355e-01,6.771625578403472900e-02,1.758206519298255444e-03,0.000000000000000000e+00,0.000000000000000000e+00
1.175562262535095215e+00,9.808015078306198120e-02,1.947607146576046944e-03,0.000000000000000000e+00,0.000000000000000000e+00
8.305956721305847168e-01,6.119308248162269592e-02,2.186648081988096237e-03,0.000000000000000000e+00,0.000000000000000000e+00
9.305209517478942871e-01,6.762574613094329834e-02,2.542634494602680206e-03,0.000000000000000000e+00,0.000000000000000000e+00
7.489451169967651367e-01,3.826753050088882446e-02,3.662698436528444290e-03,0.000000000000000000e+00,0.000000000000000000e+00
9.216850399971008301e-01,5.881575867533683777e-02,3.335274523124098778e-03,0.000000000000000000e+00,0.000000000000000000e+00
7.482423782348632812e-01,4.357628524303436279e-02,3.124795155599713326e-03,0.000000000000000000e+00,0.000000000000000000e+00
6.578263044357299805e-01,3.551245108246803284e-02,3.027018392458558083e-03,0.000000000000000000e+00,0.000000000000000000e+00
7.027152180671691895e-01,4.723861441016197205e-02,2.303290646523237228e-03,0.000000000000000000e+00,0.000000000000000000e+00
1.004422307014465332e+00,7.948939502239227295e-02,2.095283009111881256e-03,0.000000000000000000e+00,0.000000000000000000e+00
8.973590731620788574e-01,6.801703572273254395e-02,2.171887084841728210e-03,0.000000000000000000e+00,0.000000000000000000e+00
5.469962358474731445e-01,3.115683794021606445e-02,2.354278694838285446e-03,0.000000000000000000e+00,0.000000000000000000e+00
4.940729737281799316e-01,2.867224812507629395e-02,2.073504729196429253e-03,0.000000000000000000e+00,0.000000000000000000e+00
6.293890476226806641e-01,4.356960207223892212e-02,1.936930464580655098e-03,0.000000000000000000e+00,0.000000000000000000e+00
5.453623533248901367e-01,3.868877515196800232e-02,1.584745943546295166e-03,0.000000000000000000e+00,0.000000000000000000e+00
8.173750638961791992e-01,6.341877579689025879e-02,1.831872970797121525e-03,0.000000000000000000e+00,0.000000000000000000e+00
5.979643464088439941e-01,4.145576804876327515e-02,1.834066351875662804e-03,0.000000000000000000e+00,0.000000000000000000e+00
1.041267871856689453e+00,8.447362482547760010e-02,1.965316012501716614e-03,0.000000000000000000e+00,0.000000000000000000e+00
7.893550395965576172e-01,5.452793836593627930e-02,2.440756419673562050e-03,0.000000000000000000e+00,0.000000000000000000e+00
5.996123552322387695e-01,3.341230005025863647e-02,2.654893090948462486e-03,0.000000000000000000e+00,0.000000000000000000e+00
6.653588414192199707e-01,4.165433347225189209e-02,2.488154917955398560e-03,0.000000000000000000e+00,0.000000000000000000e+00
7.013754844665527344e-01,4.995740950107574463e-02,2.018013969063758850e-03,0.000000000000000000e+00,0.000000000000000000e+00
6.697912812232971191e-01,4.345148801803588867e-02,2.352764131501317024e-03,0.000000000000000000e+00,0.000000000000000000e+00
8.189013004302978516e-01,6.272067129611968994e-02,1.916945911943912506e-03,0.000000000000000000e+00,0.000000000000000000e+00
5.934875011444091797e-01,3.985069692134857178e-02,1.949805067852139473e-03,0.000000000000000000e+00,0.000000000000000000e+00
6.424540877342224121e-01,4.633186012506484985e-02,1.791354967281222343e-03,0.000000000000000000e+00,0.000000000000000000e+00
5.654220581054687500e-01,3.871054947376251221e-02,1.783165847882628441e-03,0.000000000000000000e+00,0.000000000000000000e+00
7.872242927551269531e-01,6.203772872686386108e-02,1.668469980359077454e-03,0.000000000000000000e+00,0.000000000000000000e+00
7.518848180770874023e-01,5.883926525712013245e-02,1.634921180084347725e-03,0.000000000000000000e+00,0.000000000000000000e+00
5.056393742561340332e-01,3.288856521248817444e-02,1.767537090927362442e-03,0.000000000000000000e+00,0.000000000000000000e+00
4.906153082847595215e-01,2.892057038843631744e-02,2.014095894992351532e-03,0.000000000000000000e+00,0.000000000000000000e+00
9.787374138832092285e-01,8.059145510196685791e-02,1.728228759020566940e-03,0.000000000000000000e+00,0.000000000000000000e+00
6.319330930709838867e-01,4.422634467482566833e-02,1.896696398034691811e-03,0.000000000000000000e+00,0.000000000000000000e+00
5.659592747688293457e-01,3.784071654081344604e-02,1.875520916655659676e-03,0.000000000000000000e+00,0.000000000000000000e+00
7.338818907737731934e-01,5.339697003364562988e-02,1.999122090637683868e-03,0.000000000000000000e+00,0.000000000000000000e+00
6.154910922050476074e-01,4.254544526338577271e-02,1.900366740301251411e-03,0.000000000000000000e+00,0.000000000000000000e+00
6.271355748176574707e-01,4.642004519701004028e-02,1.629351172596216202e-03,0.000000000000000000e+00,0.000000000000000000e+00
5.297449827194213867e-01,3.420487046241760254e-02,1.876962836831808090e-03,0.000000000000000000e+00,0.000000000000000000e+00
8.027203679084777832e-01,6.303887814283370972e-02,1.723315799608826637e-03,0.000000000000000000e+00,0.000000000000000000e+00
6.464394330978393555e-01,4.937911778688430786e-02,1.526482752524316311e-03,0.000000000000000000e+00,0.000000000000000000e+00
5.997150540351867676e-01,4.110308736562728882e-02,1.886841841042041779e-03,0.000000000000000000e+00,0.000000000000000000e+00
5.311810374259948730e-01,3.673656284809112549e-02,1.638154033571481705e-03,0.000000000000000000e+00,0.000000000000000000e+00
5.775629878044128418e-01,4.088474810123443604e-02,1.687154872342944145e-03,0.000000000000000000e+00,0.000000000000000000e+00
5.597911477088928223e-01,3.922155871987342834e-02,1.675755600444972515e-03,0.000000000000000000e+00,0.000000000000000000e+00
6.063175201416015625e-01,4.245273768901824951e-02,1.817901385948061943e-03,0.000000000000000000e+00,0.000000000000000000e+00
5.884958505630493164e-01,4.114547371864318848e-02,1.770411385223269463e-03,0.000000000000000000e+00,0.000000000000000000e+00
6.695215702056884766e-01,5.064585059881210327e-02,1.630630576983094215e-03,0.000000000000000000e+00,0.000000000000000000e+00
4.940450489521026611e-01,3.201932460069656372e-02,1.738518243655562401e-03,0.000000000000000000e+00,0.000000000000000000e+00
6.948090791702270508e-01,5.102595314383506775e-02,1.845496008172631264e-03,0.000000000000000000e+00,0.000000000000000000e+00
5.983433127403259277e-01,4.115623235702514648e-02,1.867809682153165340e-03,0.000000000000000000e+00,0.000000000000000000e+00
5.100669860839843750e-01,3.276603296399116516e-02,1.824066275730729103e-03,0.000000000000000000e+00,0.000000000000000000e+00
5.175340175628662109e-01,3.450632095336914062e-02,1.724708359688520432e-03,0.000000000000000000e+00,0.000000000000000000e+00
6.181759238243103027e-01,4.729374125599861145e-02,1.452384982258081436e-03,0.000000000000000000e+00,0.000000000000000000e+00
5.188094973564147949e-01,3.852804377675056458e-02,1.335290493443608284e-03,0.000000000000000000e+00,0.000000000000000000e+00
5.068222284317016602e-01,3.579378128051757812e-02,1.488844049163162708e-03,0.000000000000000000e+00,0.000000000000000000e+00
5.021715164184570312e-01,3.512381017208099365e-02,1.509334426373243332e-03,0.000000000000000000e+00,0.000000000000000000e+00
4.438137412071228027e-01,3.090590611100196838e-02,1.347546814940869808e-03,0.000000000000000000e+00,0.000000000000000000e+00
3.977298140525817871e-01,2.513329684734344482e-02,1.463968423195183277e-03,0.000000000000000000e+00,0.000000000000000000e+00
5.027586221694946289e-01,3.489624708890914917e-02,1.537961186841130257e-03,0.000000000000000000e+00,0.000000000000000000e+00
1.795404434204101562e+00,1.646003574132919312e-01,1.494008814916014671e-03,0.000000000000000000e+00,0.000000000000000000e+00
5.423097014427185059e-01,3.564884513616561890e-02,1.858212286606431007e-03,0.000000000000000000e+00,0.000000000000000000e+00
5.150746107101440430e-01,3.192190825939178467e-02,1.958555541932582855e-03,0.000000000000000000e+00,0.000000000000000000e+00
1.761843085289001465e+00,1.574659347534179688e-01,1.871837535873055458e-03,0.000000000000000000e+00,0.000000000000000000e+00
6.646425724029541016e-01,4.587563499808311462e-02,2.058862010017037392e-03,0.000000000000000000e+00,0.000000000000000000e+00
5.911900401115417480e-01,4.093952476978302002e-02,1.817947835661470890e-03,0.000000000000000000e+00,0.000000000000000000e+00
1.006021142005920410e+00,8.263550698757171631e-02,1.796660479158163071e-03,0.000000000000000000e+00,0.000000000000000000e+00
5.211625099182128906e-01,3.276923298835754395e-02,1.934701576828956604e-03,0.000000000000000000e+00,0.000000000000000000e+00
4.770765304565429688e-01,2.847494930028915405e-02,1.923270290717482567e-03,0.000000000000000000e+00,0.000000000000000000e+00
5.313478112220764160e-01,3.621037676930427551e-02,1.692440477199852467e-03,0.000000000000000000e+00,0.000000000000000000e+00
4.545900821685791016e-01,3.028884530067443848e-02,1.517016207799315453e-03,0.000000000000000000e+00,0.000000000000000000e+00
5.552318692207336426e-01,4.075963422656059265e-02,1.476355246268212795e-03,0.000000000000000000e+00,0.000000000000000000e+00
4.663032889366149902e-01,3.261468559503555298e-02,1.401564339175820351e-03,0.000000000000000000e+00,0.000000000000000000e+00
8.354179263114929199e-01,6.937219202518463135e-02,1.416960265487432480e-03,0.000000000000000000e+00,0.000000000000000000e+00
5.978722572326660156e-01,4.496896266937255859e-02,1.481826649978756905e-03,0.000000000000000000e+00,0.000000000000000000e+00
8.356045484542846680e-01,6.800636649131774902e-02,1.555408816784620285e-03,0.000000000000000000e+00,0.000000000000000000e+00
5.866935849189758301e-01,4.052309319376945496e-02,1.814626622945070267e-03,0.000000000000000000e+00,0.000000000000000000e+00
7.339330911636352539e-01,5.102160945534706116e-02,2.237169770523905754e-03,0.000000000000000000e+00,0.000000000000000000e+00
6.681569814682006836e-01,4.543601721525192261e-02,2.137967851012945175e-03,0.000000000000000000e+00,0.000000000000000000e+00
7.654579281806945801e-01,5.577442795038223267e-02,2.077136654406785965e-03,0.000000000000000000e+00,0.000000000000000000e+00
6.584453582763671875e-01,4.458301514387130737e-02,2.126152161508798599e-03,0.000000000000000000e+00,0.000000000000000000e+00
6.289452314376831055e-01,4.340627789497375488e-02,1.948824152350425720e-03,0.000000000000000000e+00,0.000000000000000000e+00
6.168302297592163086e-01,4.328550770878791809e-02,1.839751726947724819e-03,0.000000000000000000e+00,0.000000000000000000e+00
4.956826567649841309e-01,3.245790302753448486e-02,1.711036078631877899e-03,0.000000000000000000e+00,0.000000000000000000e+00
6.693073511123657227e-01,5.005624145269393921e-02,1.687449170276522636e-03,0.000000000000000000e+00,0.000000000000000000e+00
5.751596689224243164e-01,4.167682677507400513e-02,1.583914272487163544e-03,0.000000000000000000e+00,0.000000000000000000e+00
5.788106918334960938e-01,4.269993305206298828e-02,1.518113887868821621e-03,0.000000000000000000e+00,0.000000000000000000e+00
5.950269103050231934e-01,4.420269653201103210e-02,1.529999426566064358e-03,0.000000000000000000e+00,0.000000000000000000e+00
6.398125290870666504e-01,4.795609414577484131e-02,1.602516043931245804e-03,0.000000000000000000e+00,0.000000000000000000e+00
4.723867774009704590e-01,3.205497935414314270e-02,1.518370117992162704e-03,0.000000000000000000e+00,0.000000000000000000e+00
4.006306231021881104e-01,2.649100869894027710e-02,1.357205212116241455e-03,0.000000000000000000e+00,0.000000000000000000e+00
5.234350562095642090e-01,3.733700513839721680e-02,1.500649843364953995e-03,0.000000000000000000e+00,0.000000000000000000e+00
7.097429037094116211e-01,5.678049474954605103e-02,1.419379375874996185e-03,0.000000000000000000e+00,0.000000000000000000e+00
4.960576891899108887e-01,3.261566162109375000e-02,1.699010841548442841e-03,0.000000000000000000e+00,0.000000000000000000e+00
5.732808709144592285e-01,4.323536902666091919e-02,1.409271964803338051e-03,0.000000000000000000e+00,0.000000000000000000e+00
7.451815605163574219e-01,5.967655032873153687e-02,1.484160078689455986e-03,0.000000000000000000e+00,0.000000000000000000e+00
4.764310717582702637e-01,2.671448886394500732e-02,2.092862036079168320e-03,0.000000000000000000e+00,0.000000000000000000e+00
6.336742639541625977e-01,3.790714591741561890e-02,2.546028234064579010e-03,0.000000000000000000e+00,0.000000000000000000e+00
6.732951402664184570e-01,4.550106078386306763e-02,2.182845491915941238e-03,0.000000000000000000e+00,0.000000000000000000e+00
5.480903387069702148e-01,3.513598814606666565e-02,1.967304619029164314e-03,0.000000000000000000e+00,0.000000000000000000e+00
4.672680497169494629e-01,3.169411420822143555e-02,1.503269188106060028e-03,0.000000000000000000e+00,0.000000000000000000e+00
4.425018131732940674e-01,3.328925371170043945e-02,1.096092863008379936e-03,0.000000000000000000e+00,0.000000000000000000e+00
4.431997537612915039e-01,3.033973462879657745e-02,1.398023799993097782e-03,0.000000000000000000e+00,0.000000000000000000e+00
4.183902740478515625e-01,2.718638256192207336e-02,1.465264474973082542e-03,0.000000000000000000e+00,0.000000000000000000e+00
4.469443857669830322e-01,3.117318265140056610e-02,1.352125662378966808e-03,0.000000000000000000e+00,0.000000000000000000e+00
4.693879783153533936e-01,3.498985618352890015e-02,1.194894080981612206e-03,0.000000000000000000e+00,0.000000000000000000e+00
4.264970719814300537e-01,3.083541058003902435e-02,1.181429717689752579e-03,0.000000000000000000e+00,0.000000000000000000e+00
6.152547001838684082e-01,4.637366533279418945e-02,1.515180571004748344e-03,0.000000000000000000e+00,0.000000000000000000e+00
4.710699319839477539e-01,2.881089597940444946e-02,1.829609740525484085e-03,0.000000000000000000e+00,0.000000000000000000e+00
4.371733069419860840e-01,2.637346461415290833e-02,1.734386663883924484e-03,0.000000000000000000e+00,0.000000000000000000e+00
4.430535435676574707e-01,2.835814282298088074e-02,1.594720873981714249e-03,0.000000000000000000e+00,0.000000000000000000e+00
3.950059413909912109e-01,2.881915494799613953e-02,1.068143756128847599e-03,0.000000000000000000e+00,0.000000000000000000e+00
6.886857748031616211e-01,5.601714551448822021e-02,1.285143196582794189e-03,0.000000000000000000e+00,0.000000000000000000e+00
4.763076901435852051e-01,3.358661383390426636e-02,1.404415233992040157e-03,0.000000000000000000e+00,0.000000000000000000e+00
4.368892908096313477e-01,2.928850054740905762e-02,1.440042979083955288e-03,0.000000000000000000e+00,0.000000000000000000e+00
4.112919569015502930e-01,3.083089739084243774e-02,1.029829960316419601e-03,0.000000000000000000e+00,0.000000000000000000e+00
4.630853831768035889e-01,3.542003408074378967e-02,1.088850549422204494e-03,0.000000000000000000e+00,0.000000000000000000e+00
5.065487027168273926e-01,3.936477005481719971e-02,1.129010226577520370e-03,0.000000000000000000e+00,0.000000000000000000e+00
4.071190655231475830e-01,2.880075573921203613e-02,1.191115006804466248e-03,0.000000000000000000e+00,0.000000000000000000e+00
1.011894464492797852e+00,8.557213097810745239e-02,1.561731798574328423e-03,0.000000000000000000e+00,0.000000000000000000e+00
4.365530312061309814e-01,2.605378441512584686e-02,1.760151935741305351e-03,0.000000000000000000e+00,0.000000000000000000e+00
4.964804351329803467e-01,3.280060738325119019e-02,1.684743445366621017e-03,0.000000000000000000e+00,0.000000000000000000e+00
4.631396830081939697e-01,3.260372579097747803e-02,1.371024292893707752e-03,0.000000000000000000e+00,0.000000000000000000e+00
4.341239333152770996e-01,3.098033741116523743e-02,1.243205741047859192e-03,0.000000000000000000e+00,0.000000000000000000e+00
6.098108291625976562e-01,4.870288446545600891e-02,1.227820059284567833e-03,0.000000000000000000e+00,0.000000000000000000e+00
4.861723184585571289e-01,3.421613574028015137e-02,1.440109685063362122e-03,0.000000000000000000e+00,0.000000000000000000e+00
5.286294817924499512e-01,3.934577852487564087e-02,1.351717161014676094e-03,0.000000000000000000e+00,0.000000000000000000e+00
4.492469429969787598e-01,2.974368259310722351e-02,1.518101315014064312e-03,0.000000000000000000e+00,0.000000000000000000e+00
4.549063742160797119e-01,3.106126002967357635e-02,1.442937878891825676e-03,0.000000000000000000e+00,0.000000000000000000e+00
5.372217893600463867e-01,3.897819668054580688e-02,1.474398653954267502e-03,0.000000000000000000e+00,0.000000000000000000e+00
6.758204698562622070e-01,5.279187485575675964e-02,1.479017082601785660e-03,0.000000000000000000e+00,0.000000000000000000e+00
8.697345256805419922e-01,7.369917631149291992e-02,1.327427569776773453e-03,0.000000000000000000e+00,0.000000000000000000e+00
4.367824196815490723e-01,3.061557188630104065e-02,1.306266873143613338e-03,0.000000000000000000e+00,0.000000000000000000e+00
6.305825114250183105e-01,5.193508416414260864e-02,1.112316967919468880e-03,0.000000000000000000e+00,0.000000000000000000e+00
4.915616810321807861e-01,3.685246407985687256e-02,1.230370369739830494e-03,0.000000000000000000e+00,0.000000000000000000e+00
4.404511451721191406e-01,3.003806620836257935e-02,1.400704844854772091e-03,0.000000000000000000e+00,0.000000000000000000e+00
7.141703367233276367e-01,6.026359274983406067e-02,1.115344115532934666e-03,0.000000000000000000e+00,0.000000000000000000e+00
6.957068443298339844e-01,5.748575553297996521e-02,1.208493020385503769e-03,0.000000000000000000e+00,0.000000000000000000e+00
4.549514949321746826e-01,2.880268730223178864e-02,1.669246237725019455e-03,0.000000000000000000e+00,0.000000000000000000e+00
6.641751527786254883e-01,4.924243316054344177e-02,1.717508072033524513e-03,0.000000000000000000e+00,0.000000000000000000e+00
5.139390230178833008e-01,3.116932138800621033e-02,2.022457774728536606e-03,0.000000000000000000e+00,0.000000000000000000e+00
4.733823537826538086e-01,2.728537470102310181e-02,2.005286049097776413e-03,0.000000000000000000e+00,0.000000000000000000e+00
4.611719250679016113e-01,2.818673290312290192e-02,1.793046016246080399e-03,0.000000000000000000e+00,0.000000000000000000e+00
4.975505173206329346e-01,3.705573081970214844e-02,1.269932021386921406e-03,0.000000000000000000e+00,0.000000000000000000e+00
6.919454336166381836e-01,5.675349757075309753e-02,1.244104816578328609e-03,0.000000000000000000e+00,0.000000000000000000e+00
4.217281341552734375e-01,3.044361621141433716e-02,1.172919874079525471e-03,0.000000000000000000e+00,0.000000000000000000e+00
3.626218438148498535e-01,2.453620359301567078e-02,1.172597869299352169e-03,0.000000000000000000e+00,0.000000000000000000e+00
3.767129182815551758e-01,2.701395377516746521e-02,1.065733842551708221e-03,0.000000000000000000e+00,0.000000000000000000e+00
5.620991587638854980e-01,4.596321657299995422e-02,1.024669967591762543e-03,0.000000000000000000e+00,0.000000000000000000e+00
3.555622100830078125e-01,2.371154166758060455e-02,1.184467808343470097e-03,0.000000000000000000e+00,0.000000000000000000e+00
5.107107758522033691e-01,3.873907774686813354e-02,1.233199844136834145e-03,0.000000000000000000e+00,0.000000000000000000e+00
4.392840266227722168e-01,3.025270625948905945e-02,1.367569784633815289e-03,0.000000000000000000e+00,0.000000000000000000e+00
9.012639522552490234e-01,7.664437592029571533e-02,1.348201883956789970e-03,0.000000000000000000e+00,0.000000000000000000e+00
4.052345752716064453e-01,2.529168501496315002e-02,1.523177372291684151e-03,0.000000000000000000e+00,0.000000000000000000e+00
4.409948289394378662e-01,2.989961951971054077e-02,1.419986132532358170e-03,0.000000000000000000e+00,0.000000000000000000e+00
5.155999064445495605e-01,3.627283871173858643e-02,1.528715365566313267e-03,0.000000000000000000e+00,0.000000000000000000e+00
4.858341217041015625e-01,3.656683489680290222e-02,1.201657811179757118e-03,0.000000000000000000e+00,0.000000000000000000e+00
4.396682381629943848e-01,3.057356923818588257e-02,1.339325332082808018e-03,0.000000000000000000e+00,0.000000000000000000e+00
3.553627133369445801e-01,2.574044838547706604e-02,9.795825462788343430e-04,0.000000000000000000e+00,0.000000000000000000e+00
6.061455607414245605e-01,4.922873526811599731e-02,1.138582359999418259e-03,0.000000000000000000e+00,0.000000000000000000e+00
5.500730872154235840e-01,4.256371036171913147e-02,1.244359998963773251e-03,0.000000000000000000e+00,0.000000000000000000e+00
5.449250936508178711e-01,4.370433837175369263e-02,1.078817062079906464e-03,0.000000000000000000e+00,0.000000000000000000e+00
3.835033774375915527e-01,2.820916473865509033e-02,1.014117267914116383e-03,0.000000000000000000e+00,0.000000000000000000e+00
3.780510425567626953e-01,2.683651633560657501e-02,1.096858759410679340e-03,0.000000000000000000e+00,0.000000000000000000e+00
3.364906013011932373e-01,2.487379871308803558e-02,8.775261230766773224e-04,0.000000000000000000e+00,0.000000000000000000e+00
3.416540622711181641e-01,2.527217008173465729e-02,8.893238264136016369e-04,0.000000000000000000e+00,0.000000000000000000e+00
5.999158024787902832e-01,5.067015811800956726e-02,9.321419638581573963e-04,0.000000000000000000e+00,0.000000000000000000e+00
3.652825355529785156e-01,2.547769807279109955e-02,1.105055445805191994e-03,0.000000000000000000e+00,0.000000000000000000e+00
5.155806541442871094e-01,4.144680500030517578e-02,1.011125743389129639e-03,0.000000000000000000e+00,0.000000000000000000e+00
3.124040961265563965e-01,2.235932275652885437e-02,8.881086250767111778e-04,0.000000000000000000e+00,0.000000000000000000e+00
6.485940217971801758e-01,5.618305131793022156e-02,8.676352445036172867e-04,0.000000000000000000e+00,0.000000000000000000e+00
4.438613653182983398e-01,3.268651291728019714e-02,1.169962342828512192e-03,0.000000000000000000e+00,0.000000000000000000e+00
3.651859164237976074e-01,2.474145591259002686e-02,1.177713740617036819e-03,0.000000000000000000e+00,0.000000000000000000e+00
6.291745901107788086e-01,5.117381736636161804e-02,1.174364355392754078e-03,0.000000000000000000e+00,0.000000000000000000e+00
5.745168924331665039e-01,4.597645998001098633e-02,1.147522823885083199e-03,0.000000000000000000e+00,0.000000000000000000e+00
4.245564937591552734e-01,2.919974923133850098e-02,1.325589953921735287e-03,0.000000000000000000e+00,0.000000000000000000e+00
4.258620142936706543e-01,2.993650361895561218e-02,1.264969818294048309e-03,0.000000000000000000e+00,0.000000000000000000e+00
4.059817492961883545e-01,2.893181890249252319e-02,1.166635425761342049e-03,0.000000000000000000e+00,0.000000000000000000e+00
3.632894754409790039e-01,2.598118223249912262e-02,1.034776680171489716e-03,0.000000000000000000e+00,0.000000000000000000e+00
4.159030914306640625e-01,3.187095373868942261e-02,9.719353984110057354e-04,0.000000000000000000e+00,0.000000000000000000e+00
3.432705700397491455e-01,2.530110627412796021e-02,9.025951731018722057e-04,0.000000000000000000e+00,0.000000000000000000e+00
4.483450055122375488e-01,3.585567325353622437e-02,8.978825644589960575e-04,0.000000000000000000e+00,0.000000000000000000e+00
1.252066612243652344e+00,1.157861724495887756e-01,9.420494316145777702e-04,0.000000000000000000e+00,0.000000000000000000e+00
4.362390041351318359e-01,3.324161842465400696e-02,1.038228161633014679e-03,0.000000000000000000e+00,0.000000000000000000e+00
3.861292004585266113e-01,2.678148634731769562e-02,1.183143351227045059e-03,0.000000000000000000e+00,0.000000000000000000e+00
4.016457796096801758e-01,2.955427579581737518e-02,1.061030314303934574e-03,0.000000000000000000e+00,0.000000000000000000e+00
3.951240479946136475e-01,2.940977551043033600e-02,1.010262873023748398e-03,0.000000000000000000e+00,0.000000000000000000e+00
4.830226898193359375e-01,3.984502702951431274e-02,8.457241929136216640e-04,0.000000000000000000e+00,0.000000000000000000e+00
3.800268769264221191e-01,2.879731729626655579e-02,9.205371025018393993e-04,0.000000000000000000e+00,0.000000000000000000e+00
3.589959740638732910e-01,2.580825611948966980e-02,1.009133877232670784e-03,0.000000000000000000e+00,0.000000000000000000e+00
4.295555353164672852e-01,3.253101557493209839e-02,1.042453572154045105e-03,0.000000000000000000e+00,0.000000000000000000e+00
3.419744670391082764e-01,2.491318807005882263e-02,9.284256957471370697e-04,0.000000000000000000e+00,0.000000000000000000e+00
5.417991876602172852e-01,4.512792825698852539e-02,9.051988599821925163e-04,0.000000000000000000e+00,0.000000000000000000e+00
4.351343512535095215e-01,3.202078491449356079e-02,1.149265328422188759e-03,0.000000000000000000e+00,0.000000000000000000e+00
7.163435816764831543e-01,5.942809581756591797e-02,1.220626174472272396e-03,0.000000000000000000e+00,0.000000000000000000e+00
3.649582862854003906e-01,2.493977546691894531e-02,1.155605423264205456e-03,0.000000000000000000e+00,0.000000000000000000e+00
3.371928930282592773e-01,2.329175919294357300e-02,1.042753108777105808e-03,0.000000000000000000e+00,0.000000000000000000e+00
5.952934622764587402e-01,4.879924654960632324e-02,1.073009916581213474e-03,0.000000000000000000e+00,0.000000000000000000e+00
4.289895594120025635e-01,3.330890834331512451e-02,9.590047411620616913e-04,0.000000000000000000e+00,0.000000000000000000e+00
4.157340824604034424e-01,3.242290019989013672e-02,9.150507394224405289e-04,0.000000000000000000e+00,0.000000000000000000e+00
3.729431033134460449e-01,2.857255935668945312e-02,8.721750928089022636e-04,0.000000000000000000e+00,0.000000000000000000e+00
6.378991007804870605e-01,5.525197088718414307e-02,8.537943940609693527e-04,0.000000000000000000e+00,0.000000000000000000e+00
4.001213014125823975e-01,3.070753067731857300e-02,9.304598206654191017e-04,0.000000000000000000e+00,0.000000000000000000e+00
5.529949069023132324e-01,4.423967003822326660e-02,1.105981878936290741e-03,0.000000000000000000e+00,0.000000000000000000e+00
8.711242675781250000e-01,7.363197207450866699e-02,1.348045421764254570e-03,0.000000000000000000e+00,0.000000000000000000e+00
4.299909174442291260e-01,2.475092932581901550e-02,1.824816223233938217e-03,0.000000000000000000e+00,0.000000000000000000e+00
4.926983118057250977e-01,3.002669289708137512e-02,1.924313954077661037e-03,0.000000000000000000e+00,0.000000000000000000e+00
4.389833211898803711e-01,2.513227984309196472e-02,1.876604976132512093e-03,0.000000000000000000e+00,0.000000000000000000e+00
3.976203799247741699e-01,2.377195842564105988e-02,1.599007984623312950e-03,0.000000000000000000e+00,0.000000000000000000e+00
4.395826458930969238e-01,3.247086331248283386e-02,1.148739946074783802e-03,0.000000000000000000e+00,0.000000000000000000e+00
6.108630895614624023e-01,4.959329590201377869e-02,1.149301417171955109e-03,0.000000000000000000e+00,0.000000000000000000e+00
3.886305689811706543e-01,2.748335525393486023e-02,1.137970248237252235e-03,0.000000000000000000e+00,0.000000000000000000e+00
3.693962693214416504e-01,2.729106694459915161e-02,9.648561244830489159e-04,0.000000000000000000e+00,0.000000000000000000e+00
3.622808158397674561e-01,2.556606009602546692e-02,1.066202297806739807e-03,0.000000000000000000e+00,0.000000000000000000e+00
4.658876061439514160e-01,3.682731091976165771e-02,9.761449182406067848e-04,0.000000000000000000e+00,0.000000000000000000e+00
3.342258930206298828e-01,2.369019016623497009e-02,9.732400067150592804e-04,0.000000000000000000e+00,0.000000000000000000e+00
4.202947616577148438e-01,3.059023246169090271e-02,1.143924426287412643e-03,0.000000000000000000e+00,0.000000000000000000e+00
3.968637585639953613e-01,2.874228730797767639e-02,1.094409031793475151e-03,0.000000000000000000e+00,0.000000000000000000e+00
6.402737498283386230e-01,5.488833412528038025e-02,9.139042813330888748e-04,0.000000000000000000e+00,0.000000000000000000e+00
4.019470810890197754e-01,3.020159527659416199e-02,9.993111016228795052e-04,0.000000000000000000e+00,0.000000000000000000e+00
5.447352528572082520e-01,4.545014351606369019e-02,9.023382444866001606e-04,0.000000000000000000e+00,0.000000000000000000e+00
5.410289764404296875e-01,4.393047839403152466e-02,1.017241738736629486e-03,0.000000000000000000e+00,0.000000000000000000e+00
4.117049276828765869e-01,2.963031083345413208e-02,1.154018449597060680e-03,0.000000000000000000e+00,0.000000000000000000e+00
3.756601512432098389e-01,2.674774080514907837e-02,1.081827562302350998e-03,0.000000000000000000e+00,0.000000000000000000e+00
3.526448905467987061e-01,2.594855800271034241e-02,9.315931820310652256e-04,0.000000000000000000e+00,0.000000000000000000e+00
6.470986008644104004e-01,5.428688600659370422e-02,1.042297342792153358e-03,0.000000000000000000e+00,0.000000000000000000e+00
3.940432369709014893e-01,2.907352522015571594e-02,1.033079926855862141e-03,0.000000000000000000e+00,0.000000000000000000e+00
8.236815333366394043e-01,7.116362452507019043e-02,1.120452769100666046e-03,0.000000000000000000e+00,0.000000000000000000e+00
6.748994588851928711e-01,5.306381359696388245e-02,1.442613080143928528e-03,0.000000000000000000e+00,0.000000000000000000e+00
4.214842915534973145e-01,2.605493739247322083e-02,1.609349390491843224e-03,0.000000000000000000e+00,0.000000000000000000e+00
4.631679058074951172e-01,2.946161478757858276e-02,1.685517374426126480e-03,0.000000000000000000e+00,0.000000000000000000e+00
3.978789746761322021e-01,2.746126614511013031e-02,1.232663169503211975e-03,0.000000000000000000e+00,0.000000000000000000e+00
4.425933659076690674e-01,3.232594579458236694e-02,1.193339005112648010e-03,0.000000000000000000e+00,0.000000000000000000e+00
5.877362489700317383e-01,4.684901237487792969e-02,1.192461233586072922e-03,0.000000000000000000e+00,0.000000000000000000e+00
3.492265343666076660e-01,2.356905117630958557e-02,1.135360449552536011e-03,0.000000000000000000e+00,0.000000000000000000e+00
4.164367318153381348e-01,3.167936205863952637e-02,9.964311029762029648e-04,0.000000000000000000e+00,0.000000000000000000e+00
3.264988660812377930e-01,2.250298112630844116e-02,1.014690380543470383e-03,0.000000000000000000e+00,0.000000000000000000e+00
6.433867812156677246e-01,5.550996586680412292e-02,8.828713907860219479e-04,0.000000000000000000e+00,0.000000000000000000e+00
3.294036388397216797e-01,2.344828844070434570e-02,9.492075769230723381e-04,0.000000000000000000e+00,0.000000000000000000e+00
4.958852231502532959e-01,3.836818784475326538e-02,1.122033223509788513e-03,0.000000000000000000e+00,0.000000000000000000e+00
4.005069732666015625e-01,2.826137095689773560e-02,1.178932609036564827e-03,0.000000000000000000e+00,0.000000000000000000e+00
3.346202969551086426e-01,2.181119099259376526e-02,1.165083842352032661e-03,0.000000000000000000e+00,0.000000000000000000e+00
3.003689050674438477e-01,2.194833382964134216e-02,8.088555186986923218e-04,0.000000000000000000e+00,0.000000000000000000e+00
3.115356564521789551e-01,2.283320203423500061e-02,8.320365450344979763e-04,0.000000000000000000e+00,0.000000000000000000e+00
4.774885773658752441e-01,3.869915008544921875e-02,9.049709187820553780e-04,0.000000000000000000e+00,0.000000000000000000e+00
2.629041075706481934e-01,1.752031594514846802e-02,8.770095882937312126e-04,0.000000000000000000e+00,0.000000000000000000e+00
3.203275501728057861e-01,2.381786331534385681e-02,8.214890258386731148e-04,0.000000000000000000e+00,0.000000000000000000e+00
6.505684256553649902e-01,5.661378055810928345e-02,8.443065453320741653e-04,0.000000000000000000e+00,0.000000000000000000e+00
3.970766365528106689e-01,2.825262024998664856e-02,1.145504415035247803e-03,0.000000000000000000e+00,0.000000000000000000e+00
3.660606741905212402e-01,2.286787331104278564e-02,1.373819308355450630e-03,0.000000000000000000e+00,0.000000000000000000e+00
3.445671498775482178e-01,2.215882577002048492e-02,1.229788875207304955e-03,0.000000000000000000e+00,0.000000000000000000e+00
3.063652515411376953e-01,2.108734659850597382e-02,9.549177484586834908e-04,0.000000000000000000e+00,0.000000000000000000e+00
2.973946332931518555e-01,2.315014228224754333e-02,6.589319091290235519e-04,0.000000000000000000e+00,0.000000000000000000e+00
4.145218729972839355e-01,3.379539027810096741e-02,7.656797533854842186e-04,0.000000000000000000e+00,0.000000000000000000e+00
5.546514391899108887e-01,4.618452116847038269e-02,9.280620142817497253e-04,0.000000000000000000e+00,0.000000000000000000e+00
3.749531507492065430e-01,2.804552763700485229e-02,9.449784411117434502e-04,0.000000000000000000e+00,0.000000000000000000e+00
3.031814694404602051e-01,2.298635244369506836e-02,7.331792730838060379e-04,0.000000000000000000e+00,0.000000000000000000e+00
2.709129750728607178e-01,1.945628970861434937e-02,7.635006913915276527e-04,0.000000000000000000e+00,0.000000000000000000e+00
4.082015156745910645e-01,3.285026550292968750e-02,7.969887228682637215e-04,0.000000000000000000e+00,0.000000000000000000e+00
2.962410748004913330e-01,2.031569555401802063e-02,9.308412554673850536e-04,0.000000000000000000e+00,0.000000000000000000e+00
3.055075705051422119e-01,2.146620489656925201e-02,9.084552293643355370e-04,0.000000000000000000e+00,0.000000000000000000e+00
2.832803130149841309e-01,2.043348550796508789e-02,7.894544978626072407e-04,0.000000000000000000e+00,0.000000000000000000e+00
8.646124601364135742e-01,7.958017289638519287e-02,6.881071021780371666e-04,0.000000000000000000e+00,0.000000000000000000e+00
3.064976930618286133e-01,2.307769656181335449e-02,7.572073955088853836e-04,0.000000000000000000e+00,0.000000000000000000e+00
4.344382286071777344e-01,3.552890568971633911e-02,7.914919988252222538e-04,0.000000000000000000e+00,0.000000000000000000e+00
5.850333571434020996e-01,5.001237615942955017e-02,8.490963373333215714e-04,0.000000000000000000e+00,0.000000000000000000e+00
3.477186858654022217e-01,2.669931948184967041e-02,8.072549826465547085e-04,0.000000000000000000e+00,0.000000000000000000e+00
4.573343396186828613e-01,3.579904139041900635e-02,9.934393456205725670e-04,0.000000000000000000e+00,0.000000000000000000e+00
4.012491703033447266e-01,2.646426856517791748e-02,1.366065000183880329e-03,0.000000000000000000e+00,0.000000000000000000e+00
3.783341646194458008e-01,2.463071420788764954e-02,1.320270355790853500e-03,0.000000000000000000e+00,0.000000000000000000e+00
3.389663100242614746e-01,2.162104845046997070e-02,1.227558357641100883e-03,0.000000000000000000e+00,0.000000000000000000e+00
3.448166847229003906e-01,2.620569989085197449e-02,8.275968139059841633e-04,0.000000000000000000e+00,0.000000000000000000e+00
3.225339949131011963e-01,2.337146550416946411e-02,8.881933754310011864e-04,0.000000000000000000e+00,0.000000000000000000e+00
3.193056881427764893e-01,2.174238860607147217e-02,1.018818002194166183e-03,0.000000000000000000e+00,0.000000000000000000e+00
2.945478856563568115e-01,1.903747394680976868e-02,1.041731447912752628e-03,0.000000000000000000e+00,0.000000000000000000e+00
3.597196936607360840e-01,2.666894719004631042e-02,9.303019614890217781e-04,0.000000000000000000e+00,0.000000000000000000e+00
2.555070519447326660e-01,1.937700808048248291e-02,6.173698347993195057e-04,0.000000000000000000e+00,0.000000000000000000e+00
2.613027393817901611e-01,2.015776187181472778e-02,5.972512881271541119e-04,0.000000000000000000e+00,0.000000000000000000e+00
4.412055015563964844e-01,3.803075850009918213e-02,6.089792586863040924e-04,0.000000000000000000e+00,0.000000000000000000e+00
4.573807120323181152e-01,3.592955693602561951e-02,9.808514732867479324e-04,0.000000000000000000e+00,0.000000000000000000e+00
3.998623490333557129e-01,2.777619101107120514e-02,1.221004524268209934e-03,0.000000000000000000e+00,0.000000000000000000e+00
3.026172220706939697e-01,1.930191367864608765e-02,1.095980871468782425e-03,0.000000000000000000e+00,0.000000000000000000e+00
3.623167872428894043e-01,2.761377766728401184e-02,8.617902058176696301e-04,0.000000000000000000e+00,0.000000000000000000e+00
3.392263650894165039e-01,2.544625476002693176e-02,8.476383518427610397e-04,0.000000000000000000e+00,0.000000000000000000e+00
3.257443308830261230e-01,2.464616298675537109e-02,7.928268751129508018e-04,0.000000000000000000e+00,0.000000000000000000e+00
3.857545256614685059e-01,2.923345193266868591e-02,9.341999539174139500e-04,0.000000000000000000e+00,0.000000000000000000e+00
2.556112110614776611e-01,1.842730864882469177e-02,7.133811013773083687e-04,0.000000000000000000e+00,0.000000000000000000e+00
2.734045386314392090e-01,2.007627487182617188e-02,7.264178711920976639e-04,0.000000000000000000e+00,0.000000000000000000e+00
4.588913917541503906e-01,3.895464539527893066e-02,6.934494595043361187e-04,0.000000000000000000e+00,0.000000000000000000e+00
3.461144864559173584e-01,2.744988165795803070e-02,7.161565590649843216e-04,0.000000000000000000e+00,0.000000000000000000e+00
3.309950232505798340e-01,2.466399781405925751e-02,8.435503114014863968e-04,0.000000000000000000e+00,0.000000000000000000e+00
3.065991699695587158e-01,2.318770438432693481e-02,7.472213474102318287e-04,0.000000000000000000e+00,0.000000000000000000e+00
6.132955551147460938e-01,5.530531704425811768e-02,6.024243775755167007e-04,0.000000000000000000e+00,0.000000000000000000e+00
4.270721077919006348e-01,3.636690229177474976e-02,6.340306717902421951e-04,0.000000000000000000e+00,0.000000000000000000e+00
2.278096377849578857e-01,1.622246950864791870e-02,6.558494642376899719e-04,0.000000000000000000e+00,0.000000000000000000e+00
2.571844458580017090e-01,1.819067820906639099e-02,7.527766283601522446e-04,0.000000000000000000e+00,0.000000000000000000e+00
4.182017445564270020e-01,3.533111140131950378e-02,6.489062798209488392e-04,0.000000000000000000e+00,0.000000000000000000e+00
4.093341231346130371e-01,3.355520963668823242e-02,7.378202280960977077e-04,0.000000000000000000e+00,0.000000000000000000e+00
4.333513677120208740e-01,3.487577661871910095e-02,8.459360105916857719e-04,0.000000000000000000e+00,0.000000000000000000e+00
3.182443678379058838e-01,2.133980207145214081e-02,1.048463396728038788e-03,0.000000000000000000e+00,0.000000000000000000e+00
4.496077895164489746e-01,3.289661556482315063e-02,1.206416403874754906e-03,0.000000000000000000e+00,0.000000000000000000e+00
4.871723949909210205e-01,3.815092891454696655e-02,1.056630979292094707e-03,0.000000000000000000e+00,0.000000000000000000e+00
3.224274516105651855e-01,2.283033914864063263e-02,9.412405197508633137e-04,0.000000000000000000e+00,0.000000000000000000e+00
3.592939674854278564e-01,2.747985348105430603e-02,8.449542801827192307e-04,0.000000000000000000e+00,0.000000000000000000e+00
2.820895314216613770e-01,1.956161856651306152e-02,8.647334761917591095e-04,0.000000000000000000e+00,0.000000000000000000e+00
3.386644124984741211e-01,2.530119195580482483e-02,8.565249154344201088e-04,0.000000000000000000e+00,0.000000000000000000e+00
2.933565080165863037e-01,2.153763547539710999e-02,7.798015722073614597e-04,0.000000000000000000e+00,0.000000000000000000e+00
3.262741565704345703e-01,2.507627010345458984e-02,7.551144226454198360e-04,0.000000000000000000e+00,0.000000000000000000e+00
2.692227065563201904e-01,1.989807933568954468e-02,7.024190854281187057e-04,0.000000000000000000e+00,0.000000000000000000e+00
3.437657058238983154e-01,2.794061601161956787e-02,6.435953546315431595e-04,0.000000000000000000e+00,0.000000000000000000e+00
2.611205279827117920e-01,1.868360117077827454e-02,7.428452372550964355e-04,0.000000000000000000e+00,0.000000000000000000e+00
3.603517115116119385e-01,2.899043075740337372e-02,7.044741068966686726e-04,0.000000000000000000e+00,0.000000000000000000e+00
2.695498466491699219e-01,1.972573995590209961e-02,7.229243637993931770e-04,0.000000000000000000e+00,0.000000000000000000e+00
2.746428549289703369e-01,2.095571719110012054e-02,6.508567603304982185e-04,0.000000000000000000e+00,0.000000000000000000e+00
2.677634358406066895e-01,1.949090883135795593e-02,7.285432657226920128e-04,0.000000000000000000e+00,0.000000000000000000e+00
2.778109312057495117e-01,2.102934382855892181e-02,6.751749897375702858e-04,0.000000000000000000e+00,0.000000000000000000e+00
3.971216082572937012e-01,3.295342624187469482e-02,6.758733652532100677e-04,0.000000000000000000e+00,0.000000000000000000e+00
2.863339781761169434e-01,2.307702787220478058e-02,5.556370597332715988e-04,0.000000000000000000e+00,0.000000000000000000e+00
5.388283729553222656e-01,4.813049733638763428e-02,5.752340657636523247e-04,0.000000000000000000e+00,0.000000000000000000e+00
2.814778089523315430e-01,2.061324566602706909e-02,7.534533506259322166e-04,0.000000000000000000e+00,0.000000000000000000e+00
2.558583617210388184e-01,1.871633157134056091e-02,6.869503413327038288e-04,0.000000000000000000e+00,0.000000000000000000e+00
3.661139905452728271e-01,3.030701912939548492e-02,6.304379785433411598e-04,0.000000000000000000e+00,0.000000000000000000e+00
3.512970805168151855e-01,2.954188361763954163e-02,5.587824853137135506e-04,0.000000000000000000e+00,0.000000000000000000e+00
2.348053753376007080e-01,1.713929884135723114e-02,6.341237458400428295e-04,0.000000000000000000e+00,0.000000000000000000e+00
2.852602005004882812e-01,2.251023054122924805e-02,6.015789695084095001e-04,0.000000000000000000e+00,0.000000000000000000e+00
3.807941079139709473e-01,3.177763521671295166e-02,6.301777320913970470e-04,0.000000000000000000e+00,0.000000000000000000e+00
3.376930952072143555e-01,2.732505276799201965e-02,6.444258615374565125e-04,0.000000000000000000e+00,0.000000000000000000e+00
5.856075882911682129e-01,5.263020098209381104e-02,5.930562620051205158e-04,0.000000000000000000e+00,0.000000000000000000e+00
3.257750868797302246e-01,2.434457838535308838e-02,8.232928812503814697e-04,0.000000000000000000e+00,0.000000000000000000e+00
3.803667724132537842e-01,2.885555103421211243e-02,9.181127534247934818e-04,0.000000000000000000e+00,0.000000000000000000e+00
4.908409714698791504e-01,3.765817731618881226e-02,1.142591936513781548e-03,0.000000000000000000e+00,0.000000000000000000e+00
3.092061877250671387e-01,2.212402969598770142e-02,8.796590263955295086e-04,0.000000000000000000e+00,0.000000000000000000e+00
3.099321722984313965e-01,2.215414494276046753e-02,8.839073125272989273e-04,0.000000000000000000e+00,0.000000000000000000e+00
3.267906010150909424e-01,2.425658144056797028e-02,8.422479149885475636e-04,0.000000000000000000e+00,0.000000000000000000e+00
5.105691552162170410e-01,4.369919374585151672e-02,7.357724243775010109e-04,0.000000000000000000e+00,0.000000000000000000e+00
2.885466814041137695e-01,2.042545005679130554e-02,8.429215522482991219e-04,0.000000000000000000e+00,0.000000000000000000e+00
3.037673830986022949e-01,2.175717055797576904e-02,8.619566215202212334e-04,0.000000000000000000e+00,0.000000000000000000e+00
2.433974146842956543e-01,1.748620532453060150e-02,6.853536469861865044e-04,0.000000000000000000e+00,0.000000000000000000e+00
3.284605443477630615e-01,2.662659995257854462e-02,6.219454808160662651e-04,0.000000000000000000e+00,0.000000000000000000e+00
5.082859992980957031e-01,4.491364210844039917e-02,5.914958310313522816e-04,0.000000000000000000e+00,0.000000000000000000e+00
3.760518729686737061e-01,2.967656403779983521e-02,7.928624982014298439e-04,0.000000000000000000e+00,0.000000000000000000e+00
4.101747274398803711e-01,3.036027774214744568e-02,1.065719290636479855e-03,0.000000000000000000e+00,0.000000000000000000e+00
5.490177869796752930e-01,4.327593743801116943e-02,1.162584288977086544e-03,0.000000000000000000e+00,0.000000000000000000e+00
3.752479553222656250e-01,2.321575954556465149e-02,1.430903794243931770e-03,0.000000000000000000e+00,0.000000000000000000e+00
4.222850501537322998e-01,2.965342625975608826e-02,1.257507828995585442e-03,0.000000000000000000e+00,0.000000000000000000e+00
2.982300817966461182e-01,1.943049207329750061e-02,1.039251685142517090e-03,0.000000000000000000e+00,0.000000000000000000e+00
3.710033297538757324e-01,2.772729843854904175e-02,9.373034117743372917e-04,0.000000000000000000e+00,0.000000000000000000e+00
3.450682461261749268e-01,2.705896645784378052e-02,7.447860552929341793e-04,0.000000000000000000e+00,0.000000000000000000e+00
2.672322094440460205e-01,1.876066997647285461e-02,7.962551899254322052e-04,0.000000000000000000e+00,0.000000000000000000e+00
4.004638791084289551e-01,3.382119908928871155e-02,6.225188262760639191e-04,0.000000000000000000e+00,0.000000000000000000e+00
2.749884128570556641e-01,2.202121540904045105e-02,5.477624945342540741e-04,0.000000000000000000e+00,0.000000000000000000e+00
3.449273705482482910e-01,2.879263833165168762e-02,5.700099281966686249e-04,0.000000000000000000e+00,0.000000000000000000e+00
2.855612933635711670e-01,2.206637896597385406e-02,6.489750230684876442e-04,0.000000000000000000e+00,0.000000000000000000e+00
2.998369932174682617e-01,2.343361079692840576e-02,6.550089456140995026e-04,0.000000000000000000e+00,0.000000000000000000e+00
3.014639616012573242e-01,2.296898141503334045e-02,7.177414954639971256e-04,0.000000000000000000e+00,0.000000000000000000e+00
2.551424801349639893e-01,1.999756507575511932e-02,5.516682285815477371e-04,0.000000000000000000e+00,0.000000000000000000e+00
2.670676410198211670e-01,2.104873396456241608e-02,5.658031441271305084e-04,0.000000000000000000e+00,0.000000000000000000e+00
3.246508240699768066e-01,2.686213329434394836e-02,5.602950113825500011e-04,0.000000000000000000e+00,0.000000000000000000e+00
2.296791225671768188e-01,1.688128523528575897e-02,6.086626672185957432e-04,0.000000000000000000e+00,0.000000000000000000e+00
3.476014733314514160e-01,2.949528023600578308e-02,5.264866049401462078e-04,0.000000000000000000e+00,0.000000000000000000e+00
2.713056206703186035e-01,2.102026157081127167e-02,6.110298563726246357e-04,0.000000000000000000e+00,0.000000000000000000e+00
2.842769026756286621e-01,2.220958843827247620e-02,6.218103226274251938e-04,0.000000000000000000e+00,0.000000000000000000e+00
3.508049845695495605e-01,2.747608534991741180e-02,7.604415295645594597e-04,0.000000000000000000e+00,0.000000000000000000e+00
2.464652210474014282e-01,1.696165837347507477e-02,7.684864103794097900e-04,0.000000000000000000e+00,0.000000000000000000e+00
2.750290632247924805e-01,2.128339745104312897e-02,6.219509523361921310e-04,0.000000000000000000e+00,0.000000000000000000e+00
6.737853884696960449e-01,6.277743726968765259e-02,4.601100808940827847e-04,0.000000000000000000e+00,0.000000000000000000e+00
3.563829064369201660e-01,3.023271635174751282e-02,5.405574338510632515e-04,0.000000000000000000e+00,0.000000000000000000e+00
6.217965483665466309e-01,5.608809739351272583e-02,6.091560353524982929e-04,0.000000000000000000e+00,0.000000000000000000e+00
2.491832226514816284e-01,1.947729662060737610e-02,5.441026878543198109e-04,0.000000000000000000e+00,0.000000000000000000e+00
2.837461829185485840e-01,2.034491300582885742e-02,8.029703749343752861e-04,0.000000000000000000e+00,0.000000000000000000e+00
3.546816110610961914e-01,2.771738357841968536e-02,7.750774966552853584e-04,0.000000000000000000e+00,0.000000000000000000e+00
2.783229649066925049e-01,1.928696408867835999e-02,8.545332821086049080e-04,0.000000000000000000e+00,0.000000000000000000e+00
2.433250844478607178e-01,1.616653800010681152e-02,8.165971376001834869e-04,0.000000000000000000e+00,0.000000000000000000e+00
2.775504589080810547e-01,2.176500484347343445e-02,5.990039790049195290e-04,0.000000000000000000e+00,0.000000000000000000e+00
2.444009929895401001e-01,1.842757686972618103e-02,6.012521917000412941e-04,0.000000000000000000e+00,0.000000000000000000e+00
2.178752720355987549e-01,1.673574000597000122e-02,5.051787011325359344e-04,0.000000000000000000e+00,0.000000000000000000e+00
2.426138222217559814e-01,1.910126581788063049e-02,5.160117289051413536e-04,0.000000000000000000e+00,0.000000000000000000e+00
2.110754698514938354e-01,1.632235758006572723e-02,4.785189521498978138e-04,0.000000000000000000e+00,0.000000000000000000e+00
2.706081867218017578e-01,2.267009764909744263e-02,4.390720860101282597e-04,0.000000000000000000e+00,0.000000000000000000e+00
3.131603896617889404e-01,2.688815072178840637e-02,4.427889361977577209e-04,0.000000000000000000e+00,0.000000000000000000e+00
6.695017814636230469e-01,6.166844069957733154e-02,5.281735793687403202e-04,0.000000000000000000e+00,0.000000000000000000e+00
3.651513755321502686e-01,2.851814962923526764e-02,7.996987551450729370e-04,0.000000000000000000e+00,0.000000000000000000e+00
3.173120021820068359e-01,2.063768915832042694e-02,1.109351171180605888e-03,0.000000000000000000e+00,0.000000000000000000e+00
3.089708387851715088e-01,1.803056895732879639e-02,1.286651473492383957e-03,0.000000000000000000e+00,0.000000000000000000e+00
4.528286457061767578e-01,3.262963145971298218e-02,1.265323255211114883e-03,0.000000000000000000e+00,0.000000000000000000e+00
3.231267929077148438e-01,2.164779603481292725e-02,1.066488446667790413e-03,0.000000000000000000e+00,0.000000000000000000e+00
2.995023429393768311e-01,2.119095623493194580e-02,8.759277989156544209e-04,0.000000000000000000e+00,0.000000000000000000e+00
2.578198611736297607e-01,1.931194774806499481e-02,6.470037624239921570e-04,0.000000000000000000e+00,0.000000000000000000e+00
5.577976107597351074e-01,5.011899024248123169e-02,5.660773604176938534e-04,0.000000000000000000e+00,0.000000000000000000e+00
2.668312788009643555e-01,2.136997506022453308e-02,5.313152214512228966e-04,0.000000000000000000e+00,0.000000000000000000e+00
2.539170980453491211e-01,1.966575719416141510e-02,5.725952214561402798e-04,0.000000000000000000e+00,0.000000000000000000e+00
2.346628904342651367e-01,1.775396615266799927e-02,5.712322308681905270e-04,0.000000000000000000e+00,0.000000000000000000e+00
2.713614404201507568e-01,2.207923866808414459e-02,5.056906957179307938e-04,0.000000000000000000e+00,0.000000000000000000e+00
3.020140528678894043e-01,2.458177879452705383e-02,5.619626026600599289e-04,0.000000000000000000e+00,0.000000000000000000e+00
2.308408915996551514e-01,1.867390237748622894e-02,4.410186375025659800e-04,0.000000000000000000e+00,0.000000000000000000e+00
1.805530637502670288e-01,1.328108739107847214e-02,4.774218541570007801e-04,0.000000000000000000e+00,0.000000000000000000e+00
2.088138163089752197e-01,1.612471044063568115e-02,4.756671260111033916e-04,0.000000000000000000e+00,0.000000000000000000e+00
2.291756272315979004e-01,1.732522249221801758e-02,5.592339439317584038e-04,0.000000000000000000e+00,0.000000000000000000e+00
3.013308048248291016e-01,2.518866583704948425e-02,4.944413667544722557e-04,0.000000000000000000e+00,0.000000000000000000e+00
1.981188058853149414e-01,1.524441409856081009e-02,4.567467258311808109e-04,0.000000000000000000e+00,0.000000000000000000e+00
2.814138233661651611e-01,2.298473939299583435e-02,5.156642291694879532e-04,0.000000000000000000e+00,0.000000000000000000e+00
2.511794567108154297e-01,2.028686739504337311e-02,4.831077239941805601e-04,0.000000000000000000e+00,0.000000000000000000e+00
2.281767427921295166e-01,1.791612617671489716e-02,4.901548381894826889e-04,0.000000000000000000e+00,0.000000000000000000e+00
2.009191811084747314e-01,1.485709473490715027e-02,5.234822165220975876e-04,0.000000000000000000e+00,0.000000000000000000e+00
5.862097144126892090e-01,5.446163192391395569e-02,4.159336676821112633e-04,0.000000000000000000e+00,0.000000000000000000e+00
2.396585941314697266e-01,1.979876682162284851e-02,4.167091974522918463e-04,0.000000000000000000e+00,0.000000000000000000e+00
2.000859081745147705e-01,1.613290980458259583e-02,3.875681140925735235e-04,0.000000000000000000e+00,0.000000000000000000e+00
3.860008418560028076e-01,3.435931354761123657e-02,4.240772395860403776e-04,0.000000000000000000e+00,0.000000000000000000e+00
2.043621391057968140e-01,1.613624393939971924e-02,4.299970169086009264e-04,0.000000000000000000e+00,0.000000000000000000e+00
3.990955948829650879e-01,3.575444966554641724e-02,4.155111673753708601e-04,0.000000000000000000e+00,0.000000000000000000e+00
2.908605039119720459e-01,2.435622736811637878e-02,4.729821812361478806e-04,0.000000000000000000e+00,0.000000000000000000e+00
2.356835752725601196e-01,1.776822842657566071e-02,5.800129147246479988e-04,0.000000000000000000e+00,0.000000000000000000e+00
2.207981050014495850e-01,1.671148091554641724e-02,5.368329002521932125e-04,0.000000000000000000e+00,0.000000000000000000e+00
4.101421535015106201e-01,3.582116588950157166e-02,5.193049437366425991e-04,0.000000000000000000e+00,0.000000000000000000e+00
2.529525160789489746e-01,1.997565850615501404e-02,5.319592310115695000e-04,0.000000000000000000e+00,0.000000000000000000e+00
2.328810542821884155e-01,1.844158396124839783e-02,4.846520314458757639e-04,0.000000000000000000e+00,0.000000000000000000e+00
2.632122039794921875e-01,2.155938744544982910e-02,4.761831951327621937e-04,0.000000000000000000e+00,0.000000000000000000e+00
2.135656476020812988e-01,1.709884777665138245e-02,4.257718392182141542e-04,0.000000000000000000e+00,0.000000000000000000e+00
2.920885384082794189e-01,2.461040765047073364e-02,4.598447121679782867e-04,0.000000000000000000e+00,0.000000000000000000e+00
9.195668101310729980e-01,8.768297731876373291e-02,4.273704835213720798e-04,0.000000000000000000e+00,0.000000000000000000e+00
2.294080853462219238e-01,1.785599440336227417e-02,5.084813456051051617e-04,0.000000000000000000e+00,0.000000000000000000e+00
5.949470996856689453e-01,5.459742248058319092e-02,4.897282342426478863e-04,0.000000000000000000e+00,0.000000000000000000e+00
2.608692944049835205e-01,1.995734497904777527e-02,6.129584508016705513e-04,0.000000000000000000e+00,0.000000000000000000e+00
2.496043443679809570e-01,1.774612441658973694e-02,7.214311044663190842e-04,0.000000000000000000e+00,0.000000000000000000e+00
2.349397242069244385e-01,1.672069169580936432e-02,6.773282075300812721e-04,0.000000000000000000e+00,0.000000000000000000e+00
2.064467668533325195e-01,1.415425911545753479e-02,6.490419036708772182e-04,0.000000000000000000e+00,0.000000000000000000e+00
3.199240267276763916e-01,2.626303210854530334e-02,5.729370750486850739e-04,0.000000000000000000e+00,0.000000000000000000e+00
2.859658598899841309e-01,2.210688218474388123e-02,6.489704828709363937e-04,0.000000000000000000e+00,0.000000000000000000e+00
2.201425284147262573e-01,1.540340483188629150e-02,6.610847776755690575e-04,0.000000000000000000e+00,0.000000000000000000e+00
3.818960487842559814e-01,3.242305666208267212e-02,5.766550311818718910e-04,0.000000000000000000e+00,0.000000000000000000e+00
2.410997003316879272e-01,1.846162043511867523e-02,5.648349178954958916e-04,0.000000000000000000e+00,0.000000000000000000e+00
2.525881230831146240e-01,1.979884132742881775e-02,5.459970561787486076e-04,0.000000000000000000e+00,0.000000000000000000e+00
1.913250237703323364e-01,1.368590351194143295e-02,5.446599679999053478e-04,0.000000000000000000e+00,0.000000000000000000e+00
4.085443019866943359e-01,3.598545491695404053e-02,4.868975956924259663e-04,0.000000000000000000e+00,0.000000000000000000e+00
5.164835453033447266e-01,4.716949909925460815e-02,4.478852788452059031e-04,0.000000000000000000e+00,0.000000000000000000e+00
3.831096887588500977e-01,3.362842276692390442e-02,4.682548460550606251e-04,0.000000000000000000e+00,0.000000000000000000e+00
2.738033831119537354e-01,2.097792550921440125e-02,6.402411381714046001e-04,0.000000000000000000e+00,0.000000000000000000e+00
2.605032920837402344e-01,1.904700696468353271e-02,7.003321079537272453e-04,0.000000000000000000e+00,0.000000000000000000e+00
2.263638675212860107e-01,1.650915108621120453e-02,6.127235246822237968e-04,0.000000000000000000e+00,0.000000000000000000e+00
2.853438258171081543e-01,2.197382599115371704e-02,6.560555193573236465e-04,0.000000000000000000e+00,0.000000000000000000e+00
2.257549911737442017e-01,1.756674796342849731e-02,5.008751177228987217e-04,0.000000000000000000e+00,0.000000000000000000e+00
2.407011389732360840e-01,1.930029690265655518e-02,4.769817751366645098e-04,0.000000000000000000e+00,0.000000000000000000e+00
2.966049909591674805e-01,2.540238387882709503e-02,4.258115077391266823e-04,0.000000000000000000e+00,0.000000000000000000e+00
2.078157365322113037e-01,1.667155884206295013e-02,4.110013833269476891e-04,0.000000000000000000e+00,0.000000000000000000e+00
2.293008863925933838e-01,1.896137185394763947e-02,3.968717064708471298e-04,0.000000000000000000e+00,0.000000000000000000e+00
2.411375492811203003e-01,2.024822123348712921e-02,3.865534381475299597e-04,0.000000000000000000e+00,0.000000000000000000e+00
6.194471716880798340e-01,5.747760087251663208e-02,4.467117250896990299e-04,0.000000000000000000e+00,0.000000000000000000e+00
2.115479856729507446e-01,1.613927073776721954e-02,5.015528295189142227e-04,0.000000000000000000e+00,0.000000000000000000e+00
2.066697180271148682e-01,1.640630140900611877e-02,4.260670975781977177e-04,0.000000000000000000e+00,0.000000000000000000e+00
2.631749510765075684e-01,2.089296095073223114e-02,5.424534901976585388e-04,0.000000000000000000e+00,0.000000000000000000e+00
2.325455993413925171e-01,1.848795264959335327e-02,4.766607307828962803e-04,0.000000000000000000e+00,0.000000000000000000e+00
2.999900579452514648e-01,2.562809735536575317e-02,4.370909882709383965e-04,0.000000000000000000e+00,0.000000000000000000e+00
2.978581190109252930e-01,2.458493411540985107e-02,5.200878949835896492e-04,0.000000000000000000e+00,0.000000000000000000e+00
2.287878990173339844e-01,1.812843792140483856e-02,4.750351072289049625e-04,0.000000000000000000e+00,0.000000000000000000e+00
2.406261563301086426e-01,1.901975460350513458e-02,5.042860866524279118e-04,0.000000000000000000e+00,0.000000000000000000e+00
1.958035081624984741e-01,1.508923806250095367e-02,4.491113068070262671e-04,0.000000000000000000e+00,0.000000000000000000e+00
1.874015182256698608e-01,1.431735418736934662e-02,4.422797064762562513e-04,0.000000000000000000e+00,0.000000000000000000e+00
3.424035608768463135e-01,3.072400391101837158e-02,3.516352444421499968e-04,0.000000000000000000e+00,0.000000000000000000e+00
2.688672244548797607e-01,2.350536920130252838e-02,3.381354035809636116e-04,0.000000000000000000e+00,0.000000000000000000e+00
2.216664850711822510e-01,1.848351024091243744e-02,3.683138638734817505e-04,0.000000000000000000e+00,0.000000000000000000e+00
2.755400538444519043e-01,2.321401238441467285e-02,4.339993465691804886e-04,0.000000000000000000e+00,0.000000000000000000e+00
2.578306794166564941e-01,2.099447697401046753e-02,4.788590886164456606e-04,0.000000000000000000e+00,0.000000000000000000e+00
2.744680643081665039e-01,2.292478270828723907e-02,4.522022500168532133e-04,0.000000000000000000e+00,0.000000000000000000e+00
2.133263051509857178e-01,1.523735933005809784e-02,6.095269927754998207e-04,0.000000000000000000e+00,0.000000000000000000e+00
2.764675617218017578e-01,2.156067267060279846e-02,6.086083012633025646e-04,0.000000000000000000e+00,0.000000000000000000e+00
2.311808168888092041e-01,1.756615191698074341e-02,5.551930516958236694e-04,0.000000000000000000e+00,0.000000000000000000e+00
2.957230508327484131e-01,2.383403852581977844e-02,5.738266045227646828e-04,0.000000000000000000e+00,0.000000000000000000e+00
1.956416815519332886e-01,1.386425178498029709e-02,5.699916509911417961e-04,0.000000000000000000e+00,0.000000000000000000e+00
2.101279497146606445e-01,1.708687469363212585e-02,3.925919590983539820e-04,0.000000000000000000e+00,0.000000000000000000e+00
1.908857673406600952e-01,1.497396267950534821e-02,4.114614566788077354e-04,0.000000000000000000e+00,0.000000000000000000e+00
2.632015943527221680e-01,2.245671674609184265e-02,3.863442689180374146e-04,0.000000000000000000e+00,0.000000000000000000e+00
2.084993422031402588e-01,1.690499298274517059e-02,3.944940399378538132e-04,0.000000000000000000e+00,0.000000000000000000e+00
2.594154477119445801e-01,2.240222133696079254e-02,3.539323224686086178e-04,0.000000000000000000e+00,0.000000000000000000e+00
2.078665345907211304e-01,1.687143556773662567e-02,3.915217821486294270e-04,0.000000000000000000e+00,0.000000000000000000e+00
2.133588343858718872e-01,1.741303130984306335e-02,3.922850883100181818e-04,0.000000000000000000e+00,0.000000000000000000e+00
3.001435399055480957e-01,2.617680467665195465e-02,3.837551339529454708e-04,0.000000000000000000e+00,0.000000000000000000e+00
2.802552282810211182e-01,2.313255891203880310e-02,4.892962751910090446e-04,0.000000000000000000e+00,0.000000000000000000e+00
2.015852034091949463e-01,1.513731293380260468e-02,5.021207034587860107e-04,0.000000000000000000e+00,0.000000000000000000e+00
3.699945211410522461e-01,3.181604668498039246e-02,5.183403263799846172e-04,0.000000000000000000e+00,0.000000000000000000e+00
2.577848136425018311e-01,1.995225250720977783e-02,5.826230044476687908e-04,0.000000000000000000e+00,0.000000000000000000e+00
2.851864695549011230e-01,2.310606464743614197e-02,5.412582540884613991e-04,0.000000000000000000e+00,0.000000000000000000e+00
2.421327084302902222e-01,1.820201799273490906e-02,6.011252407915890217e-04,0.000000000000000000e+00,0.000000000000000000e+00
2.883157432079315186e-01,2.254099771380424500e-02,6.290575256571173668e-04,0.000000000000000000e+00,0.000000000000000000e+00
2.090487480163574219e-01,1.587749831378459930e-02,5.027376464568078518e-04,0.000000000000000000e+00,0.000000000000000000e+00
2.111747562885284424e-01,1.731569133698940277e-02,3.801784187089651823e-04,0.000000000000000000e+00,0.000000000000000000e+00
1.773004829883575439e-01,1.400646381080150604e-02,3.723583649843931198e-04,0.000000000000000000e+00,0.000000000000000000e+00
3.669776618480682373e-01,3.309729695320129395e-02,3.600469790399074554e-04,0.000000000000000000e+00,0.000000000000000000e+00
1.910933405160903931e-01,1.509620435535907745e-02,4.013130092062056065e-04,0.000000000000000000e+00,0.000000000000000000e+00
1.910140812397003174e-01,1.558603160083293915e-02,3.515376010909676552e-04,0.000000000000000000e+00,0.000000000000000000e+00
1.943134069442749023e-01,1.625430211424827576e-02,3.177038161084055901e-04,0.000000000000000000e+00,0.000000000000000000e+00
3.942096829414367676e-01,3.603292256593704224e-02,3.388045588508248329e-04,0.000000000000000000e+00,0.000000000000000000e+00
2.461551129817962646e-01,2.060376293957233429e-02,4.011747951153665781e-04,0.000000000000000000e+00,0.000000000000000000e+00
1.720392405986785889e-01,1.295924838632345200e-02,4.244676092639565468e-04,0.000000000000000000e+00,0.000000000000000000e+00
2.834032177925109863e-01,2.385050430893898010e-02,4.489818820729851723e-04,0.000000000000000000e+00,0.000000000000000000e+00
2.953022718429565430e-01,2.395026199519634247e-02,5.579964490607380867e-04,0.000000000000000000e+00,0.000000000000000000e+00
1.884796917438507080e-01,1.372066698968410492e-02,5.127302720211446285e-04,0.000000000000000000e+00,0.000000000000000000e+00
2.186989486217498779e-01,1.755009032785892487e-02,4.319804138503968716e-04,0.000000000000000000e+00,0.000000000000000000e+00
1.847980171442031860e-01,1.447652839124202728e-02,4.003272624686360359e-04,0.000000000000000000e+00,0.000000000000000000e+00
1.879187971353530884e-01,1.559009589254856110e-02,3.201784275006502867e-04,0.000000000000000000e+00,0.000000000000000000e+00
1.566821932792663574e-01,1.268620416522026062e-02,2.982014848385006189e-04,0.000000000000000000e+00,0.000000000000000000e+00
3.622177839279174805e-01,3.297006711363792419e-02,3.251711605116724968e-04,0.000000000000000000e+00,0.000000000000000000e+00
2.231050729751586914e-01,1.879864558577537537e-02,3.511860559228807688e-04,0.000000000000000000e+00,0.000000000000000000e+00
6.037513017654418945e-01,5.687171965837478638e-02,3.503412590362131596e-04,0.000000000000000000e+00,0.000000000000000000e+00
2.038607448339462280e-01,1.738928817212581635e-02,2.996785915456712246e-04,0.000000000000000000e+00,0.000000000000000000e+00
2.450388371944427490e-01,2.076893113553524017e-02,3.734953061211854219e-04,0.000000000000000000e+00,0.000000000000000000e+00
2.294364869594573975e-01,1.822642609477043152e-02,4.717221308965235949e-04,0.000000000000000000e+00,0.000000000000000000e+00
2.177498638629913330e-01,1.701516844332218170e-02,4.759817384183406830e-04,0.000000000000000000e+00,0.000000000000000000e+00
3.444320559501647949e-01,2.938318625092506409e-02,5.060018738731741905e-04,0.000000000000000000e+00,0.000000000000000000e+00
2.626822590827941895e-01,2.132429182529449463e-02,4.943934618495404720e-04,0.000000000000000000e+00,0.000000000000000000e+00
2.057558000087738037e-01,1.529488712549209595e-02,5.280693294480443001e-04,0.000000000000000000e+00,0.000000000000000000e+00
2.289911508560180664e-01,1.739874109625816345e-02,5.500373663380742073e-04,0.000000000000000000e+00,0.000000000000000000e+00
1.773209273815155029e-01,1.306959800422191620e-02,4.662494175136089325e-04,0.000000000000000000e+00,0.000000000000000000e+00
2.544729709625244141e-01,2.128056809306144714e-02,4.166727012488991022e-04,0.000000000000000000e+00,0.000000000000000000e+00
1.592927724123001099e-01,1.222224161028862000e-02,3.707036084961146116e-04,0.000000000000000000e+00,0.000000000000000000e+00
3.849168121814727783e-01,3.525355830788612366e-02,3.238123317714780569e-04,0.000000000000000000e+00,0.000000000000000000e+00
2.366866618394851685e-01,2.000941336154937744e-02,3.659253125078976154e-04,0.000000000000000000e+00,0.000000000000000000e+00
1.591738611459732056e-01,1.208093948662281036e-02,3.836447431240230799e-04,0.000000000000000000e+00,0.000000000000000000e+00
1.699756085872650146e-01,1.333046238869428635e-02,3.667098062578588724e-04,0.000000000000000000e+00,0.000000000000000000e+00
2.120668143033981323e-01,1.765270158648490906e-02,3.553978749550879002e-04,0.000000000000000000e+00,0.000000000000000000e+00
1.784167587757110596e-01,1.430044509470462799e-02,3.541230689734220505e-04,0.000000000000000000e+00,0.000000000000000000e+00
2.056888192892074585e-01,1.745290495455265045e-02,3.115977160632610321e-04,0.000000000000000000e+00,0.000000000000000000e+00
1.851529777050018311e-01,1.532191503793001175e-02,3.193383454345166683e-04,0.000000000000000000e+00,0.000000000000000000e+00
1.484669446945190430e-01,1.135651953518390656e-02,3.490176168270409107e-04,0.000000000000000000e+00,0.000000000000000000e+00
1.656738519668579102e-01,1.360326353460550308e-02,2.964121522381901741e-04,0.000000000000000000e+00,0.000000000000000000e+00
1.805026084184646606e-01,1.477009057998657227e-02,3.280169912613928318e-04,0.000000000000000000e+00,0.000000000000000000e+00
2.652415931224822998e-01,2.333676815032958984e-02,3.187390975654125214e-04,0.000000000000000000e+00,0.000000000000000000e+00
4.792579114437103271e-01,4.430323094129562378e-02,3.622557851485908031e-04,0.000000000000000000e+00,0.000000000000000000e+00
2.878730297088623047e-01,2.386193722486495972e-02,4.925365792587399483e-04,0.000000000000000000e+00,0.000000000000000000e+00
2.723850309848785400e-01,2.126892656087875366e-02,5.969575722701847553e-04,0.000000000000000000e+00,0.000000000000000000e+00
1.990461051464080811e-01,1.279451325535774231e-02,7.110098376870155334e-04,0.000000000000000000e+00,0.000000000000000000e+00
2.497419714927673340e-01,1.873624138534069061e-02,6.237956113182008266e-04,0.000000000000000000e+00,0.000000000000000000e+00
1.766555309295654297e-01,1.368992403149604797e-02,3.975629515480250120e-04,0.000000000000000000e+00,0.000000000000000000e+00
1.900048851966857910e-01,1.489444915205240250e-02,4.106038541067391634e-04,0.000000000000000000e+00,0.000000000000000000e+00
1.851361095905303955e-01,1.453671418130397797e-02,3.976896987296640873e-04,0.000000000000000000e+00,0.000000000000000000e+00
1.934500187635421753e-01,1.547259092330932617e-02,3.872411325573921204e-04,0.000000000000000000e+00,0.000000000000000000e+00
1.612756848335266113e-01,1.288111507892608643e-02,3.246453998144716024e-04,0.000000000000000000e+00,0.000000000000000000e+00
1.685237884521484375e-01,1.425374858081340790e-02,2.598630089778453112e-04,0.000000000000000000e+00,0.000000000000000000e+00
2.414919734001159668e-01,2.131506055593490601e-02,2.834136830642819405e-04,0.000000000000000000e+00,0.000000000000000000e+00
3.778120875358581543e-01,3.437503054738044739e-02,3.406179603189229965e-04,0.000000000000000000e+00,0.000000000000000000e+00
1.928472071886062622e-01,1.525936461985111237e-02,4.025356611236929893e-04,0.000000000000000000e+00,0.000000000000000000e+00
2.305112183094024658e-01,1.911794394254684448e-02,3.933177795261144638e-04,0.000000000000000000e+00,0.000000000000000000e+00
3.257549405097961426e-01,2.886035293340682983e-02,3.715141210705041885e-04,0.000000000000000000e+00,0.000000000000000000e+00
3.793688416481018066e-01,3.363316878676414490e-02,4.303716123104095459e-04,0.000000000000000000e+00,0.000000000000000000e+00
2.084299921989440918e-01,1.519913226366043091e-02,5.643867189064621925e-04,0.000000000000000000e+00,0.000000000000000000e+00
2.085689455270767212e-01,1.533106528222560883e-02,5.525829037651419640e-04,0.000000000000000000e+00,0.000000000000000000e+00
2.031826078891754150e-01,1.519729383289813995e-02,5.120967980474233627e-04,0.000000000000000000e+00,0.000000000000000000e+00
2.218010425567626953e-01,1.745095849037170410e-02,4.729146021418273449e-04,0.000000000000000000e+00,0.000000000000000000e+00
3.113544583320617676e-01,2.817568928003311157e-02,2.959757111966609955e-04,0.000000000000000000e+00,0.000000000000000000e+00
2.786911129951477051e-01,2.434363588690757751e-02,3.525474458001554012e-04,0.000000000000000000e+00,0.000000000000000000e+00
1.841843128204345703e-01,1.453718449920415878e-02,3.881247248500585556e-04,0.000000000000000000e+00,0.000000000000000000e+00
1.572796255350112915e-01,1.240361109375953674e-02,3.324351855553686619e-04,0.000000000000000000e+00,0.000000000000000000e+00
1.776175051927566528e-01,1.453841384500265121e-02,3.223337698727846146e-04,0.000000000000000000e+00,0.000000000000000000e+00
2.000402212142944336e-01,1.722773164510726929e-02,2.776290930341929197e-04,0.000000000000000000e+00,0.000000000000000000e+00
1.915569007396697998e-01,1.615531183779239655e-02,3.000379074364900589e-04,0.000000000000000000e+00,0.000000000000000000e+00
2.100726962089538574e-01,1.776782423257827759e-02,3.239445504732429981e-04,0.000000000000000000e+00,0.000000000000000000e+00
1.844946295022964478e-01,1.578799262642860413e-02,2.661470789462327957e-04,0.000000000000000000e+00,0.000000000000000000e+00
1.585655212402343750e-01,1.253748685121536255e-02,3.319065726827830076e-04,0.000000000000000000e+00,0.000000000000000000e+00
3.298059105873107910e-01,2.985981106758117676e-02,3.120779874734580517e-04,0.000000000000000000e+00,0.000000000000000000e+00
1.584806144237518311e-01,1.160985697060823441e-02,4.238203982822597027e-04,0.000000000000000000e+00,0.000000000000000000e+00
2.079730331897735596e-01,1.614823192358016968e-02,4.649070906452834606e-04,0.000000000000000000e+00,0.000000000000000000e+00
1.925652921199798584e-01,1.507698185741901398e-02,4.179547540843486786e-04,0.000000000000000000e+00,0.000000000000000000e+00
1.618158817291259766e-01,1.260526571422815323e-02,3.576322342269122601e-04,0.000000000000000000e+00,0.000000000000000000e+00
1.462512761354446411e-01,1.144299283623695374e-02,3.182134823873639107e-04,0.000000000000000000e+00,0.000000000000000000e+00
1.356368213891983032e-01,1.093799993395805359e-02,2.625682391226291656e-04,0.000000000000000000e+00,0.000000000000000000e+00
2.186863422393798828e-01,1.925548166036605835e-02,2.613152610138058662e-04,0.000000000000000000e+00,0.000000000000000000e+00
1.560365557670593262e-01,1.288079656660556793e-02,2.722860081121325493e-04,0.000000000000000000e+00,0.000000000000000000e+00
5.009554028511047363e-01,4.743571951985359192e-02,2.659819438122212887e-04,0.000000000000000000e+00,0.000000000000000000e+00
1.891292333602905273e-01,1.665784791111946106e-02,2.255075523862615228e-04,0.000000000000000000e+00,0.000000000000000000e+00
1.602358967065811157e-01,1.336900703608989716e-02,2.654582494869828224e-04,0.000000000000000000e+00,0.000000000000000000e+00
1.569178253412246704e-01,1.311250962316989899e-02,2.579273423179984093e-04,0.000000000000000000e+00,0.000000000000000000e+00
1.571700423955917358e-01,1.279337238520383835e-02,2.923631691373884678e-04,0.000000000000000000e+00,0.000000000000000000e+00
1.754229962825775146e-01,1.504116505384445190e-02,2.501134877093136311e-04,0.000000000000000000e+00,0.000000000000000000e+00
2.911333441734313965e-01,2.660560049116611481e-02,2.507732715457677841e-04,0.000000000000000000e+00,0.000000000000000000e+00
1.575822830200195312e-01,1.258007530122995377e-02,3.178151673637330532e-04,0.000000000000000000e+00,0.000000000000000000e+00
1.531803160905838013e-01,1.223878469318151474e-02,3.079246380366384983e-04,0.000000000000000000e+00,0.000000000000000000e+00
1.814256161451339722e-01,1.512616500258445740e-02,3.016395785380154848e-04,0.000000000000000000e+00,0.000000000000000000e+00
1.854858696460723877e-01,1.610189490020275116e-02,2.446692087687551975e-04,0.000000000000000000e+00,0.000000000000000000e+00
3.962140381336212158e-01,3.739565238356590271e-02,2.225750649813562632e-04,0.000000000000000000e+00,0.000000000000000000e+00
1.866215765476226807e-01,1.528102345764636993e-02,3.381135175004601479e-04,0.000000000000000000e+00,0.000000000000000000e+00
1.605053246021270752e-01,1.315888110548257828e-02,2.891650656238198280e-04,0.000000000000000000e+00,0.000000000000000000e+00
2.463212460279464722e-01,2.206285670399665833e-02,2.569268690422177315e-04,0.000000000000000000e+00,0.000000000000000000e+00
1.494499146938323975e-01,1.191797666251659393e-02,3.027015191037207842e-04,0.000000000000000000e+00,0.000000000000000000e+00
1.783762723207473755e-01,1.440136134624481201e-02,3.436265396885573864e-04,0.000000000000000000e+00,0.000000000000000000e+00
2.510754764080047607e-01,2.179515361785888672e-02,3.312393091619014740e-04,0.000000000000000000e+00,0.000000000000000000e+00
2.725526094436645508e-01,2.387787029147148132e-02,3.377389220986515284e-04,0.000000000000000000e+00,0.000000000000000000e+00
3.545839190483093262e-01,3.091152757406234741e-02,4.546862910501658916e-04,0.000000000000000000e+00,0.000000000000000000e+00
1.873426735401153564e-01,1.407622918486595154e-02,4.658037505578249693e-04,0.000000000000000000e+00,0.000000000000000000e+00
1.950109601020812988e-01,1.458813250064849854e-02,4.912962904199957848e-04,0.000000000000000000e+00,0.000000000000000000e+00
1.742388010025024414e-01,1.305667404085397720e-02,4.367204965092241764e-04,0.000000000000000000e+00,0.000000000000000000e+00
2.505003213882446289e-01,2.074521034955978394e-02,4.304820322431623936e-04,0.000000000000000000e+00,0.000000000000000000e+00
1.947145462036132812e-01,1.471903454512357712e-02,4.752419190481305122e-04,0.000000000000000000e+00,0.000000000000000000e+00
1.529915034770965576e-01,1.072949357330799103e-02,4.569657612591981888e-04,0.000000000000000000e+00,0.000000000000000000e+00
2.909009456634521484e-01,2.545969933271408081e-02,3.630393184721469879e-04,0.000000000000000000e+00,0.000000000000000000e+00
1.916381865739822388e-01,1.629852689802646637e-02,2.865291899070143700e-04,0.000000000000000000e+00,0.000000000000000000e+00
1.791194677352905273e-01,1.486629992723464966e-02,3.045646881218999624e-04,0.000000000000000000e+00,0.000000000000000000e+00
1.756776124238967896e-01,1.460334099829196930e-02,2.964420127682387829e-04,0.000000000000000000e+00,0.000000000000000000e+00
1.630656719207763672e-01,1.361258886754512787e-02,2.693977439776062965e-04,0.000000000000000000e+00,0.000000000000000000e+00
1.364434063434600830e-01,1.103126537054777145e-02,2.613074611872434616e-04,0.000000000000000000e+00,0.000000000000000000e+00
1.682561039924621582e-01,1.435524784028530121e-02,2.470361650921404362e-04,0.000000000000000000e+00,0.000000000000000000e+00
3.187001049518585205e-01,2.921669930219650269e-02,2.653310075402259827e-04,0.000000000000000000e+00,0.000000000000000000e+00
1.479746699333190918e-01,1.257641334086656570e-02,2.221054164692759514e-04,0.000000000000000000e+00,0.000000000000000000e+00
1.535054147243499756e-01,1.266402564942836761e-02,2.686515799723565578e-04,0.000000000000000000e+00,0.000000000000000000e+00
2.189021408557891846e-01,1.950068026781082153e-02,2.389534638496115804e-04,0.000000000000000000e+00,0.000000000000000000e+00
1.771256923675537109e-01,1.500115171074867249e-02,2.711417619138956070e-04,0.000000000000000000e+00,0.000000000000000000e+00
1.728361546993255615e-01,1.418684888631105423e-02,3.096766886301338673e-04,0.000000000000000000e+00,0.000000000000000000e+00
1.306802630424499512e-01,1.012795604765415192e-02,2.940070407930761576e-04,0.000000000000000000e+00,0.000000000000000000e+00
1.207584887742996216e-01,9.724752046167850494e-03,2.351097209611907601e-04,0.000000000000000000e+00,0.000000000000000000e+00
2.601848840713500977e-01,2.340632118284702301e-02,2.612168900668621063e-04,0.000000000000000000e+00,0.000000000000000000e+00
1.260638535022735596e-01,1.028911583125591278e-02,2.317269536433741450e-04,0.000000000000000000e+00,0.000000000000000000e+00
2.389805912971496582e-01,2.180589735507965088e-02,2.092162030749022961e-04,0.000000000000000000e+00,0.000000000000000000e+00
2.778061032295227051e-01,2.512588724493980408e-02,2.654723357409238815e-04,0.000000000000000000e+00,0.000000000000000000e+00
1.706587374210357666e-01,1.429206319153308868e-02,2.773811575025320053e-04,0.000000000000000000e+00,0.000000000000000000e+00
2.367472797632217407e-01,2.069394476711750031e-02,2.980783756356686354e-04,0.000000000000000000e+00,0.000000000000000000e+00
2.327806651592254639e-01,1.948881708085536957e-02,3.789248294197022915e-04,0.000000000000000000e+00,0.000000000000000000e+00
1.718517541885375977e-01,1.315983757376670837e-02,4.025337402708828449e-04,0.000000000000000000e+00,0.000000000000000000e+00
1.751872897148132324e-01,1.413109712302684784e-02,3.387630858924239874e-04,0.000000000000000000e+00,0.000000000000000000e+00
1.491565108299255371e-01,1.168509572744369507e-02,3.230554866604506969e-04,0.000000000000000000e+00,0.000000000000000000e+00
1.627874523401260376e-01,1.307466253638267517e-02,3.204082022421061993e-04,0.000000000000000000e+00,0.000000000000000000e+00
2.323772162199020386e-01,1.988766714930534363e-02,3.350053448230028152e-04,0.000000000000000000e+00,0.000000000000000000e+00
3.333955407142639160e-01,3.071878850460052490e-02,2.620766463223844767e-04,0.000000000000000000e+00,0.000000000000000000e+00
1.682740449905395508e-01,1.438860036432743073e-02,2.438804658595472574e-04,0.000000000000000000e+00,0.000000000000000000e+00
4.259554445743560791e-01,3.966736048460006714e-02,2.928181202150881290e-04,0.000000000000000000e+00,0.000000000000000000e+00
1.583357751369476318e-01,1.234834454953670502e-02,3.485232300590723753e-04,0.000000000000000000e+00,0.000000000000000000e+00
2.314722985029220581e-01,1.922038756310939789e-02,3.926841891370713711e-04,0.000000000000000000e+00,0.000000000000000000e+00
3.581780493259429932e-01,3.021161817014217377e-02,5.606186459772288799e-04,0.000000000000000000e+00,0.000000000000000000e+00
1.932567656040191650e-01,1.278828084468841553e-02,6.537396693602204323e-04,0.000000000000000000e+00,0.000000000000000000e+00
1.918510198593139648e-01,1.321938261389732361e-02,5.965718883089721203e-04,0.000000000000000000e+00,0.000000000000000000e+00
1.893323808908462524e-01,1.315381564199924469e-02,5.779422353953123093e-04,0.000000000000000000e+00,0.000000000000000000e+00
1.655057668685913086e-01,1.236910372972488403e-02,4.181473632343113422e-04,0.000000000000000000e+00,0.000000000000000000e+00
2.072362303733825684e-01,1.643090322613716125e-02,4.292720695957541466e-04,0.000000000000000000e+00,0.000000000000000000e+00
2.962786853313446045e-01,2.560138888657093048e-02,4.026478272862732410e-04,0.000000000000000000e+00,0.000000000000000000e+00
1.981124877929687500e-01,1.559574343264102936e-02,4.215505323372781277e-04,0.000000000000000000e+00,0.000000000000000000e+00
1.979325711727142334e-01,1.627658121287822723e-02,3.516675205901265144e-04,0.000000000000000000e+00,0.000000000000000000e+00
1.264525204896926880e-01,1.018888689577579498e-02,2.456365327816456556e-04,0.000000000000000000e+00,0.000000000000000000e+00
1.406507492065429688e-01,1.130196265876293182e-02,2.763112715911120176e-04,0.000000000000000000e+00,0.000000000000000000e+00
1.612294465303421021e-01,1.336377765983343124e-02,2.759167109616100788e-04,0.000000000000000000e+00,0.000000000000000000e+00
1.595832407474517822e-01,1.302392315119504929e-02,2.934401272796094418e-04,0.000000000000000000e+00,0.000000000000000000e+00
2.012100517749786377e-01,1.786237955093383789e-02,2.258625754620879889e-04,0.000000000000000000e+00,0.000000000000000000e+00
1.520358622074127197e-01,1.267599873244762421e-02,2.527587639633566141e-04,0.000000000000000000e+00,0.000000000000000000e+00
2.741847932338714600e-01,2.502170391380786896e-02,2.396775089437142015e-04,0.000000000000000000e+00,0.000000000000000000e+00
1.394057571887969971e-01,1.128021068871021271e-02,2.660365134943276644e-04,0.000000000000000000e+00,0.000000000000000000e+00
1.864732503890991211e-01,1.603188365697860718e-02,2.615441917441785336e-04,0.000000000000000000e+00,0.000000000000000000e+00
1.596748530864715576e-01,1.308027282357215881e-02,2.887213486246764660e-04,0.000000000000000000e+00,0.000000000000000000e+00
2.406392097473144531e-01,2.101272530853748322e-02,3.051196399610489607e-04,0.000000000000000000e+00,0.000000000000000000e+00
1.542807519435882568e-01,1.200252026319503784e-02,3.425555769354104996e-04,0.000000000000000000e+00,0.000000000000000000e+00
3.330000936985015869e-01,3.000409901142120361e-02,3.295909846201539040e-04,0.000000000000000000e+00,0.000000000000000000e+00
1.688948273658752441e-01,1.341227721422910690e-02,3.477205755189061165e-04,0.000000000000000000e+00,0.000000000000000000e+00
1.834121793508529663e-01,1.541795860975980759e-02,2.923258580267429352e-04,0.000000000000000000e+00,0.000000000000000000e+00
1.602871417999267578e-01,1.380481570959091187e-02,2.223898918600752950e-04,0.000000000000000000e+00,0.000000000000000000e+00
1.346185803413391113e-01,1.101384032517671585e-02,2.448018058203160763e-04,0.000000000000000000e+00,0.000000000000000000e+00
1.676789820194244385e-01,1.420876756310462952e-02,2.559131535235792398e-04,0.000000000000000000e+00,0.000000000000000000e+00
1.553402096033096313e-01,1.280962303280830383e-02,2.724399091675877571e-04,0.000000000000000000e+00,0.000000000000000000e+00
1.666513830423355103e-01,1.403635181486606598e-02,2.628786896821111441e-04,0.000000000000000000e+00,0.000000000000000000e+00
1.638292968273162842e-01,1.413487084209918976e-02,2.248059317935258150e-04,0.000000000000000000e+00,0.000000000000000000e+00
2.017946988344192505e-01,1.743738539516925812e-02,2.742084325291216373e-04,0.000000000000000000e+00,0.000000000000000000e+00
1.615214943885803223e-01,1.387494802474975586e-02,2.277200983371585608e-04,0.000000000000000000e+00,0.000000000000000000e+00
1.173743158578872681e-01,9.009107016026973724e-03,2.728324325289577246e-04,0.000000000000000000e+00,0.000000000000000000e+00
2.047227621078491211e-01,1.797069609165191650e-02,2.501580747775733471e-04,0.000000000000000000e+00,0.000000000000000000e+00
1.503499746322631836e-01,1.255497522652149200e-02,2.480023249518126249e-04,0.000000000000000000e+00,0.000000000000000000e+00
1.890838593244552612e-01,1.649591326713562012e-02,2.412473113508895040e-04,0.000000000000000000e+00,0.000000000000000000e+00
1.183356121182441711e-01,9.652931243181228638e-03,2.180629817303270102e-04,0.000000000000000000e+00,0.000000000000000000e+00
1.664557605981826782e-01,1.460846420377492905e-02,2.037112717516720295e-04,0.000000000000000000e+00,0.000000000000000000e+00
1.196467727422714233e-01,9.673687629401683807e-03,2.290989214088767767e-04,0.000000000000000000e+00,0.000000000000000000e+00
1.519495695829391479e-01,1.284404285252094269e-02,2.350914874114096165e-04,0.000000000000000000e+00,0.000000000000000000e+00
2.145214378833770752e-01,1.940074004232883453e-02,2.051404298981651664e-04,0.000000000000000000e+00,0.000000000000000000e+00
1.392661631107330322e-01,1.165261399000883102e-02,2.274001744808629155e-04,0.000000000000000000e+00,0.000000000000000000e+00
1.267346590757369995e-01,1.023283228278160095e-02,2.440633252263069153e-04,0.000000000000000000e+00,0.000000000000000000e+00
2.047442197799682617e-01,1.846542023122310638e-02,2.009001036640256643e-04,0.000000000000000000e+00,0.000000000000000000e+00
2.824286818504333496e-01,2.594032324850559235e-02,2.302546345163136721e-04,0.000000000000000000e+00,0.000000000000000000e+00
1.588238477706909180e-01,1.360630989074707031e-02,2.276074956171214581e-04,0.000000000000000000e+00,0.000000000000000000e+00
1.405104100704193115e-01,1.142598874866962433e-02,2.625052584335207939e-04,0.000000000000000000e+00,0.000000000000000000e+00
1.460267752408981323e-01,1.242602616548538208e-02,2.176651760237291455e-04,0.000000000000000000e+00,0.000000000000000000e+00
1.960866004228591919e-01,1.733514852821826935e-02,2.273511490784585476e-04,0.000000000000000000e+00,0.000000000000000000e+00
1.292781680822372437e-01,1.075807213783264160e-02,2.169744839193299413e-04,0.000000000000000000e+00,0.000000000000000000e+00
1.367496848106384277e-01,1.142658479511737823e-02,2.248384844278916717e-04,0.000000000000000000e+00,0.000000000000000000e+00
1.140650957822799683e-01,9.516960941255092621e-03,1.889548730105161667e-04,0.000000000000000000e+00,0.000000000000000000e+00
1.179117709398269653e-01,1.009344216436147690e-02,1.697734551271423697e-04,0.000000000000000000e+00,0.000000000000000000e+00
1.422906816005706787e-01,1.203060522675514221e-02,2.198462461819872260e-04,0.000000000000000000e+00,0.000000000000000000e+00
1.418626308441162109e-01,1.177248451858758926e-02,2.413779002381488681e-04,0.000000000000000000e+00,0.000000000000000000e+00
1.286471486091613770e-01,1.117429230362176895e-02,1.690422359388321638e-04,0.000000000000000000e+00,0.000000000000000000e+00
1.354298740625381470e-01,1.067525241523981094e-02,2.867734874598681927e-04,0.000000000000000000e+00,0.000000000000000000e+00
1.373269259929656982e-01,1.092435419559478760e-02,2.808338031172752380e-04,0.000000000000000000e+00,0.000000000000000000e+00
1.276285201311111450e-01,1.072762347757816315e-02,2.035228826571255922e-04,0.000000000000000000e+00,0.000000000000000000e+00
1.482693701982498169e-01,1.287226658314466476e-02,1.954670733539387584e-04,0.000000000000000000e+00,0.000000000000000000e+00
2.037159651517868042e-01,1.807008311152458191e-02,2.301512431586161256e-04,0.000000000000000000e+00,0.000000000000000000e+00
1.157159432768821716e-01,9.452650323510169983e-03,2.118944539688527584e-04,0.000000000000000000e+00,0.000000000000000000e+00
1.251391470432281494e-01,1.022099982947111130e-02,2.292914432473480701e-04,0.000000000000000000e+00,0.000000000000000000e+00
1.217347830533981323e-01,1.005968824028968811e-02,2.113790251314640045e-04,0.000000000000000000e+00,0.000000000000000000e+00
2.975210845470428467e-01,2.794580906629562378e-02,1.806296641007065773e-04,0.000000000000000000e+00,0.000000000000000000e+00
2.993654012680053711e-01,2.756167203187942505e-02,2.374868054175749421e-04,0.000000000000000000e+00,0.000000000000000000e+00
1.073545515537261963e-01,8.120765909552574158e-03,2.614689292386174202e-04,0.000000000000000000e+00,0.000000000000000000e+00
1.887568384408950806e-01,1.652897149324417114e-02,2.346712572034448385e-04,0.000000000000000000e+00,0.000000000000000000e+00
1.801126003265380859e-01,1.520156860351562500e-02,2.809690777212381363e-04,0.000000000000000000e+00,0.000000000000000000e+00
1.467237621545791626e-01,1.174749340862035751e-02,2.924882574006915092e-04,0.000000000000000000e+00,0.000000000000000000e+00
2.216636836528778076e-01,1.972132921218872070e-02,2.445038990117609501e-04,0.000000000000000000e+00,0.000000000000000000e+00
2.033655494451522827e-01,1.720796525478363037e-02,3.128590178675949574e-04,0.000000000000000000e+00,0.000000000000000000e+00
2.164657413959503174e-01,1.893475651741027832e-02,2.711818087846040726e-04,0.000000000000000000e+00,0.000000000000000000e+00
1.277643740177154541e-01,1.055388338863849640e-02,2.222555049229413271e-04,0.000000000000000000e+00,0.000000000000000000e+00
1.562644988298416138e-01,1.321273203939199448e-02,2.413718902971595526e-04,0.000000000000000000e+00,0.000000000000000000e+00
3.358766436576843262e-01,3.121173568069934845e-02,2.375926123932003975e-04,0.000000000000000000e+00,0.000000000000000000e+00
1.308443844318389893e-01,1.105130556970834732e-02,2.033132623182609677e-04,0.000000000000000000e+00,0.000000000000000000e+00
2.003391981124877930e-01,1.788192801177501678e-02,2.151991357095539570e-04,0.000000000000000000e+00,0.000000000000000000e+00
1.824693381786346436e-01,1.547555066645145416e-02,2.771383151412010193e-04,0.000000000000000000e+00,0.000000000000000000e+00
1.135109961032867432e-01,8.772592991590499878e-03,2.578506828285753727e-04,0.000000000000000000e+00,0.000000000000000000e+00
1.536649763584136963e-01,1.223096158355474472e-02,3.135535807814449072e-04,0.000000000000000000e+00,0.000000000000000000e+00
1.543792337179183960e-01,1.264699734747409821e-02,2.790925791487097740e-04,0.000000000000000000e+00,0.000000000000000000e+00
1.577401310205459595e-01,1.275272294878959656e-02,3.021289012394845486e-04,0.000000000000000000e+00,0.000000000000000000e+00
2.875907719135284424e-01,2.621584944427013397e-02,2.543228329159319401e-04,0.000000000000000000e+00,0.000000000000000000e+00
1.247863247990608215e-01,1.001949794590473175e-02,2.459134848322719336e-04,0.000000000000000000e+00,0.000000000000000000e+00
1.697797179222106934e-01,1.410769950598478317e-02,2.870271273422986269e-04,0.000000000000000000e+00,0.000000000000000000e+00
1.574097722768783569e-01,1.315804198384284973e-02,2.582935849204659462e-04,0.000000000000000000e+00,0.000000000000000000e+00
1.411428898572921753e-01,1.113041676580905914e-02,2.983872254844754934e-04,0.000000000000000000e+00,0.000000000000000000e+00
2.203730195760726929e-01,1.974943652749061584e-02,2.287866373080760241e-04,0.000000000000000000e+00,0.000000000000000000e+00
2.314273715019226074e-01,2.036539465188980103e-02,2.777343033812940121e-04,0.000000000000000000e+00,0.000000000000000000e+00
1.287850141525268555e-01,9.161766618490219116e-03,3.716734063345938921e-04,0.000000000000000000e+00,0.000000000000000000e+00
1.823855042457580566e-01,1.452480442821979523e-02,3.713746555149555206e-04,0.000000000000000000e+00,0.000000000000000000e+00
2.014132440090179443e-01,1.650441624224185944e-02,3.636908368207514286e-04,0.000000000000000000e+00,0.000000000000000000e+00
1.607764363288879395e-01,1.314607262611389160e-02,2.931570634245872498e-04,0.000000000000000000e+00,0.000000000000000000e+00
1.926266849040985107e-01,1.701459661126136780e-02,2.248072123620659113e-04,0.000000000000000000e+00,0.000000000000000000e+00
1.259138733148574829e-01,1.030980236828327179e-02,2.281584747834131122e-04,0.000000000000000000e+00,0.000000000000000000e+00
1.781034320592880249e-01,1.568789780139923096e-02,2.122446021530777216e-04,0.000000000000000000e+00,0.000000000000000000e+00
1.537594944238662720e-01,1.295711193233728409e-02,2.418836374999955297e-04,0.000000000000000000e+00,0.000000000000000000e+00
3.295676112174987793e-01,3.098670206964015961e-02,1.970058947335928679e-04,0.000000000000000000e+00,0.000000000000000000e+00
1.786397397518157959e-01,1.593998819589614868e-02,1.923985546454787254e-04,0.000000000000000000e+00,0.000000000000000000e+00
1.541074514389038086e-01,1.191692333668470383e-02,3.493821714073419571e-04,0.000000000000000000e+00,0.000000000000000000e+00
1.580027341842651367e-01,1.197453774511814117e-02,3.825735766440629959e-04,0.000000000000000000e+00,0.000000000000000000e+00
1.423476785421371460e-01,9.931720793247222900e-03,4.303046735003590584e-04,0.000000000000000000e+00,0.000000000000000000e+00
1.593200713396072388e-01,1.221274584531784058e-02,3.719261731021106243e-04,0.000000000000000000e+00,0.000000000000000000e+00
1.713487356901168823e-01,1.465955749154090881e-02,2.475317451171576977e-04,0.000000000000000000e+00,0.000000000000000000e+00
1.585835218429565430e-01,1.406308822333812714e-02,1.795262796804308891e-04,0.000000000000000000e+00,0.000000000000000000e+00
1.857600063085556030e-01,1.643870398402214050e-02,2.137296396540477872e-04,0.000000000000000000e+00,0.000000000000000000e+00
1.762554049491882324e-01,1.546662207692861557e-02,2.158919523935765028e-04,0.000000000000000000e+00,0.000000000000000000e+00
1.974732577800750732e-01,1.758957467973232269e-02,2.157751441700384021e-04,0.000000000000000000e+00,0.000000000000000000e+00
1.952697187662124634e-01,1.716383546590805054e-02,2.363136445637792349e-04,0.000000000000000000e+00,0.000000000000000000e+00
1.558645963668823242e-01,1.351208053529262543e-02,2.074378426186740398e-04,0.000000000000000000e+00,0.000000000000000000e+00
1.492327302694320679e-01,1.271720975637435913e-02,2.206063363701105118e-04,0.000000000000000000e+00,0.000000000000000000e+00
1.826086193323135376e-01,1.576235517859458923e-02,2.498505928087979555e-04,0.000000000000000000e+00,0.000000000000000000e+00
1.414989382028579712e-01,1.182555779814720154e-02,2.324335655430331826e-04,0.000000000000000000e+00,0.000000000000000000e+00
1.110395938158035278e-01,8.719564415514469147e-03,2.384395193075761199e-04,0.000000000000000000e+00,0.000000000000000000e+00
3.310320973396301270e-01,3.111553937196731567e-02,1.987671130336821079e-04,0.000000000000000000e+00,0.000000000000000000e+00
1.033074036240577698e-01,8.541124872863292694e-03,1.789615052985027432e-04,0.000000000000000000e+00,0.000000000000000000e+00
1.984486728906631470e-01,1.799625530838966370e-02,1.848612155299633741e-04,0.000000000000000000e+00,0.000000000000000000e+00
2.450161874294281006e-01,2.280974388122558594e-02,1.691875077085569501e-04,0.000000000000000000e+00,0.000000000000000000e+00
1.223248988389968872e-01,9.723838418722152710e-03,2.508651814423501492e-04,0.000000000000000000e+00,0.000000000000000000e+00
1.687352955341339111e-01,1.435387320816516876e-02,2.519656263757497072e-04,0.000000000000000000e+00,0.000000000000000000e+00
1.474391222000122070e-01,1.147926971316337585e-02,3.264643019065260887e-04,0.000000000000000000e+00,0.000000000000000000e+00
1.478420644998550415e-01,1.225429587066173553e-02,2.529910707380622625e-04,0.000000000000000000e+00,0.000000000000000000e+00
1.473709493875503540e-01,1.257377769798040390e-02,2.163317403756082058e-04,0.000000000000000000e+00,0.000000000000000000e+00
1.747009456157684326e-01,1.517624221742153168e-02,2.293851284775882959e-04,0.000000000000000000e+00,0.000000000000000000e+00
9.728334099054336548e-02,7.620593532919883728e-03,2.107740147039294243e-04,0.000000000000000000e+00,0.000000000000000000e+00
1.365022808313369751e-01,1.170950010418891907e-02,1.940728398039937019e-04,0.000000000000000000e+00,0.000000000000000000e+00
2.807374298572540283e-01,2.604327909648418427e-02,2.030465693678706884e-04,0.000000000000000000e+00,0.000000000000000000e+00
1.415248066186904907e-01,1.209885347634553909e-02,2.053627831628546119e-04,0.000000000000000000e+00,0.000000000000000000e+00
1.312318444252014160e-01,1.077357865869998932e-02,2.349606074858456850e-04,0.000000000000000000e+00,0.000000000000000000e+00
1.450276523828506470e-01,1.236743014305830002e-02,2.135335234925150871e-04,0.000000000000000000e+00,0.000000000000000000e+00
1.674956530332565308e-01,1.468163728713989258e-02,2.067927853204309940e-04,0.000000000000000000e+00,0.000000000000000000e+00
1.374089717864990234e-01,1.157499104738235474e-02,2.165905316360294819e-04,0.000000000000000000e+00,0.000000000000000000e+00
1.140810549259185791e-01,9.229915216565132141e-03,2.178190770791843534e-04,0.000000000000000000e+00,0.000000000000000000e+00
2.931167781352996826e-01,2.737608738243579865e-02,1.935589534696191549e-04,0.000000000000000000e+00,0.000000000000000000e+00
1.241237670183181763e-01,1.056991890072822571e-02,1.842457859311252832e-04,0.000000000000000000e+00,0.000000000000000000e+00
2.980768680572509766e-01,2.808658406138420105e-02,1.721102744340896606e-04,0.000000000000000000e+00,0.000000000000000000e+00
1.413559168577194214e-01,1.213720533996820450e-02,1.998385996557772160e-04,0.000000000000000000e+00,0.000000000000000000e+00
1.181254312396049500e-01,9.584882296621799469e-03,2.227661170763894916e-04,0.000000000000000000e+00,0.000000000000000000e+00
1.434226185083389282e-01,1.198871433734893799e-02,2.353547461098060012e-04,0.000000000000000000e+00,0.000000000000000000e+00
2.548861205577850342e-01,2.282415702939033508e-02,2.664454514160752296e-04,0.000000000000000000e+00,0.000000000000000000e+00
1.640108376741409302e-01,1.385468337684869766e-02,2.546400355640798807e-04,0.000000000000000000e+00,0.000000000000000000e+00
1.587658673524856567e-01,1.332208327949047089e-02,2.554502862039953470e-04,0.000000000000000000e+00,0.000000000000000000e+00
1.420788764953613281e-01,1.136599760502576828e-02,2.841889800038188696e-04,0.000000000000000000e+00,0.000000000000000000e+00
1.186851337552070618e-01,9.421460330486297607e-03,2.447052975185215473e-04,0.000000000000000000e+00,0.000000000000000000e+00
1.319422721862792969e-01,1.093096844851970673e-02,2.263257774757221341e-04,0.000000000000000000e+00,0.000000000000000000e+00
2.093869298696517944e-01,1.897646114230155945e-02,1.962230890057981014e-04,0.000000000000000000e+00,0.000000000000000000e+00
1.543949246406555176e-01,1.342755835503339767e-02,2.011933247558772564e-04,0.000000000000000000e+00,0.000000000000000000e+00
1.139931082725524902e-01,9.857390075922012329e-03,1.541920646559447050e-04,0.000000000000000000e+00,0.000000000000000000e+00
1.982658654451370239e-01,1.789356768131256104e-02,1.933018502313643694e-04,0.000000000000000000e+00,0.000000000000000000e+00
1.184700950980186462e-01,1.027396414428949356e-02,1.573045738041400909e-04,0.000000000000000000e+00,0.000000000000000000e+00
1.349311769008636475e-01,1.152707636356353760e-02,1.966041163541376591e-04,0.000000000000000000e+00,0.000000000000000000e+00
1.264033764600753784e-01,1.061530038714408875e-02,2.025037538260221481e-04,0.000000000000000000e+00,0.000000000000000000e+00
1.143307983875274658e-01,9.296029806137084961e-03,2.137050178134813905e-04,0.000000000000000000e+00,0.000000000000000000e+00
9.371680766344070435e-02,7.381543517112731934e-03,1.990137388929724693e-04,0.000000000000000000e+00,0.000000000000000000e+00
1.067570894956588745e-01,9.187449701130390167e-03,1.488259295001626015e-04,0.000000000000000000e+00,0.000000000000000000e+00
1.101714149117469788e-01,9.248096495866775513e-03,1.769045193213969469e-04,0.000000000000000000e+00,0.000000000000000000e+00
1.057397872209548950e-01,8.906204253435134888e-03,1.667774777160957456e-04,0.000000000000000000e+00,0.000000000000000000e+00
1.008915230631828308e-01,8.664418943226337433e-03,1.424733782187104225e-04,0.000000000000000000e+00,0.000000000000000000e+00
1.753298938274383545e-01,1.598635688424110413e-02,1.546633429825305939e-04,0.000000000000000000e+00,0.000000000000000000e+00
2.375482171773910522e-01,2.216696366667747498e-02,1.587857550475746393e-04,0.000000000000000000e+00,0.000000000000000000e+00
1.096673756837844849e-01,8.699031546711921692e-03,2.267706586280837655e-04,0.000000000000000000e+00,0.000000000000000000e+00
1.504125893115997314e-01,1.250020787119865417e-02,2.541050489526242018e-04,0.000000000000000000e+00,0.000000000000000000e+00
2.055588811635971069e-01,1.785710453987121582e-02,2.698783646337687969e-04,0.000000000000000000e+00,0.000000000000000000e+00
1.394348442554473877e-01,1.134477555751800537e-02,2.598709543235599995e-04,0.000000000000000000e+00,0.000000000000000000e+00
1.132681816816329956e-01,9.069550782442092896e-03,2.257267769891768694e-04,0.000000000000000000e+00,0.000000000000000000e+00
1.594019681215286255e-01,1.419463567435741425e-02,1.745560439303517342e-04,0.000000000000000000e+00,0.000000000000000000e+00
1.255627274513244629e-01,1.085733994841575623e-02,1.698933483567088842e-04,0.000000000000000000e+00,0.000000000000000000e+00
1.281100213527679443e-01,1.077260542660951614e-02,2.038396341959014535e-04,0.000000000000000000e+00,0.000000000000000000e+00
1.658878475427627563e-01,1.427459251135587692e-02,2.314192242920398712e-04,0.000000000000000000e+00,0.000000000000000000e+00
1.222826093435287476e-01,1.026615127921104431e-02,1.962109527084976435e-04,0.000000000000000000e+00,0.000000000000000000e+00
9.614683687686920166e-02,7.964719086885452271e-03,1.649964833632111549e-04,0.000000000000000000e+00,0.000000000000000000e+00
1.382075101137161255e-01,1.234199013561010361e-02,1.478760095778852701e-04,0.000000000000000000e+00,0.000000000000000000e+00
1.946625411510467529e-01,1.763406395912170410e-02,1.832190173445269465e-04,0.000000000000000000e+00,0.000000000000000000e+00
1.364494264125823975e-01,1.160532236099243164e-02,2.039620594587177038e-04,0.000000000000000000e+00,0.000000000000000000e+00
1.113337352871894836e-01,9.182251989841461182e-03,1.951121375896036625e-04,0.000000000000000000e+00,0.000000000000000000e+00
2.099824547767639160e-01,1.938925124704837799e-02,1.608994789421558380e-04,0.000000000000000000e+00,0.000000000000000000e+00
1.072945594787597656e-01,8.966477587819099426e-03,1.762978790793567896e-04,0.000000000000000000e+00,0.000000000000000000e+00
2.122755050659179688e-01,1.933209411799907684e-02,1.895455498015508056e-04,0.000000000000000000e+00,0.000000000000000000e+00
2.099102735519409180e-01,1.907909661531448364e-02,1.911931030917912722e-04,0.000000000000000000e+00,0.000000000000000000e+00
1.151627898216247559e-01,9.464191272854804993e-03,2.052088384516537189e-04,0.000000000000000000e+00,0.000000000000000000e+00
3.376575112342834473e-01,3.178150206804275513e-02,1.984250993700698018e-04,0.000000000000000000e+00,0.000000000000000000e+00
1.087224632501602173e-01,8.236253634095191956e-03,2.635993296280503273e-04,0.000000000000000000e+00,0.000000000000000000e+00
2.483105212450027466e-01,2.217910997569561005e-02,2.651941904332488775e-04,0.000000000000000000e+00,0.000000000000000000e+00
2.212186902761459351e-01,1.922135800123214722e-02,2.900511026382446289e-04,0.000000000000000000e+00,0.000000000000000000e+00
1.825274527072906494e-01,1.447532232850790024e-02,3.777424280997365713e-04,0.000000000000000000e+00,0.000000000000000000e+00
2.386239767074584961e-01,2.011906541883945465e-02,3.743333218153566122e-04,0.000000000000000000e+00,0.000000000000000000e+00
2.175052911043167114e-01,1.761445403099060059e-02,4.136075440328568220e-04,0.000000000000000000e+00,0.000000000000000000e+00
1.512368321418762207e-01,1.145774219185113907e-02,3.665940603241324425e-04,0.000000000000000000e+00,0.000000000000000000e+00
1.527754664421081543e-01,1.165063865482807159e-02,3.626907709985971451e-04,0.000000000000000000e+00,0.000000000000000000e+00
1.402179300785064697e-01,1.131969131529331207e-02,2.702101483009755611e-04,0.000000000000000000e+00,0.000000000000000000e+00
1.484141796827316284e-01,1.230837963521480560e-02,2.533038205001503229e-04,0.000000000000000000e+00,0.000000000000000000e+00
1.164345145225524902e-01,9.084796532988548279e-03,2.558654523454606533e-04,0.000000000000000000e+00,0.000000000000000000e+00
1.192336753010749817e-01,9.713554754853248596e-03,2.209812955697998405e-04,0.000000000000000000e+00,0.000000000000000000e+00
1.210646554827690125e-01,1.030054502189159393e-02,1.805919891921803355e-04,0.000000000000000000e+00,0.000000000000000000e+00
1.197975873947143555e-01,1.011643558740615845e-02,1.863323268480598927e-04,0.000000000000000000e+00,0.000000000000000000e+00
1.011852025985717773e-01,8.229732513427734375e-03,1.888787664938718081e-04,0.000000000000000000e+00,0.000000000000000000e+00
1.618713438510894775e-01,1.416305452585220337e-02,2.024079585680738091e-04,0.000000000000000000e+00,0.000000000000000000e+00
1.019614487886428833e-01,8.240720257163047791e-03,1.955423940671607852e-04,0.000000000000000000e+00,0.000000000000000000e+00
1.115082129836082458e-01,9.188883006572723389e-03,1.961938396561890841e-04,0.000000000000000000e+00,0.000000000000000000e+00
1.382188796997070312e-01,1.203741412609815598e-02,1.784472842700779438e-04,0.000000000000000000e+00,0.000000000000000000e+00
1.929675638675689697e-01,1.747096888720989227e-02,1.825786457629874349e-04,0.000000000000000000e+00,0.000000000000000000e+00
2.711175084114074707e-01,2.509414404630661011e-02,2.017606602748855948e-04,0.000000000000000000e+00,0.000000000000000000e+00
1.175425052642822266e-01,9.434170089662075043e-03,2.320080238860100508e-04,0.000000000000000000e+00,0.000000000000000000e+00
1.841627657413482666e-01,1.629931479692459106e-02,2.116961259162053466e-04,0.000000000000000000e+00,0.000000000000000000e+00
1.384783387184143066e-01,1.167283579707145691e-02,2.174998662667348981e-04,0.000000000000000000e+00,0.000000000000000000e+00
1.218226030468940735e-01,9.988397359848022461e-03,2.193862892454490066e-04,0.000000000000000000e+00,0.000000000000000000e+00
1.101676225662231445e-01,8.567799814045429230e-03,2.448962186463177204e-04,0.000000000000000000e+00,0.000000000000000000e+00
1.125270500779151917e-01,9.337108582258224487e-03,1.915596512844786048e-04,0.000000000000000000e+00,0.000000000000000000e+00
1.287541538476943970e-01,1.131982449442148209e-02,1.555591297801584005e-04,0.000000000000000000e+00,0.000000000000000000e+00
1.244665682315826416e-01,1.081478595733642578e-02,1.631870400160551071e-04,0.000000000000000000e+00,0.000000000000000000e+00
1.026370972394943237e-01,8.654276840388774872e-03,1.609432365512475371e-04,0.000000000000000000e+00,0.000000000000000000e+00
1.333737373352050781e-01,1.163684949278831482e-02,1.700523571344092488e-04,0.000000000000000000e+00,0.000000000000000000e+00
9.871512651443481445e-02,7.912483066320419312e-03,1.959030050784349442e-04,0.000000000000000000e+00,0.000000000000000000e+00
1.139214187860488892e-01,9.925791993737220764e-03,1.466350367991253734e-04,0.000000000000000000e+00,0.000000000000000000e+00
1.045205965638160706e-01,9.237213060259819031e-03,1.214846197399310768e-04,0.000000000000000000e+00,0.000000000000000000e+00
9.000629186630249023e-02,7.744322065263986588e-03,1.256307004950940609e-04,0.000000000000000000e+00,0.000000000000000000e+00
1.376419514417648315e-01,1.229611132293939590e-02,1.468083355575799942e-04,0.000000000000000000e+00,0.000000000000000000e+00
1.053397804498672485e-01,8.936812169849872589e-03,1.597166265128180385e-04,0.000000000000000000e+00,0.000000000000000000e+00
1.116975694894790649e-01,9.710645303130149841e-03,1.459111226722598076e-04,0.000000000000000000e+00,0.000000000000000000e+00
1.592192500829696655e-01,1.430453732609748840e-02,1.617388479644432664e-04,0.000000000000000000e+00,0.000000000000000000e+00
1.263105869293212891e-01,1.098420843482017517e-02,1.646849996177479625e-04,0.000000000000000000e+00,0.000000000000000000e+00
9.483730792999267578e-02,8.191261440515518188e-03,1.292469678446650505e-04,0.000000000000000000e+00,0.000000000000000000e+00
1.272304356098175049e-01,1.112122647464275360e-02,1.601816620677709579e-04,0.000000000000000000e+00,0.000000000000000000e+00
9.935767948627471924e-02,8.180821314454078674e-03,1.754947443259879947e-04,0.000000000000000000e+00,0.000000000000000000e+00
1.713633239269256592e-01,1.589399948716163635e-02,1.242333091795444489e-04,0.000000000000000000e+00,0.000000000000000000e+00
4.768436551094055176e-01,4.631920158863067627e-02,1.365164207527413964e-04,0.000000000000000000e+00,0.000000000000000000e+00
1.171440482139587402e-01,9.980577044188976288e-03,1.733827375574037433e-04,0.000000000000000000e+00,0.000000000000000000e+00
9.937311708927154541e-02,8.020964451134204865e-03,1.916347391670569777e-04,0.000000000000000000e+00,0.000000000000000000e+00
9.815824031829833984e-02,8.101567625999450684e-03,1.714256068225950003e-04,0.000000000000000000e+00,0.000000000000000000e+00
1.235652342438697815e-01,1.090962253510951996e-02,1.446900278097018600e-04,0.000000000000000000e+00,0.000000000000000000e+00
9.857946634292602539e-02,8.387248963117599487e-03,1.470697461627423763e-04,0.000000000000000000e+00,0.000000000000000000e+00
1.244821920990943909e-01,1.121874339878559113e-02,1.229475892614573240e-04,0.000000000000000000e+00,0.000000000000000000e+00
2.190567106008529663e-01,2.058098837733268738e-02,1.324681797996163368e-04,0.000000000000000000e+00,0.000000000000000000e+00
1.080626472830772400e-01,9.299130178987979889e-03,1.507134438725188375e-04,0.000000000000000000e+00,0.000000000000000000e+00
2.036336213350296021e-01,1.855841092765331268e-02,1.804950879886746407e-04,0.000000000000000000e+00,0.000000000000000000e+00
8.999091386795043945e-02,7.309704087674617767e-03,1.689387281658127904e-04,0.000000000000000000e+00,0.000000000000000000e+00
9.147308766841888428e-02,7.351955864578485489e-03,1.795353309717029333e-04,0.000000000000000000e+00,0.000000000000000000e+00
1.172844618558883667e-01,9.966356679797172546e-03,1.762088941177353263e-04,0.000000000000000000e+00,0.000000000000000000e+00
1.141602769494056702e-01,9.681953117251396179e-03,1.734074467094615102e-04,0.000000000000000000e+00,0.000000000000000000e+00
1.423871964216232300e-01,1.272755768150091171e-02,1.511162845417857170e-04,0.000000000000000000e+00,0.000000000000000000e+00
1.193080320954322815e-01,1.045011542737483978e-02,1.480687351431697607e-04,0.000000000000000000e+00,0.000000000000000000e+00
1.053398773074150085e-01,9.003268554806709290e-03,1.530719600850716233e-04,0.000000000000000000e+00,0.000000000000000000e+00
8.202990144491195679e-02,6.877109874039888382e-03,1.325880293734371662e-04,0.000000000000000000e+00,0.000000000000000000e+00
1.905620694160461426e-01,1.772047206759452820e-02,1.335734850727021694e-04,0.000000000000000000e+00,0.000000000000000000e+00
1.445194780826568604e-01,1.325858570635318756e-02,1.193361822515726089e-04,0.000000000000000000e+00,0.000000000000000000e+00
1.049036085605621338e-01,9.083140641450881958e-03,1.407220552209764719e-04,0.000000000000000000e+00,0.000000000000000000e+00
1.049357429146766663e-01,9.110573679208755493e-03,1.383000926580280066e-04,0.000000000000000000e+00,0.000000000000000000e+00
1.184494793415069580e-01,1.047022826969623566e-02,1.374720159219577909e-04,0.000000000000000000e+00,0.000000000000000000e+00
1.143133863806724548e-01,1.014904491603374481e-02,1.282293233089148998e-04,0.000000000000000000e+00,0.000000000000000000e+00
1.191103309392929077e-01,1.040157023817300797e-02,1.509462890680879354e-04,0.000000000000000000e+00,0.000000000000000000e+00
1.094742044806480408e-01,9.602551348507404327e-03,1.344869087915867567e-04,0.000000000000000000e+00,0.000000000000000000e+00
2.364174425601959229e-01,2.243794128298759460e-02,1.203802676172927022e-04,0.000000000000000000e+00,0.000000000000000000e+00
9.472385048866271973e-02,8.314943872392177582e-03,1.157441292889416218e-04,0.000000000000000000e+00,0.000000000000000000e+00
9.159413725137710571e-02,7.867993786931037903e-03,1.291420485358685255e-04,0.000000000000000000e+00,0.000000000000000000e+00
1.171174421906471252e-01,1.064874138683080673e-02,1.063002491719089448e-04,0.000000000000000000e+00,0.000000000000000000e+00
1.235974803566932678e-01,1.124369725584983826e-02,1.116051062126643956e-04,0.000000000000000000e+00,0.000000000000000000e+00
9.431053698062896729e-02,8.344233036041259766e-03,1.086820630007423460e-04,0.000000000000000000e+00,0.000000000000000000e+00
1.709661632776260376e-01,1.587768085300922394e-02,1.218935649376362562e-04,0.000000000000000000e+00,0.000000000000000000e+00
8.779039978981018066e-02,7.389389444142580032e-03,1.389650278724730015e-04,0.000000000000000000e+00,0.000000000000000000e+00
9.190134704113006592e-02,7.704253774136304855e-03,1.485880929976701736e-04,0.000000000000000000e+00,0.000000000000000000e+00
1.032055690884590149e-01,9.111570194363594055e-03,1.208987305290065706e-04,0.000000000000000000e+00,0.000000000000000000e+00
1.159798651933670044e-01,1.038265042006969452e-02,1.215335942106321454e-04,0.000000000000000000e+00,0.000000000000000000e+00
1.049998551607131958e-01,9.348061867058277130e-03,1.151923934230580926e-04,0.000000000000000000e+00,0.000000000000000000e+00
3.378089070320129395e-01,3.262460231781005859e-02,1.156288853962905705e-04,0.000000000000000000e+00,0.000000000000000000e+00
9.299986809492111206e-02,8.009413257241249084e-03,1.290574145969003439e-04,0.000000000000000000e+00,0.000000000000000000e+00
1.054724156856536865e-01,9.159903042018413544e-03,1.387337979394942522e-04,0.000000000000000000e+00,0.000000000000000000e+00
2.698960602283477783e-01,2.546836435794830322e-02,1.521242666058242321e-04,0.000000000000000000e+00,0.000000000000000000e+00
1.033751219511032104e-01,8.870562538504600525e-03,1.466949470341205597e-04,0.000000000000000000e+00,0.000000000000000000e+00
1.006511077284812927e-01,8.315945044159889221e-03,1.749165967339649796e-04,0.000000000000000000e+00,0.000000000000000000e+00
1.308187693357467651e-01,1.162870600819587708e-02,1.453170261811465025e-04,0.000000000000000000e+00,0.000000000000000000e+00
1.306012123823165894e-01,1.166347973048686981e-02,1.396640727762132883e-04,0.000000000000000000e+00,0.000000000000000000e+00
1.987489759922027588e-01,1.856788247823715210e-02,1.307015190832316875e-04,0.000000000000000000e+00,0.000000000000000000e+00
1.271935403347015381e-01,1.117030810564756393e-02,1.549045846331864595e-04,0.000000000000000000e+00,0.000000000000000000e+00
1.472861617803573608e-01,1.335532590746879578e-02,1.373290142510086298e-04,0.000000000000000000e+00,0.000000000000000000e+00
2.145162522792816162e-01,1.986927352845668793e-02,1.582350523676723242e-04,0.000000000000000000e+00,0.000000000000000000e+00
1.230422332882881165e-01,1.039238087832927704e-02,1.911842264235019684e-04,0.000000000000000000e+00,0.000000000000000000e+00
1.310683488845825195e-01,1.101245731115341187e-02,2.094378287438303232e-04,0.000000000000000000e+00,0.000000000000000000e+00
2.119035273790359497e-01,1.876617036759853363e-02,2.424182603135704994e-04,0.000000000000000000e+00,0.000000000000000000e+00
1.179223731160163879e-01,8.946595713496208191e-03,2.845641283784061670e-04,0.000000000000000000e+00,0.000000000000000000e+00
1.930505484342575073e-01,1.713734492659568787e-02,2.167709462810307741e-04,0.000000000000000000e+00,0.000000000000000000e+00
1.127929091453552246e-01,8.764786645770072937e-03,2.514503430575132370e-04,0.000000000000000000e+00,0.000000000000000000e+00
1.145221590995788574e-01,9.160101413726806641e-03,2.292114804731681943e-04,0.000000000000000000e+00,0.000000000000000000e+00
1.297737360000610352e-01,1.066677272319793701e-02,2.310600539203733206e-04,0.000000000000000000e+00,0.000000000000000000e+00
1.288828849792480469e-01,1.127880625426769257e-02,1.609481114428490400e-04,0.000000000000000000e+00,0.000000000000000000e+00
1.773657798767089844e-01,1.574019342660903931e-02,1.996384526137262583e-04,0.000000000000000000e+00,0.000000000000000000e+00
1.100793555378913879e-01,9.330854751169681549e-03,1.677080872468650341e-04,0.000000000000000000e+00,0.000000000000000000e+00
1.051044762134552002e-01,8.923673070967197418e-03,1.586774596944451332e-04,0.000000000000000000e+00,0.000000000000000000e+00
1.188461109995841980e-01,1.018519699573516846e-02,1.699413842288777232e-04,0.000000000000000000e+00,0.000000000000000000e+00
1.776810139417648315e-01,1.593038067221641541e-02,1.837720046751201153e-04,0.000000000000000000e+00,0.000000000000000000e+00
1.089555546641349792e-01,9.357960894703865051e-03,1.537595089757815003e-04,0.000000000000000000e+00,0.000000000000000000e+00
9.090601652860641479e-02,7.470645941793918610e-03,1.619956165086477995e-04,0.000000000000000000e+00,0.000000000000000000e+00
1.262310594320297241e-01,1.087631471455097198e-02,1.746791822370141745e-04,0.000000000000000000e+00,0.000000000000000000e+00
2.485021948814392090e-01,2.331380173563957214e-02,1.536417403258383274e-04,0.000000000000000000e+00,0.000000000000000000e+00
9.052034467458724976e-02,7.526086643338203430e-03,1.525948173366487026e-04,0.000000000000000000e+00,0.000000000000000000e+00
9.805625677108764648e-02,8.202660828828811646e-03,1.602964475750923157e-04,0.000000000000000000e+00,0.000000000000000000e+00
9.843004494905471802e-02,8.433042094111442566e-03,1.409962133038789034e-04,0.000000000000000000e+00,0.000000000000000000e+00
1.167073547840118408e-01,1.031675003468990326e-02,1.353984698653221130e-04,0.000000000000000000e+00,0.000000000000000000e+00
1.093873158097267151e-01,9.661471471190452576e-03,1.277259725611656904e-04,0.000000000000000000e+00,0.000000000000000000e+00
1.170449852943420410e-01,1.031856331974267960e-02,1.385935029247775674e-04,0.000000000000000000e+00,0.000000000000000000e+00
2.662709355354309082e-01,2.525030262768268585e-02,1.376790605718269944e-04,0.000000000000000000e+00,0.000000000000000000e+00
9.293846786022186279e-02,8.013897575438022614e-03,1.279949210584163666e-04,0.000000000000000000e+00,0.000000000000000000e+00
1.122495979070663452e-01,9.833816438913345337e-03,1.391143014188855886e-04,0.000000000000000000e+00,0.000000000000000000e+00
1.380620449781417847e-01,1.245798636227846146e-02,1.348218938801437616e-04,0.000000000000000000e+00,0.000000000000000000e+00
9.722233563661575317e-02,7.989736273884773254e-03,1.732497476041316986e-04,0.000000000000000000e+00,0.000000000000000000e+00
1.055170148611068726e-01,8.545236662030220032e-03,2.006465219892561436e-04,0.000000000000000000e+00,0.000000000000000000e+00
1.929563134908676147e-01,1.754185557365417480e-02,1.753776014083996415e-04,0.000000000000000000e+00,0.000000000000000000e+00
1.026686728000640869e-01,8.678724057972431183e-03,1.588143059052526951e-04,0.000000000000000000e+00,0.000000000000000000e+00
1.034534424543380737e-01,8.725617080926895142e-03,1.619727117940783501e-04,0.000000000000000000e+00,0.000000000000000000e+00
1.034959629178047180e-01,9.100511670112609863e-03,1.249084452865645289e-04,0.000000000000000000e+00,0.000000000000000000e+00
1.423361599445343018e-01,1.296149380505084991e-02,1.272122171940281987e-04,0.000000000000000000e+00,0.000000000000000000e+00
9.946323186159133911e-02,8.466336876153945923e-03,1.479986240155994892e-04,0.000000000000000000e+00,0.000000000000000000e+00
1.199092566967010498e-01,1.047789771109819412e-02,1.513028400950133801e-04,0.000000000000000000e+00,0.000000000000000000e+00
1.153040453791618347e-01,9.990762919187545776e-03,1.539641671115532517e-04,0.000000000000000000e+00,0.000000000000000000e+00
1.110188141465187073e-01,9.985020384192466736e-03,1.116860512411221862e-04,0.000000000000000000e+00,0.000000000000000000e+00
1.195488870143890381e-01,1.057119853794574738e-02,1.383690687362104654e-04,0.000000000000000000e+00,0.000000000000000000e+00
9.813696146011352539e-02,8.337417617440223694e-03,1.476278557674959302e-04,0.000000000000000000e+00,0.000000000000000000e+00
9.010070562362670898e-02,7.398916408419609070e-03,1.611153711564838886e-04,0.000000000000000000e+00,0.000000000000000000e+00
1.069661453366279602e-01,9.004461579024791718e-03,1.692153018666431308e-04,0.000000000000000000e+00,0.000000000000000000e+00
2.008191049098968506e-01,1.883009076118469238e-02,1.251820067409425974e-04,0.000000000000000000e+00,0.000000000000000000e+00
9.788136184215545654e-02,8.373886346817016602e-03,1.414250000379979610e-04,0.000000000000000000e+00,0.000000000000000000e+00
9.009931981563568115e-02,7.840681821107864380e-03,1.169250463135540485e-04,0.000000000000000000e+00,0.000000000000000000e+00
1.009117960929870605e-01,8.887289091944694519e-03,1.203889769385568798e-04,0.000000000000000000e+00,0.000000000000000000e+00
8.957082033157348633e-02,7.729109842330217361e-03,1.227971661137416959e-04,0.000000000000000000e+00,0.000000000000000000e+00
1.053660511970520020e-01,9.321751073002815247e-03,1.214854710269719362e-04,0.000000000000000000e+00,0.000000000000000000e+00
2.290331125259399414e-01,2.167018502950668335e-02,1.233126677107065916e-04,0.000000000000000000e+00,0.000000000000000000e+00
1.016672477126121521e-01,8.836645632982254028e-03,1.330078957835212350e-04,0.000000000000000000e+00,0.000000000000000000e+00
8.860517293214797974e-02,7.564108353108167648e-03,1.296409027418121696e-04,0.000000000000000000e+00,0.000000000000000000e+00
7.737386971712112427e-02,6.462349090725183487e-03,1.275038230232894421e-04,0.000000000000000000e+00,0.000000000000000000e+00
1.279469728469848633e-01,1.154353842139244080e-02,1.251159555977210402e-04,0.000000000000000000e+00,0.000000000000000000e+00
3.047395646572113037e-01,2.925803326070308685e-02,1.215922457049600780e-04,0.000000000000000000e+00,0.000000000000000000e+00
8.981220424175262451e-02,7.793909870088100433e-03,1.187310554087162018e-04,0.000000000000000000e+00,0.000000000000000000e+00
9.371755272150039673e-02,8.088586851954460144e-03,1.283168239751830697e-04,0.000000000000000000e+00,0.000000000000000000e+00
1.245204582810401917e-01,1.136286556720733643e-02,1.089180004782974720e-04,0.000000000000000000e+00,0.000000000000000000e+00
2.150185257196426392e-01,2.031977288424968719e-02,1.182079431600868702e-04,0.000000000000000000e+00,0.000000000000000000e+00
1.799491643905639648e-01,1.668926142156124115e-02,1.305655023315921426e-04,0.000000000000000000e+00,0.000000000000000000e+00
1.073549464344978333e-01,9.243393316864967346e-03,1.492101873736828566e-04,0.000000000000000000e+00,0.000000000000000000e+00
1.689223796129226685e-01,1.561013236641883850e-02,1.282106677535921335e-04,0.000000000000000000e+00,0.000000000000000000e+00
1.080350875854492188e-01,9.117832407355308533e-03,1.685676106717437506e-04,0.000000000000000000e+00,0.000000000000000000e+00
1.206768900156021118e-01,1.040559075772762299e-02,1.662097783992066979e-04,0.000000000000000000e+00,0.000000000000000000e+00
9.585000574588775635e-02,7.903210818767547607e-03,1.681789290159940720e-04,0.000000000000000000e+00,0.000000000000000000e+00
7.951470464468002319e-02,6.650028750300407410e-03,1.301441661780700088e-04,0.000000000000000000e+00,0.000000000000000000e+00
1.047630682587623596e-01,9.181823581457138062e-03,1.294483081437647343e-04,0.000000000000000000e+00,0.000000000000000000e+00
1.002024337649345398e-01,8.800033479928970337e-03,1.220210033352486789e-04,0.000000000000000000e+00,0.000000000000000000e+00
1.265836507081985474e-01,1.140438113361597061e-02,1.253984082723036408e-04,0.000000000000000000e+00,0.000000000000000000e+00
2.580662071704864502e-01,2.464853227138519287e-02,1.158088853117078543e-04,0.000000000000000000e+00,0.000000000000000000e+00
9.302932769060134888e-02,8.119331672787666321e-03,1.183601634693332016e-04,0.000000000000000000e+00,0.000000000000000000e+00
9.233144670724868774e-02,8.058864623308181763e-03,1.174279896076768637e-04,0.000000000000000000e+00,0.000000000000000000e+00
7.837039232254028320e-02,6.646798923611640930e-03,1.190240582218393683e-04,0.000000000000000000e+00,0.000000000000000000e+00
1.938531100749969482e-01,1.828124746680259705e-02,1.104062248487025499e-04,0.000000000000000000e+00,0.000000000000000000e+00
1.959207952022552490e-01,1.830707117915153503e-02,1.285007601836696267e-04,0.000000000000000000e+00,0.000000000000000000e+00
2.413073480129241943e-01,2.284887060523033142e-02,1.281862787436693907e-04,0.000000000000000000e+00,0.000000000000000000e+00
1.277263760566711426e-01,1.113484427332878113e-02,1.637792884139344096e-04,0.000000000000000000e+00,0.000000000000000000e+00
1.077209189534187317e-01,8.692394942045211792e-03,2.079696860164403915e-04,0.000000000000000000e+00,0.000000000000000000e+00
1.183437258005142212e-01,9.504986926913261414e-03,2.329384878976270556e-04,0.000000000000000000e+00,0.000000000000000000e+00
8.705708384513854980e-02,6.777020171284675598e-03,1.928688288899138570e-04,0.000000000000000000e+00,0.000000000000000000e+00
9.560647606849670410e-02,7.520360406488180161e-03,2.040287217823788524e-04,0.000000000000000000e+00,0.000000000000000000e+00
8.630467951297760010e-02,6.901029497385025024e-03,1.729438372422009706e-04,0.000000000000000000e+00,0.000000000000000000e+00
1.390573084354400635e-01,1.234964095056056976e-02,1.556090137455612421e-04,0.000000000000000000e+00,0.000000000000000000e+00
1.420670002698898315e-01,1.282842177897691727e-02,1.378278248012065887e-04,0.000000000000000000e+00,0.000000000000000000e+00
1.111268997192382812e-01,9.784907102584838867e-03,1.327782956650480628e-04,0.000000000000000000e+00,0.000000000000000000e+00
9.559858590364456177e-02,8.295277133584022522e-03,1.264581514988094568e-04,0.000000000000000000e+00,0.000000000000000000e+00
9.744063764810562134e-02,8.506728336215019226e-03,1.237335090991109610e-04,0.000000000000000000e+00,0.000000000000000000e+00
1.331243366003036499e-01,1.223707757890224457e-02,1.075356121873483062e-04,0.000000000000000000e+00,0.000000000000000000e+00
8.936457335948944092e-02,7.769370451569557190e-03,1.167087466455996037e-04,0.000000000000000000e+00,0.000000000000000000e+00
9.742089360952377319e-02,8.311161771416664124e-03,1.430927950423210859e-04,0.000000000000000000e+00,0.000000000000000000e+00
1.028005555272102356e-01,9.176963008940219879e-03,1.103092581615783274e-04,0.000000000000000000e+00,0.000000000000000000e+00
9.615189582109451294e-02,8.360998705029487610e-03,1.254191447515040636e-04,0.000000000000000000e+00,0.000000000000000000e+00
1.105470955371856689e-01,9.908715263009071350e-03,1.145994538092054427e-04,0.000000000000000000e+00,0.000000000000000000e+00
1.191901490092277527e-01,1.068390626460313797e-02,1.235108938999474049e-04,0.000000000000000000e+00,0.000000000000000000e+00
7.346172630786895752e-02,6.322132423520088196e-03,1.024040684569627047e-04,0.000000000000000000e+00,0.000000000000000000e+00
9.004587680101394653e-02,7.880318909883499146e-03,1.124268455896526575e-04,0.000000000000000000e+00,0.000000000000000000e+00
9.975796937942504883e-02,8.568947203457355499e-03,1.406849914928898215e-04,0.000000000000000000e+00,0.000000000000000000e+00
9.350831806659698486e-02,8.149904198944568634e-03,1.200928018079139292e-04,0.000000000000000000e+00,0.000000000000000000e+00
1.004310771822929382e-01,9.052321314811706543e-03,9.907865023706108332e-05,0.000000000000000000e+00,0.000000000000000000e+00
7.762314379215240479e-02,6.640246603637933731e-03,1.122068206313997507e-04,0.000000000000000000e+00,0.000000000000000000e+00
2.526132464408874512e-01,2.425571531057357788e-02,1.005609810817986727e-04,0.000000000000000000e+00,0.000000000000000000e+00
1.501741260290145874e-01,1.381433755159378052e-02,1.203075225930660963e-04,0.000000000000000000e+00,0.000000000000000000e+00
8.663042634725570679e-02,7.399930153042078018e-03,1.263112644664943218e-04,0.000000000000000000e+00,0.000000000000000000e+00
1.333675235509872437e-01,1.206754054874181747e-02,1.269211934413760900e-04,0.000000000000000000e+00,0.000000000000000000e+00
1.002015396952629089e-01,8.643312379717826843e-03,1.376840955344960093e-04,0.000000000000000000e+00,0.000000000000000000e+00
1.477790325880050659e-01,1.341381296515464783e-02,1.364089403068646789e-04,0.000000000000000000e+00,0.000000000000000000e+00
1.261900663375854492e-01,1.149498298764228821e-02,1.124023037846200168e-04,0.000000000000000000e+00,0.000000000000000000e+00
9.443822503089904785e-02,8.234564214944839478e-03,1.209258480230346322e-04,0.000000000000000000e+00,0.000000000000000000e+00
8.387899398803710938e-02,7.199222221970558167e-03,1.188677924801595509e-04,0.000000000000000000e+00,0.000000000000000000e+00
9.122837334871292114e-02,7.860966026782989502e-03,1.261871075257658958e-04,0.000000000000000000e+00,0.000000000000000000e+00
7.297942787408828735e-02,6.118299439549446106e-03,1.179643149953335524e-04,0.000000000000000000e+00,0.000000000000000000e+00
1.685378998517990112e-01,1.567788049578666687e-02,1.175909128505736589e-04,0.000000000000000000e+00,0.000000000000000000e+00
1.038564071059226990e-01,9.203756228089332581e-03,1.181884726975113153e-04,0.000000000000000000e+00,0.000000000000000000e+00
9.570270031690597534e-02,8.333800360560417175e-03,1.236469106515869498e-04,0.000000000000000000e+00,0.000000000000000000e+00
9.058635681867599487e-02,7.775040343403816223e-03,1.283595775021240115e-04,0.000000000000000000e+00,0.000000000000000000e+00
9.739726036787033081e-02,8.625711314380168915e-03,1.114014739869162440e-04,0.000000000000000000e+00,0.000000000000000000e+00
1.301035732030868530e-01,1.197150815278291702e-02,1.038849004544317722e-04,0.000000000000000000e+00,0.000000000000000000e+00
3.030326068401336670e-01,2.924777939915657043e-02,1.055482571246102452e-04,0.000000000000000000e+00,0.000000000000000000e+00
8.968724310398101807e-02,7.832173258066177368e-03,1.136550999945029616e-04,0.000000000000000000e+00,0.000000000000000000e+00
8.285465091466903687e-02,7.037430536001920700e-03,1.248035114258527756e-04,0.000000000000000000e+00,0.000000000000000000e+00
7.426807284355163574e-02,6.351379677653312683e-03,1.075427135219797492e-04,0.000000000000000000e+00,0.000000000000000000e+00
9.745832532644271851e-02,8.435089141130447388e-03,1.310743537032976747e-04,0.000000000000000000e+00,0.000000000000000000e+00
1.027443706989288330e-01,9.072367101907730103e-03,1.202069906867109239e-04,0.000000000000000000e+00,0.000000000000000000e+00
1.351235657930374146e-01,1.247851736843585968e-02,1.033839507726952434e-04,0.000000000000000000e+00,0.000000000000000000e+00
1.350587457418441772e-01,1.233808696269989014e-02,1.167787340818904340e-04,0.000000000000000000e+00,0.000000000000000000e+00
1.772931814193725586e-01,1.667248643934726715e-02,1.056831970345228910e-04,0.000000000000000000e+00,0.000000000000000000e+00
8.591081202030181885e-02,7.138349115848541260e-03,1.452732249163091183e-04,0.000000000000000000e+00,0.000000000000000000e+00
1.068420633673667908e-01,8.990971371531486511e-03,1.693234808044508100e-04,0.000000000000000000e+00,0.000000000000000000e+00
1.180750504136085510e-01,1.035283785313367844e-02,1.454666780773550272e-04,0.000000000000000000e+00,0.000000000000000000e+00
9.392788261175155640e-02,7.404061499983072281e-03,1.988726726267486811e-04,0.000000000000000000e+00,0.000000000000000000e+00
2.032903134822845459e-01,1.853725127875804901e-02,1.791779068298637867e-04,0.000000000000000000e+00,0.000000000000000000e+00
9.406756609678268433e-02,7.754688616842031479e-03,1.652067876420915127e-04,0.000000000000000000e+00,0.000000000000000000e+00
9.769921004772186279e-02,8.420208469033241272e-03,1.349712547380477190e-04,0.000000000000000000e+00,0.000000000000000000e+00
1.046504527330398560e-01,9.218297898769378662e-03,1.246747415279969573e-04,0.000000000000000000e+00,0.000000000000000000e+00
8.240807056427001953e-02,6.943230517208576202e-03,1.297576818615198135e-04,0.000000000000000000e+00,0.000000000000000000e+00
8.779896050691604614e-02,7.585786283016204834e-03,1.194109499920159578e-04,0.000000000000000000e+00,0.000000000000000000e+00
1.732423752546310425e-01,1.599987223744392395e-02,1.324365439359098673e-04,0.000000000000000000e+00,0.000000000000000000e+00
1.327608972787857056e-01,1.213149353861808777e-02,1.144595735240727663e-04,0.000000000000000000e+00,0.000000000000000000e+00
8.648532629013061523e-02,7.679178379476070404e-03,9.693540778243914247e-05,0.000000000000000000e+00,0.000000000000000000e+00
9.135203808546066284e-02,8.050655946135520935e-03,1.084547329810447991e-04,0.000000000000000000e+00,0.000000000000000000e+00
9.816172719001770020e-02,8.736792020499706268e-03,1.079380890587344766e-04,0.000000000000000000e+00,0.000000000000000000e+00
1.265658438205718994e-01,1.140245236456394196e-02,1.254132948815822601e-04,0.000000000000000000e+00,0.000000000000000000e+00
8.078578114509582520e-02,7.007095031440258026e-03,1.071482984116300941e-04,0.000000000000000000e+00,0.000000000000000000e+00
8.635234087705612183e-02,7.483123335987329483e-03,1.152111144619993865e-04,0.000000000000000000e+00,0.000000000000000000e+00
1.013457253575325012e-01,8.981824852526187897e-03,1.152747718151658773e-04,0.000000000000000000e+00,0.000000000000000000e+00
2.844975590705871582e-01,2.738748863339424133e-02,1.062266819644719362e-04,0.000000000000000000e+00,0.000000000000000000e+00
1.107995659112930298e-01,9.782495908439159393e-03,1.297460403293371201e-04,0.000000000000000000e+00,0.000000000000000000e+00
9.242524206638336182e-02,8.156373165547847748e-03,1.086150732589885592e-04,0.000000000000000000e+00,0.000000000000000000e+00
7.490918785333633423e-02,6.357606500387191772e-03,1.133312543970532715e-04,0.000000000000000000e+00,0.000000000000000000e+00
9.567806869745254517e-02,8.444916456937789917e-03,1.122890098486095667e-04,0.000000000000000000e+00,0.000000000000000000e+00
8.985375612974166870e-02,7.928524166345596313e-03,1.056851324392482638e-04,0.000000000000000000e+00,0.000000000000000000e+00
7.469534128904342651e-02,6.348696071654558182e-03,1.120837841881439090e-04,0.000000000000000000e+00,0.000000000000000000e+00
8.926372230052947998e-02,7.864614948630332947e-03,1.061756775015965104e-04,0.000000000000000000e+00,0.000000000000000000e+00
1.202738657593727112e-01,1.105975918471813202e-02,9.676270565250888467e-05,0.000000000000000000e+00,0.000000000000000000e+00
9.089243412017822266e-02,8.229624480009078979e-03,8.596191764809191227e-05,0.000000000000000000e+00,0.000000000000000000e+00
1.168842464685440063e-01,1.080014277249574661e-02,8.882816473487764597e-05,0.000000000000000000e+00,0.000000000000000000e+00
1.143559217453002930e-01,1.045764517039060593e-02,9.779464016901329160e-05,0.000000000000000000e+00,0.000000000000000000e+00
1.250098794698715210e-01,1.149072311818599701e-02,1.010264677461236715e-04,0.000000000000000000e+00,0.000000000000000000e+00
1.335034072399139404e-01,1.208318769931793213e-02,1.267153420485556126e-04,0.000000000000000000e+00,0.000000000000000000e+00
9.390753507614135742e-02,7.882783189415931702e-03,1.507970300735905766e-04,0.000000000000000000e+00,0.000000000000000000e+00
1.124489456415176392e-01,9.612543508410453796e-03,1.632350613363087177e-04,0.000000000000000000e+00,0.000000000000000000e+00
8.816745877265930176e-02,7.382284849882125854e-03,1.434460864402353764e-04,0.000000000000000000e+00,0.000000000000000000e+00
1.126167029142379761e-01,9.948199614882469177e-03,1.313470129389315844e-04,0.000000000000000000e+00,0.000000000000000000e+00
1.021270677447319031e-01,9.053261950612068176e-03,1.159445309895090759e-04,0.000000000000000000e+00,0.000000000000000000e+00
9.354957938194274902e-02,8.077706210315227509e-03,1.277251867577433586e-04,0.000000000000000000e+00,0.000000000000000000e+00
7.591991871595382690e-02,6.486072205007076263e-03,1.105919509427621961e-04,0.000000000000000000e+00,0.000000000000000000e+00
1.024986803531646729e-01,9.284103289246559143e-03,9.657647751737385988e-05,0.000000000000000000e+00,0.000000000000000000e+00
1.538393348455429077e-01,1.434334833174943924e-02,1.040585120790638030e-04,0.000000000000000000e+00,0.000000000000000000e+00
9.522105008363723755e-02,8.203109726309776306e-03,1.318994618486613035e-04,0.000000000000000000e+00,0.000000000000000000e+00
1.103001981973648071e-01,9.910311549901962280e-03,1.119708613259717822e-04,0.000000000000000000e+00,0.000000000000000000e+00
9.828995168209075928e-02,8.782132528722286224e-03,1.046862817020155489e-04,0.000000000000000000e+00,0.000000000000000000e+00
2.518636584281921387e-01,2.422348037362098694e-02,9.628869884181767702e-05,0.000000000000000000e+00,0.000000000000000000e+00
1.075905635952949524e-01,9.583480656147003174e-03,1.175575598608702421e-04,0.000000000000000000e+00,0.000000000000000000e+00
9.499045461416244507e-02,8.195210248231887817e-03,1.303835306316614151e-04,0.000000000000000000e+00,0.000000000000000000e+00
1.455567032098770142e-01,1.304120104759931564e-02,1.514468749519437551e-04,0.000000000000000000e+00,0.000000000000000000e+00
9.128697216510772705e-02,7.235907018184661865e-03,1.892789878183975816e-04,0.000000000000000000e+00,0.000000000000000000e+00
1.073945388197898865e-01,8.993933908641338348e-03,1.745519839460030198e-04,0.000000000000000000e+00,0.000000000000000000e+00
8.922484517097473145e-02,7.239150814712047577e-03,1.683333248365670443e-04,0.000000000000000000e+00,0.000000000000000000e+00
1.095897555351257324e-01,9.562680497765541077e-03,1.396295410813763738e-04,0.000000000000000000e+00,0.000000000000000000e+00
1.164452582597732544e-01,1.046045031398534775e-02,1.184075663331896067e-04,0.000000000000000000e+00,0.000000000000000000e+00
1.058576628565788269e-01,9.450286626815795898e-03,1.135479542426764965e-04,0.000000000000000000e+00,0.000000000000000000e+00
1.025197654962539673e-01,9.274828247725963593e-03,9.771477925824001431e-05,0.000000000000000000e+00,0.000000000000000000e+00
8.030017465353012085e-02,6.858025677502155304e-03,1.171991825685836375e-04,0.000000000000000000e+00,0.000000000000000000e+00
1.229788884520530701e-01,1.122872438281774521e-02,1.069164136424660683e-04,0.000000000000000000e+00,0.000000000000000000e+00
3.165873289108276367e-01,3.073707222938537598e-02,9.216608304996043444e-05,0.000000000000000000e+00,0.000000000000000000e+00
7.748530805110931396e-02,6.436418741941452026e-03,1.312112435698509216e-04,0.000000000000000000e+00,0.000000000000000000e+00
1.155442073941230774e-01,1.016568578779697418e-02,1.388735254295170307e-04,0.000000000000000000e+00,0.000000000000000000e+00
1.729703396558761597e-01,1.593581587076187134e-02,1.361218746751546860e-04,0.000000000000000000e+00,0.000000000000000000e+00
2.083044201135635376e-01,1.959584839642047882e-02,1.234594674315303564e-04,0.000000000000000000e+00,0.000000000000000000e+00
9.090776741504669189e-02,7.280748337507247925e-03,1.810028625186532736e-04,0.000000000000000000e+00,0.000000000000000000e+00
8.625090122222900391e-02,7.010909728705883026e-03,1.614180509932339191e-04,0.000000000000000000e+00,0.000000000000000000e+00
1.171614602208137512e-01,1.017007697373628616e-02,1.546069106552749872e-04,0.000000000000000000e+00,0.000000000000000000e+00
1.129375845193862915e-01,9.268797934055328369e-03,2.024960704147815704e-04,0.000000000000000000e+00,0.000000000000000000e+00
1.078386902809143066e-01,9.122108109295368195e-03,1.661761343711987138e-04,0.000000000000000000e+00,0.000000000000000000e+00
9.341648966073989868e-02,8.038913831114768982e-03,1.302735036006197333e-04,0.000000000000000000e+00,0.000000000000000000e+00
9.360827505588531494e-02,8.073682896792888641e-03,1.287144550587981939e-04,0.000000000000000000e+00,0.000000000000000000e+00
8.754748106002807617e-02,7.328897248953580856e-03,1.425851078238338232e-04,0.000000000000000000e+00,0.000000000000000000e+00
9.291105717420578003e-02,7.970083504915237427e-03,1.321022282354533672e-04,0.000000000000000000e+00,0.000000000000000000e+00
7.369568198919296265e-02,6.067428737878799438e-03,1.302139280596747994e-04,0.000000000000000000e+00,0.000000000000000000e+00
1.019730567932128906e-01,9.059757925570011139e-03,1.137547951657325029e-04,0.000000000000000000e+00,0.000000000000000000e+00
9.395287930965423584e-02,8.299963548779487610e-03,1.095324842026457191e-04,0.000000000000000000e+00,0.000000000000000000e+00
2.380622327327728271e-01,2.272426709532737732e-02,1.081955488189123571e-04,0.000000000000000000e+00,0.000000000000000000e+00
1.251756399869918823e-01,1.129095628857612610e-02,1.226608292199671268e-04,0.000000000000000000e+00,0.000000000000000000e+00
1.448548436164855957e-01,1.317583024501800537e-02,1.309654762735590339e-04,0.000000000000000000e+00,0.000000000000000000e+00
1.031150072813034058e-01,9.022134356200695038e-03,1.289366337005048990e-04,0.000000000000000000e+00,0.000000000000000000e+00
1.291006207466125488e-01,1.159154251217842102e-02,1.318519352935254574e-04,0.000000000000000000e+00,0.000000000000000000e+00
8.121109753847122192e-02,6.882043555378913879e-03,1.239066768903285265e-04,0.000000000000000000e+00,0.000000000000000000e+00
9.231338649988174438e-02,8.064804598689079285e-03,1.166533984360285103e-04,0.000000000000000000e+00,0.000000000000000000e+00
1.021015569567680359e-01,8.963402360677719116e-03,1.246753527084365487e-04,0.000000000000000000e+00,0.000000000000000000e+00
7.844137400388717651e-02,6.426441483199596405e-03,1.417695748386904597e-04,0.000000000000000000e+00,0.000000000000000000e+00
9.922559559345245361e-02,8.510250598192214966e-03,1.412308920407667756e-04,0.000000000000000000e+00,0.000000000000000000e+00
9.349334239959716797e-02,8.190190419554710388e-03,1.159143212134949863e-04,0.000000000000000000e+00,0.000000000000000000e+00
9.477162361145019531e-02,8.315793238580226898e-03,1.161369000328704715e-04,0.000000000000000000e+00,0.000000000000000000e+00
9.466346353292465210e-02,8.345294743776321411e-03,1.121051755035296082e-04,0.000000000000000000e+00,0.000000000000000000e+00
1.127868294715881348e-01,1.030168216675519943e-02,9.770008182385936379e-05,0.000000000000000000e+00,0.000000000000000000e+00
1.988449245691299438e-01,1.874508894979953766e-02,1.139403975685127079e-04,0.000000000000000000e+00,0.000000000000000000e+00
1.051247343420982361e-01,9.264145977795124054e-03,1.248327753273770213e-04,0.000000000000000000e+00,0.000000000000000000e+00
9.423094987869262695e-02,8.071837015450000763e-03,1.351258542854338884e-04,0.000000000000000000e+00,0.000000000000000000e+00
1.664408743381500244e-01,1.536294352263212204e-02,1.281143049709498882e-04,0.000000000000000000e+00,0.000000000000000000e+00
1.332363635301589966e-01,1.214332226663827896e-02,1.180313847726210952e-04,0.000000000000000000e+00,0.000000000000000000e+00
1.143054366111755371e-01,1.021255087107419968e-02,1.217992248712107539e-04,0.000000000000000000e+00,0.000000000000000000e+00
8.591845631599426270e-02,7.612664252519607544e-03,9.791812772164121270e-05,0.000000000000000000e+00,0.000000000000000000e+00
8.216545730829238892e-02,7.070115301758050919e-03,1.146430295193567872e-04,0.000000000000000000e+00,0.000000000000000000e+00
1.437816023826599121e-01,1.314741466194391251e-02,1.230745547218248248e-04,0.000000000000000000e+00,0.000000000000000000e+00
8.794538676738739014e-02,7.582079619169235229e-03,1.212458737427368760e-04,0.000000000000000000e+00,0.000000000000000000e+00
7.908172905445098877e-02,6.530168466269969940e-03,1.378004380967468023e-04,0.000000000000000000e+00,0.000000000000000000e+00
8.195031434297561646e-02,6.960395257920026779e-03,1.234636292792856693e-04,0.000000000000000000e+00,0.000000000000000000e+00
2.151846587657928467e-01,2.043268084526062012e-02,1.085784460883587599e-04,0.000000000000000000e+00,0.000000000000000000e+00
7.398080080747604370e-02,6.386113818734884262e-03,1.011966160149313509e-04,0.000000000000000000e+00,0.000000000000000000e+00
8.082080632448196411e-02,6.936859339475631714e-03,1.145221103797666728e-04,0.000000000000000000e+00,0.000000000000000000e+00
8.534067869186401367e-02,7.514354772865772247e-03,1.019713454297743738e-04,0.000000000000000000e+00,0.000000000000000000e+00
6.838341802358627319e-02,5.837097764015197754e-03,1.001244236249476671e-04,0.000000000000000000e+00,0.000000000000000000e+00
7.874074578285217285e-02,6.682339590042829514e-03,1.191735427710227668e-04,0.000000000000000000e+00,0.000000000000000000e+00
1.608341187238693237e-01,1.513409242033958435e-02,9.493183461017906666e-05,0.000000000000000000e+00,0.000000000000000000e+00
8.905961364507675171e-02,8.011083118617534637e-03,8.948782488005235791e-05,0.000000000000000000e+00,0.000000000000000000e+00
8.551903069019317627e-02,7.552384864538908005e-03,9.995187429012730718e-05,0.000000000000000000e+00,0.000000000000000000e+00
8.301128447055816650e-02,7.367631420493125916e-03,9.334970673080533743e-05,0.000000000000000000e+00,0.000000000000000000e+00
8.463636040687561035e-02,7.510880008339881897e-03,9.527560177957639098e-05,0.000000000000000000e+00,0.000000000000000000e+00
8.680506050586700439e-02,7.653946056962013245e-03,1.026560712489299476e-04,0.000000000000000000e+00,0.000000000000000000e+00
1.166611313819885254e-01,1.073779724538326263e-02,9.283151302952319384e-05,0.000000000000000000e+00,0.000000000000000000e+00
1.839711368083953857e-01,1.733440347015857697e-02,1.062710653059184551e-04,0.000000000000000000e+00,0.000000000000000000e+00
8.493337035179138184e-02,7.393424864858388901e-03,1.099912333302199841e-04,0.000000000000000000e+00,0.000000000000000000e+00
1.467446982860565186e-01,1.348419394344091415e-02,1.190276452689431608e-04,0.000000000000000000e+00,0.000000000000000000e+00
7.603508979082107544e-02,6.341803818941116333e-03,1.261704892385751009e-04,0.000000000000000000e+00,0.000000000000000000e+00
8.287933468818664551e-02,6.900642998516559601e-03,1.387290249112993479e-04,0.000000000000000000e+00,0.000000000000000000e+00
1.215287297964096069e-01,1.071867067366838455e-02,1.434202131349593401e-04,0.000000000000000000e+00,0.000000000000000000e+00
8.441442251205444336e-02,7.024195510894060135e-03,1.417246094206348062e-04,0.000000000000000000e+00,0.000000000000000000e+00
8.225473761558532715e-02,7.016503717750310898e-03,1.208969915751367807e-04,0.000000000000000000e+00,0.000000000000000000e+00
8.356553316116333008e-02,7.184290327131748199e-03,1.172263073385693133e-04,0.000000000000000000e+00,0.000000000000000000e+00
8.342678099870681763e-02,7.406949531286954880e-03,9.357290400657802820e-05,0.000000000000000000e+00,0.000000000000000000e+00
2.264424562454223633e-01,2.161771245300769806e-02,1.026532918331213295e-04,0.000000000000000000e+00,0.000000000000000000e+00
7.994704693555831909e-02,6.952461786568164825e-03,1.042242802213877439e-04,0.000000000000000000e+00,0.000000000000000000e+00
1.525134295225143433e-01,1.430815551429986954e-02,9.431870421394705772e-05,0.000000000000000000e+00,0.000000000000000000e+00
7.555998116731643677e-02,6.561888381838798523e-03,9.941094322130084038e-05,0.000000000000000000e+00,0.000000000000000000e+00
7.667307555675506592e-02,6.587526295334100723e-03,1.079781723092310131e-04,0.000000000000000000e+00,0.000000000000000000e+00
8.199053257703781128e-02,7.240646984428167343e-03,9.584064537193626165e-05,0.000000000000000000e+00,0.000000000000000000e+00
7.869936525821685791e-02,6.966573186218738556e-03,9.033631067723035812e-05,0.000000000000000000e+00,0.000000000000000000e+00
7.072027027606964111e-02,6.017042789608240128e-03,1.054984168149530888e-04,0.000000000000000000e+00,0.000000000000000000e+00
7.759902626276016235e-02,6.855927407741546631e-03,9.039749420480802655e-05,0.000000000000000000e+00,0.000000000000000000e+00
8.283101767301559448e-02,7.386362180113792419e-03,8.967391477199271321e-05,0.000000000000000000e+00,0.000000000000000000e+00
1.001614704728126526e-01,8.910913020372390747e-03,1.105234114220365882e-04,0.000000000000000000e+00,0.000000000000000000e+00
2.254160940647125244e-01,2.156742475926876068e-02,9.741841495269909501e-05,0.000000000000000000e+00,0.000000000000000000e+00
8.447757363319396973e-02,7.284136023372411728e-03,1.163620909210294485e-04,0.000000000000000000e+00,0.000000000000000000e+00
1.944977492094039917e-01,1.841175928711891174e-02,1.038016489474102855e-04,0.000000000000000000e+00,0.000000000000000000e+00
1.116959229111671448e-01,1.003877259790897369e-02,1.130820164689794183e-04,0.000000000000000000e+00,0.000000000000000000e+00
8.023236691951751709e-02,6.773454137146472931e-03,1.249782362719997764e-04,0.000000000000000000e+00,0.000000000000000000e+00
7.295878976583480835e-02,6.143181584775447845e-03,1.152697077486664057e-04,0.000000000000000000e+00,0.000000000000000000e+00
8.959273248910903931e-02,7.895940914750099182e-03,1.063332601916044950e-04,0.000000000000000000e+00,0.000000000000000000e+00
9.404376894235610962e-02,8.386329747736454010e-03,1.018047551042400301e-04,0.000000000000000000e+00,0.000000000000000000e+00
7.811321318149566650e-02,6.883074529469013214e-03,9.282468818128108978e-05,0.000000000000000000e+00,0.000000000000000000e+00
1.164065450429916382e-01,1.073752343654632568e-02,9.031307854456827044e-05,0.000000000000000000e+00,0.000000000000000000e+00
1.221243888139724731e-01,1.123468764126300812e-02,9.777515515452250838e-05,0.000000000000000000e+00,0.000000000000000000e+00
7.485423237085342407e-02,6.554485298693180084e-03,9.309379674959927797e-05,0.000000000000000000e+00,0.000000000000000000e+00
7.421040534973144531e-02,6.624678615480661392e-03,7.963621465023607016e-05,0.000000000000000000e+00,0.000000000000000000e+00
6.609906256198883057e-02,5.644905846565961838e-03,9.650005085859447718e-05,0.000000000000000000e+00,0.000000000000000000e+00
8.187590539455413818e-02,7.148524280637502670e-03,1.039065973600372672e-04,0.000000000000000000e+00,0.000000000000000000e+00
1.290031820535659790e-01,1.199030503630638123e-02,9.100126771954819560e-05,0.000000000000000000e+00,0.000000000000000000e+00
1.989154964685440063e-01,1.887599192559719086e-02,1.015557354548946023e-04,0.000000000000000000e+00,0.000000000000000000e+00
8.389528095722198486e-02,7.178199011832475662e-03,1.211329072248190641e-04,0.000000000000000000e+00,0.000000000000000000e+00
9.662842005491256714e-02,8.517799898982048035e-03,1.145041605923324823e-04,0.000000000000000000e+00,0.000000000000000000e+00
9.316862374544143677e-02,8.100025355815887451e-03,1.216837190440855920e-04,0.000000000000000000e+00,0.000000000000000000e+00
8.685412257909774780e-02,7.582424208521842957e-03,1.102987735066562891e-04,0.000000000000000000e+00,0.000000000000000000e+00
7.811912894248962402e-02,6.729220971465110779e-03,1.082691524061374366e-04,0.000000000000000000e+00,0.000000000000000000e+00
8.934553712606430054e-02,8.018288761377334595e-03,9.162649803329259157e-05,0.000000000000000000e+00,0.000000000000000000e+00
1.261650174856185913e-01,1.169199589639902115e-02,9.245058754459023476e-05,0.000000000000000000e+00,0.000000000000000000e+00
7.896506786346435547e-02,6.951907649636268616e-03,9.445998875889927149e-05,0.000000000000000000e+00,0.000000000000000000e+00
1.429953277111053467e-01,1.335661206394433975e-02,9.429204510524868965e-05,0.000000000000000000e+00,0.000000000000000000e+00
2.416648119688034058e-01,2.313387580215930939e-02,1.032606232911348343e-04,0.000000000000000000e+00,0.000000000000000000e+00
7.860664278268814087e-02,6.960334256291389465e-03,9.003306331578642130e-05,0.000000000000000000e+00,0.000000000000000000e+00
9.038193523883819580e-02,7.843010127544403076e-03,1.195183431264013052e-04,0.000000000000000000e+00,0.000000000000000000e+00
7.477772980928421021e-02,6.205813027918338776e-03,1.271959918085485697e-04,0.000000000000000000e+00,0.000000000000000000e+00
8.690875768661499023e-02,7.407658267766237259e-03,1.283217425225302577e-04,0.000000000000000000e+00,0.000000000000000000e+00
1.025957390666007996e-01,8.950977586209774017e-03,1.308596401941031218e-04,0.000000000000000000e+00,0.000000000000000000e+00
8.416411280632019043e-02,7.179054431617259979e-03,1.237356336787343025e-04,0.000000000000000000e+00,0.000000000000000000e+00
1.271906644105911255e-01,1.151311770081520081e-02,1.205948792630806565e-04,0.000000000000000000e+00,0.000000000000000000e+00
7.891035079956054688e-02,6.726090796291828156e-03,1.164944114862009883e-04,0.000000000000000000e+00,0.000000000000000000e+00
1.057954356074333191e-01,9.568369016051292419e-03,1.011174026643857360e-04,0.000000000000000000e+00,0.000000000000000000e+00
8.084520697593688965e-02,7.019740063697099686e-03,1.064780590240843594e-04,0.000000000000000000e+00,0.000000000000000000e+00
8.794803172349929810e-02,7.773858960717916489e-03,1.020943891489878297e-04,0.000000000000000000e+00,0.000000000000000000e+00
7.550244033336639404e-02,6.607308983802795410e-03,9.429348574485629797e-05,0.000000000000000000e+00,0.000000000000000000e+00
8.011659234762191772e-02,7.153276354074478149e-03,8.583829912822693586e-05,0.000000000000000000e+00,0.000000000000000000e+00
1.027830168604850769e-01,9.400175884366035461e-03,8.781260839896276593e-05,0.000000000000000000e+00,0.000000000000000000e+00
6.473143398761749268e-02,5.726029165089130402e-03,7.471141725545749068e-05,0.000000000000000000e+00,0.000000000000000000e+00
9.836137294769287109e-02,8.884552866220474243e-03,9.515846613794565201e-05,0.000000000000000000e+00,0.000000000000000000e+00
1.700941324234008789e-01,1.616004854440689087e-02,8.493641507811844349e-05,0.000000000000000000e+00,0.000000000000000000e+00
1.621036231517791748e-01,1.522300019860267639e-02,9.873630187939852476e-05,0.000000000000000000e+00,0.000000000000000000e+00
1.841390728950500488e-01,1.735343784093856812e-02,1.060469512594863772e-04,0.000000000000000000e+00,0.000000000000000000e+00
9.652186185121536255e-02,8.264774456620216370e-03,1.387412194162607193e-04,0.000000000000000000e+00,0.000000000000000000e+00
7.609679549932479858e-02,6.047200411558151245e-03,1.562479301355779171e-04,0.000000000000000000e+00,0.000000000000000000e+00
2.376466095447540283e-01,2.236173115670681000e-02,1.402928901370614767e-04,0.000000000000000000e+00,0.000000000000000000e+00
8.022312819957733154e-02,6.332902237772941589e-03,1.689409837126731873e-04,0.000000000000000000e+00,0.000000000000000000e+00
2.105563730001449585e-01,1.935800537467002869e-02,1.697630796115845442e-04,0.000000000000000000e+00,0.000000000000000000e+00
9.811194241046905518e-02,8.147085085511207581e-03,1.664109586272388697e-04,0.000000000000000000e+00,0.000000000000000000e+00
1.037078201770782471e-01,8.610639721155166626e-03,1.760142331477254629e-04,0.000000000000000000e+00,0.000000000000000000e+00
8.239980787038803101e-02,6.544726900756359100e-03,1.695253449724987149e-04,0.000000000000000000e+00,0.000000000000000000e+00
7.888931035995483398e-02,6.446210667490959167e-03,1.442719949409365654e-04,0.000000000000000000e+00,0.000000000000000000e+00
7.527792453765869141e-02,6.174255162477493286e-03,1.353537081740796566e-04,0.000000000000000000e+00,0.000000000000000000e+00
7.669727504253387451e-02,6.675906479358673096e-03,9.938209404936060309e-05,0.000000000000000000e+00,0.000000000000000000e+00
7.983564585447311401e-02,6.718753837049007416e-03,1.264810853172093630e-04,0.000000000000000000e+00,0.000000000000000000e+00
8.085264265537261963e-02,7.090243976563215256e-03,9.950208186637610197e-05,0.000000000000000000e+00,0.000000000000000000e+00
7.011707127094268799e-02,6.077280733734369278e-03,9.344263526145368814e-05,0.000000000000000000e+00,0.000000000000000000e+00
1.083905696868896484e-01,9.987344965338706970e-03,8.517116657458245754e-05,0.000000000000000000e+00,0.000000000000000000e+00
8.629458397626876831e-02,7.611128035932779312e-03,1.018330221995711327e-04,0.000000000000000000e+00,0.000000000000000000e+00
8.113692700862884521e-02,7.129958365112543106e-03,9.837340621743351221e-05,0.000000000000000000e+00,0.000000000000000000e+00
9.261262416839599609e-02,8.143417537212371826e-03,1.117845094995573163e-04,0.000000000000000000e+00,0.000000000000000000e+00
1.285558491945266724e-01,1.181232463568449020e-02,1.043260635924525559e-04,0.000000000000000000e+00,0.000000000000000000e+00
8.292344957590103149e-02,7.013397756963968277e-03,1.278947165701538324e-04,0.000000000000000000e+00,0.000000000000000000e+00
8.123154193162918091e-02,7.182054221630096436e-03,9.410997154191136360e-05,0.000000000000000000e+00,0.000000000000000000e+00
1.369824707508087158e-01,1.264862436801195145e-02,1.049623679136857390e-04,0.000000000000000000e+00,0.000000000000000000e+00
8.528165519237518311e-02,7.564281579107046127e-03,9.638836490921676159e-05,0.000000000000000000e+00,0.000000000000000000e+00
8.053968846797943115e-02,7.124185562133789062e-03,9.297831275034695864e-05,0.000000000000000000e+00,0.000000000000000000e+00
1.482603251934051514e-01,1.380626205354928970e-02,1.019769551930949092e-04,0.000000000000000000e+00,0.000000000000000000e+00
9.415075927972793579e-02,8.479490876197814941e-03,9.355851216241717339e-05,0.000000000000000000e+00,0.000000000000000000e+00
1.292144656181335449e-01,1.202905271202325821e-02,8.923932909965515137e-05,0.000000000000000000e+00,0.000000000000000000e+00
1.086824536323547363e-01,9.750711731612682343e-03,1.117533538490533829e-04,0.000000000000000000e+00,0.000000000000000000e+00
1.043911948800086975e-01,9.050486609339714050e-03,1.388632372254505754e-04,0.000000000000000000e+00,0.000000000000000000e+00
9.393202513456344604e-02,7.896956987679004669e-03,1.496245822636410594e-04,0.000000000000000000e+00,0.000000000000000000e+00
8.179471641778945923e-02,6.933796219527721405e-03,1.245675230165943503e-04,0.000000000000000000e+00,0.000000000000000000e+00
6.523505598306655884e-02,5.094834137707948685e-03,1.428671384928748012e-04,0.000000000000000000e+00,0.000000000000000000e+00
8.911404013633728027e-02,7.768158335238695145e-03,1.143245026469230652e-04,0.000000000000000000e+00,0.000000000000000000e+00
9.995013475418090820e-02,8.666209876537322998e-03,1.328803191427141428e-04,0.000000000000000000e+00,0.000000000000000000e+00
8.440939337015151978e-02,7.443837355822324753e-03,9.971023246180266142e-05,0.000000000000000000e+00,0.000000000000000000e+00
2.136583775281906128e-01,2.038916200399398804e-02,9.766763832885771990e-05,0.000000000000000000e+00,0.000000000000000000e+00
7.293867319822311401e-02,6.313326768577098846e-03,9.805403533391654491e-05,0.000000000000000000e+00,0.000000000000000000e+00
8.179185539484024048e-02,7.222054526209831238e-03,9.571306873112916946e-05,0.000000000000000000e+00,0.000000000000000000e+00
8.529330044984817505e-02,7.484219036996364594e-03,1.045110984705388546e-04,0.000000000000000000e+00,0.000000000000000000e+00
1.360831856727600098e-01,1.264339778572320938e-02,9.649194544181227684e-05,0.000000000000000000e+00,0.000000000000000000e+00
7.609538733959197998e-02,6.710860878229141235e-03,8.986781176645308733e-05,0.000000000000000000e+00,0.000000000000000000e+00
6.454105675220489502e-02,5.553440190851688385e-03,9.006659092847257853e-05,0.000000000000000000e+00,0.000000000000000000e+00
9.398367255926132202e-02,8.532453328371047974e-03,8.659136074129492044e-05,0.000000000000000000e+00,0.000000000000000000e+00
1.064988374710083008e-01,9.642101824283599854e-03,1.007782193482853472e-04,0.000000000000000000e+00,0.000000000000000000e+00
8.836381137371063232e-02,8.025743067264556885e-03,8.106381574179977179e-05,0.000000000000000000e+00,0.000000000000000000e+00
3.361791372299194336e-01,3.273198381066322327e-02,8.859297668095678091e-05,0.000000000000000000e+00,0.000000000000000000e+00
6.408409774303436279e-02,5.479636602103710175e-03,9.287726425100117922e-05,0.000000000000000000e+00,0.000000000000000000e+00
1.169483289122581482e-01,1.065373793244361877e-02,1.041094656102359295e-04,0.000000000000000000e+00,0.000000000000000000e+00
1.129327341914176941e-01,1.027320418506860733e-02,1.020069685182534158e-04,0.000000000000000000e+00,0.000000000000000000e+00
8.048693090677261353e-02,6.879221647977828979e-03,1.169471433968283236e-04,0.000000000000000000e+00,0.000000000000000000e+00
1.324218362569808960e-01,1.225171610713005066e-02,9.904681064654141665e-05,0.000000000000000000e+00,0.000000000000000000e+00
1.578079015016555786e-01,1.456040609627962112e-02,1.220383855979889631e-04,0.000000000000000000e+00,0.000000000000000000e+00
2.708396315574645996e-01,2.596869878470897675e-02,1.115266059059649706e-04,0.000000000000000000e+00,0.000000000000000000e+00
9.294176101684570312e-02,7.853574119508266449e-03,1.440601627109572291e-04,0.000000000000000000e+00,0.000000000000000000e+00
7.906051725149154663e-02,6.466696970164775848e-03,1.439354673493653536e-04,0.000000000000000000e+00,0.000000000000000000e+00
8.328577876091003418e-02,6.704878062009811401e-03,1.623699354240670800e-04,0.000000000000000000e+00,0.000000000000000000e+00
9.745636582374572754e-02,8.131740614771842957e-03,1.613895292393863201e-04,0.000000000000000000e+00,0.000000000000000000e+00
9.462603926658630371e-02,8.118306286633014679e-03,1.344298070762306452e-04,0.000000000000000000e+00,0.000000000000000000e+00
9.798359125852584839e-02,8.462929166853427887e-03,1.335430133622139692e-04,0.000000000000000000e+00,0.000000000000000000e+00
9.193906933069229126e-02,8.012983947992324829e-03,1.180922990897670388e-04,0.000000000000000000e+00,0.000000000000000000e+00
9.018556773662567139e-02,7.853160612285137177e-03,1.165396315627731383e-04,0.000000000000000000e+00,0.000000000000000000e+00
8.588796854019165039e-02,7.586190011352300644e-03,1.002606877591460943e-04,0.000000000000000000e+00,0.000000000000000000e+00
7.475943118333816528e-02,6.532227154821157455e-03,9.437157132197171450e-05,0.000000000000000000e+00,0.000000000000000000e+00
7.717466354370117188e-02,6.798608694225549698e-03,9.188575495500117540e-05,0.000000000000000000e+00,0.000000000000000000e+00
1.046728268265724182e-01,9.551065973937511444e-03,9.162166679743677378e-05,0.000000000000000000e+00,0.000000000000000000e+00
7.342873513698577881e-02,6.188172847032546997e-03,1.154700366896577179e-04,0.000000000000000000e+00,0.000000000000000000e+00
2.115533500909805298e-01,2.028168365359306335e-02,8.736506424611434340e-05,0.000000000000000000e+00,0.000000000000000000e+00
8.216782659292221069e-02,7.263831794261932373e-03,9.529510862194001675e-05,0.000000000000000000e+00,0.000000000000000000e+00
7.765018939971923828e-02,6.801437120884656906e-03,9.635822789277881384e-05,0.000000000000000000e+00,0.000000000000000000e+00
1.440169215202331543e-01,1.326208561658859253e-02,1.139607193181291223e-04,0.000000000000000000e+00,0.000000000000000000e+00
1.177567392587661743e-01,1.063753757625818253e-02,1.138136940426193178e-04,0.000000000000000000e+00,0.000000000000000000e+00
7.920625060796737671e-02,6.793630309402942657e-03,1.126995193772017956e-04,0.000000000000000000e+00,0.000000000000000000e+00
1.068046540021896362e-01,9.360807016491889954e-03,1.319658913416787982e-04,0.000000000000000000e+00,0.000000000000000000e+00
1.050206944346427917e-01,9.285549633204936981e-03,1.216519449371844530e-04,0.000000000000000000e+00,0.000000000000000000e+00
7.738418132066726685e-02,6.565702147781848907e-03,1.172715928987599909e-04,0.000000000000000000e+00,0.000000000000000000e+00
8.368262648582458496e-02,7.187948562204837799e-03,1.180314575321972370e-04,0.000000000000000000e+00,0.000000000000000000e+00
9.410072863101959229e-02,7.962221279740333557e-03,1.447852118872106075e-04,0.000000000000000000e+00,0.000000000000000000e+00
8.403357863426208496e-02,7.374433800578117371e-03,1.028923579724505544e-04,0.000000000000000000e+00,0.000000000000000000e+00
8.011383563280105591e-02,6.896616891026496887e-03,1.114767364924773574e-04,0.000000000000000000e+00,0.000000000000000000e+00
1.048316434025764465e-01,9.438354521989822388e-03,1.044810051098465919e-04,0.000000000000000000e+00,0.000000000000000000e+00
8.637951314449310303e-02,7.354205008596181870e-03,1.283745805267244577e-04,0.000000000000000000e+00,0.000000000000000000e+00
1.328449994325637817e-01,1.215241011232137680e-02,1.132089382736012340e-04,0.000000000000000000e+00,0.000000000000000000e+00
7.754367589950561523e-02,6.735600996762514114e-03,1.018766633933410048e-04,0.000000000000000000e+00,0.000000000000000000e+00
6.174655258655548096e-02,5.207892507314682007e-03,9.667628910392522812e-05,0.000000000000000000e+00,0.000000000000000000e+00
6.472534686326980591e-02,5.643775686621665955e-03,8.287588570965453982e-05,0.000000000000000000e+00,0.000000000000000000e+00
9.114520996809005737e-02,8.177644573152065277e-03,9.368760220240801573e-05,0.000000000000000000e+00,0.000000000000000000e+00
8.078096061944961548e-02,7.192081771790981293e-03,8.860138768795877695e-05,0.000000000000000000e+00,0.000000000000000000e+00
8.810530602931976318e-02,7.942689582705497742e-03,8.678405720274895430e-05,0.000000000000000000e+00,0.000000000000000000e+00
6.929914653301239014e-02,6.038217339664697647e-03,8.916977822082117200e-05,0.000000000000000000e+00,0.000000000000000000e+00
2.053005099296569824e-01,1.951108127832412720e-02,1.018969487631693482e-04,0.000000000000000000e+00,0.000000000000000000e+00
6.708005815744400024e-02,5.876414012163877487e-03,8.315918967127799988e-05,0.000000000000000000e+00,0.000000000000000000e+00
1.071252599358558655e-01,9.788673371076583862e-03,9.238524944521486759e-05,0.000000000000000000e+00,0.000000000000000000e+00
7.995662838220596313e-02,7.233004085719585419e-03,7.626587466802448034e-05,0.000000000000000000e+00,0.000000000000000000e+00
7.747478783130645752e-02,6.736986804753541946e-03,1.010491905617527664e-04,0.000000000000000000e+00,0.000000000000000000e+00
7.764852046966552734e-02,6.935467943549156189e-03,8.293836435768753290e-05,0.000000000000000000e+00,0.000000000000000000e+00
7.393030077219009399e-02,6.487497594207525253e-03,9.055320697370916605e-05,0.000000000000000000e+00,0.000000000000000000e+00
9.577611833810806274e-02,8.661573752760887146e-03,9.160378249362111092e-05,0.000000000000000000e+00,0.000000000000000000e+00
3.475765883922576904e-01,3.383146598935127258e-02,9.261932427762076259e-05,0.000000000000000000e+00,0.000000000000000000e+00
9.468102455139160156e-02,8.456436917185783386e-03,1.011665008263662457e-04,0.000000000000000000e+00,0.000000000000000000e+00
9.342944622039794922e-02,8.347908034920692444e-03,9.950368985300883651e-05,0.000000000000000000e+00,0.000000000000000000e+00
8.269137889146804810e-02,7.266953121870756149e-03,1.002185163088142872e-04,0.000000000000000000e+00,0.000000000000000000e+00
2.250849604606628418e-01,2.147341892123222351e-02,1.035076857078820467e-04,0.000000000000000000e+00,0.000000000000000000e+00
1.176035478711128235e-01,1.064432505518198013e-02,1.116030180128291249e-04,0.000000000000000000e+00,0.000000000000000000e+00
7.407389581203460693e-02,6.308498792350292206e-03,1.098890497814863920e-04,0.000000000000000000e+00,0.000000000000000000e+00
7.171989977359771729e-02,6.030334159731864929e-03,1.141656175605021417e-04,0.000000000000000000e+00,0.000000000000000000e+00
1.042122244834899902e-01,9.374523535370826721e-03,1.046699107973836362e-04,0.000000000000000000e+00,0.000000000000000000e+00
6.999074667692184448e-02,6.064594257622957230e-03,9.344805584987625480e-05,0.000000000000000000e+00,0.000000000000000000e+00
1.524014472961425781e-01,1.426447089761495590e-02,9.756746294442564249e-05,0.000000000000000000e+00,0.000000000000000000e+00
8.303594589233398438e-02,7.246041670441627502e-03,1.057553236023522913e-04,0.000000000000000000e+00,0.000000000000000000e+00
7.868313789367675781e-02,6.864979863166809082e-03,1.003333964035846293e-04,0.000000000000000000e+00,0.000000000000000000e+00
1.153632551431655884e-01,1.060850638896226883e-02,9.278197103412821889e-05,0.000000000000000000e+00,0.000000000000000000e+00
8.051642775535583496e-02,7.013322785496711731e-03,1.038320478983223438e-04,0.000000000000000000e+00,0.000000000000000000e+00
1.034366637468338013e-01,9.493736550211906433e-03,8.499293471686542034e-05,0.000000000000000000e+00,0.000000000000000000e+00
7.807014882564544678e-02,6.911164149641990662e-03,8.958506805356591940e-05,0.000000000000000000e+00,0.000000000000000000e+00
6.957978010177612305e-02,6.119075231254100800e-03,8.389024878852069378e-05,0.000000000000000000e+00,0.000000000000000000e+00
8.242231607437133789e-02,7.195126265287399292e-03,1.047105615725740790e-04,0.000000000000000000e+00,0.000000000000000000e+00
7.734220474958419800e-02,6.639311555773019791e-03,1.094908802770078182e-04,0.000000000000000000e+00,0.000000000000000000e+00
1.689989715814590454e-01,1.601404510438442230e-02,8.858511864673346281e-05,0.000000000000000000e+00,0.000000000000000000e+00
7.305439561605453491e-02,6.590232718735933304e-03,7.152063335524871945e-05,0.000000000000000000e+00,0.000000000000000000e+00
7.499445974826812744e-02,6.667133420705795288e-03,8.323124347953125834e-05,0.000000000000000000e+00,0.000000000000000000e+00
8.070442825555801392e-02,7.264393847435712814e-03,8.060495019890367985e-05,0.000000000000000000e+00,0.000000000000000000e+00
1.689524352550506592e-01,1.596816629171371460e-02,9.270764712709933519e-05,0.000000000000000000e+00,0.000000000000000000e+00
5.875700712203979492e-02,4.987172782421112061e-03,8.885277202352881432e-05,0.000000000000000000e+00,0.000000000000000000e+00
7.205551862716674805e-02,6.310272961854934692e-03,8.952786447480320930e-05,0.000000000000000000e+00,0.000000000000000000e+00
6.595386564731597900e-02,5.841508507728576660e-03,7.538779755122959614e-05,0.000000000000000000e+00,0.000000000000000000e+00
1.090885773301124573e-01,9.953544475138187408e-03,9.553132986184209585e-05,0.000000000000000000e+00,0.000000000000000000e+00
6.960462778806686401e-02,6.138156633824110031e-03,8.223057375289499760e-05,0.000000000000000000e+00,0.000000000000000000e+00
1.185677051544189453e-01,1.093046553432941437e-02,9.263050742447376251e-05,0.000000000000000000e+00,0.000000000000000000e+00
1.244610995054244995e-01,1.163989584892988205e-02,8.062140113906934857e-05,0.000000000000000000e+00,0.000000000000000000e+00
7.295060157775878906e-02,6.379994098097085953e-03,9.150658297585323453e-05,0.000000000000000000e+00,0.000000000000000000e+00
6.423850357532501221e-02,5.492072552442550659e-03,9.317774674855172634e-05,0.000000000000000000e+00,0.000000000000000000e+00
8.208669722080230713e-02,7.359702140092849731e-03,8.489678293699398637e-05,0.000000000000000000e+00,0.000000000000000000e+00
1.082237511873245239e-01,9.825196117162704468e-03,9.971790132112801075e-05,0.000000000000000000e+00,0.000000000000000000e+00
6.538259983062744141e-02,5.629630759358406067e-03,9.086288628168404102e-05,0.000000000000000000e+00,0.000000000000000000e+00
1.310932487249374390e-01,1.209647115319967270e-02,1.012853026622906327e-04,0.000000000000000000e+00,0.000000000000000000e+00
9.896263480186462402e-02,8.958202786743640900e-03,9.380609844811260700e-05,0.000000000000000000e+00,0.000000000000000000e+00
1.009734869003295898e-01,9.091844782233238220e-03,1.005503145279362798e-04,0.000000000000000000e+00,0.000000000000000000e+00
8.886806666851043701e-02,7.867517881095409393e-03,1.019288465613499284e-04,0.000000000000000000e+00,0.000000000000000000e+00
8.317196369171142578e-02,7.262964732944965363e-03,1.054231615853495896e-04,0.000000000000000000e+00,0.000000000000000000e+00
5.873680114746093750e-02,4.736715927720069885e-03,1.136964274337515235e-04,0.000000000000000000e+00,0.000000000000000000e+00
6.878611445426940918e-02,5.977977067232131958e-03,9.006343316286802292e-05,0.000000000000000000e+00,0.000000000000000000e+00
7.110772281885147095e-02,6.040497682988643646e-03,1.070274229277856648e-04,0.000000000000000000e+00,0.000000000000000000e+00
7.518203556537628174e-02,6.669970694929361343e-03,8.482331759296357632e-05,0.000000000000000000e+00,0.000000000000000000e+00
1.446593403816223145e-01,1.364121492952108383e-02,8.247202640632167459e-05,0.000000000000000000e+00,0.000000000000000000e+00
1.817543655633926392e-01,1.724524982273578644e-02,9.301873797085136175e-05,0.000000000000000000e+00,0.000000000000000000e+00
1.569622904062271118e-01,1.484992913901805878e-02,8.462995174340903759e-05,0.000000000000000000e+00,0.000000000000000000e+00
6.903915107250213623e-02,5.970152094960212708e-03,9.337631490780040622e-05,0.000000000000000000e+00,0.000000000000000000e+00
1.042322143912315369e-01,9.393804706633090973e-03,1.029416744131594896e-04,0.000000000000000000e+00,0.000000000000000000e+00
8.388186991214752197e-02,7.436370477080345154e-03,9.518163278698921204e-05,0.000000000000000000e+00,0.000000000000000000e+00
1.520708948373794556e-01,1.425162702798843384e-02,9.554618009133264422e-05,0.000000000000000000e+00,0.000000000000000000e+00
6.975919008255004883e-02,5.917366128414869308e-03,1.058552952599711716e-04,0.000000000000000000e+00,0.000000000000000000e+00
1.703307181596755981e-01,1.582951843738555908e-02,1.203553911182098091e-04,0.000000000000000000e+00,0.000000000000000000e+00
9.828455746173858643e-02,8.487818762660026550e-03,1.340636808890849352e-04,0.000000000000000000e+00,0.000000000000000000e+00
8.855618536472320557e-02,7.508472073823213577e-03,1.347146171610802412e-04,0.000000000000000000e+00,0.000000000000000000e+00
1.098494753241539001e-01,9.602222591638565063e-03,1.382725022267550230e-04,0.000000000000000000e+00,0.000000000000000000e+00
1.940350532531738281e-01,1.791360042989253998e-02,1.489904680056497455e-04,0.000000000000000000e+00,0.000000000000000000e+00
8.633051812648773193e-02,7.260431069880723953e-03,1.372620172332972288e-04,0.000000000000000000e+00,0.000000000000000000e+00
1.961273998022079468e-01,1.825960539281368256e-02,1.353134575765579939e-04,0.000000000000000000e+00,0.000000000000000000e+00
1.181822270154953003e-01,1.052022818475961685e-02,1.297994749620556831e-04,0.000000000000000000e+00,0.000000000000000000e+00
1.114255487918853760e-01,9.643564000725746155e-03,1.498991623520851135e-04,0.000000000000000000e+00,0.000000000000000000e+00
7.169406116008758545e-02,5.709698423743247986e-03,1.459707273170351982e-04,0.000000000000000000e+00,0.000000000000000000e+00
8.874031156301498413e-02,7.604254409670829773e-03,1.269776694243773818e-04,0.000000000000000000e+00,0.000000000000000000e+00
8.448462188243865967e-02,7.090171799063682556e-03,1.358290173811838031e-04,0.000000000000000000e+00,0.000000000000000000e+00
1.494005918502807617e-01,1.389665529131889343e-02,1.043403026415035129e-04,0.000000000000000000e+00,0.000000000000000000e+00
7.053867727518081665e-02,6.032594479620456696e-03,1.021273419610224664e-04,0.000000000000000000e+00,0.000000000000000000e+00
6.866174936294555664e-02,6.021512672305107117e-03,8.446619904134422541e-05,0.000000000000000000e+00,0.000000000000000000e+00
7.152670621871948242e-02,6.328952964395284653e-03,8.237179281422868371e-05,0.000000000000000000e+00,0.000000000000000000e+00
2.190893590450286865e-01,2.105095237493515015e-02,8.579838322475552559e-05,0.000000000000000000e+00,0.000000000000000000e+00
7.748626172542572021e-02,6.719585042446851730e-03,1.029041668516583741e-04,0.000000000000000000e+00,0.000000000000000000e+00
1.275560557842254639e-01,1.181344129145145416e-02,9.421652794117107987e-05,0.000000000000000000e+00,0.000000000000000000e+00
9.035575389862060547e-02,7.954010739922523499e-03,1.081564987543970346e-04,0.000000000000000000e+00,0.000000000000000000e+00
8.842774480581283569e-02,7.888972759246826172e-03,9.538015001453459263e-05,0.000000000000000000e+00,0.000000000000000000e+00
6.445652246475219727e-02,5.382286384701728821e-03,1.063366071321070194e-04,0.000000000000000000e+00,0.000000000000000000e+00
7.226344943046569824e-02,6.188012659549713135e-03,1.038332120515406132e-04,0.000000000000000000e+00,0.000000000000000000e+00
1.064326316118240356e-01,9.626340121030807495e-03,1.016923342831432819e-04,0.000000000000000000e+00,0.000000000000000000e+00
8.152677863836288452e-02,7.295602001249790192e-03,8.570760837756097317e-05,0.000000000000000000e+00,0.000000000000000000e+00
7.833758741617202759e-02,6.862270645797252655e-03,9.714878979139029980e-05,0.000000000000000000e+00,0.000000000000000000e+00
8.778522163629531860e-02,7.635379210114479065e-03,1.143143381341360509e-04,0.000000000000000000e+00,0.000000000000000000e+00
7.086864113807678223e-02,6.096553988754749298e-03,9.903102181851863861e-05,0.000000000000000000e+00,0.000000000000000000e+00
8.302190154790878296e-02,7.332935463637113571e-03,9.692550520412623882e-05,0.000000000000000000e+00,0.000000000000000000e+00
1.246927604079246521e-01,1.147031690925359726e-02,9.989587124437093735e-05,0.000000000000000000e+00,0.000000000000000000e+00
1.099152565002441406e-01,1.003377884626388550e-02,9.577467426424846053e-05,0.000000000000000000e+00,0.000000000000000000e+00
7.094820588827133179e-02,6.211567670106887817e-03,8.832526509650051594e-05,0.000000000000000000e+00,0.000000000000000000e+00
7.343379408121109009e-02,6.338846869766712189e-03,1.004532459774054587e-04,0.000000000000000000e+00,0.000000000000000000e+00
6.094970554113388062e-02,5.183922592550516129e-03,9.110482642427086830e-05,0.000000000000000000e+00,0.000000000000000000e+00
7.064101845026016235e-02,6.182834971696138382e-03,8.812672604108229280e-05,0.000000000000000000e+00,0.000000000000000000e+00
8.986397832632064819e-02,8.095466531813144684e-03,8.909315511118620634e-05,0.000000000000000000e+00,0.000000000000000000e+00
1.024099290370941162e-01,9.487779811024665833e-03,7.532132440246641636e-05,0.000000000000000000e+00,0.000000000000000000e+00
7.782056182622909546e-02,6.898816674947738647e-03,8.832394087221473455e-05,0.000000000000000000e+00,0.000000000000000000e+00
6.751345098018646240e-02,5.831407383084297180e-03,9.199378837365657091e-05,0.000000000000000000e+00,0.000000000000000000e+00
1.063511073589324951e-01,9.844202548265457153e-03,7.909077976364642382e-05,0.000000000000000000e+00,0.000000000000000000e+00
7.354553788900375366e-02,6.666771136224269867e-03,6.877823034301400185e-05,0.000000000000000000e+00,0.000000000000000000e+00
9.820626676082611084e-02,8.940072730183601379e-03,8.805540710454806685e-05,0.000000000000000000e+00,0.000000000000000000e+00
8.611446619033813477e-02,7.728645578026771545e-03,8.828017598716542125e-05,0.000000000000000000e+00,0.000000000000000000e+00
5.890313908457756042e-02,4.924146458506584167e-03,9.661674266681075096e-05,0.000000000000000000e+00,0.000000000000000000e+00
8.171699941158294678e-02,7.125834934413433075e-03,1.045864992192946374e-04,0.000000000000000000e+00,0.000000000000000000e+00
6.661657989025115967e-02,5.646569654345512390e-03,1.015088491840288043e-04,0.000000000000000000e+00,0.000000000000000000e+00
8.356296271085739136e-02,7.540842052549123764e-03,8.154539682436734438e-05,0.000000000000000000e+00,0.000000000000000000e+00
6.494484841823577881e-02,5.787606816738843918e-03,7.068776903906837106e-05,0.000000000000000000e+00,0.000000000000000000e+00
6.305529177188873291e-02,5.420952104032039642e-03,8.845771662890911102e-05,0.000000000000000000e+00,0.000000000000000000e+00
1.376767903566360474e-01,1.300702057778835297e-02,7.606582221342250705e-05,0.000000000000000000e+00,0.000000000000000000e+00
2.166373133659362793e-01,2.079767547547817230e-02,8.660557796247303486e-05,0.000000000000000000e+00,0.000000000000000000e+00
7.291752099990844727e-02,6.446808110922574997e-03,8.449441520497202873e-05,0.000000000000000000e+00,0.000000000000000000e+00
7.521492987871170044e-02,6.678118370473384857e-03,8.433745824731886387e-05,0.000000000000000000e+00,0.000000000000000000e+00
8.876601606607437134e-02,8.026586845517158508e-03,8.500151307089254260e-05,0.000000000000000000e+00,0.000000000000000000e+00
8.228974044322967529e-02,7.318820804357528687e-03,9.101531759370118380e-05,0.000000000000000000e+00,0.000000000000000000e+00
7.270080596208572388e-02,6.365891546010971069e-03,9.041890007210895419e-05,0.000000000000000000e+00,0.000000000000000000e+00
1.454211026430130005e-01,1.363075897097587585e-02,9.113506530411541462e-05,0.000000000000000000e+00,0.000000000000000000e+00
1.915956586599349976e-01,1.824548095464706421e-02,9.140851761912927032e-05,0.000000000000000000e+00,0.000000000000000000e+00
6.840252876281738281e-02,5.651862360537052155e-03,1.188390742754563689e-04,0.000000000000000000e+00,0.000000000000000000e+00
6.613360345363616943e-02,5.482628010213375092e-03,1.130732562160119414e-04,0.000000000000000000e+00,0.000000000000000000e+00
8.166734874248504639e-02,6.998748984187841415e-03,1.167985901702195406e-04,0.000000000000000000e+00,0.000000000000000000e+00
1.805340349674224854e-01,1.708929426968097687e-02,9.641093492973595858e-05,0.000000000000000000e+00,0.000000000000000000e+00
9.271015971899032593e-02,8.160158991813659668e-03,1.110856755985878408e-04,0.000000000000000000e+00,0.000000000000000000e+00
8.402775228023529053e-02,7.357406895607709885e-03,1.045368844643235207e-04,0.000000000000000000e+00,0.000000000000000000e+00
1.258856058120727539e-01,1.157391257584095001e-02,1.014648296404629946e-04,0.000000000000000000e+00,0.000000000000000000e+00
7.414782792329788208e-02,6.465919315814971924e-03,9.488635259913280606e-05,0.000000000000000000e+00,0.000000000000000000e+00
7.405107468366622925e-02,6.427368149161338806e-03,9.777389641385525465e-05,0.000000000000000000e+00,0.000000000000000000e+00
5.540959537029266357e-02,4.603262059390544891e-03,9.376974776387214661e-05,0.000000000000000000e+00,0.000000000000000000e+00
9.503049403429031372e-02,8.682822808623313904e-03,8.202264871215447783e-05,0.000000000000000000e+00,0.000000000000000000e+00
7.344666123390197754e-02,6.479734554886817932e-03,8.649322262499481440e-05,0.000000000000000000e+00,0.000000000000000000e+00
1.073495298624038696e-01,9.887751191854476929e-03,8.472014451399445534e-05,0.000000000000000000e+00,0.000000000000000000e+00
7.923667132854461670e-02,6.950647570192813873e-03,9.730197780299931765e-05,0.000000000000000000e+00,0.000000000000000000e+00
2.299477756023406982e-01,2.199090830981731415e-02,1.003869401756674051e-04,0.000000000000000000e+00,0.000000000000000000e+00
7.193944603204727173e-02,6.230289582163095474e-03,9.636548202252015471e-05,0.000000000000000000e+00,0.000000000000000000e+00
9.192959219217300415e-02,8.196465671062469482e-03,9.964937635231763124e-05,0.000000000000000000e+00,0.000000000000000000e+00
7.157312333583831787e-02,6.056381389498710632e-03,1.100930967368185520e-04,0.000000000000000000e+00,0.000000000000000000e+00
9.124955534934997559e-02,8.238717913627624512e-03,8.862379763741046190e-05,0.000000000000000000e+00,0.000000000000000000e+00
9.711677581071853638e-02,8.634833618998527527e-03,1.076843327609822154e-04,0.000000000000000000e+00,0.000000000000000000e+00
1.222444474697113037e-01,1.124823279678821564e-02,9.762120316736400127e-05,0.000000000000000000e+00,0.000000000000000000e+00
1.022472232580184937e-01,9.334903210401535034e-03,8.898189116735011339e-05,0.000000000000000000e+00,0.000000000000000000e+00
1.642134338617324829e-01,1.533046271651983261e-02,1.090880978154018521e-04,0.000000000000000000e+00,0.000000000000000000e+00
8.906755596399307251e-02,7.774993777275085449e-03,1.131761891883797944e-04,0.000000000000000000e+00,0.000000000000000000e+00
6.450670212507247925e-02,5.569220986217260361e-03,8.814493776299059391e-05,0.000000000000000000e+00,0.000000000000000000e+00
2.081102877855300903e-01,1.973342709243297577e-02,1.077601336874067783e-04,0.000000000000000000e+00,0.000000000000000000e+00
7.136265188455581665e-02,6.011385470628738403e-03,1.124879563576541841e-04,0.000000000000000000e+00,0.000000000000000000e+00
8.317241072654724121e-02,7.165892980992794037e-03,1.151348260464146733e-04,0.000000000000000000e+00,0.000000000000000000e+00
7.361581176519393921e-02,6.354387849569320679e-03,1.007193131954409182e-04,0.000000000000000000e+00,0.000000000000000000e+00
6.725957244634628296e-02,5.746694747358560562e-03,9.792626224225386977e-05,0.000000000000000000e+00,0.000000000000000000e+00
1.005036383867263794e-01,8.975382894277572632e-03,1.074980609701015055e-04,0.000000000000000000e+00,0.000000000000000000e+00
7.931748032569885254e-02,6.894450634717941284e-03,1.037297333823516965e-04,0.000000000000000000e+00,0.000000000000000000e+00
7.626670598983764648e-02,6.596167571842670441e-03,1.030503553920425475e-04,0.000000000000000000e+00,0.000000000000000000e+00
1.907364577054977417e-01,1.812709867954254150e-02,9.465476614423096180e-05,0.000000000000000000e+00,0.000000000000000000e+00
1.061149984598159790e-01,9.690159000456333160e-03,9.213411976816132665e-05,0.000000000000000000e+00,0.000000000000000000e+00
7.739209383726119995e-02,6.875862367451190948e-03,8.633473771624267101e-05,0.000000000000000000e+00,0.000000000000000000e+00
6.690067052841186523e-02,5.764766130596399307e-03,9.253012831322848797e-05,0.000000000000000000e+00,0.000000000000000000e+00
7.928348332643508911e-02,7.142243906855583191e-03,7.861040649004280567e-05,0.000000000000000000e+00,0.000000000000000000e+00
8.052656054496765137e-02,7.076106965541839600e-03,9.765492723090574145e-05,0.000000000000000000e+00,0.000000000000000000e+00
6.195053458213806152e-02,5.247434135526418686e-03,9.476191917201504111e-05,0.000000000000000000e+00,0.000000000000000000e+00
1.517371386289596558e-01,1.428951788693666458e-02,8.841961971484124660e-05,0.000000000000000000e+00,0.000000000000000000e+00
6.211811304092407227e-02,5.373563151806592941e-03,8.382480882573872805e-05,0.000000000000000000e+00,0.000000000000000000e+00
1.076493710279464722e-01,9.878799319267272949e-03,8.861374226398766041e-05,0.000000000000000000e+00,0.000000000000000000e+00
6.650792062282562256e-02,5.795843433588743210e-03,8.549488120479509234e-05,0.000000000000000000e+00,0.000000000000000000e+00
9.304060786962509155e-02,8.391562849283218384e-03,9.124977805186063051e-05,0.000000000000000000e+00,0.000000000000000000e+00
1.719673573970794678e-01,1.635873876512050629e-02,8.379967039218172431e-05,0.000000000000000000e+00,0.000000000000000000e+00
6.169562786817550659e-02,5.308022722601890564e-03,8.615402475697919726e-05,0.000000000000000000e+00,0.000000000000000000e+00
9.210504591464996338e-02,8.258054032921791077e-03,9.524512279313057661e-05,0.000000000000000000e+00,0.000000000000000000e+00
7.070401310920715332e-02,6.165686529129743576e-03,9.047148341778665781e-05,0.000000000000000000e+00,0.000000000000000000e+00
6.810553371906280518e-02,5.977679975330829620e-03,8.328737021656706929e-05,0.000000000000000000e+00,0.000000000000000000e+00
7.441069930791854858e-02,6.508585996925830841e-03,9.324841084890067577e-05,0.000000000000000000e+00,0.000000000000000000e+00
9.631606936454772949e-02,8.770959451794624329e-03,8.606476330896839499e-05,0.000000000000000000e+00,0.000000000000000000e+00
6.981118768453598022e-02,6.164989434182643890e-03,8.161293226294219494e-05,0.000000000000000000e+00,0.000000000000000000e+00
7.333458214998245239e-02,6.496217567473649979e-03,8.372405136469751596e-05,0.000000000000000000e+00,0.000000000000000000e+00
1.333336681127548218e-01,1.254043821245431900e-02,7.929284765850752592e-05,0.000000000000000000e+00,0.000000000000000000e+00
6.350106745958328247e-02,5.609949585050344467e-03,7.401568291243165731e-05,0.000000000000000000e+00,0.000000000000000000e+00
5.764202773571014404e-02,4.931740462779998779e-03,8.324621740030124784e-05,0.000000000000000000e+00,0.000000000000000000e+00
9.534978866577148438e-02,8.642670698463916779e-03,8.923080895328894258e-05,0.000000000000000000e+00,0.000000000000000000e+00
1.597621738910675049e-01,1.525823026895523071e-02,7.179873500717803836e-05,0.000000000000000000e+00,0.000000000000000000e+00
1.296837031841278076e-01,1.211526710540056229e-02,8.531032653991132975e-05,0.000000000000000000e+00,0.000000000000000000e+00
9.362564235925674438e-02,8.508900180459022522e-03,8.536645327694714069e-05,0.000000000000000000e+00,0.000000000000000000e+00
1.091440767049789429e-01,1.002462860196828842e-02,8.897788211470469832e-05,0.000000000000000000e+00,0.000000000000000000e+00
8.146288245916366577e-02,7.285233587026596069e-03,8.610544318798929453e-05,0.000000000000000000e+00,0.000000000000000000e+00
8.373111486434936523e-02,7.382214535027742386e-03,9.908968058880418539e-05,0.000000000000000000e+00,0.000000000000000000e+00
7.702510058879852295e-02,6.687398999929428101e-03,1.015111047308892012e-04,0.000000000000000000e+00,0.000000000000000000e+00
6.742024421691894531e-02,5.642446223646402359e-03,1.099578585126437247e-04,0.000000000000000000e+00,0.000000000000000000e+00
1.058040708303451538e-01,9.593183174729347229e-03,9.872244845610111952e-05,0.000000000000000000e+00,0.000000000000000000e+00
1.045832261443138123e-01,9.551025927066802979e-03,9.072964894585311413e-05,0.000000000000000000e+00,0.000000000000000000e+00
6.821788102388381958e-02,5.882022902369499207e-03,9.397655230714008212e-05,0.000000000000000000e+00,0.000000000000000000e+00
6.467954069375991821e-02,5.538495723158121109e-03,9.294586197938770056e-05,0.000000000000000000e+00,0.000000000000000000e+00
8.965202420949935913e-02,8.097104728221893311e-03,8.680975588504225016e-05,0.000000000000000000e+00,0.000000000000000000e+00
7.665061205625534058e-02,6.772844586521387100e-03,8.922164852265268564e-05,0.000000000000000000e+00,0.000000000000000000e+00
1.283420175313949585e-01,1.202207524329423904e-02,8.121272549033164978e-05,0.000000000000000000e+00,0.000000000000000000e+00
7.313344627618789673e-02,6.435480434447526932e-03,8.778642222750931978e-05,0.000000000000000000e+00,0.000000000000000000e+00
7.520411908626556396e-02,6.682924926280975342e-03,8.374873141292482615e-05,0.000000000000000000e+00,0.000000000000000000e+00
8.513557165861129761e-02,7.756874896585941315e-03,7.566827844129875302e-05,0.000000000000000000e+00,0.000000000000000000e+00
8.988452702760696411e-02,8.178789168596267700e-03,8.096633246168494225e-05,0.000000000000000000e+00,0.000000000000000000e+00
6.033412367105484009e-02,5.210214294493198395e-03,8.231980609707534313e-05,0.000000000000000000e+00,0.000000000000000000e+00
5.841682851314544678e-02,5.173922982066869736e-03,6.677596684312447906e-05,0.000000000000000000e+00,0.000000000000000000e+00
6.088614836335182190e-02,5.346617661416530609e-03,7.419968460453674197e-05,0.000000000000000000e+00,0.000000000000000000e+00
9.430987387895584106e-02,8.560189045965671539e-03,8.707988308742642403e-05,0.000000000000000000e+00,0.000000000000000000e+00
8.559849113225936890e-02,7.835965603590011597e-03,7.238837861223146319e-05,0.000000000000000000e+00,0.000000000000000000e+00
1.029846221208572388e-01,9.457904845476150513e-03,8.405576954828575253e-05,0.000000000000000000e+00,0.000000000000000000e+00
1.914364993572235107e-01,1.821746304631233215e-02,9.261869126930832863e-05,0.000000000000000000e+00,0.000000000000000000e+00
6.788914650678634644e-02,5.901732482016086578e-03,8.871822501532733440e-05,0.000000000000000000e+00,0.000000000000000000e+00
7.001461833715438843e-02,5.959478672593832016e-03,1.041982759488746524e-04,0.000000000000000000e+00,0.000000000000000000e+00
6.224890798330307007e-02,5.208065267652273178e-03,1.016825626720674336e-04,0.000000000000000000e+00,0.000000000000000000e+00
6.659013032913208008e-02,5.639843642711639404e-03,1.019169139908626676e-04,0.000000000000000000e+00,0.000000000000000000e+00
6.279533356428146362e-02,5.373319145292043686e-03,9.062138269655406475e-05,0.000000000000000000e+00,0.000000000000000000e+00
6.567766517400741577e-02,5.879743024706840515e-03,6.880235741846263409e-05,0.000000000000000000e+00,0.000000000000000000e+00
1.172302514314651489e-01,1.085713598877191544e-02,8.658897422719746828e-05,0.000000000000000000e+00,0.000000000000000000e+00
7.477620244026184082e-02,6.739350967109203339e-03,7.382688636425882578e-05,0.000000000000000000e+00,0.000000000000000000e+00
7.463520020246505737e-02,6.644909735769033432e-03,8.186099876184016466e-05,0.000000000000000000e+00,0.000000000000000000e+00
9.943365305662155151e-02,9.190686978399753571e-03,7.526782428612932563e-05,0.000000000000000000e+00,0.000000000000000000e+00
2.903023660182952881e-01,2.822719514369964600e-02,8.030420576687902212e-05,0.000000000000000000e+00,0.000000000000000000e+00
1.479829400777816772e-01,1.411292143166065216e-02,6.853733793832361698e-05,0.000000000000000000e+00,0.000000000000000000e+00
6.137039139866828918e-02,5.291745066642761230e-03,8.452941256109625101e-05,0.000000000000000000e+00,0.000000000000000000e+00
7.918757200241088867e-02,7.112014573067426682e-03,8.067429007496684790e-05,0.000000000000000000e+00,0.000000000000000000e+00
6.993254274129867554e-02,6.092289462685585022e-03,9.009650966618210077e-05,0.000000000000000000e+00,0.000000000000000000e+00
6.471570581197738647e-02,5.595257040113210678e-03,8.763131336309015751e-05,0.000000000000000000e+00,0.000000000000000000e+00
6.813885271549224854e-02,5.770203657448291779e-03,1.043681404553353786e-04,0.000000000000000000e+00,0.000000000000000000e+00
6.559273600578308105e-02,5.611883942037820816e-03,9.473894897382706404e-05,0.000000000000000000e+00,0.000000000000000000e+00
1.000597923994064331e-01,8.969828486442565918e-03,1.036150788422673941e-04,0.000000000000000000e+00,0.000000000000000000e+00
5.891552940011024475e-02,5.017158109694719315e-03,8.743950456846505404e-05,0.000000000000000000e+00,0.000000000000000000e+00
1.015569791197776794e-01,9.285783395171165466e-03,8.699140744283795357e-05,0.000000000000000000e+00,0.000000000000000000e+00
1.039480268955230713e-01,9.475423954427242279e-03,9.193783625960350037e-05,0.000000000000000000e+00,0.000000000000000000e+00
1.367823481559753418e-01,1.278584077954292297e-02,8.923943096306174994e-05,0.000000000000000000e+00,0.000000000000000000e+00
6.678858399391174316e-02,5.692452192306518555e-03,9.864063758868724108e-05,0.000000000000000000e+00,0.000000000000000000e+00
1.509649008512496948e-01,1.422264985740184784e-02,8.738405449548736215e-05,0.000000000000000000e+00,0.000000000000000000e+00
7.110738754272460938e-02,6.112452596426010132e-03,9.982864139601588249e-05,0.000000000000000000e+00,0.000000000000000000e+00
6.956472992897033691e-02,6.080265156924724579e-03,8.762077777646481991e-05,0.000000000000000000e+00,0.000000000000000000e+00
1.666444092988967896e-01,1.568737067282199860e-02,9.770702308742329478e-05,0.000000000000000000e+00,0.000000000000000000e+00
8.273558318614959717e-02,7.140797562897205353e-03,1.132760662585496902e-04,0.000000000000000000e+00,0.000000000000000000e+00
8.492890000343322754e-02,7.571148686110973358e-03,9.217413753503933549e-05,0.000000000000000000e+00,0.000000000000000000e+00
1.208942979574203491e-01,1.117366366088390350e-02,9.157655586022883654e-05,0.000000000000000000e+00,0.000000000000000000e+00
9.160895645618438721e-02,8.128942921757698059e-03,1.031952706398442388e-04,0.000000000000000000e+00,0.000000000000000000e+00
7.381566613912582397e-02,6.489757448434829712e-03,8.918088860809803009e-05,0.000000000000000000e+00,0.000000000000000000e+00
1.719852834939956665e-01,1.624634303152561188e-02,9.521852189209312201e-05,0.000000000000000000e+00,0.000000000000000000e+00
9.764280915260314941e-02,8.842455223202705383e-03,9.218264312949031591e-05,0.000000000000000000e+00,0.000000000000000000e+00
1.013245135545730591e-01,9.010441601276397705e-03,1.122009416576474905e-04,0.000000000000000000e+00,0.000000000000000000e+00
7.408669590950012207e-02,6.536588538438081741e-03,8.720807090867310762e-05,0.000000000000000000e+00,0.000000000000000000e+00
9.059201180934906006e-02,8.083549328148365021e-03,9.756516374181956053e-05,0.000000000000000000e+00,0.000000000000000000e+00
7.980939745903015137e-02,6.930880714207887650e-03,1.050059072440490127e-04,0.000000000000000000e+00,0.000000000000000000e+00
8.531389385461807251e-02,7.441267371177673340e-03,1.090122314053587615e-04,0.000000000000000000e+00,0.000000000000000000e+00
7.353810966014862061e-02,6.309458520263433456e-03,1.044352247845381498e-04,0.000000000000000000e+00,0.000000000000000000e+00
9.749541431665420532e-02,8.688881993293762207e-03,1.060659342329017818e-04,0.000000000000000000e+00,0.000000000000000000e+00
1.556200683116912842e-01,1.438021473586559296e-02,1.181792467832565308e-04,0.000000000000000000e+00,0.000000000000000000e+00
8.078098297119140625e-02,7.026412524282932281e-03,1.051686267601326108e-04,0.000000000000000000e+00,0.000000000000000000e+00
6.663766503334045410e-02,5.612501874566078186e-03,1.051264262059703469e-04,0.000000000000000000e+00,0.000000000000000000e+00
7.249920815229415894e-02,6.243114359676837921e-03,1.006806778605096042e-04,0.000000000000000000e+00,0.000000000000000000e+00
8.191680163145065308e-02,7.147212512791156769e-03,1.044467790052294731e-04,0.000000000000000000e+00,0.000000000000000000e+00
1.263211965560913086e-01,1.171252131462097168e-02,9.195988241117447615e-05,0.000000000000000000e+00,0.000000000000000000e+00
6.552287191152572632e-02,5.505805369466543198e-03,1.046481702360324562e-04,0.000000000000000000e+00,0.000000000000000000e+00
8.482541888952255249e-02,7.557864300906658173e-03,9.246772970072925091e-05,0.000000000000000000e+00,0.000000000000000000e+00
8.413134515285491943e-02,7.560821715742349625e-03,8.523125143256038427e-05,0.000000000000000000e+00,0.000000000000000000e+00
1.703280806541442871e-01,1.603872701525688171e-02,9.940800373442471027e-05,0.000000000000000000e+00,0.000000000000000000e+00
8.394002914428710938e-02,7.587865926325321198e-03,8.061373955570161343e-05,0.000000000000000000e+00,0.000000000000000000e+00
8.700598776340484619e-02,7.796182297170162201e-03,9.044160833582282066e-05,0.000000000000000000e+00,0.000000000000000000e+00
7.982866466045379639e-02,6.979174911975860596e-03,1.003691140795126557e-04,0.000000000000000000e+00,0.000000000000000000e+00
6.817808002233505249e-02,6.030025891959667206e-03,7.877819734858348966e-05,0.000000000000000000e+00,0.000000000000000000e+00
1.202378273010253906e-01,1.117245294153690338e-02,8.513298962498083711e-05,0.000000000000000000e+00,0.000000000000000000e+00
1.577868014574050903e-01,1.488819345831871033e-02,8.904853893909603357e-05,0.000000000000000000e+00,0.000000000000000000e+00
9.781866520643234253e-02,8.916674181818962097e-03,8.651918324176222086e-05,0.000000000000000000e+00,0.000000000000000000e+00
7.356996089220046997e-02,6.400656420737504959e-03,9.563396451994776726e-05,0.000000000000000000e+00,0.000000000000000000e+00
2.230034917593002319e-01,2.144892513751983643e-02,8.514247019775211811e-05,0.000000000000000000e+00,0.000000000000000000e+00
7.374837994575500488e-02,6.159984506666660309e-03,1.214853837154805660e-04,0.000000000000000000e+00,0.000000000000000000e+00
6.428375095129013062e-02,5.410800687968730927e-03,1.017574249999597669e-04,0.000000000000000000e+00,0.000000000000000000e+00
7.030521333217620850e-02,6.038616411387920380e-03,9.919050353346392512e-05,0.000000000000000000e+00,0.000000000000000000e+00
6.536146253347396851e-02,5.550927016884088516e-03,9.852192306425422430e-05,0.000000000000000000e+00,0.000000000000000000e+00
9.109387546777725220e-02,8.270462043583393097e-03,8.389257709495723248e-05,0.000000000000000000e+00,0.000000000000000000e+00
6.809328496456146240e-02,5.891771055757999420e-03,9.175575542030856013e-05,0.000000000000000000e+00,0.000000000000000000e+00
1.574417650699615479e-01,1.475207321345806122e-02,9.921022137859836221e-05,0.000000000000000000e+00,0.000000000000000000e+00
9.554480761289596558e-02,8.717823773622512817e-03,8.366566908080130816e-05,0.000000000000000000e+00,0.000000000000000000e+00
7.731886208057403564e-02,6.752800196409225464e-03,9.790863259695470333e-05,0.000000000000000000e+00,0.000000000000000000e+00
6.543193757534027100e-02,5.628264509141445160e-03,9.149289689958095551e-05,0.000000000000000000e+00,0.000000000000000000e+00
6.881158053874969482e-02,5.920860916376113892e-03,9.602970385458320379e-05,0.000000000000000000e+00,0.000000000000000000e+00
1.854852586984634399e-01,1.776285283267498016e-02,7.856731826905161142e-05,0.000000000000000000e+00,0.000000000000000000e+00
6.574680656194686890e-02,5.740417167544364929e-03,8.342634828295558691e-05,0.000000000000000000e+00,0.000000000000000000e+00
8.800791949033737183e-02,7.925312966108322144e-03,8.754788723308593035e-05,0.000000000000000000e+00,0.000000000000000000e+00
1.944814622402191162e-01,1.864609494805335999e-02,8.020518725970759988e-05,0.000000000000000000e+00,0.000000000000000000e+00
6.721849739551544189e-02,5.828573368489742279e-03,8.932764467317610979e-05,0.000000000000000000e+00,0.000000000000000000e+00
7.162461429834365845e-02,6.254024803638458252e-03,9.084369230549782515e-05,0.000000000000000000e+00,0.000000000000000000e+00
1.166762560606002808e-01,1.078921835869550705e-02,8.784070087131112814e-05,0.000000000000000000e+00,0.000000000000000000e+00
1.659224778413772583e-01,1.574620604515075684e-02,8.460418030153959990e-05,0.000000000000000000e+00,0.000000000000000000e+00
1.069085747003555298e-01,9.781364351511001587e-03,9.094933921005576849e-05,0.000000000000000000e+00,0.000000000000000000e+00
6.611546874046325684e-02,5.672683008015155792e-03,9.388638136442750692e-05,0.000000000000000000e+00,0.000000000000000000e+00
7.598788291215896606e-02,6.510279141366481781e-03,1.088508870452642441e-04,0.000000000000000000e+00,0.000000000000000000e+00
6.731866300106048584e-02,5.785509478300809860e-03,9.463564492762088776e-05,0.000000000000000000e+00,0.000000000000000000e+00
1.169414520263671875e-01,1.088522188365459442e-02,8.089227776508778334e-05,0.000000000000000000e+00,0.000000000000000000e+00
8.554850518703460693e-02,7.484736852347850800e-03,1.070113212335854769e-04,0.000000000000000000e+00,0.000000000000000000e+00
1.134880632162094116e-01,1.029075402766466141e-02,1.058052293956279755e-04,0.000000000000000000e+00,0.000000000000000000e+00
9.658937901258468628e-02,8.544169366359710693e-03,1.114768238039687276e-04,0.000000000000000000e+00,0.000000000000000000e+00
7.756558060646057129e-02,6.729889661073684692e-03,1.026668469421565533e-04,0.000000000000000000e+00,0.000000000000000000e+00
7.208638638257980347e-02,6.086767651140689850e-03,1.121871464420109987e-04,0.000000000000000000e+00,0.000000000000000000e+00
6.388334929943084717e-02,5.339623428881168365e-03,1.048711419571191072e-04,0.000000000000000000e+00,0.000000000000000000e+00
6.567814946174621582e-02,5.635987035930156708e-03,9.318275260739028454e-05,0.000000000000000000e+00,0.000000000000000000e+00
6.699009239673614502e-02,5.691611208021640778e-03,1.007398168439976871e-04,0.000000000000000000e+00,0.000000000000000000e+00
9.971147775650024414e-02,9.079298004508018494e-03,8.918493404053151608e-05,0.000000000000000000e+00,0.000000000000000000e+00
1.501746624708175659e-01,1.416219864040613174e-02,8.552666258765384555e-05,0.000000000000000000e+00,0.000000000000000000e+00
8.192972838878631592e-02,7.371564395725727081e-03,8.214089757530018687e-05,0.000000000000000000e+00,0.000000000000000000e+00
1.814866364002227783e-01,1.730760745704174042e-02,8.410554437432438135e-05,0.000000000000000000e+00,0.000000000000000000e+00
1.778972744941711426e-01,1.681884564459323883e-02,9.708822472020983696e-05,0.000000000000000000e+00,0.000000000000000000e+00
7.120218127965927124e-02,6.228351965546607971e-03,8.918660751078277826e-05,0.000000000000000000e+00,0.000000000000000000e+00
7.143428176641464233e-02,6.264643277972936630e-03,8.787847036728635430e-05,0.000000000000000000e+00,0.000000000000000000e+00
6.489809602499008179e-02,5.753564648330211639e-03,7.362449832726269960e-05,0.000000000000000000e+00,0.000000000000000000e+00
7.336067408323287964e-02,6.595714949071407318e-03,7.403524068649858236e-05,0.000000000000000000e+00,0.000000000000000000e+00
9.284282475709915161e-02,8.389202877879142761e-03,8.950791379902511835e-05,0.000000000000000000e+00,0.000000000000000000e+00
6.381246447563171387e-02,5.591041874140501022e-03,7.902040670160204172e-05,0.000000000000000000e+00,0.000000000000000000e+00
7.999964058399200439e-02,7.153881248086690903e-03,8.460828394163399935e-05,0.000000000000000000e+00,0.000000000000000000e+00
1.487506031990051270e-01,1.390204392373561859e-02,9.730157762533053756e-05,0.000000000000000000e+00,0.000000000000000000e+00
7.448928058147430420e-02,6.443304941058158875e-03,1.005622762022539973e-04,0.000000000000000000e+00,0.000000000000000000e+00
7.092375308275222778e-02,6.123967468738555908e-03,9.684076212579384446e-05,0.000000000000000000e+00,0.000000000000000000e+00
1.121284663677215576e-01,1.020857598632574081e-02,1.004270452540367842e-04,0.000000000000000000e+00,0.000000000000000000e+00
1.000505313277244568e-01,9.104970842599868774e-03,9.000820864457637072e-05,0.000000000000000000e+00,0.000000000000000000e+00
1.042347624897956848e-01,9.452973492443561554e-03,9.705030242912471294e-05,0.000000000000000000e+00,0.000000000000000000e+00
8.418469130992889404e-02,7.233401760458946228e-03,1.185066939797252417e-04,0.000000000000000000e+00,0.000000000000000000e+00
9.844497591257095337e-02,8.663827553391456604e-03,1.180670660687610507e-04,0.000000000000000000e+00,0.000000000000000000e+00
7.803369313478469849e-02,6.691679358482360840e-03,1.111689925892278552e-04,0.000000000000000000e+00,0.000000000000000000e+00
