step,phase_0_adam_1_lbfgs,weighted_pde_residual
1.000000000000000000e+00,0.000000000000000000e+00,1.921551647898620985e+00
2.000000000000000000e+00,0.000000000000000000e+00,1.901722851023874172e+00
3.000000000000000000e+00,0.000000000000000000e+00,1.876109900194076641e+00
4.000000000000000000e+00,0.000000000000000000e+00,1.843555810072223800e+00
5.000000000000000000e+00,0.000000000000000000e+00,1.803404242924460998e+00
6.000000000000000000e+00,0.000000000000000000e+00,1.754776788147553335e+00
7.000000000000000000e+00,0.000000000000000000e+00,1.696657414432899191e+00
8.000000000000000000e+00,0.000000000000000000e+00,1.628040492187226462e+00
9.000000000000000000e+00,0.000000000000000000e+00,1.548075549552425656e+00
1.000000000000000000e+01,0.000000000000000000e+00,1.456267660327725366e+00
1.100000000000000000e+01,0.000000000000000000e+00,1.352785615768020699e+00
1.200000000000000000e+01,0.000000000000000000e+00,1.238767957273700038e+00
1.300000000000000000e+01,0.000000000000000000e+00,1.116686390200393397e+00
1.400000000000000000e+01,0.000000000000000000e+00,9.906625957832377871e-01
1.500000000000000000e+01,0.000000000000000000e+00,8.666737486177278349e-01
1.600000000000000000e+01,0.000000000000000000e+00,7.525205531698805350e-01
1.700000000000000000e+01,0.000000000000000000e+00,6.573043058189345089e-01
1.800000000000000000e+01,0.000000000000000000e+00,5.900674280931846871e-01
1.900000000000000000e+01,0.000000000000000000e+00,5.572096602254795750e-01
2.000000000000000000e+01,0.000000000000000000e+00,5.588143784295975802e-01
2.100000000000000000e+01,0.000000000000000000e+00,5.857637037057933371e-01
2.200000000000000000e+01,0.000000000000000000e+00,6.214480845730855352e-01
2.300000000000000000e+01,0.000000000000000000e+00,6.491669128084840423e-01
2.400000000000000000e+01,0.000000000000000000e+00,6.590828070826706409e-01
2.500000000000000000e+01,0.000000000000000000e+00,6.495299231315903032e-01
2.600000000000000000e+01,0.000000000000000000e+00,6.244483265311584486e-01
2.700000000000000000e+01,0.000000000000000000e+00,5.903261210110595236e-01
2.800000000000000000e+01,0.000000000000000000e+00,5.539740097898944171e-01
2.900000000000000000e+01,0.000000000000000000e+00,5.211424507166393383e-01
3.000000000000000000e+01,0.000000000000000000e+00,4.957496397468815763e-01
3.100000000000000000e+01,0.000000000000000000e+00,4.795819506447976388e-01
3.200000000000000000e+01,0.000000000000000000e+00,4.724043814646421979e-01
3.300000000000000000e+01,0.000000000000000000e+00,4.724093225854563149e-01
3.400000000000000000e+01,0.000000000000000000e+00,4.768751097096384228e-01
3.500000000000000000e+01,0.000000000000000000e+00,4.828672711759091074e-01
3.600000000000000000e+01,0.000000000000000000e+00,4.878284865667725234e-01
3.700000000000000000e+01,0.000000000000000000e+00,4.899596296957349773e-01
3.800000000000000000e+01,0.000000000000000000e+00,4.883715261236759586e-01
3.900000000000000000e+01,0.000000000000000000e+00,4.830491598101617767e-01
4.000000000000000000e+01,0.000000000000000000e+00,4.746917834579820195e-01
4.100000000000000000e+01,0.000000000000000000e+00,4.644821242724033739e-01
4.200000000000000000e+01,0.000000000000000000e+00,4.538198794190037022e-01
4.300000000000000000e+01,0.000000000000000000e+00,4.440456225747487773e-01
4.400000000000000000e+01,0.000000000000000000e+00,4.361847363558098989e-01
4.500000000000000000e+01,0.000000000000000000e+00,4.307515010393721533e-01
4.600000000000000000e+01,0.000000000000000000e+00,4.276601156211397026e-01
4.700000000000000000e+01,0.000000000000000000e+00,4.262795996594451742e-01
4.800000000000000000e+01,0.000000000000000000e+00,4.256358440794746345e-01
4.900000000000000000e+01,0.000000000000000000e+00,4.247141834043749453e-01
5.000000000000000000e+01,0.000000000000000000e+00,4.227744832256976615e-01
5.100000000000000000e+01,0.000000000000000000e+00,4.195826706710696352e-01
5.200000000000000000e+01,0.000000000000000000e+00,4.154893553579466769e-01
5.300000000000000000e+01,0.000000000000000000e+00,4.113265030324642080e-01
5.400000000000000000e+01,0.000000000000000000e+00,4.081278612916688364e-01
5.500000000000000000e+01,0.000000000000000000e+00,4.067127498824009146e-01
5.600000000000000000e+01,0.000000000000000000e+00,4.072404370591507505e-01
5.700000000000000000e+01,0.000000000000000000e+00,4.089720358289217206e-01
5.800000000000000000e+01,0.000000000000000000e+00,4.105496336415254133e-01
5.900000000000000000e+01,0.000000000000000000e+00,4.107921268376140134e-01
6.000000000000000000e+01,0.000000000000000000e+00,4.094153162479399755e-01
6.100000000000000000e+01,0.000000000000000000e+00,4.070771128448590903e-01
6.200000000000000000e+01,0.000000000000000000e+00,4.048187890590915772e-01
6.300000000000000000e+01,0.000000000000000000e+00,4.034098236517426050e-01
6.400000000000000000e+01,0.000000000000000000e+00,4.030051830778841326e-01
6.500000000000000000e+01,0.000000000000000000e+00,4.032147922962834308e-01
6.600000000000000000e+01,0.000000000000000000e+00,4.034335539576555663e-01
6.700000000000000000e+01,0.000000000000000000e+00,4.031909992738862414e-01
6.800000000000000000e+01,0.000000000000000000e+00,4.023461030721595666e-01
6.900000000000000000e+01,0.000000000000000000e+00,4.010829889841886486e-01
7.000000000000000000e+01,0.000000000000000000e+00,3.997625455963972341e-01
7.100000000000000000e+01,0.000000000000000000e+00,3.987243953780543748e-01
7.200000000000000000e+01,0.000000000000000000e+00,3.981301471731241159e-01
7.300000000000000000e+01,0.000000000000000000e+00,3.979099438121516674e-01
7.400000000000000000e+01,0.000000000000000000e+00,3.978265222577495042e-01
7.500000000000000000e+01,0.000000000000000000e+00,3.976149710846502705e-01
7.600000000000000000e+01,0.000000000000000000e+00,3.971186159222560019e-01
7.700000000000000000e+01,0.000000000000000000e+00,3.963492674373413904e-01
7.800000000000000000e+01,0.000000000000000000e+00,3.954505550509633260e-01
7.900000000000000000e+01,0.000000000000000000e+00,3.945998189563025838e-01
8.000000000000000000e+01,0.000000000000000000e+00,3.939106004436153108e-01
8.100000000000000000e+01,0.000000000000000000e+00,3.933855459421704559e-01
8.200000000000000000e+01,0.000000000000000000e+00,3.929344686580034107e-01
8.300000000000000000e+01,0.000000000000000000e+00,3.924372307061186893e-01
8.400000000000000000e+01,0.000000000000000000e+00,3.918126290376025000e-01
8.500000000000000000e+01,0.000000000000000000e+00,3.910576450406852977e-01
8.600000000000000000e+01,0.000000000000000000e+00,3.902406677265253254e-01
8.700000000000000000e+01,0.000000000000000000e+00,3.894566776287839982e-01
8.800000000000000000e+01,0.000000000000000000e+00,3.887711179856712107e-01
8.900000000000000000e+01,0.000000000000000000e+00,3.881844378277138352e-01
9.000000000000000000e+01,0.000000000000000000e+00,3.876375866310707297e-01
9.100000000000000000e+01,0.000000000000000000e+00,3.870540216783032728e-01
9.200000000000000000e+01,0.000000000000000000e+00,3.863898360033429791e-01
9.300000000000000000e+01,0.000000000000000000e+00,3.856580440649124975e-01
9.400000000000000000e+01,0.000000000000000000e+00,3.849121833181899932e-01
9.500000000000000000e+01,0.000000000000000000e+00,3.842042011855864581e-01
9.600000000000000000e+01,0.000000000000000000e+00,3.835487012579342769e-01
9.700000000000000000e+01,0.000000000000000000e+00,3.829178875233503754e-01
9.800000000000000000e+01,0.000000000000000000e+00,3.822670819435100009e-01
9.900000000000000000e+01,0.000000000000000000e+00,3.815690544767348369e-01
1.000000000000000000e+02,0.000000000000000000e+00,3.808316507276034990e-01
1.010000000000000000e+02,0.000000000000000000e+00,3.800878857324976878e-01
1.020000000000000000e+02,0.000000000000000000e+00,3.793685890513474046e-01
1.030000000000000000e+02,0.000000000000000000e+00,3.786796500347646699e-01
1.040000000000000000e+02,0.000000000000000000e+00,3.780008197674135095e-01
1.050000000000000000e+02,0.000000000000000000e+00,3.773051067556544846e-01
1.060000000000000000e+02,0.000000000000000000e+00,3.765813501204411939e-01
1.070000000000000000e+02,0.000000000000000000e+00,3.758412666144864689e-01
1.080000000000000000e+02,0.000000000000000000e+00,3.751068571602555468e-01
1.090000000000000000e+02,0.000000000000000000e+00,3.743909610203950411e-01
1.100000000000000000e+02,0.000000000000000000e+00,3.736880665960125025e-01
1.110000000000000000e+02,0.000000000000000000e+00,3.729817645105665824e-01
1.120000000000000000e+02,0.000000000000000000e+00,3.722603267111232461e-01
1.130000000000000000e+02,0.000000000000000000e+00,3.715259897687801516e-01
1.140000000000000000e+02,0.000000000000000000e+00,3.707906292019892969e-01
1.150000000000000000e+02,0.000000000000000000e+00,3.700632238877168412e-01
1.160000000000000000e+02,0.000000000000000000e+00,3.693413362537264488e-01
1.170000000000000000e+02,0.000000000000000000e+00,3.686141175493071742e-01
1.180000000000000000e+02,0.000000000000000000e+00,3.678729499466596442e-01
1.190000000000000000e+02,0.000000000000000000e+00,3.671188101575474927e-01
1.200000000000000000e+02,0.000000000000000000e+00,3.663595080652599645e-01
1.210000000000000000e+02,0.000000000000000000e+00,3.656005508452633834e-01
1.220000000000000000e+02,0.000000000000000000e+00,3.648393756513929054e-01
1.230000000000000000e+02,0.000000000000000000e+00,3.640682857372810055e-01
1.240000000000000000e+02,0.000000000000000000e+00,3.632819855005632870e-01
1.250000000000000000e+02,0.000000000000000000e+00,3.624813239086498995e-01
1.260000000000000000e+02,0.000000000000000000e+00,3.616697426412922023e-01
1.270000000000000000e+02,0.000000000000000000e+00,3.608470805368889645e-01
1.280000000000000000e+02,0.000000000000000000e+00,3.600078334718290196e-01
1.290000000000000000e+02,0.000000000000000000e+00,3.591454073615310549e-01
1.300000000000000000e+02,0.000000000000000000e+00,3.582570144954730917e-01
1.310000000000000000e+02,0.000000000000000000e+00,3.573435899002338489e-01
1.320000000000000000e+02,0.000000000000000000e+00,3.564053618172429161e-01
1.330000000000000000e+02,0.000000000000000000e+00,3.554386879365148411e-01
1.340000000000000000e+02,0.000000000000000000e+00,3.544376588539687734e-01
1.350000000000000000e+02,0.000000000000000000e+00,3.533978998634901836e-01
1.360000000000000000e+02,0.000000000000000000e+00,3.523176469500352015e-01
1.370000000000000000e+02,0.000000000000000000e+00,3.511950753989508955e-01
1.380000000000000000e+02,0.000000000000000000e+00,3.500256690104681656e-01
1.390000000000000000e+02,0.000000000000000000e+00,3.488030228817157186e-01
1.400000000000000000e+02,0.000000000000000000e+00,3.475217353233283624e-01
1.410000000000000000e+02,0.000000000000000000e+00,3.461784104884542135e-01
1.420000000000000000e+02,0.000000000000000000e+00,3.447696334922231154e-01
1.430000000000000000e+02,0.000000000000000000e+00,3.432899404045736680e-01
1.440000000000000000e+02,0.000000000000000000e+00,3.417325200410287200e-01
1.450000000000000000e+02,0.000000000000000000e+00,3.400913353402877926e-01
1.460000000000000000e+02,0.000000000000000000e+00,3.383614766303811305e-01
1.470000000000000000e+02,0.000000000000000000e+00,3.365374080218107578e-01
1.480000000000000000e+02,0.000000000000000000e+00,3.346119220998320376e-01
1.490000000000000000e+02,0.000000000000000000e+00,3.325773514748476267e-01
1.500000000000000000e+02,0.000000000000000000e+00,3.304269942141107030e-01
1.510000000000000000e+02,0.000000000000000000e+00,3.281544843972972192e-01
1.520000000000000000e+02,0.000000000000000000e+00,3.257522717551372682e-01
1.530000000000000000e+02,0.000000000000000000e+00,3.232117884818926368e-01
1.540000000000000000e+02,0.000000000000000000e+00,3.205249513186491095e-01
1.550000000000000000e+02,0.000000000000000000e+00,3.176844291083666394e-01
1.560000000000000000e+02,0.000000000000000000e+00,3.146824597703516413e-01
1.570000000000000000e+02,0.000000000000000000e+00,3.115106771971329347e-01
1.580000000000000000e+02,0.000000000000000000e+00,3.081614558303723550e-01
1.590000000000000000e+02,0.000000000000000000e+00,3.046283540351581443e-01
1.600000000000000000e+02,0.000000000000000000e+00,3.009051093134812449e-01
1.610000000000000000e+02,0.000000000000000000e+00,2.969857355047099134e-01
1.620000000000000000e+02,0.000000000000000000e+00,2.928661589295541434e-01
1.630000000000000000e+02,0.000000000000000000e+00,2.885447021085909003e-01
1.640000000000000000e+02,0.000000000000000000e+00,2.840213884005651224e-01
1.650000000000000000e+02,0.000000000000000000e+00,2.792986885912608352e-01
1.660000000000000000e+02,0.000000000000000000e+00,2.743826697512121715e-01
1.670000000000000000e+02,0.000000000000000000e+00,2.692822982404359244e-01
1.680000000000000000e+02,0.000000000000000000e+00,2.640094075544796581e-01
1.690000000000000000e+02,0.000000000000000000e+00,2.585801492183021910e-01
1.700000000000000000e+02,0.000000000000000000e+00,2.530140929319050214e-01
1.710000000000000000e+02,0.000000000000000000e+00,2.473324399988609812e-01
1.720000000000000000e+02,0.000000000000000000e+00,2.415576005565739925e-01
1.730000000000000000e+02,0.000000000000000000e+00,2.357107226096281649e-01
1.740000000000000000e+02,0.000000000000000000e+00,2.298100665199789006e-01
1.750000000000000000e+02,0.000000000000000000e+00,2.238707961793564849e-01
1.760000000000000000e+02,0.000000000000000000e+00,2.179022121396835265e-01
1.770000000000000000e+02,0.000000000000000000e+00,2.119082145308952003e-01
1.780000000000000000e+02,0.000000000000000000e+00,2.058880993994912090e-01
1.790000000000000000e+02,0.000000000000000000e+00,1.998394110771352927e-01
1.800000000000000000e+02,0.000000000000000000e+00,1.937613629536859006e-01
1.810000000000000000e+02,0.000000000000000000e+00,1.876566751907595143e-01
1.820000000000000000e+02,0.000000000000000000e+00,1.815354048092079897e-01
1.830000000000000000e+02,0.000000000000000000e+00,1.754186308736942479e-01
1.840000000000000000e+02,0.000000000000000000e+00,1.693424012576600080e-01
1.850000000000000000e+02,0.000000000000000000e+00,1.633581390277396017e-01
1.860000000000000000e+02,0.000000000000000000e+00,1.575304562890489091e-01
1.870000000000000000e+02,0.000000000000000000e+00,1.519328045418677775e-01
1.880000000000000000e+02,0.000000000000000000e+00,1.466366147398463216e-01
1.890000000000000000e+02,0.000000000000000000e+00,1.417020000490339382e-01
1.900000000000000000e+02,0.000000000000000000e+00,1.371736768882921009e-01
1.910000000000000000e+02,0.000000000000000000e+00,1.330760534262007688e-01
1.920000000000000000e+02,0.000000000000000000e+00,1.294107388579194273e-01
1.930000000000000000e+02,0.000000000000000000e+00,1.261566315048807951e-01
1.940000000000000000e+02,0.000000000000000000e+00,1.232682226334829018e-01
1.950000000000000000e+02,0.000000000000000000e+00,1.206850451691243581e-01
1.960000000000000000e+02,0.000000000000000000e+00,1.183401956566569463e-01
1.970000000000000000e+02,0.000000000000000000e+00,1.161680882155979033e-01
1.980000000000000000e+02,0.000000000000000000e+00,1.141112457988837647e-01
1.990000000000000000e+02,0.000000000000000000e+00,1.121229997499139236e-01
2.000000000000000000e+02,0.000000000000000000e+00,1.101771275089925145e-01
2.010000000000000000e+02,0.000000000000000000e+00,1.082606482124427727e-01
2.020000000000000000e+02,0.000000000000000000e+00,1.063765491385295914e-01
2.030000000000000000e+02,0.000000000000000000e+00,1.045283173339410510e-01
2.040000000000000000e+02,0.000000000000000000e+00,1.027504052060567025e-01
2.050000000000000000e+02,0.000000000000000000e+00,1.011550961147344441e-01
2.060000000000000000e+02,0.000000000000000000e+00,1.000692648594607437e-01
2.070000000000000000e+02,0.000000000000000000e+00,9.998521778343727462e-02
2.080000000000000000e+02,0.000000000000000000e+00,9.880019901862249765e-02
2.090000000000000000e+02,0.000000000000000000e+00,9.487252863360748356e-02
2.100000000000000000e+02,0.000000000000000000e+00,9.268271931564264765e-02
2.110000000000000000e+02,0.000000000000000000e+00,9.298614293633805650e-02
2.120000000000000000e+02,0.000000000000000000e+00,9.077475970038734188e-02
2.130000000000000000e+02,0.000000000000000000e+00,8.828959633772477666e-02
2.140000000000000000e+02,0.000000000000000000e+00,8.837231269905979070e-02
2.150000000000000000e+02,0.000000000000000000e+00,8.694576707167332719e-02
2.160000000000000000e+02,0.000000000000000000e+00,8.484340500387813067e-02
2.170000000000000000e+02,0.000000000000000000e+00,8.471949162000733113e-02
2.180000000000000000e+02,0.000000000000000000e+00,8.355558798017947986e-02
2.190000000000000000e+02,0.000000000000000000e+00,8.173860800257644332e-02
2.200000000000000000e+02,0.000000000000000000e+00,8.136736336326848285e-02
2.210000000000000000e+02,0.000000000000000000e+00,8.021820536227813880e-02
2.220000000000000000e+02,0.000000000000000000e+00,7.855516860933747791e-02
2.230000000000000000e+02,0.000000000000000000e+00,7.796114055339231630e-02
2.240000000000000000e+02,0.000000000000000000e+00,7.679314288855981774e-02
2.250000000000000000e+02,0.000000000000000000e+00,7.526990197352737000e-02
2.260000000000000000e+02,0.000000000000000000e+00,7.454830229459455393e-02
2.270000000000000000e+02,0.000000000000000000e+00,7.340841274363039959e-02
2.280000000000000000e+02,0.000000000000000000e+00,7.202392887228624418e-02
2.290000000000000000e+02,0.000000000000000000e+00,7.123037854108715816e-02
2.300000000000000000e+02,0.000000000000000000e+00,7.013145670773721085e-02
2.310000000000000000e+02,0.000000000000000000e+00,6.884122889406384116e-02
2.320000000000000000e+02,0.000000000000000000e+00,6.798007581961285073e-02
2.330000000000000000e+02,0.000000000000000000e+00,6.691330643081183638e-02
2.340000000000000000e+02,0.000000000000000000e+00,6.567736012908034771e-02
2.350000000000000000e+02,0.000000000000000000e+00,6.475515792374811341e-02
2.360000000000000000e+02,0.000000000000000000e+00,6.372794032189067759e-02
2.370000000000000000e+02,0.000000000000000000e+00,6.254099197228377149e-02
2.380000000000000000e+02,0.000000000000000000e+00,6.157686496356051808e-02
2.390000000000000000e+02,0.000000000000000000e+00,6.059872451966176465e-02
2.400000000000000000e+02,0.000000000000000000e+00,5.947027445851040678e-02
2.410000000000000000e+02,0.000000000000000000e+00,5.847554072898415722e-02
2.420000000000000000e+02,0.000000000000000000e+00,5.753557657116378787e-02
2.430000000000000000e+02,0.000000000000000000e+00,5.647278307687612908e-02
2.440000000000000000e+02,0.000000000000000000e+00,5.546049339961633962e-02
2.450000000000000000e+02,0.000000000000000000e+00,5.454126291644730701e-02
2.460000000000000000e+02,0.000000000000000000e+00,5.355382707846464974e-02
2.470000000000000000e+02,0.000000000000000000e+00,5.255678812854987225e-02
2.480000000000000000e+02,0.000000000000000000e+00,5.165395091138705319e-02
2.490000000000000000e+02,0.000000000000000000e+00,5.074697954751095780e-02
2.500000000000000000e+02,0.000000000000000000e+00,4.980441323430030015e-02
2.510000000000000000e+02,0.000000000000000000e+00,6.465499427273289912e-02
2.520000000000000000e+02,0.000000000000000000e+00,6.367144055190823715e-02
2.530000000000000000e+02,0.000000000000000000e+00,6.275352285955601572e-02
2.540000000000000000e+02,0.000000000000000000e+00,6.186242977944624022e-02
2.550000000000000000e+02,0.000000000000000000e+00,6.091859015670336719e-02
2.560000000000000000e+02,0.000000000000000000e+00,5.998179950634362906e-02
2.570000000000000000e+02,0.000000000000000000e+00,5.909324117050332448e-02
2.580000000000000000e+02,0.000000000000000000e+00,5.820919617225298048e-02
2.590000000000000000e+02,0.000000000000000000e+00,5.732432777921078748e-02
2.600000000000000000e+02,0.000000000000000000e+00,5.646132322026735373e-02
2.610000000000000000e+02,0.000000000000000000e+00,5.562020734481629147e-02
2.620000000000000000e+02,0.000000000000000000e+00,5.479501201977490799e-02
2.630000000000000000e+02,0.000000000000000000e+00,5.397595976336943407e-02
2.640000000000000000e+02,0.000000000000000000e+00,5.316586317672210293e-02
2.650000000000000000e+02,0.000000000000000000e+00,5.238110449482373532e-02
2.660000000000000000e+02,0.000000000000000000e+00,5.160769780984580252e-02
2.670000000000000000e+02,0.000000000000000000e+00,5.083487400327721395e-02
2.680000000000000000e+02,0.000000000000000000e+00,5.008461120477526729e-02
2.690000000000000000e+02,0.000000000000000000e+00,4.935193825943236245e-02
2.700000000000000000e+02,0.000000000000000000e+00,4.861884239400003638e-02
2.710000000000000000e+02,0.000000000000000000e+00,4.790183770211112885e-02
2.720000000000000000e+02,0.000000000000000000e+00,4.720676521768057965e-02
2.730000000000000000e+02,0.000000000000000000e+00,4.651682004115477442e-02
2.740000000000000000e+02,0.000000000000000000e+00,4.583588626109431907e-02
2.750000000000000000e+02,0.000000000000000000e+00,4.517296063967025238e-02
2.760000000000000000e+02,0.000000000000000000e+00,4.452162216220237334e-02
2.770000000000000000e+02,0.000000000000000000e+00,4.387966843120255644e-02
2.780000000000000000e+02,0.000000000000000000e+00,4.324906530725430159e-02
2.790000000000000000e+02,0.000000000000000000e+00,4.263057308692919795e-02
2.800000000000000000e+02,0.000000000000000000e+00,4.202459985650132401e-02
2.810000000000000000e+02,0.000000000000000000e+00,4.142749385331441492e-02
2.820000000000000000e+02,0.000000000000000000e+00,4.084174981490085177e-02
2.830000000000000000e+02,0.000000000000000000e+00,4.027037568909831722e-02
2.840000000000000000e+02,0.000000000000000000e+00,3.970720943911554279e-02
2.850000000000000000e+02,0.000000000000000000e+00,3.915218499558625193e-02
2.860000000000000000e+02,0.000000000000000000e+00,3.860963026140136478e-02
2.870000000000000000e+02,0.000000000000000000e+00,3.807641018709721770e-02
2.880000000000000000e+02,0.000000000000000000e+00,3.755052568162906002e-02
2.890000000000000000e+02,0.000000000000000000e+00,3.703436743291464717e-02
2.900000000000000000e+02,0.000000000000000000e+00,3.652729160138525055e-02
2.910000000000000000e+02,0.000000000000000000e+00,3.602803033171447789e-02
2.920000000000000000e+02,0.000000000000000000e+00,3.553633843477342624e-02
2.930000000000000000e+02,0.000000000000000000e+00,3.505256891819423515e-02
2.940000000000000000e+02,0.000000000000000000e+00,3.457756674446085116e-02
2.950000000000000000e+02,0.000000000000000000e+00,3.410963482901578636e-02
2.960000000000000000e+02,0.000000000000000000e+00,3.364869260589141431e-02
2.970000000000000000e+02,0.000000000000000000e+00,3.319622999497420096e-02
2.980000000000000000e+02,0.000000000000000000e+00,3.275118164404818011e-02
2.990000000000000000e+02,0.000000000000000000e+00,3.231284477028710522e-02
3.000000000000000000e+02,0.000000000000000000e+00,3.188219665557569249e-02
3.010000000000000000e+02,0.000000000000000000e+00,3.145886201336039328e-02
3.020000000000000000e+02,0.000000000000000000e+00,3.104248825418063837e-02
3.030000000000000000e+02,0.000000000000000000e+00,3.063303708368434602e-02
3.040000000000000000e+02,0.000000000000000000e+00,3.023062187315684116e-02
3.050000000000000000e+02,0.000000000000000000e+00,2.983531109525168479e-02
3.060000000000000000e+02,0.000000000000000000e+00,2.944654683863169586e-02
3.070000000000000000e+02,0.000000000000000000e+00,2.906437309033249594e-02
3.080000000000000000e+02,0.000000000000000000e+00,2.868922739951508538e-02
3.090000000000000000e+02,0.000000000000000000e+00,2.832061316255611583e-02
3.100000000000000000e+02,0.000000000000000000e+00,2.795867106665901256e-02
3.110000000000000000e+02,0.000000000000000000e+00,2.760363936606826177e-02
3.120000000000000000e+02,0.000000000000000000e+00,2.725590065436102674e-02
3.130000000000000000e+02,0.000000000000000000e+00,2.691617331497466598e-02
3.140000000000000000e+02,0.000000000000000000e+00,2.658705841763232131e-02
3.150000000000000000e+02,0.000000000000000000e+00,2.627343501522882291e-02
3.160000000000000000e+02,0.000000000000000000e+00,2.598912444468229332e-02
3.170000000000000000e+02,0.000000000000000000e+00,2.576135831359750022e-02
3.180000000000000000e+02,0.000000000000000000e+00,2.566365470242540706e-02
3.190000000000000000e+02,0.000000000000000000e+00,2.580848783925408438e-02
3.200000000000000000e+02,0.000000000000000000e+00,2.641871216709699294e-02
3.210000000000000000e+02,0.000000000000000000e+00,2.724506464980365472e-02
3.220000000000000000e+02,0.000000000000000000e+00,2.762659620112052627e-02
3.230000000000000000e+02,0.000000000000000000e+00,2.588020589615907391e-02
3.240000000000000000e+02,0.000000000000000000e+00,2.382767469934271576e-02
3.250000000000000000e+02,0.000000000000000000e+00,2.369457425003079071e-02
3.260000000000000000e+02,0.000000000000000000e+00,2.471018577052888285e-02
3.270000000000000000e+02,0.000000000000000000e+00,2.446399045703231620e-02
3.280000000000000000e+02,0.000000000000000000e+00,2.289892414622952260e-02
3.290000000000000000e+02,0.000000000000000000e+00,2.258215003934251758e-02
3.300000000000000000e+02,0.000000000000000000e+00,2.327943991053336298e-02
3.310000000000000000e+02,0.000000000000000000e+00,2.283581507649378936e-02
3.320000000000000000e+02,0.000000000000000000e+00,2.179278727175862351e-02
3.330000000000000000e+02,0.000000000000000000e+00,2.176335929424366017e-02
3.340000000000000000e+02,0.000000000000000000e+00,2.208039215759947244e-02
3.350000000000000000e+02,0.000000000000000000e+00,2.154225507504236789e-02
3.360000000000000000e+02,0.000000000000000000e+00,2.089089082095291205e-02
3.370000000000000000e+02,0.000000000000000000e+00,2.101638931385035880e-02
3.380000000000000000e+02,0.000000000000000000e+00,2.105581697856790183e-02
3.390000000000000000e+02,0.000000000000000000e+00,2.047357330927059710e-02
3.400000000000000000e+02,0.000000000000000000e+00,2.015204931063680968e-02
3.410000000000000000e+02,0.000000000000000000e+00,2.026934605107269527e-02
3.420000000000000000e+02,0.000000000000000000e+00,2.007323419626514879e-02
3.430000000000000000e+02,0.000000000000000000e+00,1.962144987102738131e-02
3.440000000000000000e+02,0.000000000000000000e+00,1.948607371335635968e-02
3.450000000000000000e+02,0.000000000000000000e+00,1.950005314136842027e-02
3.460000000000000000e+02,0.000000000000000000e+00,1.923878231328170901e-02
3.470000000000000000e+02,0.000000000000000000e+00,1.891682585597852240e-02
3.480000000000000000e+02,0.000000000000000000e+00,1.884556509594685625e-02
3.490000000000000000e+02,0.000000000000000000e+00,1.878223250314191642e-02
3.500000000000000000e+02,0.000000000000000000e+00,1.851778501790662251e-02
3.510000000000000000e+02,0.000000000000000000e+00,1.829080242582413821e-02
3.520000000000000000e+02,0.000000000000000000e+00,1.822450783587079362e-02
3.530000000000000000e+02,0.000000000000000000e+00,1.811487822561363634e-02
3.540000000000000000e+02,0.000000000000000000e+00,1.788902022433531275e-02
3.550000000000000000e+02,0.000000000000000000e+00,1.771082228184189117e-02
3.560000000000000000e+02,0.000000000000000000e+00,1.763114848100839904e-02
3.570000000000000000e+02,0.000000000000000000e+00,1.751531356046298962e-02
3.580000000000000000e+02,0.000000000000000000e+00,1.732393762185307357e-02
3.590000000000000000e+02,0.000000000000000000e+00,1.716741952213631656e-02
3.600000000000000000e+02,0.000000000000000000e+00,1.707636109568765048e-02
3.610000000000000000e+02,0.000000000000000000e+00,1.696547300159316485e-02
3.620000000000000000e+02,0.000000000000000000e+00,1.680562266787415451e-02
3.630000000000000000e+02,0.000000000000000000e+00,1.665929110046358158e-02
3.640000000000000000e+02,0.000000000000000000e+00,1.655869061650953877e-02
3.650000000000000000e+02,0.000000000000000000e+00,1.645827151848909542e-02
3.660000000000000000e+02,0.000000000000000000e+00,1.632419041803516435e-02
3.670000000000000000e+02,0.000000000000000000e+00,1.618682859327810405e-02
3.680000000000000000e+02,0.000000000000000000e+00,1.607824501807475492e-02
3.690000000000000000e+02,0.000000000000000000e+00,1.598319915649983741e-02
3.700000000000000000e+02,0.000000000000000000e+00,1.587234726538846313e-02
3.710000000000000000e+02,0.000000000000000000e+00,1.574791758026861110e-02
3.720000000000000000e+02,0.000000000000000000e+00,1.563432354475298089e-02
3.730000000000000000e+02,0.000000000000000000e+00,1.553792791945755869e-02
3.740000000000000000e+02,0.000000000000000000e+00,1.544236121041370896e-02
3.750000000000000000e+02,0.000000000000000000e+00,1.533598271965358646e-02
3.760000000000000000e+02,0.000000000000000000e+00,1.522573228018534244e-02
3.770000000000000000e+02,0.000000000000000000e+00,1.512437005629144876e-02
3.780000000000000000e+02,0.000000000000000000e+00,1.503262919934226886e-02
3.790000000000000000e+02,0.000000000000000000e+00,1.494109370970255618e-02
3.800000000000000000e+02,0.000000000000000000e+00,1.484396208330842140e-02
3.810000000000000000e+02,0.000000000000000000e+00,1.474464757803507081e-02
3.820000000000000000e+02,0.000000000000000000e+00,1.465000708180867750e-02
3.830000000000000000e+02,0.000000000000000000e+00,1.456169228005379027e-02
3.840000000000000000e+02,0.000000000000000000e+00,1.447564410379821760e-02
3.850000000000000000e+02,0.000000000000000000e+00,1.438772373700306952e-02
3.860000000000000000e+02,0.000000000000000000e+00,1.429771244920966314e-02
3.870000000000000000e+02,0.000000000000000000e+00,1.420874021223355113e-02
3.880000000000000000e+02,0.000000000000000000e+00,1.412330529990914532e-02
3.890000000000000000e+02,0.000000000000000000e+00,1.404121645977797136e-02
3.900000000000000000e+02,0.000000000000000000e+00,1.396040244000287811e-02
3.910000000000000000e+02,0.000000000000000000e+00,1.387906987450104879e-02
3.920000000000000000e+02,0.000000000000000000e+00,1.379717234825001727e-02
3.930000000000000000e+02,0.000000000000000000e+00,1.371584671589807028e-02
3.940000000000000000e+02,0.000000000000000000e+00,1.363633831740344686e-02
3.950000000000000000e+02,0.000000000000000000e+00,1.355899359197507148e-02
3.960000000000000000e+02,0.000000000000000000e+00,1.348328066995709701e-02
3.970000000000000000e+02,0.000000000000000000e+00,1.340837667842511086e-02
3.980000000000000000e+02,0.000000000000000000e+00,1.333370446358854086e-02
3.990000000000000000e+02,0.000000000000000000e+00,1.325925215553089981e-02
4.000000000000000000e+02,0.000000000000000000e+00,1.318532397305501036e-02
4.010000000000000000e+02,0.000000000000000000e+00,1.311234955526739687e-02
4.020000000000000000e+02,0.000000000000000000e+00,1.304056955797045989e-02
4.030000000000000000e+02,0.000000000000000000e+00,1.297001144731706017e-02
4.040000000000000000e+02,0.000000000000000000e+00,1.290052701350262281e-02
4.050000000000000000e+02,0.000000000000000000e+00,1.283190128048933634e-02
4.060000000000000000e+02,0.000000000000000000e+00,1.276396917061414435e-02
4.070000000000000000e+02,0.000000000000000000e+00,1.269661711335814264e-02
4.080000000000000000e+02,0.000000000000000000e+00,1.262983881838071476e-02
4.090000000000000000e+02,0.000000000000000000e+00,1.256364129699010304e-02
4.100000000000000000e+02,0.000000000000000000e+00,1.249808510331620534e-02
4.110000000000000000e+02,0.000000000000000000e+00,1.243319378318749786e-02
4.120000000000000000e+02,0.000000000000000000e+00,1.236900430845282867e-02
4.130000000000000000e+02,0.000000000000000000e+00,1.230551282012394207e-02
4.140000000000000000e+02,0.000000000000000000e+00,1.224272216371971242e-02
4.150000000000000000e+02,0.000000000000000000e+00,1.218061096983331926e-02
4.160000000000000000e+02,0.000000000000000000e+00,1.211916772419625865e-02
4.170000000000000000e+02,0.000000000000000000e+00,1.205836978587357736e-02
4.180000000000000000e+02,0.000000000000000000e+00,1.199820539832857635e-02
4.190000000000000000e+02,0.000000000000000000e+00,1.193865744012020252e-02
4.200000000000000000e+02,0.000000000000000000e+00,1.187971938658542725e-02
4.210000000000000000e+02,0.000000000000000000e+00,1.182138202802012449e-02
4.220000000000000000e+02,0.000000000000000000e+00,1.176364979774542976e-02
4.230000000000000000e+02,0.000000000000000000e+00,1.170652979402301078e-02
4.240000000000000000e+02,0.000000000000000000e+00,1.165005833157754626e-02
4.250000000000000000e+02,0.000000000000000000e+00,1.159429718212880156e-02
4.260000000000000000e+02,0.000000000000000000e+00,1.153939939269630829e-02
4.270000000000000000e+02,0.000000000000000000e+00,1.148564559403246824e-02
4.280000000000000000e+02,0.000000000000000000e+00,1.143367175429858482e-02
4.290000000000000000e+02,0.000000000000000000e+00,1.138470719753423288e-02
4.300000000000000000e+02,0.000000000000000000e+00,1.134157255242942280e-02
4.310000000000000000e+02,0.000000000000000000e+00,1.130984323725077803e-02
4.320000000000000000e+02,0.000000000000000000e+00,1.130293536147309805e-02
4.330000000000000000e+02,0.000000000000000000e+00,1.134647622257963298e-02
4.340000000000000000e+02,0.000000000000000000e+00,1.150571805777285059e-02
4.350000000000000000e+02,0.000000000000000000e+00,1.188049002330301106e-02
4.360000000000000000e+02,0.000000000000000000e+00,1.272451289479161959e-02
4.370000000000000000e+02,0.000000000000000000e+00,1.403060515766353482e-02
4.380000000000000000e+02,0.000000000000000000e+00,1.580005620524125784e-02
4.390000000000000000e+02,0.000000000000000000e+00,1.556510754453783486e-02
4.400000000000000000e+02,0.000000000000000000e+00,1.339091015906219984e-02
4.410000000000000000e+02,0.000000000000000000e+00,1.094873099933395960e-02
4.420000000000000000e+02,0.000000000000000000e+00,1.145976769435182868e-02
4.430000000000000000e+02,0.000000000000000000e+00,1.328281475940121421e-02
4.440000000000000000e+02,0.000000000000000000e+00,1.274584241561157842e-02
4.450000000000000000e+02,0.000000000000000000e+00,1.094727377151529998e-02
4.460000000000000000e+02,0.000000000000000000e+00,1.084202519343447670e-02
4.470000000000000000e+02,0.000000000000000000e+00,1.201904571423038914e-02
4.480000000000000000e+02,0.000000000000000000e+00,1.187068121193570955e-02
4.490000000000000000e+02,0.000000000000000000e+00,1.059938088714340414e-02
4.500000000000000000e+02,0.000000000000000000e+00,1.069367486179359852e-02
4.510000000000000000e+02,0.000000000000000000e+00,1.149705156299859338e-02
4.520000000000000000e+02,0.000000000000000000e+00,1.103890799204970685e-02
4.530000000000000000e+02,0.000000000000000000e+00,1.029404928540265420e-02
4.540000000000000000e+02,0.000000000000000000e+00,1.059028869575966841e-02
4.550000000000000000e+02,0.000000000000000000e+00,1.094788792854557019e-02
4.560000000000000000e+02,0.000000000000000000e+00,1.048768297519306857e-02
4.570000000000000000e+02,0.000000000000000000e+00,1.012284588205876815e-02
4.580000000000000000e+02,0.000000000000000000e+00,1.044173709321117444e-02
4.590000000000000000e+02,0.000000000000000000e+00,1.053765206101582239e-02
4.600000000000000000e+02,0.000000000000000000e+00,1.011145687320730638e-02
4.610000000000000000e+02,0.000000000000000000e+00,1.001362317869446648e-02
4.620000000000000000e+02,0.000000000000000000e+00,1.025690365420513575e-02
4.630000000000000000e+02,0.000000000000000000e+00,1.015446508375933074e-02
4.640000000000000000e+02,0.000000000000000000e+00,9.870660724755991183e-03
4.650000000000000000e+02,0.000000000000000000e+00,9.901639586003506410e-03
4.660000000000000000e+02,0.000000000000000000e+00,1.001969818802593559e-02
4.670000000000000000e+02,0.000000000000000000e+00,9.873615894070559423e-03
4.680000000000000000e+02,0.000000000000000000e+00,9.705589293910812931e-03
4.690000000000000000e+02,0.000000000000000000e+00,9.764100817320816444e-03
4.700000000000000000e+02,0.000000000000000000e+00,9.802007227147836732e-03
4.710000000000000000e+02,0.000000000000000000e+00,9.658276717741661604e-03
4.720000000000000000e+02,0.000000000000000000e+00,9.564860717319137798e-03
4.730000000000000000e+02,0.000000000000000000e+00,9.610381499371238243e-03
4.740000000000000000e+02,0.000000000000000000e+00,9.599512635593485110e-03
4.750000000000000000e+02,0.000000000000000000e+00,9.486621390571142037e-03
4.760000000000000000e+02,0.000000000000000000e+00,9.428333044116901651e-03
4.770000000000000000e+02,0.000000000000000000e+00,9.450843010408970998e-03
4.780000000000000000e+02,0.000000000000000000e+00,9.425548449460217915e-03
4.790000000000000000e+02,0.000000000000000000e+00,9.337258328466923121e-03
4.800000000000000000e+02,0.000000000000000000e+00,9.292402440092993252e-03
4.810000000000000000e+02,0.000000000000000000e+00,9.297549230785151844e-03
4.820000000000000000e+02,0.000000000000000000e+00,9.267833234371636308e-03
4.830000000000000000e+02,0.000000000000000000e+00,9.199347125137242662e-03
4.840000000000000000e+02,0.000000000000000000e+00,9.158308555753669200e-03
4.850000000000000000e+02,0.000000000000000000e+00,9.150722910479044611e-03
4.860000000000000000e+02,0.000000000000000000e+00,9.123640596724626878e-03
4.870000000000000000e+02,0.000000000000000000e+00,9.068492496936472053e-03
4.880000000000000000e+02,0.000000000000000000e+00,9.027748036496502371e-03
4.890000000000000000e+02,0.000000000000000000e+00,9.011367978045626420e-03
4.900000000000000000e+02,0.000000000000000000e+00,8.986811368194864286e-03
4.910000000000000000e+02,0.000000000000000000e+00,8.942354309940692483e-03
4.920000000000000000e+02,0.000000000000000000e+00,8.901678001294946463e-03
4.930000000000000000e+02,0.000000000000000000e+00,8.878325401107441811e-03
4.940000000000000000e+02,0.000000000000000000e+00,8.855674180445012242e-03
4.950000000000000000e+02,0.000000000000000000e+00,8.819567392774781828e-03
4.960000000000000000e+02,0.000000000000000000e+00,8.780442271930831433e-03
4.970000000000000000e+02,0.000000000000000000e+00,8.751667359871501822e-03
4.980000000000000000e+02,0.000000000000000000e+00,8.728445026740631885e-03
4.990000000000000000e+02,0.000000000000000000e+00,8.698889624370854945e-03
5.000000000000000000e+02,0.000000000000000000e+00,8.663272243569095088e-03
5.010000000000000000e+02,0.000000000000000000e+00,8.293989206040495304e-03
5.020000000000000000e+02,0.000000000000000000e+00,8.250694462218370606e-03
5.030000000000000000e+02,0.000000000000000000e+00,8.197557371441066554e-03
5.040000000000000000e+02,0.000000000000000000e+00,8.122855296760916194e-03
5.050000000000000000e+02,0.000000000000000000e+00,8.050834391072327068e-03
5.060000000000000000e+02,0.000000000000000000e+00,7.998564787145102245e-03
5.070000000000000000e+02,0.000000000000000000e+00,7.968715495816042216e-03
5.080000000000000000e+02,0.000000000000000000e+00,7.945197885699337853e-03
5.090000000000000000e+02,0.000000000000000000e+00,7.896913893541803245e-03
5.100000000000000000e+02,0.000000000000000000e+00,7.839661701431960630e-03
5.110000000000000000e+02,0.000000000000000000e+00,7.794876046555708135e-03
5.120000000000000000e+02,0.000000000000000000e+00,7.762457340991636354e-03
5.130000000000000000e+02,0.000000000000000000e+00,7.736202499799757319e-03
5.140000000000000000e+02,0.000000000000000000e+00,7.703856138276160732e-03
5.150000000000000000e+02,0.000000000000000000e+00,7.669419745377801384e-03
5.160000000000000000e+02,0.000000000000000000e+00,7.635248775969012865e-03
5.170000000000000000e+02,0.000000000000000000e+00,7.600465408407150805e-03
5.180000000000000000e+02,0.000000000000000000e+00,7.572171128718514083e-03
5.190000000000000000e+02,0.000000000000000000e+00,7.547184106240291922e-03
5.200000000000000000e+02,0.000000000000000000e+00,7.520481155372570579e-03
5.210000000000000000e+02,0.000000000000000000e+00,7.488243806500891574e-03
5.220000000000000000e+02,0.000000000000000000e+00,7.451590609217765768e-03
5.230000000000000000e+02,0.000000000000000000e+00,7.417592282377928961e-03
5.240000000000000000e+02,0.000000000000000000e+00,7.386004700377153676e-03
5.250000000000000000e+02,0.000000000000000000e+00,7.357064165421190599e-03
5.260000000000000000e+02,0.000000000000000000e+00,7.331233092738640052e-03
5.270000000000000000e+02,0.000000000000000000e+00,7.305945901095756492e-03
5.280000000000000000e+02,0.000000000000000000e+00,7.279532322721885690e-03
5.290000000000000000e+02,0.000000000000000000e+00,7.250265828543690783e-03
5.300000000000000000e+02,0.000000000000000000e+00,7.220651505993059757e-03
5.310000000000000000e+02,0.000000000000000000e+00,7.192579941304307230e-03
5.320000000000000000e+02,0.000000000000000000e+00,7.165242004313648015e-03
5.330000000000000000e+02,0.000000000000000000e+00,7.139353523853006304e-03
5.340000000000000000e+02,0.000000000000000000e+00,7.114533483161210835e-03
5.350000000000000000e+02,0.000000000000000000e+00,7.090270094544077507e-03
5.360000000000000000e+02,0.000000000000000000e+00,7.065557128060669795e-03
5.370000000000000000e+02,0.000000000000000000e+00,7.040091555938800261e-03
5.380000000000000000e+02,0.000000000000000000e+00,7.015000907855288743e-03
5.390000000000000000e+02,0.000000000000000000e+00,6.989885787506538647e-03
5.400000000000000000e+02,0.000000000000000000e+00,6.964714686939300035e-03
5.410000000000000000e+02,0.000000000000000000e+00,6.939756081074905519e-03
5.420000000000000000e+02,0.000000000000000000e+00,6.915113283759165112e-03
5.430000000000000000e+02,0.000000000000000000e+00,6.890871812291789189e-03
5.440000000000000000e+02,0.000000000000000000e+00,6.866660413398316572e-03
5.450000000000000000e+02,0.000000000000000000e+00,6.842848410942994376e-03
5.460000000000000000e+02,0.000000000000000000e+00,6.819474048736231912e-03
5.470000000000000000e+02,0.000000000000000000e+00,6.796235406678232185e-03
5.480000000000000000e+02,0.000000000000000000e+00,6.773161651309479205e-03
5.490000000000000000e+02,0.000000000000000000e+00,6.750251188473828205e-03
5.500000000000000000e+02,0.000000000000000000e+00,6.727682570849759409e-03
5.510000000000000000e+02,0.000000000000000000e+00,6.705315415048315915e-03
5.520000000000000000e+02,0.000000000000000000e+00,6.683143518357962352e-03
5.530000000000000000e+02,0.000000000000000000e+00,6.661330217875164987e-03
5.540000000000000000e+02,0.000000000000000000e+00,6.639764304954482929e-03
5.550000000000000000e+02,0.000000000000000000e+00,6.618498089416399201e-03
5.560000000000000000e+02,0.000000000000000000e+00,6.597617008260644837e-03
5.570000000000000000e+02,0.000000000000000000e+00,6.577456572847365651e-03
5.580000000000000000e+02,0.000000000000000000e+00,6.558314541821107929e-03
5.590000000000000000e+02,0.000000000000000000e+00,6.540729709868220963e-03
5.600000000000000000e+02,0.000000000000000000e+00,6.525627163703430142e-03
5.610000000000000000e+02,0.000000000000000000e+00,6.514850108721786763e-03
5.620000000000000000e+02,0.000000000000000000e+00,6.510965707415051519e-03
5.630000000000000000e+02,0.000000000000000000e+00,6.519991634817576265e-03
5.640000000000000000e+02,0.000000000000000000e+00,6.549890848809427311e-03
5.650000000000000000e+02,0.000000000000000000e+00,6.620900657851535275e-03
5.660000000000000000e+02,0.000000000000000000e+00,6.754893238607548311e-03
5.670000000000000000e+02,0.000000000000000000e+00,7.016611354375718729e-03
5.680000000000000000e+02,0.000000000000000000e+00,7.436460139018899462e-03
5.690000000000000000e+02,0.000000000000000000e+00,8.163727962762445250e-03
5.700000000000000000e+02,0.000000000000000000e+00,8.984255291965106624e-03
5.710000000000000000e+02,0.000000000000000000e+00,9.916464996762009571e-03
5.720000000000000000e+02,0.000000000000000000e+00,9.746170241224200517e-03
5.730000000000000000e+02,0.000000000000000000e+00,8.696845631974706864e-03
5.740000000000000000e+02,0.000000000000000000e+00,6.963872970736240814e-03
5.750000000000000000e+02,0.000000000000000000e+00,6.218356331303114687e-03
5.760000000000000000e+02,0.000000000000000000e+00,6.811289868416226835e-03
5.770000000000000000e+02,0.000000000000000000e+00,7.706597837497627598e-03
5.780000000000000000e+02,0.000000000000000000e+00,7.830535817694337167e-03
5.790000000000000000e+02,0.000000000000000000e+00,6.900330525694389587e-03
5.800000000000000000e+02,0.000000000000000000e+00,6.166660421872145748e-03
5.810000000000000000e+02,0.000000000000000000e+00,6.343438778805046349e-03
5.820000000000000000e+02,0.000000000000000000e+00,6.929112716433782383e-03
5.830000000000000000e+02,0.000000000000000000e+00,7.052482568755449530e-03
5.840000000000000000e+02,0.000000000000000000e+00,6.497308575761642606e-03
5.850000000000000000e+02,0.000000000000000000e+00,6.059224269976879601e-03
5.860000000000000000e+02,0.000000000000000000e+00,6.196695376616686082e-03
5.870000000000000000e+02,0.000000000000000000e+00,6.542796267363362381e-03
5.880000000000000000e+02,0.000000000000000000e+00,6.550555615794829631e-03
5.890000000000000000e+02,0.000000000000000000e+00,6.185873006027093474e-03
5.900000000000000000e+02,0.000000000000000000e+00,5.961902759649576576e-03
5.910000000000000000e+02,0.000000000000000000e+00,6.091088646414940383e-03
5.920000000000000000e+02,0.000000000000000000e+00,6.276853865328111889e-03
5.930000000000000000e+02,0.000000000000000000e+00,6.218476895157978683e-03
5.940000000000000000e+02,0.000000000000000000e+00,5.983516950161289413e-03
5.950000000000000000e+02,0.000000000000000000e+00,5.883254503031225269e-03
5.960000000000000000e+02,0.000000000000000000e+00,5.983192446883109535e-03
5.970000000000000000e+02,0.000000000000000000e+00,6.071058468427824144e-03
5.980000000000000000e+02,0.000000000000000000e+00,6.000382988690894197e-03
5.990000000000000000e+02,0.000000000000000000e+00,5.853719601745624966e-03
6.000000000000000000e+02,0.000000000000000000e+00,5.805794031647368292e-03
6.010000000000000000e+02,0.000000000000000000e+00,5.867445271701250686e-03
6.020000000000000000e+02,0.000000000000000000e+00,5.907456080608834009e-03
6.030000000000000000e+02,0.000000000000000000e+00,5.852588219046127305e-03
6.040000000000000000e+02,0.000000000000000000e+00,5.759365622353466302e-03
6.050000000000000000e+02,0.000000000000000000e+00,5.725296094271216212e-03
6.060000000000000000e+02,0.000000000000000000e+00,5.755162479915532092e-03
6.070000000000000000e+02,0.000000000000000000e+00,5.775378885971390285e-03
6.080000000000000000e+02,0.000000000000000000e+00,5.740948793171022843e-03
6.090000000000000000e+02,0.000000000000000000e+00,5.678968522397154564e-03
6.100000000000000000e+02,0.000000000000000000e+00,5.645915116293772837e-03
6.110000000000000000e+02,0.000000000000000000e+00,5.653075433927727544e-03
6.120000000000000000e+02,0.000000000000000000e+00,5.663680129321207318e-03
6.130000000000000000e+02,0.000000000000000000e+00,5.645611255491313901e-03
6.140000000000000000e+02,0.000000000000000000e+00,5.604497453918451388e-03
6.150000000000000000e+02,0.000000000000000000e+00,5.571592909695249896e-03
6.160000000000000000e+02,0.000000000000000000e+00,5.562690036794286710e-03
6.170000000000000000e+02,0.000000000000000000e+00,5.564961524055040895e-03
6.180000000000000000e+02,0.000000000000000000e+00,5.556917099559396944e-03
6.190000000000000000e+02,0.000000000000000000e+00,5.531903783460813059e-03
6.200000000000000000e+02,0.000000000000000000e+00,5.502722002261498102e-03
6.210000000000000000e+02,0.000000000000000000e+00,5.483598815368874099e-03
6.220000000000000000e+02,0.000000000000000000e+00,5.476187811820529619e-03
6.230000000000000000e+02,0.000000000000000000e+00,5.470637390809229145e-03
6.240000000000000000e+02,0.000000000000000000e+00,5.457340195969521621e-03
6.250000000000000000e+02,0.000000000000000000e+00,5.436314766511635664e-03
6.260000000000000000e+02,0.000000000000000000e+00,5.414600289063541648e-03
6.270000000000000000e+02,0.000000000000000000e+00,5.398657438444131110e-03
6.280000000000000000e+02,0.000000000000000000e+00,5.388564244235144463e-03
6.290000000000000000e+02,0.000000000000000000e+00,5.379373749489831970e-03
6.300000000000000000e+02,0.000000000000000000e+00,5.366574264801110550e-03
6.310000000000000000e+02,0.000000000000000000e+00,5.349610383366993835e-03
6.320000000000000000e+02,0.000000000000000000e+00,5.331647722129477865e-03
6.330000000000000000e+02,0.000000000000000000e+00,5.316008235276212246e-03
6.340000000000000000e+02,0.000000000000000000e+00,5.303588053741849218e-03
6.350000000000000000e+02,0.000000000000000000e+00,5.292701698623992340e-03
6.360000000000000000e+02,0.000000000000000000e+00,5.280923867735766788e-03
6.370000000000000000e+02,0.000000000000000000e+00,5.267102269193368186e-03
6.380000000000000000e+02,0.000000000000000000e+00,5.251811862722902124e-03
6.390000000000000000e+02,0.000000000000000000e+00,5.236623790686662124e-03
6.400000000000000000e+02,0.000000000000000000e+00,5.222736407719745511e-03
6.410000000000000000e+02,0.000000000000000000e+00,5.210287637414362689e-03
6.420000000000000000e+02,0.000000000000000000e+00,5.198513495383867700e-03
6.430000000000000000e+02,0.000000000000000000e+00,5.186440505497648575e-03
6.440000000000000000e+02,0.000000000000000000e+00,5.173548153686097738e-03
6.450000000000000000e+02,0.000000000000000000e+00,5.159940204920774806e-03
6.460000000000000000e+02,0.000000000000000000e+00,5.146163087077729181e-03
6.470000000000000000e+02,0.000000000000000000e+00,5.132761236387423966e-03
6.480000000000000000e+02,0.000000000000000000e+00,5.120000136037052701e-03
6.490000000000000000e+02,0.000000000000000000e+00,5.107786921506648342e-03
6.500000000000000000e+02,0.000000000000000000e+00,5.095812611588921778e-03
6.510000000000000000e+02,0.000000000000000000e+00,5.083757737139257132e-03
6.520000000000000000e+02,0.000000000000000000e+00,5.071440443557169268e-03
6.530000000000000000e+02,0.000000000000000000e+00,5.058873862176650575e-03
6.540000000000000000e+02,0.000000000000000000e+00,5.046192729749363060e-03
6.550000000000000000e+02,0.000000000000000000e+00,5.033579719247280489e-03
6.560000000000000000e+02,0.000000000000000000e+00,5.021165524162660501e-03
6.570000000000000000e+02,0.000000000000000000e+00,5.009001240558382147e-03
6.580000000000000000e+02,0.000000000000000000e+00,4.997056755540543044e-03
6.590000000000000000e+02,0.000000000000000000e+00,4.985256324774318959e-03
6.600000000000000000e+02,0.000000000000000000e+00,4.973517385633811558e-03
6.610000000000000000e+02,0.000000000000000000e+00,4.961775905820485326e-03
6.620000000000000000e+02,0.000000000000000000e+00,4.950005085476971364e-03
6.630000000000000000e+02,0.000000000000000000e+00,4.938204476376674076e-03
6.640000000000000000e+02,0.000000000000000000e+00,4.926399379723795519e-03
6.650000000000000000e+02,0.000000000000000000e+00,4.914618576055930325e-03
6.660000000000000000e+02,0.000000000000000000e+00,4.902892071810180039e-03
6.670000000000000000e+02,0.000000000000000000e+00,4.891239358287121676e-03
6.680000000000000000e+02,0.000000000000000000e+00,4.879671377987693584e-03
6.690000000000000000e+02,0.000000000000000000e+00,4.868189899030872514e-03
6.700000000000000000e+02,0.000000000000000000e+00,4.856790988819734145e-03
6.710000000000000000e+02,0.000000000000000000e+00,4.845467821869770160e-03
6.720000000000000000e+02,0.000000000000000000e+00,4.834212943280652430e-03
6.730000000000000000e+02,0.000000000000000000e+00,4.823020029909436818e-03
6.740000000000000000e+02,0.000000000000000000e+00,4.811884378048119498e-03
6.750000000000000000e+02,0.000000000000000000e+00,4.800803625031170238e-03
6.760000000000000000e+02,0.000000000000000000e+00,4.789776806308496462e-03
6.770000000000000000e+02,0.000000000000000000e+00,4.778805573929156489e-03
6.780000000000000000e+02,0.000000000000000000e+00,4.767892120539012069e-03
6.790000000000000000e+02,0.000000000000000000e+00,4.757042126733241477e-03
6.800000000000000000e+02,0.000000000000000000e+00,4.746261674176194788e-03
6.810000000000000000e+02,0.000000000000000000e+00,4.735562959229611991e-03
6.820000000000000000e+02,0.000000000000000000e+00,4.724960202288758064e-03
6.830000000000000000e+02,0.000000000000000000e+00,4.714480389927181748e-03
6.840000000000000000e+02,0.000000000000000000e+00,4.704158091885899881e-03
6.850000000000000000e+02,0.000000000000000000e+00,4.694058020636174278e-03
6.860000000000000000e+02,0.000000000000000000e+00,4.684268190042578141e-03
6.870000000000000000e+02,0.000000000000000000e+00,4.674955292519920348e-03
6.880000000000000000e+02,0.000000000000000000e+00,4.666353532696075439e-03
6.890000000000000000e+02,0.000000000000000000e+00,4.658920287153087321e-03
6.900000000000000000e+02,0.000000000000000000e+00,4.653304308712665274e-03
6.910000000000000000e+02,0.000000000000000000e+00,4.650835108580246222e-03
6.920000000000000000e+02,0.000000000000000000e+00,4.653366458436392072e-03
6.930000000000000000e+02,0.000000000000000000e+00,4.664965260340934658e-03
6.940000000000000000e+02,0.000000000000000000e+00,4.690960896875637220e-03
6.950000000000000000e+02,0.000000000000000000e+00,4.744223686501480332e-03
6.960000000000000000e+02,0.000000000000000000e+00,4.839073030033076012e-03
6.970000000000000000e+02,0.000000000000000000e+00,5.015613349409050667e-03
6.980000000000000000e+02,0.000000000000000000e+00,5.300236141978369869e-03
6.990000000000000000e+02,0.000000000000000000e+00,5.798130383540236327e-03
7.000000000000000000e+02,0.000000000000000000e+00,6.455651510470743551e-03
7.010000000000000000e+02,0.000000000000000000e+00,7.397695093071879335e-03
7.020000000000000000e+02,0.000000000000000000e+00,7.950874667949910796e-03
7.030000000000000000e+02,0.000000000000000000e+00,8.055387323174088843e-03
7.040000000000000000e+02,0.000000000000000000e+00,6.790179289684528455e-03
7.050000000000000000e+02,0.000000000000000000e+00,5.284125731735936360e-03
7.060000000000000000e+02,0.000000000000000000e+00,4.497628182590009127e-03
7.070000000000000000e+02,0.000000000000000000e+00,4.921632949336621037e-03
7.080000000000000000e+02,0.000000000000000000e+00,5.827988651935527356e-03
7.090000000000000000e+02,0.000000000000000000e+00,6.037682650640093830e-03
7.100000000000000000e+02,0.000000000000000000e+00,5.424302720555856938e-03
7.110000000000000000e+02,0.000000000000000000e+00,4.606431373079852842e-03
7.120000000000000000e+02,0.000000000000000000e+00,4.501592347889390479e-03
7.130000000000000000e+02,0.000000000000000000e+00,5.008730413374917929e-03
7.140000000000000000e+02,0.000000000000000000e+00,5.321130315814491182e-03
7.150000000000000000e+02,0.000000000000000000e+00,5.065315367119368681e-03
7.160000000000000000e+02,0.000000000000000000e+00,4.547793574951851381e-03
7.170000000000000000e+02,0.000000000000000000e+00,4.414217864968020613e-03
7.180000000000000000e+02,0.000000000000000000e+00,4.697171669915164993e-03
7.190000000000000000e+02,0.000000000000000000e+00,4.903934280475205978e-03
7.200000000000000000e+02,0.000000000000000000e+00,4.755295409281616072e-03
7.210000000000000000e+02,0.000000000000000000e+00,4.443777280910584174e-03
7.220000000000000000e+02,0.000000000000000000e+00,4.366220755214619657e-03
7.230000000000000000e+02,0.000000000000000000e+00,4.537517644951661981e-03
7.240000000000000000e+02,0.000000000000000000e+00,4.650625129109076973e-03
7.250000000000000000e+02,0.000000000000000000e+00,4.544813672988607528e-03
7.260000000000000000e+02,0.000000000000000000e+00,4.359152032747275196e-03
7.270000000000000000e+02,0.000000000000000000e+00,4.323420675499739171e-03
7.280000000000000000e+02,0.000000000000000000e+00,4.427611559999050303e-03
7.290000000000000000e+02,0.000000000000000000e+00,4.484450527510851041e-03
7.300000000000000000e+02,0.000000000000000000e+00,4.410078391508723446e-03
7.310000000000000000e+02,0.000000000000000000e+00,4.297917162926179549e-03
7.320000000000000000e+02,0.000000000000000000e+00,4.277758321996212240e-03
7.330000000000000000e+02,0.000000000000000000e+00,4.337481600489771424e-03
7.340000000000000000e+02,0.000000000000000000e+00,4.367760320403668919e-03
7.350000000000000000e+02,0.000000000000000000e+00,4.320527557174722380e-03
7.360000000000000000e+02,0.000000000000000000e+00,4.250031664941908427e-03
7.370000000000000000e+02,0.000000000000000000e+00,4.231723341265780126e-03
7.380000000000000000e+02,0.000000000000000000e+00,4.262362229426329072e-03
7.390000000000000000e+02,0.000000000000000000e+00,4.280434868661642245e-03
7.400000000000000000e+02,0.000000000000000000e+00,4.253216626315444587e-03
7.410000000000000000e+02,0.000000000000000000e+00,4.207267128179176252e-03
7.420000000000000000e+02,0.000000000000000000e+00,4.187847707159731564e-03
7.430000000000000000e+02,0.000000000000000000e+00,4.199947421525010091e-03
7.440000000000000000e+02,0.000000000000000000e+00,4.211084608203914670e-03
7.450000000000000000e+02,0.000000000000000000e+00,4.197079233586556608e-03
7.460000000000000000e+02,0.000000000000000000e+00,4.166916507328003068e-03
7.470000000000000000e+02,0.000000000000000000e+00,4.147092963355759540e-03
7.480000000000000000e+02,0.000000000000000000e+00,4.147081030312502019e-03
7.490000000000000000e+02,0.000000000000000000e+00,4.152584515790371314e-03
7.500000000000000000e+02,0.000000000000000000e+00,4.146401744425784117e-03
7.510000000000000000e+02,0.000000000000000000e+00,4.769583072377200569e-03
7.520000000000000000e+02,0.000000000000000000e+00,4.753844004168558852e-03
7.530000000000000000e+02,0.000000000000000000e+00,4.716251975173954905e-03
7.540000000000000000e+02,0.000000000000000000e+00,4.686128615216979265e-03
7.550000000000000000e+02,0.000000000000000000e+00,4.674715878965448462e-03
7.560000000000000000e+02,0.000000000000000000e+00,4.669122796263837361e-03
7.570000000000000000e+02,0.000000000000000000e+00,4.654532596253949280e-03
7.580000000000000000e+02,0.000000000000000000e+00,4.629766580383209811e-03
7.590000000000000000e+02,0.000000000000000000e+00,4.607652462510051367e-03
7.600000000000000000e+02,0.000000000000000000e+00,4.598042041958806322e-03
7.610000000000000000e+02,0.000000000000000000e+00,4.593077126868919113e-03
7.620000000000000000e+02,0.000000000000000000e+00,4.580061288471143528e-03
7.630000000000000000e+02,0.000000000000000000e+00,4.559443805125697712e-03
7.640000000000000000e+02,0.000000000000000000e+00,4.542768237853890209e-03
7.650000000000000000e+02,0.000000000000000000e+00,4.534536884044021617e-03
7.660000000000000000e+02,0.000000000000000000e+00,4.527430285601649791e-03
7.670000000000000000e+02,0.000000000000000000e+00,4.515240560349515278e-03
7.680000000000000000e+02,0.000000000000000000e+00,4.499703434113925225e-03
7.690000000000000000e+02,0.000000000000000000e+00,4.486163137023986384e-03
7.700000000000000000e+02,0.000000000000000000e+00,4.476084017598142527e-03
7.710000000000000000e+02,0.000000000000000000e+00,4.466352546613740204e-03
7.720000000000000000e+02,0.000000000000000000e+00,4.454147362204919150e-03
7.730000000000000000e+02,0.000000000000000000e+00,4.440013995950665288e-03
7.740000000000000000e+02,0.000000000000000000e+00,4.427172210802414638e-03
7.750000000000000000e+02,0.000000000000000000e+00,4.417196468706393979e-03
7.760000000000000000e+02,0.000000000000000000e+00,4.408412107192748175e-03
7.770000000000000000e+02,0.000000000000000000e+00,4.398446668101794674e-03
7.780000000000000000e+02,0.000000000000000000e+00,4.386900581587478698e-03
7.790000000000000000e+02,0.000000000000000000e+00,4.375467486962571900e-03
7.800000000000000000e+02,0.000000000000000000e+00,4.365439986075666905e-03
7.810000000000000000e+02,0.000000000000000000e+00,4.356406628673788542e-03
7.820000000000000000e+02,0.000000000000000000e+00,4.346978218893147138e-03
7.830000000000000000e+02,0.000000000000000000e+00,4.336534375475901634e-03
7.840000000000000000e+02,0.000000000000000000e+00,4.325942182663518147e-03
7.850000000000000000e+02,0.000000000000000000e+00,4.316164341584645923e-03
7.860000000000000000e+02,0.000000000000000000e+00,4.307140362285801286e-03
7.870000000000000000e+02,0.000000000000000000e+00,4.298080062047567734e-03
7.880000000000000000e+02,0.000000000000000000e+00,4.288553166076102159e-03
7.890000000000000000e+02,0.000000000000000000e+00,4.278785301206794109e-03
7.900000000000000000e+02,0.000000000000000000e+00,4.269169620911659503e-03
7.910000000000000000e+02,0.000000000000000000e+00,4.259966447429586016e-03
7.920000000000000000e+02,0.000000000000000000e+00,4.251065808435604103e-03
7.930000000000000000e+02,0.000000000000000000e+00,4.242105701554463315e-03
7.940000000000000000e+02,0.000000000000000000e+00,4.232885303816328465e-03
7.950000000000000000e+02,0.000000000000000000e+00,4.223626079449078682e-03
7.960000000000000000e+02,0.000000000000000000e+00,4.214654438214436930e-03
7.970000000000000000e+02,0.000000000000000000e+00,4.205937246199627395e-03
7.980000000000000000e+02,0.000000000000000000e+00,4.197235534755980498e-03
7.990000000000000000e+02,0.000000000000000000e+00,4.188433051174179564e-03
8.000000000000000000e+02,0.000000000000000000e+00,4.179589876105248292e-03
8.010000000000000000e+02,0.000000000000000000e+00,4.170804517158356248e-03
8.020000000000000000e+02,0.000000000000000000e+00,4.162148541836108162e-03
8.030000000000000000e+02,0.000000000000000000e+00,4.153640153641318528e-03
8.040000000000000000e+02,0.000000000000000000e+00,4.145179595618519487e-03
8.050000000000000000e+02,0.000000000000000000e+00,4.136659185148637737e-03
8.060000000000000000e+02,0.000000000000000000e+00,4.128095404861016268e-03
8.070000000000000000e+02,0.000000000000000000e+00,4.119587759362195595e-03
8.080000000000000000e+02,0.000000000000000000e+00,4.111181802801459201e-03
8.090000000000000000e+02,0.000000000000000000e+00,4.102838329717333442e-03
8.100000000000000000e+02,0.000000000000000000e+00,4.094514206205178419e-03
8.110000000000000000e+02,0.000000000000000000e+00,4.086187779168455256e-03
8.120000000000000000e+02,0.000000000000000000e+00,4.077862670674407310e-03
8.130000000000000000e+02,0.000000000000000000e+00,4.069569178634187614e-03
8.140000000000000000e+02,0.000000000000000000e+00,4.061340543053660289e-03
8.150000000000000000e+02,0.000000000000000000e+00,4.053176976943555915e-03
8.160000000000000000e+02,0.000000000000000000e+00,4.045044615017080042e-03
8.170000000000000000e+02,0.000000000000000000e+00,4.036920564640850834e-03
8.180000000000000000e+02,0.000000000000000000e+00,4.028808296829892305e-03
8.190000000000000000e+02,0.000000000000000000e+00,4.020724724146094477e-03
8.200000000000000000e+02,0.000000000000000000e+00,4.012683129053684801e-03
8.210000000000000000e+02,0.000000000000000000e+00,4.004684640582528536e-03
8.220000000000000000e+02,0.000000000000000000e+00,3.996720330534644407e-03
8.230000000000000000e+02,0.000000000000000000e+00,3.988776931942323092e-03
8.240000000000000000e+02,0.000000000000000000e+00,3.980849393013285824e-03
8.250000000000000000e+02,0.000000000000000000e+00,3.972942386848771906e-03
8.260000000000000000e+02,0.000000000000000000e+00,3.965064968639176596e-03
8.270000000000000000e+02,0.000000000000000000e+00,3.957222804638436432e-03
8.280000000000000000e+02,0.000000000000000000e+00,3.949413112608590563e-03
8.290000000000000000e+02,0.000000000000000000e+00,3.941629232517323417e-03
8.300000000000000000e+02,0.000000000000000000e+00,3.933866565945845148e-03
8.310000000000000000e+02,0.000000000000000000e+00,3.926125737217161377e-03
8.320000000000000000e+02,0.000000000000000000e+00,3.918409324586543709e-03
8.330000000000000000e+02,0.000000000000000000e+00,3.910720123407788670e-03
8.340000000000000000e+02,0.000000000000000000e+00,3.903060346050837588e-03
8.350000000000000000e+02,0.000000000000000000e+00,3.895428779284513046e-03
8.360000000000000000e+02,0.000000000000000000e+00,3.887821683024758786e-03
8.370000000000000000e+02,0.000000000000000000e+00,3.880236429382470133e-03
8.380000000000000000e+02,0.000000000000000000e+00,3.872673683600636255e-03
8.390000000000000000e+02,0.000000000000000000e+00,3.865134793486319290e-03
8.400000000000000000e+02,0.000000000000000000e+00,3.857620425483878138e-03
8.410000000000000000e+02,0.000000000000000000e+00,3.850131469777079776e-03
8.420000000000000000e+02,0.000000000000000000e+00,3.842668043762169708e-03
8.430000000000000000e+02,0.000000000000000000e+00,3.835228751031216372e-03
8.440000000000000000e+02,0.000000000000000000e+00,3.827811960045430714e-03
8.450000000000000000e+02,0.000000000000000000e+00,3.820417616984866406e-03
8.460000000000000000e+02,0.000000000000000000e+00,3.813046311311453669e-03
8.470000000000000000e+02,0.000000000000000000e+00,3.805698185668686308e-03
8.480000000000000000e+02,0.000000000000000000e+00,3.798373488386076659e-03
8.490000000000000000e+02,0.000000000000000000e+00,3.791072491277169918e-03
8.500000000000000000e+02,0.000000000000000000e+00,3.783794837620885025e-03
8.510000000000000000e+02,0.000000000000000000e+00,3.776539634739776129e-03
8.520000000000000000e+02,0.000000000000000000e+00,3.769306493465197569e-03
8.530000000000000000e+02,0.000000000000000000e+00,3.762095511680372574e-03
8.540000000000000000e+02,0.000000000000000000e+00,3.754906717694815599e-03
8.550000000000000000e+02,0.000000000000000000e+00,3.747740163029687679e-03
8.560000000000000000e+02,0.000000000000000000e+00,3.740595997821746441e-03
8.570000000000000000e+02,0.000000000000000000e+00,3.733474200947418942e-03
8.580000000000000000e+02,0.000000000000000000e+00,3.726374394368629078e-03
8.590000000000000000e+02,0.000000000000000000e+00,3.719296230330518087e-03
8.600000000000000000e+02,0.000000000000000000e+00,3.712239565212250691e-03
8.610000000000000000e+02,0.000000000000000000e+00,3.705204318772115611e-03
8.620000000000000000e+02,0.000000000000000000e+00,3.698190448049548055e-03
8.630000000000000000e+02,0.000000000000000000e+00,3.691197969430230329e-03
8.640000000000000000e+02,0.000000000000000000e+00,3.684226896268258476e-03
8.650000000000000000e+02,0.000000000000000000e+00,3.677277116889490337e-03
8.660000000000000000e+02,0.000000000000000000e+00,3.670348459878936074e-03
8.670000000000000000e+02,0.000000000000000000e+00,3.663440772055273024e-03
8.680000000000000000e+02,0.000000000000000000e+00,3.656553929591510425e-03
8.690000000000000000e+02,0.000000000000000000e+00,3.649687840256750880e-03
8.700000000000000000e+02,0.000000000000000000e+00,3.642842435235276507e-03
8.710000000000000000e+02,0.000000000000000000e+00,3.636017668391181012e-03
8.720000000000000000e+02,0.000000000000000000e+00,3.629213492317776013e-03
8.730000000000000000e+02,0.000000000000000000e+00,3.622429843961825265e-03
8.740000000000000000e+02,0.000000000000000000e+00,3.615666634863378033e-03
8.750000000000000000e+02,0.000000000000000000e+00,3.608923762805542248e-03
8.760000000000000000e+02,0.000000000000000000e+00,3.602201134684586588e-03
8.770000000000000000e+02,0.000000000000000000e+00,3.595498654624328626e-03
8.780000000000000000e+02,0.000000000000000000e+00,3.588816227077692468e-03
8.790000000000000000e+02,0.000000000000000000e+00,3.582153776425906887e-03
8.800000000000000000e+02,0.000000000000000000e+00,3.575511246235517620e-03
8.810000000000000000e+02,0.000000000000000000e+00,3.568888576179835709e-03
8.820000000000000000e+02,0.000000000000000000e+00,3.562285693687282200e-03
8.830000000000000000e+02,0.000000000000000000e+00,3.555702534523684857e-03
8.840000000000000000e+02,0.000000000000000000e+00,3.549139029998385486e-03
8.850000000000000000e+02,0.000000000000000000e+00,3.542595099724308617e-03
8.860000000000000000e+02,0.000000000000000000e+00,3.536070663719662662e-03
8.870000000000000000e+02,0.000000000000000000e+00,3.529565654237662876e-03
8.880000000000000000e+02,0.000000000000000000e+00,3.523080005140675694e-03
8.890000000000000000e+02,0.000000000000000000e+00,3.516613642943762497e-03
8.900000000000000000e+02,0.000000000000000000e+00,3.510166503165336981e-03
8.910000000000000000e+02,0.000000000000000000e+00,3.503738525051390985e-03
8.920000000000000000e+02,0.000000000000000000e+00,3.497329645969701750e-03
8.930000000000000000e+02,0.000000000000000000e+00,3.490939798908057091e-03
8.940000000000000000e+02,0.000000000000000000e+00,3.484568922964176828e-03
8.950000000000000000e+02,0.000000000000000000e+00,3.478216956658047171e-03
8.960000000000000000e+02,0.000000000000000000e+00,3.471883833599120547e-03
8.970000000000000000e+02,0.000000000000000000e+00,3.465569488830005061e-03
8.980000000000000000e+02,0.000000000000000000e+00,3.459273860363096427e-03
8.990000000000000000e+02,0.000000000000000000e+00,3.452996887537070157e-03
9.000000000000000000e+02,0.000000000000000000e+00,3.446738507201696847e-03
9.010000000000000000e+02,0.000000000000000000e+00,3.440498660362845303e-03
9.020000000000000000e+02,0.000000000000000000e+00,3.434277288412096625e-03
9.030000000000000000e+02,0.000000000000000000e+00,3.428074333063461931e-03
9.040000000000000000e+02,0.000000000000000000e+00,3.421889735105838621e-03
9.050000000000000000e+02,0.000000000000000000e+00,3.415723437849322620e-03
9.060000000000000000e+02,0.000000000000000000e+00,3.409575384431415279e-03
9.070000000000000000e+02,0.000000000000000000e+00,3.403445517571275069e-03
9.080000000000000000e+02,0.000000000000000000e+00,3.397333780169211129e-03
9.090000000000000000e+02,0.000000000000000000e+00,3.391240115683400586e-03
9.100000000000000000e+02,0.000000000000000000e+00,3.385164467956919276e-03
9.110000000000000000e+02,0.000000000000000000e+00,3.379106780704182068e-03
9.120000000000000000e+02,0.000000000000000000e+00,3.373066999020933772e-03
9.130000000000000000e+02,0.000000000000000000e+00,3.367045068091953884e-03
9.140000000000000000e+02,0.000000000000000000e+00,3.361040934193495599e-03
9.150000000000000000e+02,0.000000000000000000e+00,3.355054543164150485e-03
9.160000000000000000e+02,0.000000000000000000e+00,3.349085842017008978e-03
9.170000000000000000e+02,0.000000000000000000e+00,3.343134777341901127e-03
9.180000000000000000e+02,0.000000000000000000e+00,3.337201296859498064e-03
9.190000000000000000e+02,0.000000000000000000e+00,3.331285347838323918e-03
9.200000000000000000e+02,0.000000000000000000e+00,3.325386878553778826e-03
9.210000000000000000e+02,0.000000000000000000e+00,3.319505837151906329e-03
9.220000000000000000e+02,0.000000000000000000e+00,3.313642172578369453e-03
9.230000000000000000e+02,0.000000000000000000e+00,3.307795833611346711e-03
9.240000000000000000e+02,0.000000000000000000e+00,3.301966769588797132e-03
9.250000000000000000e+02,0.000000000000000000e+00,3.296154930084530151e-03
9.260000000000000000e+02,0.000000000000000000e+00,3.290360264904770415e-03
9.270000000000000000e+02,0.000000000000000000e+00,3.284582724112906655e-03
9.280000000000000000e+02,0.000000000000000000e+00,3.278822258015498970e-03
9.290000000000000000e+02,0.000000000000000000e+00,3.273078817506004309e-03
9.300000000000000000e+02,0.000000000000000000e+00,3.267352353407187472e-03
9.310000000000000000e+02,0.000000000000000000e+00,3.261642817111097027e-03
9.320000000000000000e+02,0.000000000000000000e+00,3.255950159975597516e-03
9.330000000000000000e+02,0.000000000000000000e+00,3.250274333981649673e-03
9.340000000000000000e+02,0.000000000000000000e+00,3.244615290864952956e-03
9.350000000000000000e+02,0.000000000000000000e+00,3.238972983094696913e-03
9.360000000000000000e+02,0.000000000000000000e+00,3.233347362996024862e-03
9.370000000000000000e+02,0.000000000000000000e+00,3.227738383580740916e-03
9.380000000000000000e+02,0.000000000000000000e+00,3.222145997572297815e-03
9.390000000000000000e+02,0.000000000000000000e+00,3.216570158457877221e-03
9.400000000000000000e+02,0.000000000000000000e+00,3.211010819430995533e-03
9.410000000000000000e+02,0.000000000000000000e+00,3.205467934396799123e-03
9.420000000000000000e+02,0.000000000000000000e+00,3.199941456950243686e-03
9.430000000000000000e+02,0.000000000000000000e+00,3.194431341505157666e-03
9.440000000000000000e+02,0.000000000000000000e+00,3.188937542110814767e-03
9.450000000000000000e+02,0.000000000000000000e+00,3.183460013590450749e-03
9.460000000000000000e+02,0.000000000000000000e+00,3.177998710362197471e-03
9.470000000000000000e+02,0.000000000000000000e+00,3.172553587683558766e-03
9.480000000000000000e+02,0.000000000000000000e+00,3.167124600327120374e-03
9.490000000000000000e+02,0.000000000000000000e+00,3.161711703962352162e-03
9.500000000000000000e+02,0.000000000000000000e+00,3.156314853725103540e-03
9.510000000000000000e+02,0.000000000000000000e+00,3.150934005742276646e-03
9.520000000000000000e+02,0.000000000000000000e+00,3.145569115467986704e-03
9.530000000000000000e+02,0.000000000000000000e+00,3.140220139465388881e-03
9.540000000000000000e+02,0.000000000000000000e+00,3.134887033476299687e-03
9.550000000000000000e+02,0.000000000000000000e+00,3.129569754527191175e-03
9.560000000000000000e+02,0.000000000000000000e+00,3.124268258621005177e-03
9.570000000000000000e+02,0.000000000000000000e+00,3.118982503306950982e-03
9.580000000000000000e+02,0.000000000000000000e+00,3.113712444846898283e-03
9.590000000000000000e+02,0.000000000000000000e+00,3.108458041388854724e-03
9.600000000000000000e+02,0.000000000000000000e+00,3.103219249432812889e-03
9.610000000000000000e+02,0.000000000000000000e+00,3.097996027851100329e-03
9.620000000000000000e+02,0.000000000000000000e+00,3.092788333406549725e-03
9.630000000000000000e+02,0.000000000000000000e+00,3.087596125935971030e-03
9.640000000000000000e+02,0.000000000000000000e+00,3.082419362580683664e-03
9.650000000000000000e+02,0.000000000000000000e+00,3.077258004591664105e-03
9.660000000000000000e+02,0.000000000000000000e+00,3.072112009802130568e-03
9.670000000000000000e+02,0.000000000000000000e+00,3.066981341716187338e-03
9.680000000000000000e+02,0.000000000000000000e+00,3.061865959588474205e-03
9.690000000000000000e+02,0.000000000000000000e+00,3.056765830810118101e-03
9.700000000000000000e+02,0.000000000000000000e+00,3.051680917766656266e-03
9.710000000000000000e+02,0.000000000000000000e+00,3.046611195058086721e-03
9.720000000000000000e+02,0.000000000000000000e+00,3.041556632083480122e-03
9.730000000000000000e+02,0.000000000000000000e+00,3.036517217556281446e-03
9.740000000000000000e+02,0.000000000000000000e+00,3.031492936662931025e-03
9.750000000000000000e+02,0.000000000000000000e+00,3.026483806949398746e-03
9.760000000000000000e+02,0.000000000000000000e+00,3.021489849254377792e-03
9.770000000000000000e+02,0.000000000000000000e+00,3.016511142082081709e-03
9.780000000000000000e+02,0.000000000000000000e+00,3.011547787262092157e-03
9.790000000000000000e+02,0.000000000000000000e+00,3.006599995809637431e-03
9.800000000000000000e+02,0.000000000000000000e+00,3.001668055005180403e-03
9.810000000000000000e+02,0.000000000000000000e+00,2.996752470656084948e-03
9.820000000000000000e+02,0.000000000000000000e+00,2.991853958929186104e-03
9.830000000000000000e+02,0.000000000000000000e+00,2.986973694552294556e-03
9.840000000000000000e+02,0.000000000000000000e+00,2.982113397149507503e-03
9.850000000000000000e+02,0.000000000000000000e+00,2.977275785809271099e-03
9.860000000000000000e+02,0.000000000000000000e+00,2.972464958253611626e-03
9.870000000000000000e+02,0.000000000000000000e+00,2.967687253680677262e-03
9.880000000000000000e+02,0.000000000000000000e+00,2.962952484069089100e-03
9.890000000000000000e+02,0.000000000000000000e+00,2.958275587028725770e-03
9.900000000000000000e+02,0.000000000000000000e+00,2.953680307851518777e-03
9.910000000000000000e+02,0.000000000000000000e+00,2.949202229929896897e-03
9.920000000000000000e+02,0.000000000000000000e+00,2.944899600899047488e-03
9.930000000000000000e+02,0.000000000000000000e+00,2.940857956430223928e-03
9.940000000000000000e+02,0.000000000000000000e+00,2.937222360694561642e-03
9.950000000000000000e+02,0.000000000000000000e+00,2.934199484591167723e-03
9.960000000000000000e+02,0.000000000000000000e+00,2.932156362294090126e-03
9.970000000000000000e+02,0.000000000000000000e+00,2.931591114416208163e-03
9.980000000000000000e+02,0.000000000000000000e+00,2.933446211335196882e-03
9.990000000000000000e+02,0.000000000000000000e+00,2.938900260956634706e-03
1.000000000000000000e+03,0.000000000000000000e+00,2.950396243899961520e-03
1.001000000000000000e+03,0.000000000000000000e+00,1.989944697975717589e-03
1.002000000000000000e+03,0.000000000000000000e+00,1.946446689470736043e-03
1.003000000000000000e+03,0.000000000000000000e+00,1.914220970899884041e-03
1.004000000000000000e+03,0.000000000000000000e+00,1.883987069070249465e-03
1.005000000000000000e+03,0.000000000000000000e+00,1.876300480942353667e-03
1.006000000000000000e+03,0.000000000000000000e+00,1.867494003819821337e-03
1.007000000000000000e+03,0.000000000000000000e+00,1.869841152838871891e-03
1.008000000000000000e+03,0.000000000000000000e+00,1.866565234223812372e-03
1.009000000000000000e+03,0.000000000000000000e+00,1.867710821885431314e-03
1.010000000000000000e+03,0.000000000000000000e+00,1.884576545818518207e-03
1.011000000000000000e+03,0.000000000000000000e+00,1.913578413188409683e-03
1.012000000000000000e+03,0.000000000000000000e+00,1.967225657989503558e-03
1.013000000000000000e+03,0.000000000000000000e+00,2.031657714310705284e-03
1.014000000000000000e+03,0.000000000000000000e+00,2.129876781911352671e-03
1.015000000000000000e+03,0.000000000000000000e+00,2.244308668936057134e-03
1.016000000000000000e+03,0.000000000000000000e+00,2.409808120979424657e-03
1.017000000000000000e+03,0.000000000000000000e+00,2.572688998032635326e-03
1.018000000000000000e+03,0.000000000000000000e+00,2.757973381022743673e-03
1.019000000000000000e+03,0.000000000000000000e+00,2.827143418349106502e-03
1.020000000000000000e+03,0.000000000000000000e+00,2.808446716674298498e-03
1.021000000000000000e+03,0.000000000000000000e+00,2.567465703461203463e-03
1.022000000000000000e+03,0.000000000000000000e+00,2.239933769884046213e-03
1.023000000000000000e+03,0.000000000000000000e+00,1.901694523582523905e-03
1.024000000000000000e+03,0.000000000000000000e+00,1.710159926785841805e-03
1.025000000000000000e+03,0.000000000000000000e+00,1.708524241433452984e-03
1.026000000000000000e+03,0.000000000000000000e+00,1.843253795057814498e-03
1.027000000000000000e+03,0.000000000000000000e+00,1.999973085784614597e-03
1.028000000000000000e+03,0.000000000000000000e+00,2.061064069755083692e-03
1.029000000000000000e+03,0.000000000000000000e+00,2.003404806421044820e-03
1.030000000000000000e+03,0.000000000000000000e+00,1.852320992945736015e-03
1.031000000000000000e+03,0.000000000000000000e+00,1.713713963364175714e-03
1.032000000000000000e+03,0.000000000000000000e+00,1.657433851101937881e-03
1.033000000000000000e+03,0.000000000000000000e+00,1.694361143176154440e-03
1.034000000000000000e+03,0.000000000000000000e+00,1.771973019399127741e-03
1.035000000000000000e+03,0.000000000000000000e+00,1.819831026609545783e-03
1.036000000000000000e+03,0.000000000000000000e+00,1.804835759803448316e-03
1.037000000000000000e+03,0.000000000000000000e+00,1.735884356922181952e-03
1.038000000000000000e+03,0.000000000000000000e+00,1.665692791520902724e-03
1.039000000000000000e+03,0.000000000000000000e+00,1.635020029578410517e-03
1.040000000000000000e+03,0.000000000000000000e+00,1.651886913478266532e-03
1.041000000000000000e+03,0.000000000000000000e+00,1.688637919354141204e-03
1.042000000000000000e+03,0.000000000000000000e+00,1.708639318059663754e-03
1.043000000000000000e+03,0.000000000000000000e+00,1.695923802661756727e-03
1.044000000000000000e+03,0.000000000000000000e+00,1.659534978205126545e-03
1.045000000000000000e+03,0.000000000000000000e+00,1.626755864305332294e-03
1.046000000000000000e+03,0.000000000000000000e+00,1.616258274493105303e-03
1.047000000000000000e+03,0.000000000000000000e+00,1.627567304678243041e-03
1.048000000000000000e+03,0.000000000000000000e+00,1.644082389146519531e-03
1.049000000000000000e+03,0.000000000000000000e+00,1.648636135594031210e-03
1.050000000000000000e+03,0.000000000000000000e+00,1.636864978980716616e-03
1.051000000000000000e+03,0.000000000000000000e+00,1.616868249815161867e-03
1.052000000000000000e+03,0.000000000000000000e+00,1.602154624845948151e-03
1.053000000000000000e+03,0.000000000000000000e+00,1.599557002950356688e-03
1.054000000000000000e+03,0.000000000000000000e+00,1.605924649756458383e-03
1.055000000000000000e+03,0.000000000000000000e+00,1.612021483172065449e-03
1.056000000000000000e+03,0.000000000000000000e+00,1.610673915314362464e-03
1.057000000000000000e+03,0.000000000000000000e+00,1.601910958461606315e-03
1.058000000000000000e+03,0.000000000000000000e+00,1.591165713084215011e-03
1.059000000000000000e+03,0.000000000000000000e+00,1.584588665775397542e-03
1.060000000000000000e+03,0.000000000000000000e+00,1.584023978824081191e-03
1.061000000000000000e+03,0.000000000000000000e+00,1.586612862882429186e-03
1.062000000000000000e+03,0.000000000000000000e+00,1.587685666878717967e-03
1.063000000000000000e+03,0.000000000000000000e+00,1.584659987112745257e-03
1.064000000000000000e+03,0.000000000000000000e+00,1.578628756297550950e-03
1.065000000000000000e+03,0.000000000000000000e+00,1.572721951723638715e-03
1.066000000000000000e+03,0.000000000000000000e+00,1.569480960945400343e-03
1.067000000000000000e+03,0.000000000000000000e+00,1.568976374469826379e-03
1.068000000000000000e+03,0.000000000000000000e+00,1.569293018601457214e-03
1.069000000000000000e+03,0.000000000000000000e+00,1.568277465413208272e-03
1.070000000000000000e+03,0.000000000000000000e+00,1.565222758746538916e-03
1.071000000000000000e+03,0.000000000000000000e+00,1.561121976974531173e-03
1.072000000000000000e+03,0.000000000000000000e+00,1.557567447178342685e-03
1.073000000000000000e+03,0.000000000000000000e+00,1.555482869608617929e-03
1.074000000000000000e+03,0.000000000000000000e+00,1.554528484334470649e-03
1.075000000000000000e+03,0.000000000000000000e+00,1.553623537493463869e-03
1.076000000000000000e+03,0.000000000000000000e+00,1.551863928287992595e-03
1.077000000000000000e+03,0.000000000000000000e+00,1.549181203852171857e-03
1.078000000000000000e+03,0.000000000000000000e+00,1.546227811097140685e-03
1.079000000000000000e+03,0.000000000000000000e+00,1.543746243444174028e-03
1.080000000000000000e+03,0.000000000000000000e+00,1.542009663553093983e-03
1.081000000000000000e+03,0.000000000000000000e+00,1.540692232580356423e-03
1.082000000000000000e+03,0.000000000000000000e+00,1.539238397467840823e-03
1.083000000000000000e+03,0.000000000000000000e+00,1.537305755251602239e-03
1.084000000000000000e+03,0.000000000000000000e+00,1.534990965770370759e-03
1.085000000000000000e+03,0.000000000000000000e+00,1.532668027721547548e-03
1.086000000000000000e+03,0.000000000000000000e+00,1.530655135269129788e-03
1.087000000000000000e+03,0.000000000000000000e+00,1.528992858539283354e-03
1.088000000000000000e+03,0.000000000000000000e+00,1.527459686903342474e-03
1.089000000000000000e+03,0.000000000000000000e+00,1.525793744088259872e-03
1.090000000000000000e+03,0.000000000000000000e+00,1.523887826447711293e-03
1.091000000000000000e+03,0.000000000000000000e+00,1.521845899348210455e-03
1.092000000000000000e+03,0.000000000000000000e+00,1.519861706895432336e-03
1.093000000000000000e+03,0.000000000000000000e+00,1.518056978312045139e-03
1.094000000000000000e+03,0.000000000000000000e+00,1.516405902629513417e-03
1.095000000000000000e+03,0.000000000000000000e+00,1.514778523589720670e-03
1.096000000000000000e+03,0.000000000000000000e+00,1.513061404617185250e-03
1.097000000000000000e+03,0.000000000000000000e+00,1.511235259626095891e-03
1.098000000000000000e+03,0.000000000000000000e+00,1.509374516692202437e-03
1.099000000000000000e+03,0.000000000000000000e+00,1.507571858103471394e-03
1.100000000000000000e+03,0.000000000000000000e+00,1.505865463066044388e-03
1.101000000000000000e+03,0.000000000000000000e+00,1.504221519844223254e-03
1.102000000000000000e+03,0.000000000000000000e+00,1.502570949700216419e-03
1.103000000000000000e+03,0.000000000000000000e+00,1.500870085901081889e-03
1.104000000000000000e+03,0.000000000000000000e+00,1.499126619538571851e-03
1.105000000000000000e+03,0.000000000000000000e+00,1.497385485981723562e-03
1.106000000000000000e+03,0.000000000000000000e+00,1.495686891842511494e-03
1.107000000000000000e+03,0.000000000000000000e+00,1.494036985123055414e-03
1.108000000000000000e+03,0.000000000000000000e+00,1.492410164572644145e-03
1.109000000000000000e+03,0.000000000000000000e+00,1.490773120004211354e-03
1.110000000000000000e+03,0.000000000000000000e+00,1.489112596919811874e-03
1.111000000000000000e+03,0.000000000000000000e+00,1.487440578716010906e-03
1.112000000000000000e+03,0.000000000000000000e+00,1.485781135877478360e-03
1.113000000000000000e+03,0.000000000000000000e+00,1.484149333148794070e-03
1.114000000000000000e+03,0.000000000000000000e+00,1.482541449782219479e-03
1.115000000000000000e+03,0.000000000000000000e+00,1.480941659048251244e-03
1.116000000000000000e+03,0.000000000000000000e+00,1.479335620273573414e-03
1.117000000000000000e+03,0.000000000000000000e+00,1.477721715700506437e-03
1.118000000000000000e+03,0.000000000000000000e+00,1.476109295432061165e-03
1.119000000000000000e+03,0.000000000000000000e+00,1.474509805806729218e-03
1.120000000000000000e+03,0.000000000000000000e+00,1.472927373939914367e-03
1.121000000000000000e+03,0.000000000000000000e+00,1.471356935020101762e-03
1.122000000000000000e+03,0.000000000000000000e+00,1.469790029899525896e-03
1.123000000000000000e+03,0.000000000000000000e+00,1.468221541010499443e-03
1.124000000000000000e+03,0.000000000000000000e+00,1.466653325092923555e-03
1.125000000000000000e+03,0.000000000000000000e+00,1.465091130142717312e-03
1.126000000000000000e+03,0.000000000000000000e+00,1.463539567374216865e-03
1.127000000000000000e+03,0.000000000000000000e+00,1.461998638512481980e-03
1.128000000000000000e+03,0.000000000000000000e+00,1.460464505294363719e-03
1.129000000000000000e+03,0.000000000000000000e+00,1.458933283780175505e-03
1.130000000000000000e+03,0.000000000000000000e+00,1.457403825957951033e-03
1.131000000000000000e+03,0.000000000000000000e+00,1.455878270557626076e-03
1.132000000000000000e+03,0.000000000000000000e+00,1.454359563503511985e-03
1.133000000000000000e+03,0.000000000000000000e+00,1.452849051919580595e-03
1.134000000000000000e+03,0.000000000000000000e+00,1.451345676695381306e-03
1.135000000000000000e+03,0.000000000000000000e+00,1.449847174503088179e-03
1.136000000000000000e+03,0.000000000000000000e+00,1.448352136770181091e-03
1.137000000000000000e+03,0.000000000000000000e+00,1.446860804397883489e-03
1.138000000000000000e+03,0.000000000000000000e+00,1.445374650973482288e-03
1.139000000000000000e+03,0.000000000000000000e+00,1.443894873085915451e-03
1.140000000000000000e+03,0.000000000000000000e+00,1.442421494062415266e-03
1.141000000000000000e+03,0.000000000000000000e+00,1.440953536684083484e-03
1.142000000000000000e+03,0.000000000000000000e+00,1.439489918803486378e-03
1.143000000000000000e+03,0.000000000000000000e+00,1.438030365850133906e-03
1.144000000000000000e+03,0.000000000000000000e+00,1.436575378917134913e-03
1.145000000000000000e+03,0.000000000000000000e+00,1.435125720898030709e-03
1.146000000000000000e+03,0.000000000000000000e+00,1.433681687738598727e-03
1.147000000000000000e+03,0.000000000000000000e+00,1.432242939625684788e-03
1.148000000000000000e+03,0.000000000000000000e+00,1.430808877765657461e-03
1.149000000000000000e+03,0.000000000000000000e+00,1.429379117830873900e-03
1.150000000000000000e+03,0.000000000000000000e+00,1.427953773415356533e-03
1.151000000000000000e+03,0.000000000000000000e+00,1.426533203853431759e-03
1.152000000000000000e+03,0.000000000000000000e+00,1.425117680582766409e-03
1.153000000000000000e+03,0.000000000000000000e+00,1.423707138902538310e-03
1.154000000000000000e+03,0.000000000000000000e+00,1.422301266700671477e-03
1.155000000000000000e+03,0.000000000000000000e+00,1.420899795031563143e-03
1.156000000000000000e+03,0.000000000000000000e+00,1.419502662852782648e-03
1.157000000000000000e+03,0.000000000000000000e+00,1.418110028698283103e-03
1.158000000000000000e+03,0.000000000000000000e+00,1.416722052447037849e-03
1.159000000000000000e+03,0.000000000000000000e+00,1.415338752692963872e-03
1.160000000000000000e+03,0.000000000000000000e+00,1.413959988556854870e-03
1.161000000000000000e+03,0.000000000000000000e+00,1.412585577386629015e-03
1.162000000000000000e+03,0.000000000000000000e+00,1.411215444258145631e-03
1.163000000000000000e+03,0.000000000000000000e+00,1.409849625505824348e-03
1.164000000000000000e+03,0.000000000000000000e+00,1.408488209070836873e-03
1.165000000000000000e+03,0.000000000000000000e+00,1.407131217299860664e-03
1.166000000000000000e+03,0.000000000000000000e+00,1.405778582915803623e-03
1.167000000000000000e+03,0.000000000000000000e+00,1.404430201299893769e-03
1.168000000000000000e+03,0.000000000000000000e+00,1.403085997438203092e-03
1.169000000000000000e+03,0.000000000000000000e+00,1.401745972128956574e-03
1.170000000000000000e+03,0.000000000000000000e+00,1.400410155707089953e-03
1.171000000000000000e+03,0.000000000000000000e+00,1.399078562987609436e-03
1.172000000000000000e+03,0.000000000000000000e+00,1.397751157888683926e-03
1.173000000000000000e+03,0.000000000000000000e+00,1.396427873127320009e-03
1.174000000000000000e+03,0.000000000000000000e+00,1.395108656561549641e-03
1.175000000000000000e+03,0.000000000000000000e+00,1.393793487140999139e-03
1.176000000000000000e+03,0.000000000000000000e+00,1.392482373524914566e-03
1.177000000000000000e+03,0.000000000000000000e+00,1.391175315273840809e-03
1.178000000000000000e+03,0.000000000000000000e+00,1.389872288145687544e-03
1.179000000000000000e+03,0.000000000000000000e+00,1.388573249229198194e-03
1.180000000000000000e+03,0.000000000000000000e+00,1.387278156617402459e-03
1.181000000000000000e+03,0.000000000000000000e+00,1.385986990182752274e-03
1.182000000000000000e+03,0.000000000000000000e+00,1.384699741835125316e-03
1.183000000000000000e+03,0.000000000000000000e+00,1.383416405008643319e-03
1.184000000000000000e+03,0.000000000000000000e+00,1.382136958768734282e-03
1.185000000000000000e+03,0.000000000000000000e+00,1.380861370946934131e-03
1.186000000000000000e+03,0.000000000000000000e+00,1.379589611358110045e-03
1.187000000000000000e+03,0.000000000000000000e+00,1.378321657726104326e-03
1.188000000000000000e+03,0.000000000000000000e+00,1.377057498602174846e-03
1.189000000000000000e+03,0.000000000000000000e+00,1.375797121012588622e-03
1.190000000000000000e+03,0.000000000000000000e+00,1.374540506055696529e-03
1.191000000000000000e+03,0.000000000000000000e+00,1.373287628706718576e-03
1.192000000000000000e+03,0.000000000000000000e+00,1.372038463301390211e-03
1.193000000000000000e+03,0.000000000000000000e+00,1.370792990935738431e-03
1.194000000000000000e+03,0.000000000000000000e+00,1.369551196224049264e-03
1.195000000000000000e+03,0.000000000000000000e+00,1.368313065042886783e-03
1.196000000000000000e+03,0.000000000000000000e+00,1.367078578984539002e-03
1.197000000000000000e+03,0.000000000000000000e+00,1.365847716351111353e-03
1.198000000000000000e+03,0.000000000000000000e+00,1.364620456349021488e-03
1.199000000000000000e+03,0.000000000000000000e+00,1.363396780429835349e-03
1.200000000000000000e+03,0.000000000000000000e+00,1.362176673674293965e-03
1.201000000000000000e+03,0.000000000000000000e+00,1.360960120389009776e-03
1.202000000000000000e+03,0.000000000000000000e+00,1.359747103164178498e-03
1.203000000000000000e+03,0.000000000000000000e+00,1.358537603072742725e-03
1.204000000000000000e+03,0.000000000000000000e+00,1.357331601242986636e-03
1.205000000000000000e+03,0.000000000000000000e+00,1.356129081302535639e-03
1.206000000000000000e+03,0.000000000000000000e+00,1.354930027642533077e-03
1.207000000000000000e+03,0.000000000000000000e+00,1.353734424941997055e-03
1.208000000000000000e+03,0.000000000000000000e+00,1.352542256557855670e-03
1.209000000000000000e+03,0.000000000000000000e+00,1.351353505090334157e-03
1.210000000000000000e+03,0.000000000000000000e+00,1.350168153980745587e-03
1.211000000000000000e+03,0.000000000000000000e+00,1.348986187360693952e-03
1.212000000000000000e+03,0.000000000000000000e+00,1.347807590460635809e-03
1.213000000000000000e+03,0.000000000000000000e+00,1.346632348038374546e-03
1.214000000000000000e+03,0.000000000000000000e+00,1.345460444365197562e-03
1.215000000000000000e+03,0.000000000000000000e+00,1.344291863644864454e-03
1.216000000000000000e+03,0.000000000000000000e+00,1.343126590295421960e-03
1.217000000000000000e+03,0.000000000000000000e+00,1.341964609719616987e-03
1.218000000000000000e+03,0.000000000000000000e+00,1.340805907371305297e-03
1.219000000000000000e+03,0.000000000000000000e+00,1.339650468707391431e-03
1.220000000000000000e+03,0.000000000000000000e+00,1.338498278919842332e-03
1.221000000000000000e+03,0.000000000000000000e+00,1.337349323149585479e-03
1.222000000000000000e+03,0.000000000000000000e+00,1.336203587122361796e-03
1.223000000000000000e+03,0.000000000000000000e+00,1.335061056752716042e-03
1.224000000000000000e+03,0.000000000000000000e+00,1.333921718252705640e-03
1.225000000000000000e+03,0.000000000000000000e+00,1.332785557668089401e-03
1.226000000000000000e+03,0.000000000000000000e+00,1.331652560969560093e-03
1.227000000000000000e+03,0.000000000000000000e+00,1.330522714398584775e-03
1.228000000000000000e+03,0.000000000000000000e+00,1.329396004349573919e-03
1.229000000000000000e+03,0.000000000000000000e+00,1.328272417579561991e-03
1.230000000000000000e+03,0.000000000000000000e+00,1.327151940807161281e-03
1.231000000000000000e+03,0.000000000000000000e+00,1.326034560755947559e-03
1.232000000000000000e+03,0.000000000000000000e+00,1.324920264259601228e-03
1.233000000000000000e+03,0.000000000000000000e+00,1.323809038246314979e-03
1.234000000000000000e+03,0.000000000000000000e+00,1.322700869956189556e-03
1.235000000000000000e+03,0.000000000000000000e+00,1.321595746667467066e-03
1.236000000000000000e+03,0.000000000000000000e+00,1.320493655741463573e-03
1.237000000000000000e+03,0.000000000000000000e+00,1.319394584594220897e-03
1.238000000000000000e+03,0.000000000000000000e+00,1.318298520706591426e-03
1.239000000000000000e+03,0.000000000000000000e+00,1.317205451792824184e-03
1.240000000000000000e+03,0.000000000000000000e+00,1.316115365634591911e-03
1.241000000000000000e+03,0.000000000000000000e+00,1.315028250139639891e-03
1.242000000000000000e+03,0.000000000000000000e+00,1.313944093262820042e-03
1.243000000000000000e+03,0.000000000000000000e+00,1.312862883019211063e-03
1.244000000000000000e+03,0.000000000000000000e+00,1.311784607592757657e-03
1.245000000000000000e+03,0.000000000000000000e+00,1.310709255240748638e-03
1.246000000000000000e+03,0.000000000000000000e+00,1.309636814357421431e-03
1.247000000000000000e+03,0.000000000000000000e+00,1.308567273390076483e-03
1.248000000000000000e+03,0.000000000000000000e+00,1.307500620852553030e-03
1.249000000000000000e+03,0.000000000000000000e+00,1.306436845384837449e-03
1.250000000000000000e+03,0.000000000000000000e+00,1.305375935698312780e-03
1.251000000000000000e+03,0.000000000000000000e+00,1.866335816886750950e-03
1.252000000000000000e+03,0.000000000000000000e+00,1.865804338616671582e-03
1.253000000000000000e+03,0.000000000000000000e+00,1.863526742997371642e-03
1.254000000000000000e+03,0.000000000000000000e+00,1.849469440943226663e-03
1.255000000000000000e+03,0.000000000000000000e+00,1.835993534022415654e-03
1.256000000000000000e+03,0.000000000000000000e+00,1.830638049132683699e-03
1.257000000000000000e+03,0.000000000000000000e+00,1.833516287420987496e-03
1.258000000000000000e+03,0.000000000000000000e+00,1.830045618123731649e-03
1.259000000000000000e+03,0.000000000000000000e+00,1.817229381441868175e-03
1.260000000000000000e+03,0.000000000000000000e+00,1.810176099969344581e-03
1.261000000000000000e+03,0.000000000000000000e+00,1.809703811293666325e-03
1.262000000000000000e+03,0.000000000000000000e+00,1.809608686943683454e-03
1.263000000000000000e+03,0.000000000000000000e+00,1.803235087828589491e-03
1.264000000000000000e+03,0.000000000000000000e+00,1.795898772519888970e-03
1.265000000000000000e+03,0.000000000000000000e+00,1.793017616629034123e-03
1.266000000000000000e+03,0.000000000000000000e+00,1.791619155546000496e-03
1.267000000000000000e+03,0.000000000000000000e+00,1.789473864837854734e-03
1.268000000000000000e+03,0.000000000000000000e+00,1.784372919699932745e-03
1.269000000000000000e+03,0.000000000000000000e+00,1.779915096549566922e-03
1.270000000000000000e+03,0.000000000000000000e+00,1.777839878714551018e-03
1.271000000000000000e+03,0.000000000000000000e+00,1.776083192170484085e-03
1.272000000000000000e+03,0.000000000000000000e+00,1.772717159595570743e-03
1.273000000000000000e+03,0.000000000000000000e+00,1.767953845440588473e-03
1.274000000000000000e+03,0.000000000000000000e+00,1.765483218533211909e-03
1.275000000000000000e+03,0.000000000000000000e+00,1.764437265589248504e-03
1.276000000000000000e+03,0.000000000000000000e+00,1.762180891863647514e-03
1.277000000000000000e+03,0.000000000000000000e+00,1.758664625052881476e-03
1.278000000000000000e+03,0.000000000000000000e+00,1.755744782957478854e-03
1.279000000000000000e+03,0.000000000000000000e+00,1.754354864132960353e-03
1.280000000000000000e+03,0.000000000000000000e+00,1.752454815173286806e-03
1.281000000000000000e+03,0.000000000000000000e+00,1.749747933110024642e-03
1.282000000000000000e+03,0.000000000000000000e+00,1.747285748404461998e-03
1.283000000000000000e+03,0.000000000000000000e+00,1.745451712235200799e-03
1.284000000000000000e+03,0.000000000000000000e+00,1.743698518122370218e-03
1.285000000000000000e+03,0.000000000000000000e+00,1.741328671405107829e-03
1.286000000000000000e+03,0.000000000000000000e+00,1.738985059977399099e-03
1.287000000000000000e+03,0.000000000000000000e+00,1.736977587409674947e-03
1.288000000000000000e+03,0.000000000000000000e+00,1.735173180583584988e-03
1.289000000000000000e+03,0.000000000000000000e+00,1.733270947206294165e-03
1.290000000000000000e+03,0.000000000000000000e+00,1.731124095727785842e-03
1.291000000000000000e+03,0.000000000000000000e+00,1.729138063494644077e-03
1.292000000000000000e+03,0.000000000000000000e+00,1.727343500809703928e-03
1.293000000000000000e+03,0.000000000000000000e+00,1.725587575642231796e-03
1.294000000000000000e+03,0.000000000000000000e+00,1.723675190055602366e-03
1.295000000000000000e+03,0.000000000000000000e+00,1.721716239330095760e-03
1.296000000000000000e+03,0.000000000000000000e+00,1.719971517563768362e-03
1.297000000000000000e+03,0.000000000000000000e+00,1.718257431039599790e-03
1.298000000000000000e+03,0.000000000000000000e+00,1.716440936967743693e-03
1.299000000000000000e+03,0.000000000000000000e+00,1.714589851684962009e-03
1.300000000000000000e+03,0.000000000000000000e+00,1.712870885557352726e-03
1.301000000000000000e+03,0.000000000000000000e+00,1.711237059362916060e-03
1.302000000000000000e+03,0.000000000000000000e+00,1.709496202248858522e-03
1.303000000000000000e+03,0.000000000000000000e+00,1.707729593144801349e-03
1.304000000000000000e+03,0.000000000000000000e+00,1.706038639815322683e-03
1.305000000000000000e+03,0.000000000000000000e+00,1.704406100923903673e-03
1.306000000000000000e+03,0.000000000000000000e+00,1.702743078904975487e-03
1.307000000000000000e+03,0.000000000000000000e+00,1.701048761356903230e-03
1.308000000000000000e+03,0.000000000000000000e+00,1.699411985734129802e-03
1.309000000000000000e+03,0.000000000000000000e+00,1.697800435570116610e-03
1.310000000000000000e+03,0.000000000000000000e+00,1.696170127352958790e-03
1.311000000000000000e+03,0.000000000000000000e+00,1.694525824702144143e-03
1.312000000000000000e+03,0.000000000000000000e+00,1.692904575522192253e-03
1.313000000000000000e+03,0.000000000000000000e+00,1.691318715388300930e-03
1.314000000000000000e+03,0.000000000000000000e+00,1.689727286570571769e-03
1.315000000000000000e+03,0.000000000000000000e+00,1.688133368168933789e-03
1.316000000000000000e+03,0.000000000000000000e+00,1.686553419567194713e-03
1.317000000000000000e+03,0.000000000000000000e+00,1.684993607283814246e-03
1.318000000000000000e+03,0.000000000000000000e+00,1.683443061137356858e-03
1.319000000000000000e+03,0.000000000000000000e+00,1.681886538791280963e-03
1.320000000000000000e+03,0.000000000000000000e+00,1.680340257215182966e-03
1.321000000000000000e+03,0.000000000000000000e+00,1.678808854977047009e-03
1.322000000000000000e+03,0.000000000000000000e+00,1.677284405146220632e-03
1.323000000000000000e+03,0.000000000000000000e+00,1.675759525824640096e-03
1.324000000000000000e+03,0.000000000000000000e+00,1.674238599983458517e-03
1.325000000000000000e+03,0.000000000000000000e+00,1.672734110764782052e-03
1.326000000000000000e+03,0.000000000000000000e+00,1.671237020421085726e-03
1.327000000000000000e+03,0.000000000000000000e+00,1.669739743763195075e-03
1.328000000000000000e+03,0.000000000000000000e+00,1.668247033155541119e-03
1.329000000000000000e+03,0.000000000000000000e+00,1.666764792805524621e-03
1.330000000000000000e+03,0.000000000000000000e+00,1.665290693756205521e-03
1.331000000000000000e+03,0.000000000000000000e+00,1.663816836037617427e-03
1.332000000000000000e+03,0.000000000000000000e+00,1.662348482028628725e-03
1.333000000000000000e+03,0.000000000000000000e+00,1.660890573403678207e-03
1.334000000000000000e+03,0.000000000000000000e+00,1.659438613601731984e-03
1.335000000000000000e+03,0.000000000000000000e+00,1.657988912313381521e-03
1.336000000000000000e+03,0.000000000000000000e+00,1.656543629871453944e-03
1.337000000000000000e+03,0.000000000000000000e+00,1.655107203454021705e-03
1.338000000000000000e+03,0.000000000000000000e+00,1.653676328484939093e-03
1.339000000000000000e+03,0.000000000000000000e+00,1.652247946854439606e-03
1.340000000000000000e+03,0.000000000000000000e+00,1.650824965969819062e-03
1.341000000000000000e+03,0.000000000000000000e+00,1.649408764742307017e-03
1.342000000000000000e+03,0.000000000000000000e+00,1.647997552982573147e-03
1.343000000000000000e+03,0.000000000000000000e+00,1.646589449449694211e-03
1.344000000000000000e+03,0.000000000000000000e+00,1.645186414617381531e-03
1.345000000000000000e+03,0.000000000000000000e+00,1.643789764884395939e-03
1.346000000000000000e+03,0.000000000000000000e+00,1.642397470620513564e-03
1.347000000000000000e+03,0.000000000000000000e+00,1.641009046092545710e-03
1.348000000000000000e+03,0.000000000000000000e+00,1.639625559692364310e-03
1.349000000000000000e+03,0.000000000000000000e+00,1.638247476343540794e-03
1.350000000000000000e+03,0.000000000000000000e+00,1.636873759965912093e-03
1.351000000000000000e+03,0.000000000000000000e+00,1.635503957019724492e-03
1.352000000000000000e+03,0.000000000000000000e+00,1.634139073812976078e-03
1.353000000000000000e+03,0.000000000000000000e+00,1.632778946509529702e-03
1.354000000000000000e+03,0.000000000000000000e+00,1.631422884753135549e-03
1.355000000000000000e+03,0.000000000000000000e+00,1.630070948989870367e-03
1.356000000000000000e+03,0.000000000000000000e+00,1.628723549231403302e-03
1.357000000000000000e+03,0.000000000000000000e+00,1.627380650752936666e-03
1.358000000000000000e+03,0.000000000000000000e+00,1.626041749923719856e-03
1.359000000000000000e+03,0.000000000000000000e+00,1.624707024598450421e-03
1.360000000000000000e+03,0.000000000000000000e+00,1.623376698625768290e-03
1.361000000000000000e+03,0.000000000000000000e+00,1.622050471828018377e-03
1.362000000000000000e+03,0.000000000000000000e+00,1.620728203496478882e-03
1.363000000000000000e+03,0.000000000000000000e+00,1.619410020572338918e-03
1.364000000000000000e+03,0.000000000000000000e+00,1.618096030790214636e-03
1.365000000000000000e+03,0.000000000000000000e+00,1.616786010962197777e-03
1.366000000000000000e+03,0.000000000000000000e+00,1.615479858652893756e-03
1.367000000000000000e+03,0.000000000000000000e+00,1.614177753535547171e-03
1.368000000000000000e+03,0.000000000000000000e+00,1.612879629857439864e-03
1.369000000000000000e+03,0.000000000000000000e+00,1.611585328373158757e-03
1.370000000000000000e+03,0.000000000000000000e+00,1.610294851173435515e-03
1.371000000000000000e+03,0.000000000000000000e+00,1.609008282161312206e-03
1.372000000000000000e+03,0.000000000000000000e+00,1.607725568863557991e-03
1.373000000000000000e+03,0.000000000000000000e+00,1.606446568945850157e-03
1.374000000000000000e+03,0.000000000000000000e+00,1.605171327317747414e-03
1.375000000000000000e+03,0.000000000000000000e+00,1.603899887695565052e-03
1.376000000000000000e+03,0.000000000000000000e+00,1.602632160924625723e-03
1.377000000000000000e+03,0.000000000000000000e+00,1.601368093684831309e-03
1.378000000000000000e+03,0.000000000000000000e+00,1.600107706269639045e-03
1.379000000000000000e+03,0.000000000000000000e+00,1.598851004849002151e-03
1.380000000000000000e+03,0.000000000000000000e+00,1.597597915017666750e-03
1.381000000000000000e+03,0.000000000000000000e+00,1.596348402603436304e-03
1.382000000000000000e+03,0.000000000000000000e+00,1.595102494982284479e-03
1.383000000000000000e+03,0.000000000000000000e+00,1.593860161345385731e-03
1.384000000000000000e+03,0.000000000000000000e+00,1.592621356533074125e-03
1.385000000000000000e+03,0.000000000000000000e+00,1.591386071526348618e-03
1.386000000000000000e+03,0.000000000000000000e+00,1.590154302292739975e-03
1.387000000000000000e+03,0.000000000000000000e+00,1.588926017273224137e-03
1.388000000000000000e+03,0.000000000000000000e+00,1.587701182631396941e-03
1.389000000000000000e+03,0.000000000000000000e+00,1.586479798723783091e-03
1.390000000000000000e+03,0.000000000000000000e+00,1.585261850716025971e-03
1.391000000000000000e+03,0.000000000000000000e+00,1.584047304623085106e-03
1.392000000000000000e+03,0.000000000000000000e+00,1.582836147766913081e-03
1.393000000000000000e+03,0.000000000000000000e+00,1.581628371991744986e-03
1.394000000000000000e+03,0.000000000000000000e+00,1.580423955520013661e-03
1.395000000000000000e+03,0.000000000000000000e+00,1.579222873139349802e-03
1.396000000000000000e+03,0.000000000000000000e+00,1.578025114487117530e-03
1.397000000000000000e+03,0.000000000000000000e+00,1.576830669507447080e-03
1.398000000000000000e+03,0.000000000000000000e+00,1.575639513340701316e-03
1.399000000000000000e+03,0.000000000000000000e+00,1.574451628913211155e-03
1.400000000000000000e+03,0.000000000000000000e+00,1.573267006633227759e-03
1.401000000000000000e+03,0.000000000000000000e+00,1.572085629869323341e-03
1.402000000000000000e+03,0.000000000000000000e+00,1.570907480097175849e-03
1.403000000000000000e+03,0.000000000000000000e+00,1.569732543370495849e-03
1.404000000000000000e+03,0.000000000000000000e+00,1.568560807876735654e-03
1.405000000000000000e+03,0.000000000000000000e+00,1.567392257047555467e-03
1.406000000000000000e+03,0.000000000000000000e+00,1.566226874944992315e-03
1.407000000000000000e+03,0.000000000000000000e+00,1.565064649785666588e-03
1.408000000000000000e+03,0.000000000000000000e+00,1.563905566886352296e-03
1.409000000000000000e+03,0.000000000000000000e+00,1.562749611319293576e-03
1.410000000000000000e+03,0.000000000000000000e+00,1.561596770630358302e-03
1.411000000000000000e+03,0.000000000000000000e+00,1.560447031518757402e-03
1.412000000000000000e+03,0.000000000000000000e+00,1.559300379775495566e-03
1.413000000000000000e+03,0.000000000000000000e+00,1.558156802174567868e-03
1.414000000000000000e+03,0.000000000000000000e+00,1.557016286698294054e-03
1.415000000000000000e+03,0.000000000000000000e+00,1.555878820028982774e-03
1.416000000000000000e+03,0.000000000000000000e+00,1.554744388723823360e-03
1.417000000000000000e+03,0.000000000000000000e+00,1.553612981237099608e-03
1.418000000000000000e+03,0.000000000000000000e+00,1.552484585283162889e-03
1.419000000000000000e+03,0.000000000000000000e+00,1.551359187906958207e-03
1.420000000000000000e+03,0.000000000000000000e+00,1.550236777258267706e-03
1.421000000000000000e+03,0.000000000000000000e+00,1.549117341708823592e-03
1.422000000000000000e+03,0.000000000000000000e+00,1.548000869136368458e-03
1.423000000000000000e+03,0.000000000000000000e+00,1.546887347624662391e-03
1.424000000000000000e+03,0.000000000000000000e+00,1.545776766015744767e-03
1.425000000000000000e+03,0.000000000000000000e+00,1.544669112838807342e-03
1.426000000000000000e+03,0.000000000000000000e+00,1.543564376333050967e-03
1.427000000000000000e+03,0.000000000000000000e+00,1.542462545594755442e-03
1.428000000000000000e+03,0.000000000000000000e+00,1.541363609710874258e-03
1.429000000000000000e+03,0.000000000000000000e+00,1.540267557371038541e-03
1.430000000000000000e+03,0.000000000000000000e+00,1.539174377733257574e-03
1.431000000000000000e+03,0.000000000000000000e+00,1.538084060235146190e-03
1.432000000000000000e+03,0.000000000000000000e+00,1.536996594139193465e-03
1.433000000000000000e+03,0.000000000000000000e+00,1.535911968740545945e-03
1.434000000000000000e+03,0.000000000000000000e+00,1.534830173684697749e-03
1.435000000000000000e+03,0.000000000000000000e+00,1.533751198704987224e-03
1.436000000000000000e+03,0.000000000000000000e+00,1.532675033430971369e-03
1.437000000000000000e+03,0.000000000000000000e+00,1.531601667739266714e-03
1.438000000000000000e+03,0.000000000000000000e+00,1.530531091640431043e-03
1.439000000000000000e+03,0.000000000000000000e+00,1.529463295090544668e-03
1.440000000000000000e+03,0.000000000000000000e+00,1.528398268219611274e-03
1.441000000000000000e+03,0.000000000000000000e+00,1.527336001277371453e-03
1.442000000000000000e+03,0.000000000000000000e+00,1.526276484515059605e-03
1.443000000000000000e+03,0.000000000000000000e+00,1.525219708305631562e-03
1.444000000000000000e+03,0.000000000000000000e+00,1.524165663169137729e-03
1.445000000000000000e+03,0.000000000000000000e+00,1.523114339651115718e-03
1.446000000000000000e+03,0.000000000000000000e+00,1.522065728334865906e-03
1.447000000000000000e+03,0.000000000000000000e+00,1.521019819961157322e-03
1.448000000000000000e+03,0.000000000000000000e+00,1.519976605337647335e-03
1.449000000000000000e+03,0.000000000000000000e+00,1.518936075285072041e-03
1.450000000000000000e+03,0.000000000000000000e+00,1.517898220756065068e-03
1.451000000000000000e+03,0.000000000000000000e+00,1.516863032783758586e-03
1.452000000000000000e+03,0.000000000000000000e+00,1.515830502427123038e-03
1.453000000000000000e+03,0.000000000000000000e+00,1.514800620845970945e-03
1.454000000000000000e+03,0.000000000000000000e+00,1.513773379283571072e-03
1.455000000000000000e+03,0.000000000000000000e+00,1.512748769025766202e-03
1.456000000000000000e+03,0.000000000000000000e+00,1.511726781427521126e-03
1.457000000000000000e+03,0.000000000000000000e+00,1.510707407926289124e-03
1.458000000000000000e+03,0.000000000000000000e+00,1.509690640018874000e-03
1.459000000000000000e+03,0.000000000000000000e+00,1.508676469256564623e-03
1.460000000000000000e+03,0.000000000000000000e+00,1.507664887266127246e-03
1.461000000000000000e+03,0.000000000000000000e+00,1.506655885735458909e-03
1.462000000000000000e+03,0.000000000000000000e+00,1.505649456404185241e-03
1.463000000000000000e+03,0.000000000000000000e+00,1.504645591083693694e-03
1.464000000000000000e+03,0.000000000000000000e+00,1.503644281643399302e-03
1.465000000000000000e+03,0.000000000000000000e+00,1.502645520001710247e-03
1.466000000000000000e+03,0.000000000000000000e+00,1.501649298142784198e-03
1.467000000000000000e+03,0.000000000000000000e+00,1.500655608108364056e-03
1.468000000000000000e+03,0.000000000000000000e+00,1.499664441988006252e-03
1.469000000000000000e+03,0.000000000000000000e+00,1.498675791930006041e-03
1.470000000000000000e+03,0.000000000000000000e+00,1.497689650141895363e-03
1.471000000000000000e+03,0.000000000000000000e+00,1.496706008878820413e-03
1.472000000000000000e+03,0.000000000000000000e+00,1.495724860446643548e-03
1.473000000000000000e+03,0.000000000000000000e+00,1.494746197208254423e-03
1.474000000000000000e+03,0.000000000000000000e+00,1.493770011575041440e-03
1.475000000000000000e+03,0.000000000000000000e+00,1.492796296006757527e-03
1.476000000000000000e+03,0.000000000000000000e+00,1.491825043016375193e-03
1.477000000000000000e+03,0.000000000000000000e+00,1.490856245162556527e-03
1.478000000000000000e+03,0.000000000000000000e+00,1.489889895051111236e-03
1.479000000000000000e+03,0.000000000000000000e+00,1.488925985339458781e-03
1.480000000000000000e+03,0.000000000000000000e+00,1.487964508729369868e-03
1.481000000000000000e+03,0.000000000000000000e+00,1.487005457967466478e-03
1.482000000000000000e+03,0.000000000000000000e+00,1.486048825848544728e-03
1.483000000000000000e+03,0.000000000000000000e+00,1.485094605210590581e-03
1.484000000000000000e+03,0.000000000000000000e+00,1.484142788934995818e-03
1.485000000000000000e+03,0.000000000000000000e+00,1.483193369948722102e-03
1.486000000000000000e+03,0.000000000000000000e+00,1.482246341220701865e-03
1.487000000000000000e+03,0.000000000000000000e+00,1.481301695761287965e-03
1.488000000000000000e+03,0.000000000000000000e+00,1.480359426624084686e-03
1.489000000000000000e+03,0.000000000000000000e+00,1.479419526903879949e-03
1.490000000000000000e+03,0.000000000000000000e+00,1.478481989735706392e-03
1.491000000000000000e+03,0.000000000000000000e+00,1.477546808295736487e-03
1.492000000000000000e+03,0.000000000000000000e+00,1.476613975799344423e-03
1.493000000000000000e+03,0.000000000000000000e+00,1.475683485500413729e-03
1.494000000000000000e+03,0.000000000000000000e+00,1.474755330692455743e-03
1.495000000000000000e+03,0.000000000000000000e+00,1.473829504707050743e-03
1.496000000000000000e+03,0.000000000000000000e+00,1.472906000913077728e-03
1.497000000000000000e+03,0.000000000000000000e+00,1.471984812717509142e-03
1.498000000000000000e+03,0.000000000000000000e+00,1.471065933563912940e-03
1.499000000000000000e+03,0.000000000000000000e+00,1.470149356931874053e-03
1.500000000000000000e+03,0.000000000000000000e+00,1.469235076337577911e-03
1.501000000000000000e+03,0.000000000000000000e+00,1.177820192956937316e-03
1.502000000000000000e+03,0.000000000000000000e+00,1.177183954762253465e-03
1.503000000000000000e+03,0.000000000000000000e+00,1.173791867537665387e-03
1.504000000000000000e+03,0.000000000000000000e+00,1.171261512622462321e-03
1.505000000000000000e+03,0.000000000000000000e+00,1.169547015847314728e-03
1.506000000000000000e+03,0.000000000000000000e+00,1.166307154192161100e-03
1.507000000000000000e+03,0.000000000000000000e+00,1.164098283498939731e-03
1.508000000000000000e+03,0.000000000000000000e+00,1.162789938530708455e-03
1.509000000000000000e+03,0.000000000000000000e+00,1.160312342766101458e-03
1.510000000000000000e+03,0.000000000000000000e+00,1.158379784350412056e-03
1.511000000000000000e+03,0.000000000000000000e+00,1.156916762113272901e-03
1.512000000000000000e+03,0.000000000000000000e+00,1.154604920554128198e-03
1.513000000000000000e+03,0.000000000000000000e+00,1.152811190983761905e-03
1.514000000000000000e+03,0.000000000000000000e+00,1.151374014383035925e-03
1.515000000000000000e+03,0.000000000000000000e+00,1.149427908032700637e-03
1.516000000000000000e+03,0.000000000000000000e+00,1.148026206665602941e-03
1.517000000000000000e+03,0.000000000000000000e+00,1.146859395215684037e-03
1.518000000000000000e+03,0.000000000000000000e+00,1.145247115543584094e-03
1.519000000000000000e+03,0.000000000000000000e+00,1.143954234166523606e-03
1.520000000000000000e+03,0.000000000000000000e+00,1.142724651560202403e-03
1.521000000000000000e+03,0.000000000000000000e+00,1.141155513574199911e-03
1.522000000000000000e+03,0.000000000000000000e+00,1.139819971570824476e-03
1.523000000000000000e+03,0.000000000000000000e+00,1.138520011224671436e-03
1.524000000000000000e+03,0.000000000000000000e+00,1.137071984408088814e-03
1.525000000000000000e+03,0.000000000000000000e+00,1.135883496145828706e-03
1.526000000000000000e+03,0.000000000000000000e+00,1.134720808918046782e-03
1.527000000000000000e+03,0.000000000000000000e+00,1.133473357149525091e-03
1.528000000000000000e+03,0.000000000000000000e+00,1.132423993456847192e-03
1.529000000000000000e+03,0.000000000000000000e+00,1.131358423158421340e-03
1.530000000000000000e+03,0.000000000000000000e+00,1.130226952057670348e-03
1.531000000000000000e+03,0.000000000000000000e+00,1.129228693151527628e-03
1.532000000000000000e+03,0.000000000000000000e+00,1.128207047130822677e-03
1.533000000000000000e+03,0.000000000000000000e+00,1.127175350676879037e-03
1.534000000000000000e+03,0.000000000000000000e+00,1.126251396994342770e-03
1.535000000000000000e+03,0.000000000000000000e+00,1.125298600299921153e-03
1.536000000000000000e+03,0.000000000000000000e+00,1.124359288442953238e-03
1.537000000000000000e+03,0.000000000000000000e+00,1.123494419602524223e-03
1.538000000000000000e+03,0.000000000000000000e+00,1.122590459483993738e-03
1.539000000000000000e+03,0.000000000000000000e+00,1.121700918595034454e-03
1.540000000000000000e+03,0.000000000000000000e+00,1.120855965606167102e-03
1.541000000000000000e+03,0.000000000000000000e+00,1.119983110809372705e-03
1.542000000000000000e+03,0.000000000000000000e+00,1.119137711860631722e-03
1.543000000000000000e+03,0.000000000000000000e+00,1.118319291365474279e-03
1.544000000000000000e+03,0.000000000000000000e+00,1.117484748110822825e-03
1.545000000000000000e+03,0.000000000000000000e+00,1.116682642231883694e-03
1.546000000000000000e+03,0.000000000000000000e+00,1.115891682040282690e-03
1.547000000000000000e+03,0.000000000000000000e+00,1.115088386965771249e-03
1.548000000000000000e+03,0.000000000000000000e+00,1.114310632364158516e-03
1.549000000000000000e+03,0.000000000000000000e+00,1.113534629504185115e-03
1.550000000000000000e+03,0.000000000000000000e+00,1.112756300771615414e-03
1.551000000000000000e+03,0.000000000000000000e+00,1.111999744384339558e-03
1.552000000000000000e+03,0.000000000000000000e+00,1.111243090276751175e-03
1.553000000000000000e+03,0.000000000000000000e+00,1.110494469316755011e-03
1.554000000000000000e+03,0.000000000000000000e+00,1.109763968605882506e-03
1.555000000000000000e+03,0.000000000000000000e+00,1.109032105076645115e-03
1.556000000000000000e+03,0.000000000000000000e+00,1.108310198277173697e-03
1.557000000000000000e+03,0.000000000000000000e+00,1.107599080122776813e-03
1.558000000000000000e+03,0.000000000000000000e+00,1.106886908350509461e-03
1.559000000000000000e+03,0.000000000000000000e+00,1.106184715156739457e-03
1.560000000000000000e+03,0.000000000000000000e+00,1.105488139276645946e-03
1.561000000000000000e+03,0.000000000000000000e+00,1.104793491424156757e-03
1.562000000000000000e+03,0.000000000000000000e+00,1.104109205789517625e-03
1.563000000000000000e+03,0.000000000000000000e+00,1.103428230981382072e-03
1.564000000000000000e+03,0.000000000000000000e+00,1.102751098992349379e-03
1.565000000000000000e+03,0.000000000000000000e+00,1.102081944709099558e-03
1.566000000000000000e+03,0.000000000000000000e+00,1.101414559166439709e-03
1.567000000000000000e+03,0.000000000000000000e+00,1.100751821000163760e-03
1.568000000000000000e+03,0.000000000000000000e+00,1.100094227872773197e-03
1.569000000000000000e+03,0.000000000000000000e+00,1.099438422089585830e-03
1.570000000000000000e+03,0.000000000000000000e+00,1.098788226388870823e-03
1.571000000000000000e+03,0.000000000000000000e+00,1.098142036785114970e-03
1.572000000000000000e+03,0.000000000000000000e+00,1.097498795484506311e-03
1.573000000000000000e+03,0.000000000000000000e+00,1.096861103954208713e-03
1.574000000000000000e+03,0.000000000000000000e+00,1.096226626652109385e-03
1.575000000000000000e+03,0.000000000000000000e+00,1.095595818320979978e-03
1.576000000000000000e+03,0.000000000000000000e+00,1.094969392294470670e-03
1.577000000000000000e+03,0.000000000000000000e+00,1.094345462824252921e-03
1.578000000000000000e+03,0.000000000000000000e+00,1.093725336790362778e-03
1.579000000000000000e+03,0.000000000000000000e+00,1.093108611610368874e-03
1.580000000000000000e+03,0.000000000000000000e+00,1.092494464531232985e-03
1.581000000000000000e+03,0.000000000000000000e+00,1.091884045798124838e-03
1.582000000000000000e+03,0.000000000000000000e+00,1.091276500582731915e-03
1.583000000000000000e+03,0.000000000000000000e+00,1.090671920657362935e-03
1.584000000000000000e+03,0.000000000000000000e+00,1.090070713040936466e-03
1.585000000000000000e+03,0.000000000000000000e+00,1.089472041196781196e-03
1.586000000000000000e+03,0.000000000000000000e+00,1.088876409484288831e-03
1.587000000000000000e+03,0.000000000000000000e+00,1.088283658383179357e-03
1.588000000000000000e+03,0.000000000000000000e+00,1.087693404059433735e-03
1.589000000000000000e+03,0.000000000000000000e+00,1.087106095655753293e-03
1.590000000000000000e+03,0.000000000000000000e+00,1.086521349298235316e-03
1.591000000000000000e+03,0.000000000000000000e+00,1.085939245233950076e-03
1.592000000000000000e+03,0.000000000000000000e+00,1.085359927477022850e-03
1.593000000000000000e+03,0.000000000000000000e+00,1.084783043006679569e-03
1.594000000000000000e+03,0.000000000000000000e+00,1.084208820012552352e-03
1.595000000000000000e+03,0.000000000000000000e+00,1.083637129341095918e-03
1.596000000000000000e+03,0.000000000000000000e+00,1.083067837590785416e-03
1.597000000000000000e+03,0.000000000000000000e+00,1.082501090335649804e-03
1.598000000000000000e+03,0.000000000000000000e+00,1.081936671936633860e-03
1.599000000000000000e+03,0.000000000000000000e+00,1.081374651577850449e-03
1.600000000000000000e+03,0.000000000000000000e+00,1.080815030617645516e-03
1.601000000000000000e+03,0.000000000000000000e+00,1.080257669902009564e-03
1.602000000000000000e+03,0.000000000000000000e+00,1.079702672088228045e-03
1.603000000000000000e+03,0.000000000000000000e+00,1.079149933099969637e-03
1.604000000000000000e+03,0.000000000000000000e+00,1.078599436821009450e-03
1.605000000000000000e+03,0.000000000000000000e+00,1.078051210272844285e-03
1.606000000000000000e+03,0.000000000000000000e+00,1.077505142579906951e-03
1.607000000000000000e+03,0.000000000000000000e+00,1.076961280146358779e-03
1.608000000000000000e+03,0.000000000000000000e+00,1.076419576932419490e-03
1.609000000000000000e+03,0.000000000000000000e+00,1.075879989829388230e-03
1.610000000000000000e+03,0.000000000000000000e+00,1.075342546151935273e-03
1.611000000000000000e+03,0.000000000000000000e+00,1.074807176293695894e-03
1.612000000000000000e+03,0.000000000000000000e+00,1.074273891874035283e-03
1.613000000000000000e+03,0.000000000000000000e+00,1.073742672135408020e-03
1.614000000000000000e+03,0.000000000000000000e+00,1.073213472918884120e-03
1.615000000000000000e+03,0.000000000000000000e+00,1.072686307116126579e-03
1.616000000000000000e+03,0.000000000000000000e+00,1.072161130335309246e-03
1.617000000000000000e+03,0.000000000000000000e+00,1.071637936318239155e-03
1.618000000000000000e+03,0.000000000000000000e+00,1.071116713056024161e-03
1.619000000000000000e+03,0.000000000000000000e+00,1.070597427303587434e-03
1.620000000000000000e+03,0.000000000000000000e+00,1.070080082975013308e-03
1.621000000000000000e+03,0.000000000000000000e+00,1.069564651383185516e-03
1.622000000000000000e+03,0.000000000000000000e+00,1.069051121035306242e-03
1.623000000000000000e+03,0.000000000000000000e+00,1.068539481013433589e-03
1.624000000000000000e+03,0.000000000000000000e+00,1.068029705868139183e-03
1.625000000000000000e+03,0.000000000000000000e+00,1.067521792203429253e-03
1.626000000000000000e+03,0.000000000000000000e+00,1.067015717679161042e-03
1.627000000000000000e+03,0.000000000000000000e+00,1.066511470089211936e-03
1.628000000000000000e+03,0.000000000000000000e+00,1.066009038966339627e-03
1.629000000000000000e+03,0.000000000000000000e+00,1.065508404753199656e-03
1.630000000000000000e+03,0.000000000000000000e+00,1.065009561432869170e-03
1.631000000000000000e+03,0.000000000000000000e+00,1.064512491408850341e-03
1.632000000000000000e+03,0.000000000000000000e+00,1.064017183154910944e-03
1.633000000000000000e+03,0.000000000000000000e+00,1.063523626259747648e-03
1.634000000000000000e+03,0.000000000000000000e+00,1.063031804722560378e-03
1.635000000000000000e+03,0.000000000000000000e+00,1.062541710426296963e-03
1.636000000000000000e+03,0.000000000000000000e+00,1.062053328612234948e-03
1.637000000000000000e+03,0.000000000000000000e+00,1.061566648728451065e-03
1.638000000000000000e+03,0.000000000000000000e+00,1.061081660438975820e-03
1.639000000000000000e+03,0.000000000000000000e+00,1.060598350727485518e-03
1.640000000000000000e+03,0.000000000000000000e+00,1.060116710997965634e-03
1.641000000000000000e+03,0.000000000000000000e+00,1.059636728747972642e-03
1.642000000000000000e+03,0.000000000000000000e+00,1.059158394431327808e-03
1.643000000000000000e+03,0.000000000000000000e+00,1.058681697781623399e-03
1.644000000000000000e+03,0.000000000000000000e+00,1.058206627640223118e-03
1.645000000000000000e+03,0.000000000000000000e+00,1.057733175147204836e-03
1.646000000000000000e+03,0.000000000000000000e+00,1.057261329137195241e-03
1.647000000000000000e+03,0.000000000000000000e+00,1.056791080724023453e-03
1.648000000000000000e+03,0.000000000000000000e+00,1.056322420085622268e-03
1.649000000000000000e+03,0.000000000000000000e+00,1.055855337471149191e-03
1.650000000000000000e+03,0.000000000000000000e+00,1.055389824270930917e-03
1.651000000000000000e+03,0.000000000000000000e+00,1.054925870656094056e-03
1.652000000000000000e+03,0.000000000000000000e+00,1.054463468237663111e-03
1.653000000000000000e+03,0.000000000000000000e+00,1.054002607795174063e-03
1.654000000000000000e+03,0.000000000000000000e+00,1.053543280603606858e-03
1.655000000000000000e+03,0.000000000000000000e+00,1.053085478241583750e-03
1.656000000000000000e+03,0.000000000000000000e+00,1.052629191847056058e-03
1.657000000000000000e+03,0.000000000000000000e+00,1.052174413408886238e-03
1.658000000000000000e+03,0.000000000000000000e+00,1.051721134335895742e-03
1.659000000000000000e+03,0.000000000000000000e+00,1.051269346651205428e-03
1.660000000000000000e+03,0.000000000000000000e+00,1.050819042304970870e-03
1.661000000000000000e+03,0.000000000000000000e+00,1.050370213264398885e-03
1.662000000000000000e+03,0.000000000000000000e+00,1.049922851888841595e-03
1.663000000000000000e+03,0.000000000000000000e+00,1.049476950235124452e-03
1.664000000000000000e+03,0.000000000000000000e+00,1.049032500852546809e-03
1.665000000000000000e+03,0.000000000000000000e+00,1.048589496114351802e-03
1.666000000000000000e+03,0.000000000000000000e+00,1.048147928600215092e-03
1.667000000000000000e+03,0.000000000000000000e+00,1.047707791006085437e-03
1.668000000000000000e+03,0.000000000000000000e+00,1.047269075996656645e-03
1.669000000000000000e+03,0.000000000000000000e+00,1.046831776515915391e-03
1.670000000000000000e+03,0.000000000000000000e+00,1.046395885396598580e-03
1.671000000000000000e+03,0.000000000000000000e+00,1.045961395723841048e-03
1.672000000000000000e+03,0.000000000000000000e+00,1.045528300561748662e-03
1.673000000000000000e+03,0.000000000000000000e+00,1.045096593084823356e-03
1.674000000000000000e+03,0.000000000000000000e+00,1.044666266586308668e-03
1.675000000000000000e+03,0.000000000000000000e+00,1.044237314352362443e-03
1.676000000000000000e+03,0.000000000000000000e+00,1.043809729843782558e-03
1.677000000000000000e+03,0.000000000000000000e+00,1.043383506502653345e-03
1.678000000000000000e+03,0.000000000000000000e+00,1.042958637920649110e-03
1.679000000000000000e+03,0.000000000000000000e+00,1.042535117718949205e-03
1.680000000000000000e+03,0.000000000000000000e+00,1.042112939595325576e-03
1.681000000000000000e+03,0.000000000000000000e+00,1.041692097337864210e-03
1.682000000000000000e+03,0.000000000000000000e+00,1.041272584766272718e-03
1.683000000000000000e+03,0.000000000000000000e+00,1.040854395813179886e-03
1.684000000000000000e+03,0.000000000000000000e+00,1.040437524428736073e-03
1.685000000000000000e+03,0.000000000000000000e+00,1.040021964664884996e-03
1.686000000000000000e+03,0.000000000000000000e+00,1.039607710613229402e-03
1.687000000000000000e+03,0.000000000000000000e+00,1.039194756433738142e-03
1.688000000000000000e+03,0.000000000000000000e+00,1.038783096353973565e-03
1.689000000000000000e+03,0.000000000000000000e+00,1.038372724645920606e-03
1.690000000000000000e+03,0.000000000000000000e+00,1.037963635659135825e-03
1.691000000000000000e+03,0.000000000000000000e+00,1.037555823779316580e-03
1.692000000000000000e+03,0.000000000000000000e+00,1.037149283468495435e-03
1.693000000000000000e+03,0.000000000000000000e+00,1.036744009228741069e-03
1.694000000000000000e+03,0.000000000000000000e+00,1.036339995623689232e-03
1.695000000000000000e+03,0.000000000000000000e+00,1.035937237269040799e-03
1.696000000000000000e+03,0.000000000000000000e+00,1.035535728829846706e-03
1.697000000000000000e+03,0.000000000000000000e+00,1.035135465028916377e-03
1.698000000000000000e+03,0.000000000000000000e+00,1.034736440630326789e-03
1.699000000000000000e+03,0.000000000000000000e+00,1.034338650457608012e-03
1.700000000000000000e+03,0.000000000000000000e+00,1.033942089375197932e-03
1.701000000000000000e+03,0.000000000000000000e+00,1.033546752301793114e-03
1.702000000000000000e+03,0.000000000000000000e+00,1.033152634199359550e-03
1.703000000000000000e+03,0.000000000000000000e+00,1.032759730078205854e-03
1.704000000000000000e+03,0.000000000000000000e+00,1.032368034994498706e-03
1.705000000000000000e+03,0.000000000000000000e+00,1.031977544046952782e-03
1.706000000000000000e+03,0.000000000000000000e+00,1.031588252382179124e-03
1.707000000000000000e+03,0.000000000000000000e+00,1.031200155186714736e-03
1.708000000000000000e+03,0.000000000000000000e+00,1.030813247693153313e-03
1.709000000000000000e+03,0.000000000000000000e+00,1.030427525173191385e-03
1.710000000000000000e+03,0.000000000000000000e+00,1.030042982942803217e-03
1.711000000000000000e+03,0.000000000000000000e+00,1.029659616357084338e-03
1.712000000000000000e+03,0.000000000000000000e+00,1.029277420811919265e-03
1.713000000000000000e+03,0.000000000000000000e+00,1.028896391743102214e-03
1.714000000000000000e+03,0.000000000000000000e+00,1.028516524624935660e-03
1.715000000000000000e+03,0.000000000000000000e+00,1.028137814971013999e-03
1.716000000000000000e+03,0.000000000000000000e+00,1.027760258331416763e-03
1.717000000000000000e+03,0.000000000000000000e+00,1.027383850295010169e-03
1.718000000000000000e+03,0.000000000000000000e+00,1.027008586486203613e-03
1.719000000000000000e+03,0.000000000000000000e+00,1.026634462566641034e-03
1.720000000000000000e+03,0.000000000000000000e+00,1.026261474232935140e-03
1.721000000000000000e+03,0.000000000000000000e+00,1.025889617217533908e-03
1.722000000000000000e+03,0.000000000000000000e+00,1.025518887287231321e-03
1.723000000000000000e+03,0.000000000000000000e+00,1.025149280242956817e-03
1.724000000000000000e+03,0.000000000000000000e+00,1.024780791919624153e-03
1.725000000000000000e+03,0.000000000000000000e+00,1.024413418185181422e-03
1.726000000000000000e+03,0.000000000000000000e+00,1.024047154940637945e-03
1.727000000000000000e+03,0.000000000000000000e+00,1.023681998118871651e-03
1.728000000000000000e+03,0.000000000000000000e+00,1.023317943685149055e-03
1.729000000000000000e+03,0.000000000000000000e+00,1.022954987635768271e-03
1.730000000000000000e+03,0.000000000000000000e+00,1.022593125998308384e-03
1.731000000000000000e+03,0.000000000000000000e+00,1.022232354830714812e-03
1.732000000000000000e+03,0.000000000000000000e+00,1.021872670221383225e-03
1.733000000000000000e+03,0.000000000000000000e+00,1.021514068288330128e-03
1.734000000000000000e+03,0.000000000000000000e+00,1.021156545178961064e-03
1.735000000000000000e+03,0.000000000000000000e+00,1.020800097069713905e-03
1.736000000000000000e+03,0.000000000000000000e+00,1.020444720165619322e-03
1.737000000000000000e+03,0.000000000000000000e+00,1.020090410700006094e-03
1.738000000000000000e+03,0.000000000000000000e+00,1.019737164933987852e-03
1.739000000000000000e+03,0.000000000000000000e+00,1.019384979156341860e-03
1.740000000000000000e+03,0.000000000000000000e+00,1.019033849682917043e-03
1.741000000000000000e+03,0.000000000000000000e+00,1.018683772856437530e-03
1.742000000000000000e+03,0.000000000000000000e+00,1.018334745046030375e-03
1.743000000000000000e+03,0.000000000000000000e+00,1.017986762647092635e-03
1.744000000000000000e+03,0.000000000000000000e+00,1.017639822080781790e-03
1.745000000000000000e+03,0.000000000000000000e+00,1.017293919793799128e-03
1.746000000000000000e+03,0.000000000000000000e+00,1.016949052257995305e-03
1.747000000000000000e+03,0.000000000000000000e+00,1.016605215970160445e-03
1.748000000000000000e+03,0.000000000000000000e+00,1.016262407451618867e-03
1.749000000000000000e+03,0.000000000000000000e+00,1.015920623247977984e-03
1.750000000000000000e+03,0.000000000000000000e+00,1.015579859928842288e-03
1.751000000000000000e+03,0.000000000000000000e+00,1.355242794742302992e-03
1.752000000000000000e+03,0.000000000000000000e+00,1.349788822160280163e-03
1.753000000000000000e+03,0.000000000000000000e+00,1.342065303332955466e-03
1.754000000000000000e+03,0.000000000000000000e+00,1.333568243028309536e-03
1.755000000000000000e+03,0.000000000000000000e+00,1.325030885410258610e-03
1.756000000000000000e+03,0.000000000000000000e+00,1.317509200135313831e-03
1.757000000000000000e+03,0.000000000000000000e+00,1.311425868268921565e-03
1.758000000000000000e+03,0.000000000000000000e+00,1.306808614660211415e-03
1.759000000000000000e+03,0.000000000000000000e+00,1.303598262160102651e-03
1.760000000000000000e+03,0.000000000000000000e+00,1.300926173621456614e-03
1.761000000000000000e+03,0.000000000000000000e+00,1.297912428063236140e-03
1.762000000000000000e+03,0.000000000000000000e+00,1.294770609553506186e-03
1.763000000000000000e+03,0.000000000000000000e+00,1.291905292865158216e-03
1.764000000000000000e+03,0.000000000000000000e+00,1.289235103873943205e-03
1.765000000000000000e+03,0.000000000000000000e+00,1.286832191516777387e-03
1.766000000000000000e+03,0.000000000000000000e+00,1.284950414331494225e-03
1.767000000000000000e+03,0.000000000000000000e+00,1.283620352245347981e-03
1.768000000000000000e+03,0.000000000000000000e+00,1.282803063152968426e-03
1.769000000000000000e+03,0.000000000000000000e+00,1.282356886181269980e-03
1.770000000000000000e+03,0.000000000000000000e+00,1.281883316934380804e-03
1.771000000000000000e+03,0.000000000000000000e+00,1.281124881117821522e-03
1.772000000000000000e+03,0.000000000000000000e+00,1.280140874201247990e-03
1.773000000000000000e+03,0.000000000000000000e+00,1.278941386387304115e-03
1.774000000000000000e+03,0.000000000000000000e+00,1.277467652413043307e-03
1.775000000000000000e+03,0.000000000000000000e+00,1.275832855819814503e-03
1.776000000000000000e+03,0.000000000000000000e+00,1.274209509018808546e-03
1.777000000000000000e+03,0.000000000000000000e+00,1.272687284672998059e-03
1.778000000000000000e+03,0.000000000000000000e+00,1.271334215852350583e-03
1.779000000000000000e+03,0.000000000000000000e+00,1.270160563335361644e-03
1.780000000000000000e+03,0.000000000000000000e+00,1.269090514299396752e-03
1.781000000000000000e+03,0.000000000000000000e+00,1.268089296677751398e-03
1.782000000000000000e+03,0.000000000000000000e+00,1.267168045840037869e-03
1.783000000000000000e+03,0.000000000000000000e+00,1.266280288356280096e-03
1.784000000000000000e+03,0.000000000000000000e+00,1.265375027221828097e-03
1.785000000000000000e+03,0.000000000000000000e+00,1.264474951261027004e-03
1.786000000000000000e+03,0.000000000000000000e+00,1.263615551308482857e-03
1.787000000000000000e+03,0.000000000000000000e+00,1.262804756461140872e-03
1.788000000000000000e+03,0.000000000000000000e+00,1.262051422315682569e-03
1.789000000000000000e+03,0.000000000000000000e+00,1.261353361395975425e-03
1.790000000000000000e+03,0.000000000000000000e+00,1.260689159639892618e-03
1.791000000000000000e+03,0.000000000000000000e+00,1.260051103481595785e-03
1.792000000000000000e+03,0.000000000000000000e+00,1.259436142927622708e-03
1.793000000000000000e+03,0.000000000000000000e+00,1.258818597453455288e-03
1.794000000000000000e+03,0.000000000000000000e+00,1.258178229385577360e-03
1.795000000000000000e+03,0.000000000000000000e+00,1.257523952216237908e-03
1.796000000000000000e+03,0.000000000000000000e+00,1.256868436353189003e-03
1.797000000000000000e+03,0.000000000000000000e+00,1.256215138711172302e-03
1.798000000000000000e+03,0.000000000000000000e+00,1.255570114995128560e-03
1.799000000000000000e+03,0.000000000000000000e+00,1.254938872164140969e-03
1.800000000000000000e+03,0.000000000000000000e+00,1.254321725235985280e-03
1.801000000000000000e+03,0.000000000000000000e+00,1.253721336523087567e-03
1.802000000000000000e+03,0.000000000000000000e+00,1.253138591219113591e-03
1.803000000000000000e+03,0.000000000000000000e+00,1.252564885901953640e-03
1.804000000000000000e+03,0.000000000000000000e+00,1.251992717193574660e-03
1.805000000000000000e+03,0.000000000000000000e+00,1.251424060694645820e-03
1.806000000000000000e+03,0.000000000000000000e+00,1.250861772281412028e-03
1.807000000000000000e+03,0.000000000000000000e+00,1.250305074636441725e-03
1.808000000000000000e+03,0.000000000000000000e+00,1.249754514119638844e-03
1.809000000000000000e+03,0.000000000000000000e+00,1.249211878724215859e-03
1.810000000000000000e+03,0.000000000000000000e+00,1.248677762790537885e-03
1.811000000000000000e+03,0.000000000000000000e+00,1.248153127284892805e-03
1.812000000000000000e+03,0.000000000000000000e+00,1.247638254731667749e-03
1.813000000000000000e+03,0.000000000000000000e+00,1.247130125033129623e-03
1.814000000000000000e+03,0.000000000000000000e+00,1.246625477113614362e-03
1.815000000000000000e+03,0.000000000000000000e+00,1.246124086022148969e-03
1.816000000000000000e+03,0.000000000000000000e+00,1.245626329788915038e-03
1.817000000000000000e+03,0.000000000000000000e+00,1.245131308826483933e-03
1.818000000000000000e+03,0.000000000000000000e+00,1.244638649306178436e-03
1.819000000000000000e+03,0.000000000000000000e+00,1.244149015199006499e-03
1.820000000000000000e+03,0.000000000000000000e+00,1.243662978502201553e-03
1.821000000000000000e+03,0.000000000000000000e+00,1.243181140946743313e-03
1.822000000000000000e+03,0.000000000000000000e+00,1.242704060318486391e-03
1.823000000000000000e+03,0.000000000000000000e+00,1.242231293903095328e-03
1.824000000000000000e+03,0.000000000000000000e+00,1.241761923206346086e-03
1.825000000000000000e+03,0.000000000000000000e+00,1.241295780964935414e-03
1.826000000000000000e+03,0.000000000000000000e+00,1.240832994831356489e-03
1.827000000000000000e+03,0.000000000000000000e+00,1.240373190863349557e-03
1.828000000000000000e+03,0.000000000000000000e+00,1.239916020098586185e-03
1.829000000000000000e+03,0.000000000000000000e+00,1.239461618868500578e-03
1.830000000000000000e+03,0.000000000000000000e+00,1.239010226129918417e-03
1.831000000000000000e+03,0.000000000000000000e+00,1.238562035176343085e-03
1.832000000000000000e+03,0.000000000000000000e+00,1.238117291550777177e-03
1.833000000000000000e+03,0.000000000000000000e+00,1.237676037141764761e-03
1.834000000000000000e+03,0.000000000000000000e+00,1.237238046993810632e-03
1.835000000000000000e+03,0.000000000000000000e+00,1.236803190583730516e-03
1.836000000000000000e+03,0.000000000000000000e+00,1.236371458558207462e-03
1.837000000000000000e+03,0.000000000000000000e+00,1.235942671590131020e-03
1.838000000000000000e+03,0.000000000000000000e+00,1.235516554415450703e-03
1.839000000000000000e+03,0.000000000000000000e+00,1.235092992517548317e-03
1.840000000000000000e+03,0.000000000000000000e+00,1.234671981727977026e-03
1.841000000000000000e+03,0.000000000000000000e+00,1.234253503118046399e-03
1.842000000000000000e+03,0.000000000000000000e+00,1.233837564854145226e-03
1.843000000000000000e+03,0.000000000000000000e+00,1.233424191767382898e-03
1.844000000000000000e+03,0.000000000000000000e+00,1.233013347650371416e-03
1.845000000000000000e+03,0.000000000000000000e+00,1.232604984192556003e-03
1.846000000000000000e+03,0.000000000000000000e+00,1.232199098825814947e-03
1.847000000000000000e+03,0.000000000000000000e+00,1.231795658955647365e-03
1.848000000000000000e+03,0.000000000000000000e+00,1.231394565470362830e-03
1.849000000000000000e+03,0.000000000000000000e+00,1.230995739369864297e-03
1.850000000000000000e+03,0.000000000000000000e+00,1.230599158138266777e-03
1.851000000000000000e+03,0.000000000000000000e+00,1.230204803387839260e-03
1.852000000000000000e+03,0.000000000000000000e+00,1.229812648789097365e-03
1.853000000000000000e+03,0.000000000000000000e+00,1.229422684250711193e-03
1.854000000000000000e+03,0.000000000000000000e+00,1.229034902100625045e-03
1.855000000000000000e+03,0.000000000000000000e+00,1.228649283326950720e-03
1.856000000000000000e+03,0.000000000000000000e+00,1.228265815177086075e-03
1.857000000000000000e+03,0.000000000000000000e+00,1.227884486678960420e-03
1.858000000000000000e+03,0.000000000000000000e+00,1.227505262752510550e-03
1.859000000000000000e+03,0.000000000000000000e+00,1.227128094038349880e-03
1.860000000000000000e+03,0.000000000000000000e+00,1.226752945441353902e-03
1.861000000000000000e+03,0.000000000000000000e+00,1.226379792520386654e-03
1.862000000000000000e+03,0.000000000000000000e+00,1.226008605276167947e-03
1.863000000000000000e+03,0.000000000000000000e+00,1.225639353594083639e-03
1.864000000000000000e+03,0.000000000000000000e+00,1.225272015578251486e-03
1.865000000000000000e+03,0.000000000000000000e+00,1.224906572248192840e-03
1.866000000000000000e+03,0.000000000000000000e+00,1.224543005371813049e-03
1.867000000000000000e+03,0.000000000000000000e+00,1.224181300692563481e-03
1.868000000000000000e+03,0.000000000000000000e+00,1.223821442583069956e-03
1.869000000000000000e+03,0.000000000000000000e+00,1.223463408128348112e-03
1.870000000000000000e+03,0.000000000000000000e+00,1.223107173280238002e-03
1.871000000000000000e+03,0.000000000000000000e+00,1.222752719292779112e-03
1.872000000000000000e+03,0.000000000000000000e+00,1.222400028601958698e-03
1.873000000000000000e+03,0.000000000000000000e+00,1.222049080830000254e-03
1.874000000000000000e+03,0.000000000000000000e+00,1.221699856130278351e-03
1.875000000000000000e+03,0.000000000000000000e+00,1.221352337669265146e-03
1.876000000000000000e+03,0.000000000000000000e+00,1.221006509877861461e-03
1.877000000000000000e+03,0.000000000000000000e+00,1.220662357943099168e-03
1.878000000000000000e+03,0.000000000000000000e+00,1.220319868321878033e-03
1.879000000000000000e+03,0.000000000000000000e+00,1.219979026843382927e-03
1.880000000000000000e+03,0.000000000000000000e+00,1.219639817411985547e-03
1.881000000000000000e+03,0.000000000000000000e+00,1.219302224021748433e-03
1.882000000000000000e+03,0.000000000000000000e+00,1.218966232117050554e-03
1.883000000000000000e+03,0.000000000000000000e+00,1.218631827020635319e-03
1.884000000000000000e+03,0.000000000000000000e+00,1.218298993008967192e-03
1.885000000000000000e+03,0.000000000000000000e+00,1.217967714639103458e-03
1.886000000000000000e+03,0.000000000000000000e+00,1.217637977599588450e-03
1.887000000000000000e+03,0.000000000000000000e+00,1.217309768204081263e-03
1.888000000000000000e+03,0.000000000000000000e+00,1.216983073231123029e-03
1.889000000000000000e+03,0.000000000000000000e+00,1.216657880108149882e-03
1.890000000000000000e+03,0.000000000000000000e+00,1.216334176434841902e-03
1.891000000000000000e+03,0.000000000000000000e+00,1.216011949602570537e-03
1.892000000000000000e+03,0.000000000000000000e+00,1.215691187275477975e-03
1.893000000000000000e+03,0.000000000000000000e+00,1.215371877695875860e-03
1.894000000000000000e+03,0.000000000000000000e+00,1.215054009177123171e-03
1.895000000000000000e+03,0.000000000000000000e+00,1.214737569785438037e-03
1.896000000000000000e+03,0.000000000000000000e+00,1.214422547722340297e-03
1.897000000000000000e+03,0.000000000000000000e+00,1.214108931617594901e-03
1.898000000000000000e+03,0.000000000000000000e+00,1.213796710380013986e-03
1.899000000000000000e+03,0.000000000000000000e+00,1.213485873116237120e-03
1.900000000000000000e+03,0.000000000000000000e+00,1.213176409225511605e-03
1.901000000000000000e+03,0.000000000000000000e+00,1.212868308332661462e-03
1.902000000000000000e+03,0.000000000000000000e+00,1.212561560157524119e-03
1.903000000000000000e+03,0.000000000000000000e+00,1.212256154592080120e-03
1.904000000000000000e+03,0.000000000000000000e+00,1.211952081790784730e-03
1.905000000000000000e+03,0.000000000000000000e+00,1.211649332042977938e-03
1.906000000000000000e+03,0.000000000000000000e+00,1.211347895648342806e-03
1.907000000000000000e+03,0.000000000000000000e+00,1.211047763001764019e-03
1.908000000000000000e+03,0.000000000000000000e+00,1.210748924701853923e-03
1.909000000000000000e+03,0.000000000000000000e+00,1.210451371518049806e-03
1.910000000000000000e+03,0.000000000000000000e+00,1.210155094342799933e-03
1.911000000000000000e+03,0.000000000000000000e+00,1.209860084223617765e-03
1.912000000000000000e+03,0.000000000000000000e+00,1.209566332380391249e-03
1.913000000000000000e+03,0.000000000000000000e+00,1.209273830172323105e-03
1.914000000000000000e+03,0.000000000000000000e+00,1.208982569095592855e-03
1.915000000000000000e+03,0.000000000000000000e+00,1.208692540809702285e-03
1.916000000000000000e+03,0.000000000000000000e+00,1.208403737116259561e-03
1.917000000000000000e+03,0.000000000000000000e+00,1.208116149911102159e-03
1.918000000000000000e+03,0.000000000000000000e+00,1.207829771185740374e-03
1.919000000000000000e+03,0.000000000000000000e+00,1.207544593059936512e-03
1.920000000000000000e+03,0.000000000000000000e+00,1.207260607780422709e-03
1.921000000000000000e+03,0.000000000000000000e+00,1.206977807696728430e-03
1.922000000000000000e+03,0.000000000000000000e+00,1.206696185260612781e-03
1.923000000000000000e+03,0.000000000000000000e+00,1.206415733039896106e-03
1.924000000000000000e+03,0.000000000000000000e+00,1.206136443716277276e-03
1.925000000000000000e+03,0.000000000000000000e+00,1.205858310076810772e-03
1.926000000000000000e+03,0.000000000000000000e+00,1.205581325016300605e-03
1.927000000000000000e+03,0.000000000000000000e+00,1.205305481537475741e-03
1.928000000000000000e+03,0.000000000000000000e+00,1.205030772738600268e-03
1.929000000000000000e+03,0.000000000000000000e+00,1.204757191805411491e-03
1.930000000000000000e+03,0.000000000000000000e+00,1.204484732016996087e-03
1.931000000000000000e+03,0.000000000000000000e+00,1.204213386749723377e-03
1.932000000000000000e+03,0.000000000000000000e+00,1.203943149469646149e-03
1.933000000000000000e+03,0.000000000000000000e+00,1.203674013725431662e-03
1.934000000000000000e+03,0.000000000000000000e+00,1.203405973150103959e-03
1.935000000000000000e+03,0.000000000000000000e+00,1.203139021463646603e-03
1.936000000000000000e+03,0.000000000000000000e+00,1.202873152470590543e-03
1.937000000000000000e+03,0.000000000000000000e+00,1.202608360057513944e-03
1.938000000000000000e+03,0.000000000000000000e+00,1.202344638193030262e-03
1.939000000000000000e+03,0.000000000000000000e+00,1.202081980925905850e-03
1.940000000000000000e+03,0.000000000000000000e+00,1.201820382380868650e-03
1.941000000000000000e+03,0.000000000000000000e+00,1.201559836756746838e-03
1.942000000000000000e+03,0.000000000000000000e+00,1.201300338327311460e-03
1.943000000000000000e+03,0.000000000000000000e+00,1.201041881440172068e-03
1.944000000000000000e+03,0.000000000000000000e+00,1.200784460513228125e-03
1.945000000000000000e+03,0.000000000000000000e+00,1.200528070032371147e-03
1.946000000000000000e+03,0.000000000000000000e+00,1.200272704551598327e-03
1.947000000000000000e+03,0.000000000000000000e+00,1.200018358692759050e-03
1.948000000000000000e+03,0.000000000000000000e+00,1.199765027143850308e-03
1.949000000000000000e+03,0.000000000000000000e+00,1.199512704657460221e-03
1.950000000000000000e+03,0.000000000000000000e+00,1.199261386049862944e-03
1.951000000000000000e+03,0.000000000000000000e+00,1.199011066199715892e-03
1.952000000000000000e+03,0.000000000000000000e+00,1.198761740046369682e-03
1.953000000000000000e+03,0.000000000000000000e+00,1.198513402588866983e-03
1.954000000000000000e+03,0.000000000000000000e+00,1.198266048885441833e-03
1.955000000000000000e+03,0.000000000000000000e+00,1.198019674052420037e-03
1.956000000000000000e+03,0.000000000000000000e+00,1.197774273262517623e-03
1.957000000000000000e+03,0.000000000000000000e+00,1.197529841743540449e-03
1.958000000000000000e+03,0.000000000000000000e+00,1.197286374777752765e-03
1.959000000000000000e+03,0.000000000000000000e+00,1.197043867701165325e-03
1.960000000000000000e+03,0.000000000000000000e+00,1.196802315902453350e-03
1.961000000000000000e+03,0.000000000000000000e+00,1.196561714821940637e-03
1.962000000000000000e+03,0.000000000000000000e+00,1.196322059950792691e-03
1.963000000000000000e+03,0.000000000000000000e+00,1.196083346830111634e-03
1.964000000000000000e+03,0.000000000000000000e+00,1.195845571049953919e-03
1.965000000000000000e+03,0.000000000000000000e+00,1.195608728248430223e-03
1.966000000000000000e+03,0.000000000000000000e+00,1.195372814110976000e-03
1.967000000000000000e+03,0.000000000000000000e+00,1.195137824369531601e-03
1.968000000000000000e+03,0.000000000000000000e+00,1.194903754801584280e-03
1.969000000000000000e+03,0.000000000000000000e+00,1.194670601229317741e-03
1.970000000000000000e+03,0.000000000000000000e+00,1.194438359518922585e-03
1.971000000000000000e+03,0.000000000000000000e+00,1.194207025579927146e-03
1.972000000000000000e+03,0.000000000000000000e+00,1.193976595364429870e-03
1.973000000000000000e+03,0.000000000000000000e+00,1.193747064866289634e-03
1.974000000000000000e+03,0.000000000000000000e+00,1.193518430120438147e-03
1.975000000000000000e+03,0.000000000000000000e+00,1.193290687202176736e-03
1.976000000000000000e+03,0.000000000000000000e+00,1.193063832226485925e-03
1.977000000000000000e+03,0.000000000000000000e+00,1.192837861347347808e-03
1.978000000000000000e+03,0.000000000000000000e+00,1.192612770757105287e-03
1.979000000000000000e+03,0.000000000000000000e+00,1.192388556685860992e-03
1.980000000000000000e+03,0.000000000000000000e+00,1.192165215400793361e-03
1.981000000000000000e+03,0.000000000000000000e+00,1.191942743205522386e-03
1.982000000000000000e+03,0.000000000000000000e+00,1.191721136439488149e-03
1.983000000000000000e+03,0.000000000000000000e+00,1.191500391477393972e-03
1.984000000000000000e+03,0.000000000000000000e+00,1.191280504728621384e-03
1.985000000000000000e+03,0.000000000000000000e+00,1.191061472636639230e-03
1.986000000000000000e+03,0.000000000000000000e+00,1.190843291678447043e-03
1.987000000000000000e+03,0.000000000000000000e+00,1.190625958364038362e-03
1.988000000000000000e+03,0.000000000000000000e+00,1.190409469235872509e-03
1.989000000000000000e+03,0.000000000000000000e+00,1.190193820868322514e-03
1.990000000000000000e+03,0.000000000000000000e+00,1.189979009867172914e-03
1.991000000000000000e+03,0.000000000000000000e+00,1.189765032869101284e-03
1.992000000000000000e+03,0.000000000000000000e+00,1.189551886541191216e-03
1.993000000000000000e+03,0.000000000000000000e+00,1.189339567580424912e-03
1.994000000000000000e+03,0.000000000000000000e+00,1.189128072713229334e-03
1.995000000000000000e+03,0.000000000000000000e+00,1.188917398694987020e-03
1.996000000000000000e+03,0.000000000000000000e+00,1.188707542309601090e-03
1.997000000000000000e+03,0.000000000000000000e+00,1.188498500369035774e-03
1.998000000000000000e+03,0.000000000000000000e+00,1.188290269712853446e-03
1.999000000000000000e+03,0.000000000000000000e+00,1.188082847207797650e-03
2.000000000000000000e+03,0.000000000000000000e+00,1.187876229747353123e-03
2.001000000000000000e+03,0.000000000000000000e+00,1.297733165896083028e-03
2.002000000000000000e+03,0.000000000000000000e+00,1.297012893471324434e-03
2.003000000000000000e+03,0.000000000000000000e+00,1.296226067620794963e-03
2.004000000000000000e+03,0.000000000000000000e+00,1.295042005877705595e-03
2.005000000000000000e+03,0.000000000000000000e+00,1.293817438771837280e-03
2.006000000000000000e+03,0.000000000000000000e+00,1.292598634925591541e-03
2.007000000000000000e+03,0.000000000000000000e+00,1.291205980263480111e-03
2.008000000000000000e+03,0.000000000000000000e+00,1.289956765166674901e-03
2.009000000000000000e+03,0.000000000000000000e+00,1.288706076222521490e-03
2.010000000000000000e+03,0.000000000000000000e+00,1.287472827432810212e-03
2.011000000000000000e+03,0.000000000000000000e+00,1.286413061625087118e-03
2.012000000000000000e+03,0.000000000000000000e+00,1.285336024199456879e-03
2.013000000000000000e+03,0.000000000000000000e+00,1.284325133781237614e-03
2.014000000000000000e+03,0.000000000000000000e+00,1.283376822161131194e-03
2.015000000000000000e+03,0.000000000000000000e+00,1.282379135285797913e-03
2.016000000000000000e+03,0.000000000000000000e+00,1.281449915297028100e-03
2.017000000000000000e+03,0.000000000000000000e+00,1.280538311979973875e-03
2.018000000000000000e+03,0.000000000000000000e+00,1.279622046636022959e-03
2.019000000000000000e+03,0.000000000000000000e+00,1.278775747554131668e-03
2.020000000000000000e+03,0.000000000000000000e+00,1.277930476842950580e-03
2.021000000000000000e+03,0.000000000000000000e+00,1.277114412322229728e-03
2.022000000000000000e+03,0.000000000000000000e+00,1.276360640086009407e-03
2.023000000000000000e+03,0.000000000000000000e+00,1.275621468929409195e-03
2.024000000000000000e+03,0.000000000000000000e+00,1.274938706020370188e-03
2.025000000000000000e+03,0.000000000000000000e+00,1.274306013028251227e-03
2.026000000000000000e+03,0.000000000000000000e+00,1.273691643926004504e-03
2.027000000000000000e+03,0.000000000000000000e+00,1.273124052783454734e-03
2.028000000000000000e+03,0.000000000000000000e+00,1.272579341917900921e-03
2.029000000000000000e+03,0.000000000000000000e+00,1.272048197087781007e-03
2.030000000000000000e+03,0.000000000000000000e+00,1.271550091854077710e-03
2.031000000000000000e+03,0.000000000000000000e+00,1.271061241853828610e-03
2.032000000000000000e+03,0.000000000000000000e+00,1.270583692840189126e-03
2.033000000000000000e+03,0.000000000000000000e+00,1.270124975399182943e-03
2.034000000000000000e+03,0.000000000000000000e+00,1.269667706246564200e-03
2.035000000000000000e+03,0.000000000000000000e+00,1.269221392419657597e-03
2.036000000000000000e+03,0.000000000000000000e+00,1.268788404970129123e-03
2.037000000000000000e+03,0.000000000000000000e+00,1.268359163772905980e-03
2.038000000000000000e+03,0.000000000000000000e+00,1.267943397809783487e-03
2.039000000000000000e+03,0.000000000000000000e+00,1.267538499730050221e-03
2.040000000000000000e+03,0.000000000000000000e+00,1.267138923622179725e-03
2.041000000000000000e+03,0.000000000000000000e+00,1.266751638345550235e-03
2.042000000000000000e+03,0.000000000000000000e+00,1.266372448220444468e-03
2.043000000000000000e+03,0.000000000000000000e+00,1.265999519971627895e-03
2.044000000000000000e+03,0.000000000000000000e+00,1.265637438645729560e-03
2.045000000000000000e+03,0.000000000000000000e+00,1.265281513181966801e-03
2.046000000000000000e+03,0.000000000000000000e+00,1.264931171092695738e-03
2.047000000000000000e+03,0.000000000000000000e+00,1.264588759553854792e-03
2.048000000000000000e+03,0.000000000000000000e+00,1.264250591305967480e-03
2.049000000000000000e+03,0.000000000000000000e+00,1.263917494802338243e-03
2.050000000000000000e+03,0.000000000000000000e+00,1.263590857735959281e-03
2.051000000000000000e+03,0.000000000000000000e+00,1.263268055072889074e-03
2.052000000000000000e+03,0.000000000000000000e+00,1.262950163412102740e-03
2.053000000000000000e+03,0.000000000000000000e+00,1.262637636742065805e-03
2.054000000000000000e+03,0.000000000000000000e+00,1.262328565352419888e-03
2.055000000000000000e+03,0.000000000000000000e+00,1.262023990676736096e-03
2.056000000000000000e+03,0.000000000000000000e+00,1.261724011774761813e-03
2.057000000000000000e+03,0.000000000000000000e+00,1.261427408408419791e-03
2.058000000000000000e+03,0.000000000000000000e+00,1.261135007597984775e-03
2.059000000000000000e+03,0.000000000000000000e+00,1.260846534735402587e-03
2.060000000000000000e+03,0.000000000000000000e+00,1.260561020456018276e-03
2.061000000000000000e+03,0.000000000000000000e+00,1.260279020696388396e-03
2.062000000000000000e+03,0.000000000000000000e+00,1.260000233890144284e-03
2.063000000000000000e+03,0.000000000000000000e+00,1.259724063463088344e-03
2.064000000000000000e+03,0.000000000000000000e+00,1.259450949810076142e-03
2.065000000000000000e+03,0.000000000000000000e+00,1.259180600468977644e-03
2.066000000000000000e+03,0.000000000000000000e+00,1.258912582116015165e-03
2.067000000000000000e+03,0.000000000000000000e+00,1.258647180307097269e-03
2.068000000000000000e+03,0.000000000000000000e+00,1.258384139084469831e-03
2.069000000000000000e+03,0.000000000000000000e+00,1.258123171797496899e-03
2.070000000000000000e+03,0.000000000000000000e+00,1.257864510309002551e-03
2.071000000000000000e+03,0.000000000000000000e+00,1.257607984174576900e-03
2.072000000000000000e+03,0.000000000000000000e+00,1.257353395721359009e-03
2.073000000000000000e+03,0.000000000000000000e+00,1.257100887523012692e-03
2.074000000000000000e+03,0.000000000000000000e+00,1.256850303441608974e-03
2.075000000000000000e+03,0.000000000000000000e+00,1.256601481995456553e-03
2.076000000000000000e+03,0.000000000000000000e+00,1.256354526358221873e-03
2.077000000000000000e+03,0.000000000000000000e+00,1.256109339607528342e-03
2.078000000000000000e+03,0.000000000000000000e+00,1.255865809665763578e-03
2.079000000000000000e+03,0.000000000000000000e+00,1.255624006470174329e-03
2.080000000000000000e+03,0.000000000000000000e+00,1.255383854865082258e-03
2.081000000000000000e+03,0.000000000000000000e+00,1.255145256647745202e-03
2.082000000000000000e+03,0.000000000000000000e+00,1.254908251148863316e-03
2.083000000000000000e+03,0.000000000000000000e+00,1.254672786680963723e-03
2.084000000000000000e+03,0.000000000000000000e+00,1.254438788205526102e-03
2.085000000000000000e+03,0.000000000000000000e+00,1.254206283833725951e-03
2.086000000000000000e+03,0.000000000000000000e+00,1.253975242360280771e-03
2.087000000000000000e+03,0.000000000000000000e+00,1.253745600170449049e-03
2.088000000000000000e+03,0.000000000000000000e+00,1.253517365316952036e-03
2.089000000000000000e+03,0.000000000000000000e+00,1.253290512490840784e-03
2.090000000000000000e+03,0.000000000000000000e+00,1.253064988197848551e-03
2.091000000000000000e+03,0.000000000000000000e+00,1.252840793991393973e-03
2.092000000000000000e+03,0.000000000000000000e+00,1.252617917204918276e-03
2.093000000000000000e+03,0.000000000000000000e+00,1.252396317043389610e-03
2.094000000000000000e+03,0.000000000000000000e+00,1.252175988341330554e-03
2.095000000000000000e+03,0.000000000000000000e+00,1.251956922145555694e-03
2.096000000000000000e+03,0.000000000000000000e+00,1.251739085001642420e-03
2.097000000000000000e+03,0.000000000000000000e+00,1.251522466791613096e-03
2.098000000000000000e+03,0.000000000000000000e+00,1.251307061962246645e-03
2.099000000000000000e+03,0.000000000000000000e+00,1.251092845773511646e-03
2.100000000000000000e+03,0.000000000000000000e+00,1.250879806653202664e-03
2.101000000000000000e+03,0.000000000000000000e+00,1.250667940562773077e-03
2.102000000000000000e+03,0.000000000000000000e+00,1.250457228205872993e-03
2.103000000000000000e+03,0.000000000000000000e+00,1.250247655239142145e-03
2.104000000000000000e+03,0.000000000000000000e+00,1.250039216028139052e-03
2.105000000000000000e+03,0.000000000000000000e+00,1.249831895460620443e-03
2.106000000000000000e+03,0.000000000000000000e+00,1.249625679313346545e-03
2.107000000000000000e+03,0.000000000000000000e+00,1.249420561717041155e-03
2.108000000000000000e+03,0.000000000000000000e+00,1.249216531510236906e-03
2.109000000000000000e+03,0.000000000000000000e+00,1.249013575257262821e-03
2.110000000000000000e+03,0.000000000000000000e+00,1.248811685900866981e-03
2.111000000000000000e+03,0.000000000000000000e+00,1.248610854595854844e-03
2.112000000000000000e+03,0.000000000000000000e+00,1.248411069375833255e-03
2.113000000000000000e+03,0.000000000000000000e+00,1.248212322677092574e-03
2.114000000000000000e+03,0.000000000000000000e+00,1.248014607579228229e-03
2.115000000000000000e+03,0.000000000000000000e+00,1.247817914203960387e-03
2.116000000000000000e+03,0.000000000000000000e+00,1.247622234877521826e-03
2.117000000000000000e+03,0.000000000000000000e+00,1.247427563552334744e-03
2.118000000000000000e+03,0.000000000000000000e+00,1.247233891880200054e-03
2.119000000000000000e+03,0.000000000000000000e+00,1.247041212011745347e-03
2.120000000000000000e+03,0.000000000000000000e+00,1.246849518025050984e-03
2.121000000000000000e+03,0.000000000000000000e+00,1.246658802882576276e-03
2.122000000000000000e+03,0.000000000000000000e+00,1.246469059127783665e-03
2.123000000000000000e+03,0.000000000000000000e+00,1.246280280849173562e-03
2.124000000000000000e+03,0.000000000000000000e+00,1.246092461899495291e-03
2.125000000000000000e+03,0.000000000000000000e+00,1.245905595302454092e-03
2.126000000000000000e+03,0.000000000000000000e+00,1.245719674992278383e-03
2.127000000000000000e+03,0.000000000000000000e+00,1.245534695317901527e-03
2.128000000000000000e+03,0.000000000000000000e+00,1.245350649958525471e-03
2.129000000000000000e+03,0.000000000000000000e+00,1.245167532932206327e-03
2.130000000000000000e+03,0.000000000000000000e+00,1.244985338912599042e-03
2.131000000000000000e+03,0.000000000000000000e+00,1.244804062247961739e-03
2.132000000000000000e+03,0.000000000000000000e+00,1.244623697213058811e-03
2.133000000000000000e+03,0.000000000000000000e+00,1.244444238633749845e-03
2.134000000000000000e+03,0.000000000000000000e+00,1.244265681341210489e-03
2.135000000000000000e+03,0.000000000000000000e+00,1.244088019942313390e-03
2.136000000000000000e+03,0.000000000000000000e+00,1.243911249367013038e-03
2.137000000000000000e+03,0.000000000000000000e+00,1.243735364777485714e-03
2.138000000000000000e+03,0.000000000000000000e+00,1.243560361170858086e-03
2.139000000000000000e+03,0.000000000000000000e+00,1.243386233629259138e-03
2.140000000000000000e+03,0.000000000000000000e+00,1.243212977497549099e-03
2.141000000000000000e+03,0.000000000000000000e+00,1.243040588085396730e-03
2.142000000000000000e+03,0.000000000000000000e+00,1.242869060656100330e-03
2.143000000000000000e+03,0.000000000000000000e+00,1.242698390665588400e-03
2.144000000000000000e+03,0.000000000000000000e+00,1.242528573662336506e-03
2.145000000000000000e+03,0.000000000000000000e+00,1.242359605140284408e-03
2.146000000000000000e+03,0.000000000000000000e+00,1.242191480679811187e-03
2.147000000000000000e+03,0.000000000000000000e+00,1.242024195999821400e-03
2.148000000000000000e+03,0.000000000000000000e+00,1.241857746819029868e-03
2.149000000000000000e+03,0.000000000000000000e+00,1.241692128867803984e-03
2.150000000000000000e+03,0.000000000000000000e+00,1.241527337989229568e-03
2.151000000000000000e+03,0.000000000000000000e+00,1.241363370085686807e-03
2.152000000000000000e+03,0.000000000000000000e+00,1.241200221057978375e-03
2.153000000000000000e+03,0.000000000000000000e+00,1.241037886870227603e-03
2.154000000000000000e+03,0.000000000000000000e+00,1.240876363571196067e-03
2.155000000000000000e+03,0.000000000000000000e+00,1.240715647231212509e-03
2.156000000000000000e+03,0.000000000000000000e+00,1.240555733944022701e-03
2.157000000000000000e+03,0.000000000000000000e+00,1.240396619871637039e-03
2.158000000000000000e+03,0.000000000000000000e+00,1.240238301223107716e-03
2.159000000000000000e+03,0.000000000000000000e+00,1.240080774223788988e-03
2.160000000000000000e+03,0.000000000000000000e+00,1.239924035140779930e-03
2.161000000000000000e+03,0.000000000000000000e+00,1.239768080296885927e-03
2.162000000000000000e+03,0.000000000000000000e+00,1.239612906043665187e-03
2.163000000000000000e+03,0.000000000000000000e+00,1.239458508756663239e-03
2.164000000000000000e+03,0.000000000000000000e+00,1.239304884855926044e-03
2.165000000000000000e+03,0.000000000000000000e+00,1.239152030801185262e-03
2.166000000000000000e+03,0.000000000000000000e+00,1.238999943075050738e-03
2.167000000000000000e+03,0.000000000000000000e+00,1.238848618190075595e-03
2.168000000000000000e+03,0.000000000000000000e+00,1.238698052698530318e-03
2.169000000000000000e+03,0.000000000000000000e+00,1.238548243182686134e-03
2.170000000000000000e+03,0.000000000000000000e+00,1.238399186248409110e-03
2.171000000000000000e+03,0.000000000000000000e+00,1.238250878533189540e-03
2.172000000000000000e+03,0.000000000000000000e+00,1.238103316707604533e-03
2.173000000000000000e+03,0.000000000000000000e+00,1.237956497466990687e-03
2.174000000000000000e+03,0.000000000000000000e+00,1.237810417530816774e-03
2.175000000000000000e+03,0.000000000000000000e+00,1.237665073648028854e-03
2.176000000000000000e+03,0.000000000000000000e+00,1.237520462595033659e-03
2.177000000000000000e+03,0.000000000000000000e+00,1.237376581170738154e-03
2.178000000000000000e+03,0.000000000000000000e+00,1.237233426198092569e-03
2.179000000000000000e+03,0.000000000000000000e+00,1.237090994526510125e-03
2.180000000000000000e+03,0.000000000000000000e+00,1.236949283028980235e-03
2.181000000000000000e+03,0.000000000000000000e+00,1.236808288599562048e-03
2.182000000000000000e+03,0.000000000000000000e+00,1.236668008155084042e-03
2.183000000000000000e+03,0.000000000000000000e+00,1.236528438635734915e-03
2.184000000000000000e+03,0.000000000000000000e+00,1.236389577002636707e-03
2.185000000000000000e+03,0.000000000000000000e+00,1.236251420236811989e-03
2.186000000000000000e+03,0.000000000000000000e+00,1.236113965340392097e-03
2.187000000000000000e+03,0.000000000000000000e+00,1.235977209336341313e-03
2.188000000000000000e+03,0.000000000000000000e+00,1.235841149266748160e-03
2.189000000000000000e+03,0.000000000000000000e+00,1.235705782192448969e-03
2.190000000000000000e+03,0.000000000000000000e+00,1.235571105193648692e-03
2.191000000000000000e+03,0.000000000000000000e+00,1.235437115369351262e-03
2.192000000000000000e+03,0.000000000000000000e+00,1.235303809836131193e-03
2.193000000000000000e+03,0.000000000000000000e+00,1.235171185728006727e-03
2.194000000000000000e+03,0.000000000000000000e+00,1.235039240196693974e-03
2.195000000000000000e+03,0.000000000000000000e+00,1.234907970410989344e-03
2.196000000000000000e+03,0.000000000000000000e+00,1.234777373555982424e-03
2.197000000000000000e+03,0.000000000000000000e+00,1.234647446832956444e-03
2.198000000000000000e+03,0.000000000000000000e+00,1.234518187459398035e-03
2.199000000000000000e+03,0.000000000000000000e+00,1.234389592668437997e-03
2.200000000000000000e+03,0.000000000000000000e+00,1.234261659708290335e-03
2.201000000000000000e+03,0.000000000000000000e+00,1.234134385842111962e-03
2.202000000000000000e+03,0.000000000000000000e+00,1.234007768347898399e-03
2.203000000000000000e+03,0.000000000000000000e+00,1.233881804518024289e-03
2.204000000000000000e+03,0.000000000000000000e+00,1.233756491658825113e-03
2.205000000000000000e+03,0.000000000000000000e+00,1.233631827090438896e-03
2.206000000000000000e+03,0.000000000000000000e+00,1.233507808146657239e-03
2.207000000000000000e+03,0.000000000000000000e+00,1.233384432174536305e-03
2.208000000000000000e+03,0.000000000000000000e+00,1.233261696534058765e-03
2.209000000000000000e+03,0.000000000000000000e+00,1.233139598597947318e-03
2.210000000000000000e+03,0.000000000000000000e+00,1.233018135751490565e-03
2.211000000000000000e+03,0.000000000000000000e+00,1.232897305392217100e-03
2.212000000000000000e+03,0.000000000000000000e+00,1.232777104929622721e-03
2.213000000000000000e+03,0.000000000000000000e+00,1.232657531784978316e-03
2.214000000000000000e+03,0.000000000000000000e+00,1.232538583391143373e-03
2.215000000000000000e+03,0.000000000000000000e+00,1.232420257192314668e-03
2.216000000000000000e+03,0.000000000000000000e+00,1.232302550643750222e-03
2.217000000000000000e+03,0.000000000000000000e+00,1.232185461211602120e-03
2.218000000000000000e+03,0.000000000000000000e+00,1.232068986372718538e-03
2.219000000000000000e+03,0.000000000000000000e+00,1.231953123614426679e-03
2.220000000000000000e+03,0.000000000000000000e+00,1.231837870434293819e-03
2.221000000000000000e+03,0.000000000000000000e+00,1.231723224339960994e-03
2.222000000000000000e+03,0.000000000000000000e+00,1.231609182848953255e-03
2.223000000000000000e+03,0.000000000000000000e+00,1.231495743488490811e-03
2.224000000000000000e+03,0.000000000000000000e+00,1.231382903795280419e-03
2.225000000000000000e+03,0.000000000000000000e+00,1.231270661315336714e-03
2.226000000000000000e+03,0.000000000000000000e+00,1.231159013603817191e-03
2.227000000000000000e+03,0.000000000000000000e+00,1.231047958224845695e-03
2.228000000000000000e+03,0.000000000000000000e+00,1.230937492751324209e-03
2.229000000000000000e+03,0.000000000000000000e+00,1.230827614764762410e-03
2.230000000000000000e+03,0.000000000000000000e+00,1.230718321855136079e-03
2.231000000000000000e+03,0.000000000000000000e+00,1.230609611620703649e-03
2.232000000000000000e+03,0.000000000000000000e+00,1.230501481667849650e-03
2.233000000000000000e+03,0.000000000000000000e+00,1.230393929610923811e-03
2.234000000000000000e+03,0.000000000000000000e+00,1.230286953072096861e-03
2.235000000000000000e+03,0.000000000000000000e+00,1.230180549681201803e-03
2.236000000000000000e+03,0.000000000000000000e+00,1.230074717075587982e-03
2.237000000000000000e+03,0.000000000000000000e+00,1.229969452899968641e-03
2.238000000000000000e+03,0.000000000000000000e+00,1.229864754806282582e-03
2.239000000000000000e+03,0.000000000000000000e+00,1.229760620453556903e-03
2.240000000000000000e+03,0.000000000000000000e+00,1.229657047507761282e-03
2.241000000000000000e+03,0.000000000000000000e+00,1.229554033641675056e-03
2.242000000000000000e+03,0.000000000000000000e+00,1.229451576534757546e-03
2.243000000000000000e+03,0.000000000000000000e+00,1.229349673873000827e-03
2.244000000000000000e+03,0.000000000000000000e+00,1.229248323348822169e-03
2.245000000000000000e+03,0.000000000000000000e+00,1.229147522660917679e-03
2.246000000000000000e+03,0.000000000000000000e+00,1.229047269514150185e-03
2.247000000000000000e+03,0.000000000000000000e+00,1.228947561619423475e-03
2.248000000000000000e+03,0.000000000000000000e+00,1.228848396693553273e-03
2.249000000000000000e+03,0.000000000000000000e+00,1.228749772459162507e-03
2.250000000000000000e+03,0.000000000000000000e+00,1.228651686644551422e-03
2.251000000000000000e+03,0.000000000000000000e+00,1.411658534106933257e-03
2.252000000000000000e+03,0.000000000000000000e+00,1.410760133138337646e-03
2.253000000000000000e+03,0.000000000000000000e+00,1.409658621702747925e-03
2.254000000000000000e+03,0.000000000000000000e+00,1.408599773022282215e-03
2.255000000000000000e+03,0.000000000000000000e+00,1.407329911679253056e-03
2.256000000000000000e+03,0.000000000000000000e+00,1.405720646874422794e-03
2.257000000000000000e+03,0.000000000000000000e+00,1.404053722793342698e-03
2.258000000000000000e+03,0.000000000000000000e+00,1.402613955651017775e-03
2.259000000000000000e+03,0.000000000000000000e+00,1.401337797415983834e-03
2.260000000000000000e+03,0.000000000000000000e+00,1.400023421679144316e-03
2.261000000000000000e+03,0.000000000000000000e+00,1.398680576210589461e-03
2.262000000000000000e+03,0.000000000000000000e+00,1.397486495621280212e-03
2.263000000000000000e+03,0.000000000000000000e+00,1.396497473141884629e-03
2.264000000000000000e+03,0.000000000000000000e+00,1.395584722071663807e-03
2.265000000000000000e+03,0.000000000000000000e+00,1.394642457065863213e-03
2.266000000000000000e+03,0.000000000000000000e+00,1.393718650798873946e-03
2.267000000000000000e+03,0.000000000000000000e+00,1.392902645799216736e-03
2.268000000000000000e+03,0.000000000000000000e+00,1.392180267334204493e-03
2.269000000000000000e+03,0.000000000000000000e+00,1.391465421912635187e-03
2.270000000000000000e+03,0.000000000000000000e+00,1.390725330072676647e-03
2.271000000000000000e+03,0.000000000000000000e+00,1.390005445709856756e-03
2.272000000000000000e+03,0.000000000000000000e+00,1.389341963768161948e-03
2.273000000000000000e+03,0.000000000000000000e+00,1.388707518576369222e-03
2.274000000000000000e+03,0.000000000000000000e+00,1.388058241651894849e-03
2.275000000000000000e+03,0.000000000000000000e+00,1.387396497523890517e-03
2.276000000000000000e+03,0.000000000000000000e+00,1.386760061366646909e-03
2.277000000000000000e+03,0.000000000000000000e+00,1.386166774933630160e-03
2.278000000000000000e+03,0.000000000000000000e+00,1.385597325017005627e-03
2.279000000000000000e+03,0.000000000000000000e+00,1.385030266740012441e-03
2.280000000000000000e+03,0.000000000000000000e+00,1.384471340962059333e-03
2.281000000000000000e+03,0.000000000000000000e+00,1.383939703604538177e-03
2.282000000000000000e+03,0.000000000000000000e+00,1.383438767555010291e-03
2.283000000000000000e+03,0.000000000000000000e+00,1.382953453909447272e-03
2.284000000000000000e+03,0.000000000000000000e+00,1.382471931934789672e-03
2.285000000000000000e+03,0.000000000000000000e+00,1.381998451794848445e-03
2.286000000000000000e+03,0.000000000000000000e+00,1.381542716602108091e-03
2.287000000000000000e+03,0.000000000000000000e+00,1.381104695018069758e-03
2.288000000000000000e+03,0.000000000000000000e+00,1.380675499790626898e-03
2.289000000000000000e+03,0.000000000000000000e+00,1.380249873766892016e-03
2.290000000000000000e+03,0.000000000000000000e+00,1.379831924249900121e-03
2.291000000000000000e+03,0.000000000000000000e+00,1.379428162806783497e-03
2.292000000000000000e+03,0.000000000000000000e+00,1.379039108697705223e-03
2.293000000000000000e+03,0.000000000000000000e+00,1.378660070679645598e-03
2.294000000000000000e+03,0.000000000000000000e+00,1.378288045201458544e-03
2.295000000000000000e+03,0.000000000000000000e+00,1.377924847487757478e-03
2.296000000000000000e+03,0.000000000000000000e+00,1.377573471437285035e-03
2.297000000000000000e+03,0.000000000000000000e+00,1.377233673654932244e-03
2.298000000000000000e+03,0.000000000000000000e+00,1.376902400496433053e-03
2.299000000000000000e+03,0.000000000000000000e+00,1.376577525476881114e-03
2.300000000000000000e+03,0.000000000000000000e+00,1.376259666386127822e-03
2.301000000000000000e+03,0.000000000000000000e+00,1.375950299677910875e-03
2.302000000000000000e+03,0.000000000000000000e+00,1.375649224362538153e-03
2.303000000000000000e+03,0.000000000000000000e+00,1.375354548549499083e-03
2.304000000000000000e+03,0.000000000000000000e+00,1.375064692694986284e-03
2.305000000000000000e+03,0.000000000000000000e+00,1.374779633534732289e-03
2.306000000000000000e+03,0.000000000000000000e+00,1.374500106434601871e-03
2.307000000000000000e+03,0.000000000000000000e+00,1.374226142705024540e-03
2.308000000000000000e+03,0.000000000000000000e+00,1.373956783061666903e-03
2.309000000000000000e+03,0.000000000000000000e+00,1.373691040648046362e-03
2.310000000000000000e+03,0.000000000000000000e+00,1.373428733953791728e-03
2.311000000000000000e+03,0.000000000000000000e+00,1.373170265980489749e-03
2.312000000000000000e+03,0.000000000000000000e+00,1.372915832582265010e-03
2.313000000000000000e+03,0.000000000000000000e+00,1.372665082630391588e-03
2.314000000000000000e+03,0.000000000000000000e+00,1.372417512559995223e-03
2.315000000000000000e+03,0.000000000000000000e+00,1.372172984691871506e-03
2.316000000000000000e+03,0.000000000000000000e+00,1.371931750585915315e-03
2.317000000000000000e+03,0.000000000000000000e+00,1.371694046753361290e-03
2.318000000000000000e+03,0.000000000000000000e+00,1.371459791169960928e-03
2.319000000000000000e+03,0.000000000000000000e+00,1.371228686154994745e-03
2.320000000000000000e+03,0.000000000000000000e+00,1.371000525144535969e-03
2.321000000000000000e+03,0.000000000000000000e+00,1.370775326395504449e-03
2.322000000000000000e+03,0.000000000000000000e+00,1.370553188835732256e-03
2.323000000000000000e+03,0.000000000000000000e+00,1.370334088197892094e-03
2.324000000000000000e+03,0.000000000000000000e+00,1.370117846910979403e-03
2.325000000000000000e+03,0.000000000000000000e+00,1.369904273419999879e-03
2.326000000000000000e+03,0.000000000000000000e+00,1.369693287115870961e-03
2.327000000000000000e+03,0.000000000000000000e+00,1.369484900821595725e-03
2.328000000000000000e+03,0.000000000000000000e+00,1.369279111070187708e-03
2.329000000000000000e+03,0.000000000000000000e+00,1.369075831927852108e-03
2.330000000000000000e+03,0.000000000000000000e+00,1.368874932627334260e-03
2.331000000000000000e+03,0.000000000000000000e+00,1.368676317971644334e-03
2.332000000000000000e+03,0.000000000000000000e+00,1.368479959302688637e-03
2.333000000000000000e+03,0.000000000000000000e+00,1.368285854441762036e-03
2.334000000000000000e+03,0.000000000000000000e+00,1.368093972072452176e-03
2.335000000000000000e+03,0.000000000000000000e+00,1.367904239693421876e-03
2.336000000000000000e+03,0.000000000000000000e+00,1.367716577500606521e-03
2.337000000000000000e+03,0.000000000000000000e+00,1.367530934192181342e-03
2.338000000000000000e+03,0.000000000000000000e+00,1.367347288668680416e-03
2.339000000000000000e+03,0.000000000000000000e+00,1.367165623490296765e-03
2.340000000000000000e+03,0.000000000000000000e+00,1.366985902487450038e-03
2.341000000000000000e+03,0.000000000000000000e+00,1.366808073511993323e-03
2.342000000000000000e+03,0.000000000000000000e+00,1.366632087922379449e-03
2.343000000000000000e+03,0.000000000000000000e+00,1.366457913882473127e-03
2.344000000000000000e+03,0.000000000000000000e+00,1.366285531624739091e-03
2.345000000000000000e+03,0.000000000000000000e+00,1.366114918911148866e-03
2.346000000000000000e+03,0.000000000000000000e+00,1.365946042613946487e-03
2.347000000000000000e+03,0.000000000000000000e+00,1.365778863079588701e-03
2.348000000000000000e+03,0.000000000000000000e+00,1.365613344395155953e-03
2.349000000000000000e+03,0.000000000000000000e+00,1.365449459641242952e-03
2.350000000000000000e+03,0.000000000000000000e+00,1.365287187322198302e-03
2.351000000000000000e+03,0.000000000000000000e+00,1.365126504224595163e-03
2.352000000000000000e+03,0.000000000000000000e+00,1.364967382095407748e-03
2.353000000000000000e+03,0.000000000000000000e+00,1.364809790360309132e-03
2.354000000000000000e+03,0.000000000000000000e+00,1.364653701061165243e-03
2.355000000000000000e+03,0.000000000000000000e+00,1.364499091013761335e-03
2.356000000000000000e+03,0.000000000000000000e+00,1.364345939825662921e-03
2.357000000000000000e+03,0.000000000000000000e+00,1.364194226458609891e-03
2.358000000000000000e+03,0.000000000000000000e+00,1.364043927725219676e-03
2.359000000000000000e+03,0.000000000000000000e+00,1.363895019611265037e-03
2.360000000000000000e+03,0.000000000000000000e+00,1.363747479585247172e-03
2.361000000000000000e+03,0.000000000000000000e+00,1.363601287580760079e-03
2.362000000000000000e+03,0.000000000000000000e+00,1.363456425021221212e-03
2.363000000000000000e+03,0.000000000000000000e+00,1.363312873122969528e-03
2.364000000000000000e+03,0.000000000000000000e+00,1.363170612082592863e-03
2.365000000000000000e+03,0.000000000000000000e+00,1.363029621644259483e-03
2.366000000000000000e+03,0.000000000000000000e+00,1.362889882250657020e-03
2.367000000000000000e+03,0.000000000000000000e+00,1.362751375660560971e-03
2.368000000000000000e+03,0.000000000000000000e+00,1.362614084619823140e-03
2.369000000000000000e+03,0.000000000000000000e+00,1.362477992067285919e-03
2.370000000000000000e+03,0.000000000000000000e+00,1.362343080641308102e-03
2.371000000000000000e+03,0.000000000000000000e+00,1.362209332827911141e-03
2.372000000000000000e+03,0.000000000000000000e+00,1.362076731477639786e-03
2.373000000000000000e+03,0.000000000000000000e+00,1.361945260171472296e-03
2.374000000000000000e+03,0.000000000000000000e+00,1.361814903157311778e-03
2.375000000000000000e+03,0.000000000000000000e+00,1.361685644995673256e-03
2.376000000000000000e+03,0.000000000000000000e+00,1.361557470262313684e-03
2.377000000000000000e+03,0.000000000000000000e+00,1.361430363532666922e-03
2.378000000000000000e+03,0.000000000000000000e+00,1.361304309594189074e-03
2.379000000000000000e+03,0.000000000000000000e+00,1.361179293659765463e-03
2.380000000000000000e+03,0.000000000000000000e+00,1.361055301404014931e-03
2.381000000000000000e+03,0.000000000000000000e+00,1.360932318824916581e-03
2.382000000000000000e+03,0.000000000000000000e+00,1.360810332071889141e-03
2.383000000000000000e+03,0.000000000000000000e+00,1.360689327377179831e-03
2.384000000000000000e+03,0.000000000000000000e+00,1.360569291116539136e-03
2.385000000000000000e+03,0.000000000000000000e+00,1.360450209918526165e-03
2.386000000000000000e+03,0.000000000000000000e+00,1.360332070721910870e-03
2.387000000000000000e+03,0.000000000000000000e+00,1.360214860743242304e-03
2.388000000000000000e+03,0.000000000000000000e+00,1.360098567394142860e-03
2.389000000000000000e+03,0.000000000000000000e+00,1.359983178217795494e-03
2.390000000000000000e+03,0.000000000000000000e+00,1.359868680883812193e-03
2.391000000000000000e+03,0.000000000000000000e+00,1.359755063227804320e-03
2.392000000000000000e+03,0.000000000000000000e+00,1.359642313291076340e-03
2.393000000000000000e+03,0.000000000000000000e+00,1.359530419325997823e-03
2.394000000000000000e+03,0.000000000000000000e+00,1.359419369766193958e-03
2.395000000000000000e+03,0.000000000000000000e+00,1.359309153187446186e-03
2.396000000000000000e+03,0.000000000000000000e+00,1.359199758286962038e-03
2.397000000000000000e+03,0.000000000000000000e+00,1.359091173889053535e-03
2.398000000000000000e+03,0.000000000000000000e+00,1.358983388964546358e-03
2.399000000000000000e+03,0.000000000000000000e+00,1.358876392643873108e-03
2.400000000000000000e+03,0.000000000000000000e+00,1.358770174213047013e-03
2.401000000000000000e+03,0.000000000000000000e+00,1.358664723096397308e-03
2.402000000000000000e+03,0.000000000000000000e+00,1.358560028838756229e-03
2.403000000000000000e+03,0.000000000000000000e+00,1.358456081097489257e-03
2.404000000000000000e+03,0.000000000000000000e+00,1.358352869645452609e-03
2.405000000000000000e+03,0.000000000000000000e+00,1.358250384378108851e-03
2.406000000000000000e+03,0.000000000000000000e+00,1.358148615316683884e-03
2.407000000000000000e+03,0.000000000000000000e+00,1.358047552603703929e-03
2.408000000000000000e+03,0.000000000000000000e+00,1.357947186493733190e-03
2.409000000000000000e+03,0.000000000000000000e+00,1.357847507344615672e-03
2.410000000000000000e+03,0.000000000000000000e+00,1.357748505613305548e-03
2.411000000000000000e+03,0.000000000000000000e+00,1.357650171856177685e-03
2.412000000000000000e+03,0.000000000000000000e+00,1.357552496730832833e-03
2.413000000000000000e+03,0.000000000000000000e+00,1.357455470995949090e-03
2.414000000000000000e+03,0.000000000000000000e+00,1.357359085508003712e-03
2.415000000000000000e+03,0.000000000000000000e+00,1.357263331216022320e-03
2.416000000000000000e+03,0.000000000000000000e+00,1.357168199156736418e-03
2.417000000000000000e+03,0.000000000000000000e+00,1.357073680451713945e-03
2.418000000000000000e+03,0.000000000000000000e+00,1.356979766306521838e-03
2.419000000000000000e+03,0.000000000000000000e+00,1.356886448010561665e-03
2.420000000000000000e+03,0.000000000000000000e+00,1.356793716936179062e-03
2.421000000000000000e+03,0.000000000000000000e+00,1.356701564536420086e-03
2.422000000000000000e+03,0.000000000000000000e+00,1.356609982341903074e-03
2.423000000000000000e+03,0.000000000000000000e+00,1.356518961957755339e-03
2.424000000000000000e+03,0.000000000000000000e+00,1.356428495061385783e-03
2.425000000000000000e+03,0.000000000000000000e+00,1.356338573401144176e-03
2.426000000000000000e+03,0.000000000000000000e+00,1.356249188795413457e-03
2.427000000000000000e+03,0.000000000000000000e+00,1.356160333131494746e-03
2.428000000000000000e+03,0.000000000000000000e+00,1.356071998363983424e-03
2.429000000000000000e+03,0.000000000000000000e+00,1.355984176512729095e-03
2.430000000000000000e+03,0.000000000000000000e+00,1.355896859660769534e-03
2.431000000000000000e+03,0.000000000000000000e+00,1.355810039952562787e-03
2.432000000000000000e+03,0.000000000000000000e+00,1.355723709592669864e-03
2.433000000000000000e+03,0.000000000000000000e+00,1.355637860844656224e-03
2.434000000000000000e+03,0.000000000000000000e+00,1.355552486030022537e-03
2.435000000000000000e+03,0.000000000000000000e+00,1.355467577526924894e-03
2.436000000000000000e+03,0.000000000000000000e+00,1.355383127768728258e-03
2.437000000000000000e+03,0.000000000000000000e+00,1.355299129242498561e-03
2.438000000000000000e+03,0.000000000000000000e+00,1.355215574487602780e-03
2.439000000000000000e+03,0.000000000000000000e+00,1.355132456094498101e-03
2.440000000000000000e+03,0.000000000000000000e+00,1.355049766703681977e-03
2.441000000000000000e+03,0.000000000000000000e+00,1.354967499004693793e-03
2.442000000000000000e+03,0.000000000000000000e+00,1.354885645735088564e-03
2.443000000000000000e+03,0.000000000000000000e+00,1.354804199679309797e-03
2.444000000000000000e+03,0.000000000000000000e+00,1.354723153667572975e-03
2.445000000000000000e+03,0.000000000000000000e+00,1.354642500574719782e-03
2.446000000000000000e+03,0.000000000000000000e+00,1.354562233319224962e-03
2.447000000000000000e+03,0.000000000000000000e+00,1.354482344862204066e-03
2.448000000000000000e+03,0.000000000000000000e+00,1.354402828206572977e-03
2.449000000000000000e+03,0.000000000000000000e+00,1.354323676396142380e-03
2.450000000000000000e+03,0.000000000000000000e+00,1.354244882514754958e-03
2.451000000000000000e+03,0.000000000000000000e+00,1.354166439685370975e-03
2.452000000000000000e+03,0.000000000000000000e+00,1.354088341069186168e-03
2.453000000000000000e+03,0.000000000000000000e+00,1.354010579864766989e-03
2.454000000000000000e+03,0.000000000000000000e+00,1.353933149307258270e-03
2.455000000000000000e+03,0.000000000000000000e+00,1.353856042667606063e-03
2.456000000000000000e+03,0.000000000000000000e+00,1.353779253251822124e-03
2.457000000000000000e+03,0.000000000000000000e+00,1.353702774400260961e-03
2.458000000000000000e+03,0.000000000000000000e+00,1.353626599486891253e-03
2.459000000000000000e+03,0.000000000000000000e+00,1.353550721918577674e-03
2.460000000000000000e+03,0.000000000000000000e+00,1.353475135134369657e-03
2.461000000000000000e+03,0.000000000000000000e+00,1.353399832604840897e-03
2.462000000000000000e+03,0.000000000000000000e+00,1.353324807831417578e-03
2.463000000000000000e+03,0.000000000000000000e+00,1.353250054345788355e-03
2.464000000000000000e+03,0.000000000000000000e+00,1.353175565709257948e-03
2.465000000000000000e+03,0.000000000000000000e+00,1.353101335512187260e-03
2.466000000000000000e+03,0.000000000000000000e+00,1.353027357373387963e-03
2.467000000000000000e+03,0.000000000000000000e+00,1.352953624939538108e-03
2.468000000000000000e+03,0.000000000000000000e+00,1.352880131884649567e-03
2.469000000000000000e+03,0.000000000000000000e+00,1.352806871909503382e-03
2.470000000000000000e+03,0.000000000000000000e+00,1.352733838741129995e-03
2.471000000000000000e+03,0.000000000000000000e+00,1.352661026132315723e-03
2.472000000000000000e+03,0.000000000000000000e+00,1.352588427861101204e-03
2.473000000000000000e+03,0.000000000000000000e+00,1.352516037730295672e-03
2.474000000000000000e+03,0.000000000000000000e+00,1.352443849567014442e-03
2.475000000000000000e+03,0.000000000000000000e+00,1.352371857222206195e-03
2.476000000000000000e+03,0.000000000000000000e+00,1.352300054570223847e-03
2.477000000000000000e+03,0.000000000000000000e+00,1.352228435508371577e-03
2.478000000000000000e+03,0.000000000000000000e+00,1.352156993956501498e-03
2.479000000000000000e+03,0.000000000000000000e+00,1.352085723856588434e-03
2.480000000000000000e+03,0.000000000000000000e+00,1.352014619172360642e-03
2.481000000000000000e+03,0.000000000000000000e+00,1.351943673888884347e-03
2.482000000000000000e+03,0.000000000000000000e+00,1.351872882012207251e-03
2.483000000000000000e+03,0.000000000000000000e+00,1.351802237568980151e-03
2.484000000000000000e+03,0.000000000000000000e+00,1.351731734606112598e-03
2.485000000000000000e+03,0.000000000000000000e+00,1.351661367190420309e-03
2.486000000000000000e+03,0.000000000000000000e+00,1.351591129408292102e-03
2.487000000000000000e+03,0.000000000000000000e+00,1.351521015365363121e-03
2.488000000000000000e+03,0.000000000000000000e+00,1.351451019186206918e-03
2.489000000000000000e+03,0.000000000000000000e+00,1.351381135014034698e-03
2.490000000000000000e+03,0.000000000000000000e+00,1.351311357010373309e-03
2.491000000000000000e+03,0.000000000000000000e+00,1.351241679354810675e-03
2.492000000000000000e+03,0.000000000000000000e+00,1.351172096244683974e-03
2.493000000000000000e+03,0.000000000000000000e+00,1.351102601894835914e-03
2.494000000000000000e+03,0.000000000000000000e+00,1.351033190537335223e-03
2.495000000000000000e+03,0.000000000000000000e+00,1.350963856421225550e-03
2.496000000000000000e+03,0.000000000000000000e+00,1.350894593812288890e-03
2.497000000000000000e+03,0.000000000000000000e+00,1.350825396992799687e-03
2.498000000000000000e+03,0.000000000000000000e+00,1.350756260261291950e-03
2.499000000000000000e+03,0.000000000000000000e+00,1.350687177932341108e-03
2.500000000000000000e+03,0.000000000000000000e+00,1.350618144336344353e-03
2.501000000000000000e+03,1.000000000000000000e+00,1.313130873488021957e-03
2.502000000000000000e+03,1.000000000000000000e+00,2.501050062400079696e-02
2.503000000000000000e+03,1.000000000000000000e+00,1.312262525062318514e-03
2.504000000000000000e+03,1.000000000000000000e+00,1.311518456741024140e-03
2.505000000000000000e+03,1.000000000000000000e+00,1.306342667859016838e-03
2.506000000000000000e+03,1.000000000000000000e+00,1.299043299697819672e-03
2.507000000000000000e+03,1.000000000000000000e+00,1.292261573081287781e-03
2.508000000000000000e+03,1.000000000000000000e+00,1.281091767750290687e-03
2.509000000000000000e+03,1.000000000000000000e+00,1.253259038555794248e-03
2.510000000000000000e+03,1.000000000000000000e+00,1.212059431653617937e-03
2.511000000000000000e+03,1.000000000000000000e+00,1.168161300833054023e-03
2.512000000000000000e+03,1.000000000000000000e+00,1.106594567811324675e-03
2.513000000000000000e+03,1.000000000000000000e+00,1.082707416076287600e-03
2.514000000000000000e+03,1.000000000000000000e+00,1.051227959774611847e-03
2.515000000000000000e+03,1.000000000000000000e+00,1.025418318599471187e-03
2.516000000000000000e+03,1.000000000000000000e+00,9.977913578913331482e-04
2.517000000000000000e+03,1.000000000000000000e+00,9.450363169285197875e-04
2.518000000000000000e+03,1.000000000000000000e+00,8.636265191216275627e-04
2.519000000000000000e+03,1.000000000000000000e+00,7.740931772131273139e-04
2.520000000000000000e+03,1.000000000000000000e+00,7.305452509026207075e-04
2.521000000000000000e+03,1.000000000000000000e+00,7.127562273750677121e-04
2.522000000000000000e+03,1.000000000000000000e+00,7.065358386939457787e-04
2.523000000000000000e+03,1.000000000000000000e+00,7.015170189120442656e-04
2.524000000000000000e+03,1.000000000000000000e+00,6.952786599452927697e-04
2.525000000000000000e+03,1.000000000000000000e+00,6.784738408502487706e-04
2.526000000000000000e+03,1.000000000000000000e+00,6.424825187542036482e-04
2.527000000000000000e+03,1.000000000000000000e+00,6.074413085782515067e-04
2.528000000000000000e+03,1.000000000000000000e+00,5.810093004117832926e-04
2.529000000000000000e+03,1.000000000000000000e+00,5.615326193736835296e-04
2.530000000000000000e+03,1.000000000000000000e+00,5.465765402445513579e-04
2.531000000000000000e+03,1.000000000000000000e+00,5.274757558320812903e-04
2.532000000000000000e+03,1.000000000000000000e+00,5.202146544700593815e-04
2.533000000000000000e+03,1.000000000000000000e+00,5.176028951422998381e-04
2.534000000000000000e+03,1.000000000000000000e+00,5.155646052333457937e-04
2.535000000000000000e+03,1.000000000000000000e+00,5.114280921921303099e-04
2.536000000000000000e+03,1.000000000000000000e+00,5.039470106007215046e-04
2.537000000000000000e+03,1.000000000000000000e+00,4.919546471195141834e-04
2.538000000000000000e+03,1.000000000000000000e+00,4.765519087868730916e-04
2.539000000000000000e+03,1.000000000000000000e+00,4.706997509125746210e-04
2.540000000000000000e+03,1.000000000000000000e+00,4.634098846994282668e-04
2.541000000000000000e+03,1.000000000000000000e+00,4.580600390753469505e-04
2.542000000000000000e+03,1.000000000000000000e+00,4.486499935494158830e-04
2.543000000000000000e+03,1.000000000000000000e+00,4.352391298519867188e-04
2.544000000000000000e+03,1.000000000000000000e+00,4.281897302291859733e-04
2.545000000000000000e+03,1.000000000000000000e+00,4.263431158659231187e-04
2.546000000000000000e+03,1.000000000000000000e+00,4.228435497107591208e-04
2.547000000000000000e+03,1.000000000000000000e+00,4.130790496943961203e-04
2.548000000000000000e+03,1.000000000000000000e+00,4.080979191616806393e-04
2.549000000000000000e+03,1.000000000000000000e+00,4.021991249327894853e-04
2.550000000000000000e+03,1.000000000000000000e+00,3.966883794048628540e-04
2.551000000000000000e+03,1.000000000000000000e+00,3.928534721330056252e-04
2.552000000000000000e+03,1.000000000000000000e+00,3.873477416851007224e-04
2.553000000000000000e+03,1.000000000000000000e+00,3.855949341052021051e-04
2.554000000000000000e+03,1.000000000000000000e+00,3.823508470264194866e-04
2.555000000000000000e+03,1.000000000000000000e+00,3.779981967692866776e-04
2.556000000000000000e+03,1.000000000000000000e+00,3.738597049776602732e-04
2.557000000000000000e+03,1.000000000000000000e+00,3.697337956455649683e-04
2.558000000000000000e+03,1.000000000000000000e+00,3.680805956042623749e-04
2.559000000000000000e+03,1.000000000000000000e+00,3.670024689081247387e-04
2.560000000000000000e+03,1.000000000000000000e+00,3.662428163801371788e-04
2.561000000000000000e+03,1.000000000000000000e+00,3.653048052273834127e-04
2.562000000000000000e+03,1.000000000000000000e+00,3.647455881214647553e-04
2.563000000000000000e+03,1.000000000000000000e+00,3.614959893503866435e-04
2.564000000000000000e+03,1.000000000000000000e+00,3.493883618141288517e-04
2.565000000000000000e+03,1.000000000000000000e+00,3.463250982162860989e-04
2.566000000000000000e+03,1.000000000000000000e+00,3.442380860295487935e-04
2.567000000000000000e+03,1.000000000000000000e+00,3.440732003688256680e-04
2.568000000000000000e+03,1.000000000000000000e+00,3.439139493046508371e-04
2.569000000000000000e+03,1.000000000000000000e+00,3.420345437854766207e-04
2.570000000000000000e+03,1.000000000000000000e+00,3.353100028606798054e-04
2.571000000000000000e+03,1.000000000000000000e+00,3.320939488352618726e-04
2.572000000000000000e+03,1.000000000000000000e+00,3.522269005415672866e-04
2.573000000000000000e+03,1.000000000000000000e+00,3.302475727033663769e-04
2.574000000000000000e+03,1.000000000000000000e+00,3.269905747884644222e-04
2.575000000000000000e+03,1.000000000000000000e+00,3.234621842607535202e-04
2.576000000000000000e+03,1.000000000000000000e+00,3.217481582220617104e-04
2.577000000000000000e+03,1.000000000000000000e+00,3.205842986791860444e-04
2.578000000000000000e+03,1.000000000000000000e+00,3.196325830454530958e-04
2.579000000000000000e+03,1.000000000000000000e+00,3.193265874206765390e-04
2.580000000000000000e+03,1.000000000000000000e+00,3.192033436794145169e-04
2.581000000000000000e+03,1.000000000000000000e+00,3.184149866078768215e-04
2.582000000000000000e+03,1.000000000000000000e+00,3.167851006490983055e-04
2.583000000000000000e+03,1.000000000000000000e+00,3.130742127356065741e-04
2.584000000000000000e+03,1.000000000000000000e+00,3.095242881446954274e-04
2.585000000000000000e+03,1.000000000000000000e+00,3.061261676849798231e-04
2.586000000000000000e+03,1.000000000000000000e+00,3.047902385871169555e-04
2.587000000000000000e+03,1.000000000000000000e+00,3.042367519591394247e-04
2.588000000000000000e+03,1.000000000000000000e+00,3.039462602541922543e-04
2.589000000000000000e+03,1.000000000000000000e+00,3.036474620650777569e-04
2.590000000000000000e+03,1.000000000000000000e+00,3.032981020235893063e-04
2.591000000000000000e+03,1.000000000000000000e+00,3.027808272415430596e-04
2.592000000000000000e+03,1.000000000000000000e+00,3.011791925134075566e-04
2.593000000000000000e+03,1.000000000000000000e+00,2.991262336698629004e-04
2.594000000000000000e+03,1.000000000000000000e+00,2.951323554002676253e-04
2.595000000000000000e+03,1.000000000000000000e+00,2.888159979396199835e-04
2.596000000000000000e+03,1.000000000000000000e+00,2.831693632401784946e-04
2.597000000000000000e+03,1.000000000000000000e+00,2.795405684895225433e-04
2.598000000000000000e+03,1.000000000000000000e+00,2.785282070808000991e-04
2.599000000000000000e+03,1.000000000000000000e+00,2.776531944927536008e-04
2.600000000000000000e+03,1.000000000000000000e+00,2.772471535699952048e-04
2.601000000000000000e+03,1.000000000000000000e+00,2.764723387540549094e-04
2.602000000000000000e+03,1.000000000000000000e+00,2.743771612245830198e-04
2.603000000000000000e+03,1.000000000000000000e+00,2.699086513180034013e-04
2.604000000000000000e+03,1.000000000000000000e+00,2.690309204652823003e-04
2.605000000000000000e+03,1.000000000000000000e+00,2.674973535013808949e-04
2.606000000000000000e+03,1.000000000000000000e+00,2.669963505191721488e-04
2.607000000000000000e+03,1.000000000000000000e+00,2.665512648251544981e-04
2.608000000000000000e+03,1.000000000000000000e+00,2.660786277747458658e-04
2.609000000000000000e+03,1.000000000000000000e+00,2.656992353968560790e-04
2.610000000000000000e+03,1.000000000000000000e+00,2.649122512491799497e-04
2.611000000000000000e+03,1.000000000000000000e+00,2.634996465270676605e-04
2.612000000000000000e+03,1.000000000000000000e+00,2.622727363484185720e-04
2.613000000000000000e+03,1.000000000000000000e+00,3.687825852802882175e-04
2.614000000000000000e+03,1.000000000000000000e+00,2.617884710885979758e-04
2.615000000000000000e+03,1.000000000000000000e+00,2.599063973407382891e-04
2.616000000000000000e+03,1.000000000000000000e+00,2.576761101245201029e-04
2.617000000000000000e+03,1.000000000000000000e+00,2.563288400019548782e-04
2.618000000000000000e+03,1.000000000000000000e+00,2.543701525436472752e-04
2.619000000000000000e+03,1.000000000000000000e+00,2.522492234169920093e-04
2.620000000000000000e+03,1.000000000000000000e+00,2.509384643169667944e-04
2.621000000000000000e+03,1.000000000000000000e+00,2.496705938200378602e-04
2.622000000000000000e+03,1.000000000000000000e+00,2.485151368384111415e-04
2.623000000000000000e+03,1.000000000000000000e+00,2.455026464375477868e-04
2.624000000000000000e+03,1.000000000000000000e+00,2.436360233593427090e-04
2.625000000000000000e+03,1.000000000000000000e+00,2.415361443795321602e-04
2.626000000000000000e+03,1.000000000000000000e+00,2.400128654025210796e-04
2.627000000000000000e+03,1.000000000000000000e+00,2.367704458096410187e-04
2.628000000000000000e+03,1.000000000000000000e+00,2.361690577667632915e-04
2.629000000000000000e+03,1.000000000000000000e+00,2.333060062755846716e-04
2.630000000000000000e+03,1.000000000000000000e+00,2.312268906300971635e-04
2.631000000000000000e+03,1.000000000000000000e+00,2.287316531206398489e-04
2.632000000000000000e+03,1.000000000000000000e+00,2.265869577204495788e-04
2.633000000000000000e+03,1.000000000000000000e+00,2.253317539608801125e-04
2.634000000000000000e+03,1.000000000000000000e+00,2.247810550934859950e-04
2.635000000000000000e+03,1.000000000000000000e+00,2.243836060635873739e-04
2.636000000000000000e+03,1.000000000000000000e+00,2.240944010003156212e-04
2.637000000000000000e+03,1.000000000000000000e+00,2.236733446487674496e-04
2.638000000000000000e+03,1.000000000000000000e+00,2.230717943927387433e-04
2.639000000000000000e+03,1.000000000000000000e+00,2.221164666823236033e-04
2.640000000000000000e+03,1.000000000000000000e+00,2.214782434165486053e-04
2.641000000000000000e+03,1.000000000000000000e+00,2.336308342828419455e-04
2.642000000000000000e+03,1.000000000000000000e+00,2.207455303000866408e-04
2.643000000000000000e+03,1.000000000000000000e+00,2.185316111889852174e-04
2.644000000000000000e+03,1.000000000000000000e+00,2.159590813176920788e-04
2.645000000000000000e+03,1.000000000000000000e+00,2.140259798989766426e-04
2.646000000000000000e+03,1.000000000000000000e+00,2.122696892548667333e-04
2.647000000000000000e+03,1.000000000000000000e+00,2.093273436986237438e-04
2.648000000000000000e+03,1.000000000000000000e+00,2.059684040084230742e-04
2.649000000000000000e+03,1.000000000000000000e+00,2.060838288781461584e-04
2.650000000000000000e+03,1.000000000000000000e+00,2.041702477359991870e-04
2.651000000000000000e+03,1.000000000000000000e+00,2.022966442372630671e-04
2.652000000000000000e+03,1.000000000000000000e+00,2.005653734378775872e-04
2.653000000000000000e+03,1.000000000000000000e+00,1.993576509060139795e-04
2.654000000000000000e+03,1.000000000000000000e+00,1.979223405698148693e-04
2.655000000000000000e+03,1.000000000000000000e+00,1.963251210102854661e-04
2.656000000000000000e+03,1.000000000000000000e+00,1.965471914464670647e-04
2.657000000000000000e+03,1.000000000000000000e+00,1.958065542446056433e-04
2.658000000000000000e+03,1.000000000000000000e+00,1.949105148923094418e-04
2.659000000000000000e+03,1.000000000000000000e+00,1.934878351022472818e-04
2.660000000000000000e+03,1.000000000000000000e+00,1.922280254284016430e-04
2.661000000000000000e+03,1.000000000000000000e+00,1.906404981812591620e-04
2.662000000000000000e+03,1.000000000000000000e+00,1.894889347381294544e-04
2.663000000000000000e+03,1.000000000000000000e+00,1.880426086607901986e-04
2.664000000000000000e+03,1.000000000000000000e+00,1.866774368341934400e-04
2.665000000000000000e+03,1.000000000000000000e+00,2.551672372285710344e-04
2.666000000000000000e+03,1.000000000000000000e+00,1.845138073337964952e-04
2.667000000000000000e+03,1.000000000000000000e+00,1.804528942710312766e-04
2.668000000000000000e+03,1.000000000000000000e+00,1.734965052239359094e-04
2.669000000000000000e+03,1.000000000000000000e+00,1.712921335432208059e-04
2.670000000000000000e+03,1.000000000000000000e+00,1.698219013938175644e-04
2.671000000000000000e+03,1.000000000000000000e+00,1.689260464743247837e-04
2.672000000000000000e+03,1.000000000000000000e+00,1.685376502013547959e-04
2.673000000000000000e+03,1.000000000000000000e+00,1.675312937214405674e-04
2.674000000000000000e+03,1.000000000000000000e+00,1.702852271446763863e-04
2.675000000000000000e+03,1.000000000000000000e+00,1.668103233464512686e-04
2.676000000000000000e+03,1.000000000000000000e+00,1.656160579855073679e-04
2.677000000000000000e+03,1.000000000000000000e+00,1.644518496627776641e-04
2.678000000000000000e+03,1.000000000000000000e+00,1.624989038096801616e-04
2.679000000000000000e+03,1.000000000000000000e+00,1.595259171025601146e-04
2.680000000000000000e+03,1.000000000000000000e+00,1.573172644213537618e-04
2.681000000000000000e+03,1.000000000000000000e+00,1.579195069586793719e-04
2.682000000000000000e+03,1.000000000000000000e+00,1.559287682793426800e-04
2.683000000000000000e+03,1.000000000000000000e+00,1.550967449113596131e-04
2.684000000000000000e+03,1.000000000000000000e+00,1.542809826999273933e-04
2.685000000000000000e+03,1.000000000000000000e+00,1.532144511897897809e-04
2.686000000000000000e+03,1.000000000000000000e+00,1.518420467943724277e-04
2.687000000000000000e+03,1.000000000000000000e+00,1.505221969995841462e-04
2.688000000000000000e+03,1.000000000000000000e+00,1.488507139065258140e-04
2.689000000000000000e+03,1.000000000000000000e+00,1.473664876127228618e-04
2.690000000000000000e+03,1.000000000000000000e+00,1.462852902602807762e-04
2.691000000000000000e+03,1.000000000000000000e+00,1.457921781136891108e-04
2.692000000000000000e+03,1.000000000000000000e+00,1.454189849085403812e-04
2.693000000000000000e+03,1.000000000000000000e+00,1.455126184331497819e-04
2.694000000000000000e+03,1.000000000000000000e+00,1.451281915106326936e-04
2.695000000000000000e+03,1.000000000000000000e+00,1.447509604564900510e-04
2.696000000000000000e+03,1.000000000000000000e+00,1.443414268295726687e-04
2.697000000000000000e+03,1.000000000000000000e+00,1.441730105277363875e-04
2.698000000000000000e+03,1.000000000000000000e+00,1.465392854365753369e-04
2.699000000000000000e+03,1.000000000000000000e+00,1.432712959308916261e-04
2.700000000000000000e+03,1.000000000000000000e+00,1.420747491037335341e-04
2.701000000000000000e+03,1.000000000000000000e+00,1.401212985550560528e-04
2.702000000000000000e+03,1.000000000000000000e+00,1.370856766535026854e-04
2.703000000000000000e+03,1.000000000000000000e+00,1.338067376568007809e-04
2.704000000000000000e+03,1.000000000000000000e+00,2.052759787745839942e-04
2.705000000000000000e+03,1.000000000000000000e+00,1.325367944562356808e-04
2.706000000000000000e+03,1.000000000000000000e+00,1.308421243536102730e-04
2.707000000000000000e+03,1.000000000000000000e+00,1.301127714612507744e-04
2.708000000000000000e+03,1.000000000000000000e+00,1.297069390375686182e-04
2.709000000000000000e+03,1.000000000000000000e+00,1.294552425119231947e-04
2.710000000000000000e+03,1.000000000000000000e+00,1.289756141357319651e-04
2.711000000000000000e+03,1.000000000000000000e+00,1.287454693146535337e-04
2.712000000000000000e+03,1.000000000000000000e+00,1.282031648540491321e-04
2.713000000000000000e+03,1.000000000000000000e+00,1.274234636911424925e-04
2.714000000000000000e+03,1.000000000000000000e+00,1.253014010754898756e-04
2.715000000000000000e+03,1.000000000000000000e+00,1.232298704139146456e-04
2.716000000000000000e+03,1.000000000000000000e+00,1.212394890022405649e-04
2.717000000000000000e+03,1.000000000000000000e+00,1.201589535001453056e-04
2.718000000000000000e+03,1.000000000000000000e+00,1.195269865238742359e-04
2.719000000000000000e+03,1.000000000000000000e+00,1.190253319967856467e-04
2.720000000000000000e+03,1.000000000000000000e+00,1.208797713643944971e-04
2.721000000000000000e+03,1.000000000000000000e+00,1.186771643558334023e-04
2.722000000000000000e+03,1.000000000000000000e+00,1.178923154239993270e-04
2.723000000000000000e+03,1.000000000000000000e+00,1.168639618190541797e-04
2.724000000000000000e+03,1.000000000000000000e+00,1.151170754180821145e-04
2.725000000000000000e+03,1.000000000000000000e+00,1.134253800765692359e-04
2.726000000000000000e+03,1.000000000000000000e+00,1.119091154005649063e-04
2.727000000000000000e+03,1.000000000000000000e+00,1.105450899664181920e-04
2.728000000000000000e+03,1.000000000000000000e+00,1.095436510640777905e-04
2.729000000000000000e+03,1.000000000000000000e+00,1.084283033291408706e-04
2.730000000000000000e+03,1.000000000000000000e+00,1.073249862706053645e-04
2.731000000000000000e+03,1.000000000000000000e+00,1.074141272155872519e-04
2.732000000000000000e+03,1.000000000000000000e+00,1.069479727307194909e-04
2.733000000000000000e+03,1.000000000000000000e+00,1.067100352767400115e-04
2.734000000000000000e+03,1.000000000000000000e+00,1.064694035135894175e-04
2.735000000000000000e+03,1.000000000000000000e+00,1.062658855266429119e-04
2.736000000000000000e+03,1.000000000000000000e+00,1.059570579740966355e-04
2.737000000000000000e+03,1.000000000000000000e+00,1.054654588443803046e-04
2.738000000000000000e+03,1.000000000000000000e+00,1.050042880126077677e-04
2.739000000000000000e+03,1.000000000000000000e+00,1.040982103069908350e-04
2.740000000000000000e+03,1.000000000000000000e+00,1.029004399429889747e-04
2.741000000000000000e+03,1.000000000000000000e+00,1.016716590053502316e-04
2.742000000000000000e+03,1.000000000000000000e+00,1.013475639331718652e-04
2.743000000000000000e+03,1.000000000000000000e+00,1.005644553879392393e-04
2.744000000000000000e+03,1.000000000000000000e+00,9.973282721117442324e-05
2.745000000000000000e+03,1.000000000000000000e+00,9.808649147295018264e-05
2.746000000000000000e+03,1.000000000000000000e+00,9.664444642343259536e-05
2.747000000000000000e+03,1.000000000000000000e+00,9.570668254385622704e-05
2.748000000000000000e+03,1.000000000000000000e+00,9.570902958176356727e-05
2.749000000000000000e+03,1.000000000000000000e+00,9.507890855897695452e-05
2.750000000000000000e+03,1.000000000000000000e+00,1.259359893575371725e-04
2.751000000000000000e+03,1.000000000000000000e+00,9.422835628523199589e-05
2.752000000000000000e+03,1.000000000000000000e+00,9.268275933626913328e-05
2.753000000000000000e+03,1.000000000000000000e+00,9.167655857738633840e-05
2.754000000000000000e+03,1.000000000000000000e+00,9.122293156170748168e-05
2.755000000000000000e+03,1.000000000000000000e+00,9.094125304583661293e-05
2.756000000000000000e+03,1.000000000000000000e+00,9.066486413140519636e-05
2.757000000000000000e+03,1.000000000000000000e+00,9.028846101071855948e-05
2.758000000000000000e+03,1.000000000000000000e+00,8.980023005968224296e-05
2.759000000000000000e+03,1.000000000000000000e+00,8.994396708047252219e-05
2.760000000000000000e+03,1.000000000000000000e+00,8.939502004660321928e-05
2.761000000000000000e+03,1.000000000000000000e+00,8.894487195441208322e-05
2.762000000000000000e+03,1.000000000000000000e+00,8.863147896411050517e-05
2.763000000000000000e+03,1.000000000000000000e+00,8.830912985758425089e-05
2.764000000000000000e+03,1.000000000000000000e+00,8.796443024032490714e-05
2.765000000000000000e+03,1.000000000000000000e+00,8.770611542206072021e-05
2.766000000000000000e+03,1.000000000000000000e+00,8.726292005705236056e-05
2.767000000000000000e+03,1.000000000000000000e+00,8.693433308654832463e-05
2.768000000000000000e+03,1.000000000000000000e+00,8.578867361771644274e-05
2.769000000000000000e+03,1.000000000000000000e+00,8.499117676986694611e-05
2.770000000000000000e+03,1.000000000000000000e+00,8.431921094342910970e-05
2.771000000000000000e+03,1.000000000000000000e+00,8.364544793605752527e-05
2.772000000000000000e+03,1.000000000000000000e+00,8.290109020912185436e-05
2.773000000000000000e+03,1.000000000000000000e+00,8.160102735991360383e-05
2.774000000000000000e+03,1.000000000000000000e+00,8.107019471994011777e-05
2.775000000000000000e+03,1.000000000000000000e+00,8.082834147810492691e-05
2.776000000000000000e+03,1.000000000000000000e+00,8.074116582674681613e-05
2.777000000000000000e+03,1.000000000000000000e+00,8.064828608575255850e-05
2.778000000000000000e+03,1.000000000000000000e+00,8.053008198698842273e-05
2.779000000000000000e+03,1.000000000000000000e+00,8.027046504638577482e-05
2.780000000000000000e+03,1.000000000000000000e+00,8.006703183096207843e-05
2.781000000000000000e+03,1.000000000000000000e+00,7.988078842593800848e-05
2.782000000000000000e+03,1.000000000000000000e+00,7.959417720187903552e-05
2.783000000000000000e+03,1.000000000000000000e+00,7.922319860773684792e-05
2.784000000000000000e+03,1.000000000000000000e+00,7.833254759041659548e-05
2.785000000000000000e+03,1.000000000000000000e+00,7.695181451433669032e-05
2.786000000000000000e+03,1.000000000000000000e+00,7.627811752281620319e-05
2.787000000000000000e+03,1.000000000000000000e+00,7.455984345132300154e-05
2.788000000000000000e+03,1.000000000000000000e+00,7.420141339224262773e-05
2.789000000000000000e+03,1.000000000000000000e+00,7.387934453801460249e-05
2.790000000000000000e+03,1.000000000000000000e+00,7.346335721513096726e-05
2.791000000000000000e+03,1.000000000000000000e+00,7.312433608718958613e-05
2.792000000000000000e+03,1.000000000000000000e+00,7.293166878475474562e-05
2.793000000000000000e+03,1.000000000000000000e+00,7.278649750828945233e-05
2.794000000000000000e+03,1.000000000000000000e+00,7.246584889144572184e-05
2.795000000000000000e+03,1.000000000000000000e+00,7.201619461467815599e-05
2.796000000000000000e+03,1.000000000000000000e+00,7.168462932233618653e-05
2.797000000000000000e+03,1.000000000000000000e+00,7.966859013101168117e-05
2.798000000000000000e+03,1.000000000000000000e+00,7.118205965704138896e-05
2.799000000000000000e+03,1.000000000000000000e+00,7.075138414515073492e-05
2.800000000000000000e+03,1.000000000000000000e+00,7.019161951173029227e-05
2.801000000000000000e+03,1.000000000000000000e+00,6.963214181272765800e-05
2.802000000000000000e+03,1.000000000000000000e+00,7.846817431513220193e-05
2.803000000000000000e+03,1.000000000000000000e+00,6.928246217951898600e-05
2.804000000000000000e+03,1.000000000000000000e+00,6.811478166625066651e-05
2.805000000000000000e+03,1.000000000000000000e+00,6.679410727370680171e-05
2.806000000000000000e+03,1.000000000000000000e+00,6.545987651801563750e-05
2.807000000000000000e+03,1.000000000000000000e+00,6.438535512569485667e-05
2.808000000000000000e+03,1.000000000000000000e+00,6.321683506004818157e-05
2.809000000000000000e+03,1.000000000000000000e+00,6.284102741081549657e-05
2.810000000000000000e+03,1.000000000000000000e+00,6.241950388725254746e-05
2.811000000000000000e+03,1.000000000000000000e+00,6.220551689250883472e-05
2.812000000000000000e+03,1.000000000000000000e+00,6.212611090606736460e-05
2.813000000000000000e+03,1.000000000000000000e+00,6.204031503127357852e-05
2.814000000000000000e+03,1.000000000000000000e+00,6.193870960435470278e-05
2.815000000000000000e+03,1.000000000000000000e+00,6.315630347469589696e-05
2.816000000000000000e+03,1.000000000000000000e+00,6.188642329976502831e-05
2.817000000000000000e+03,1.000000000000000000e+00,6.177497316914728565e-05
2.818000000000000000e+03,1.000000000000000000e+00,6.167513580441360784e-05
2.819000000000000000e+03,1.000000000000000000e+00,6.159488798737088370e-05
2.820000000000000000e+03,1.000000000000000000e+00,6.184332359556729075e-05
2.821000000000000000e+03,1.000000000000000000e+00,6.152859011348196252e-05
2.822000000000000000e+03,1.000000000000000000e+00,6.135018708731355074e-05
2.823000000000000000e+03,1.000000000000000000e+00,6.105822189335236298e-05
2.824000000000000000e+03,1.000000000000000000e+00,6.038553687468800201e-05
2.825000000000000000e+03,1.000000000000000000e+00,6.012810799177348699e-05
2.826000000000000000e+03,1.000000000000000000e+00,5.967798780566304289e-05
2.827000000000000000e+03,1.000000000000000000e+00,5.943712554855330439e-05
2.828000000000000000e+03,1.000000000000000000e+00,5.852928719711347077e-05
2.829000000000000000e+03,1.000000000000000000e+00,5.794919256021474575e-05
2.830000000000000000e+03,1.000000000000000000e+00,5.716883421949021807e-05
2.831000000000000000e+03,1.000000000000000000e+00,5.670064178413916802e-05
2.832000000000000000e+03,1.000000000000000000e+00,5.636294740186488571e-05
2.833000000000000000e+03,1.000000000000000000e+00,5.617719336700689649e-05
2.834000000000000000e+03,1.000000000000000000e+00,5.599023573656389328e-05
2.835000000000000000e+03,1.000000000000000000e+00,5.579341782999358524e-05
2.836000000000000000e+03,1.000000000000000000e+00,5.587492842716593124e-05
2.837000000000000000e+03,1.000000000000000000e+00,5.569002137727395115e-05
2.838000000000000000e+03,1.000000000000000000e+00,5.550951863760156106e-05
2.839000000000000000e+03,1.000000000000000000e+00,5.531322034724428630e-05
2.840000000000000000e+03,1.000000000000000000e+00,5.511803420042284498e-05
2.841000000000000000e+03,1.000000000000000000e+00,5.489403826927835085e-05
2.842000000000000000e+03,1.000000000000000000e+00,5.456024341463296568e-05
2.843000000000000000e+03,1.000000000000000000e+00,5.437588203718511876e-05
2.844000000000000000e+03,1.000000000000000000e+00,5.418793877497361214e-05
2.845000000000000000e+03,1.000000000000000000e+00,5.397816076471450588e-05
2.846000000000000000e+03,1.000000000000000000e+00,5.340691523356036978e-05
2.847000000000000000e+03,1.000000000000000000e+00,5.439393873956041591e-05
2.848000000000000000e+03,1.000000000000000000e+00,5.300309121113434233e-05
2.849000000000000000e+03,1.000000000000000000e+00,5.212798864659717619e-05
2.850000000000000000e+03,1.000000000000000000e+00,5.043615036817349561e-05
2.851000000000000000e+03,1.000000000000000000e+00,4.892459407067142760e-05
2.852000000000000000e+03,1.000000000000000000e+00,4.824861256009825648e-05
2.853000000000000000e+03,1.000000000000000000e+00,4.739004248489829519e-05
2.854000000000000000e+03,1.000000000000000000e+00,4.707482567588823979e-05
2.855000000000000000e+03,1.000000000000000000e+00,4.673869838550430628e-05
2.856000000000000000e+03,1.000000000000000000e+00,4.651158351358414711e-05
2.857000000000000000e+03,1.000000000000000000e+00,4.642363797226114596e-05
2.858000000000000000e+03,1.000000000000000000e+00,4.636839253115803674e-05
2.859000000000000000e+03,1.000000000000000000e+00,4.629815230511349742e-05
2.860000000000000000e+03,1.000000000000000000e+00,4.621995278744552450e-05
2.861000000000000000e+03,1.000000000000000000e+00,4.614180932692676273e-05
2.862000000000000000e+03,1.000000000000000000e+00,4.601872029203010089e-05
2.863000000000000000e+03,1.000000000000000000e+00,4.587791288269039443e-05
2.864000000000000000e+03,1.000000000000000000e+00,4.571512388368391552e-05
2.865000000000000000e+03,1.000000000000000000e+00,4.555362652825096744e-05
2.866000000000000000e+03,1.000000000000000000e+00,4.533182937970752088e-05
2.867000000000000000e+03,1.000000000000000000e+00,4.501555379043449832e-05
2.868000000000000000e+03,1.000000000000000000e+00,4.479666170262542143e-05
2.869000000000000000e+03,1.000000000000000000e+00,4.469417319610279374e-05
2.870000000000000000e+03,1.000000000000000000e+00,4.461978006976865499e-05
2.871000000000000000e+03,1.000000000000000000e+00,4.450291757847407378e-05
2.872000000000000000e+03,1.000000000000000000e+00,4.437564615686454716e-05
2.873000000000000000e+03,1.000000000000000000e+00,4.439242601347454236e-05
2.874000000000000000e+03,1.000000000000000000e+00,4.431296535185763369e-05
2.875000000000000000e+03,1.000000000000000000e+00,4.431197302279997013e-05
2.876000000000000000e+03,1.000000000000000000e+00,4.402415123337510415e-05
2.877000000000000000e+03,1.000000000000000000e+00,4.395534613596536441e-05
2.878000000000000000e+03,1.000000000000000000e+00,4.383489559231091139e-05
2.879000000000000000e+03,1.000000000000000000e+00,4.372098893821427289e-05
2.880000000000000000e+03,1.000000000000000000e+00,4.391462439533217767e-05
2.881000000000000000e+03,1.000000000000000000e+00,4.365301878532589863e-05
2.882000000000000000e+03,1.000000000000000000e+00,4.357635824209231303e-05
2.883000000000000000e+03,1.000000000000000000e+00,4.345170509997465814e-05
2.884000000000000000e+03,1.000000000000000000e+00,4.336936821163693930e-05
2.885000000000000000e+03,1.000000000000000000e+00,4.319841644429484918e-05
2.886000000000000000e+03,1.000000000000000000e+00,4.292135718048569344e-05
2.887000000000000000e+03,1.000000000000000000e+00,4.665251718514744399e-05
2.888000000000000000e+03,1.000000000000000000e+00,4.276135516455513419e-05
2.889000000000000000e+03,1.000000000000000000e+00,4.222685064235967730e-05
2.890000000000000000e+03,1.000000000000000000e+00,4.179837283204536965e-05
2.891000000000000000e+03,1.000000000000000000e+00,4.148536226213863536e-05
2.892000000000000000e+03,1.000000000000000000e+00,4.127600848517497435e-05
2.893000000000000000e+03,1.000000000000000000e+00,4.110132801628255052e-05
2.894000000000000000e+03,1.000000000000000000e+00,4.089285316550612557e-05
2.895000000000000000e+03,1.000000000000000000e+00,4.071536636336652970e-05
2.896000000000000000e+03,1.000000000000000000e+00,4.061804489158483733e-05
2.897000000000000000e+03,1.000000000000000000e+00,4.055273132132827791e-05
2.898000000000000000e+03,1.000000000000000000e+00,4.039071222772975340e-05
2.899000000000000000e+03,1.000000000000000000e+00,4.020776601197381206e-05
2.900000000000000000e+03,1.000000000000000000e+00,4.016809419195274585e-05
2.901000000000000000e+03,1.000000000000000000e+00,3.997829506224081722e-05
2.902000000000000000e+03,1.000000000000000000e+00,4.058220339129721806e-05
2.903000000000000000e+03,1.000000000000000000e+00,3.971635615507865215e-05
2.904000000000000000e+03,1.000000000000000000e+00,3.951739285818090398e-05
2.905000000000000000e+03,1.000000000000000000e+00,3.939509161999510379e-05
2.906000000000000000e+03,1.000000000000000000e+00,3.929938604685839142e-05
2.907000000000000000e+03,1.000000000000000000e+00,3.914155252584808944e-05
2.908000000000000000e+03,1.000000000000000000e+00,3.898661849387611883e-05
2.909000000000000000e+03,1.000000000000000000e+00,3.876857597026782333e-05
2.910000000000000000e+03,1.000000000000000000e+00,3.886805700928301741e-05
2.911000000000000000e+03,1.000000000000000000e+00,3.863266221091809160e-05
2.912000000000000000e+03,1.000000000000000000e+00,3.857549768865015485e-05
2.913000000000000000e+03,1.000000000000000000e+00,3.839604955363448713e-05
2.914000000000000000e+03,1.000000000000000000e+00,3.831211672788914290e-05
2.915000000000000000e+03,1.000000000000000000e+00,3.815068026515231977e-05
2.916000000000000000e+03,1.000000000000000000e+00,3.792238899996663154e-05
2.917000000000000000e+03,1.000000000000000000e+00,3.761270186803111353e-05
2.918000000000000000e+03,1.000000000000000000e+00,3.719529198418853515e-05
2.919000000000000000e+03,1.000000000000000000e+00,3.695302195651662541e-05
2.920000000000000000e+03,1.000000000000000000e+00,3.686739814848230740e-05
2.921000000000000000e+03,1.000000000000000000e+00,3.708957828535725275e-05
2.922000000000000000e+03,1.000000000000000000e+00,3.670861317421005070e-05
2.923000000000000000e+03,1.000000000000000000e+00,3.653875004725806177e-05
2.924000000000000000e+03,1.000000000000000000e+00,3.626471390987523046e-05
2.925000000000000000e+03,1.000000000000000000e+00,3.596407535738737992e-05
2.926000000000000000e+03,1.000000000000000000e+00,3.570802380424391976e-05
2.927000000000000000e+03,1.000000000000000000e+00,3.544180087462216227e-05
2.928000000000000000e+03,1.000000000000000000e+00,3.523490765688341153e-05
2.929000000000000000e+03,1.000000000000000000e+00,3.504947119371599909e-05
2.930000000000000000e+03,1.000000000000000000e+00,3.485228100625425383e-05
2.931000000000000000e+03,1.000000000000000000e+00,3.610761975749601327e-05
2.932000000000000000e+03,1.000000000000000000e+00,3.480370287681297124e-05
2.933000000000000000e+03,1.000000000000000000e+00,3.469653131791526374e-05
2.934000000000000000e+03,1.000000000000000000e+00,3.456868037260548229e-05
2.935000000000000000e+03,1.000000000000000000e+00,3.449778804811599197e-05
2.936000000000000000e+03,1.000000000000000000e+00,3.447787318940778527e-05
2.937000000000000000e+03,1.000000000000000000e+00,3.445003751484330685e-05
2.938000000000000000e+03,1.000000000000000000e+00,3.437493923643169857e-05
2.939000000000000000e+03,1.000000000000000000e+00,3.430614366658614836e-05
2.940000000000000000e+03,1.000000000000000000e+00,3.422008399149525129e-05
2.941000000000000000e+03,1.000000000000000000e+00,3.410455308342114111e-05
2.942000000000000000e+03,1.000000000000000000e+00,3.394551222243773154e-05
2.943000000000000000e+03,1.000000000000000000e+00,3.375872381057852160e-05
2.944000000000000000e+03,1.000000000000000000e+00,3.350342849733647753e-05
2.945000000000000000e+03,1.000000000000000000e+00,3.332079713531413640e-05
2.946000000000000000e+03,1.000000000000000000e+00,3.312370522362237288e-05
2.947000000000000000e+03,1.000000000000000000e+00,3.290651574672275384e-05
2.948000000000000000e+03,1.000000000000000000e+00,3.298917014376803763e-05
2.949000000000000000e+03,1.000000000000000000e+00,3.281965708781520153e-05
2.950000000000000000e+03,1.000000000000000000e+00,3.264282452047264634e-05
2.951000000000000000e+03,1.000000000000000000e+00,3.278099409292540997e-05
2.952000000000000000e+03,1.000000000000000000e+00,3.253031400148367056e-05
2.953000000000000000e+03,1.000000000000000000e+00,3.241682299132550235e-05
2.954000000000000000e+03,1.000000000000000000e+00,3.227741785914823246e-05
2.955000000000000000e+03,1.000000000000000000e+00,3.206731462881860030e-05
2.956000000000000000e+03,1.000000000000000000e+00,3.247232295002886474e-05
2.957000000000000000e+03,1.000000000000000000e+00,3.178105122691822818e-05
2.958000000000000000e+03,1.000000000000000000e+00,3.159915483746190333e-05
2.959000000000000000e+03,1.000000000000000000e+00,3.145879107895845956e-05
2.960000000000000000e+03,1.000000000000000000e+00,3.128865877775066244e-05
2.961000000000000000e+03,1.000000000000000000e+00,3.089050305140604330e-05
2.962000000000000000e+03,1.000000000000000000e+00,3.107399930301000922e-05
2.963000000000000000e+03,1.000000000000000000e+00,3.078882289280777246e-05
2.964000000000000000e+03,1.000000000000000000e+00,3.060823037549320700e-05
2.965000000000000000e+03,1.000000000000000000e+00,3.052086359487768977e-05
2.966000000000000000e+03,1.000000000000000000e+00,3.047908075028554832e-05
2.967000000000000000e+03,1.000000000000000000e+00,3.043386702681730350e-05
2.968000000000000000e+03,1.000000000000000000e+00,3.040426406263985618e-05
2.969000000000000000e+03,1.000000000000000000e+00,3.036865034700592824e-05
2.970000000000000000e+03,1.000000000000000000e+00,3.029610290112942300e-05
2.971000000000000000e+03,1.000000000000000000e+00,3.017027030248206832e-05
2.972000000000000000e+03,1.000000000000000000e+00,3.025888023590873641e-05
2.973000000000000000e+03,1.000000000000000000e+00,3.013052887667973283e-05
2.974000000000000000e+03,1.000000000000000000e+00,2.998702858740762088e-05
2.975000000000000000e+03,1.000000000000000000e+00,2.987181497807185035e-05
2.976000000000000000e+03,1.000000000000000000e+00,2.975112906767775610e-05
2.977000000000000000e+03,1.000000000000000000e+00,2.962535862173247076e-05
2.978000000000000000e+03,1.000000000000000000e+00,2.946319377630370081e-05
2.979000000000000000e+03,1.000000000000000000e+00,2.929945422064130216e-05
2.980000000000000000e+03,1.000000000000000000e+00,2.911863294744062268e-05
2.981000000000000000e+03,1.000000000000000000e+00,2.886483516320262631e-05
2.982000000000000000e+03,1.000000000000000000e+00,2.858251674519628676e-05
2.983000000000000000e+03,1.000000000000000000e+00,2.938298287131212058e-05
2.984000000000000000e+03,1.000000000000000000e+00,2.849160232092148718e-05
2.985000000000000000e+03,1.000000000000000000e+00,2.836200174365297575e-05
2.986000000000000000e+03,1.000000000000000000e+00,2.822219008408017145e-05
2.987000000000000000e+03,1.000000000000000000e+00,2.817039369605418438e-05
2.988000000000000000e+03,1.000000000000000000e+00,2.813649762232176658e-05
2.989000000000000000e+03,1.000000000000000000e+00,2.803128298807093408e-05
2.990000000000000000e+03,1.000000000000000000e+00,2.796119905232808593e-05
2.991000000000000000e+03,1.000000000000000000e+00,2.783500421218633870e-05
2.992000000000000000e+03,1.000000000000000000e+00,2.770738279808140803e-05
2.993000000000000000e+03,1.000000000000000000e+00,2.755693188769378659e-05
2.994000000000000000e+03,1.000000000000000000e+00,3.586831983226272089e-05
2.995000000000000000e+03,1.000000000000000000e+00,2.752984174934620013e-05
2.996000000000000000e+03,1.000000000000000000e+00,2.743896518428562132e-05
2.997000000000000000e+03,1.000000000000000000e+00,2.737626037243597355e-05
2.998000000000000000e+03,1.000000000000000000e+00,2.733544890864271929e-05
2.999000000000000000e+03,1.000000000000000000e+00,2.730896993357557822e-05
3.000000000000000000e+03,1.000000000000000000e+00,2.717687194323423444e-05
3.001000000000000000e+03,1.000000000000000000e+00,2.715925345013054098e-05
3.002000000000000000e+03,1.000000000000000000e+00,2.707613678492651457e-05
3.003000000000000000e+03,1.000000000000000000e+00,2.687917741109577442e-05
3.004000000000000000e+03,1.000000000000000000e+00,2.668831540652294047e-05
3.005000000000000000e+03,1.000000000000000000e+00,2.655377542825922257e-05
3.006000000000000000e+03,1.000000000000000000e+00,2.649590000402313362e-05
3.007000000000000000e+03,1.000000000000000000e+00,2.645216856854510222e-05
3.008000000000000000e+03,1.000000000000000000e+00,2.638155229823078041e-05
3.009000000000000000e+03,1.000000000000000000e+00,2.633783933827590979e-05
3.010000000000000000e+03,1.000000000000000000e+00,2.629416580222940447e-05
3.011000000000000000e+03,1.000000000000000000e+00,2.624960074379594166e-05
3.012000000000000000e+03,1.000000000000000000e+00,2.619834733759780667e-05
3.013000000000000000e+03,1.000000000000000000e+00,2.612952393959699983e-05
3.014000000000000000e+03,1.000000000000000000e+00,2.599214549268550036e-05
3.015000000000000000e+03,1.000000000000000000e+00,2.579549860038520833e-05
3.016000000000000000e+03,1.000000000000000000e+00,2.565775708113112903e-05
3.017000000000000000e+03,1.000000000000000000e+00,2.550545262618920164e-05
3.018000000000000000e+03,1.000000000000000000e+00,2.539355785378873226e-05
3.019000000000000000e+03,1.000000000000000000e+00,2.528176565952310550e-05
3.020000000000000000e+03,1.000000000000000000e+00,2.516116171702584013e-05
3.021000000000000000e+03,1.000000000000000000e+00,2.508417411287175997e-05
3.022000000000000000e+03,1.000000000000000000e+00,2.489138382609811163e-05
3.023000000000000000e+03,1.000000000000000000e+00,2.475927175249856727e-05
3.024000000000000000e+03,1.000000000000000000e+00,2.468652748759287495e-05
3.025000000000000000e+03,1.000000000000000000e+00,2.463271267301850363e-05
3.026000000000000000e+03,1.000000000000000000e+00,2.461119699139881502e-05
3.027000000000000000e+03,1.000000000000000000e+00,2.453307085820144451e-05
3.028000000000000000e+03,1.000000000000000000e+00,2.448376813501128527e-05
3.029000000000000000e+03,1.000000000000000000e+00,2.436712464461256582e-05
3.030000000000000000e+03,1.000000000000000000e+00,2.424793602312769306e-05
3.031000000000000000e+03,1.000000000000000000e+00,2.417169930079712212e-05
3.032000000000000000e+03,1.000000000000000000e+00,2.465954701463190653e-05
3.033000000000000000e+03,1.000000000000000000e+00,2.412841875353426586e-05
3.034000000000000000e+03,1.000000000000000000e+00,2.401648676821969389e-05
3.035000000000000000e+03,1.000000000000000000e+00,2.395372349111470062e-05
3.036000000000000000e+03,1.000000000000000000e+00,2.385950155191473906e-05
3.037000000000000000e+03,1.000000000000000000e+00,2.376290676245656401e-05
3.038000000000000000e+03,1.000000000000000000e+00,2.362112279496822746e-05
3.039000000000000000e+03,1.000000000000000000e+00,2.348016682575007852e-05
3.040000000000000000e+03,1.000000000000000000e+00,2.324859124124546798e-05
3.041000000000000000e+03,1.000000000000000000e+00,2.394379506026675912e-05
3.042000000000000000e+03,1.000000000000000000e+00,2.320843620329566758e-05
3.043000000000000000e+03,1.000000000000000000e+00,2.306984346324536636e-05
3.044000000000000000e+03,1.000000000000000000e+00,2.296238791402750712e-05
