# total,frequency_equation,frequency_initial,physical_equation,physical_initial
2.928938598632812500e+02,2.174224090576171875e+01,7.547143697738647461e-01,0.000000000000000000e+00,0.000000000000000000e+00
2.491274414062500000e+02,1.785530281066894531e+01,7.057440876960754395e-01,0.000000000000000000e+00,0.000000000000000000e+00
2.672945861816406250e+02,1.943016433715820312e+01,7.299295663833618164e-01,0.000000000000000000e+00,0.000000000000000000e+00
2.591726074218750000e+02,1.859996795654296875e+01,7.317291498184204102e-01,0.000000000000000000e+00,0.000000000000000000e+00
2.226754913330078125e+02,1.484402275085449219e+01,7.423526048660278320e-01,0.000000000000000000e+00,0.000000000000000000e+00
2.358475341796875000e+02,1.658637619018554688e+01,6.998376846313476562e-01,0.000000000000000000e+00,0.000000000000000000e+00
2.222228851318359375e+02,1.486966037750244141e+01,7.352627515792846680e-01,0.000000000000000000e+00,0.000000000000000000e+00
2.074792175292968750e+02,1.358627700805664062e+01,7.161644697189331055e-01,0.000000000000000000e+00,0.000000000000000000e+00
1.892393798828125000e+02,1.197444152832031250e+01,6.949497461318969727e-01,0.000000000000000000e+00,0.000000000000000000e+00
1.985032958984375000e+02,1.272248935699462891e+01,7.127840518951416016e-01,0.000000000000000000e+00,0.000000000000000000e+00
1.777662658691406250e+02,1.077917480468750000e+01,6.997451186180114746e-01,0.000000000000000000e+00,0.000000000000000000e+00
1.752515563964843750e+02,1.048801803588867188e+01,7.037137746810913086e-01,0.000000000000000000e+00,0.000000000000000000e+00
1.676007537841796875e+02,1.001061725616455078e+01,6.749458312988281250e-01,0.000000000000000000e+00,0.000000000000000000e+00
1.601441040039062500e+02,9.116294860839843750e+00,6.898114681243896484e-01,0.000000000000000000e+00,0.000000000000000000e+00
1.469621276855468750e+02,7.782981395721435547e+00,6.913232803344726562e-01,0.000000000000000000e+00,0.000000000000000000e+00
1.507875366210937500e+02,8.272821426391601562e+00,6.805932521820068359e-01,0.000000000000000000e+00,0.000000000000000000e+00
1.430526428222656250e+02,7.478369712829589844e+00,6.826895475387573242e-01,0.000000000000000000e+00,0.000000000000000000e+00
1.294630737304687500e+02,6.180948257446289062e+00,6.765358448028564453e-01,0.000000000000000000e+00,0.000000000000000000e+00
1.201792831420898438e+02,5.400263786315917969e+00,6.617664098739624023e-01,0.000000000000000000e+00,0.000000000000000000e+00
1.153084869384765625e+02,4.992622852325439453e+00,6.538226604461669922e-01,0.000000000000000000e+00,0.000000000000000000e+00
1.072809066772460938e+02,4.006006717681884766e+00,6.722084283828735352e-01,0.000000000000000000e+00,0.000000000000000000e+00
9.931028747558593750e+01,3.153310298919677734e+00,6.777718067169189453e-01,0.000000000000000000e+00,0.000000000000000000e+00
9.732333374023437500e+01,3.057073593139648438e+00,6.675260066986083984e-01,0.000000000000000000e+00,0.000000000000000000e+00
8.964520263671875000e+01,2.387857198715209961e+00,6.576663255691528320e-01,0.000000000000000000e+00,0.000000000000000000e+00
8.341429901123046875e+01,1.855253338813781738e+00,6.486176252365112305e-01,0.000000000000000000e+00,0.000000000000000000e+00
7.905472564697265625e+01,1.395504593849182129e+00,6.509967446327209473e-01,0.000000000000000000e+00,0.000000000000000000e+00
7.335124206542968750e+01,1.044121742248535156e+00,6.291002631187438965e-01,0.000000000000000000e+00,0.000000000000000000e+00
7.152487182617187500e+01,6.959341168403625488e-01,6.456552743911743164e-01,0.000000000000000000e+00,0.000000000000000000e+00
6.747769927978515625e+01,4.657631814479827881e-01,6.282006502151489258e-01,0.000000000000000000e+00,0.000000000000000000e+00
6.464125061035156250e+01,2.423761785030364990e-01,6.221749186515808105e-01,0.000000000000000000e+00,0.000000000000000000e+00
6.443634033203125000e+01,9.213640540838241577e-02,6.351497769355773926e-01,0.000000000000000000e+00,0.000000000000000000e+00
6.240182876586914062e+01,4.150954261422157288e-02,6.198673248291015625e-01,0.000000000000000000e+00,0.000000000000000000e+00
6.343200683593750000e+01,7.811588793992996216e-02,6.265084743499755859e-01,0.000000000000000000e+00,0.000000000000000000e+00
6.587446594238281250e+01,1.441207826137542725e-01,6.443325877189636230e-01,0.000000000000000000e+00,0.000000000000000000e+00
6.240322494506835938e+01,2.663861215114593506e-01,5.973936319351196289e-01,0.000000000000000000e+00,0.000000000000000000e+00
6.215612792968750000e+01,3.001226186752319336e-01,5.915490388870239258e-01,0.000000000000000000e+00,0.000000000000000000e+00
6.365528869628906250e+01,3.267021477222442627e-01,6.038826704025268555e-01,0.000000000000000000e+00,0.000000000000000000e+00
6.409465026855468750e+01,3.049112558364868164e-01,6.104553937911987305e-01,0.000000000000000000e+00,0.000000000000000000e+00
6.496809387207031250e+01,2.577340602874755859e-01,6.239075660705566406e-01,0.000000000000000000e+00,0.000000000000000000e+00
6.273711395263671875e+01,1.680612564086914062e-01,6.105650067329406738e-01,0.000000000000000000e+00,0.000000000000000000e+00
5.972040557861328125e+01,1.199113503098487854e-01,5.852129459381103516e-01,0.000000000000000000e+00,0.000000000000000000e+00
6.180072021484375000e+01,8.111395686864852905e-02,6.098958253860473633e-01,0.000000000000000000e+00,0.000000000000000000e+00
6.247401428222656250e+01,4.187208786606788635e-02,6.205529570579528809e-01,0.000000000000000000e+00,0.000000000000000000e+00
6.239932250976562500e+01,2.285440079867839813e-02,6.217077970504760742e-01,0.000000000000000000e+00,0.000000000000000000e+00
5.946763610839843750e+01,2.734660729765892029e-02,5.919417142868041992e-01,0.000000000000000000e+00,0.000000000000000000e+00
6.063065338134765625e+01,4.193980246782302856e-02,6.021125316619873047e-01,0.000000000000000000e+00,0.000000000000000000e+00
6.288925170898437500e+01,4.463053122162818909e-02,6.244294643402099609e-01,0.000000000000000000e+00,0.000000000000000000e+00
6.141577911376953125e+01,5.029309168457984924e-02,6.091284751892089844e-01,0.000000000000000000e+00,0.000000000000000000e+00
5.972909164428710938e+01,4.808856174349784851e-02,5.924820899963378906e-01,0.000000000000000000e+00,0.000000000000000000e+00
6.099869155883789062e+01,4.951357841491699219e-02,6.050355434417724609e-01,0.000000000000000000e+00,0.000000000000000000e+00
5.874158096313476562e+01,4.105760157108306885e-02,5.833100676536560059e-01,0.000000000000000000e+00,0.000000000000000000e+00
6.046283340454101562e+01,5.065821111202239990e-02,5.995625257492065430e-01,0.000000000000000000e+00,0.000000000000000000e+00
6.146395874023437500e+01,5.210768058896064758e-02,6.094288229942321777e-01,0.000000000000000000e+00,0.000000000000000000e+00
6.137469100952148438e+01,7.928819209337234497e-02,6.058180928230285645e-01,0.000000000000000000e+00,0.000000000000000000e+00
5.720410919189453125e+01,7.359498739242553711e-02,5.646815896034240723e-01,0.000000000000000000e+00,0.000000000000000000e+00
5.859422302246093750e+01,8.741966634988784790e-02,5.772002935409545898e-01,0.000000000000000000e+00,0.000000000000000000e+00
6.074155807495117188e+01,7.569080591201782227e-02,5.998464822769165039e-01,0.000000000000000000e+00,0.000000000000000000e+00
6.117351531982421875e+01,6.528365612030029297e-02,6.052067875862121582e-01,0.000000000000000000e+00,0.000000000000000000e+00
6.037939453125000000e+01,5.401215702295303345e-02,5.983927249908447266e-01,0.000000000000000000e+00,0.000000000000000000e+00
5.913401794433593750e+01,7.908803969621658325e-02,5.834313631057739258e-01,0.000000000000000000e+00,0.000000000000000000e+00
5.930886077880859375e+01,6.363505125045776367e-02,5.867251157760620117e-01,0.000000000000000000e+00,0.000000000000000000e+00
5.917178726196289062e+01,5.621351674199104309e-02,5.860965251922607422e-01,0.000000000000000000e+00,0.000000000000000000e+00
5.719432067871093750e+01,8.174046874046325684e-02,5.637691617012023926e-01,0.000000000000000000e+00,0.000000000000000000e+00
5.849600982666015625e+01,7.335643470287322998e-02,5.776244401931762695e-01,0.000000000000000000e+00,0.000000000000000000e+00
5.840522766113281250e+01,7.459728419780731201e-02,5.765925645828247070e-01,0.000000000000000000e+00,0.000000000000000000e+00
5.810580444335937500e+01,9.563431888818740845e-02,5.714945793151855469e-01,0.000000000000000000e+00,0.000000000000000000e+00
5.958135604858398438e+01,7.598043978214263916e-02,5.882155299186706543e-01,0.000000000000000000e+00,0.000000000000000000e+00
5.827581024169921875e+01,8.316074311733245850e-02,5.744420289993286133e-01,0.000000000000000000e+00,0.000000000000000000e+00
5.705012130737304688e+01,9.247317910194396973e-02,5.612539052963256836e-01,0.000000000000000000e+00,0.000000000000000000e+00
5.633543014526367188e+01,8.393855392932891846e-02,5.549604296684265137e-01,0.000000000000000000e+00,0.000000000000000000e+00
5.760412597656250000e+01,1.019175201654434204e-01,5.658494830131530762e-01,0.000000000000000000e+00,0.000000000000000000e+00
5.692116165161132812e+01,1.091222092509269714e-01,5.582994222640991211e-01,0.000000000000000000e+00,0.000000000000000000e+00
5.754521942138671875e+01,1.443862020969390869e-01,5.610135793685913086e-01,0.000000000000000000e+00,0.000000000000000000e+00
5.477729415893554688e+01,1.183703765273094177e-01,5.359358787536621094e-01,0.000000000000000000e+00,0.000000000000000000e+00
5.713567352294921875e+01,1.340705454349517822e-01,5.579496622085571289e-01,0.000000000000000000e+00,0.000000000000000000e+00
5.657211685180664062e+01,1.406371295452117920e-01,5.516574382781982422e-01,0.000000000000000000e+00,0.000000000000000000e+00
5.556028747558593750e+01,1.623848676681518555e-01,5.393643975257873535e-01,0.000000000000000000e+00,0.000000000000000000e+00
5.506524276733398438e+01,1.844214200973510742e-01,5.322102904319763184e-01,0.000000000000000000e+00,0.000000000000000000e+00
5.529026412963867188e+01,2.037872672080993652e-01,5.325239300727844238e-01,0.000000000000000000e+00,0.000000000000000000e+00
5.498077774047851562e+01,2.377836406230926514e-01,5.260294079780578613e-01,0.000000000000000000e+00,0.000000000000000000e+00
5.457161712646484375e+01,2.519661784172058105e-01,5.205195546150207520e-01,0.000000000000000000e+00,0.000000000000000000e+00
5.345174407958984375e+01,2.832917571067810059e-01,5.061882734298706055e-01,0.000000000000000000e+00,0.000000000000000000e+00
5.271083068847656250e+01,3.048321604728698730e-01,4.966250956058502197e-01,0.000000000000000000e+00,0.000000000000000000e+00
5.260644912719726562e+01,3.330652415752410889e-01,4.927579462528228760e-01,0.000000000000000000e+00,0.000000000000000000e+00
5.244023895263671875e+01,3.479175567626953125e-01,4.896106421947479248e-01,0.000000000000000000e+00,0.000000000000000000e+00
5.156436157226562500e+01,4.084066748619079590e-01,4.748029410839080811e-01,0.000000000000000000e+00,0.000000000000000000e+00
5.267823028564453125e+01,4.444906413555145264e-01,4.823332726955413818e-01,0.000000000000000000e+00,0.000000000000000000e+00
5.064606475830078125e+01,4.865138232707977295e-01,4.578092694282531738e-01,0.000000000000000000e+00,0.000000000000000000e+00
5.129412078857421875e+01,5.085363388061523438e-01,4.620875418186187744e-01,0.000000000000000000e+00,0.000000000000000000e+00
5.100626373291015625e+01,4.942850768566131592e-01,4.606341123580932617e-01,0.000000000000000000e+00,0.000000000000000000e+00
4.964261627197265625e+01,6.031805276870727539e-01,4.361080825328826904e-01,0.000000000000000000e+00,0.000000000000000000e+00
4.884213638305664062e+01,6.275340318679809570e-01,4.256679415702819824e-01,0.000000000000000000e+00,0.000000000000000000e+00
4.924178314208984375e+01,6.384592056274414062e-01,4.285719394683837891e-01,0.000000000000000000e+00,0.000000000000000000e+00
4.892512130737304688e+01,6.686928868293762207e-01,4.223819375038146973e-01,0.000000000000000000e+00,0.000000000000000000e+00
4.846614074707031250e+01,6.302167773246765137e-01,4.216397404670715332e-01,0.000000000000000000e+00,0.000000000000000000e+00
4.724940490722656250e+01,6.709854602813720703e-01,4.053955078125000000e-01,0.000000000000000000e+00,0.000000000000000000e+00
4.824722671508789062e+01,7.525123357772827148e-01,4.072210192680358887e-01,0.000000000000000000e+00,0.000000000000000000e+00
4.714252090454101562e+01,7.409569621086120605e-01,3.973295092582702637e-01,0.000000000000000000e+00,0.000000000000000000e+00
4.801219177246093750e+01,7.841743230819702148e-01,4.017044901847839355e-01,0.000000000000000000e+00,0.000000000000000000e+00
4.652655410766601562e+01,7.905193567276000977e-01,3.862136006355285645e-01,0.000000000000000000e+00,0.000000000000000000e+00
4.492459869384765625e+01,7.206239700317382812e-01,3.771835863590240479e-01,0.000000000000000000e+00,0.000000000000000000e+00
4.496107864379882812e+01,7.003239393234252930e-01,3.795783817768096924e-01,0.000000000000000000e+00,0.000000000000000000e+00
4.361999130249023438e+01,7.765142917633056641e-01,3.585484623908996582e-01,0.000000000000000000e+00,0.000000000000000000e+00
4.492782974243164062e+01,7.717521786689758301e-01,3.721030950546264648e-01,0.000000000000000000e+00,0.000000000000000000e+00
4.335749053955078125e+01,7.520232200622558594e-01,3.583725690841674805e-01,0.000000000000000000e+00,0.000000000000000000e+00
4.429153060913085938e+01,8.045605421066284180e-01,3.624592423439025879e-01,0.000000000000000000e+00,0.000000000000000000e+00
4.333584976196289062e+01,8.087182044982910156e-01,3.524866700172424316e-01,0.000000000000000000e+00,0.000000000000000000e+00
4.222854232788085938e+01,6.899781227111816406e-01,3.532876074314117432e-01,0.000000000000000000e+00,0.000000000000000000e+00
4.298104858398437500e+01,7.182964086532592773e-01,3.579808473587036133e-01,0.000000000000000000e+00,0.000000000000000000e+00
4.277457046508789062e+01,7.596585154533386230e-01,3.517798781394958496e-01,0.000000000000000000e+00,0.000000000000000000e+00
4.090578460693359375e+01,6.904132366180419922e-01,3.400165140628814697e-01,0.000000000000000000e+00,0.000000000000000000e+00
4.131466674804687500e+01,6.746658086776733398e-01,3.456800878047943115e-01,0.000000000000000000e+00,0.000000000000000000e+00
4.060934448242187500e+01,7.069673538208007812e-01,3.353967070579528809e-01,0.000000000000000000e+00,0.000000000000000000e+00
4.047734451293945312e+01,7.071070075035095215e-01,3.340627253055572510e-01,0.000000000000000000e+00,0.000000000000000000e+00
3.989810943603515625e+01,6.095222234725952148e-01,3.380288779735565186e-01,0.000000000000000000e+00,0.000000000000000000e+00
4.027187728881835938e+01,6.951334476470947266e-01,3.332054018974304199e-01,0.000000000000000000e+00,0.000000000000000000e+00
4.044633865356445312e+01,6.705127954483032227e-01,3.374121189117431641e-01,0.000000000000000000e+00,0.000000000000000000e+00
4.133717346191406250e+01,7.349019050598144531e-01,3.398815393447875977e-01,0.000000000000000000e+00,0.000000000000000000e+00
3.874881744384765625e+01,6.271384954452514648e-01,3.247743248939514160e-01,0.000000000000000000e+00,0.000000000000000000e+00
4.072108840942382812e+01,7.096099853515625000e-01,3.362498879432678223e-01,0.000000000000000000e+00,0.000000000000000000e+00
3.995256042480468750e+01,6.645371913909912109e-01,3.330719172954559326e-01,0.000000000000000000e+00,0.000000000000000000e+00
3.720311737060546875e+01,5.555025339126586914e-01,3.164809048175811768e-01,0.000000000000000000e+00,0.000000000000000000e+00
4.001417541503906250e+01,7.235698699951171875e-01,3.277847766876220703e-01,0.000000000000000000e+00,0.000000000000000000e+00
3.848696136474609375e+01,6.001645326614379883e-01,3.248531818389892578e-01,0.000000000000000000e+00,0.000000000000000000e+00
3.790102005004882812e+01,6.082271337509155273e-01,3.181874752044677734e-01,0.000000000000000000e+00,0.000000000000000000e+00
3.854434204101562500e+01,5.822967886924743652e-01,3.272137641906738281e-01,0.000000000000000000e+00,0.000000000000000000e+00
3.856544494628906250e+01,6.217373609542846680e-01,3.234807252883911133e-01,0.000000000000000000e+00,0.000000000000000000e+00
3.713000106811523438e+01,4.771896004676818848e-01,3.235810399055480957e-01,0.000000000000000000e+00,0.000000000000000000e+00
3.822008132934570312e+01,5.018608570098876953e-01,3.320147395133972168e-01,0.000000000000000000e+00,0.000000000000000000e+00
3.837786865234375000e+01,5.785219669342041016e-01,3.259264826774597168e-01,0.000000000000000000e+00,0.000000000000000000e+00
3.680477905273437500e+01,4.673958420753479004e-01,3.213081955909729004e-01,0.000000000000000000e+00,0.000000000000000000e+00
3.821861648559570312e+01,5.787723660469055176e-01,3.243089318275451660e-01,0.000000000000000000e+00,0.000000000000000000e+00
3.764118194580078125e+01,5.380096435546875000e-01,3.226108551025390625e-01,0.000000000000000000e+00,0.000000000000000000e+00
3.605645370483398438e+01,4.952095746994018555e-01,3.110435903072357178e-01,0.000000000000000000e+00,0.000000000000000000e+00
3.779750823974609375e+01,5.871357321739196777e-01,3.192615211009979248e-01,0.000000000000000000e+00,0.000000000000000000e+00
3.761174011230468750e+01,5.963222384452819824e-01,3.164851963520050049e-01,0.000000000000000000e+00,0.000000000000000000e+00
3.578761291503906250e+01,5.122575759887695312e-01,3.066504001617431641e-01,0.000000000000000000e+00,0.000000000000000000e+00
3.729394149780273438e+01,5.741363763809204102e-01,3.155257701873779297e-01,0.000000000000000000e+00,0.000000000000000000e+00
3.654372024536132812e+01,5.157511234283447266e-01,3.138620853424072266e-01,0.000000000000000000e+00,0.000000000000000000e+00
3.649214935302734375e+01,5.156373977661132812e-01,3.133577406406402588e-01,0.000000000000000000e+00,0.000000000000000000e+00
3.749873352050781250e+01,5.180388689041137695e-01,3.231834471225738525e-01,0.000000000000000000e+00,0.000000000000000000e+00
3.692742156982421875e+01,4.805268049240112305e-01,3.212215304374694824e-01,0.000000000000000000e+00,0.000000000000000000e+00
3.497644805908203125e+01,4.405746459960937500e-01,3.057070076465606689e-01,0.000000000000000000e+00,0.000000000000000000e+00
3.495690536499023438e+01,4.649753272533416748e-01,3.030715286731719971e-01,0.000000000000000000e+00,0.000000000000000000e+00
3.641402435302734375e+01,5.360476374626159668e-01,3.105354905128479004e-01,0.000000000000000000e+00,0.000000000000000000e+00
3.525103378295898438e+01,5.033892393112182617e-01,3.021714091300964355e-01,0.000000000000000000e+00,0.000000000000000000e+00
3.539849090576171875e+01,5.088707208633422852e-01,3.030978441238403320e-01,0.000000000000000000e+00,0.000000000000000000e+00
3.469387817382812500e+01,4.627524614334106445e-01,3.006635308265686035e-01,0.000000000000000000e+00,0.000000000000000000e+00
3.432080841064453125e+01,4.276100397109985352e-01,3.004471063613891602e-01,0.000000000000000000e+00,0.000000000000000000e+00
3.662910842895507812e+01,5.497040748596191406e-01,3.113206923007965088e-01,0.000000000000000000e+00,0.000000000000000000e+00
3.428376770019531250e+01,4.685244560241699219e-01,2.959852218627929688e-01,0.000000000000000000e+00,0.000000000000000000e+00
3.495009231567382812e+01,5.195232629776000977e-01,2.975485920906066895e-01,0.000000000000000000e+00,0.000000000000000000e+00
3.406775665283203125e+01,4.882079958915710449e-01,2.918567657470703125e-01,0.000000000000000000e+00,0.000000000000000000e+00
3.498650360107421875e+01,5.653900504112243652e-01,2.933260202407836914e-01,0.000000000000000000e+00,0.000000000000000000e+00
3.480710601806640625e+01,5.026631951332092285e-01,2.978047430515289307e-01,0.000000000000000000e+00,0.000000000000000000e+00
3.333427810668945312e+01,4.993602037429809570e-01,2.834067642688751221e-01,0.000000000000000000e+00,0.000000000000000000e+00
3.441036987304687500e+01,5.093144178390502930e-01,2.931722700595855713e-01,0.000000000000000000e+00,0.000000000000000000e+00
3.392419433593750000e+01,4.769278168678283691e-01,2.915491461753845215e-01,0.000000000000000000e+00,0.000000000000000000e+00
3.352021026611328125e+01,4.900676906108856201e-01,2.861953079700469971e-01,0.000000000000000000e+00,0.000000000000000000e+00
3.353940200805664062e+01,4.766594469547271729e-01,2.877280712127685547e-01,0.000000000000000000e+00,0.000000000000000000e+00
3.210087203979492188e+01,5.032018423080444336e-01,2.706885337829589844e-01,0.000000000000000000e+00,0.000000000000000000e+00
3.322792053222656250e+01,5.315863490104675293e-01,2.791205644607543945e-01,0.000000000000000000e+00,0.000000000000000000e+00
3.363999938964843750e+01,5.716457366943359375e-01,2.792353928089141846e-01,0.000000000000000000e+00,0.000000000000000000e+00
3.258646392822265625e+01,5.266360044479370117e-01,2.732010483741760254e-01,0.000000000000000000e+00,0.000000000000000000e+00
3.199057960510253906e+01,4.979576468467712402e-01,2.701100409030914307e-01,0.000000000000000000e+00,0.000000000000000000e+00
3.190934181213378906e+01,4.921239614486694336e-01,2.698810100555419922e-01,0.000000000000000000e+00,0.000000000000000000e+00
3.172454071044921875e+01,5.198115706443786621e-01,2.652642428874969482e-01,0.000000000000000000e+00,0.000000000000000000e+00
3.250705718994140625e+01,6.709116101264953613e-01,2.579794228076934814e-01,0.000000000000000000e+00,0.000000000000000000e+00
3.220705413818359375e+01,5.661588311195373535e-01,2.654546499252319336e-01,0.000000000000000000e+00,0.000000000000000000e+00
3.059894752502441406e+01,5.073803067207336426e-01,2.552514374256134033e-01,0.000000000000000000e+00,0.000000000000000000e+00
3.205876159667968750e+01,5.954927206039428711e-01,2.610383629798889160e-01,0.000000000000000000e+00,0.000000000000000000e+00
3.318404006958007812e+01,7.268875837326049805e-01,2.591516375541687012e-01,0.000000000000000000e+00,0.000000000000000000e+00
2.986156463623046875e+01,5.640269517898559570e-01,2.422129511833190918e-01,0.000000000000000000e+00,0.000000000000000000e+00
3.332170867919921875e+01,7.857431173324584961e-01,2.546427845954895020e-01,0.000000000000000000e+00,0.000000000000000000e+00
3.202884674072265625e+01,6.594650745391845703e-01,2.543419599533081055e-01,0.000000000000000000e+00,0.000000000000000000e+00
3.038284683227539062e+01,6.097402572631835938e-01,2.428544461727142334e-01,0.000000000000000000e+00,0.000000000000000000e+00
3.130484390258789062e+01,6.628931760787963867e-01,2.467591166496276855e-01,0.000000000000000000e+00,0.000000000000000000e+00
3.094510650634765625e+01,6.730283498764038086e-01,2.421482205390930176e-01,0.000000000000000000e+00,0.000000000000000000e+00
2.989693069458007812e+01,5.941451191902160645e-01,2.395547926425933838e-01,0.000000000000000000e+00,0.000000000000000000e+00
2.888476943969726562e+01,6.579203605651855469e-01,2.230556607246398926e-01,0.000000000000000000e+00,0.000000000000000000e+00
3.101328277587890625e+01,7.049562335014343262e-01,2.396372109651565552e-01,0.000000000000000000e+00,0.000000000000000000e+00
2.988159942626953125e+01,6.278232336044311523e-01,2.360336780548095703e-01,0.000000000000000000e+00,0.000000000000000000e+00
3.026973915100097656e+01,5.986084342002868652e-01,2.428365498781204224e-01,0.000000000000000000e+00,0.000000000000000000e+00
2.958930206298828125e+01,6.001881361007690430e-01,2.358742058277130127e-01,0.000000000000000000e+00,0.000000000000000000e+00
3.028371429443359375e+01,6.718866825103759766e-01,2.356484830379486084e-01,0.000000000000000000e+00,0.000000000000000000e+00
3.031820106506347656e+01,7.734727263450622559e-01,2.258347272872924805e-01,0.000000000000000000e+00,0.000000000000000000e+00
2.862339210510253906e+01,6.379718780517578125e-01,2.224367409944534302e-01,0.000000000000000000e+00,0.000000000000000000e+00
2.993732261657714844e+01,8.259960412979125977e-01,2.167736291885375977e-01,0.000000000000000000e+00,0.000000000000000000e+00
2.795835113525390625e+01,6.163083314895629883e-01,2.179526984691619873e-01,0.000000000000000000e+00,0.000000000000000000e+00
2.941426658630371094e+01,7.052257657051086426e-01,2.236200869083404541e-01,0.000000000000000000e+00,0.000000000000000000e+00
2.879627418518066406e+01,6.525080204010009766e-01,2.227119356393814087e-01,0.000000000000000000e+00,0.000000000000000000e+00
2.708666801452636719e+01,5.801733136177062988e-01,2.128493487834930420e-01,0.000000000000000000e+00,0.000000000000000000e+00
2.822476196289062500e+01,7.346062064170837402e-01,2.087869942188262939e-01,0.000000000000000000e+00,0.000000000000000000e+00
2.722753906250000000e+01,6.962085962295532227e-01,2.026545256376266479e-01,0.000000000000000000e+00,0.000000000000000000e+00
2.747992706298828125e+01,8.320158123970031738e-01,1.915976852178573608e-01,0.000000000000000000e+00,0.000000000000000000e+00
2.683005905151367188e+01,6.631184816360473633e-01,2.019887268543243408e-01,0.000000000000000000e+00,0.000000000000000000e+00
2.772960472106933594e+01,6.611068844795227051e-01,2.111853659152984619e-01,0.000000000000000000e+00,0.000000000000000000e+00
2.823890304565429688e+01,7.413541078567504883e-01,2.082536220550537109e-01,0.000000000000000000e+00,0.000000000000000000e+00
2.614415740966796875e+01,6.206368207931518555e-01,1.993778795003890991e-01,0.000000000000000000e+00,0.000000000000000000e+00
2.659064102172851562e+01,6.065130233764648438e-01,2.052551060914993286e-01,0.000000000000000000e+00,0.000000000000000000e+00
2.696540260314941406e+01,7.212044000625610352e-01,1.975335925817489624e-01,0.000000000000000000e+00,0.000000000000000000e+00
2.746562576293945312e+01,6.764725446701049805e-01,2.070089876651763916e-01,0.000000000000000000e+00,0.000000000000000000e+00
2.676221466064453125e+01,6.717754602432250977e-01,2.004445940256118774e-01,0.000000000000000000e+00,0.000000000000000000e+00
2.773496246337890625e+01,8.249495029449462891e-01,1.948546767234802246e-01,0.000000000000000000e+00,0.000000000000000000e+00
2.711569595336914062e+01,6.699016094207763672e-01,2.041667997837066650e-01,0.000000000000000000e+00,0.000000000000000000e+00
2.718304634094238281e+01,7.656452059745788574e-01,1.952659487724304199e-01,0.000000000000000000e+00,0.000000000000000000e+00
2.584440994262695312e+01,5.992122888565063477e-01,1.985228657722473145e-01,0.000000000000000000e+00,0.000000000000000000e+00
2.613012123107910156e+01,6.530800461769104004e-01,1.959932148456573486e-01,0.000000000000000000e+00,0.000000000000000000e+00
2.617939758300781250e+01,6.916430592536926270e-01,1.926296800374984741e-01,0.000000000000000000e+00,0.000000000000000000e+00
2.620918655395507812e+01,7.219525575637817383e-01,1.898965984582901001e-01,0.000000000000000000e+00,0.000000000000000000e+00
2.557550811767578125e+01,6.622866392135620117e-01,1.895264089107513428e-01,0.000000000000000000e+00,0.000000000000000000e+00
2.534207725524902344e+01,6.473232507705688477e-01,1.886884570121765137e-01,0.000000000000000000e+00,0.000000000000000000e+00
2.477688598632812500e+01,6.955059766769409180e-01,1.782182753086090088e-01,0.000000000000000000e+00,0.000000000000000000e+00
2.330107879638671875e+01,5.890441536903381348e-01,1.741063743829727173e-01,0.000000000000000000e+00,0.000000000000000000e+00
2.465501976013183594e+01,6.651080846786499023e-01,1.800393909215927124e-01,0.000000000000000000e+00,0.000000000000000000e+00
2.556830215454101562e+01,7.390703558921813965e-01,1.817759871482849121e-01,0.000000000000000000e+00,0.000000000000000000e+00
2.535604858398437500e+01,7.814663052558898926e-01,1.754138618707656860e-01,0.000000000000000000e+00,0.000000000000000000e+00
2.454687500000000000e+01,7.946186661720275879e-01,1.660068929195404053e-01,0.000000000000000000e+00,0.000000000000000000e+00
2.402779006958007812e+01,7.194100618362426758e-01,1.683368980884552002e-01,0.000000000000000000e+00,0.000000000000000000e+00
2.412698173522949219e+01,7.238832712173461914e-01,1.688814908266067505e-01,0.000000000000000000e+00,0.000000000000000000e+00
2.379788780212402344e+01,6.221029162406921387e-01,1.757685840129852295e-01,0.000000000000000000e+00,0.000000000000000000e+00
2.239108467102050781e+01,5.301449298858642578e-01,1.708963513374328613e-01,0.000000000000000000e+00,0.000000000000000000e+00
2.412636375427246094e+01,7.603836655616760254e-01,1.652252823114395142e-01,0.000000000000000000e+00,0.000000000000000000e+00
2.228912925720214844e+01,6.863706111907958984e-01,1.542542278766632080e-01,0.000000000000000000e+00,0.000000000000000000e+00
2.454200744628906250e+01,8.070321679115295410e-01,1.647168546915054321e-01,0.000000000000000000e+00,0.000000000000000000e+00
2.210080528259277344e+01,7.048480510711669922e-01,1.505232453346252441e-01,0.000000000000000000e+00,0.000000000000000000e+00
2.315134048461914062e+01,7.053111791610717773e-01,1.609822809696197510e-01,0.000000000000000000e+00,0.000000000000000000e+00
2.220851516723632812e+01,7.017377614974975586e-01,1.519113779067993164e-01,0.000000000000000000e+00,0.000000000000000000e+00
2.191326522827148438e+01,6.626973152160644531e-01,1.528629213571548462e-01,0.000000000000000000e+00,0.000000000000000000e+00
2.154196548461914062e+01,6.775764226913452148e-01,1.476620137691497803e-01,0.000000000000000000e+00,0.000000000000000000e+00
2.179769134521484375e+01,6.554148793220520020e-01,1.524354368448257446e-01,0.000000000000000000e+00,0.000000000000000000e+00
2.296575927734375000e+01,7.928750514984130859e-01,1.503700911998748779e-01,0.000000000000000000e+00,0.000000000000000000e+00
2.079627227783203125e+01,6.539258360862731934e-01,1.425701379776000977e-01,0.000000000000000000e+00,0.000000000000000000e+00
2.262614440917968750e+01,8.255646824836730957e-01,1.437049806118011475e-01,0.000000000000000000e+00,0.000000000000000000e+00
2.058968734741210938e+01,6.499919891357421875e-01,1.408976763486862183e-01,0.000000000000000000e+00,0.000000000000000000e+00
2.173521041870117188e+01,7.002170681953430176e-01,1.473303884267807007e-01,0.000000000000000000e+00,0.000000000000000000e+00
2.105685234069824219e+01,6.751737594604492188e-01,1.430511474609375000e-01,0.000000000000000000e+00,0.000000000000000000e+00
2.153083801269531250e+01,6.698937416076660156e-01,1.483190059661865234e-01,0.000000000000000000e+00,0.000000000000000000e+00
2.146004486083984375e+01,7.305312156677246094e-01,1.415473371744155884e-01,0.000000000000000000e+00,0.000000000000000000e+00
1.988835144042968750e+01,6.395583152770996094e-01,1.349276900291442871e-01,0.000000000000000000e+00,0.000000000000000000e+00
1.969516372680664062e+01,6.083079576492309570e-01,1.361208558082580566e-01,0.000000000000000000e+00,0.000000000000000000e+00
2.051679229736328125e+01,7.544945478439331055e-01,1.297184675931930542e-01,0.000000000000000000e+00,0.000000000000000000e+00
2.186777114868164062e+01,8.436142206192016602e-01,1.343162804841995239e-01,0.000000000000000000e+00,0.000000000000000000e+00
1.838664627075195312e+01,5.427064299583435059e-01,1.295958161354064941e-01,0.000000000000000000e+00,0.000000000000000000e+00
2.034741210937500000e+01,7.334836721420288086e-01,1.301257610321044922e-01,0.000000000000000000e+00,0.000000000000000000e+00
1.967810630798339844e+01,6.367346048355102539e-01,1.331076025962829590e-01,0.000000000000000000e+00,0.000000000000000000e+00
2.028759765625000000e+01,7.382799386978149414e-01,1.290479898452758789e-01,0.000000000000000000e+00,0.000000000000000000e+00
1.857033920288085938e+01,5.698302984237670898e-01,1.287203729152679443e-01,0.000000000000000000e+00,0.000000000000000000e+00
2.245544815063476562e+01,9.237635135650634766e-01,1.321781277656555176e-01,0.000000000000000000e+00,0.000000000000000000e+00
2.109451484680175781e+01,7.765013575553894043e-01,1.332950145006179810e-01,0.000000000000000000e+00,0.000000000000000000e+00
1.872216033935546875e+01,5.703577995300292969e-01,1.301858276128768921e-01,0.000000000000000000e+00,0.000000000000000000e+00
2.023953628540039062e+01,6.764554381370544434e-01,1.347498148679733276e-01,0.000000000000000000e+00,0.000000000000000000e+00
1.957039070129394531e+01,6.117548346519470215e-01,1.345284283161163330e-01,0.000000000000000000e+00,0.000000000000000000e+00
1.959912872314453125e+01,6.370416879653930664e-01,1.322871148586273193e-01,0.000000000000000000e+00,0.000000000000000000e+00
1.785063552856445312e+01,5.777673721313476562e-01,1.207296103239059448e-01,0.000000000000000000e+00,0.000000000000000000e+00
2.162193489074707031e+01,8.500447273254394531e-01,1.312148720026016235e-01,0.000000000000000000e+00,0.000000000000000000e+00
1.988142776489257812e+01,6.031404733657836914e-01,1.385002434253692627e-01,0.000000000000000000e+00,0.000000000000000000e+00
1.870583724975585938e+01,5.483102798461914062e-01,1.322273463010787964e-01,0.000000000000000000e+00,0.000000000000000000e+00
1.934070777893066406e+01,6.276390552520751953e-01,1.306431740522384644e-01,0.000000000000000000e+00,0.000000000000000000e+00
1.826795959472656250e+01,6.002560853958129883e-01,1.226539909839630127e-01,0.000000000000000000e+00,0.000000000000000000e+00
1.852766418457031250e+01,6.382220983505249023e-01,1.214544251561164856e-01,0.000000000000000000e+00,0.000000000000000000e+00
1.801849555969238281e+01,5.818402767181396484e-01,1.220009326934814453e-01,0.000000000000000000e+00,0.000000000000000000e+00
1.935253906250000000e+01,7.562487721443176270e-01,1.179005205631256104e-01,0.000000000000000000e+00,0.000000000000000000e+00
1.804167175292968750e+01,5.441682338714599609e-01,1.259998977184295654e-01,0.000000000000000000e+00,0.000000000000000000e+00
1.690498161315917969e+01,4.272744357585906982e-01,1.263223737478256226e-01,0.000000000000000000e+00,0.000000000000000000e+00
1.817749023437500000e+01,5.377770662307739258e-01,1.279971897602081299e-01,0.000000000000000000e+00,0.000000000000000000e+00
1.900003623962402344e+01,6.581029891967773438e-01,1.241900622844696045e-01,0.000000000000000000e+00,0.000000000000000000e+00
1.920725440979003906e+01,6.650881767272949219e-01,1.255637258291244507e-01,0.000000000000000000e+00,0.000000000000000000e+00
1.981395912170410156e+01,7.206975221633911133e-01,1.260698437690734863e-01,0.000000000000000000e+00,0.000000000000000000e+00
1.827994918823242188e+01,5.410010814666748047e-01,1.286993771791458130e-01,0.000000000000000000e+00,0.000000000000000000e+00
1.789707183837890625e+01,5.291358828544616699e-01,1.260571181774139404e-01,0.000000000000000000e+00,0.000000000000000000e+00
1.785125350952148438e+01,4.939091503620147705e-01,1.291216313838958740e-01,0.000000000000000000e+00,0.000000000000000000e+00
1.728444099426269531e+01,5.007283687591552734e-01,1.227715685963630676e-01,0.000000000000000000e+00,0.000000000000000000e+00
1.766041183471679688e+01,6.559115648269653320e-01,1.110129728913307190e-01,0.000000000000000000e+00,0.000000000000000000e+00
1.772478675842285156e+01,6.593790650367736816e-01,1.113099604845046997e-01,0.000000000000000000e+00,0.000000000000000000e+00
1.853130531311035156e+01,7.088126540184020996e-01,1.144317835569381714e-01,0.000000000000000000e+00,0.000000000000000000e+00
1.709420394897460938e+01,5.052774548530578613e-01,1.204143092036247253e-01,0.000000000000000000e+00,0.000000000000000000e+00
1.652288627624511719e+01,5.316449999809265137e-01,1.120643615722656250e-01,0.000000000000000000e+00,0.000000000000000000e+00
1.730199813842773438e+01,5.612614154815673828e-01,1.168938428163528442e-01,0.000000000000000000e+00,0.000000000000000000e+00
1.670363235473632812e+01,4.751199483871459961e-01,1.195243224501609802e-01,0.000000000000000000e+00,0.000000000000000000e+00
1.599145030975341797e+01,4.788261353969573975e-01,1.120318919420242310e-01,0.000000000000000000e+00,0.000000000000000000e+00
1.769491577148437500e+01,5.924241542816162109e-01,1.177067458629608154e-01,0.000000000000000000e+00,0.000000000000000000e+00
1.756538772583007812e+01,6.087999343872070312e-01,1.147738844156265259e-01,0.000000000000000000e+00,0.000000000000000000e+00
1.735301017761230469e+01,6.195798516273498535e-01,1.115721166133880615e-01,0.000000000000000000e+00,0.000000000000000000e+00
1.741578865051269531e+01,6.033901572227478027e-01,1.138188615441322327e-01,0.000000000000000000e+00,0.000000000000000000e+00
1.767462539672851562e+01,5.762998461723327637e-01,1.191162616014480591e-01,0.000000000000000000e+00,0.000000000000000000e+00
1.784331130981445312e+01,5.110625028610229492e-01,1.273268610239028931e-01,0.000000000000000000e+00,0.000000000000000000e+00
1.840487289428710938e+01,6.863727569580078125e-01,1.154114454984664917e-01,0.000000000000000000e+00,0.000000000000000000e+00
1.696835708618164062e+01,5.321072340011596680e-01,1.164728328585624695e-01,0.000000000000000000e+00,0.000000000000000000e+00
1.722981262207031250e+01,5.509052276611328125e-01,1.172076016664505005e-01,0.000000000000000000e+00,0.000000000000000000e+00
1.693694305419921875e+01,4.938701093196868896e-01,1.199824213981628418e-01,0.000000000000000000e+00,0.000000000000000000e+00
1.719524574279785156e+01,6.030709743499755859e-01,1.116453558206558228e-01,0.000000000000000000e+00,0.000000000000000000e+00
1.652056694030761719e+01,5.452067255973815918e-01,1.106849983334541321e-01,0.000000000000000000e+00,0.000000000000000000e+00
1.889002037048339844e+01,7.001821398735046387e-01,1.188819855451583862e-01,0.000000000000000000e+00,0.000000000000000000e+00
1.626283264160156250e+01,5.363191366195678711e-01,1.089964136481285095e-01,0.000000000000000000e+00,0.000000000000000000e+00
1.814816665649414062e+01,6.145046949386596680e-01,1.200311854481697083e-01,0.000000000000000000e+00,0.000000000000000000e+00
1.716777610778808594e+01,5.303432345390319824e-01,1.186434403061866760e-01,0.000000000000000000e+00,0.000000000000000000e+00
1.685455703735351562e+01,4.837791323661804199e-01,1.201676577329635620e-01,0.000000000000000000e+00,0.000000000000000000e+00
1.838673019409179688e+01,6.009681224822998047e-01,1.237704828381538391e-01,0.000000000000000000e+00,0.000000000000000000e+00
1.568423557281494141e+01,4.460386037826538086e-01,1.122384965419769287e-01,0.000000000000000000e+00,0.000000000000000000e+00
1.796940994262695312e+01,6.178081631660461426e-01,1.179132908582687378e-01,0.000000000000000000e+00,0.000000000000000000e+00
1.547704887390136719e+01,4.607974588871002197e-01,1.086907386779785156e-01,0.000000000000000000e+00,0.000000000000000000e+00
1.737593269348144531e+01,5.864884257316589355e-01,1.151104792952537537e-01,0.000000000000000000e+00,0.000000000000000000e+00
1.754242324829101562e+01,5.749714374542236328e-01,1.179270967841148376e-01,0.000000000000000000e+00,0.000000000000000000e+00
1.572948360443115234e+01,4.006702303886413574e-01,1.172278150916099548e-01,0.000000000000000000e+00,0.000000000000000000e+00
1.576471614837646484e+01,5.146080255508422852e-01,1.061863601207733154e-01,0.000000000000000000e+00,0.000000000000000000e+00
1.637495803833007812e+01,4.803169965744018555e-01,1.157178878784179688e-01,0.000000000000000000e+00,0.000000000000000000e+00
1.527347183227539062e+01,4.551846981048583984e-01,1.072162389755249023e-01,0.000000000000000000e+00,0.000000000000000000e+00
1.625533676147460938e+01,5.179256200790405273e-01,1.107608154416084290e-01,0.000000000000000000e+00,0.000000000000000000e+00
1.669324684143066406e+01,6.300575733184814453e-01,1.039267033338546753e-01,0.000000000000000000e+00,0.000000000000000000e+00
1.498888206481933594e+01,4.882980287075042725e-01,1.010590195655822754e-01,0.000000000000000000e+00,0.000000000000000000e+00
1.715156936645507812e+01,6.072019338607788086e-01,1.107954978942871094e-01,0.000000000000000000e+00,0.000000000000000000e+00
1.582022953033447266e+01,5.228772163391113281e-01,1.059145778417587280e-01,0.000000000000000000e+00,0.000000000000000000e+00
1.463627338409423828e+01,4.786982536315917969e-01,9.849290549755096436e-02,0.000000000000000000e+00,0.000000000000000000e+00
1.615710258483886719e+01,5.356833934783935547e-01,1.080026924610137939e-01,0.000000000000000000e+00,0.000000000000000000e+00
1.677429580688476562e+01,5.353298187255859375e-01,1.142099723219871521e-01,0.000000000000000000e+00,0.000000000000000000e+00
1.547798252105712891e+01,4.256354272365570068e-01,1.122162789106369019e-01,0.000000000000000000e+00,0.000000000000000000e+00
1.580426025390625000e+01,5.023705959320068359e-01,1.078055500984191895e-01,0.000000000000000000e+00,0.000000000000000000e+00
1.583385372161865234e+01,5.756030082702636719e-01,1.007782369852066040e-01,0.000000000000000000e+00,0.000000000000000000e+00
1.616369247436523438e+01,5.081308484077453613e-01,1.108238473534584045e-01,0.000000000000000000e+00,0.000000000000000000e+00
1.535403060913085938e+01,4.749759137630462646e-01,1.060427054762840271e-01,0.000000000000000000e+00,0.000000000000000000e+00
1.591018104553222656e+01,5.508015155792236328e-01,1.040216684341430664e-01,0.000000000000000000e+00,0.000000000000000000e+00
1.626779747009277344e+01,5.451326966285705566e-01,1.081647127866744995e-01,0.000000000000000000e+00,0.000000000000000000e+00
1.598838615417480469e+01,5.160604715347290039e-01,1.082778200507164001e-01,0.000000000000000000e+00,0.000000000000000000e+00
1.571545124053955078e+01,5.275973081588745117e-01,1.043947786092758179e-01,0.000000000000000000e+00,0.000000000000000000e+00
1.622207641601562500e+01,6.200288534164428711e-01,1.002178639173507690e-01,0.000000000000000000e+00,0.000000000000000000e+00
1.431666660308837891e+01,3.756867349147796631e-01,1.055979952216148376e-01,0.000000000000000000e+00,0.000000000000000000e+00
1.597292423248291016e+01,4.736906290054321289e-01,1.123601794242858887e-01,0.000000000000000000e+00,0.000000000000000000e+00
1.447978687286376953e+01,4.066582918167114258e-01,1.041320413351058960e-01,0.000000000000000000e+00,0.000000000000000000e+00
1.533329677581787109e+01,5.107156038284301758e-01,1.022614091634750366e-01,0.000000000000000000e+00,0.000000000000000000e+00
1.515534877777099609e+01,5.156286358833312988e-01,9.999062120914459229e-02,0.000000000000000000e+00,0.000000000000000000e+00
1.576366043090820312e+01,5.350362658500671387e-01,1.041329801082611084e-01,0.000000000000000000e+00,0.000000000000000000e+00
1.418787288665771484e+01,3.897531628608703613e-01,1.029034107923507690e-01,0.000000000000000000e+00,0.000000000000000000e+00
1.506520748138427734e+01,4.842211008071899414e-01,1.022299677133560181e-01,0.000000000000000000e+00,0.000000000000000000e+00
1.537325859069824219e+01,5.099047422409057617e-01,1.027421131730079651e-01,0.000000000000000000e+00,0.000000000000000000e+00
1.441167831420898438e+01,4.932842254638671875e-01,9.478836506605148315e-02,0.000000000000000000e+00,0.000000000000000000e+00
1.439359378814697266e+01,5.525087118148803711e-01,8.868506550788879395e-02,0.000000000000000000e+00,0.000000000000000000e+00
1.540867424011230469e+01,5.378223061561584473e-01,1.003045216202735901e-01,0.000000000000000000e+00,0.000000000000000000e+00
1.504965114593505859e+01,5.549706220626831055e-01,9.499944746494293213e-02,0.000000000000000000e+00,0.000000000000000000e+00
1.495046615600585938e+01,4.453452527523040771e-01,1.049701273441314697e-01,0.000000000000000000e+00,0.000000000000000000e+00
1.515929603576660156e+01,4.712821245193481445e-01,1.044647544622421265e-01,0.000000000000000000e+00,0.000000000000000000e+00
1.513025474548339844e+01,5.045053362846374512e-01,1.008520126342773438e-01,0.000000000000000000e+00,0.000000000000000000e+00
1.493906879425048828e+01,5.264406204223632812e-01,9.674662351608276367e-02,0.000000000000000000e+00,0.000000000000000000e+00
1.545285701751708984e+01,5.616244077682495117e-01,9.836612641811370850e-02,0.000000000000000000e+00,0.000000000000000000e+00
1.501869773864746094e+01,4.523341357707977295e-01,1.049535647034645081e-01,0.000000000000000000e+00,0.000000000000000000e+00
1.552288627624511719e+01,5.141990184783935547e-01,1.038089618086814880e-01,0.000000000000000000e+00,0.000000000000000000e+00
1.551632022857666016e+01,5.251382589340209961e-01,1.026493757963180542e-01,0.000000000000000000e+00,0.000000000000000000e+00
1.468644523620605469e+01,4.393572807312011719e-01,1.029287204146385193e-01,0.000000000000000000e+00,0.000000000000000000e+00
1.530566310882568359e+01,5.198121070861816406e-01,1.010754182934761047e-01,0.000000000000000000e+00,0.000000000000000000e+00
1.443369674682617188e+01,4.556874632835388184e-01,9.876822680234909058e-02,0.000000000000000000e+00,0.000000000000000000e+00
1.353302669525146484e+01,3.742663264274597168e-01,9.790363162755966187e-02,0.000000000000000000e+00,0.000000000000000000e+00
1.400087356567382812e+01,5.257713794708251953e-01,8.743159472942352295e-02,0.000000000000000000e+00,0.000000000000000000e+00
1.701275634765625000e+01,7.597025632858276367e-01,9.415730088949203491e-02,0.000000000000000000e+00,0.000000000000000000e+00
1.486022853851318359e+01,5.601940155029296875e-01,9.258288145065307617e-02,0.000000000000000000e+00,0.000000000000000000e+00
1.521473121643066406e+01,5.261367559432983398e-01,9.953363239765167236e-02,0.000000000000000000e+00,0.000000000000000000e+00
1.452322196960449219e+01,4.340551197528839111e-01,1.018267050385475159e-01,0.000000000000000000e+00,0.000000000000000000e+00
1.448349666595458984e+01,4.253096580505371094e-01,1.023039966821670532e-01,0.000000000000000000e+00,0.000000000000000000e+00
1.457009124755859375e+01,4.966478943824768066e-01,9.603612124919891357e-02,0.000000000000000000e+00,0.000000000000000000e+00
1.394129753112792969e+01,4.667057394981384277e-01,9.274239093065261841e-02,0.000000000000000000e+00,0.000000000000000000e+00
1.430856132507324219e+01,4.799567759037017822e-01,9.508993476629257202e-02,0.000000000000000000e+00,0.000000000000000000e+00
1.362838935852050781e+01,4.039092659950256348e-01,9.589297324419021606e-02,0.000000000000000000e+00,0.000000000000000000e+00
1.537239456176757812e+01,5.907218456268310547e-01,9.465175867080688477e-02,0.000000000000000000e+00,0.000000000000000000e+00
1.527349853515625000e+01,5.219284296035766602e-01,1.005421429872512817e-01,0.000000000000000000e+00,0.000000000000000000e+00
1.415884780883789062e+01,4.433938562870025635e-01,9.724909067153930664e-02,0.000000000000000000e+00,0.000000000000000000e+00
1.655024337768554688e+01,7.130512595176696777e-01,9.419730305671691895e-02,0.000000000000000000e+00,0.000000000000000000e+00
1.439381980895996094e+01,4.735690951347351074e-01,9.658128768205642700e-02,0.000000000000000000e+00,0.000000000000000000e+00
1.437876510620117188e+01,5.366108417510986328e-01,9.012655913829803467e-02,0.000000000000000000e+00,0.000000000000000000e+00
1.496375274658203125e+01,5.027196407318115234e-01,9.936555474996566772e-02,0.000000000000000000e+00,0.000000000000000000e+00
1.487503051757812500e+01,4.960130155086517334e-01,9.914900362491607666e-02,0.000000000000000000e+00,0.000000000000000000e+00
1.298651504516601562e+01,4.115915000438690186e-01,8.870599418878555298e-02,0.000000000000000000e+00,0.000000000000000000e+00
1.416730594635009766e+01,5.058010816574096680e-01,9.109295159578323364e-02,0.000000000000000000e+00,0.000000000000000000e+00
1.500909805297851562e+01,5.405931472778320312e-01,9.603166580200195312e-02,0.000000000000000000e+00,0.000000000000000000e+00
1.466502189636230469e+01,5.454064607620239258e-01,9.210957586765289307e-02,0.000000000000000000e+00,0.000000000000000000e+00
1.491642951965332031e+01,5.714170336723327637e-01,9.202259033918380737e-02,0.000000000000000000e+00,0.000000000000000000e+00
1.354965400695800781e+01,4.209510385990142822e-01,9.340143203735351562e-02,0.000000000000000000e+00,0.000000000000000000e+00
1.414922714233398438e+01,3.944416046142578125e-01,1.020481139421463013e-01,0.000000000000000000e+00,0.000000000000000000e+00
1.331540298461914062e+01,3.945770263671875000e-01,9.369632601737976074e-02,0.000000000000000000e+00,0.000000000000000000e+00
1.461714935302734375e+01,5.436351895332336426e-01,9.180797636508941650e-02,0.000000000000000000e+00,0.000000000000000000e+00
1.408713531494140625e+01,4.217920303344726562e-01,9.869214892387390137e-02,0.000000000000000000e+00,0.000000000000000000e+00
1.430978202819824219e+01,5.101033449172973633e-01,9.208749234676361084e-02,0.000000000000000000e+00,0.000000000000000000e+00
1.374734306335449219e+01,4.646108150482177734e-01,9.101234376430511475e-02,0.000000000000000000e+00,0.000000000000000000e+00
1.439765739440917969e+01,4.873130917549133301e-01,9.524526447057723999e-02,0.000000000000000000e+00,0.000000000000000000e+00
1.410885047912597656e+01,4.425278306007385254e-01,9.683573246002197266e-02,0.000000000000000000e+00,0.000000000000000000e+00
1.349785995483398438e+01,4.559535384178161621e-01,8.938324451446533203e-02,0.000000000000000000e+00,0.000000000000000000e+00
1.247971630096435547e+01,3.534461259841918945e-01,8.945255726575851440e-02,0.000000000000000000e+00,0.000000000000000000e+00
1.429401969909667969e+01,5.116109848022460938e-01,9.177909791469573975e-02,0.000000000000000000e+00,0.000000000000000000e+00
1.322960090637207031e+01,4.591073691844940186e-01,8.638527989387512207e-02,0.000000000000000000e+00,0.000000000000000000e+00
1.374601268768310547e+01,5.101947784423828125e-01,8.644065260887145996e-02,0.000000000000000000e+00,0.000000000000000000e+00
1.345412826538085938e+01,4.776704311370849609e-01,8.677424490451812744e-02,0.000000000000000000e+00,0.000000000000000000e+00
1.314071369171142578e+01,4.240524172782897949e-01,8.900189399719238281e-02,0.000000000000000000e+00,0.000000000000000000e+00
1.427313327789306641e+01,5.163764953613281250e-01,9.109368175268173218e-02,0.000000000000000000e+00,0.000000000000000000e+00
1.349245357513427734e+01,4.595749974250793457e-01,8.896703273057937622e-02,0.000000000000000000e+00,0.000000000000000000e+00
1.229891872406005859e+01,3.723889589309692383e-01,8.575028926134109497e-02,0.000000000000000000e+00,0.000000000000000000e+00
1.279503250122070312e+01,3.734260201454162598e-01,9.060773253440856934e-02,0.000000000000000000e+00,0.000000000000000000e+00
1.387754249572753906e+01,4.770372807979583740e-01,9.107169508934020996e-02,0.000000000000000000e+00,0.000000000000000000e+00
1.173054409027099609e+01,3.707123100757598877e-01,8.023421466350555420e-02,0.000000000000000000e+00,0.000000000000000000e+00
1.440116405487060547e+01,6.048920750617980957e-01,8.352243900299072266e-02,0.000000000000000000e+00,0.000000000000000000e+00
1.369332313537597656e+01,5.754363536834716797e-01,7.938960194587707520e-02,0.000000000000000000e+00,0.000000000000000000e+00
1.452341556549072266e+01,6.415104866027832031e-01,8.108310401439666748e-02,0.000000000000000000e+00,0.000000000000000000e+00
1.304865646362304688e+01,4.777913689613342285e-01,8.270743489265441895e-02,0.000000000000000000e+00,0.000000000000000000e+00
1.297903537750244141e+01,5.013709068298339844e-01,7.965326309204101562e-02,0.000000000000000000e+00,0.000000000000000000e+00
1.248877525329589844e+01,4.610017538070678711e-01,7.878758013248443604e-02,0.000000000000000000e+00,0.000000000000000000e+00
1.202893543243408203e+01,3.893148303031921387e-01,8.135786652565002441e-02,0.000000000000000000e+00,0.000000000000000000e+00
1.279614162445068359e+01,4.529293179512023926e-01,8.266848325729370117e-02,0.000000000000000000e+00,0.000000000000000000e+00
1.233125972747802734e+01,3.927128612995147705e-01,8.404131233692169189e-02,0.000000000000000000e+00,0.000000000000000000e+00
1.393636703491210938e+01,5.757219791412353516e-01,8.179147541522979736e-02,0.000000000000000000e+00,0.000000000000000000e+00
1.464613533020019531e+01,5.817299485206604004e-01,8.828835934400558472e-02,0.000000000000000000e+00,0.000000000000000000e+00
1.218689060211181641e+01,3.551266491413116455e-01,8.635623753070831299e-02,0.000000000000000000e+00,0.000000000000000000e+00
1.212561130523681641e+01,3.785106837749481201e-01,8.340504765510559082e-02,0.000000000000000000e+00,0.000000000000000000e+00
1.304844093322753906e+01,4.343044161796569824e-01,8.705396950244903564e-02,0.000000000000000000e+00,0.000000000000000000e+00
1.324533081054687500e+01,5.110340714454650879e-01,8.134990930557250977e-02,0.000000000000000000e+00,0.000000000000000000e+00
1.205878829956054688e+01,4.270988106727600098e-01,7.787799835205078125e-02,0.000000000000000000e+00,0.000000000000000000e+00
1.283245277404785156e+01,4.961401820182800293e-01,7.871050387620925903e-02,0.000000000000000000e+00,0.000000000000000000e+00
1.260781288146972656e+01,4.588422179222106934e-01,8.019390702247619629e-02,0.000000000000000000e+00,0.000000000000000000e+00
1.159841537475585938e+01,3.988570868968963623e-01,7.609844207763671875e-02,0.000000000000000000e+00,0.000000000000000000e+00
1.245057487487792969e+01,4.552671909332275391e-01,7.897902280092239380e-02,0.000000000000000000e+00,0.000000000000000000e+00
1.282309722900390625e+01,4.822516143321990967e-01,8.000580966472625732e-02,0.000000000000000000e+00,0.000000000000000000e+00
1.226733684539794922e+01,4.151017963886260986e-01,8.116319030523300171e-02,0.000000000000000000e+00,0.000000000000000000e+00
1.258631324768066406e+01,4.880971312522888184e-01,7.705341279506683350e-02,0.000000000000000000e+00,0.000000000000000000e+00
1.257673835754394531e+01,4.431641399860382080e-01,8.145096898078918457e-02,0.000000000000000000e+00,0.000000000000000000e+00
1.304511642456054688e+01,4.555955529212951660e-01,8.489161729812622070e-02,0.000000000000000000e+00,0.000000000000000000e+00
1.176180839538574219e+01,4.088194370269775391e-01,7.673614472150802612e-02,0.000000000000000000e+00,0.000000000000000000e+00
1.266149806976318359e+01,4.783728122711181641e-01,7.877770066261291504e-02,0.000000000000000000e+00,0.000000000000000000e+00
1.249458694458007812e+01,4.221047163009643555e-01,8.273539692163467407e-02,0.000000000000000000e+00,0.000000000000000000e+00
1.381651878356933594e+01,5.331206321716308594e-01,8.485312759876251221e-02,0.000000000000000000e+00,0.000000000000000000e+00
1.144509792327880859e+01,3.731642961502075195e-01,7.713454961776733398e-02,0.000000000000000000e+00,0.000000000000000000e+00
1.359894180297851562e+01,4.769438505172729492e-01,8.829502761363983154e-02,0.000000000000000000e+00,0.000000000000000000e+00
1.218710327148437500e+01,3.814992308616638184e-01,8.372110873460769653e-02,0.000000000000000000e+00,0.000000000000000000e+00
1.354738616943359375e+01,5.289634466171264648e-01,8.257751166820526123e-02,0.000000000000000000e+00,0.000000000000000000e+00
1.266216468811035156e+01,4.565709829330444336e-01,8.096455037593841553e-02,0.000000000000000000e+00,0.000000000000000000e+00
1.165141487121582031e+01,4.006128609180450439e-01,7.645286619663238525e-02,0.000000000000000000e+00,0.000000000000000000e+00
1.132591342926025391e+01,4.365595877170562744e-01,6.960317492485046387e-02,0.000000000000000000e+00,0.000000000000000000e+00
1.269672203063964844e+01,5.144641399383544922e-01,7.552081346511840820e-02,0.000000000000000000e+00,0.000000000000000000e+00
1.263341426849365234e+01,5.465973615646362305e-01,7.167440652847290039e-02,0.000000000000000000e+00,0.000000000000000000e+00
1.255101776123046875e+01,5.482353568077087402e-01,7.068664580583572388e-02,0.000000000000000000e+00,0.000000000000000000e+00
1.256277656555175781e+01,4.821073412895202637e-01,7.741703093051910400e-02,0.000000000000000000e+00,0.000000000000000000e+00
1.247208499908447266e+01,4.549528360366821289e-01,7.922556996345520020e-02,0.000000000000000000e+00,0.000000000000000000e+00
1.234971809387207031e+01,4.712957739830017090e-01,7.636760175228118896e-02,0.000000000000000000e+00,0.000000000000000000e+00
1.231984710693359375e+01,3.868374526500701904e-01,8.451472222805023193e-02,0.000000000000000000e+00,0.000000000000000000e+00
1.278962707519531250e+01,4.471481442451477051e-01,8.318145573139190674e-02,0.000000000000000000e+00,0.000000000000000000e+00
1.160029792785644531e+01,3.409459292888641357e-01,8.190838992595672607e-02,0.000000000000000000e+00,0.000000000000000000e+00
1.268970680236816406e+01,4.145567119121551514e-01,8.544139564037322998e-02,0.000000000000000000e+00,0.000000000000000000e+00
1.230962944030761719e+01,4.332153499126434326e-01,7.977476716041564941e-02,0.000000000000000000e+00,0.000000000000000000e+00
1.334333419799804688e+01,5.699864625930786133e-01,7.643470168113708496e-02,0.000000000000000000e+00,0.000000000000000000e+00
1.270070838928222656e+01,4.711473882198333740e-01,7.989233732223510742e-02,0.000000000000000000e+00,0.000000000000000000e+00
1.123554134368896484e+01,3.937629461288452148e-01,7.297912240028381348e-02,0.000000000000000000e+00,0.000000000000000000e+00
1.159121131896972656e+01,4.170320332050323486e-01,7.420890778303146362e-02,0.000000000000000000e+00,0.000000000000000000e+00
1.082639694213867188e+01,3.638489246368408203e-01,7.187907397747039795e-02,0.000000000000000000e+00,0.000000000000000000e+00
1.205069446563720703e+01,4.891279637813568115e-01,7.159414887428283691e-02,0.000000000000000000e+00,0.000000000000000000e+00
1.112466621398925781e+01,4.396345913410186768e-01,6.728319823741912842e-02,0.000000000000000000e+00,0.000000000000000000e+00
1.035171318054199219e+01,3.089544773101806641e-01,7.262168079614639282e-02,0.000000000000000000e+00,0.000000000000000000e+00
1.229707336425781250e+01,5.152036547660827637e-01,7.145036011934280396e-02,0.000000000000000000e+00,0.000000000000000000e+00
1.146234321594238281e+01,3.891706466674804688e-01,7.570637017488479614e-02,0.000000000000000000e+00,0.000000000000000000e+00
1.195982170104980469e+01,4.231172800064086914e-01,7.728649675846099854e-02,0.000000000000000000e+00,0.000000000000000000e+00
1.098773002624511719e+01,3.673021495342254639e-01,7.314708828926086426e-02,0.000000000000000000e+00,0.000000000000000000e+00
1.237191486358642578e+01,5.177377462387084961e-01,7.194536924362182617e-02,0.000000000000000000e+00,0.000000000000000000e+00
1.025456047058105469e+01,3.592970371246337891e-01,6.661590188741683960e-02,0.000000000000000000e+00,0.000000000000000000e+00
1.211584281921386719e+01,5.104624032974243164e-01,7.011218369007110596e-02,0.000000000000000000e+00,0.000000000000000000e+00
1.069059562683105469e+01,3.681699931621551514e-01,7.008895277976989746e-02,0.000000000000000000e+00,0.000000000000000000e+00
1.215908622741699219e+01,5.081011652946472168e-01,7.078073918819427490e-02,0.000000000000000000e+00,0.000000000000000000e+00
1.082260131835937500e+01,3.608321547508239746e-01,7.214280217885971069e-02,0.000000000000000000e+00,0.000000000000000000e+00
1.047267818450927734e+01,3.550835847854614258e-01,6.921841949224472046e-02,0.000000000000000000e+00,0.000000000000000000e+00
1.186996269226074219e+01,4.479815065860748291e-01,7.390147447586059570e-02,0.000000000000000000e+00,0.000000000000000000e+00
1.190797424316406250e+01,4.712727069854736328e-01,7.195247709751129150e-02,0.000000000000000000e+00,0.000000000000000000e+00
1.110660552978515625e+01,4.392195343971252441e-01,6.714409589767456055e-02,0.000000000000000000e+00,0.000000000000000000e+00
1.112747955322265625e+01,3.668412268161773682e-01,7.459067553281784058e-02,0.000000000000000000e+00,0.000000000000000000e+00
1.122188472747802734e+01,3.720376789569854736e-01,7.501507550477981567e-02,0.000000000000000000e+00,0.000000000000000000e+00
1.193336486816406250e+01,5.864343047142028809e-01,6.069021672010421753e-02,0.000000000000000000e+00,0.000000000000000000e+00
1.177830314636230469e+01,4.962945580482482910e-01,6.815358251333236694e-02,0.000000000000000000e+00,0.000000000000000000e+00
1.096637153625488281e+01,4.508863687515258789e-01,6.457508355379104614e-02,0.000000000000000000e+00,0.000000000000000000e+00
1.105472278594970703e+01,4.024599790573120117e-01,7.030122727155685425e-02,0.000000000000000000e+00,0.000000000000000000e+00
1.096261405944824219e+01,4.141612052917480469e-01,6.821001321077346802e-02,0.000000000000000000e+00,0.000000000000000000e+00
1.116169548034667969e+01,4.513631165027618408e-01,6.648063659667968750e-02,0.000000000000000000e+00,0.000000000000000000e+00
1.292065906524658203e+01,5.895553827285766602e-01,7.025105506181716919e-02,0.000000000000000000e+00,0.000000000000000000e+00
1.225551128387451172e+01,5.180453062057495117e-01,7.075057923793792725e-02,0.000000000000000000e+00,0.000000000000000000e+00
1.094698143005371094e+01,3.240321874618530273e-01,7.706659287214279175e-02,0.000000000000000000e+00,0.000000000000000000e+00
1.034092521667480469e+01,3.433083295822143555e-01,6.907841563224792480e-02,0.000000000000000000e+00,0.000000000000000000e+00
1.040599632263183594e+01,3.584145903587341309e-01,6.821849942207336426e-02,0.000000000000000000e+00,0.000000000000000000e+00
1.119051551818847656e+01,4.147287309169769287e-01,7.043227553367614746e-02,0.000000000000000000e+00,0.000000000000000000e+00
1.141196823120117188e+01,4.430028200149536133e-01,6.981940567493438721e-02,0.000000000000000000e+00,0.000000000000000000e+00
1.176428031921386719e+01,5.328836441040039062e-01,6.435443460941314697e-02,0.000000000000000000e+00,0.000000000000000000e+00
9.790278434753417969e+00,3.554711639881134033e-01,6.235566735267639160e-02,0.000000000000000000e+00,0.000000000000000000e+00
9.918855667114257812e+00,3.737374246120452881e-01,6.181481108069419861e-02,0.000000000000000000e+00,0.000000000000000000e+00
1.116295909881591797e+01,5.070548057556152344e-01,6.092410907149314880e-02,0.000000000000000000e+00,0.000000000000000000e+00
1.012351417541503906e+01,3.538045287132263184e-01,6.585468351840972900e-02,0.000000000000000000e+00,0.000000000000000000e+00
1.089590263366699219e+01,4.574856162071228027e-01,6.321046501398086548e-02,0.000000000000000000e+00,0.000000000000000000e+00
1.183431148529052734e+01,5.136539936065673828e-01,6.697771698236465454e-02,0.000000000000000000e+00,0.000000000000000000e+00
1.027557373046875000e+01,4.404231607913970947e-01,5.871342122554779053e-02,0.000000000000000000e+00,0.000000000000000000e+00
1.027898597717285156e+01,3.665420413017272949e-01,6.613565981388092041e-02,0.000000000000000000e+00,0.000000000000000000e+00
1.021701431274414062e+01,3.790251612663269043e-01,6.426762044429779053e-02,0.000000000000000000e+00,0.000000000000000000e+00
1.073649692535400391e+01,3.896890878677368164e-01,6.839606165885925293e-02,0.000000000000000000e+00,0.000000000000000000e+00
9.721710205078125000e+00,3.713975250720977783e-01,6.007735058665275574e-02,0.000000000000000000e+00,0.000000000000000000e+00
1.114960670471191406e+01,4.125975668430328369e-01,7.023631036281585693e-02,0.000000000000000000e+00,0.000000000000000000e+00
1.143576240539550781e+01,4.553070068359375000e-01,6.882692128419876099e-02,0.000000000000000000e+00,0.000000000000000000e+00
1.024668502807617188e+01,3.472477197647094727e-01,6.774207949638366699e-02,0.000000000000000000e+00,0.000000000000000000e+00
1.025383281707763672e+01,3.350038528442382812e-01,6.903794407844543457e-02,0.000000000000000000e+00,0.000000000000000000e+00
1.183575630187988281e+01,5.781584382057189941e-01,6.054171547293663025e-02,0.000000000000000000e+00,0.000000000000000000e+00
1.059224128723144531e+01,4.658737778663635254e-01,5.933503806591033936e-02,0.000000000000000000e+00,0.000000000000000000e+00
1.241321849822998047e+01,6.052327156066894531e-01,6.360891461372375488e-02,0.000000000000000000e+00,0.000000000000000000e+00
1.117584800720214844e+01,4.480097293853759766e-01,6.695750355720520020e-02,0.000000000000000000e+00,0.000000000000000000e+00
1.078077602386474609e+01,4.211510419845581055e-01,6.569265574216842651e-02,0.000000000000000000e+00,0.000000000000000000e+00
1.074920082092285156e+01,3.793512880802154541e-01,6.955688446760177612e-02,0.000000000000000000e+00,0.000000000000000000e+00
9.789979934692382812e+00,3.332838714122772217e-01,6.457141041755676270e-02,0.000000000000000000e+00,0.000000000000000000e+00
1.075033378601074219e+01,3.969547152519226074e-01,6.780786812305450439e-02,0.000000000000000000e+00,0.000000000000000000e+00
9.620192527770996094e+00,3.152000904083251953e-01,6.468191742897033691e-02,0.000000000000000000e+00,0.000000000000000000e+00
1.080091476440429688e+01,4.781462252140045166e-01,6.019452214241027832e-02,0.000000000000000000e+00,0.000000000000000000e+00
1.096335220336914062e+01,4.980493187904357910e-01,5.982858687639236450e-02,0.000000000000000000e+00,0.000000000000000000e+00
1.084149456024169922e+01,4.263822436332702637e-01,6.577672064304351807e-02,0.000000000000000000e+00,0.000000000000000000e+00
1.062944793701171875e+01,4.565370082855224609e-01,6.064077466726303101e-02,0.000000000000000000e+00,0.000000000000000000e+00
1.045379638671875000e+01,4.144200086593627930e-01,6.309596449136734009e-02,0.000000000000000000e+00,0.000000000000000000e+00
1.017034149169921875e+01,4.051778316497802734e-01,6.118563562631607056e-02,0.000000000000000000e+00,0.000000000000000000e+00
1.081021499633789062e+01,4.532465338706970215e-01,6.277748942375183105e-02,0.000000000000000000e+00,0.000000000000000000e+00
1.011792087554931641e+01,3.837410807609558105e-01,6.280510127544403076e-02,0.000000000000000000e+00,0.000000000000000000e+00
9.937439918518066406e+00,3.726268708705902100e-01,6.211171299219131470e-02,0.000000000000000000e+00,0.000000000000000000e+00
9.850227355957031250e+00,4.027298092842102051e-01,5.822929739952087402e-02,0.000000000000000000e+00,0.000000000000000000e+00
1.019073486328125000e+01,4.347301721572875977e-01,5.843433737754821777e-02,0.000000000000000000e+00,0.000000000000000000e+00
9.252966880798339844e+00,3.378496170043945312e-01,5.874470621347427368e-02,0.000000000000000000e+00,0.000000000000000000e+00
9.103830337524414062e+00,3.554079532623291016e-01,5.549751222133636475e-02,0.000000000000000000e+00,0.000000000000000000e+00
1.145030021667480469e+01,6.105467677116394043e-01,5.344832688570022583e-02,0.000000000000000000e+00,0.000000000000000000e+00
1.103787517547607422e+01,5.632345676422119141e-01,5.405529588460922241e-02,0.000000000000000000e+00,0.000000000000000000e+00
1.076785087585449219e+01,5.848823785781860352e-01,4.919026792049407959e-02,0.000000000000000000e+00,0.000000000000000000e+00
1.102006912231445312e+01,5.366530418395996094e-01,5.653539299964904785e-02,0.000000000000000000e+00,0.000000000000000000e+00
1.086838817596435547e+01,3.628618717193603516e-01,7.239769399166107178e-02,0.000000000000000000e+00,0.000000000000000000e+00
9.797033309936523438e+00,3.133638799190521240e-01,6.663394719362258911e-02,0.000000000000000000e+00,0.000000000000000000e+00
1.009621143341064453e+01,3.368165791034698486e-01,6.728045642375946045e-02,0.000000000000000000e+00,0.000000000000000000e+00
1.051522159576416016e+01,3.551635742187500000e-01,6.963586062192916870e-02,0.000000000000000000e+00,0.000000000000000000e+00
9.785745620727539062e+00,3.654453456401824951e-01,6.131292507052421570e-02,0.000000000000000000e+00,0.000000000000000000e+00
1.023727226257324219e+01,3.970671892166137695e-01,6.266600638628005981e-02,0.000000000000000000e+00,0.000000000000000000e+00
1.047336578369140625e+01,4.879820346832275391e-01,5.593546107411384583e-02,0.000000000000000000e+00,0.000000000000000000e+00
1.149883460998535156e+01,5.540673732757568359e-01,5.958160758018493652e-02,0.000000000000000000e+00,0.000000000000000000e+00
1.077499866485595703e+01,4.514710009098052979e-01,6.260288506746292114e-02,0.000000000000000000e+00,0.000000000000000000e+00
9.518562316894531250e+00,3.617851138114929199e-01,5.900710448622703552e-02,0.000000000000000000e+00,0.000000000000000000e+00
9.762989044189453125e+00,3.760268688201904297e-01,6.002720817923545837e-02,0.000000000000000000e+00,0.000000000000000000e+00
1.099669647216796875e+01,5.060463547706604004e-01,5.936233699321746826e-02,0.000000000000000000e+00,0.000000000000000000e+00
1.035142898559570312e+01,3.791945576667785645e-01,6.559483706951141357e-02,0.000000000000000000e+00,0.000000000000000000e+00
9.960107803344726562e+00,3.495582938194274902e-01,6.464525312185287476e-02,0.000000000000000000e+00,0.000000000000000000e+00
9.368810653686523438e+00,3.369521200656890869e-01,5.999289825558662415e-02,0.000000000000000000e+00,0.000000000000000000e+00
1.020307922363281250e+01,4.883498549461364746e-01,5.319580435752868652e-02,0.000000000000000000e+00,0.000000000000000000e+00
9.912879943847656250e+00,4.325234889984130859e-01,5.587645247578620911e-02,0.000000000000000000e+00,0.000000000000000000e+00
9.720695495605468750e+00,4.224416017532348633e-01,5.496279522776603699e-02,0.000000000000000000e+00,0.000000000000000000e+00
1.093045806884765625e+01,4.468669891357421875e-01,6.461787968873977661e-02,0.000000000000000000e+00,0.000000000000000000e+00
1.138000965118408203e+01,5.681086778640747070e-01,5.698923021554946899e-02,0.000000000000000000e+00,0.000000000000000000e+00
1.000837993621826172e+01,3.435457944869995117e-01,6.572921574115753174e-02,0.000000000000000000e+00,0.000000000000000000e+00
1.010439872741699219e+01,3.085871338844299316e-01,7.018527388572692871e-02,0.000000000000000000e+00,0.000000000000000000e+00
1.004562091827392578e+01,3.421883285045623779e-01,6.623737514019012451e-02,0.000000000000000000e+00,0.000000000000000000e+00
9.982830047607421875e+00,2.945208549499511719e-01,7.037621736526489258e-02,0.000000000000000000e+00,0.000000000000000000e+00
8.639542579650878906e+00,2.581061422824859619e-01,6.058481335639953613e-02,0.000000000000000000e+00,0.000000000000000000e+00
1.056268405914306641e+01,4.775808751583099365e-01,5.786875262856483459e-02,0.000000000000000000e+00,0.000000000000000000e+00
1.058110809326171875e+01,5.051991939544677734e-01,5.529115721583366394e-02,0.000000000000000000e+00,0.000000000000000000e+00
9.511959075927734375e+00,4.375779628753662109e-01,5.136179178953170776e-02,0.000000000000000000e+00,0.000000000000000000e+00
9.507722854614257812e+00,3.622643351554870605e-01,5.885078758001327515e-02,0.000000000000000000e+00,0.000000000000000000e+00
9.848527908325195312e+00,4.133314192295074463e-01,5.715213343501091003e-02,0.000000000000000000e+00,0.000000000000000000e+00
1.011601734161376953e+01,4.600078463554382324e-01,5.515938997268676758e-02,0.000000000000000000e+00,0.000000000000000000e+00
1.012909603118896484e+01,4.588843584060668945e-01,5.540252476930618286e-02,0.000000000000000000e+00,0.000000000000000000e+00
9.863040924072265625e+00,3.963864445686340332e-01,5.899176001548767090e-02,0.000000000000000000e+00,0.000000000000000000e+00
9.424811363220214844e+00,3.100176155567169189e-01,6.324635446071624756e-02,0.000000000000000000e+00,0.000000000000000000e+00
9.033807754516601562e+00,2.993741035461425781e-01,6.040066853165626526e-02,0.000000000000000000e+00,0.000000000000000000e+00
1.014864253997802734e+01,3.884478211402893066e-01,6.264164298772811890e-02,0.000000000000000000e+00,0.000000000000000000e+00
1.098662948608398438e+01,4.843058586120605469e-01,6.143571436405181885e-02,0.000000000000000000e+00,0.000000000000000000e+00
9.301318168640136719e+00,3.711033165454864502e-01,5.590285360813140869e-02,0.000000000000000000e+00,0.000000000000000000e+00
1.043312454223632812e+01,4.706668555736541748e-01,5.726456269621849060e-02,0.000000000000000000e+00,0.000000000000000000e+00
9.739698410034179688e+00,4.131667017936706543e-01,5.608031153678894043e-02,0.000000000000000000e+00,0.000000000000000000e+00
1.009293079376220703e+01,4.561103582382202148e-01,5.531826987862586975e-02,0.000000000000000000e+00,0.000000000000000000e+00
1.011487960815429688e+01,4.461000859737396240e-01,5.653878301382064819e-02,0.000000000000000000e+00,0.000000000000000000e+00
1.063660335540771484e+01,4.674660563468933105e-01,5.961942672729492188e-02,0.000000000000000000e+00,0.000000000000000000e+00
8.508859634399414062e+00,2.684200704097747803e-01,5.824659392237663269e-02,0.000000000000000000e+00,0.000000000000000000e+00
9.687089920043945312e+00,3.354007303714752197e-01,6.333082914352416992e-02,0.000000000000000000e+00,0.000000000000000000e+00
8.897912979125976562e+00,2.874100804328918457e-01,6.023812294006347656e-02,0.000000000000000000e+00,0.000000000000000000e+00
8.391909599304199219e+00,2.777725756168365479e-01,5.614183843135833740e-02,0.000000000000000000e+00,0.000000000000000000e+00
8.550817489624023438e+00,3.651123046875000000e-01,4.899694770574569702e-02,0.000000000000000000e+00,0.000000000000000000e+00
1.135551261901855469e+01,6.329575181007385254e-01,5.025937408208847046e-02,0.000000000000000000e+00,0.000000000000000000e+00
9.613912582397460938e+00,4.708439409732818604e-01,4.905473440885543823e-02,0.000000000000000000e+00,0.000000000000000000e+00
8.812759399414062500e+00,3.885058164596557617e-01,4.927700757980346680e-02,0.000000000000000000e+00,0.000000000000000000e+00
8.192795753479003906e+00,3.005349934101104736e-01,5.187445878982543945e-02,0.000000000000000000e+00,0.000000000000000000e+00
8.771579742431640625e+00,3.457341790199279785e-01,5.314237996935844421e-02,0.000000000000000000e+00,0.000000000000000000e+00
9.709814071655273438e+00,4.289773702621459961e-01,5.420039966702461243e-02,0.000000000000000000e+00,0.000000000000000000e+00
1.010234165191650391e+01,5.328654050827026367e-01,4.773687571287155151e-02,0.000000000000000000e+00,0.000000000000000000e+00
8.552367210388183594e+00,3.050866127014160156e-01,5.501501262187957764e-02,0.000000000000000000e+00,0.000000000000000000e+00
8.333703994750976562e+00,3.156055808067321777e-01,5.177648738026618958e-02,0.000000000000000000e+00,0.000000000000000000e+00
9.222820281982421875e+00,4.374276101589202881e-01,4.848543554544448853e-02,0.000000000000000000e+00,0.000000000000000000e+00
8.863711357116699219e+00,3.829542398452758789e-01,5.034168809652328491e-02,0.000000000000000000e+00,0.000000000000000000e+00
9.453502655029296875e+00,4.261161386966705322e-01,5.192341655492782593e-02,0.000000000000000000e+00,0.000000000000000000e+00
8.657368659973144531e+00,3.517230153083801270e-01,5.140138417482376099e-02,0.000000000000000000e+00,0.000000000000000000e+00
9.174123764038085938e+00,4.019280076026916504e-01,5.154843628406524658e-02,0.000000000000000000e+00,0.000000000000000000e+00
9.657070159912109375e+00,4.184687733650207520e-01,5.472382903099060059e-02,0.000000000000000000e+00,0.000000000000000000e+00
9.320667266845703125e+00,4.263946413993835449e-01,5.056721344590187073e-02,0.000000000000000000e+00,0.000000000000000000e+00
9.266900062561035156e+00,3.534272313117980957e-01,5.732627958059310913e-02,0.000000000000000000e+00,0.000000000000000000e+00
8.653778076171875000e+00,3.789675235748291016e-01,4.864102229475975037e-02,0.000000000000000000e+00,0.000000000000000000e+00
8.222576141357421875e+00,3.499881327152252197e-01,4.722695052623748779e-02,0.000000000000000000e+00,0.000000000000000000e+00
9.103866577148437500e+00,3.798069953918457031e-01,5.305797234177589417e-02,0.000000000000000000e+00,0.000000000000000000e+00
8.603940010070800781e+00,3.443871140480041504e-01,5.160069093108177185e-02,0.000000000000000000e+00,0.000000000000000000e+00
8.495004653930664062e+00,4.214876890182495117e-01,4.280127212405204773e-02,0.000000000000000000e+00,0.000000000000000000e+00
8.543689727783203125e+00,3.545695841312408447e-01,4.997993260622024536e-02,0.000000000000000000e+00,0.000000000000000000e+00
9.652489662170410156e+00,4.832686185836791992e-01,4.819803312420845032e-02,0.000000000000000000e+00,0.000000000000000000e+00
8.688699722290039062e+00,3.185211122035980225e-01,5.503489077091217041e-02,0.000000000000000000e+00,0.000000000000000000e+00
8.601826667785644531e+00,3.740141689777374268e-01,4.861685261130332947e-02,0.000000000000000000e+00,0.000000000000000000e+00
8.529202461242675781e+00,3.502939939498901367e-01,5.026262253522872925e-02,0.000000000000000000e+00,0.000000000000000000e+00
8.439897537231445312e+00,3.979654312133789062e-01,4.460242763161659241e-02,0.000000000000000000e+00,0.000000000000000000e+00
7.971373558044433594e+00,2.962900102138519287e-01,5.008473247289657593e-02,0.000000000000000000e+00,0.000000000000000000e+00
7.492350578308105469e+00,2.457267642021179199e-01,5.035082995891571045e-02,0.000000000000000000e+00,0.000000000000000000e+00
9.645109176635742188e+00,4.765173792839050293e-01,4.879935830831527710e-02,0.000000000000000000e+00,0.000000000000000000e+00
9.677209854125976562e+00,5.003862380981445312e-01,4.673346877098083496e-02,0.000000000000000000e+00,0.000000000000000000e+00
8.573070526123046875e+00,3.868240118026733398e-01,4.704830795526504517e-02,0.000000000000000000e+00,0.000000000000000000e+00
8.823089599609375000e+00,4.134903252124786377e-01,4.688185453414916992e-02,0.000000000000000000e+00,0.000000000000000000e+00
8.431740760803222656e+00,3.426047265529632568e-01,5.005693435668945312e-02,0.000000000000000000e+00,0.000000000000000000e+00
8.101001739501953125e+00,2.517299652099609375e-01,5.583701655268669128e-02,0.000000000000000000e+00,0.000000000000000000e+00
8.602197647094726562e+00,3.702372908592224121e-01,4.899824038147926331e-02,0.000000000000000000e+00,0.000000000000000000e+00
8.599718093872070312e+00,3.726892471313476562e-01,4.872824996709823608e-02,0.000000000000000000e+00,0.000000000000000000e+00
7.846936702728271484e+00,3.692646026611328125e-01,4.154290631413459778e-02,0.000000000000000000e+00,0.000000000000000000e+00
7.213244438171386719e+00,2.039319425821304321e-01,5.173924937844276428e-02,0.000000000000000000e+00,0.000000000000000000e+00
8.649335861206054688e+00,3.679788112640380859e-01,4.969547688961029053e-02,0.000000000000000000e+00,0.000000000000000000e+00
8.444030761718750000e+00,4.049795269966125488e-01,4.394236207008361816e-02,0.000000000000000000e+00,0.000000000000000000e+00
7.787951946258544922e+00,3.121297359466552734e-01,4.666654765605926514e-02,0.000000000000000000e+00,0.000000000000000000e+00
8.960590362548828125e+00,4.394004642963409424e-01,4.566585272550582886e-02,0.000000000000000000e+00,0.000000000000000000e+00
9.381758689880371094e+00,4.120367765426635742e-01,5.261390656232833862e-02,0.000000000000000000e+00,0.000000000000000000e+00
8.028871536254882812e+00,3.698146343231201172e-01,4.330724477767944336e-02,0.000000000000000000e+00,0.000000000000000000e+00
9.353786468505859375e+00,3.636877536773681641e-01,5.716909468173980713e-02,0.000000000000000000e+00,0.000000000000000000e+00
8.971482276916503906e+00,3.131031394004821777e-01,5.840450897812843323e-02,0.000000000000000000e+00,0.000000000000000000e+00
7.862657070159912109e+00,2.316070944070816040e-01,5.546586215496063232e-02,0.000000000000000000e+00,0.000000000000000000e+00
8.372219085693359375e+00,2.991835474967956543e-01,5.380383133888244629e-02,0.000000000000000000e+00,0.000000000000000000e+00
9.431478500366210938e+00,3.798846006393432617e-01,5.632632598280906677e-02,0.000000000000000000e+00,0.000000000000000000e+00
8.785655021667480469e+00,3.934803307056427002e-01,4.850852116942405701e-02,0.000000000000000000e+00,0.000000000000000000e+00
7.379195213317871094e+00,2.594183087348937988e-01,4.785012453794479370e-02,0.000000000000000000e+00,0.000000000000000000e+00
8.145152091979980469e+00,3.711419403553009033e-01,4.433732852339744568e-02,0.000000000000000000e+00,0.000000000000000000e+00
7.521041870117187500e+00,3.112949132919311523e-01,4.408092424273490906e-02,0.000000000000000000e+00,0.000000000000000000e+00
8.888820648193359375e+00,4.998687207698822021e-01,3.890132904052734375e-02,0.000000000000000000e+00,0.000000000000000000e+00
8.194128036499023438e+00,3.821800053119659424e-01,4.372328147292137146e-02,0.000000000000000000e+00,0.000000000000000000e+00
8.272673606872558594e+00,4.340073466300964355e-01,3.932599723339080811e-02,0.000000000000000000e+00,0.000000000000000000e+00
8.496319770812988281e+00,4.350771009922027588e-01,4.145548865199089050e-02,0.000000000000000000e+00,0.000000000000000000e+00
8.206514358520507812e+00,3.411782979965209961e-01,4.794730991125106812e-02,0.000000000000000000e+00,0.000000000000000000e+00
8.793781280517578125e+00,3.739781379699707031e-01,5.053999274969100952e-02,0.000000000000000000e+00,0.000000000000000000e+00
8.676937103271484375e+00,3.618234992027282715e-01,5.058701336383819580e-02,0.000000000000000000e+00,0.000000000000000000e+00
7.694575309753417969e+00,2.936440110206604004e-01,4.758135229349136353e-02,0.000000000000000000e+00,0.000000000000000000e+00
7.952350616455078125e+00,3.004518747329711914e-01,4.947832226753234863e-02,0.000000000000000000e+00,0.000000000000000000e+00
7.213438034057617188e+00,2.376580685377120972e-01,4.836857318878173828e-02,0.000000000000000000e+00,0.000000000000000000e+00
8.669573783874511719e+00,4.286515712738037109e-01,4.383058100938796997e-02,0.000000000000000000e+00,0.000000000000000000e+00
8.711639404296875000e+00,4.678894281387329102e-01,4.032745957374572754e-02,0.000000000000000000e+00,0.000000000000000000e+00
9.364616394042968750e+00,4.768388271331787109e-01,4.596228152513504028e-02,0.000000000000000000e+00,0.000000000000000000e+00
9.015127182006835938e+00,4.716503024101257324e-01,4.298623651266098022e-02,0.000000000000000000e+00,0.000000000000000000e+00
8.422843933105468750e+00,3.541595041751861572e-01,4.881248250603675842e-02,0.000000000000000000e+00,0.000000000000000000e+00
7.350234985351562500e+00,2.733816504478454590e-01,4.616418480873107910e-02,0.000000000000000000e+00,0.000000000000000000e+00
7.427793025970458984e+00,2.616403698921203613e-01,4.811389371752738953e-02,0.000000000000000000e+00,0.000000000000000000e+00
7.522304534912109375e+00,2.857201397418975830e-01,4.665103554725646973e-02,0.000000000000000000e+00,0.000000000000000000e+00
8.797292709350585938e+00,4.766978621482849121e-01,4.030313342809677124e-02,0.000000000000000000e+00,0.000000000000000000e+00
7.201817512512207031e+00,3.578599691390991211e-01,3.623218089342117310e-02,0.000000000000000000e+00,0.000000000000000000e+00
7.279833793640136719e+00,3.355047702789306641e-01,3.924785926938056946e-02,0.000000000000000000e+00,0.000000000000000000e+00
6.442799091339111328e+00,2.444277405738830566e-01,3.998521715402603149e-02,0.000000000000000000e+00,0.000000000000000000e+00
8.038352966308593750e+00,4.448983073234558105e-01,3.589369356632232666e-02,0.000000000000000000e+00,0.000000000000000000e+00
6.699244499206542969e+00,2.870019972324371338e-01,3.829224407672882080e-02,0.000000000000000000e+00,0.000000000000000000e+00
7.171797275543212891e+00,3.678551614284515381e-01,3.493245691061019897e-02,0.000000000000000000e+00,0.000000000000000000e+00
7.707098007202148438e+00,3.963593244552612305e-01,3.743504732847213745e-02,0.000000000000000000e+00,0.000000000000000000e+00
8.729311943054199219e+00,4.859514832496643066e-01,3.869797289371490479e-02,0.000000000000000000e+00,0.000000000000000000e+00
7.603924274444580078e+00,3.580279946327209473e-01,4.023644328117370605e-02,0.000000000000000000e+00,0.000000000000000000e+00
7.827621459960937500e+00,3.083691596984863281e-01,4.743929952383041382e-02,0.000000000000000000e+00,0.000000000000000000e+00
7.637319087982177734e+00,3.010865151882171631e-01,4.626453667879104614e-02,0.000000000000000000e+00,0.000000000000000000e+00
8.264940261840820312e+00,3.336821794509887695e-01,4.928118735551834106e-02,0.000000000000000000e+00,0.000000000000000000e+00
6.679490089416503906e+00,2.354135066270828247e-01,4.325354844331741333e-02,0.000000000000000000e+00,0.000000000000000000e+00
8.324119567871093750e+00,4.239552021026611328e-01,4.084567353129386902e-02,0.000000000000000000e+00,0.000000000000000000e+00
6.696458816528320312e+00,2.890184521675109863e-01,3.806274384260177612e-02,0.000000000000000000e+00,0.000000000000000000e+00
7.415192127227783203e+00,3.212112486362457275e-01,4.203079640865325928e-02,0.000000000000000000e+00,0.000000000000000000e+00
7.487397193908691406e+00,3.401689529418945312e-01,4.085707664489746094e-02,0.000000000000000000e+00,0.000000000000000000e+00
6.651321411132812500e+00,2.833131551742553711e-01,3.818190097808837891e-02,0.000000000000000000e+00,0.000000000000000000e+00
7.634818077087402344e+00,3.888092041015625000e-01,3.746726363897323608e-02,0.000000000000000000e+00,0.000000000000000000e+00
6.242800235748291016e+00,2.486905008554458618e-01,3.755895048379898071e-02,0.000000000000000000e+00,0.000000000000000000e+00
8.544562339782714844e+00,5.275986194610595703e-01,3.268576413393020630e-02,0.000000000000000000e+00,0.000000000000000000e+00
6.824137210845947266e+00,3.149304389953613281e-01,3.674832731485366821e-02,0.000000000000000000e+00,0.000000000000000000e+00
8.403171539306640625e+00,4.424305260181427002e-01,3.978865593671798706e-02,0.000000000000000000e+00,0.000000000000000000e+00
7.927032470703125000e+00,3.221195936203002930e-01,4.705836623907089233e-02,0.000000000000000000e+00,0.000000000000000000e+00
6.720839977264404297e+00,2.510945796966552734e-01,4.209893941879272461e-02,0.000000000000000000e+00,0.000000000000000000e+00
7.792636871337890625e+00,3.189329802989959717e-01,4.603307321667671204e-02,0.000000000000000000e+00,0.000000000000000000e+00
8.722249031066894531e+00,4.561623334884643555e-01,4.160625487565994263e-02,0.000000000000000000e+00,0.000000000000000000e+00
6.654254913330078125e+00,2.419482022523880005e-01,4.234772920608520508e-02,0.000000000000000000e+00,0.000000000000000000e+00
7.016279220581054688e+00,2.596135139465332031e-01,4.420144110918045044e-02,0.000000000000000000e+00,0.000000000000000000e+00
6.652286529541015625e+00,3.166593909263610840e-01,3.485692664980888367e-02,0.000000000000000000e+00,0.000000000000000000e+00
8.791957855224609375e+00,5.491738319396972656e-01,3.300219774246215820e-02,0.000000000000000000e+00,0.000000000000000000e+00
7.005223274230957031e+00,3.529767394065856934e-01,3.475455567240715027e-02,0.000000000000000000e+00,0.000000000000000000e+00
8.369112968444824219e+00,4.415154457092285156e-01,3.953958302736282349e-02,0.000000000000000000e+00,0.000000000000000000e+00
7.570486068725585938e+00,3.161816596984863281e-01,4.408669471740722656e-02,0.000000000000000000e+00,0.000000000000000000e+00
7.053926467895507812e+00,2.941552400588989258e-01,4.112373664975166321e-02,0.000000000000000000e+00,0.000000000000000000e+00
7.119675636291503906e+00,2.631963789463043213e-01,4.487711936235427856e-02,0.000000000000000000e+00,0.000000000000000000e+00
6.884527206420898438e+00,2.842863798141479492e-01,4.041663184762001038e-02,0.000000000000000000e+00,0.000000000000000000e+00
6.616704940795898438e+00,2.897218763828277588e-01,3.719485923647880554e-02,0.000000000000000000e+00,0.000000000000000000e+00
6.454201221466064453e+00,2.518447637557983398e-01,3.935753554105758667e-02,0.000000000000000000e+00,0.000000000000000000e+00
8.431510925292968750e+00,4.820551872253417969e-01,3.610958904027938843e-02,0.000000000000000000e+00,0.000000000000000000e+00
8.384653091430664062e+00,5.344993472099304199e-01,3.039659559726715088e-02,0.000000000000000000e+00,0.000000000000000000e+00
7.695193290710449219e+00,3.865331709384918213e-01,3.829861804842948914e-02,0.000000000000000000e+00,0.000000000000000000e+00
7.075016021728515625e+00,3.668320775032043457e-01,3.406695649027824402e-02,0.000000000000000000e+00,0.000000000000000000e+00
6.581875324249267578e+00,2.842737436294555664e-01,3.739137947559356689e-02,0.000000000000000000e+00,0.000000000000000000e+00
6.935004234313964844e+00,2.996461391448974609e-01,3.938543051481246948e-02,0.000000000000000000e+00,0.000000000000000000e+00
7.028051376342773438e+00,2.899647355079650879e-01,4.128403961658477783e-02,0.000000000000000000e+00,0.000000000000000000e+00
6.997403621673583984e+00,2.781420350074768066e-01,4.215983301401138306e-02,0.000000000000000000e+00,0.000000000000000000e+00
6.997604370117187500e+00,2.769284248352050781e-01,4.228319972753524780e-02,0.000000000000000000e+00,0.000000000000000000e+00
7.426857948303222656e+00,3.693769574165344238e-01,3.733088821172714233e-02,0.000000000000000000e+00,0.000000000000000000e+00
8.477022171020507812e+00,4.716609120368957520e-01,3.760413080453872681e-02,0.000000000000000000e+00,0.000000000000000000e+00
7.218457698822021484e+00,3.695640563964843750e-01,3.522817045450210571e-02,0.000000000000000000e+00,0.000000000000000000e+00
6.491569042205810547e+00,2.500749230384826660e-01,3.990820050239562988e-02,0.000000000000000000e+00,0.000000000000000000e+00
7.189450740814208984e+00,3.286871016025543213e-01,3.902579843997955322e-02,0.000000000000000000e+00,0.000000000000000000e+00
6.079665184020996094e+00,2.159357964992523193e-01,3.920307382941246033e-02,0.000000000000000000e+00,0.000000000000000000e+00
7.272393226623535156e+00,3.765939474105834961e-01,3.506453707814216614e-02,0.000000000000000000e+00,0.000000000000000000e+00
6.725398063659667969e+00,3.410219848155975342e-01,3.315178304910659790e-02,0.000000000000000000e+00,0.000000000000000000e+00
7.160995006561279297e+00,3.753570914268493652e-01,3.407423943281173706e-02,0.000000000000000000e+00,0.000000000000000000e+00
6.310505867004394531e+00,2.408970147371292114e-01,3.901535645127296448e-02,0.000000000000000000e+00,0.000000000000000000e+00
6.588490009307861328e+00,3.009610474109649658e-01,3.578879684209823608e-02,0.000000000000000000e+00,0.000000000000000000e+00
7.218341827392578125e+00,3.632619976997375488e-01,3.585722297430038452e-02,0.000000000000000000e+00,0.000000000000000000e+00
6.786647319793701172e+00,2.988874316215515137e-01,3.797772899270057678e-02,0.000000000000000000e+00,0.000000000000000000e+00
7.119788169860839844e+00,2.860960364341735840e-01,4.258827865123748779e-02,0.000000000000000000e+00,0.000000000000000000e+00
6.362454414367675781e+00,2.678315043449401855e-01,3.684139251708984375e-02,0.000000000000000000e+00,0.000000000000000000e+00
7.159607410430908203e+00,3.758779764175415039e-01,3.400827571749687195e-02,0.000000000000000000e+00,0.000000000000000000e+00
6.136693000793457031e+00,2.916653454303741455e-01,3.220039606094360352e-02,0.000000000000000000e+00,0.000000000000000000e+00
6.647128582000732422e+00,3.483541905879974365e-01,3.163586556911468506e-02,0.000000000000000000e+00,0.000000000000000000e+00
6.130576133728027344e+00,2.571538090705871582e-01,3.559038043022155762e-02,0.000000000000000000e+00,0.000000000000000000e+00
7.366685867309570312e+00,3.857718706130981445e-01,3.508967161178588867e-02,0.000000000000000000e+00,0.000000000000000000e+00
6.699047088623046875e+00,3.264856934547424316e-01,3.434190154075622559e-02,0.000000000000000000e+00,0.000000000000000000e+00
6.311915397644042969e+00,2.452215552330017090e-01,3.859699517488479614e-02,0.000000000000000000e+00,0.000000000000000000e+00
6.152316093444824219e+00,2.548230886459350586e-01,3.604084998369216919e-02,0.000000000000000000e+00,0.000000000000000000e+00
7.163630485534667969e+00,3.549357056617736816e-01,3.614273294806480408e-02,0.000000000000000000e+00,0.000000000000000000e+00
6.391090869903564453e+00,3.039790689945220947e-01,3.351300209760665894e-02,0.000000000000000000e+00,0.000000000000000000e+00
7.436916351318359375e+00,4.000440537929534912e-01,3.436475992202758789e-02,0.000000000000000000e+00,0.000000000000000000e+00
6.689208030700683594e+00,3.027563393115997314e-01,3.661644458770751953e-02,0.000000000000000000e+00,0.000000000000000000e+00
6.095143318176269531e+00,2.744477391242980957e-01,3.350665792822837830e-02,0.000000000000000000e+00,0.000000000000000000e+00
6.234363555908203125e+00,2.779021859169006348e-01,3.455341979861259460e-02,0.000000000000000000e+00,0.000000000000000000e+00
6.557242393493652344e+00,3.182728588581085205e-01,3.374513983726501465e-02,0.000000000000000000e+00,0.000000000000000000e+00
5.542902469635009766e+00,2.710095942020416260e-01,2.832806669175624847e-02,0.000000000000000000e+00,0.000000000000000000e+00
6.416977882385253906e+00,3.315723240375518799e-01,3.101254813373088837e-02,0.000000000000000000e+00,0.000000000000000000e+00
5.861967563629150391e+00,2.711786627769470215e-01,3.150180727243423462e-02,0.000000000000000000e+00,0.000000000000000000e+00
6.513872146606445312e+00,3.549215197563171387e-01,2.964656986296176910e-02,0.000000000000000000e+00,0.000000000000000000e+00
6.256700515747070312e+00,3.129450380802154541e-01,3.127250075340270996e-02,0.000000000000000000e+00,0.000000000000000000e+00
5.155536651611328125e+00,2.312850654125213623e-01,2.842685580253601074e-02,0.000000000000000000e+00,0.000000000000000000e+00
5.617393493652343750e+00,2.627900242805480957e-01,2.989493310451507568e-02,0.000000000000000000e+00,0.000000000000000000e+00
5.647877693176269531e+00,2.958484292030334473e-01,2.689393237233161926e-02,0.000000000000000000e+00,0.000000000000000000e+00
6.086677551269531250e+00,3.038809895515441895e-01,3.047867864370346069e-02,0.000000000000000000e+00,0.000000000000000000e+00
6.917325019836425781e+00,4.062685668468475342e-01,2.854639664292335510e-02,0.000000000000000000e+00,0.000000000000000000e+00
5.931627750396728516e+00,2.852158844470977783e-01,3.079468943178653717e-02,0.000000000000000000e+00,0.000000000000000000e+00
6.767515659332275391e+00,3.425709009170532227e-01,3.341806679964065552e-02,0.000000000000000000e+00,0.000000000000000000e+00
6.425140380859375000e+00,2.648449540138244629e-01,3.776691108942031860e-02,0.000000000000000000e+00,0.000000000000000000e+00
6.751739978790283203e+00,2.929681539535522461e-01,3.822058439254760742e-02,0.000000000000000000e+00,0.000000000000000000e+00
6.656218051910400391e+00,2.803719639778137207e-01,3.852498531341552734e-02,0.000000000000000000e+00,0.000000000000000000e+00
6.048743247985839844e+00,2.516774535179138184e-01,3.531968593597412109e-02,0.000000000000000000e+00,0.000000000000000000e+00
6.993522644042968750e+00,3.623446524143218994e-01,3.370076417922973633e-02,0.000000000000000000e+00,0.000000000000000000e+00
6.253096580505371094e+00,3.069828152656555176e-01,3.183268755674362183e-02,0.000000000000000000e+00,0.000000000000000000e+00
5.969657897949218750e+00,2.781909108161926270e-01,3.187748789787292480e-02,0.000000000000000000e+00,0.000000000000000000e+00
7.115336894989013672e+00,4.302960634231567383e-01,2.812376618385314941e-02,0.000000000000000000e+00,0.000000000000000000e+00
6.142855644226074219e+00,3.351765275001525879e-01,2.791090682148933411e-02,0.000000000000000000e+00,0.000000000000000000e+00
6.453542232513427734e+00,3.318259716033935547e-01,3.135282546281814575e-02,0.000000000000000000e+00,0.000000000000000000e+00
6.174644947052001953e+00,2.640280127525329590e-01,3.534364700317382812e-02,0.000000000000000000e+00,0.000000000000000000e+00
6.172260284423828125e+00,2.852154970169067383e-01,3.320105001330375671e-02,0.000000000000000000e+00,0.000000000000000000e+00
5.971315383911132812e+00,2.250415533781051636e-01,3.720900043845176697e-02,0.000000000000000000e+00,0.000000000000000000e+00
5.845341682434082031e+00,2.707531750202178955e-01,3.137810155749320984e-02,0.000000000000000000e+00,0.000000000000000000e+00
6.357280731201171875e+00,2.869895994663238525e-01,3.487385064363479614e-02,0.000000000000000000e+00,0.000000000000000000e+00
7.077327728271484375e+00,3.610018491744995117e-01,3.467309474945068359e-02,0.000000000000000000e+00,0.000000000000000000e+00
6.572345733642578125e+00,3.302679061889648438e-01,3.269666433334350586e-02,0.000000000000000000e+00,0.000000000000000000e+00
5.607336521148681641e+00,1.936187744140625000e-01,3.671148791909217834e-02,0.000000000000000000e+00,0.000000000000000000e+00
6.060935020446777344e+00,2.692653238773345947e-01,3.368281945586204529e-02,0.000000000000000000e+00,0.000000000000000000e+00
6.133582115173339844e+00,2.990170717239379883e-01,3.143411129713058472e-02,0.000000000000000000e+00,0.000000000000000000e+00
4.769135475158691406e+00,1.774205714464187622e-01,2.994929999113082886e-02,0.000000000000000000e+00,0.000000000000000000e+00
5.974616050720214844e+00,3.427257537841796875e-01,2.547358721494674683e-02,0.000000000000000000e+00,0.000000000000000000e+00
6.376745700836181641e+00,3.518945872783660889e-01,2.857799828052520752e-02,0.000000000000000000e+00,0.000000000000000000e+00
5.319460391998291016e+00,2.480178475379943848e-01,2.839281968772411346e-02,0.000000000000000000e+00,0.000000000000000000e+00
4.813735008239746094e+00,2.237659394741058350e-01,2.576075494289398193e-02,0.000000000000000000e+00,0.000000000000000000e+00
4.648707866668701172e+00,2.288404405117034912e-01,2.360303327441215515e-02,0.000000000000000000e+00,0.000000000000000000e+00
6.994389533996582031e+00,4.416752755641937256e-01,2.577636577188968658e-02,0.000000000000000000e+00,0.000000000000000000e+00
5.182273864746093750e+00,2.451838850975036621e-01,2.730434760451316833e-02,0.000000000000000000e+00,0.000000000000000000e+00
5.274859905242919922e+00,2.514115869998931885e-01,2.760744094848632812e-02,0.000000000000000000e+00,0.000000000000000000e+00
5.509902954101562500e+00,2.980453372001647949e-01,2.529449760913848877e-02,0.000000000000000000e+00,0.000000000000000000e+00
5.111208915710449219e+00,2.512803673744201660e-01,2.598405443131923676e-02,0.000000000000000000e+00,0.000000000000000000e+00
6.169076919555664062e+00,3.206951916217803955e-01,2.962125092744827271e-02,0.000000000000000000e+00,0.000000000000000000e+00
5.909298896789550781e+00,2.929564714431762695e-01,2.979734167456626892e-02,0.000000000000000000e+00,0.000000000000000000e+00
5.692771434783935547e+00,2.485248744487762451e-01,3.207522630691528320e-02,0.000000000000000000e+00,0.000000000000000000e+00
5.482887744903564453e+00,2.565247416496276855e-01,2.917640283703804016e-02,0.000000000000000000e+00,0.000000000000000000e+00
4.546339035034179688e+00,1.730980724096298218e-01,2.815358340740203857e-02,0.000000000000000000e+00,0.000000000000000000e+00
7.214362144470214844e+00,4.685205519199371338e-01,2.529156766831874847e-02,0.000000000000000000e+00,0.000000000000000000e+00
5.565776348114013672e+00,3.141893744468688965e-01,2.423882484436035156e-02,0.000000000000000000e+00,0.000000000000000000e+00
5.286860466003417969e+00,2.928633689880371094e-01,2.358226478099822998e-02,0.000000000000000000e+00,0.000000000000000000e+00
4.796274185180664062e+00,1.929909884929656982e-01,2.866364456713199615e-02,0.000000000000000000e+00,0.000000000000000000e+00
5.211032867431640625e+00,2.509706020355224609e-01,2.701327018439769745e-02,0.000000000000000000e+00,0.000000000000000000e+00
5.358651161193847656e+00,2.247378230094909668e-01,3.111273050308227539e-02,0.000000000000000000e+00,0.000000000000000000e+00
5.621654033660888672e+00,2.968054413795471191e-01,2.653599716722965240e-02,0.000000000000000000e+00,0.000000000000000000e+00
5.812274932861328125e+00,2.968547940254211426e-01,2.843727171421051025e-02,0.000000000000000000e+00,0.000000000000000000e+00
5.118272304534912109e+00,2.257918119430541992e-01,2.860354259610176086e-02,0.000000000000000000e+00,0.000000000000000000e+00
5.148285865783691406e+00,2.106852829456329346e-01,3.041433170437812805e-02,0.000000000000000000e+00,0.000000000000000000e+00
5.092616558074951172e+00,2.497416883707046509e-01,2.595199644565582275e-02,0.000000000000000000e+00,0.000000000000000000e+00
5.501198768615722656e+00,2.952498197555541992e-01,2.548700757324695587e-02,0.000000000000000000e+00,0.000000000000000000e+00
5.582000732421875000e+00,3.079286217689514160e-01,2.502714470028877258e-02,0.000000000000000000e+00,0.000000000000000000e+00
5.039381980895996094e+00,2.468102872371673584e-01,2.571279369294643402e-02,0.000000000000000000e+00,0.000000000000000000e+00
6.003890037536621094e+00,3.564319014549255371e-01,2.439570799469947815e-02,0.000000000000000000e+00,0.000000000000000000e+00
5.853966712951660156e+00,2.926193773746490479e-01,2.927772700786590576e-02,0.000000000000000000e+00,0.000000000000000000e+00
5.288078308105468750e+00,2.449027448892593384e-01,2.839050441980361938e-02,0.000000000000000000e+00,0.000000000000000000e+00
5.570038795471191406e+00,2.749119997024536133e-01,2.820918522775173187e-02,0.000000000000000000e+00,0.000000000000000000e+00
5.022644042968750000e+00,2.182120978832244873e-01,2.840523235499858856e-02,0.000000000000000000e+00,0.000000000000000000e+00
5.346625328063964844e+00,2.601658701896667480e-01,2.744966745376586914e-02,0.000000000000000000e+00,0.000000000000000000e+00
4.961764812469482422e+00,2.237520664930343628e-01,2.724244073033332825e-02,0.000000000000000000e+00,0.000000000000000000e+00
6.152940750122070312e+00,3.607533276081085205e-01,2.545407414436340332e-02,0.000000000000000000e+00,0.000000000000000000e+00
5.065369606018066406e+00,2.173337340354919434e-01,2.892031893134117126e-02,0.000000000000000000e+00,0.000000000000000000e+00
5.400722503662109375e+00,2.494167238473892212e-01,2.906554937362670898e-02,0.000000000000000000e+00,0.000000000000000000e+00
5.319953918457031250e+00,2.886230647563934326e-01,2.433723211288452148e-02,0.000000000000000000e+00,0.000000000000000000e+00
5.886502742767333984e+00,3.017201423645019531e-01,2.869301289319992065e-02,0.000000000000000000e+00,0.000000000000000000e+00
5.055369377136230469e+00,2.459183335304260254e-01,2.596186101436614990e-02,0.000000000000000000e+00,0.000000000000000000e+00
5.831754207611083984e+00,3.230080902576446533e-01,2.601673267781734467e-02,0.000000000000000000e+00,0.000000000000000000e+00
5.021932125091552734e+00,2.357300966978073120e-01,2.664631232619285583e-02,0.000000000000000000e+00,0.000000000000000000e+00
5.125012397766113281e+00,2.391491532325744629e-01,2.733521163463592529e-02,0.000000000000000000e+00,0.000000000000000000e+00
4.723448753356933594e+00,2.008488029241561890e-01,2.714960649609565735e-02,0.000000000000000000e+00,0.000000000000000000e+00
5.477513313293457031e+00,2.775396704673767090e-01,2.702116221189498901e-02,0.000000000000000000e+00,0.000000000000000000e+00
5.171597480773925781e+00,2.726834416389465332e-01,2.444763481616973877e-02,0.000000000000000000e+00,0.000000000000000000e+00
5.732430458068847656e+00,3.203911185264587402e-01,2.528519183397293091e-02,0.000000000000000000e+00,0.000000000000000000e+00
5.218637943267822266e+00,2.254518717527389526e-01,2.964119240641593933e-02,0.000000000000000000e+00,0.000000000000000000e+00
4.387476444244384766e+00,1.416245847940444946e-01,2.971230633556842804e-02,0.000000000000000000e+00,0.000000000000000000e+00
4.571846008300781250e+00,1.605641543865203857e-01,2.966204099357128143e-02,0.000000000000000000e+00,0.000000000000000000e+00
5.049906730651855469e+00,2.505364716053009033e-01,2.544541843235492706e-02,0.000000000000000000e+00,0.000000000000000000e+00
5.367832183837890625e+00,2.825277149677276611e-01,2.542555332183837891e-02,0.000000000000000000e+00,0.000000000000000000e+00
4.466115474700927734e+00,1.949898898601531982e-01,2.516216598451137543e-02,0.000000000000000000e+00,0.000000000000000000e+00
3.871478319168090820e+00,1.711957156658172607e-01,2.159520983695983887e-02,0.000000000000000000e+00,0.000000000000000000e+00
5.880890846252441406e+00,3.729807436466217041e-01,2.151083759963512421e-02,0.000000000000000000e+00,0.000000000000000000e+00
4.082659721374511719e+00,2.240969985723495483e-01,1.841689646244049072e-02,0.000000000000000000e+00,0.000000000000000000e+00
4.942024230957031250e+00,3.143627643585205078e-01,1.798396557569503784e-02,0.000000000000000000e+00,0.000000000000000000e+00
4.745390892028808594e+00,2.767195701599121094e-01,1.978195458650588989e-02,0.000000000000000000e+00,0.000000000000000000e+00
5.268015861511230469e+00,3.289315998554229736e-01,1.978699862957000732e-02,0.000000000000000000e+00,0.000000000000000000e+00
5.169144630432128906e+00,2.406810820102691650e-01,2.762333862483501434e-02,0.000000000000000000e+00,0.000000000000000000e+00
4.750941753387451172e+00,1.694665551185607910e-01,3.056276217103004456e-02,0.000000000000000000e+00,0.000000000000000000e+00
5.156875610351562500e+00,1.848371922969818115e-01,3.308503329753875732e-02,0.000000000000000000e+00,0.000000000000000000e+00
5.533749580383300781e+00,2.466174811124801636e-01,3.067574650049209595e-02,0.000000000000000000e+00,0.000000000000000000e+00
4.604826450347900391e+00,1.889830231666564941e-01,2.714996039867401123e-02,0.000000000000000000e+00,0.000000000000000000e+00
4.393269538879394531e+00,1.762628853321075439e-01,2.630640752613544464e-02,0.000000000000000000e+00,0.000000000000000000e+00
5.541048049926757812e+00,3.366512060165405273e-01,2.174535766243934631e-02,0.000000000000000000e+00,0.000000000000000000e+00
5.445342063903808594e+00,3.325500786304473877e-01,2.119841426610946655e-02,0.000000000000000000e+00,0.000000000000000000e+00
4.478659629821777344e+00,2.348658740520477295e-01,2.130000665783882141e-02,0.000000000000000000e+00,0.000000000000000000e+00
6.337918758392333984e+00,4.178287088871002197e-01,2.159631624817848206e-02,0.000000000000000000e+00,0.000000000000000000e+00
5.870590209960937500e+00,3.561581075191497803e-01,2.309009060263633728e-02,0.000000000000000000e+00,0.000000000000000000e+00
4.852646827697753906e+00,2.169270217418670654e-01,2.683376707136631012e-02,0.000000000000000000e+00,0.000000000000000000e+00
5.306144237518310547e+00,2.349549084901809692e-01,2.956595271825790405e-02,0.000000000000000000e+00,0.000000000000000000e+00
5.224582672119140625e+00,2.367834448814392090e-01,2.856747992336750031e-02,0.000000000000000000e+00,0.000000000000000000e+00
5.362039089202880859e+00,1.996538937091827393e-01,3.365500271320343018e-02,0.000000000000000000e+00,0.000000000000000000e+00
5.100409507751464844e+00,2.110540270805358887e-01,2.989869192242622375e-02,0.000000000000000000e+00,0.000000000000000000e+00
4.719176769256591797e+00,2.218066453933715820e-01,2.501110360026359558e-02,0.000000000000000000e+00,0.000000000000000000e+00
4.587527275085449219e+00,2.015134245157241821e-01,2.572392672300338745e-02,0.000000000000000000e+00,0.000000000000000000e+00
4.394226551055908203e+00,2.340639382600784302e-01,2.053587138652801514e-02,0.000000000000000000e+00,0.000000000000000000e+00
4.601329803466796875e+00,2.517492175102233887e-01,2.083837240934371948e-02,0.000000000000000000e+00,0.000000000000000000e+00
4.234817504882812500e+00,2.324008047580718994e-01,1.910809427499771118e-02,0.000000000000000000e+00,0.000000000000000000e+00
3.614179134368896484e+00,1.618156284093856812e-01,1.996022835373878479e-02,0.000000000000000000e+00,0.000000000000000000e+00
3.911727666854858398e+00,1.778952628374099731e-01,2.132775075733661652e-02,0.000000000000000000e+00,0.000000000000000000e+00
5.317577838897705078e+00,3.341007828712463379e-01,1.976570114493370056e-02,0.000000000000000000e+00,0.000000000000000000e+00
4.140048980712890625e+00,2.114201039075851440e-01,2.025847882032394409e-02,0.000000000000000000e+00,0.000000000000000000e+00
4.465295791625976562e+00,2.406683713197708130e-01,2.058611996471881866e-02,0.000000000000000000e+00,0.000000000000000000e+00
5.581034660339355469e+00,3.654793500900268555e-01,1.926241442561149597e-02,0.000000000000000000e+00,0.000000000000000000e+00
4.154049873352050781e+00,2.038668245077133179e-01,2.115381509065628052e-02,0.000000000000000000e+00,0.000000000000000000e+00
5.335795402526855469e+00,3.073533177375793457e-01,2.262262254953384399e-02,0.000000000000000000e+00,0.000000000000000000e+00
4.337827205657958984e+00,1.735441088676452637e-01,2.602386288344860077e-02,0.000000000000000000e+00,0.000000000000000000e+00
4.837043762207031250e+00,2.144506871700286865e-01,2.692537009716033936e-02,0.000000000000000000e+00,0.000000000000000000e+00
4.761800289154052734e+00,1.805383861064910889e-01,2.956416457891464233e-02,0.000000000000000000e+00,0.000000000000000000e+00
4.123991012573242188e+00,1.559661924839019775e-01,2.564329281449317932e-02,0.000000000000000000e+00,0.000000000000000000e+00
5.530663490295410156e+00,3.173353075981140137e-01,2.357310056686401367e-02,0.000000000000000000e+00,0.000000000000000000e+00
6.321265697479248047e+00,4.056880474090576172e-01,2.264385297894477844e-02,0.000000000000000000e+00,0.000000000000000000e+00
4.164601325988769531e+00,1.799135357141494751e-01,2.365466207265853882e-02,0.000000000000000000e+00,0.000000000000000000e+00
4.225923061370849609e+00,2.121652364730834961e-01,2.104270644485950470e-02,0.000000000000000000e+00,0.000000000000000000e+00
4.274255752563476562e+00,2.334752827882766724e-01,1.939502730965614319e-02,0.000000000000000000e+00,0.000000000000000000e+00
4.271108627319335938e+00,2.078136652708053589e-01,2.192971855401992798e-02,0.000000000000000000e+00,0.000000000000000000e+00
3.905352830886840820e+00,1.608580350875854492e-01,2.296772412955760956e-02,0.000000000000000000e+00,0.000000000000000000e+00
4.183370590209960938e+00,2.151010036468505859e-01,2.032360620796680450e-02,0.000000000000000000e+00,0.000000000000000000e+00
3.780478000640869141e+00,2.087538838386535645e-01,1.692939177155494690e-02,0.000000000000000000e+00,0.000000000000000000e+00
4.774330139160156250e+00,2.879002094268798828e-01,1.895328052341938019e-02,0.000000000000000000e+00,0.000000000000000000e+00
4.578062057495117188e+00,2.430869191884994507e-01,2.147192880511283875e-02,0.000000000000000000e+00,0.000000000000000000e+00
4.622822761535644531e+00,2.622384428977966309e-01,2.000437863171100616e-02,0.000000000000000000e+00,0.000000000000000000e+00
4.093110084533691406e+00,1.861137449741363525e-01,2.231973037123680115e-02,0.000000000000000000e+00,0.000000000000000000e+00
4.486308097839355469e+00,1.848201900720596313e-01,2.638106234371662140e-02,0.000000000000000000e+00,0.000000000000000000e+00
4.497033119201660156e+00,2.176131010055541992e-01,2.320902422070503235e-02,0.000000000000000000e+00,0.000000000000000000e+00
4.021481990814208984e+00,1.941972374916076660e-01,2.079509571194648743e-02,0.000000000000000000e+00,0.000000000000000000e+00
4.353634834289550781e+00,2.100043445825576782e-01,2.253591269254684448e-02,0.000000000000000000e+00,0.000000000000000000e+00
4.246942520141601562e+00,2.250967025756835938e-01,1.995975524187088013e-02,0.000000000000000000e+00,0.000000000000000000e+00
5.401085853576660156e+00,3.151229023933410645e-01,2.249857038259506226e-02,0.000000000000000000e+00,0.000000000000000000e+00
4.234158039093017578e+00,1.948081851005554199e-01,2.286076173186302185e-02,0.000000000000000000e+00,0.000000000000000000e+00
3.997157573699951172e+00,1.759058088064193726e-01,2.238099649548530579e-02,0.000000000000000000e+00,0.000000000000000000e+00
3.793134212493896484e+00,1.361656785011291504e-01,2.431477606296539307e-02,0.000000000000000000e+00,0.000000000000000000e+00
4.291392326354980469e+00,2.158234566450119019e-01,2.133157849311828613e-02,0.000000000000000000e+00,0.000000000000000000e+00
4.080541610717773438e+00,2.215961217880249023e-01,1.864580437541007996e-02,0.000000000000000000e+00,0.000000000000000000e+00
2.934658288955688477e+00,1.270049959421157837e-01,1.664608344435691833e-02,0.000000000000000000e+00,0.000000000000000000e+00
4.938406944274902344e+00,3.555320203304290771e-01,1.383086945861577988e-02,0.000000000000000000e+00,0.000000000000000000e+00
3.314482688903808594e+00,1.937488466501235962e-01,1.376994140446186066e-02,0.000000000000000000e+00,0.000000000000000000e+00
2.820240020751953125e+00,1.553435325622558594e-01,1.266804710030555725e-02,0.000000000000000000e+00,0.000000000000000000e+00
6.116698741912841797e+00,4.764632284641265869e-01,1.352066453546285629e-02,0.000000000000000000e+00,0.000000000000000000e+00
3.180764675140380859e+00,1.906392574310302734e-01,1.274372078478336334e-02,0.000000000000000000e+00,0.000000000000000000e+00
3.639868259429931641e+00,2.287498116493225098e-01,1.352370250970125198e-02,0.000000000000000000e+00,0.000000000000000000e+00
3.883112192153930664e+00,2.280470430850982666e-01,1.602641865611076355e-02,0.000000000000000000e+00,0.000000000000000000e+00
3.787827491760253906e+00,1.905620545148849487e-01,1.882207021117210388e-02,0.000000000000000000e+00,0.000000000000000000e+00
5.419785499572753906e+00,3.116179108619689941e-01,2.303606271743774414e-02,0.000000000000000000e+00,0.000000000000000000e+00
4.312661170959472656e+00,1.572682410478591919e-01,2.739978954195976257e-02,0.000000000000000000e+00,0.000000000000000000e+00
4.528321266174316406e+00,1.835204958915710449e-01,2.693116478621959686e-02,0.000000000000000000e+00,0.000000000000000000e+00
4.123052597045898438e+00,1.456503570079803467e-01,2.666548825800418854e-02,0.000000000000000000e+00,0.000000000000000000e+00
3.841749191284179688e+00,1.436572223901748657e-01,2.405177056789398193e-02,0.000000000000000000e+00,0.000000000000000000e+00
4.674478054046630859e+00,2.886508107185363770e-01,1.787970028817653656e-02,0.000000000000000000e+00,0.000000000000000000e+00
4.899887084960937500e+00,3.030750453472137451e-01,1.869136281311511993e-02,0.000000000000000000e+00,0.000000000000000000e+00
3.730458259582519531e+00,1.872011423110961914e-01,1.858446933329105377e-02,0.000000000000000000e+00,0.000000000000000000e+00
4.157793521881103516e+00,2.471942305564880371e-01,1.685851067304611206e-02,0.000000000000000000e+00,0.000000000000000000e+00
3.130065202713012695e+00,1.212895214557647705e-01,1.917169988155364990e-02,0.000000000000000000e+00,0.000000000000000000e+00
3.345640182495117188e+00,1.598900705575942993e-01,1.746739447116851807e-02,0.000000000000000000e+00,0.000000000000000000e+00
3.883538246154785156e+00,2.274161875247955322e-01,1.609376445412635803e-02,0.000000000000000000e+00,0.000000000000000000e+00
3.815723419189453125e+00,1.971847712993621826e-01,1.843875646591186523e-02,0.000000000000000000e+00,0.000000000000000000e+00
3.873855590820312500e+00,2.137020528316497803e-01,1.736834831535816193e-02,0.000000000000000000e+00,0.000000000000000000e+00
3.039206027984619141e+00,1.411950886249542236e-01,1.627255231142044067e-02,0.000000000000000000e+00,0.000000000000000000e+00
4.226366996765136719e+00,2.529115974903106689e-01,1.697251200675964355e-02,0.000000000000000000e+00,0.000000000000000000e+00
3.509665489196777344e+00,2.000681906938552856e-01,1.508983783423900604e-02,0.000000000000000000e+00,0.000000000000000000e+00
3.339596271514892578e+00,1.657404750585556030e-01,1.682191342115402222e-02,0.000000000000000000e+00,0.000000000000000000e+00
3.418872594833374023e+00,1.660631597042083740e-01,1.758240908384323120e-02,0.000000000000000000e+00,0.000000000000000000e+00
3.459413528442382812e+00,1.898709237575531006e-01,1.560704223811626434e-02,0.000000000000000000e+00,0.000000000000000000e+00
3.503709793090820312e+00,2.049554586410522461e-01,1.454155333340167999e-02,0.000000000000000000e+00,0.000000000000000000e+00
3.565992355346679688e+00,2.059849649667739868e-01,1.506142783910036087e-02,0.000000000000000000e+00,0.000000000000000000e+00
2.923463582992553711e+00,1.417655050754547119e-01,1.505808532238006592e-02,0.000000000000000000e+00,0.000000000000000000e+00
4.381419181823730469e+00,2.802788913249969482e-01,1.578630134463310242e-02,0.000000000000000000e+00,0.000000000000000000e+00
4.254487991333007812e+00,2.419096678495407104e-01,1.835391297936439514e-02,0.000000000000000000e+00,0.000000000000000000e+00
4.265323638916015625e+00,1.946957111358642578e-01,2.318366244435310364e-02,0.000000000000000000e+00,0.000000000000000000e+00
4.179425239562988281e+00,1.744727790355682373e-01,2.434697374701499939e-02,0.000000000000000000e+00,0.000000000000000000e+00
4.655244827270507812e+00,2.072464525699615479e-01,2.582780271768569946e-02,0.000000000000000000e+00,0.000000000000000000e+00
3.932510137557983398e+00,1.571158468723297119e-01,2.361351624131202698e-02,0.000000000000000000e+00,0.000000000000000000e+00
3.973263025283813477e+00,1.599108278751373291e-01,2.374154888093471527e-02,0.000000000000000000e+00,0.000000000000000000e+00
3.469440937042236328e+00,1.667313575744628906e-01,1.802127249538898468e-02,0.000000000000000000e+00,0.000000000000000000e+00
3.622911453247070312e+00,2.186846584081649780e-01,1.436064951121807098e-02,0.000000000000000000e+00,0.000000000000000000e+00
3.839425802230834961e+00,2.232199311256408691e-01,1.607226580381393433e-02,0.000000000000000000e+00,0.000000000000000000e+00
3.600193023681640625e+00,2.269266545772552490e-01,1.330926455557346344e-02,0.000000000000000000e+00,0.000000000000000000e+00
3.929069280624389648e+00,2.459682226181030273e-01,1.469387114048004150e-02,0.000000000000000000e+00,0.000000000000000000e+00
3.672243833541870117e+00,2.348327338695526123e-01,1.323916390538215637e-02,0.000000000000000000e+00,0.000000000000000000e+00
3.303320407867431641e+00,1.661837249994277954e-01,1.641483232378959656e-02,0.000000000000000000e+00,0.000000000000000000e+00
3.869061470031738281e+00,2.119043618440628052e-01,1.750017888844013214e-02,0.000000000000000000e+00,0.000000000000000000e+00
3.599251508712768555e+00,1.749727278947830200e-01,1.849524304270744324e-02,0.000000000000000000e+00,0.000000000000000000e+00
4.277616500854492188e+00,2.423634827136993408e-01,1.853981986641883850e-02,0.000000000000000000e+00,0.000000000000000000e+00
3.712202072143554688e+00,1.734905838966369629e-01,1.977296173572540283e-02,0.000000000000000000e+00,0.000000000000000000e+00
3.499214649200439453e+00,1.687306910753250122e-01,1.811907626688480377e-02,0.000000000000000000e+00,0.000000000000000000e+00
3.999126434326171875e+00,2.048965394496917725e-01,1.950160972774028778e-02,0.000000000000000000e+00,0.000000000000000000e+00
3.845147132873535156e+00,1.872142255306243896e-01,1.973004825413227081e-02,0.000000000000000000e+00,0.000000000000000000e+00
3.576654911041259766e+00,1.760637164115905762e-01,1.816017739474773407e-02,0.000000000000000000e+00,0.000000000000000000e+00
3.210139274597167969e+00,1.401410102844238281e-01,1.808729022741317749e-02,0.000000000000000000e+00,0.000000000000000000e+00
3.659999370574951172e+00,2.107172757387161255e-01,1.552826724946498871e-02,0.000000000000000000e+00,0.000000000000000000e+00
3.392529726028442383e+00,1.826125681400299072e-01,1.566404104232788086e-02,0.000000000000000000e+00,0.000000000000000000e+00
3.544977903366088867e+00,2.064938396215438843e-01,1.480039581656455994e-02,0.000000000000000000e+00,0.000000000000000000e+00
3.201285839080810547e+00,1.830454021692276001e-01,1.370831858366727829e-02,0.000000000000000000e+00,0.000000000000000000e+00
2.841476202011108398e+00,1.353002190589904785e-01,1.488474011421203613e-02,0.000000000000000000e+00,0.000000000000000000e+00
3.264539003372192383e+00,1.884349286556243896e-01,1.380189694464206696e-02,0.000000000000000000e+00,0.000000000000000000e+00
2.841699123382568359e+00,1.411738097667694092e-01,1.429961062967777252e-02,0.000000000000000000e+00,0.000000000000000000e+00
3.978738069534301758e+00,2.555673122406005859e-01,1.423064991831779480e-02,0.000000000000000000e+00,0.000000000000000000e+00
3.760599374771118164e+00,2.104220539331436157e-01,1.656378805637359619e-02,0.000000000000000000e+00,0.000000000000000000e+00
3.969176769256591797e+00,2.200109213590621948e-01,1.769067533314228058e-02,0.000000000000000000e+00,0.000000000000000000e+00
3.165207862854003906e+00,1.264790594577789307e-01,1.900417171418666840e-02,0.000000000000000000e+00,0.000000000000000000e+00
3.491358995437622070e+00,1.762133985757827759e-01,1.729224994778633118e-02,0.000000000000000000e+00,0.000000000000000000e+00
3.335855007171630859e+00,1.450398266315460205e-01,1.885456778109073639e-02,0.000000000000000000e+00,0.000000000000000000e+00
2.789567947387695312e+00,1.182477176189422607e-01,1.607090607285499573e-02,0.000000000000000000e+00,0.000000000000000000e+00
3.878617286682128906e+00,2.200329899787902832e-01,1.678287424147129059e-02,0.000000000000000000e+00,0.000000000000000000e+00
2.841905117034912109e+00,1.573094874620437622e-01,1.268810313194990158e-02,0.000000000000000000e+00,0.000000000000000000e+00
2.431252002716064453e+00,1.101369261741638184e-01,1.329882629215717316e-02,0.000000000000000000e+00,0.000000000000000000e+00
4.298193931579589844e+00,3.118006289005279541e-01,1.180187799036502838e-02,0.000000000000000000e+00,0.000000000000000000e+00
3.381152153015136719e+00,2.120947986841201782e-01,1.260204240679740906e-02,0.000000000000000000e+00,0.000000000000000000e+00
3.307408571243286133e+00,2.055277377367019653e-01,1.252131257206201553e-02,0.000000000000000000e+00,0.000000000000000000e+00
3.013695001602172852e+00,1.693528294563293457e-01,1.320166699588298798e-02,0.000000000000000000e+00,0.000000000000000000e+00
3.068529129028320312e+00,1.748812794685363770e-01,1.319716218858957291e-02,0.000000000000000000e+00,0.000000000000000000e+00
3.039539575576782227e+00,1.544632017612457275e-01,1.494907587766647339e-02,0.000000000000000000e+00,0.000000000000000000e+00
3.394066810607910156e+00,1.918956935405731201e-01,1.475109718739986420e-02,0.000000000000000000e+00,0.000000000000000000e+00
3.075515270233154297e+00,1.538157165050506592e-01,1.537358108907938004e-02,0.000000000000000000e+00,0.000000000000000000e+00
2.907189846038818359e+00,1.352751553058624268e-01,1.554438378661870956e-02,0.000000000000000000e+00,0.000000000000000000e+00
2.920843839645385742e+00,1.383882611989974976e-01,1.536961179226636887e-02,0.000000000000000000e+00,0.000000000000000000e+00
3.625420331954956055e+00,2.047621309757232666e-01,1.577799022197723389e-02,0.000000000000000000e+00,0.000000000000000000e+00
3.083511590957641602e+00,1.425067335367202759e-01,1.658444292843341827e-02,0.000000000000000000e+00,0.000000000000000000e+00
3.260662078857421875e+00,1.926435530185699463e-01,1.334226783365011215e-02,0.000000000000000000e+00,0.000000000000000000e+00
3.306723356246948242e+00,2.054175734519958496e-01,1.252547465264797211e-02,0.000000000000000000e+00,0.000000000000000000e+00
3.240594387054443359e+00,1.897918879985809326e-01,1.342675276100635529e-02,0.000000000000000000e+00,0.000000000000000000e+00
2.745685577392578125e+00,1.285801082849502563e-01,1.459884364157915115e-02,0.000000000000000000e+00,0.000000000000000000e+00
2.917484283447265625e+00,1.493198275566101074e-01,1.424285955727100372e-02,0.000000000000000000e+00,0.000000000000000000e+00
2.608923912048339844e+00,1.246833354234695435e-01,1.362090744078159332e-02,0.000000000000000000e+00,0.000000000000000000e+00
3.216959953308105469e+00,1.939737796783447266e-01,1.277222018688917160e-02,0.000000000000000000e+00,0.000000000000000000e+00
2.880235671997070312e+00,1.632924079895019531e-01,1.247311756014823914e-02,0.000000000000000000e+00,0.000000000000000000e+00
2.983381271362304688e+00,1.661262065172195435e-01,1.322119217365980148e-02,0.000000000000000000e+00,0.000000000000000000e+00
3.053562402725219727e+00,1.545502841472625732e-01,1.508059538900852203e-02,0.000000000000000000e+00,0.000000000000000000e+00
2.851980686187744141e+00,1.481937021017074585e-01,1.370043680071830750e-02,0.000000000000000000e+00,0.000000000000000000e+00
2.833356857299804688e+00,1.437487006187438965e-01,1.395869720727205276e-02,0.000000000000000000e+00,0.000000000000000000e+00
2.399442195892333984e+00,1.062985360622406006e-01,1.336456742137670517e-02,0.000000000000000000e+00,0.000000000000000000e+00
3.536658763885498047e+00,2.496310472488403320e-01,1.040348410606384277e-02,0.000000000000000000e+00,0.000000000000000000e+00
3.686407804489135742e+00,2.533304691314697266e-01,1.153103075921535492e-02,0.000000000000000000e+00,0.000000000000000000e+00
2.695545673370361328e+00,1.574005782604217529e-01,1.121539715677499771e-02,0.000000000000000000e+00,0.000000000000000000e+00
2.967087984085083008e+00,1.826289892196655273e-01,1.140798069536685944e-02,0.000000000000000000e+00,0.000000000000000000e+00
2.762374877929687500e+00,1.460343599319458008e-01,1.302031427621841431e-02,0.000000000000000000e+00,0.000000000000000000e+00
2.673005104064941406e+00,1.372490376234054565e-01,1.300514675676822662e-02,0.000000000000000000e+00,0.000000000000000000e+00
2.675805091857910156e+00,1.391755938529968262e-01,1.284049265086650848e-02,0.000000000000000000e+00,0.000000000000000000e+00
2.250549316406250000e+00,1.085919439792633057e-01,1.164629776030778885e-02,0.000000000000000000e+00,0.000000000000000000e+00
2.372733592987060547e+00,1.136322841048240662e-01,1.236410718411207199e-02,0.000000000000000000e+00,0.000000000000000000e+00
3.690010309219360352e+00,2.639597952365875244e-01,1.050412468612194061e-02,0.000000000000000000e+00,0.000000000000000000e+00
3.502237558364868164e+00,2.461811304092407227e-01,1.040426269173622131e-02,0.000000000000000000e+00,0.000000000000000000e+00
2.593848705291748047e+00,1.574596166610717773e-01,1.019252464175224304e-02,0.000000000000000000e+00,0.000000000000000000e+00
2.404904365539550781e+00,1.241092681884765625e-01,1.163811795413494110e-02,0.000000000000000000e+00,0.000000000000000000e+00
2.136168479919433594e+00,1.030913442373275757e-01,1.105255074799060822e-02,0.000000000000000000e+00,0.000000000000000000e+00
2.525455236434936523e+00,1.412823349237442017e-01,1.112631894648075104e-02,0.000000000000000000e+00,0.000000000000000000e+00
4.043418884277343750e+00,3.091872632503509521e-01,9.515459649264812469e-03,0.000000000000000000e+00,0.000000000000000000e+00
2.554437160491943359e+00,1.423469632863998413e-01,1.130967400968074799e-02,0.000000000000000000e+00,0.000000000000000000e+00
2.503710269927978516e+00,1.327970772981643677e-01,1.175739616155624390e-02,0.000000000000000000e+00,0.000000000000000000e+00
2.916239738464355469e+00,1.679680049419403076e-01,1.236559543758630753e-02,0.000000000000000000e+00,0.000000000000000000e+00
2.664115667343139648e+00,1.386005282402038574e-01,1.278110407292842865e-02,0.000000000000000000e+00,0.000000000000000000e+00
3.108908414840698242e+00,1.821924448013305664e-01,1.286983955651521683e-02,0.000000000000000000e+00,0.000000000000000000e+00
2.577463626861572266e+00,1.363915503025054932e-01,1.213548146188259125e-02,0.000000000000000000e+00,0.000000000000000000e+00
2.625735759735107422e+00,1.264350116252899170e-01,1.361385732889175415e-02,0.000000000000000000e+00,0.000000000000000000e+00
2.360768079757690430e+00,1.198489144444465637e-01,1.162278838455677032e-02,0.000000000000000000e+00,0.000000000000000000e+00
2.453712463378906250e+00,1.350470185279846191e-01,1.103242300450801849e-02,0.000000000000000000e+00,0.000000000000000000e+00
3.371516227722167969e+00,2.322854101657867432e-01,1.048662140965461731e-02,0.000000000000000000e+00,0.000000000000000000e+00
3.285634994506835938e+00,2.348045557737350464e-01,9.375892579555511475e-03,0.000000000000000000e+00,0.000000000000000000e+00
2.147020816802978516e+00,1.209588274359703064e-01,9.374326094985008240e-03,0.000000000000000000e+00,0.000000000000000000e+00
4.274351119995117188e+00,3.356691896915435791e-01,9.176592342555522919e-03,0.000000000000000000e+00,0.000000000000000000e+00
2.396356105804443359e+00,1.397602558135986328e-01,9.987536817789077759e-03,0.000000000000000000e+00,0.000000000000000000e+00
2.519318103790283203e+00,1.383202224969863892e-01,1.136116031557321548e-02,0.000000000000000000e+00,0.000000000000000000e+00
2.020203590393066406e+00,8.408305048942565918e-02,1.179372984915971756e-02,0.000000000000000000e+00,0.000000000000000000e+00
2.739489078521728516e+00,1.624069511890411377e-01,1.115419529378414154e-02,0.000000000000000000e+00,0.000000000000000000e+00
2.603735446929931641e+00,1.466149389743804932e-01,1.137586031109094620e-02,0.000000000000000000e+00,0.000000000000000000e+00
2.112044811248779297e+00,9.471637010574340820e-02,1.164881046861410141e-02,0.000000000000000000e+00,0.000000000000000000e+00
2.305760860443115234e+00,1.227802559733390808e-01,1.077958196401596069e-02,0.000000000000000000e+00,0.000000000000000000e+00
3.279626369476318359e+00,2.248871177434921265e-01,1.030755415558815002e-02,0.000000000000000000e+00,0.000000000000000000e+00
2.818128108978271484e+00,1.685960292816162109e-01,1.132167689502239227e-02,0.000000000000000000e+00,0.000000000000000000e+00
2.806471824645996094e+00,1.799179315567016602e-01,1.007292419672012329e-02,0.000000000000000000e+00,0.000000000000000000e+00
2.406405448913574219e+00,1.283276975154876709e-01,1.123128458857536316e-02,0.000000000000000000e+00,0.000000000000000000e+00
2.230866909027099609e+00,8.924798667430877686e-02,1.338387094438076019e-02,0.000000000000000000e+00,0.000000000000000000e+00
2.354156255722045898e+00,8.832100033760070801e-02,1.470946241170167923e-02,0.000000000000000000e+00,0.000000000000000000e+00
2.478414535522460938e+00,1.194344535470008850e-01,1.284070126712322235e-02,0.000000000000000000e+00,0.000000000000000000e+00
1.797045588493347168e+00,7.843892276287078857e-02,1.012656278908252716e-02,0.000000000000000000e+00,0.000000000000000000e+00
1.951060533523559570e+00,1.026422977447509766e-01,9.246376343071460724e-03,0.000000000000000000e+00,0.000000000000000000e+00
2.053977489471435547e+00,1.165412366390228271e-01,8.885651826858520508e-03,0.000000000000000000e+00,0.000000000000000000e+00
1.769033551216125488e+00,9.294072538614273071e-02,8.396263234317302704e-03,0.000000000000000000e+00,0.000000000000000000e+00
2.439213037490844727e+00,1.526525020599365234e-01,9.126880206167697906e-03,0.000000000000000000e+00,0.000000000000000000e+00
2.324295043945312500e+00,1.584180444478988647e-01,7.401145063340663910e-03,0.000000000000000000e+00,0.000000000000000000e+00
1.974318146705627441e+00,1.261769533157348633e-01,7.125486154109239578e-03,0.000000000000000000e+00,0.000000000000000000e+00
3.166065692901611328e+00,2.370227277278900146e-01,7.958384230732917786e-03,0.000000000000000000e+00,0.000000000000000000e+00
2.585212707519531250e+00,1.537177264690399170e-01,1.048035267740488052e-02,0.000000000000000000e+00,0.000000000000000000e+00
2.087137937545776367e+00,7.836986333131790161e-02,1.303439214825630188e-02,0.000000000000000000e+00,0.000000000000000000e+00
2.572761535644531250e+00,1.074320450425148010e-01,1.498441118746995926e-02,0.000000000000000000e+00,0.000000000000000000e+00
2.390701293945312500e+00,9.394344687461853027e-02,1.451266929507255554e-02,0.000000000000000000e+00,0.000000000000000000e+00
2.437668323516845703e+00,9.295631945133209229e-02,1.508105173707008362e-02,0.000000000000000000e+00,0.000000000000000000e+00
2.622667789459228516e+00,1.341534256935119629e-01,1.281133480370044708e-02,0.000000000000000000e+00,0.000000000000000000e+00
2.042296886444091797e+00,9.215828776359558105e-02,1.120714098215103149e-02,0.000000000000000000e+00,0.000000000000000000e+00
2.090365648269653320e+00,1.229181513190269470e-01,8.611841127276420593e-03,0.000000000000000000e+00,0.000000000000000000e+00
2.531368255615234375e+00,1.815598905086517334e-01,7.157693617045879364e-03,0.000000000000000000e+00,0.000000000000000000e+00
2.149429559707641602e+00,1.415251046419143677e-01,7.341786287724971771e-03,0.000000000000000000e+00,0.000000000000000000e+00
2.042315959930419922e+00,1.304076910018920898e-01,7.382390554994344711e-03,0.000000000000000000e+00,0.000000000000000000e+00
1.591192245483398438e+00,8.230819553136825562e-02,7.681103423237800598e-03,0.000000000000000000e+00,0.000000000000000000e+00
1.909638404846191406e+00,1.035709679126739502e-01,8.739287964999675751e-03,0.000000000000000000e+00,0.000000000000000000e+00
2.239832878112792969e+00,1.471811830997467041e-01,7.680210284888744354e-03,0.000000000000000000e+00,0.000000000000000000e+00
2.295847654342651367e+00,1.509827524423599243e-01,7.860202342271804810e-03,0.000000000000000000e+00,0.000000000000000000e+00
2.323296308517456055e+00,1.417637765407562256e-01,9.056584909558296204e-03,0.000000000000000000e+00,0.000000000000000000e+00
2.131622791290283203e+00,1.092326268553733826e-01,1.039296481758356094e-02,0.000000000000000000e+00,0.000000000000000000e+00
2.012641429901123047e+00,1.008885800838470459e-01,1.003755629062652588e-02,0.000000000000000000e+00,0.000000000000000000e+00
1.935842514038085938e+00,8.217522501945495605e-02,1.114090159535408020e-02,0.000000000000000000e+00,0.000000000000000000e+00
1.776330947875976562e+00,8.652202785015106201e-02,9.111106395721435547e-03,0.000000000000000000e+00,0.000000000000000000e+00
1.542730331420898438e+00,7.478320598602294922e-02,7.948983460664749146e-03,0.000000000000000000e+00,0.000000000000000000e+00
1.926795959472656250e+00,1.183447837829589844e-01,7.433481980115175247e-03,0.000000000000000000e+00,0.000000000000000000e+00
1.883882880210876465e+00,1.175483763217926025e-01,7.083992008119821548e-03,0.000000000000000000e+00,0.000000000000000000e+00
2.627499103546142578e+00,1.988113820552825928e-01,6.393851712346076965e-03,0.000000000000000000e+00,0.000000000000000000e+00
1.862222313880920410e+00,1.136281266808509827e-01,7.259410806000232697e-03,0.000000000000000000e+00,0.000000000000000000e+00
1.937292575836181641e+00,1.177308186888694763e-01,7.599843665957450867e-03,0.000000000000000000e+00,0.000000000000000000e+00
1.973649978637695312e+00,1.147768944501876831e-01,8.258810266852378845e-03,0.000000000000000000e+00,0.000000000000000000e+00
2.314817905426025391e+00,1.284549832344055176e-01,1.030267961323261261e-02,0.000000000000000000e+00,0.000000000000000000e+00
1.873431205749511719e+00,8.946619927883148193e-02,9.787691757082939148e-03,0.000000000000000000e+00,0.000000000000000000e+00
1.846976041793823242e+00,9.453897178173065186e-02,9.015862829983234406e-03,0.000000000000000000e+00,0.000000000000000000e+00
2.124419689178466797e+00,1.279292851686477661e-01,8.451268076896667480e-03,0.000000000000000000e+00,0.000000000000000000e+00
1.905132770538330078e+00,1.189868822693824768e-01,7.152640260756015778e-03,0.000000000000000000e+00,0.000000000000000000e+00
1.431060791015625000e+00,6.162653118371963501e-02,8.147954940795898438e-03,0.000000000000000000e+00,0.000000000000000000e+00
1.344533324241638184e+00,6.623050570487976074e-02,6.822282448410987854e-03,0.000000000000000000e+00,0.000000000000000000e+00
3.011919975280761719e+00,2.386318296194076538e-01,6.256017833948135376e-03,0.000000000000000000e+00,0.000000000000000000e+00
2.365726709365844727e+00,1.625855267047882080e-01,7.398714311420917511e-03,0.000000000000000000e+00,0.000000000000000000e+00
1.984480619430541992e+00,1.309192180633544922e-01,6.752884015440940857e-03,0.000000000000000000e+00,0.000000000000000000e+00
1.727681159973144531e+00,9.580066800117492676e-02,7.696744520217180252e-03,0.000000000000000000e+00,0.000000000000000000e+00
1.661408662796020508e+00,8.695043623447418213e-02,7.919043302536010742e-03,0.000000000000000000e+00,0.000000000000000000e+00
1.708751678466796875e+00,7.307642698287963867e-02,9.779874235391616821e-03,0.000000000000000000e+00,0.000000000000000000e+00
1.742296218872070312e+00,9.221412241458892822e-02,8.201549760997295380e-03,0.000000000000000000e+00,0.000000000000000000e+00
1.785262823104858398e+00,9.169362485408782959e-02,8.683266118168830872e-03,0.000000000000000000e+00,0.000000000000000000e+00
1.800053954124450684e+00,1.061280518770217896e-01,7.387734483927488327e-03,0.000000000000000000e+00,0.000000000000000000e+00
1.481428742408752441e+00,8.809248358011245728e-02,6.005038972944021225e-03,0.000000000000000000e+00,0.000000000000000000e+00
1.814398765563964844e+00,1.219206750392913818e-01,5.951919592916965485e-03,0.000000000000000000e+00,0.000000000000000000e+00
3.305282354354858398e+00,2.732065320014953613e-01,5.732172168791294098e-03,0.000000000000000000e+00,0.000000000000000000e+00
2.524118661880493164e+00,1.964398324489593506e-01,5.597203038632869720e-03,0.000000000000000000e+00,0.000000000000000000e+00
2.818915605545043945e+00,2.163819223642349243e-01,6.550962105393409729e-03,0.000000000000000000e+00,0.000000000000000000e+00
1.954082727432250977e+00,1.063833907246589661e-01,8.902487345039844513e-03,0.000000000000000000e+00,0.000000000000000000e+00
1.752058982849121094e+00,6.960333138704299927e-02,1.056025736033916473e-02,0.000000000000000000e+00,0.000000000000000000e+00
1.936567306518554688e+00,7.545998692512512207e-02,1.181967370212078094e-02,0.000000000000000000e+00,0.000000000000000000e+00
2.090910434722900391e+00,9.457166492938995361e-02,1.145193912088871002e-02,0.000000000000000000e+00,0.000000000000000000e+00
2.247487068176269531e+00,1.086160242557525635e-01,1.161327026784420013e-02,0.000000000000000000e+00,0.000000000000000000e+00
1.801666736602783203e+00,8.484224975109100342e-02,9.532442316412925720e-03,0.000000000000000000e+00,0.000000000000000000e+00
1.527044296264648438e+00,6.609544157981872559e-02,8.660899475216865540e-03,0.000000000000000000e+00,0.000000000000000000e+00
2.108300685882568359e+00,1.350576430559158325e-01,7.577244192361831665e-03,0.000000000000000000e+00,0.000000000000000000e+00
1.531813740730285645e+00,8.349338173866271973e-02,6.968799047172069550e-03,0.000000000000000000e+00,0.000000000000000000e+00
1.770513057708740234e+00,1.064269319176673889e-01,7.062438409775495529e-03,0.000000000000000000e+00,0.000000000000000000e+00
1.670089006423950195e+00,1.039144992828369141e-01,6.309439428150653839e-03,0.000000000000000000e+00,0.000000000000000000e+00
2.121744155883789062e+00,1.508381962776184082e-01,6.133620627224445343e-03,0.000000000000000000e+00,0.000000000000000000e+00
1.965020060539245605e+00,1.341167986392974854e-01,6.238521076738834381e-03,0.000000000000000000e+00,0.000000000000000000e+00
1.539637088775634766e+00,8.294365555047988892e-02,7.102005183696746826e-03,0.000000000000000000e+00,0.000000000000000000e+00
1.832757472991943359e+00,1.120833307504653931e-01,7.119241636246442795e-03,0.000000000000000000e+00,0.000000000000000000e+00
1.827963590621948242e+00,9.670352935791015625e-02,8.609283715486526489e-03,0.000000000000000000e+00,0.000000000000000000e+00
1.678117752075195312e+00,7.294946908950805664e-02,9.486230090260505676e-03,0.000000000000000000e+00,0.000000000000000000e+00
1.633206844329833984e+00,6.965652108192443848e-02,9.366415441036224365e-03,0.000000000000000000e+00,0.000000000000000000e+00
2.384570598602294922e+00,1.553476452827453613e-01,8.310941979289054871e-03,0.000000000000000000e+00,0.000000000000000000e+00
1.488891601562500000e+00,6.969556957483291626e-02,7.919359020888805389e-03,0.000000000000000000e+00,0.000000000000000000e+00
1.585799932479858398e+00,9.196047484874725342e-02,6.661951076239347458e-03,0.000000000000000000e+00,0.000000000000000000e+00
1.466240882873535156e+00,8.465084433555603027e-02,6.197324953973293304e-03,0.000000000000000000e+00,0.000000000000000000e+00
2.288772821426391602e+00,1.707210391759872437e-01,5.815624259412288666e-03,0.000000000000000000e+00,0.000000000000000000e+00
1.256814956665039062e+00,6.857717037200927734e-02,5.710432771593332291e-03,0.000000000000000000e+00,0.000000000000000000e+00
1.419058322906494141e+00,8.785082399845123291e-02,5.405501462519168854e-03,0.000000000000000000e+00,0.000000000000000000e+00
1.289321422576904297e+00,7.551461458206176758e-02,5.341751966625452042e-03,0.000000000000000000e+00,0.000000000000000000e+00
1.460448622703552246e+00,9.728726744651794434e-02,4.875759128481149673e-03,0.000000000000000000e+00,0.000000000000000000e+00
1.188127517700195312e+00,6.929007917642593384e-02,4.952267743647098541e-03,0.000000000000000000e+00,0.000000000000000000e+00
2.322154998779296875e+00,1.872312128543853760e-01,4.498428665101528168e-03,0.000000000000000000e+00,0.000000000000000000e+00
1.551213979721069336e+00,9.758982062339782715e-02,5.753157194703817368e-03,0.000000000000000000e+00,0.000000000000000000e+00
2.063699960708618164e+00,1.505985558032989502e-01,5.577144213020801544e-03,0.000000000000000000e+00,0.000000000000000000e+00
2.132285833358764648e+00,1.430312991142272949e-01,7.019728887826204300e-03,0.000000000000000000e+00,0.000000000000000000e+00
1.600487232208251953e+00,8.030219376087188721e-02,7.974653504788875580e-03,0.000000000000000000e+00,0.000000000000000000e+00
1.505315542221069336e+00,6.071723997592926025e-02,8.981430903077125549e-03,0.000000000000000000e+00,0.000000000000000000e+00
2.456175565719604492e+00,1.574022769927978516e-01,8.821528404951095581e-03,0.000000000000000000e+00,0.000000000000000000e+00
1.611283779144287109e+00,6.564922630786895752e-02,9.547915309667587280e-03,0.000000000000000000e+00,0.000000000000000000e+00
1.945708990097045898e+00,1.010070815682411194e-01,9.356381371617317200e-03,0.000000000000000000e+00,0.000000000000000000e+00
1.633153676986694336e+00,7.626821845769882202e-02,8.704714477062225342e-03,0.000000000000000000e+00,0.000000000000000000e+00
1.928446531295776367e+00,1.050167530775070190e-01,8.782789111137390137e-03,0.000000000000000000e+00,0.000000000000000000e+00
2.441630363464355469e+00,1.699283719062805176e-01,7.423465605825185776e-03,0.000000000000000000e+00,0.000000000000000000e+00
1.635637283325195312e+00,8.160267770290374756e-02,8.196104317903518677e-03,0.000000000000000000e+00,0.000000000000000000e+00
1.358094692230224609e+00,6.377507746219635010e-02,7.203439250588417053e-03,0.000000000000000000e+00,0.000000000000000000e+00
1.516253829002380371e+00,8.783760666847229004e-02,6.378777790814638138e-03,0.000000000000000000e+00,0.000000000000000000e+00
1.551134109497070312e+00,9.505917876958847046e-02,6.005423143506050110e-03,0.000000000000000000e+00,0.000000000000000000e+00
1.697796702384948730e+00,1.042647659778594971e-01,6.551491096615791321e-03,0.000000000000000000e+00,0.000000000000000000e+00
1.075161695480346680e+00,5.452626571059226990e-02,5.298989824950695038e-03,0.000000000000000000e+00,0.000000000000000000e+00
1.399363040924072266e+00,8.066744357347488403e-02,5.926886107772588730e-03,0.000000000000000000e+00,0.000000000000000000e+00
1.215565204620361328e+00,6.083755567669868469e-02,6.071896292269229889e-03,0.000000000000000000e+00,0.000000000000000000e+00
1.792251825332641602e+00,1.182157471776008606e-01,6.100943312048912048e-03,0.000000000000000000e+00,0.000000000000000000e+00
1.827400445938110352e+00,1.086762249469757080e-01,7.406383287161588669e-03,0.000000000000000000e+00,0.000000000000000000e+00
1.439275622367858887e+00,7.256285101175308228e-02,7.136471569538116455e-03,0.000000000000000000e+00,0.000000000000000000e+00
1.368910789489746094e+00,6.644748896360397339e-02,7.044358644634485245e-03,0.000000000000000000e+00,0.000000000000000000e+00
1.556028723716735840e+00,8.186869323253631592e-02,7.373417727649211884e-03,0.000000000000000000e+00,0.000000000000000000e+00
2.436818599700927734e+00,1.786704063415527344e-01,6.501144729554653168e-03,0.000000000000000000e+00,0.000000000000000000e+00
1.776015639305114746e+00,1.177652403712272644e-01,5.983632989227771759e-03,0.000000000000000000e+00,0.000000000000000000e+00
1.070791125297546387e+00,4.821309447288513184e-02,5.886601749807596207e-03,0.000000000000000000e+00,0.000000000000000000e+00
1.222799181938171387e+00,6.402945518493652344e-02,5.825046449899673462e-03,0.000000000000000000e+00,0.000000000000000000e+00
1.158642768859863281e+00,6.786297261714935303e-02,4.800130147486925125e-03,0.000000000000000000e+00,0.000000000000000000e+00
1.300792098045349121e+00,7.898692786693572998e-02,5.109227728098630905e-03,0.000000000000000000e+00,0.000000000000000000e+00
1.292118787765502930e+00,8.073621243238449097e-02,4.847566131502389908e-03,0.000000000000000000e+00,0.000000000000000000e+00
1.640044689178466797e+00,1.143775358796119690e-01,4.962692968547344208e-03,0.000000000000000000e+00,0.000000000000000000e+00
1.263629436492919922e+00,7.249991595745086670e-02,5.386303178966045380e-03,0.000000000000000000e+00,0.000000000000000000e+00
1.135304927825927734e+00,5.636727437376976013e-02,5.716321524232625961e-03,0.000000000000000000e+00,0.000000000000000000e+00
1.539595842361450195e+00,1.055887043476104736e-01,4.837089218199253082e-03,0.000000000000000000e+00,0.000000000000000000e+00
1.149516820907592773e+00,6.109450757503509521e-02,5.385716445744037628e-03,0.000000000000000000e+00,0.000000000000000000e+00
1.130519986152648926e+00,5.863907188177108765e-02,5.441292654722929001e-03,0.000000000000000000e+00,0.000000000000000000e+00
2.402862310409545898e+00,1.922689378261566162e-01,4.801727831363677979e-03,0.000000000000000000e+00,0.000000000000000000e+00
1.462084770202636719e+00,9.151919186115264893e-02,5.468929186463356018e-03,0.000000000000000000e+00,0.000000000000000000e+00
1.170874357223510742e+00,5.976932495832443237e-02,5.731810815632343292e-03,0.000000000000000000e+00,0.000000000000000000e+00
1.017580628395080566e+00,5.070024728775024414e-02,5.105781368911266327e-03,0.000000000000000000e+00,0.000000000000000000e+00
1.741978168487548828e+00,1.336602717638015747e-01,4.053754732012748718e-03,0.000000000000000000e+00,0.000000000000000000e+00
1.272626161575317383e+00,8.439604192972183228e-02,4.286657087504863739e-03,0.000000000000000000e+00,0.000000000000000000e+00
1.366024374961853027e+00,8.796561509370803833e-02,4.863682202994823456e-03,0.000000000000000000e+00,0.000000000000000000e+00
1.069159865379333496e+00,6.023485586047172546e-02,4.668112844228744507e-03,0.000000000000000000e+00,0.000000000000000000e+00
1.255975246429443359e+00,7.166956365108489990e-02,5.392796359956264496e-03,0.000000000000000000e+00,0.000000000000000000e+00
1.544511437416076660e+00,1.035147011280059814e-01,5.093644838780164719e-03,0.000000000000000000e+00,0.000000000000000000e+00
1.212919712066650391e+00,6.230347603559494019e-02,5.898850038647651672e-03,0.000000000000000000e+00,0.000000000000000000e+00
1.214505672454833984e+00,6.245162710547447205e-02,5.899894051253795624e-03,0.000000000000000000e+00,0.000000000000000000e+00
1.303327322006225586e+00,6.784275174140930176e-02,6.248998455703258514e-03,0.000000000000000000e+00,0.000000000000000000e+00
1.227525472640991211e+00,6.877094507217407227e-02,5.398159381002187729e-03,0.000000000000000000e+00,0.000000000000000000e+00
1.463190793991088867e+00,9.588138759136199951e-02,5.043768323957920074e-03,0.000000000000000000e+00,0.000000000000000000e+00
1.064714670181274414e+00,5.815232545137405396e-02,4.831914789974689484e-03,0.000000000000000000e+00,0.000000000000000000e+00
1.038919568061828613e+00,5.790919438004493713e-02,4.598275758326053619e-03,0.000000000000000000e+00,0.000000000000000000e+00
1.532346248626708984e+00,1.089033335447311401e-01,4.433128517121076584e-03,0.000000000000000000e+00,0.000000000000000000e+00
8.413088321685791016e-01,4.288408160209655762e-02,4.124680068343877792e-03,0.000000000000000000e+00,0.000000000000000000e+00
1.389508128166198730e+00,9.698624908924102783e-02,4.196457099169492722e-03,0.000000000000000000e+00,0.000000000000000000e+00
1.085978031158447266e+00,6.733944267034530640e-02,4.125835373997688293e-03,0.000000000000000000e+00,0.000000000000000000e+00
8.773223161697387695e-01,5.134527757763862610e-02,3.638695459812879562e-03,0.000000000000000000e+00,0.000000000000000000e+00
9.840108156204223633e-01,5.538994073867797852e-02,4.301114007830619812e-03,0.000000000000000000e+00,0.000000000000000000e+00
1.333346366882324219e+00,9.122941642999649048e-02,4.210521467030048370e-03,0.000000000000000000e+00,0.000000000000000000e+00
1.563352704048156738e+00,1.136648356914520264e-01,4.267042502760887146e-03,0.000000000000000000e+00,0.000000000000000000e+00
1.115573883056640625e+00,6.039796024560928345e-02,5.115943029522895813e-03,0.000000000000000000e+00,0.000000000000000000e+00
1.136105060577392578e+00,5.733738094568252563e-02,5.627312231808900833e-03,0.000000000000000000e+00,0.000000000000000000e+00
9.201344847679138184e-01,4.292966797947883606e-02,4.908378235995769501e-03,0.000000000000000000e+00,0.000000000000000000e+00
9.119675755500793457e-01,5.158667266368865967e-02,3.961008042097091675e-03,0.000000000000000000e+00,0.000000000000000000e+00
1.703395843505859375e+00,1.337478458881378174e-01,3.659173846244812012e-03,0.000000000000000000e+00,0.000000000000000000e+00
7.679660320281982422e-01,4.090876504778862000e-02,3.588783554732799530e-03,0.000000000000000000e+00,0.000000000000000000e+00
1.587139010429382324e+00,1.241350546479225159e-01,3.457884769886732101e-03,0.000000000000000000e+00,0.000000000000000000e+00
1.168959140777587891e+00,8.089238405227661133e-02,3.600352909415960312e-03,0.000000000000000000e+00,0.000000000000000000e+00
1.584867715835571289e+00,1.165690720081329346e-01,4.191770683974027634e-03,0.000000000000000000e+00,0.000000000000000000e+00
1.037094593048095703e+00,5.237828195095062256e-02,5.133117549121379852e-03,0.000000000000000000e+00,0.000000000000000000e+00
2.274789810180664062e+00,1.718790382146835327e-01,5.559992976486682892e-03,0.000000000000000000e+00,0.000000000000000000e+00
1.434340953826904297e+00,7.267442345619201660e-02,7.075966335833072662e-03,0.000000000000000000e+00,0.000000000000000000e+00
1.210124254226684570e+00,5.242316052317619324e-02,6.858927197754383087e-03,0.000000000000000000e+00,0.000000000000000000e+00
1.344003677368164062e+00,5.904030054807662964e-02,7.536006160080432892e-03,0.000000000000000000e+00,0.000000000000000000e+00
1.157222986221313477e+00,4.712232574820518494e-02,6.859997287392616272e-03,0.000000000000000000e+00,0.000000000000000000e+00
1.432386636734008789e+00,8.869238197803497314e-02,5.454627797007560730e-03,0.000000000000000000e+00,0.000000000000000000e+00
1.170609831809997559e+00,7.016497850418090820e-02,4.689600784331560135e-03,0.000000000000000000e+00,0.000000000000000000e+00
1.055378437042236328e+00,5.510105937719345093e-02,5.043677985668182373e-03,0.000000000000000000e+00,0.000000000000000000e+00
1.038644790649414062e+00,6.330919265747070312e-02,4.055527970194816589e-03,0.000000000000000000e+00,0.000000000000000000e+00
1.359480738639831543e+00,9.759209305047988892e-02,3.835598006844520569e-03,0.000000000000000000e+00,0.000000000000000000e+00
8.022552728652954102e-01,4.149028286337852478e-02,3.873524488881230354e-03,0.000000000000000000e+00,0.000000000000000000e+00
1.100870251655578613e+00,7.203991711139678955e-02,3.804711392149329185e-03,0.000000000000000000e+00,0.000000000000000000e+00
8.155242204666137695e-01,4.072202742099761963e-02,4.083039704710245132e-03,0.000000000000000000e+00,0.000000000000000000e+00
8.368752002716064453e-01,4.422774165868759155e-02,3.945977427065372467e-03,0.000000000000000000e+00,0.000000000000000000e+00
1.182613253593444824e+00,8.351847529411315918e-02,3.474284661933779716e-03,0.000000000000000000e+00,0.000000000000000000e+00
7.487533092498779297e-01,4.289529472589492798e-02,3.198003862053155899e-03,0.000000000000000000e+00,0.000000000000000000e+00
8.862451314926147461e-01,5.653911083936691284e-02,3.208540380001068115e-03,0.000000000000000000e+00,0.000000000000000000e+00
7.428056001663208008e-01,4.436266794800758362e-02,2.991789486259222031e-03,0.000000000000000000e+00,0.000000000000000000e+00
1.201850414276123047e+00,9.175789356231689453e-02,2.842714544385671616e-03,0.000000000000000000e+00,0.000000000000000000e+00
1.694029331207275391e+00,1.395294666290283203e-01,2.987346146255731583e-03,0.000000000000000000e+00,0.000000000000000000e+00
8.955015540122985840e-01,5.445379391312599182e-02,3.509636037051677704e-03,0.000000000000000000e+00,0.000000000000000000e+00
8.995553255081176758e-01,5.030077695846557617e-02,3.965475596487522125e-03,0.000000000000000000e+00,0.000000000000000000e+00
8.452165722846984863e-01,4.432025551795959473e-02,4.020140040665864944e-03,0.000000000000000000e+00,0.000000000000000000e+00
1.313619494438171387e+00,9.865997731685638428e-02,3.270196728408336639e-03,0.000000000000000000e+00,0.000000000000000000e+00
9.795341491699218750e-01,6.400682777166366577e-02,3.394658677279949188e-03,0.000000000000000000e+00,0.000000000000000000e+00
8.146203756332397461e-01,4.625566303730010986e-02,3.520637052133679390e-03,0.000000000000000000e+00,0.000000000000000000e+00
6.558846235275268555e-01,3.561115637421607971e-02,2.997731091454625130e-03,0.000000000000000000e+00,0.000000000000000000e+00
9.406223893165588379e-01,6.739155948162078857e-02,2.667067572474479675e-03,0.000000000000000000e+00,0.000000000000000000e+00
1.503701448440551758e+00,1.250310391187667847e-01,2.533910330384969711e-03,0.000000000000000000e+00,0.000000000000000000e+00
9.961456060409545898e-01,7.142974436283111572e-02,2.818482229486107826e-03,0.000000000000000000e+00,0.000000000000000000e+00
1.010160446166992188e+00,7.293905317783355713e-02,2.807699609547853470e-03,0.000000000000000000e+00,0.000000000000000000e+00
8.679041862487792969e-01,5.167130380868911743e-02,3.511911258101463318e-03,0.000000000000000000e+00,0.000000000000000000e+00
9.496864080429077148e-01,5.240385979413986206e-02,4.256478045135736465e-03,0.000000000000000000e+00,0.000000000000000000e+00
1.084113836288452148e+00,5.839909613132476807e-02,5.001228768378496170e-03,0.000000000000000000e+00,0.000000000000000000e+00
8.723044991493225098e-01,4.594112932682037354e-02,4.128932021558284760e-03,0.000000000000000000e+00,0.000000000000000000e+00
8.106296062469482422e-01,4.204216599464416504e-02,3.902079537510871887e-03,0.000000000000000000e+00,0.000000000000000000e+00
7.423211336135864258e-01,4.027542471885681152e-02,3.395668929442763329e-03,0.000000000000000000e+00,0.000000000000000000e+00
8.648753166198730469e-01,5.202750489115715027e-02,3.446002723649144173e-03,0.000000000000000000e+00,0.000000000000000000e+00
1.861620903015136719e+00,1.528729796409606934e-01,3.328910795971751213e-03,0.000000000000000000e+00,0.000000000000000000e+00
1.014969825744628906e+00,6.943107396364212036e-02,3.206591587513685226e-03,0.000000000000000000e+00,0.000000000000000000e+00
7.586603164672851562e-01,4.080753028392791748e-02,3.505849745124578476e-03,0.000000000000000000e+00,0.000000000000000000e+00
7.262501716613769531e-01,4.061419516801834106e-02,3.201082348823547363e-03,0.000000000000000000e+00,0.000000000000000000e+00
8.660445213317871094e-01,5.613366886973381042e-02,3.047078149393200874e-03,0.000000000000000000e+00,0.000000000000000000e+00
8.712719082832336426e-01,5.611906945705413818e-02,3.100811969488859177e-03,0.000000000000000000e+00,0.000000000000000000e+00
8.216321468353271484e-01,5.411382019519805908e-02,2.804939402267336845e-03,0.000000000000000000e+00,0.000000000000000000e+00
7.495179176330566406e-01,4.248027876019477844e-02,3.247151384130120277e-03,0.000000000000000000e+00,0.000000000000000000e+00
7.248767614364624023e-01,4.151151701807975769e-02,3.097616136074066162e-03,0.000000000000000000e+00,0.000000000000000000e+00
1.405769467353820801e+00,1.130252629518508911e-01,2.755168359726667404e-03,0.000000000000000000e+00,0.000000000000000000e+00
9.618588685989379883e-01,6.863085925579071045e-02,2.755502238869667053e-03,0.000000000000000000e+00,0.000000000000000000e+00
1.198690414428710938e+00,8.867268264293670654e-02,3.119635162875056267e-03,0.000000000000000000e+00,0.000000000000000000e+00
9.291697144508361816e-01,5.290145054459571838e-02,4.001551773399114609e-03,0.000000000000000000e+00,0.000000000000000000e+00
1.177733421325683594e+00,7.382353395223617554e-02,4.394980147480964661e-03,0.000000000000000000e+00,0.000000000000000000e+00
1.263732552528381348e+00,7.797773182392120361e-02,4.839552566409111023e-03,0.000000000000000000e+00,0.000000000000000000e+00
9.959005117416381836e-01,4.701535403728485107e-02,5.257470067590475082e-03,0.000000000000000000e+00,0.000000000000000000e+00
9.179538488388061523e-01,4.910966381430625916e-02,4.268572200089693069e-03,0.000000000000000000e+00,0.000000000000000000e+00
9.917687177658081055e-01,5.471737682819366455e-02,4.445950035005807877e-03,0.000000000000000000e+00,0.000000000000000000e+00
9.926160573959350586e-01,6.489561498165130615e-02,3.436598461121320724e-03,0.000000000000000000e+00,0.000000000000000000e+00
6.834061741828918457e-01,3.582534939050674438e-02,3.251526970416307449e-03,0.000000000000000000e+00,0.000000000000000000e+00
1.244358777999877930e+00,9.413861483335494995e-02,3.029726445674896240e-03,0.000000000000000000e+00,0.000000000000000000e+00
8.494182229042053223e-01,5.422531813383102417e-02,3.071650397032499313e-03,0.000000000000000000e+00,0.000000000000000000e+00
1.048481702804565430e+00,7.821696996688842773e-02,2.663120161741971970e-03,0.000000000000000000e+00,0.000000000000000000e+00
1.297070264816284180e+00,9.764298051595687866e-02,3.206404857337474823e-03,0.000000000000000000e+00,0.000000000000000000e+00
1.538060903549194336e+00,1.083110794425010681e-01,4.549501463770866394e-03,0.000000000000000000e+00,0.000000000000000000e+00
9.484162330627441406e-01,4.035475477576255798e-02,5.448686890304088593e-03,0.000000000000000000e+00,0.000000000000000000e+00
1.183130025863647461e+00,4.551072046160697937e-02,7.280227262526750565e-03,0.000000000000000000e+00,0.000000000000000000e+00
1.057937383651733398e+00,3.504414111375808716e-02,7.074959576129913330e-03,0.000000000000000000e+00,0.000000000000000000e+00
1.345794439315795898e+00,6.722579896450042725e-02,6.735363975167274475e-03,0.000000000000000000e+00,0.000000000000000000e+00
9.091928005218505859e-01,4.399338737130165100e-02,4.692588932812213898e-03,0.000000000000000000e+00,0.000000000000000000e+00
1.047734975814819336e+00,6.427276134490966797e-02,4.050074145197868347e-03,0.000000000000000000e+00,0.000000000000000000e+00
7.761650085449218750e-01,4.268009960651397705e-02,3.493640339002013206e-03,0.000000000000000000e+00,0.000000000000000000e+00
7.932255268096923828e-01,4.910653829574584961e-02,3.021601587533950806e-03,0.000000000000000000e+00,0.000000000000000000e+00
6.672651767730712891e-01,3.678496181964874268e-02,2.994155744090676308e-03,0.000000000000000000e+00,0.000000000000000000e+00
7.154921889305114746e-01,4.379456490278244019e-02,2.775465371087193489e-03,0.000000000000000000e+00,0.000000000000000000e+00
9.976186752319335938e-01,7.397550344467163086e-02,2.578636398538947105e-03,0.000000000000000000e+00,0.000000000000000000e+00
7.873262166976928711e-01,5.401160567998886108e-02,2.472101710736751556e-03,0.000000000000000000e+00,0.000000000000000000e+00
1.121877670288085938e+00,8.157519996166229248e-02,3.061257069930434227e-03,0.000000000000000000e+00,0.000000000000000000e+00
9.099851846694946289e-01,5.731258541345596313e-02,3.368593752384185791e-03,0.000000000000000000e+00,0.000000000000000000e+00
1.018038511276245117e+00,6.661105155944824219e-02,3.519279882311820984e-03,0.000000000000000000e+00,0.000000000000000000e+00
6.760240793228149414e-01,3.664377704262733459e-02,3.095863386988639832e-03,0.000000000000000000e+00,0.000000000000000000e+00
8.847928047180175781e-01,5.919332802295684814e-02,2.928595757111907005e-03,0.000000000000000000e+00,0.000000000000000000e+00
1.345175385475158691e+00,1.076664030551910400e-01,2.685114042833447456e-03,0.000000000000000000e+00,0.000000000000000000e+00
1.045819997787475586e+00,6.862261891365051270e-02,3.595937509089708328e-03,0.000000000000000000e+00,0.000000000000000000e+00
7.631757259368896484e-01,4.510522633790969849e-02,3.121234942227602005e-03,0.000000000000000000e+00,0.000000000000000000e+00
6.949927806854248047e-01,3.397770971059799194e-02,3.552156966179609299e-03,0.000000000000000000e+00,0.000000000000000000e+00
9.456099867820739746e-01,5.795323103666305542e-02,3.660776652395725250e-03,0.000000000000000000e+00,0.000000000000000000e+00
7.732297182083129883e-01,4.693327844142913818e-02,3.038969589397311211e-03,0.000000000000000000e+00,0.000000000000000000e+00
6.165024042129516602e-01,3.576967492699623108e-02,2.588056959211826324e-03,0.000000000000000000e+00,0.000000000000000000e+00
1.713113188743591309e+00,1.463009715080261230e-01,2.501035109162330627e-03,0.000000000000000000e+00,0.000000000000000000e+00
1.196733713150024414e+00,9.636900573968887329e-02,2.330436836928129196e-03,0.000000000000000000e+00,0.000000000000000000e+00
1.138024449348449707e+00,9.021922945976257324e-02,2.358321566134691238e-03,0.000000000000000000e+00,0.000000000000000000e+00
8.266755342483520508e-01,5.725384131073951721e-02,2.541371155530214310e-03,0.000000000000000000e+00,0.000000000000000000e+00
6.565322875976562500e-01,4.140150547027587891e-02,2.425172366201877594e-03,0.000000000000000000e+00,0.000000000000000000e+00
7.631011009216308594e-01,4.748610407114028931e-02,2.882400993257761002e-03,0.000000000000000000e+00,0.000000000000000000e+00
6.268187761306762695e-01,3.422442078590393066e-02,2.845745999366044998e-03,0.000000000000000000e+00,0.000000000000000000e+00
1.165987253189086914e+00,8.670184761285781860e-02,2.989687491208314896e-03,0.000000000000000000e+00,0.000000000000000000e+00
6.441527605056762695e-01,3.509321063756942749e-02,2.932206727564334869e-03,0.000000000000000000e+00,0.000000000000000000e+00
1.113216757774353027e+00,8.055358380079269409e-02,3.076809225603938103e-03,0.000000000000000000e+00,0.000000000000000000e+00
6.369321346282958984e-01,3.017449751496315002e-02,3.351872088387608528e-03,0.000000000000000000e+00,0.000000000000000000e+00
7.641490697860717773e-01,4.358507692813873291e-02,3.282983321696519852e-03,0.000000000000000000e+00,0.000000000000000000e+00
9.837118387222290039e-01,6.957674026489257812e-02,2.879444509744644165e-03,0.000000000000000000e+00,0.000000000000000000e+00
7.342079281806945801e-01,4.670234769582748413e-02,2.671844325959682465e-03,0.000000000000000000e+00,0.000000000000000000e+00
6.807435750961303711e-01,4.225821793079376221e-02,2.581614069640636444e-03,0.000000000000000000e+00,0.000000000000000000e+00
1.016515254974365234e+00,7.636873424053192139e-02,2.528279088437557220e-03,0.000000000000000000e+00,0.000000000000000000e+00
7.158870100975036621e-01,4.497610405087471008e-02,2.661259844899177551e-03,0.000000000000000000e+00,0.000000000000000000e+00
6.046112775802612305e-01,3.801466152071952820e-02,2.244646428152918816e-03,0.000000000000000000e+00,0.000000000000000000e+00
8.578721284866333008e-01,6.193417310714721680e-02,2.385304309427738190e-03,0.000000000000000000e+00,0.000000000000000000e+00
7.473629713058471680e-01,4.893836379051208496e-02,2.579793334007263184e-03,0.000000000000000000e+00,0.000000000000000000e+00
5.738744139671325684e-01,3.296037390828132629e-02,2.442706841975450516e-03,0.000000000000000000e+00,0.000000000000000000e+00
6.104993820190429688e-01,3.409495949745178223e-02,2.695497823879122734e-03,0.000000000000000000e+00,0.000000000000000000e+00
7.978675365447998047e-01,5.784178152680397034e-02,2.194497268646955490e-03,0.000000000000000000e+00,0.000000000000000000e+00
4.784937202930450439e-01,2.648660726845264435e-02,2.136276336386799812e-03,0.000000000000000000e+00,0.000000000000000000e+00
1.333154439926147461e+00,1.101451963186264038e-01,2.317024394869804382e-03,0.000000000000000000e+00,0.000000000000000000e+00
1.096001744270324707e+00,8.877116441726684570e-02,2.082901308313012123e-03,0.000000000000000000e+00,0.000000000000000000e+00
9.733104705810546875e-01,6.979107856750488281e-02,2.753997221589088440e-03,0.000000000000000000e+00,0.000000000000000000e+00
7.005691528320312500e-01,3.463689982891082764e-02,3.542001359164714813e-03,0.000000000000000000e+00,0.000000000000000000e+00
7.336415052413940430e-01,3.476551547646522522e-02,3.859863150864839554e-03,0.000000000000000000e+00,0.000000000000000000e+00
9.504963159561157227e-01,5.513283610343933105e-02,3.991679288446903229e-03,0.000000000000000000e+00,0.000000000000000000e+00
8.191996812820434570e-01,4.471003264188766479e-02,3.720993176102638245e-03,0.000000000000000000e+00,0.000000000000000000e+00
6.507140398025512695e-01,3.327120095491409302e-02,3.180020488798618317e-03,0.000000000000000000e+00,0.000000000000000000e+00
5.784664154052734375e-01,3.146340698003768921e-02,2.638323698192834854e-03,0.000000000000000000e+00,0.000000000000000000e+00
6.267404556274414062e-01,3.612867742776870728e-02,2.654537092894315720e-03,0.000000000000000000e+00,0.000000000000000000e+00
6.066948175430297852e-01,3.448012471199035645e-02,2.618935657665133476e-03,0.000000000000000000e+00,0.000000000000000000e+00
6.474099159240722656e-01,3.842378780245780945e-02,2.631719922646880150e-03,0.000000000000000000e+00,0.000000000000000000e+00
6.171777248382568359e-01,3.939714282751083374e-02,2.232062630355358124e-03,0.000000000000000000e+00,0.000000000000000000e+00
5.491045117378234863e-01,3.473779559135437012e-02,2.017265651375055313e-03,0.000000000000000000e+00,0.000000000000000000e+00
4.810611605644226074e-01,2.734588831663131714e-02,2.076022792607545853e-03,0.000000000000000000e+00,0.000000000000000000e+00
5.548204779624938965e-01,3.560042381286621094e-02,1.988162286579608917e-03,0.000000000000000000e+00,0.000000000000000000e+00
6.756753921508789062e-01,4.754076898097991943e-02,2.002676948904991150e-03,0.000000000000000000e+00,0.000000000000000000e+00
1.135652422904968262e+00,9.229871630668640137e-02,2.126652980223298073e-03,0.000000000000000000e+00,0.000000000000000000e+00
6.090345978736877441e-01,3.480270877480506897e-02,2.610075287520885468e-03,0.000000000000000000e+00,0.000000000000000000e+00
8.879247307777404785e-01,5.850165709853172302e-02,3.029081970453262329e-03,0.000000000000000000e+00,0.000000000000000000e+00
7.839879989624023438e-01,4.447599500417709351e-02,3.392280545085668564e-03,0.000000000000000000e+00,0.000000000000000000e+00
6.350528597831726074e-01,2.920718491077423096e-02,3.429810050874948502e-03,0.000000000000000000e+00,0.000000000000000000e+00
5.749714374542236328e-01,2.975696884095668793e-02,2.774017862975597382e-03,0.000000000000000000e+00,0.000000000000000000e+00
1.265143275260925293e+00,1.038627550005912781e-01,2.265157643705606461e-03,0.000000000000000000e+00,0.000000000000000000e+00
5.608415603637695312e-01,3.332304954528808594e-02,2.276110928505659103e-03,0.000000000000000000e+00,0.000000000000000000e+00
4.771624207496643066e-01,2.767727151513099670e-02,2.003896981477737427e-03,0.000000000000000000e+00,0.000000000000000000e+00
4.842982590198516846e-01,2.894712239503860474e-02,1.948270481079816818e-03,0.000000000000000000e+00,0.000000000000000000e+00
9.949904084205627441e-01,7.823561131954193115e-02,2.126342849805951118e-03,0.000000000000000000e+00,0.000000000000000000e+00
4.991661906242370605e-01,3.096816316246986389e-02,1.894845743663609028e-03,0.000000000000000000e+00,0.000000000000000000e+00
5.854143500328063965e-01,3.973641991615295410e-02,1.880501629784703255e-03,0.000000000000000000e+00,0.000000000000000000e+00
6.743481755256652832e-01,4.821091890335083008e-02,1.922389841638505459e-03,0.000000000000000000e+00,0.000000000000000000e+00
1.454275131225585938e+00,1.256510615348815918e-01,1.977645559236407280e-03,0.000000000000000000e+00,0.000000000000000000e+00
5.976794958114624023e-01,3.021093457937240601e-02,2.955701667815446854e-03,0.000000000000000000e+00,0.000000000000000000e+00
5.786859989166259766e-01,2.748779952526092529e-02,3.038079943507909775e-03,0.000000000000000000e+00,0.000000000000000000e+00
5.475547313690185547e-01,2.710199914872646332e-02,2.765347715467214584e-03,0.000000000000000000e+00,0.000000000000000000e+00
5.837317109107971191e-01,2.898141369223594666e-02,2.939175581559538841e-03,0.000000000000000000e+00,0.000000000000000000e+00
7.505387663841247559e-01,5.145277455449104309e-02,2.360110171139240265e-03,0.000000000000000000e+00,0.000000000000000000e+00
1.145018458366394043e+00,9.360246360301971436e-02,2.089937683194875717e-03,0.000000000000000000e+00,0.000000000000000000e+00
6.490934491157531738e-01,4.336946457624435425e-02,2.153987763449549675e-03,0.000000000000000000e+00,0.000000000000000000e+00
6.231577396392822266e-01,4.061982035636901855e-02,2.169595565646886826e-03,0.000000000000000000e+00,0.000000000000000000e+00
4.447628855705261230e-01,2.372425422072410583e-02,2.075203228741884232e-03,0.000000000000000000e+00,0.000000000000000000e+00
3.816734552383422852e-01,2.065894752740859985e-02,1.750839990563690662e-03,0.000000000000000000e+00,0.000000000000000000e+00
5.442726016044616699e-01,3.662263974547386169e-02,1.780461985617876053e-03,0.000000000000000000e+00,0.000000000000000000e+00
6.698077917098999023e-01,4.847165197134017944e-02,1.850912580266594887e-03,0.000000000000000000e+00,0.000000000000000000e+00
4.086117744445800781e-01,2.393959462642669678e-02,1.692158286459743977e-03,0.000000000000000000e+00,0.000000000000000000e+00
7.202546596527099609e-01,5.519449710845947266e-02,1.683096983470022678e-03,0.000000000000000000e+00,0.000000000000000000e+00
6.733824014663696289e-01,4.822623729705810547e-02,1.911200117319822311e-03,0.000000000000000000e+00,0.000000000000000000e+00
4.209324121475219727e-01,2.497374638915061951e-02,1.711949473246932030e-03,0.000000000000000000e+00,0.000000000000000000e+00
1.126280546188354492e+00,9.693959355354309082e-02,1.568845473229885101e-03,0.000000000000000000e+00,0.000000000000000000e+00
6.806261539459228516e-01,4.663909971714019775e-02,2.142351353541016579e-03,0.000000000000000000e+00,0.000000000000000000e+00
6.302328109741210938e-01,3.732262551784515381e-02,2.570065204054117203e-03,0.000000000000000000e+00,0.000000000000000000e+00
5.431061983108520508e-01,2.742236480116844177e-02,2.688825130462646484e-03,0.000000000000000000e+00,0.000000000000000000e+00
4.989614486694335938e-01,2.538128569722175598e-02,2.451485954225063324e-03,0.000000000000000000e+00,0.000000000000000000e+00
5.349549055099487305e-01,3.096101060509681702e-02,2.253448124974966049e-03,0.000000000000000000e+00,0.000000000000000000e+00
7.516431808471679688e-01,5.514777824282646179e-02,2.001653658226132393e-03,0.000000000000000000e+00,0.000000000000000000e+00
8.773002028465270996e-01,6.831999868154525757e-02,1.941002206876873970e-03,0.000000000000000000e+00,0.000000000000000000e+00
5.375024080276489258e-01,3.715720027685165405e-02,1.659303903579711914e-03,0.000000000000000000e+00,0.000000000000000000e+00
5.049584507942199707e-01,3.469687700271606445e-02,1.579896779730916023e-03,0.000000000000000000e+00,0.000000000000000000e+00
4.556152820587158203e-01,2.717947959899902344e-02,1.838205032981932163e-03,0.000000000000000000e+00,0.000000000000000000e+00
7.904767990112304688e-01,6.008096784353256226e-02,1.896671135909855366e-03,0.000000000000000000e+00,0.000000000000000000e+00
5.015143752098083496e-01,2.935684099793434143e-02,2.079459838569164276e-03,0.000000000000000000e+00,0.000000000000000000e+00
6.438236832618713379e-01,4.315872117877006531e-02,2.122364472597837448e-03,0.000000000000000000e+00,0.000000000000000000e+00
4.284709692001342773e-01,2.323072031140327454e-02,1.961637753993272781e-03,0.000000000000000000e+00,0.000000000000000000e+00
4.922752380371093750e-01,3.013548254966735840e-02,1.909203943796455860e-03,0.000000000000000000e+00,0.000000000000000000e+00
6.157390475273132324e-01,4.629427939653396606e-02,1.527962856926023960e-03,0.000000000000000000e+00,0.000000000000000000e+00
1.011173725128173828e+00,8.518776297569274902e-02,1.592961139976978302e-03,0.000000000000000000e+00,0.000000000000000000e+00
1.037747740745544434e+00,8.410862833261489868e-02,1.966615207493305206e-03,0.000000000000000000e+00,0.000000000000000000e+00
5.619087219238281250e-01,3.447044640779495239e-02,2.172042615711688995e-03,0.000000000000000000e+00,0.000000000000000000e+00
4.610351920127868652e-01,2.075341157615184784e-02,2.535010920837521553e-03,0.000000000000000000e+00,0.000000000000000000e+00
6.855615377426147461e-01,3.960803151130676270e-02,2.894812030717730522e-03,0.000000000000000000e+00,0.000000000000000000e+00
6.076183915138244629e-01,3.181624412536621094e-02,2.894559642300009727e-03,0.000000000000000000e+00,0.000000000000000000e+00
5.839643478393554688e-01,3.502815216779708862e-02,2.336827805265784264e-03,0.000000000000000000e+00,0.000000000000000000e+00
4.784989953041076660e-01,2.346385270357131958e-02,2.438604831695556641e-03,0.000000000000000000e+00,0.000000000000000000e+00
6.184494495391845703e-01,3.957413136959075928e-02,2.227080985903739929e-03,0.000000000000000000e+00,0.000000000000000000e+00
4.700381159782409668e-01,2.717817388474941254e-02,1.982563640922307968e-03,0.000000000000000000e+00,0.000000000000000000e+00
4.793462157249450684e-01,3.164266422390937805e-02,1.629195641726255417e-03,0.000000000000000000e+00,0.000000000000000000e+00
4.522571563720703125e-01,2.691217884421348572e-02,1.831353409215807915e-03,0.000000000000000000e+00,0.000000000000000000e+00
4.315260648727416992e-01,2.816835045814514160e-02,1.498425495810806751e-03,0.000000000000000000e+00,0.000000000000000000e+00
3.611709475517272949e-01,2.234965190291404724e-02,1.376744243316352367e-03,0.000000000000000000e+00,0.000000000000000000e+00
5.075784921646118164e-01,3.652263432741165161e-02,1.423521898686885834e-03,0.000000000000000000e+00,0.000000000000000000e+00
7.545213699340820312e-01,6.040578708052635193e-02,1.504635321907699108e-03,0.000000000000000000e+00,0.000000000000000000e+00
4.855713248252868652e-01,2.983278408646583557e-02,1.872434746474027634e-03,0.000000000000000000e+00,0.000000000000000000e+00
4.640037417411804199e-01,2.634614333510398865e-02,2.005422953516244888e-03,0.000000000000000000e+00,0.000000000000000000e+00
7.196850776672363281e-01,5.219028890132904053e-02,1.977821812033653259e-03,0.000000000000000000e+00,0.000000000000000000e+00
5.138882994651794434e-01,2.952298149466514587e-02,2.186584984883666039e-03,0.000000000000000000e+00,0.000000000000000000e+00
5.870125889778137207e-01,3.753823041915893555e-02,2.116302959620952606e-03,0.000000000000000000e+00,0.000000000000000000e+00
4.367373585700988770e-01,2.631094120442867279e-02,1.736279344186186790e-03,0.000000000000000000e+00,0.000000000000000000e+00
4.871203303337097168e-01,3.287328779697418213e-02,1.583874691277742386e-03,0.000000000000000000e+00,0.000000000000000000e+00
9.625740051269531250e-01,8.400173485279083252e-02,1.225566607899963856e-03,0.000000000000000000e+00,0.000000000000000000e+00
6.195445060729980469e-01,4.629243537783622742e-02,1.566201681271195412e-03,0.000000000000000000e+00,0.000000000000000000e+00
9.593862891197204590e-01,8.141886442899703979e-02,1.451976131647825241e-03,0.000000000000000000e+00,0.000000000000000000e+00
4.108603894710540771e-01,2.417028509080410004e-02,1.691575394943356514e-03,0.000000000000000000e+00,0.000000000000000000e+00
5.596631765365600586e-01,3.639103099703788757e-02,1.957528758794069290e-03,0.000000000000000000e+00,0.000000000000000000e+00
6.741740703582763672e-01,4.646448045969009399e-02,2.095292787998914719e-03,0.000000000000000000e+00,0.000000000000000000e+00
4.895059466361999512e-01,2.981133013963699341e-02,1.913926796987652779e-03,0.000000000000000000e+00,0.000000000000000000e+00
4.023904800415039062e-01,2.095660194754600525e-02,1.928244601003825665e-03,0.000000000000000000e+00,0.000000000000000000e+00
5.846921801567077637e-01,4.072783887386322021e-02,1.774138072505593300e-03,0.000000000000000000e+00,0.000000000000000000e+00
6.231270432472229004e-01,4.571505635976791382e-02,1.659764675423502922e-03,0.000000000000000000e+00,0.000000000000000000e+00
4.181996881961822510e-01,2.638209238648414612e-02,1.543787773698568344e-03,0.000000000000000000e+00,0.000000000000000000e+00
4.245606362819671631e-01,2.699824795126914978e-02,1.545781502500176430e-03,0.000000000000000000e+00,0.000000000000000000e+00
6.046745181083679199e-01,4.635881260037422180e-02,1.410864060744643211e-03,0.000000000000000000e+00,0.000000000000000000e+00
4.068629741668701172e-01,2.252963185310363770e-02,1.815666677430272102e-03,0.000000000000000000e+00,0.000000000000000000e+00
3.945573866367340088e-01,2.089516632258892059e-02,1.856057206168770790e-03,0.000000000000000000e+00,0.000000000000000000e+00
3.938799202442169189e-01,2.117911539971828461e-02,1.820887671783566475e-03,0.000000000000000000e+00,0.000000000000000000e+00
4.912698864936828613e-01,3.464353829622268677e-02,1.448345254175364971e-03,0.000000000000000000e+00,0.000000000000000000e+00
9.336198568344116211e-01,8.081021904945373535e-02,1.255176728591322899e-03,0.000000000000000000e+00,0.000000000000000000e+00
6.555569171905517578e-01,5.364042893052101135e-02,1.191525720059871674e-03,0.000000000000000000e+00,0.000000000000000000e+00
9.047660231590270996e-01,7.832024246454238892e-02,1.215636264532804489e-03,0.000000000000000000e+00,0.000000000000000000e+00
5.415529608726501465e-01,4.099734127521514893e-02,1.315795350819826126e-03,0.000000000000000000e+00,0.000000000000000000e+00
6.864127516746520996e-01,5.104037374258041382e-02,1.760090002790093422e-03,0.000000000000000000e+00,0.000000000000000000e+00
4.900849461555480957e-01,2.179997414350509644e-02,2.720851916819810867e-03,0.000000000000000000e+00,0.000000000000000000e+00
6.593014001846313477e-01,4.000647366046905518e-02,2.592366887256503105e-03,0.000000000000000000e+00,0.000000000000000000e+00
5.019675493240356445e-01,2.639038860797882080e-02,2.380636520683765411e-03,0.000000000000000000e+00,0.000000000000000000e+00
4.667586982250213623e-01,2.449081093072891235e-02,2.218505833297967911e-03,0.000000000000000000e+00,0.000000000000000000e+00
4.817245602607727051e-01,3.063637390732765198e-02,1.753608230501413345e-03,0.000000000000000000e+00,0.000000000000000000e+00
7.381877899169921875e-01,5.744669958949089050e-02,1.637207693420350552e-03,0.000000000000000000e+00,0.000000000000000000e+00
6.915276646614074707e-01,5.292987823486328125e-02,1.622288953512907028e-03,0.000000000000000000e+00,0.000000000000000000e+00
3.726823925971984863e-01,2.047467045485973358e-02,1.679356908425688744e-03,0.000000000000000000e+00,0.000000000000000000e+00
3.351545333862304688e-01,1.811192184686660767e-02,1.540353056043386459e-03,0.000000000000000000e+00,0.000000000000000000e+00
4.122993350028991699e-01,2.756751142442226410e-02,1.366242067888379097e-03,0.000000000000000000e+00,0.000000000000000000e+00
3.438479006290435791e-01,2.297434955835342407e-02,1.141043961979448795e-03,0.000000000000000000e+00,0.000000000000000000e+00
4.955863356590270996e-01,3.719039633870124817e-02,1.236823620274662971e-03,0.000000000000000000e+00,0.000000000000000000e+00
3.756820559501647949e-01,2.464374899864196777e-02,1.292445813305675983e-03,0.000000000000000000e+00,0.000000000000000000e+00
7.317625284194946289e-01,6.015347689390182495e-02,1.302277669310569763e-03,0.000000000000000000e+00,0.000000000000000000e+00
5.309450030326843262e-01,3.846791386604309082e-02,1.462658634409308434e-03,0.000000000000000000e+00,0.000000000000000000e+00
3.394325971603393555e-01,1.734049245715141296e-02,1.660276670008897781e-03,0.000000000000000000e+00,0.000000000000000000e+00
4.340067505836486816e-01,2.844042330980300903e-02,1.496025128290057182e-03,0.000000000000000000e+00,0.000000000000000000e+00
4.345092177391052246e-01,3.137806802988052368e-02,1.207285560667514801e-03,0.000000000000000000e+00,0.000000000000000000e+00
4.184128642082214355e-01,2.851371280848979950e-02,1.332757528871297836e-03,0.000000000000000000e+00,0.000000000000000000e+00
5.282955169677734375e-01,4.141370207071304321e-02,1.141585293225944042e-03,0.000000000000000000e+00,0.000000000000000000e+00
3.870656490325927734e-01,2.715834975242614746e-02,1.154821366071701050e-03,0.000000000000000000e+00,0.000000000000000000e+00
4.184367060661315918e-01,3.094006888568401337e-02,1.090360339730978012e-03,0.000000000000000000e+00,0.000000000000000000e+00
3.743124604225158691e-01,2.461777813732624054e-02,1.281346660107374191e-03,0.000000000000000000e+00,0.000000000000000000e+00
5.513314008712768555e-01,4.245939850807189941e-02,1.267373794689774513e-03,0.000000000000000000e+00,0.000000000000000000e+00
4.843141138553619385e-01,3.730419278144836426e-02,1.112721860408782959e-03,0.000000000000000000e+00,0.000000000000000000e+00
3.022960126399993896e-01,1.762333326041698456e-02,1.260626828297972679e-03,0.000000000000000000e+00,0.000000000000000000e+00
3.266838490962982178e-01,1.745605841279029846e-02,1.521232770755887032e-03,0.000000000000000000e+00,0.000000000000000000e+00
7.475188374519348145e-01,6.286526471376419067e-02,1.188661903142929077e-03,0.000000000000000000e+00,0.000000000000000000e+00
4.083203971385955811e-01,2.616324089467525482e-02,1.466879853978753090e-03,0.000000000000000000e+00,0.000000000000000000e+00
3.619737625122070312e-01,2.153096348047256470e-02,1.466641435399651527e-03,0.000000000000000000e+00,0.000000000000000000e+00
4.406619668006896973e-01,2.968930453062057495e-02,1.437688944861292839e-03,0.000000000000000000e+00,0.000000000000000000e+00
3.412155210971832275e-01,2.176969684660434723e-02,1.235185656696557999e-03,0.000000000000000000e+00,0.000000000000000000e+00
3.877190053462982178e-01,2.743509784340858459e-02,1.133680343627929688e-03,0.000000000000000000e+00,0.000000000000000000e+00
3.346711993217468262e-01,2.106684073805809021e-02,1.240027835592627525e-03,0.000000000000000000e+00,0.000000000000000000e+00
6.462194919586181641e-01,5.434469878673553467e-02,1.027725054882466793e-03,0.000000000000000000e+00,0.000000000000000000e+00
4.379184544086456299e-01,3.449364006519317627e-02,9.298205259256064892e-04,0.000000000000000000e+00,0.000000000000000000e+00
3.756088316440582275e-01,2.571446634829044342e-02,1.184641732834279537e-03,0.000000000000000000e+00,0.000000000000000000e+00
3.126541376113891602e-01,1.979875192046165466e-02,1.146666007116436958e-03,0.000000000000000000e+00,0.000000000000000000e+00
3.729097843170166016e-01,2.527666278183460236e-02,1.201431383378803730e-03,0.000000000000000000e+00,0.000000000000000000e+00
3.613234162330627441e-01,2.457220107316970825e-02,1.156014041043817997e-03,0.000000000000000000e+00,0.000000000000000000e+00
3.789172768592834473e-01,2.683967165648937225e-02,1.105205621570348740e-03,0.000000000000000000e+00,0.000000000000000000e+00
3.567827939987182617e-01,2.560218237340450287e-02,1.007609535008668900e-03,0.000000000000000000e+00,0.000000000000000000e+00
3.882754445075988770e-01,2.882470935583114624e-02,1.000283285975456238e-03,0.000000000000000000e+00,0.000000000000000000e+00
3.267233967781066895e-01,2.070534229278564453e-02,1.196699682623147964e-03,0.000000000000000000e+00,0.000000000000000000e+00
4.518510997295379639e-01,3.312505781650543213e-02,1.206005224958062172e-03,0.000000000000000000e+00,0.000000000000000000e+00
3.415373265743255615e-01,2.200366556644439697e-02,1.215006690472364426e-03,0.000000000000000000e+00,0.000000000000000000e+00
2.714391946792602539e-01,1.721286773681640625e-02,9.931052336469292641e-04,0.000000000000000000e+00,0.000000000000000000e+00
2.860599756240844727e-01,1.951640471816062927e-02,9.089590748772025108e-04,0.000000000000000000e+00,0.000000000000000000e+00
3.737409114837646484e-01,2.800336852669715881e-02,9.370723273605108261e-04,0.000000000000000000e+00,0.000000000000000000e+00
3.218841254711151123e-01,2.224132046103477478e-02,9.947090875357389450e-04,0.000000000000000000e+00,0.000000000000000000e+00
3.072724342346191406e-01,2.101898007094860077e-02,9.708264842629432678e-04,0.000000000000000000e+00,0.000000000000000000e+00
2.801893949508666992e-01,1.775638386607170105e-02,1.026255427859723568e-03,0.000000000000000000e+00,0.000000000000000000e+00
2.695578932762145996e-01,1.734282448887825012e-02,9.612967260181903839e-04,0.000000000000000000e+00,0.000000000000000000e+00
2.488622665405273438e-01,1.443377416580915451e-02,1.045245211571455002e-03,0.000000000000000000e+00,0.000000000000000000e+00
2.764014005661010742e-01,1.830811426043510437e-02,9.332025656476616859e-04,0.000000000000000000e+00,0.000000000000000000e+00
1.592257380485534668e+00,1.500928550958633423e-01,9.132882114499807358e-04,0.000000000000000000e+00,0.000000000000000000e+00
3.144074082374572754e-01,2.021594718098640442e-02,1.122479327023029327e-03,0.000000000000000000e+00,0.000000000000000000e+00
3.016805052757263184e-01,1.938324235379695892e-02,1.078480621799826622e-03,0.000000000000000000e+00,0.000000000000000000e+00
1.818901896476745605e+00,1.725112497806549072e-01,9.378945687785744667e-04,0.000000000000000000e+00,0.000000000000000000e+00
4.260341525077819824e-01,2.914029359817504883e-02,1.346312230452895164e-03,0.000000000000000000e+00,0.000000000000000000e+00
4.108076095581054688e-01,2.719220519065856934e-02,1.388855511322617531e-03,0.000000000000000000e+00,0.000000000000000000e+00
7.732791900634765625e-01,6.539485603570938110e-02,1.193306175991892815e-03,0.000000000000000000e+00,0.000000000000000000e+00
3.097974061965942383e-01,1.770132035017013550e-02,1.327842241153120995e-03,0.000000000000000000e+00,0.000000000000000000e+00
2.948489189147949219e-01,1.478419825434684753e-02,1.470069400966167450e-03,0.000000000000000000e+00,0.000000000000000000e+00
3.385218977928161621e-01,2.097958512604236603e-02,1.287260558456182480e-03,0.000000000000000000e+00,0.000000000000000000e+00
2.876475155353546143e-01,1.701050996780395508e-02,1.175424084067344666e-03,0.000000000000000000e+00,0.000000000000000000e+00
3.413748443126678467e-01,2.273301221430301666e-02,1.140447333455085754e-03,0.000000000000000000e+00,0.000000000000000000e+00
2.651125490665435791e-01,1.608560420572757721e-02,1.042565214447677135e-03,0.000000000000000000e+00,0.000000000000000000e+00
6.215523481369018555e-01,5.214347690343856812e-02,1.001175842247903347e-03,0.000000000000000000e+00,0.000000000000000000e+00
3.802077770233154297e-01,2.890604734420776367e-02,9.114731801673769951e-04,0.000000000000000000e+00,0.000000000000000000e+00
6.094788312911987305e-01,5.101024359464645386e-02,9.937637951225042343e-04,0.000000000000000000e+00,0.000000000000000000e+00
3.593415021896362305e-01,2.305282466113567352e-02,1.288132742047309875e-03,0.000000000000000000e+00,0.000000000000000000e+00
5.137432217597961426e-01,3.553149849176406860e-02,1.584282610565423965e-03,0.000000000000000000e+00,0.000000000000000000e+00
4.728094339370727539e-01,3.184369206428527832e-02,1.543725142255425453e-03,0.000000000000000000e+00,0.000000000000000000e+00
5.497272610664367676e-01,4.176412522792816162e-02,1.320859999395906925e-03,0.000000000000000000e+00,0.000000000000000000e+00
4.352649152278900146e-01,2.913958206772804260e-02,1.438691047951579094e-03,0.000000000000000000e+00,0.000000000000000000e+00
3.909040391445159912e-01,2.573494240641593933e-02,1.335546025075018406e-03,0.000000000000000000e+00,0.000000000000000000e+00
3.956113457679748535e-01,2.734101377427577972e-02,1.222011982463300228e-03,0.000000000000000000e+00,0.000000000000000000e+00
3.012316823005676270e-01,1.790153048932552338e-02,1.222163904458284378e-03,0.000000000000000000e+00,0.000000000000000000e+00
4.624925851821899414e-01,3.411678597331047058e-02,1.213247189298272133e-03,0.000000000000000000e+00,0.000000000000000000e+00
3.531290292739868164e-01,2.342391759157180786e-02,1.188898459076881409e-03,0.000000000000000000e+00,0.000000000000000000e+00
3.305628895759582520e-01,2.193833328783512115e-02,1.111795543693006039e-03,0.000000000000000000e+00,0.000000000000000000e+00
3.628970086574554443e-01,2.484612725675106049e-02,1.144357258453965187e-03,0.000000000000000000e+00,0.000000000000000000e+00
4.325436949729919434e-01,3.171608597040176392e-02,1.153828343376517296e-03,0.000000000000000000e+00,0.000000000000000000e+00
3.320883512496948242e-01,2.328841760754585266e-02,9.920417796820402145e-04,0.000000000000000000e+00,0.000000000000000000e+00
2.666712105274200439e-01,1.707938313484191895e-02,9.587737731635570526e-04,0.000000000000000000e+00,0.000000000000000000e+00
3.234305083751678467e-01,2.309951558709144592e-02,9.243536042049527168e-04,0.000000000000000000e+00,0.000000000000000000e+00
5.219910144805908203e-01,4.357454925775527954e-02,8.624555775895714760e-04,0.000000000000000000e+00,0.000000000000000000e+00
2.657261788845062256e-01,1.627593487501144409e-02,1.029668375849723816e-03,0.000000000000000000e+00,0.000000000000000000e+00
3.521237969398498535e-01,2.579226903617382050e-02,9.420112473890185356e-04,0.000000000000000000e+00,0.000000000000000000e+00
5.189731717109680176e-01,4.203809052705764771e-02,9.859229903668165207e-04,0.000000000000000000e+00,0.000000000000000000e+00
3.010719418525695801e-01,1.497603207826614380e-02,1.513116061687469482e-03,0.000000000000000000e+00,0.000000000000000000e+00
4.043037891387939453e-01,2.329193241894245148e-02,1.713844598270952702e-03,0.000000000000000000e+00,0.000000000000000000e+00
4.570526480674743652e-01,3.086318820714950562e-02,1.484207692556083202e-03,0.000000000000000000e+00,0.000000000000000000e+00
3.462800979614257812e-01,2.034239657223224640e-02,1.428561168722808361e-03,0.000000000000000000e+00,0.000000000000000000e+00
3.118054866790771484e-01,1.995618082582950592e-02,1.122436719015240669e-03,0.000000000000000000e+00,0.000000000000000000e+00
2.753649055957794189e-01,1.944322884082794189e-02,8.093260694295167923e-04,0.000000000000000000e+00,0.000000000000000000e+00
2.648672163486480713e-01,1.776076108217239380e-02,8.725960506126284599e-04,0.000000000000000000e+00,0.000000000000000000e+00
2.369029819965362549e-01,1.446156576275825500e-02,9.228733251802623272e-04,0.000000000000000000e+00,0.000000000000000000e+00
2.481656074523925781e-01,1.652279496192932129e-02,8.293765131384134293e-04,0.000000000000000000e+00,0.000000000000000000e+00
2.994905710220336914e-01,2.111956477165222168e-02,8.829492144286632538e-04,0.000000000000000000e+00,0.000000000000000000e+00
2.415066957473754883e-01,1.616439595818519592e-02,7.986275013536214828e-04,0.000000000000000000e+00,0.000000000000000000e+00
4.301996231079101562e-01,3.286932781338691711e-02,1.015063375234603882e-03,0.000000000000000000e+00,0.000000000000000000e+00
2.674385011196136475e-01,1.605978794395923615e-02,1.068406272679567337e-03,0.000000000000000000e+00,0.000000000000000000e+00
2.364292144775390625e-01,1.438641175627708435e-02,9.256508201360702515e-04,0.000000000000000000e+00,0.000000000000000000e+00
2.460619509220123291e-01,1.582525484263896942e-02,8.780938806012272835e-04,0.000000000000000000e+00,0.000000000000000000e+00
2.283734977245330811e-01,1.574655249714851379e-02,7.090797880664467812e-04,0.000000000000000000e+00,0.000000000000000000e+00
4.958909153938293457e-01,4.103720188140869141e-02,8.551889332011342049e-04,0.000000000000000000e+00,0.000000000000000000e+00
2.729380428791046143e-01,1.976074278354644775e-02,7.533062598668038845e-04,0.000000000000000000e+00,0.000000000000000000e+00
2.418769299983978271e-01,1.716994494199752808e-02,7.017747266218066216e-04,0.000000000000000000e+00,0.000000000000000000e+00
2.154526710510253906e-01,1.467732060700654984e-02,6.867947522550821304e-04,0.000000000000000000e+00,0.000000000000000000e+00
2.811413407325744629e-01,2.018242701888084412e-02,7.931706495583057404e-04,0.000000000000000000e+00,0.000000000000000000e+00
3.055023252964019775e-01,2.256494574248790741e-02,7.985286647453904152e-04,0.000000000000000000e+00,0.000000000000000000e+00
2.192458212375640869e-01,1.466189417988061905e-02,7.262687431648373604e-04,0.000000000000000000e+00,0.000000000000000000e+00
8.308789730072021484e-01,7.474328577518463135e-02,8.344614179804921150e-04,0.000000000000000000e+00,0.000000000000000000e+00
2.434203177690505981e-01,1.510997675359249115e-02,9.232054580934345722e-04,0.000000000000000000e+00,0.000000000000000000e+00
2.944241166114807129e-01,2.115887403488159180e-02,8.283536881208419800e-04,0.000000000000000000e+00,0.000000000000000000e+00
2.570047974586486816e-01,1.808824762701988220e-02,7.612232002429664135e-04,0.000000000000000000e+00,0.000000000000000000e+00
2.876982986927032471e-01,2.105272747576236725e-02,7.717102998867630959e-04,0.000000000000000000e+00,0.000000000000000000e+00
3.910028338432312012e-01,3.098558448255062103e-02,8.114696829579770565e-04,0.000000000000000000e+00,0.000000000000000000e+00
3.006087243556976318e-01,2.107652276754379272e-02,8.984349551610648632e-04,0.000000000000000000e+00,0.000000000000000000e+00
3.144594728946685791e-01,2.212300710380077362e-02,9.322940604761242867e-04,0.000000000000000000e+00,0.000000000000000000e+00
2.599865794181823730e-01,1.632860675454139709e-02,9.670052095316350460e-04,0.000000000000000000e+00,0.000000000000000000e+00
2.710366547107696533e-01,1.854464225471019745e-02,8.559022680856287479e-04,0.000000000000000000e+00,0.000000000000000000e+00
2.804004251956939697e-01,2.026332914829254150e-02,7.776714046485722065e-04,0.000000000000000000e+00,0.000000000000000000e+00
4.071670770645141602e-01,3.343891724944114685e-02,7.277789409272372723e-04,0.000000000000000000e+00,0.000000000000000000e+00
7.302166819572448730e-01,6.565709412097930908e-02,7.364576449617743492e-04,0.000000000000000000e+00,0.000000000000000000e+00
2.349711060523986816e-01,1.573215052485466003e-02,7.764959009364247322e-04,0.000000000000000000e+00,0.000000000000000000e+00
4.546445310115814209e-01,3.852508589625358582e-02,6.939366576261818409e-04,0.000000000000000000e+00,0.000000000000000000e+00
3.508508801460266113e-01,2.651569619774818420e-02,8.569393539801239967e-04,0.000000000000000000e+00,0.000000000000000000e+00
2.684546709060668945e-01,1.701069436967372894e-02,9.834773372858762741e-04,0.000000000000000000e+00,0.000000000000000000e+00
5.284572839736938477e-01,4.470385611057281494e-02,8.141871076077222824e-04,0.000000000000000000e+00,0.000000000000000000e+00
4.730536341667175293e-01,3.646405413746833801e-02,1.084131072275340557e-03,0.000000000000000000e+00,0.000000000000000000e+00
3.161027729511260986e-01,1.711122319102287292e-02,1.449905335903167725e-03,0.000000000000000000e+00,0.000000000000000000e+00
4.825205206871032715e-01,3.540129587054252625e-02,1.285075326450169086e-03,0.000000000000000000e+00,0.000000000000000000e+00
3.547493219375610352e-01,2.091322839260101318e-02,1.456170342862606049e-03,0.000000000000000000e+00,0.000000000000000000e+00
3.018215298652648926e-01,1.714212447404861450e-02,1.304002711549401283e-03,0.000000000000000000e+00,0.000000000000000000e+00
2.979117929935455322e-01,1.782771944999694824e-02,1.196346012875437737e-03,0.000000000000000000e+00,0.000000000000000000e+00
3.385808765888214111e-01,2.446737885475158691e-02,9.390708291903138161e-04,0.000000000000000000e+00,0.000000000000000000e+00
5.350368022918701172e-01,4.446318745613098145e-02,9.040490840561687946e-04,0.000000000000000000e+00,0.000000000000000000e+00
2.517465651035308838e-01,1.681173965334892273e-02,8.362915832549333572e-04,0.000000000000000000e+00,0.000000000000000000e+00
2.245888710021972656e-01,1.453175488859415054e-02,7.927131373435258865e-04,0.000000000000000000e+00,0.000000000000000000e+00
2.345149517059326172e-01,1.597696915268898010e-02,7.474527228623628616e-04,0.000000000000000000e+00,0.000000000000000000e+00
3.906562328338623047e-01,3.178305923938751221e-02,7.282564183697104454e-04,0.000000000000000000e+00,0.000000000000000000e+00
2.143701314926147461e-01,1.404975913465023041e-02,7.387254154309630394e-04,0.000000000000000000e+00,0.000000000000000000e+00
3.250779807567596436e-01,2.550076507031917572e-02,7.007033564150333405e-04,0.000000000000000000e+00,0.000000000000000000e+00
2.418580055236816406e-01,1.655781269073486328e-02,7.627988234162330627e-04,0.000000000000000000e+00,0.000000000000000000e+00
7.823619842529296875e-01,7.032170891761779785e-02,7.914488669484853745e-04,0.000000000000000000e+00,0.000000000000000000e+00
2.354367971420288086e-01,1.425095461308956146e-02,9.292725007981061935e-04,0.000000000000000000e+00,0.000000000000000000e+00
2.887940704822540283e-01,1.902826130390167236e-02,9.851146023720502853e-04,0.000000000000000000e+00,0.000000000000000000e+00
3.281055092811584473e-01,2.207956276834011078e-02,1.073098625056445599e-03,0.000000000000000000e+00,0.000000000000000000e+00
3.254838883876800537e-01,2.520056068897247314e-02,7.347827777266502380e-04,0.000000000000000000e+00,0.000000000000000000e+00
2.452223896980285645e-01,1.669564098119735718e-02,7.826597429811954498e-04,0.000000000000000000e+00,0.000000000000000000e+00
2.059490382671356201e-01,1.432482525706291199e-02,6.270078592933714390e-04,0.000000000000000000e+00,0.000000000000000000e+00
4.276810884475708008e-01,3.508680686354637146e-02,7.681302377022802830e-04,0.000000000000000000e+00,0.000000000000000000e+00
3.744004368782043457e-01,2.980691194534301758e-02,7.633130881004035473e-04,0.000000000000000000e+00,0.000000000000000000e+00
3.869402110576629639e-01,3.148311376571655273e-02,7.210906478576362133e-04,0.000000000000000000e+00,0.000000000000000000e+00
2.710508406162261963e-01,1.920550130307674408e-02,7.899582851678133011e-04,0.000000000000000000e+00,0.000000000000000000e+00
2.466862201690673828e-01,1.604582369327545166e-02,8.622797322459518909e-04,0.000000000000000000e+00,0.000000000000000000e+00
2.227947413921356201e-01,1.605844311416149139e-02,6.221029907464981079e-04,0.000000000000000000e+00,0.000000000000000000e+00
1.901351958513259888e-01,1.300758868455886841e-02,6.005930481478571892e-04,0.000000000000000000e+00,0.000000000000000000e+00
3.837792575359344482e-01,3.167726472020149231e-02,6.700662197545170784e-04,0.000000000000000000e+00,0.000000000000000000e+00
2.325807511806488037e-01,1.609602198004722595e-02,7.162051624618470669e-04,0.000000000000000000e+00,0.000000000000000000e+00
3.245634138584136963e-01,2.538711950182914734e-02,7.069221464917063713e-04,0.000000000000000000e+00,0.000000000000000000e+00
1.722273975610733032e-01,1.077077537775039673e-02,6.451964145526289940e-04,0.000000000000000000e+00,0.000000000000000000e+00
4.108110070228576660e-01,3.431815281510353088e-02,6.762950215488672256e-04,0.000000000000000000e+00,0.000000000000000000e+00
2.960104644298553467e-01,1.863705366849899292e-02,1.096399384550750256e-03,0.000000000000000000e+00,0.000000000000000000e+00
2.398973107337951660e-01,1.264788582921028137e-02,1.134184538386762142e-03,0.000000000000000000e+00,0.000000000000000000e+00
4.545815587043762207e-01,3.554878383874893188e-02,9.909372311085462570e-04,0.000000000000000000e+00,0.000000000000000000e+00
4.252034127712249756e-01,3.543169796466827393e-02,7.088643033057451248e-04,0.000000000000000000e+00,0.000000000000000000e+00
2.623560130596160889e-01,1.769016683101654053e-02,8.545435266569256783e-04,0.000000000000000000e+00,0.000000000000000000e+00
2.398713529109954834e-01,1.684713736176490784e-02,7.139999070204794407e-04,0.000000000000000000e+00,0.000000000000000000e+00
2.238533794879913330e-01,1.495764404535293579e-02,7.427694508805871010e-04,0.000000000000000000e+00,0.000000000000000000e+00
2.149623483419418335e-01,1.453739870339632034e-02,6.958836456760764122e-04,0.000000000000000000e+00,0.000000000000000000e+00
2.487133741378784180e-01,1.810017414391040802e-02,6.771163898520171642e-04,0.000000000000000000e+00,0.000000000000000000e+00
1.985840350389480591e-01,1.390055380761623383e-02,5.957849789410829544e-04,0.000000000000000000e+00,0.000000000000000000e+00
2.768460512161254883e-01,2.175245992839336395e-02,5.932146450504660606e-04,0.000000000000000000e+00,0.000000000000000000e+00
1.037098050117492676e+00,9.754712879657745361e-02,6.162683712318539619e-04,0.000000000000000000e+00,0.000000000000000000e+00
2.684864699840545654e-01,1.940981484949588776e-02,7.438833126798272133e-04,0.000000000000000000e+00,0.000000000000000000e+00
2.419784367084503174e-01,1.559716463088989258e-02,8.600678993389010429e-04,0.000000000000000000e+00,0.000000000000000000e+00
2.380376160144805908e-01,1.485984958708286285e-02,8.943911525420844555e-04,0.000000000000000000e+00,0.000000000000000000e+00
2.279202342033386230e-01,1.522534620016813278e-02,7.566676358692348003e-04,0.000000000000000000e+00,0.000000000000000000e+00
3.177985548973083496e-01,2.568195201456546783e-02,6.097904406487941742e-04,0.000000000000000000e+00,0.000000000000000000e+00
2.227188348770141602e-01,1.503760553896427155e-02,7.234279182739555836e-04,0.000000000000000000e+00,0.000000000000000000e+00
2.150248587131500244e-01,1.523697841912508011e-02,6.265507545322179794e-04,0.000000000000000000e+00,0.000000000000000000e+00
2.626414299011230469e-01,1.911203190684318542e-02,7.152108591981232166e-04,0.000000000000000000e+00,0.000000000000000000e+00
2.219031602144241333e-01,1.545288227498531342e-02,6.737433141097426414e-04,0.000000000000000000e+00,0.000000000000000000e+00
3.828284442424774170e-01,3.264852613210678101e-02,5.634315893985331059e-04,0.000000000000000000e+00,0.000000000000000000e+00
2.798810005187988281e-01,1.970434933900833130e-02,8.283749921247363091e-04,0.000000000000000000e+00,0.000000000000000000e+00
5.080722570419311523e-01,3.850898891687393188e-02,1.229824032634496689e-03,0.000000000000000000e+00,0.000000000000000000e+00
2.716038525104522705e-01,1.324115041643381119e-02,1.391923404298722744e-03,0.000000000000000000e+00,0.000000000000000000e+00
2.375502884387969971e-01,1.067947689443826675e-02,1.307555241510272026e-03,0.000000000000000000e+00,0.000000000000000000e+00
4.242613017559051514e-01,3.134642168879508972e-02,1.107970718294382095e-03,0.000000000000000000e+00,0.000000000000000000e+00
2.455164343118667603e-01,1.644037663936614990e-02,8.111266652122139931e-04,0.000000000000000000e+00,0.000000000000000000e+00
2.246639579534530640e-01,1.614206656813621521e-02,6.324328132905066013e-04,0.000000000000000000e+00,0.000000000000000000e+00
2.335179001092910767e-01,1.643326878547668457e-02,6.918521248735487461e-04,0.000000000000000000e+00,0.000000000000000000e+00
5.121936798095703125e-01,4.421304911375045776e-02,7.006316445767879486e-04,0.000000000000000000e+00,0.000000000000000000e+00
2.725705206394195557e-01,2.044194564223289490e-02,6.815106607973575592e-04,0.000000000000000000e+00,0.000000000000000000e+00
4.131770730018615723e-01,3.504948318004608154e-02,6.268222350627183914e-04,0.000000000000000000e+00,0.000000000000000000e+00
7.198563814163208008e-01,6.530313938856124878e-02,6.682499079033732414e-04,0.000000000000000000e+00,0.000000000000000000e+00
2.462037056684494019e-01,1.488193124532699585e-02,9.738439111970365047e-04,0.000000000000000000e+00,0.000000000000000000e+00
3.208276033401489258e-01,1.873609051108360291e-02,1.334666740149259567e-03,0.000000000000000000e+00,0.000000000000000000e+00
2.810627222061157227e-01,1.387385558336973190e-02,1.423241570591926575e-03,0.000000000000000000e+00,0.000000000000000000e+00
2.655464410781860352e-01,1.379320211708545685e-02,1.276144292205572128e-03,0.000000000000000000e+00,0.000000000000000000e+00
3.118483126163482666e-01,2.253466844558715820e-02,8.650163654237985611e-04,0.000000000000000000e+00,0.000000000000000000e+00
4.120287299156188965e-01,3.383625671267509460e-02,7.366613717749714851e-04,0.000000000000000000e+00,0.000000000000000000e+00
2.238314747810363770e-01,1.539547462016344070e-02,6.987672531977295876e-04,0.000000000000000000e+00,0.000000000000000000e+00
2.328198552131652832e-01,1.707195118069648743e-02,6.210035644471645355e-04,0.000000000000000000e+00,0.000000000000000000e+00
2.100906372070312500e-01,1.400622539222240448e-02,7.002837955951690674e-04,0.000000000000000000e+00,0.000000000000000000e+00
2.961191236972808838e-01,2.317555621266365051e-02,6.436356343328952789e-04,0.000000000000000000e+00,0.000000000000000000e+00
2.045511305332183838e-01,1.357353106141090393e-02,6.881582667119801044e-04,0.000000000000000000e+00,0.000000000000000000e+00
2.520672082901000977e-01,1.751161739230155945e-02,7.695103995501995087e-04,0.000000000000000000e+00,0.000000000000000000e+00
2.268924117088317871e-01,1.520174182951450348e-02,7.487500552088022232e-04,0.000000000000000000e+00,0.000000000000000000e+00
5.112633705139160156e-01,4.488281533122062683e-02,6.243523675948381424e-04,0.000000000000000000e+00,0.000000000000000000e+00
2.476272583007812500e-01,1.821821555495262146e-02,6.544509669765830040e-04,0.000000000000000000e+00,0.000000000000000000e+00
4.256401956081390381e-01,3.730959817767143250e-02,5.254419520497322083e-04,0.000000000000000000e+00,0.000000000000000000e+00
3.490921854972839355e-01,2.965285629034042358e-02,5.256361910142004490e-04,0.000000000000000000e+00,0.000000000000000000e+00
2.192390412092208862e-01,1.569553837180137634e-02,6.228365236893296242e-04,0.000000000000000000e+00,0.000000000000000000e+00
2.108037769794464111e-01,1.415133103728294373e-02,6.929046357981860638e-04,0.000000000000000000e+00,0.000000000000000000e+00
2.280217707157135010e-01,1.641071215271949768e-02,6.391464849002659321e-04,0.000000000000000000e+00,0.000000000000000000e+00
4.821292757987976074e-01,4.112848639488220215e-02,7.084441604092717171e-04,0.000000000000000000e+00,0.000000000000000000e+00
2.435579299926757812e-01,1.750581897795200348e-02,6.849974161013960838e-04,0.000000000000000000e+00,0.000000000000000000e+00
6.507145762443542480e-01,5.755053833127021790e-02,7.520918734371662140e-04,0.000000000000000000e+00,0.000000000000000000e+00
5.133765935897827148e-01,4.139802232384681702e-02,9.939636802300810814e-04,0.000000000000000000e+00,0.000000000000000000e+00
2.695831656455993652e-01,1.557294744998216629e-02,1.138536841608583927e-03,0.000000000000000000e+00,0.000000000000000000e+00
2.915089726448059082e-01,1.655605994164943695e-02,1.259483746252954006e-03,0.000000000000000000e+00,0.000000000000000000e+00
2.394420504570007324e-01,1.435540989041328430e-02,9.588795364834368229e-04,0.000000000000000000e+00,0.000000000000000000e+00
3.106360733509063721e-01,2.208455279469490051e-02,8.979055564850568771e-04,0.000000000000000000e+00,0.000000000000000000e+00
4.598121345043182373e-01,3.761471435427665710e-02,8.366499096155166626e-04,0.000000000000000000e+00,0.000000000000000000e+00
2.093785554170608521e-01,1.347895897924900055e-02,7.458897307515144348e-04,0.000000000000000000e+00,0.000000000000000000e+00
2.346374392509460449e-01,1.626328192651271820e-02,7.200461113825440407e-04,0.000000000000000000e+00,0.000000000000000000e+00
2.020080983638763428e-01,1.257742010056972504e-02,7.623389828950166702e-04,0.000000000000000000e+00,0.000000000000000000e+00
4.812740087509155273e-01,4.178628325462341309e-02,6.341115804389119148e-04,0.000000000000000000e+00,0.000000000000000000e+00
2.028372883796691895e-01,1.354141812771558762e-02,6.742310361005365849e-04,0.000000000000000000e+00,0.000000000000000000e+00
3.183431625366210938e-01,2.340936474502086639e-02,8.424950647167861462e-04,0.000000000000000000e+00,0.000000000000000000e+00
2.501412034034729004e-01,1.630177907645702362e-02,8.712342241778969765e-04,0.000000000000000000e+00,0.000000000000000000e+00
2.114139199256896973e-01,1.268851570785045624e-02,8.452875772491097450e-04,0.000000000000000000e+00,0.000000000000000000e+00
1.795642524957656860e-01,1.246647164225578308e-02,5.489953327924013138e-04,0.000000000000000000e+00,0.000000000000000000e+00
1.863454878330230713e-01,1.270404737442731857e-02,5.930500919930636883e-04,0.000000000000000000e+00,0.000000000000000000e+00
3.425450623035430908e-01,2.831350080668926239e-02,5.941006238572299480e-04,0.000000000000000000e+00,0.000000000000000000e+00
1.531711518764495850e-01,9.926070459187030792e-03,5.391045706346631050e-04,0.000000000000000000e+00,0.000000000000000000e+00
1.904370337724685669e-01,1.407810952514410019e-02,4.965594271197915077e-04,0.000000000000000000e+00,0.000000000000000000e+00
5.369645357131958008e-01,4.861265048384666443e-02,5.083799478597939014e-04,0.000000000000000000e+00,0.000000000000000000e+00
2.534485459327697754e-01,1.837992668151855469e-02,6.964927306398749352e-04,0.000000000000000000e+00,0.000000000000000000e+00
2.198577970266342163e-01,1.322910375893115997e-02,8.756676106713712215e-04,0.000000000000000000e+00,0.000000000000000000e+00
2.080505639314651489e-01,1.254922710359096527e-02,8.255828870460391045e-04,0.000000000000000000e+00,0.000000000000000000e+00
1.818325817584991455e-01,1.198447030037641525e-02,6.198787596076726913e-04,0.000000000000000000e+00,0.000000000000000000e+00
1.830241978168487549e-01,1.429344713687896729e-02,4.008972027804702520e-04,0.000000000000000000e+00,0.000000000000000000e+00
2.609521150588989258e-01,2.036505192518234253e-02,5.730161210522055626e-04,0.000000000000000000e+00,0.000000000000000000e+00
3.825018405914306641e-01,3.076292946934700012e-02,7.487253751605749130e-04,0.000000000000000000e+00,0.000000000000000000e+00
2.337280809879302979e-01,1.604257151484489441e-02,7.330235093832015991e-04,0.000000000000000000e+00,0.000000000000000000e+00
1.770835965871810913e-01,1.219506654888391495e-02,5.513293435797095299e-04,0.000000000000000000e+00,0.000000000000000000e+00
1.681136786937713623e-01,1.161344442516565323e-02,5.197923164814710617e-04,0.000000000000000000e+00,0.000000000000000000e+00
2.816898226737976074e-01,2.276539616286754608e-02,5.403587128967046738e-04,0.000000000000000000e+00,0.000000000000000000e+00
1.868444979190826416e-01,1.140540838241577148e-02,7.279041456058621407e-04,0.000000000000000000e+00,0.000000000000000000e+00
1.991609632968902588e-01,1.279603876173496246e-02,7.120057707652449608e-04,0.000000000000000000e+00,0.000000000000000000e+00
1.794482469558715820e-01,1.191258057951927185e-02,6.032245000824332237e-04,0.000000000000000000e+00,0.000000000000000000e+00
6.637756824493408203e-01,6.132856756448745728e-02,5.049002356827259064e-04,0.000000000000000000e+00,0.000000000000000000e+00
1.727190017700195312e-01,1.275415532290935516e-02,4.517743946053087711e-04,0.000000000000000000e+00,0.000000000000000000e+00
2.547808587551116943e-01,2.044302225112915039e-02,5.035063950344920158e-04,0.000000000000000000e+00,0.000000000000000000e+00
4.007349908351898193e-01,3.493873402476310730e-02,5.134763196110725403e-04,0.000000000000000000e+00,0.000000000000000000e+00
2.020771056413650513e-01,1.479459553956985474e-02,5.413114558905363083e-04,0.000000000000000000e+00,0.000000000000000000e+00
2.806100249290466309e-01,2.117443270981311798e-02,6.886571645736694336e-04,0.000000000000000000e+00,0.000000000000000000e+00
2.320571690797805786e-01,1.509230397641658783e-02,8.113412768580019474e-04,0.000000000000000000e+00,0.000000000000000000e+00
2.240677475929260254e-01,1.573910750448703766e-02,6.667666602879762650e-04,0.000000000000000000e+00,0.000000000000000000e+00
1.777518093585968018e-01,1.237454358488321304e-02,5.400638328865170479e-04,0.000000000000000000e+00,0.000000000000000000e+00
2.007936239242553711e-01,1.512108556926250458e-02,4.958276986144483089e-04,0.000000000000000000e+00,0.000000000000000000e+00
1.868123412132263184e-01,1.221759431064128876e-02,6.463639438152313232e-04,0.000000000000000000e+00,0.000000000000000000e+00
1.890432238578796387e-01,1.250777021050453186e-02,6.396553944796323776e-04,0.000000000000000000e+00,0.000000000000000000e+00
1.539293825626373291e-01,1.008713617920875549e-02,5.305801169015467167e-04,0.000000000000000000e+00,0.000000000000000000e+00
1.915124803781509399e-01,1.454875711351633072e-02,4.602490225806832314e-04,0.000000000000000000e+00,0.000000000000000000e+00
1.537749916315078735e-01,1.060957740992307663e-02,4.767921636812388897e-04,0.000000000000000000e+00,0.000000000000000000e+00
1.613129675388336182e-01,1.056089252233505249e-02,5.570403300225734711e-04,0.000000000000000000e+00,0.000000000000000000e+00
2.749681770801544189e-01,2.257716096937656403e-02,4.919656785205006599e-04,0.000000000000000000e+00,0.000000000000000000e+00
3.361388444900512695e-01,2.793735451996326447e-02,5.676529253832995892e-04,0.000000000000000000e+00,0.000000000000000000e+00
2.541479468345642090e-01,1.981614157557487488e-02,5.598653806373476982e-04,0.000000000000000000e+00,0.000000000000000000e+00
1.806594282388687134e-01,1.339251268655061722e-02,4.673430521506816149e-04,0.000000000000000000e+00,0.000000000000000000e+00
2.816512882709503174e-01,2.357820048928260803e-02,4.586929280776530504e-04,0.000000000000000000e+00,0.000000000000000000e+00
2.110858857631683350e-01,1.575311273336410522e-02,5.355476168915629387e-04,0.000000000000000000e+00,0.000000000000000000e+00
2.058076411485671997e-01,1.529695186764001846e-02,5.283811478875577450e-04,0.000000000000000000e+00,0.000000000000000000e+00
2.248409688472747803e-01,1.574187353253364563e-02,6.742223049513995647e-04,0.000000000000000000e+00,0.000000000000000000e+00
1.598239541053771973e-01,1.021927874535322189e-02,5.763116641901433468e-04,0.000000000000000000e+00,0.000000000000000000e+00
1.890620142221450806e-01,1.316176261752843857e-02,5.744439549744129181e-04,0.000000000000000000e+00,0.000000000000000000e+00
2.903839051723480225e-01,2.399604208767414093e-02,5.042348057031631470e-04,0.000000000000000000e+00,0.000000000000000000e+00
2.075736224651336670e-01,1.569736376404762268e-02,5.059999530203640461e-04,0.000000000000000000e+00,0.000000000000000000e+00
1.886337548494338989e-01,1.324494089931249619e-02,5.618435679934918880e-04,0.000000000000000000e+00,0.000000000000000000e+00
1.769700348377227783e-01,1.291643641889095306e-02,4.780567251145839691e-04,0.000000000000000000e+00,0.000000000000000000e+00
4.881507158279418945e-01,4.441680386662483215e-02,4.398267774377018213e-04,0.000000000000000000e+00,0.000000000000000000e+00
2.803907096385955811e-01,2.299963496625423431e-02,5.039436509832739830e-04,0.000000000000000000e+00,0.000000000000000000e+00
1.361938118934631348e-01,8.787168189883232117e-03,4.832212871406227350e-04,0.000000000000000000e+00,0.000000000000000000e+00
1.575401276350021362e-01,1.069035287946462631e-02,5.063660209998488426e-04,0.000000000000000000e+00,0.000000000000000000e+00
3.078140318393707275e-01,2.583464235067367554e-02,4.946758272126317024e-04,0.000000000000000000e+00,0.000000000000000000e+00
2.898113131523132324e-01,2.319133281707763672e-02,5.789798451587557793e-04,0.000000000000000000e+00,0.000000000000000000e+00
2.874898314476013184e-01,2.256773412227630615e-02,6.181249045766890049e-04,0.000000000000000000e+00,0.000000000000000000e+00
1.882539838552474976e-01,1.215629093348979950e-02,6.669107242487370968e-04,0.000000000000000000e+00,0.000000000000000000e+00
2.807424664497375488e-01,2.118170261383056641e-02,6.892543169669806957e-04,0.000000000000000000e+00,0.000000000000000000e+00
3.466920554637908936e-01,2.893611043691635132e-02,5.733094294555485249e-04,0.000000000000000000e+00,0.000000000000000000e+00
2.306133508682250977e-01,1.759524084627628326e-02,5.466094589792191982e-04,0.000000000000000000e+00,0.000000000000000000e+00
2.189447879791259766e-01,1.608007214963436127e-02,5.814406322315335274e-04,0.000000000000000000e+00,0.000000000000000000e+00
1.680948138236999512e-01,1.053022965788841248e-02,6.279252702370285988e-04,0.000000000000000000e+00,0.000000000000000000e+00
1.951657384634017944e-01,1.353679597377777100e-02,5.979778361506760120e-04,0.000000000000000000e+00,0.000000000000000000e+00
1.831096708774566650e-01,1.229583565145730972e-02,6.015132530592381954e-04,0.000000000000000000e+00,0.000000000000000000e+00
1.976423561573028564e-01,1.429706905037164688e-02,5.467165610752999783e-04,0.000000000000000000e+00,0.000000000000000000e+00
1.616283059120178223e-01,1.158009655773639679e-02,4.582734545692801476e-04,0.000000000000000000e+00,0.000000000000000000e+00
2.215615510940551758e-01,1.782687939703464508e-02,4.329275398049503565e-04,0.000000000000000000e+00,0.000000000000000000e+00
1.603710353374481201e-01,1.163758337497711182e-02,4.399520694278180599e-04,0.000000000000000000e+00,0.000000000000000000e+00
2.490088194608688354e-01,2.069616690278053284e-02,4.204715660307556391e-04,0.000000000000000000e+00,0.000000000000000000e+00
1.597508639097213745e-01,1.039194222539663315e-02,5.583144375123083591e-04,0.000000000000000000e+00,0.000000000000000000e+00
1.564909815788269043e-01,1.078654825687408447e-02,4.862550413236021996e-04,0.000000000000000000e+00,0.000000000000000000e+00
1.644772291183471680e-01,1.152050867676734924e-02,4.927214467898011208e-04,0.000000000000000000e+00,0.000000000000000000e+00
1.685890555381774902e-01,1.213593129068613052e-02,4.722973681055009365e-04,0.000000000000000000e+00,0.000000000000000000e+00
3.096438348293304443e-01,2.537885308265686035e-02,5.585529725067317486e-04,0.000000000000000000e+00,0.000000000000000000e+00
1.901623010635375977e-01,1.424326188862323761e-02,4.772968823090195656e-04,0.000000000000000000e+00,0.000000000000000000e+00
4.450406432151794434e-01,4.052318260073661804e-02,3.980881883762776852e-04,0.000000000000000000e+00,0.000000000000000000e+00
1.685024499893188477e-01,1.262473873794078827e-02,4.225505981594324112e-04,0.000000000000000000e+00,0.000000000000000000e+00
1.519950777292251587e-01,1.139819622039794922e-02,3.801311540883034468e-04,0.000000000000000000e+00,0.000000000000000000e+00
2.585096657276153564e-01,2.174953743815422058e-02,4.101428203284740448e-04,0.000000000000000000e+00,0.000000000000000000e+00
2.320084869861602783e-01,1.887718029320240021e-02,4.323667963035404682e-04,0.000000000000000000e+00,0.000000000000000000e+00
1.491174697875976562e-01,1.016611512750387192e-02,4.745631304103881121e-04,0.000000000000000000e+00,0.000000000000000000e+00
1.643803119659423828e-01,1.195457018911838531e-02,4.483460797928273678e-04,0.000000000000000000e+00,0.000000000000000000e+00
2.516993880271911621e-01,2.088372409343719482e-02,4.286214243620634079e-04,0.000000000000000000e+00,0.000000000000000000e+00
1.944532841444015503e-01,1.492449361830949783e-02,4.520835354924201965e-04,0.000000000000000000e+00,0.000000000000000000e+00
4.618245959281921387e-01,4.196389019489288330e-02,4.218569374643266201e-04,0.000000000000000000e+00,0.000000000000000000e+00
2.131396383047103882e-01,1.553796976804733276e-02,5.775994504801928997e-04,0.000000000000000000e+00,0.000000000000000000e+00
2.474461495876312256e-01,1.899147778749465942e-02,5.753138102591037750e-04,0.000000000000000000e+00,0.000000000000000000e+00
3.429644107818603516e-01,2.691113948822021484e-02,7.385300705209374428e-04,0.000000000000000000e+00,0.000000000000000000e+00
1.904448866844177246e-01,1.266365498304367065e-02,6.380832637660205364e-04,0.000000000000000000e+00,0.000000000000000000e+00
1.926875412464141846e-01,1.251083798706531525e-02,6.757917581126093864e-04,0.000000000000000000e+00,0.000000000000000000e+00
2.071741074323654175e-01,1.466356404125690460e-02,6.053847027942538261e-04,0.000000000000000000e+00,0.000000000000000000e+00
3.969735503196716309e-01,3.481348976492881775e-02,4.883866058662533760e-04,0.000000000000000000e+00,0.000000000000000000e+00
1.527755558490753174e-01,9.950118139386177063e-03,5.327436956577003002e-04,0.000000000000000000e+00,0.000000000000000000e+00
1.813511550426483154e-01,1.250000484287738800e-02,5.635111010633409023e-04,0.000000000000000000e+00,0.000000000000000000e+00
1.338403820991516113e-01,9.165492840111255646e-03,4.218544636387377977e-04,0.000000000000000000e+00,0.000000000000000000e+00
2.214447855949401855e-01,1.864551939070224762e-02,3.498958831187337637e-04,0.000000000000000000e+00,0.000000000000000000e+00
3.649275898933410645e-01,3.249103575944900513e-02,4.001725174020975828e-04,0.000000000000000000e+00,0.000000000000000000e+00
2.480002492666244507e-01,1.881674490869045258e-02,5.983279552310705185e-04,0.000000000000000000e+00,0.000000000000000000e+00
2.729878425598144531e-01,1.892653852701187134e-02,8.372246520593762398e-04,0.000000000000000000e+00,0.000000000000000000e+00
3.921842277050018311e-01,3.059487417340278625e-02,8.623549947515130043e-04,0.000000000000000000e+00,0.000000000000000000e+00
2.345314323902130127e-01,1.358833350241184235e-02,9.864810854196548462e-04,0.000000000000000000e+00,0.000000000000000000e+00
3.031016290187835693e-01,2.198975905776023865e-02,8.320403867401182652e-04,0.000000000000000000e+00,0.000000000000000000e+00
1.889190077781677246e-01,1.238803938031196594e-02,6.503860931843519211e-04,0.000000000000000000e+00,0.000000000000000000e+00
2.523105740547180176e-01,1.883391663432121277e-02,6.397141260094940662e-04,0.000000000000000000e+00,0.000000000000000000e+00
2.143389731645584106e-01,1.602550223469734192e-02,5.408395663835108280e-04,0.000000000000000000e+00,0.000000000000000000e+00
1.661323308944702148e-01,1.056795381009578705e-02,6.045278860256075859e-04,0.000000000000000000e+00,0.000000000000000000e+00
2.723080515861511230e-01,2.213970944285392761e-02,5.091094644740223885e-04,0.000000000000000000e+00,0.000000000000000000e+00
1.865527480840682983e-01,1.411745697259902954e-02,4.537818022072315216e-04,0.000000000000000000e+00,0.000000000000000000e+00
2.417161911725997925e-01,1.898429170250892639e-02,5.187327624298632145e-04,0.000000000000000000e+00,0.000000000000000000e+00
1.869921088218688965e-01,1.322815008461475372e-02,5.471061449497938156e-04,0.000000000000000000e+00,0.000000000000000000e+00
1.850565224885940552e-01,1.361159235239028931e-02,4.894059966318309307e-04,0.000000000000000000e+00,0.000000000000000000e+00
1.899886280298233032e-01,1.402505114674568176e-02,4.973812028765678406e-04,0.000000000000000000e+00,0.000000000000000000e+00
1.616596281528472900e-01,1.253985613584518433e-02,3.626106772571802139e-04,0.000000000000000000e+00,0.000000000000000000e+00
1.761839836835861206e-01,1.300418283790349960e-02,4.614215868059545755e-04,0.000000000000000000e+00,0.000000000000000000e+00
2.077578604221343994e-01,1.597351953387260437e-02,4.802266485057771206e-04,0.000000000000000000e+00,0.000000000000000000e+00
1.412770450115203857e-01,9.254820644855499268e-03,4.872884601354598999e-04,0.000000000000000000e+00,0.000000000000000000e+00
2.249686121940612793e-01,1.822059974074363708e-02,4.276260442566126585e-04,0.000000000000000000e+00,0.000000000000000000e+00
1.685759425163269043e-01,1.217319443821907043e-02,4.684398882091045380e-04,0.000000000000000000e+00,0.000000000000000000e+00
1.794500201940536499e-01,1.253309659659862518e-02,5.411905003711581230e-04,0.000000000000000000e+00,0.000000000000000000e+00
2.451568990945816040e-01,1.804892532527446747e-02,6.466764025390148163e-04,0.000000000000000000e+00,0.000000000000000000e+00
1.496488451957702637e-01,8.919986896216869354e-03,6.044897600077092648e-04,0.000000000000000000e+00,0.000000000000000000e+00
1.719070822000503540e-01,1.241546496748924255e-02,4.775243578478693962e-04,0.000000000000000000e+00,0.000000000000000000e+00
5.492273569107055664e-01,5.154291167855262756e-02,3.379819681867957115e-04,0.000000000000000000e+00,0.000000000000000000e+00
2.337716817855834961e-01,1.945066638290882111e-02,3.926501958630979061e-04,0.000000000000000000e+00,0.000000000000000000e+00
4.803284704685211182e-01,4.404668882489204407e-02,3.986158117186278105e-04,0.000000000000000000e+00,0.000000000000000000e+00
1.616770625114440918e-01,1.266040932387113571e-02,3.507296787574887276e-04,0.000000000000000000e+00,0.000000000000000000e+00
1.649090945720672607e-01,1.092981919646263123e-02,5.561090656556189060e-04,0.000000000000000000e+00,0.000000000000000000e+00
2.435730248689651489e-01,1.861171424388885498e-02,5.745588568970561028e-04,0.000000000000000000e+00,0.000000000000000000e+00
1.687632054090499878e-01,1.099930424243211746e-02,5.877016810700297356e-04,0.000000000000000000e+00,0.000000000000000000e+00
1.611519753932952881e-01,1.101070735603570938e-02,5.104490555822849274e-04,0.000000000000000000e+00,0.000000000000000000e+00
1.613833308219909668e-01,1.231108419597148895e-02,3.827248583547770977e-04,0.000000000000000000e+00,0.000000000000000000e+00
1.453993767499923706e-01,1.057761162519454956e-02,3.962325572501868010e-04,0.000000000000000000e+00,0.000000000000000000e+00
1.197233796119689941e-01,8.505102246999740601e-03,3.467235947027802467e-04,0.000000000000000000e+00,0.000000000000000000e+00
1.508132219314575195e-01,1.124036312103271484e-02,3.840959980152547359e-04,0.000000000000000000e+00,0.000000000000000000e+00
1.279167830944061279e-01,9.639475494623184204e-03,3.152203280478715897e-04,0.000000000000000000e+00,0.000000000000000000e+00
1.842911541461944580e-01,1.527205947786569595e-02,3.157056053169071674e-04,0.000000000000000000e+00,0.000000000000000000e+00
1.984163820743560791e-01,1.614522561430931091e-02,3.696411731652915478e-04,0.000000000000000000e+00,0.000000000000000000e+00
5.264936685562133789e-01,4.862523078918457031e-02,4.024135123472660780e-04,0.000000000000000000e+00,0.000000000000000000e+00
2.756327688694000244e-01,2.226313762366771698e-02,5.300138727761805058e-04,0.000000000000000000e+00,0.000000000000000000e+00
2.066926658153533936e-01,1.352519169449806213e-02,7.144076516851782799e-04,0.000000000000000000e+00,0.000000000000000000e+00
1.947797238826751709e-01,1.130190491676330566e-02,8.176067494787275791e-04,0.000000000000000000e+00,0.000000000000000000e+00
3.417016863822937012e-01,2.617775090038776398e-02,7.992414757609367371e-04,0.000000000000000000e+00,0.000000000000000000e+00
1.949951052665710449e-01,1.222744863480329514e-02,7.272061193361878395e-04,0.000000000000000000e+00,0.000000000000000000e+00
1.757255792617797852e-01,1.154259033501148224e-02,6.029968499206006527e-04,0.000000000000000000e+00,0.000000000000000000e+00
1.690239012241363525e-01,1.250337902456521988e-02,4.399011377245187759e-04,0.000000000000000000e+00,0.000000000000000000e+00
4.514523744583129883e-01,4.085871204733848572e-02,4.286523908376693726e-04,0.000000000000000000e+00,0.000000000000000000e+00
1.749219149351119995e-01,1.339233852922916412e-02,4.099853103980422020e-04,0.000000000000000000e+00,0.000000000000000000e+00
1.663442850112915039e-01,1.148622483015060425e-02,5.148203345015645027e-04,0.000000000000000000e+00,0.000000000000000000e+00
1.536045670509338379e-01,1.027501560747623444e-02,5.085441516712307930e-04,0.000000000000000000e+00,0.000000000000000000e+00
1.792600750923156738e-01,1.359329558908939362e-02,4.332711396273225546e-04,0.000000000000000000e+00,0.000000000000000000e+00
2.057023942470550537e-01,1.611687056720256805e-02,4.453368892427533865e-04,0.000000000000000000e+00,0.000000000000000000e+00
1.557199060916900635e-01,1.226210780441761017e-02,3.309884050395339727e-04,0.000000000000000000e+00,0.000000000000000000e+00
1.112258583307266235e-01,7.612708024680614471e-03,3.509877715259790421e-04,0.000000000000000000e+00,0.000000000000000000e+00
1.381722539663314819e-01,1.034751161932945251e-02,3.469713556114584208e-04,0.000000000000000000e+00,0.000000000000000000e+00
1.446958333253860474e-01,1.081485953181982040e-02,3.654723986983299255e-04,0.000000000000000000e+00,0.000000000000000000e+00
2.005569338798522949e-01,1.670705713331699371e-02,3.348636673763394356e-04,0.000000000000000000e+00,0.000000000000000000e+00
1.141708269715309143e-01,8.035641163587570190e-03,3.381441347301006317e-04,0.000000000000000000e+00,0.000000000000000000e+00
1.835115253925323486e-01,1.461924705654382706e-02,3.731904726009815931e-04,0.000000000000000000e+00,0.000000000000000000e+00
1.622347384691238403e-01,1.218588557094335556e-02,4.037588369101285934e-04,0.000000000000000000e+00,0.000000000000000000e+00
1.546368151903152466e-01,1.170972362160682678e-02,3.753957862500101328e-04,0.000000000000000000e+00,0.000000000000000000e+00
1.379036158323287964e-01,9.344106540083885193e-03,4.446254461072385311e-04,0.000000000000000000e+00,0.000000000000000000e+00
4.760412573814392090e-01,4.373523592948913574e-02,3.868888306897133589e-04,0.000000000000000000e+00,0.000000000000000000e+00
1.537390947341918945e-01,1.143151149153709412e-02,3.942398470826447010e-04,0.000000000000000000e+00,0.000000000000000000e+00
1.179652810096740723e-01,8.271099068224430084e-03,3.525429347064346075e-04,0.000000000000000000e+00,0.000000000000000000e+00
2.877772450447082520e-01,2.523630484938621521e-02,3.541419573593884706e-04,0.000000000000000000e+00,0.000000000000000000e+00
1.226622685790061951e-01,9.180936962366104126e-03,3.085290081799030304e-04,0.000000000000000000e+00,0.000000000000000000e+00
2.918397486209869385e-01,2.606736496090888977e-02,3.116610168945044279e-04,0.000000000000000000e+00,0.000000000000000000e+00
2.130155712366104126e-01,1.836865395307540894e-02,2.932903007604181767e-04,0.000000000000000000e+00,0.000000000000000000e+00
1.345968097448348999e-01,9.792201220989227295e-03,3.667480195872485638e-04,0.000000000000000000e+00,0.000000000000000000e+00
1.418939232826232910e-01,1.065652631223201752e-02,3.532865084707736969e-04,0.000000000000000000e+00,0.000000000000000000e+00
3.196167051792144775e-01,2.846958115696907043e-02,3.492090909276157618e-04,0.000000000000000000e+00,0.000000000000000000e+00
1.810951381921768188e-01,1.379782240837812424e-02,4.311691154725849628e-04,0.000000000000000000e+00,0.000000000000000000e+00
1.614943593740463257e-01,1.128330081701278687e-02,4.866134840995073318e-04,0.000000000000000000e+00,0.000000000000000000e+00
1.860993951559066772e-01,1.333724241703748703e-02,5.272697308100759983e-04,0.000000000000000000e+00,0.000000000000000000e+00
1.509628295898437500e-01,1.108438987284898758e-02,4.011894052382558584e-04,0.000000000000000000e+00,0.000000000000000000e+00
1.791606992483139038e-01,1.365944370627403259e-02,4.256625834386795759e-04,0.000000000000000000e+00,0.000000000000000000e+00
5.796471834182739258e-01,5.379534512758255005e-02,4.169373423792421818e-04,0.000000000000000000e+00,0.000000000000000000e+00
1.411271393299102783e-01,9.371256455779075623e-03,4.741457523778080940e-04,0.000000000000000000e+00,0.000000000000000000e+00
3.726085424423217773e-01,3.323081880807876587e-02,4.030035925097763538e-04,0.000000000000000000e+00,0.000000000000000000e+00
1.560918688774108887e-01,1.128971762955188751e-02,4.319468862377107143e-04,0.000000000000000000e+00,0.000000000000000000e+00
1.546447128057479858e-01,1.026635617017745972e-02,5.198115250095725060e-04,0.000000000000000000e+00,0.000000000000000000e+00
1.473336815834045410e-01,9.542437270283699036e-03,5.190931260585784912e-04,0.000000000000000000e+00,0.000000000000000000e+00
1.328983008861541748e-01,8.647831156849861145e-03,4.641998384613543749e-04,0.000000000000000000e+00,0.000000000000000000e+00
2.283756434917449951e-01,1.903794892132282257e-02,3.799615078605711460e-04,0.000000000000000000e+00,0.000000000000000000e+00
1.724630892276763916e-01,1.297177840024232864e-02,4.274531383998692036e-04,0.000000000000000000e+00,0.000000000000000000e+00
1.245677247643470764e-01,8.085791952908039093e-03,4.370980896055698395e-04,0.000000000000000000e+00,0.000000000000000000e+00
3.115377426147460938e-01,2.760398387908935547e-02,3.549788962118327618e-04,0.000000000000000000e+00,0.000000000000000000e+00
1.344666481018066406e-01,9.768450632691383362e-03,3.678214270621538162e-04,0.000000000000000000e+00,0.000000000000000000e+00
1.426496356725692749e-01,1.062472537159919739e-02,3.640237846411764622e-04,0.000000000000000000e+00,0.000000000000000000e+00
1.113399714231491089e-01,7.708106655627489090e-03,3.425890172366052866e-04,0.000000000000000000e+00,0.000000000000000000e+00
3.225778639316558838e-01,2.911421656608581543e-02,3.143571084365248680e-04,0.000000000000000000e+00,0.000000000000000000e+00
4.224656522274017334e-01,3.897643089294433594e-02,3.270134038757532835e-04,0.000000000000000000e+00,0.000000000000000000e+00
2.861777544021606445e-01,2.483335882425308228e-02,3.784417640417814255e-04,0.000000000000000000e+00,0.000000000000000000e+00
1.789739578962326050e-01,1.296773180365562439e-02,4.929663264192640781e-04,0.000000000000000000e+00,0.000000000000000000e+00
1.778153777122497559e-01,1.228037849068641663e-02,5.501159466803073883e-04,0.000000000000000000e+00,0.000000000000000000e+00
1.629772037267684937e-01,1.096913404762744904e-02,5.328586557880043983e-04,0.000000000000000000e+00,0.000000000000000000e+00
1.966580599546432495e-01,1.456220261752605438e-02,5.103602888993918896e-04,0.000000000000000000e+00,0.000000000000000000e+00
1.374733746051788330e-01,1.031213626265525818e-02,3.435201651882380247e-04,0.000000000000000000e+00,0.000000000000000000e+00
1.458140313625335693e-01,1.112121623009443283e-02,3.460186417214572430e-04,0.000000000000000000e+00,0.000000000000000000e+00
1.933818757534027100e-01,1.566243544220924377e-02,3.675752086564898491e-04,0.000000000000000000e+00,0.000000000000000000e+00
1.238141655921936035e-01,9.166308678686618805e-03,3.215108299627900124e-04,0.000000000000000000e+00,0.000000000000000000e+00
1.446371376514434814e-01,1.129298284649848938e-02,3.170730196870863438e-04,0.000000000000000000e+00,0.000000000000000000e+00
1.419037431478500366e-01,1.112418062984943390e-02,3.066194476559758186e-04,0.000000000000000000e+00,0.000000000000000000e+00
4.814139902591705322e-01,4.466789588332176208e-02,3.473501419648528099e-04,0.000000000000000000e+00,0.000000000000000000e+00
1.364932358264923096e-01,9.602632373571395874e-03,4.046690301038324833e-04,0.000000000000000000e+00,0.000000000000000000e+00
1.381678134202957153e-01,1.020960509777069092e-02,3.607176186051219702e-04,0.000000000000000000e+00,0.000000000000000000e+00
1.621769070625305176e-01,1.238038390874862671e-02,3.837306285277009010e-04,0.000000000000000000e+00,0.000000000000000000e+00
1.379637718200683594e-01,1.079044863581657410e-02,3.005927719641476870e-04,0.000000000000000000e+00,0.000000000000000000e+00
2.030091583728790283e-01,1.698617264628410339e-02,3.314742352813482285e-04,0.000000000000000000e+00,0.000000000000000000e+00
2.107473611831665039e-01,1.748263835906982422e-02,3.592096909414976835e-04,0.000000000000000000e+00,0.000000000000000000e+00
1.698498576879501343e-01,1.392958313226699829e-02,3.055402776226401329e-04,0.000000000000000000e+00,0.000000000000000000e+00
1.629655659198760986e-01,1.253716833889484406e-02,3.759388637263327837e-04,0.000000000000000000e+00,0.000000000000000000e+00
1.166283041238784790e-01,8.258378133177757263e-03,3.404451999813318253e-04,0.000000000000000000e+00,0.000000000000000000e+00
1.243317723274230957e-01,8.833118714392185211e-03,3.600058262236416340e-04,0.000000000000000000e+00,0.000000000000000000e+00
2.252661287784576416e-01,1.951869949698448181e-02,3.007913182955235243e-04,0.000000000000000000e+00,0.000000000000000000e+00
1.711344867944717407e-01,1.428493950515985489e-02,2.828508149832487106e-04,0.000000000000000000e+00,0.000000000000000000e+00
1.320291757583618164e-01,1.001463085412979126e-02,3.188286209478974342e-04,0.000000000000000000e+00,0.000000000000000000e+00
1.811924129724502563e-01,1.550089381635189056e-02,2.618347352836281061e-04,0.000000000000000000e+00,0.000000000000000000e+00
1.509743183851242065e-01,1.181599497795104980e-02,3.281436511315405369e-04,0.000000000000000000e+00,0.000000000000000000e+00
1.730657964944839478e-01,1.351846940815448761e-02,3.788110625464469194e-04,0.000000000000000000e+00,0.000000000000000000e+00
1.302468776702880859e-01,8.532264269888401031e-03,4.492423904594033957e-04,0.000000000000000000e+00,0.000000000000000000e+00
1.746421754360198975e-01,1.337467413395643234e-02,4.089543654117733240e-04,0.000000000000000000e+00,0.000000000000000000e+00
1.464554071426391602e-01,1.021179929375648499e-02,4.433741560205817223e-04,0.000000000000000000e+00,0.000000000000000000e+00
2.204192280769348145e-01,1.807342842221260071e-02,3.968495584558695555e-04,0.000000000000000000e+00,0.000000000000000000e+00
1.195408999919891357e-01,8.232030086219310760e-03,3.722059191204607487e-04,0.000000000000000000e+00,0.000000000000000000e+00
1.316515803337097168e-01,1.021745987236499786e-02,2.947698812931776047e-04,0.000000000000000000e+00,0.000000000000000000e+00
1.367096602916717529e-01,1.061763800680637360e-02,3.053328255191445351e-04,0.000000000000000000e+00,0.000000000000000000e+00
1.849305033683776855e-01,1.543116476386785507e-02,3.061886818613857031e-04,0.000000000000000000e+00,0.000000000000000000e+00
1.250024884939193726e-01,9.428473189473152161e-03,3.071776009164750576e-04,0.000000000000000000e+00,0.000000000000000000e+00
1.663262695074081421e-01,1.349951326847076416e-02,3.133113204967230558e-04,0.000000000000000000e+00,0.000000000000000000e+00
1.256921589374542236e-01,8.955756202340126038e-03,3.613459412008523941e-04,0.000000000000000000e+00,0.000000000000000000e+00
1.406493932008743286e-01,1.070000976324081421e-02,3.364929289091378450e-04,0.000000000000000000e+00,0.000000000000000000e+00
2.119352966547012329e-01,1.811448857188224792e-02,3.079040325246751308e-04,0.000000000000000000e+00,0.000000000000000000e+00
2.246832847595214844e-01,1.925409957766532898e-02,3.214227617718279362e-04,0.000000000000000000e+00,0.000000000000000000e+00
1.288382112979888916e-01,9.490502998232841492e-03,3.393317456357181072e-04,0.000000000000000000e+00,0.000000000000000000e+00
3.227880895137786865e-01,2.884094417095184326e-02,3.437865525484085083e-04,0.000000000000000000e+00,0.000000000000000000e+00
1.511565148830413818e-01,1.117543037980794907e-02,3.940220340155065060e-04,0.000000000000000000e+00,0.000000000000000000e+00
1.875571459531784058e-01,1.503958366811275482e-02,3.716130449902266264e-04,0.000000000000000000e+00,0.000000000000000000e+00
1.463054120540618896e-01,1.047207321971654892e-02,4.158467927481979132e-04,0.000000000000000000e+00,0.000000000000000000e+00
1.576444208621978760e-01,1.156549341976642609e-02,4.198948154225945473e-04,0.000000000000000000e+00,0.000000000000000000e+00
1.293980628252029419e-01,9.219591505825519562e-03,3.720215172506868839e-04,0.000000000000000000e+00,0.000000000000000000e+00
1.271172761917114258e-01,9.797660633921623230e-03,2.914066426455974579e-04,0.000000000000000000e+00,0.000000000000000000e+00
1.063667684793472290e-01,7.324784994125366211e-03,3.311892214696854353e-04,0.000000000000000000e+00,0.000000000000000000e+00
2.727199494838714600e-01,2.424129284918308258e-02,3.030702646356076002e-04,0.000000000000000000e+00,0.000000000000000000e+00
1.243100166320800781e-01,9.615886956453323364e-03,2.815115149132907391e-04,0.000000000000000000e+00,0.000000000000000000e+00
1.247678697109222412e-01,9.725363925099372864e-03,2.751423744484782219e-04,0.000000000000000000e+00,0.000000000000000000e+00
1.179724708199501038e-01,9.404435753822326660e-03,2.392811293248087168e-04,0.000000000000000000e+00,0.000000000000000000e+00
2.916306853294372559e-01,2.657438628375530243e-02,2.588683855719864368e-04,0.000000000000000000e+00,0.000000000000000000e+00
1.668797433376312256e-01,1.379607990384101868e-02,2.891895128414034843e-04,0.000000000000000000e+00,0.000000000000000000e+00
1.042091473937034607e-01,7.592360489070415497e-03,2.828554133884608746e-04,0.000000000000000000e+00,0.000000000000000000e+00
1.735518872737884521e-01,1.429359242320060730e-02,3.061595780309289694e-04,0.000000000000000000e+00,0.000000000000000000e+00
1.948086470365524292e-01,1.576089113950729370e-02,3.719973028637468815e-04,0.000000000000000000e+00,0.000000000000000000e+00
1.345248818397521973e-01,9.676991030573844910e-03,3.775496734306216240e-04,0.000000000000000000e+00,0.000000000000000000e+00
1.313084810972213745e-01,1.020887121558189392e-02,2.921977429650723934e-04,0.000000000000000000e+00,0.000000000000000000e+00
1.188927590847015381e-01,8.985502645373344421e-03,2.903773274738341570e-04,0.000000000000000000e+00,0.000000000000000000e+00
1.220236271619796753e-01,9.933903813362121582e-03,2.268458774778991938e-04,0.000000000000000000e+00,0.000000000000000000e+00
9.981063008308410645e-02,7.509159389883279800e-03,2.471903571859002113e-04,0.000000000000000000e+00,0.000000000000000000e+00
2.587881386280059814e-01,2.337714284658432007e-02,2.501670969650149345e-04,0.000000000000000000e+00,0.000000000000000000e+00
1.383851915597915649e-01,1.137108728289604187e-02,2.467431768309324980e-04,0.000000000000000000e+00,0.000000000000000000e+00
4.316116273403167725e-01,4.049685597419738770e-02,2.664307830855250359e-04,0.000000000000000000e+00,0.000000000000000000e+00
1.304520964622497559e-01,1.003365032374858856e-02,3.011559310834854841e-04,0.000000000000000000e+00,0.000000000000000000e+00
1.535627394914627075e-01,1.141562685370445251e-02,3.940646711271256208e-04,0.000000000000000000e+00,0.000000000000000000e+00
1.673205494880676270e-01,1.192812249064445496e-02,4.803931806236505508e-04,0.000000000000000000e+00,0.000000000000000000e+00
1.436886340379714966e-01,9.972186759114265442e-03,4.396676667965948582e-04,0.000000000000000000e+00,0.000000000000000000e+00
2.371706068515777588e-01,1.947351545095443726e-02,4.243544826749712229e-04,0.000000000000000000e+00,0.000000000000000000e+00
1.800418049097061157e-01,1.424324698746204376e-02,3.760934050660580397e-04,0.000000000000000000e+00,0.000000000000000000e+00
1.211817562580108643e-01,8.751563727855682373e-03,3.366611781530082226e-04,0.000000000000000000e+00,0.000000000000000000e+00
1.461690366268157959e-01,1.079154387116432190e-02,3.825359162874519825e-04,0.000000000000000000e+00,0.000000000000000000e+00
1.042291894555091858e-01,7.034481968730688095e-03,3.388436743989586830e-04,0.000000000000000000e+00,0.000000000000000000e+00
1.760865896940231323e-01,1.436549052596092224e-02,3.243167884647846222e-04,0.000000000000000000e+00,0.000000000000000000e+00
1.027959734201431274e-01,7.179083302617073059e-03,3.100514295510947704e-04,0.000000000000000000e+00,0.000000000000000000e+00
2.949110567569732666e-01,2.681438624858856201e-02,2.676720614545047283e-04,0.000000000000000000e+00,0.000000000000000000e+00
1.491873413324356079e-01,1.172492839395999908e-02,3.193806041963398457e-04,0.000000000000000000e+00,0.000000000000000000e+00
9.978660196065902710e-02,6.800610106438398361e-03,3.178050392307341099e-04,0.000000000000000000e+00,0.000000000000000000e+00
1.025480702519416809e-01,7.286060135811567307e-03,2.968746994156390429e-04,0.000000000000000000e+00,0.000000000000000000e+00
1.458209156990051270e-01,1.145905628800392151e-02,3.123036003671586514e-04,0.000000000000000000e+00,0.000000000000000000e+00
1.088358610868453979e-01,8.371613919734954834e-03,2.511972561478614807e-04,0.000000000000000000e+00,0.000000000000000000e+00
1.328047960996627808e-01,1.096486486494541168e-02,2.315615274710580707e-04,0.000000000000000000e+00,0.000000000000000000e+00
1.261450052261352539e-01,1.025849208235740662e-02,2.356007753405719995e-04,0.000000000000000000e+00,0.000000000000000000e+00
8.744685351848602295e-02,6.384670268744230270e-03,2.360015059821307659e-04,0.000000000000000000e+00,0.000000000000000000e+00
1.015331670641899109e-01,7.985603064298629761e-03,2.167713828384876251e-04,0.000000000000000000e+00,0.000000000000000000e+00
1.064522787928581238e-01,8.451246656477451324e-03,2.193981490563601255e-04,0.000000000000000000e+00,0.000000000000000000e+00
1.992942392826080322e-01,1.740944571793079376e-02,2.519977861084043980e-04,0.000000000000000000e+00,0.000000000000000000e+00
3.829953968524932861e-01,3.597080335021018982e-02,2.328735572518780828e-04,0.000000000000000000e+00,0.000000000000000000e+00
2.340423762798309326e-01,2.034648135304450989e-02,3.057756402995437384e-04,0.000000000000000000e+00,0.000000000000000000e+00
1.901358664035797119e-01,1.492139883339405060e-02,4.092187446076422930e-04,0.000000000000000000e+00,0.000000000000000000e+00
1.205296292901039124e-01,7.040692027658224106e-03,5.012270994484424591e-04,0.000000000000000000e+00,0.000000000000000000e+00
1.714423894882202148e-01,1.268562208861112595e-02,4.458617186173796654e-04,0.000000000000000000e+00,0.000000000000000000e+00
1.141253933310508728e-01,8.458666503429412842e-03,2.953872899524867535e-04,0.000000000000000000e+00,0.000000000000000000e+00
1.174083203077316284e-01,8.759742602705955505e-03,2.981089055538177490e-04,0.000000000000000000e+00,0.000000000000000000e+00
1.144245564937591553e-01,8.476589806377887726e-03,2.965866005979478359e-04,0.000000000000000000e+00,0.000000000000000000e+00
1.192573010921478271e-01,8.842280134558677673e-03,3.083449555560946465e-04,0.000000000000000000e+00,0.000000000000000000e+00
1.208828985691070557e-01,9.345853701233863831e-03,2.742436481639742851e-04,0.000000000000000000e+00,0.000000000000000000e+00
1.073482111096382141e-01,8.647173643112182617e-03,2.087647735606878996e-04,0.000000000000000000e+00,0.000000000000000000e+00
1.652491092681884766e-01,1.424613781273365021e-02,2.278773463331162930e-04,0.000000000000000000e+00,0.000000000000000000e+00
2.774550914764404297e-01,2.527515217661857605e-02,2.470355830155313015e-04,0.000000000000000000e+00,0.000000000000000000e+00
1.279063969850540161e-01,1.004403363913297653e-02,2.746606187429279089e-04,0.000000000000000000e+00,0.000000000000000000e+00
1.277617365121841431e-01,1.010212302207946777e-02,2.674050047062337399e-04,0.000000000000000000e+00,0.000000000000000000e+00
2.106207311153411865e-01,1.845881901681423187e-02,2.603253233246505260e-04,0.000000000000000000e+00,0.000000000000000000e+00
2.486436218023300171e-01,2.180261164903640747e-02,3.061750321649014950e-04,0.000000000000000000e+00,0.000000000000000000e+00
1.369390934705734253e-01,9.522436186671257019e-03,4.171472974121570587e-04,0.000000000000000000e+00,0.000000000000000000e+00
1.257731765508651733e-01,8.578836917877197266e-03,3.998480387963354588e-04,0.000000000000000000e+00,0.000000000000000000e+00
1.471696645021438599e-01,1.099063083529472351e-02,3.726335999090224504e-04,0.000000000000000000e+00,0.000000000000000000e+00
1.476732194423675537e-01,1.123156584799289703e-02,3.535756259225308895e-04,0.000000000000000000e+00,0.000000000000000000e+00
2.227990329265594482e-01,2.000248618423938751e-02,2.277417806908488274e-04,0.000000000000000000e+00,0.000000000000000000e+00
2.076383680105209351e-01,1.792895421385765076e-02,2.834882470779120922e-04,0.000000000000000000e+00,0.000000000000000000e+00
1.063323467969894409e-01,7.423945702612400055e-03,3.209289279766380787e-04,0.000000000000000000e+00,0.000000000000000000e+00
9.777770936489105225e-02,6.987721659243106842e-03,2.790049184113740921e-04,0.000000000000000000e+00,0.000000000000000000e+00
1.057233437895774841e-01,7.846485823392868042e-03,2.725848462432622910e-04,0.000000000000000000e+00,0.000000000000000000e+00
1.326130181550979614e-01,1.098820846527814865e-02,2.273093414260074496e-04,0.000000000000000000e+00,0.000000000000000000e+00
1.121015995740890503e-01,9.090786799788475037e-03,2.119373239111155272e-04,0.000000000000000000e+00,0.000000000000000000e+00
1.446737200021743774e-01,1.167717576026916504e-02,2.790196740534156561e-04,0.000000000000000000e+00,0.000000000000000000e+00
1.294401884078979492e-01,1.069596782326698303e-02,2.248050295747816563e-04,0.000000000000000000e+00,0.000000000000000000e+00
1.038880050182342529e-01,8.174294605851173401e-03,2.214506384916603565e-04,0.000000000000000000e+00,0.000000000000000000e+00
2.496760636568069458e-01,2.267934754490852356e-02,2.288259565830230713e-04,0.000000000000000000e+00,0.000000000000000000e+00
9.415881335735321045e-02,6.428338121622800827e-03,2.987543412018567324e-04,0.000000000000000000e+00,0.000000000000000000e+00
1.313812881708145142e-01,9.928383864462375641e-03,3.209745627827942371e-04,0.000000000000000000e+00,0.000000000000000000e+00
1.162933185696601868e-01,8.560964837670326233e-03,3.068367659579962492e-04,0.000000000000000000e+00,0.000000000000000000e+00
1.048834919929504395e-01,7.792197633534669876e-03,2.696151495911180973e-04,0.000000000000000000e+00,0.000000000000000000e+00
9.420509636402130127e-02,6.774967536330223083e-03,2.645541680976748466e-04,0.000000000000000000e+00,0.000000000000000000e+00
8.484442532062530518e-02,6.207442376762628555e-03,2.277000457979738712e-04,0.000000000000000000e+00,0.000000000000000000e+00
1.408549398183822632e-01,1.175746507942676544e-02,2.328029659111052752e-04,0.000000000000000000e+00,0.000000000000000000e+00
9.814848005771636963e-02,7.014976348727941513e-03,2.799871435854583979e-04,0.000000000000000000e+00,0.000000000000000000e+00
3.490228652954101562e-01,3.228998556733131409e-02,2.612302487250417471e-04,0.000000000000000000e+00,0.000000000000000000e+00
1.333981305360794067e-01,1.105860807001590729e-02,2.281205379404127598e-04,0.000000000000000000e+00,0.000000000000000000e+00
9.550623595714569092e-02,7.193635217845439911e-03,2.356988552492111921e-04,0.000000000000000000e+00,0.000000000000000000e+00
9.706230461597442627e-02,7.785444613546133041e-03,1.920785871334373951e-04,0.000000000000000000e+00,0.000000000000000000e+00
9.628941118717193604e-02,7.448530755937099457e-03,2.180410519940778613e-04,0.000000000000000000e+00,0.000000000000000000e+00
1.023249849677085876e-01,8.434944786131381989e-03,1.797553704818710685e-04,0.000000000000000000e+00,0.000000000000000000e+00
1.744057983160018921e-01,1.556010264903306961e-02,1.880476775113493204e-04,0.000000000000000000e+00,0.000000000000000000e+00
9.323634952306747437e-02,7.072618696838617325e-03,2.251016267109662294e-04,0.000000000000000000e+00,0.000000000000000000e+00
8.852681517601013184e-02,6.577469408512115479e-03,2.275211882079020143e-04,0.000000000000000000e+00,0.000000000000000000e+00
1.105216741561889648e-01,8.808940649032592773e-03,2.243227208964526653e-04,0.000000000000000000e+00,0.000000000000000000e+00
1.232085376977920532e-01,1.057560648769140244e-02,1.745246700011193752e-04,0.000000000000000000e+00,0.000000000000000000e+00
3.120610415935516357e-01,2.920576184988021851e-02,2.000341919483616948e-04,0.000000000000000000e+00,0.000000000000000000e+00
1.113901510834693909e-01,8.347110822796821594e-03,2.791904844343662262e-04,0.000000000000000000e+00,0.000000000000000000e+00
1.113457232713699341e-01,9.051644243299961090e-03,2.082927821902558208e-04,0.000000000000000000e+00,0.000000000000000000e+00
1.603240966796875000e-01,1.395559404045343399e-02,2.076815289910882711e-04,0.000000000000000000e+00,0.000000000000000000e+00
9.518906474113464355e-02,7.259748876094818115e-03,2.259157481603324413e-04,0.000000000000000000e+00,0.000000000000000000e+00
1.130531504750251770e-01,8.946221321821212769e-03,2.359093778068199754e-04,0.000000000000000000e+00,0.000000000000000000e+00
1.688327342271804810e-01,1.408827118575572968e-02,2.795002073980867863e-04,0.000000000000000000e+00,0.000000000000000000e+00
1.977387666702270508e-01,1.707661151885986328e-02,2.697264426387846470e-04,0.000000000000000000e+00,0.000000000000000000e+00
2.732980549335479736e-01,2.387957647442817688e-02,3.450230287853628397e-04,0.000000000000000000e+00,0.000000000000000000e+00
1.228601038455963135e-01,8.414005860686302185e-03,3.872003871947526932e-04,0.000000000000000000e+00,0.000000000000000000e+00
1.268061846494674683e-01,8.599201217293739319e-03,4.081417864654213190e-04,0.000000000000000000e+00,0.000000000000000000e+00
1.050888597965240479e-01,7.123580202460289001e-03,3.385305171832442284e-04,0.000000000000000000e+00,0.000000000000000000e+00
1.836924403905868530e-01,1.509822532534599304e-02,3.271017922088503838e-04,0.000000000000000000e+00,0.000000000000000000e+00
1.193937361240386963e-01,8.930437266826629639e-03,3.008936182595789433e-04,0.000000000000000000e+00,0.000000000000000000e+00
8.896979689598083496e-02,6.266789976507425308e-03,2.630189410410821438e-04,0.000000000000000000e+00,0.000000000000000000e+00
2.280076295137405396e-01,2.019492909312248230e-02,2.605833578854799271e-04,0.000000000000000000e+00,0.000000000000000000e+00
1.223766729235649109e-01,1.010085269808769226e-02,2.136814728146418929e-04,0.000000000000000000e+00,0.000000000000000000e+00
1.213303655385971069e-01,9.713695384562015533e-03,2.419341326458379626e-04,0.000000000000000000e+00,0.000000000000000000e+00
1.271860599517822266e-01,1.039082650095224380e-02,2.327780384803190827e-04,0.000000000000000000e+00,0.000000000000000000e+00
9.273879230022430420e-02,7.304994855076074600e-03,1.968884316738694906e-04,0.000000000000000000e+00,0.000000000000000000e+00
8.731951564550399780e-02,6.808369886130094528e-03,1.923581876326352358e-04,0.000000000000000000e+00,0.000000000000000000e+00
9.291419386863708496e-02,7.576845586299896240e-03,1.714574173092842102e-04,0.000000000000000000e+00,0.000000000000000000e+00
2.409650683403015137e-01,2.217018231749534607e-02,1.926324184751138091e-04,0.000000000000000000e+00,0.000000000000000000e+00
8.579827845096588135e-02,6.967206485569477081e-03,1.612621708773076534e-04,0.000000000000000000e+00,0.000000000000000000e+00
9.279274195432662964e-02,7.305676117539405823e-03,1.973598555196076632e-04,0.000000000000000000e+00,0.000000000000000000e+00
1.383107900619506836e-01,1.213357225060462952e-02,1.697506086202338338e-04,0.000000000000000000e+00,0.000000000000000000e+00
1.179233267903327942e-01,9.519440121948719025e-03,2.272892743349075317e-04,0.000000000000000000e+00,0.000000000000000000e+00
1.167850866913795471e-01,9.220138192176818848e-03,2.458370581734925508e-04,0.000000000000000000e+00,0.000000000000000000e+00
8.003563433885574341e-02,5.838189274072647095e-03,2.165374171454459429e-04,0.000000000000000000e+00,0.000000000000000000e+00
7.083287835121154785e-02,5.521063692867755890e-03,1.562223915243521333e-04,0.000000000000000000e+00,0.000000000000000000e+00
2.190330326557159424e-01,1.979256980121135712e-02,2.110733621520921588e-04,0.000000000000000000e+00,0.000000000000000000e+00
8.723206818103790283e-02,6.351647432893514633e-03,2.371559676248580217e-04,0.000000000000000000e+00,0.000000000000000000e+00
1.900806128978729248e-01,1.722839474678039551e-02,1.779666927177459002e-04,0.000000000000000000e+00,0.000000000000000000e+00
2.197391241788864136e-01,1.996513456106185913e-02,2.008778101298958063e-04,0.000000000000000000e+00,0.000000000000000000e+00
1.173244491219520569e-01,9.687265381217002869e-03,2.045179280685260892e-04,0.000000000000000000e+00,0.000000000000000000e+00
1.485440284013748169e-01,1.222614012658596039e-02,2.628262445796281099e-04,0.000000000000000000e+00,0.000000000000000000e+00
1.384865641593933105e-01,1.033753901720046997e-02,3.511116665322333574e-04,0.000000000000000000e+00,0.000000000000000000e+00
1.155986860394477844e-01,7.833734154701232910e-03,3.726134600583463907e-04,0.000000000000000000e+00,0.000000000000000000e+00
1.121435239911079407e-01,7.975619286298751831e-03,3.238733042962849140e-04,0.000000000000000000e+00,0.000000000000000000e+00
9.062044322490692139e-02,6.352155469357967377e-03,2.709888212848454714e-04,0.000000000000000000e+00,0.000000000000000000e+00
9.929088503122329712e-02,7.156934589147567749e-03,2.772153820842504501e-04,0.000000000000000000e+00,0.000000000000000000e+00
1.505349576473236084e-01,1.188005320727825165e-02,3.173442673869431019e-04,0.000000000000000000e+00,0.000000000000000000e+00
2.430299967527389526e-01,2.178577147424221039e-02,2.517228131182491779e-04,0.000000000000000000e+00,0.000000000000000000e+00
1.177178248763084412e-01,9.575216099619865417e-03,2.196565765189006925e-04,0.000000000000000000e+00,0.000000000000000000e+00
3.251745402812957764e-01,3.028237447142601013e-02,2.235077990917488933e-04,0.000000000000000000e+00,0.000000000000000000e+00
9.040944278240203857e-02,6.395067553967237473e-03,2.645876957103610039e-04,0.000000000000000000e+00,0.000000000000000000e+00
1.404045820236206055e-01,1.052910368889570236e-02,3.511354443617165089e-04,0.000000000000000000e+00,0.000000000000000000e+00
2.754015028476715088e-01,2.272578887641429901e-02,4.814360872842371464e-04,0.000000000000000000e+00,0.000000000000000000e+00
1.279453039169311523e-01,7.644440978765487671e-03,5.150089273229241371e-04,0.000000000000000000e+00,0.000000000000000000e+00
1.227315366268157959e-01,8.143545128405094147e-03,4.129609151277691126e-04,0.000000000000000000e+00,0.000000000000000000e+00
1.128516793251037598e-01,7.904920727014541626e-03,3.380247508175671101e-04,0.000000000000000000e+00,0.000000000000000000e+00
9.803853929042816162e-02,7.479758001863956451e-03,2.324095694348216057e-04,0.000000000000000000e+00,0.000000000000000000e+00
1.229947358369827271e-01,9.551443159580230713e-03,2.748030819930136204e-04,0.000000000000000000e+00,0.000000000000000000e+00
2.371169328689575195e-01,2.102877944707870483e-02,2.682914200704544783e-04,0.000000000000000000e+00,0.000000000000000000e+00
1.119725629687309265e-01,8.858103305101394653e-03,2.339152852073311806e-04,0.000000000000000000e+00,0.000000000000000000e+00
1.294138729572296143e-01,1.088642794638872147e-02,2.054959768429398537e-04,0.000000000000000000e+00,0.000000000000000000e+00
7.632036507129669189e-02,5.776899401098489761e-03,1.855137525126338005e-04,0.000000000000000000e+00,0.000000000000000000e+00
8.187645673751831055e-02,5.611500237137079239e-03,2.576145343482494354e-04,0.000000000000000000e+00,0.000000000000000000e+00
1.079073995351791382e-01,8.575648069381713867e-03,2.215091953985393047e-04,0.000000000000000000e+00,0.000000000000000000e+00
8.879481256008148193e-02,6.893696263432502747e-03,1.985785493161529303e-04,0.000000000000000000e+00,0.000000000000000000e+00
1.442457139492034912e-01,1.278609409928321838e-02,1.638477551750838757e-04,0.000000000000000000e+00,0.000000000000000000e+00
1.037608459591865540e-01,8.545277640223503113e-03,1.830806722864508629e-04,0.000000000000000000e+00,0.000000000000000000e+00
2.157684862613677979e-01,1.966889947652816772e-02,1.907949481392279267e-04,0.000000000000000000e+00,0.000000000000000000e+00
8.134867995977401733e-02,6.119948811829090118e-03,2.014919300563633442e-04,0.000000000000000000e+00,0.000000000000000000e+00
1.111903786659240723e-01,9.128070436418056488e-03,1.990966848097741604e-04,0.000000000000000000e+00,0.000000000000000000e+00
9.416420757770538330e-02,7.159046828746795654e-03,2.257374289911240339e-04,0.000000000000000000e+00,0.000000000000000000e+00
1.561572104692459106e-01,1.307610701769590378e-02,2.539613633416593075e-04,0.000000000000000000e+00,0.000000000000000000e+00
8.713945746421813965e-02,6.059668026864528656e-03,2.654277486726641655e-04,0.000000000000000000e+00,0.000000000000000000e+00
2.586314678192138672e-01,2.356818504631519318e-02,2.294961741426959634e-04,0.000000000000000000e+00,0.000000000000000000e+00
1.000787317752838135e-01,7.861571386456489563e-03,2.146302285837009549e-04,0.000000000000000000e+00,0.000000000000000000e+00
1.195308268070220947e-01,1.030881423503160477e-02,1.644268777454271913e-04,0.000000000000000000e+00,0.000000000000000000e+00
1.010776460170745850e-01,8.323045447468757629e-03,1.784719061106443405e-04,0.000000000000000000e+00,0.000000000000000000e+00
9.556280076503753662e-02,7.092060055583715439e-03,2.464219578541815281e-04,0.000000000000000000e+00,0.000000000000000000e+00
1.080885380506515503e-01,8.210768923163414001e-03,2.598084392957389355e-04,0.000000000000000000e+00,0.000000000000000000e+00
9.751140326261520386e-02,7.210109382867813110e-03,2.541030989959836006e-04,0.000000000000000000e+00,0.000000000000000000e+00
1.118346303701400757e-01,8.926259353756904602e-03,2.257203595945611596e-04,0.000000000000000000e+00,0.000000000000000000e+00
1.058431416749954224e-01,8.490100502967834473e-03,2.094213268719613552e-04,0.000000000000000000e+00,0.000000000000000000e+00
1.267350912094116211e-01,9.823863394558429718e-03,2.849645970854908228e-04,0.000000000000000000e+00,0.000000000000000000e+00
1.036054417490959167e-01,8.147491142153739929e-03,2.213052648585289717e-04,0.000000000000000000e+00,0.000000000000000000e+00
7.833234965801239014e-02,5.499579478055238724e-03,2.333655866095796227e-04,0.000000000000000000e+00,0.000000000000000000e+00
1.193312183022499084e-01,1.022691093385219574e-02,1.706210314296185970e-04,0.000000000000000000e+00,0.000000000000000000e+00
9.278768301010131836e-02,7.592929992824792862e-03,1.685838215053081512e-04,0.000000000000000000e+00,0.000000000000000000e+00
1.290106475353240967e-01,1.122975721955299377e-02,1.671307836659252644e-04,0.000000000000000000e+00,0.000000000000000000e+00
7.097346335649490356e-02,5.555359646677970886e-03,1.541986421216279268e-04,0.000000000000000000e+00,0.000000000000000000e+00
1.180787310004234314e-01,1.035512611269950867e-02,1.452747092116624117e-04,0.000000000000000000e+00,0.000000000000000000e+00
7.462061941623687744e-02,5.798328667879104614e-03,1.663733419263735414e-04,0.000000000000000000e+00,0.000000000000000000e+00
1.063389629125595093e-01,8.890016935765743256e-03,1.743879547575488687e-04,0.000000000000000000e+00,0.000000000000000000e+00
1.458215862512588501e-01,1.301369816064834595e-02,1.568461011629551649e-04,0.000000000000000000e+00,0.000000000000000000e+00
7.619366794824600220e-02,5.622433964163064957e-03,1.996932842303067446e-04,0.000000000000000000e+00,0.000000000000000000e+00
8.341480791568756104e-02,6.159387528896331787e-03,2.182093157898634672e-04,0.000000000000000000e+00,0.000000000000000000e+00
1.274296939373016357e-01,1.105129811912775040e-02,1.691670913714915514e-04,0.000000000000000000e+00,0.000000000000000000e+00
2.016670405864715576e-01,1.828026399016380310e-02,1.886439131340011954e-04,0.000000000000000000e+00,0.000000000000000000e+00
9.955307841300964355e-02,8.055317215621471405e-03,1.899990893434733152e-04,0.000000000000000000e+00,0.000000000000000000e+00
8.730760961771011353e-02,6.734326016157865524e-03,1.996435457840561867e-04,0.000000000000000000e+00,0.000000000000000000e+00
8.879575133323669434e-02,7.288370747119188309e-03,1.591204054420813918e-04,0.000000000000000000e+00,0.000000000000000000e+00
1.328878998756408691e-01,1.146987266838550568e-02,1.818917371565476060e-04,0.000000000000000000e+00,0.000000000000000000e+00
8.915599435567855835e-02,7.303306832909584045e-03,1.612293126527220011e-04,0.000000000000000000e+00,0.000000000000000000e+00
9.112726897001266479e-02,7.553176954388618469e-03,1.559550000820308924e-04,0.000000000000000000e+00,0.000000000000000000e+00
7.425653189420700073e-02,5.882352124899625778e-03,1.543301041238009930e-04,0.000000000000000000e+00,0.000000000000000000e+00
7.830039411783218384e-02,6.368753500282764435e-03,1.461285864934325218e-04,0.000000000000000000e+00,0.000000000000000000e+00
9.016328305006027222e-02,7.570686750113964081e-03,1.445641391910612583e-04,0.000000000000000000e+00,0.000000000000000000e+00
7.619650661945343018e-02,5.889684427529573441e-03,1.729966461425647140e-04,0.000000000000000000e+00,0.000000000000000000e+00
8.662082254886627197e-02,7.339685223996639252e-03,1.322396565228700638e-04,0.000000000000000000e+00,0.000000000000000000e+00
8.370441943407058716e-02,6.461976096034049988e-03,1.908465637825429440e-04,0.000000000000000000e+00,0.000000000000000000e+00
7.442849874496459961e-02,5.795977078378200531e-03,1.646872551646083593e-04,0.000000000000000000e+00,0.000000000000000000e+00
7.695452868938446045e-02,6.268633995205163956e-03,1.426819071639329195e-04,0.000000000000000000e+00,0.000000000000000000e+00
8.674517273902893066e-02,7.314816117286682129e-03,1.359701273031532764e-04,0.000000000000000000e+00,0.000000000000000000e+00
1.172163113951683044e-01,1.018403097987174988e-02,1.537600473966449499e-04,0.000000000000000000e+00,0.000000000000000000e+00
6.484827399253845215e-02,4.975527524948120117e-03,1.509299909230321646e-04,0.000000000000000000e+00,0.000000000000000000e+00
7.406846433877944946e-02,6.075991317629814148e-03,1.330855156993493438e-04,0.000000000000000000e+00,0.000000000000000000e+00
7.088254392147064209e-02,5.818897858262062073e-03,1.269356143893674016e-04,0.000000000000000000e+00,0.000000000000000000e+00
2.130235135555267334e-01,2.005994133651256561e-02,1.242409634869545698e-04,0.000000000000000000e+00,0.000000000000000000e+00
2.448617368936538696e-01,2.299207821488380432e-02,1.494096650276333094e-04,0.000000000000000000e+00,0.000000000000000000e+00
6.589480489492416382e-02,5.012950394302606583e-03,1.576530048623681068e-04,0.000000000000000000e+00,0.000000000000000000e+00
1.329090893268585205e-01,1.183484494686126709e-02,1.456064637750387192e-04,0.000000000000000000e+00,0.000000000000000000e+00
1.208999231457710266e-01,1.038361433893442154e-02,1.706378097878769040e-04,0.000000000000000000e+00,0.000000000000000000e+00
9.236454963684082031e-02,7.267273962497711182e-03,1.969180593732744455e-04,0.000000000000000000e+00,0.000000000000000000e+00
1.499492824077606201e-01,1.278293412178754807e-02,2.211993560194969177e-04,0.000000000000000000e+00,0.000000000000000000e+00
1.393171101808547974e-01,1.160188950598239899e-02,2.329822164028882980e-04,0.000000000000000000e+00,0.000000000000000000e+00
1.645558178424835205e-01,1.457130815833806992e-02,1.884274679468944669e-04,0.000000000000000000e+00,0.000000000000000000e+00
7.016001641750335693e-02,5.420064553618431091e-03,1.595936628291383386e-04,0.000000000000000000e+00,0.000000000000000000e+00
1.000867486000061035e-01,8.313992992043495178e-03,1.694682432571426034e-04,0.000000000000000000e+00,0.000000000000000000e+00
2.707148492336273193e-01,2.531985566020011902e-02,1.751627132762223482e-04,0.000000000000000000e+00,0.000000000000000000e+00
8.206044137477874756e-02,6.466603372246026993e-03,1.739441213430836797e-04,0.000000000000000000e+00,0.000000000000000000e+00
1.305330395698547363e-01,1.160624716430902481e-02,1.447057293262332678e-04,0.000000000000000000e+00,0.000000000000000000e+00
1.105040311813354492e-01,9.276825934648513794e-03,1.773576805135235190e-04,0.000000000000000000e+00,0.000000000000000000e+00
7.369646430015563965e-02,5.353111308068037033e-03,2.016535145230591297e-04,0.000000000000000000e+00,0.000000000000000000e+00
8.826781809329986572e-02,6.654264405369758606e-03,2.172517706640064716e-04,0.000000000000000000e+00,0.000000000000000000e+00
8.389243483543395996e-02,6.906796246767044067e-03,1.482447260059416294e-04,0.000000000000000000e+00,0.000000000000000000e+00
1.001554578542709351e-01,8.553068153560161591e-03,1.462477230234071612e-04,0.000000000000000000e+00,0.000000000000000000e+00
2.627845108509063721e-01,2.474297396838665009e-02,1.535476039862260222e-04,0.000000000000000000e+00,0.000000000000000000e+00
7.796041667461395264e-02,6.147125735878944397e-03,1.648916222620755434e-04,0.000000000000000000e+00,0.000000000000000000e+00
1.069980412721633911e-01,8.868231438100337982e-03,1.831572444643825293e-04,0.000000000000000000e+00,0.000000000000000000e+00
1.092629954218864441e-01,9.479012340307235718e-03,1.447287359042093158e-04,0.000000000000000000e+00,0.000000000000000000e+00
7.733973115682601929e-02,5.894200876355171204e-03,1.839772157836705446e-04,0.000000000000000000e+00,0.000000000000000000e+00
1.441106349229812622e-01,1.259446144104003906e-02,1.816602016333490610e-04,0.000000000000000000e+00,0.000000000000000000e+00
1.779676079750061035e-01,1.539498195052146912e-02,2.401777310296893120e-04,0.000000000000000000e+00,0.000000000000000000e+00
8.074131608009338379e-02,4.744419828057289124e-03,3.329711325932294130e-04,0.000000000000000000e+00,0.000000000000000000e+00
1.113173738121986389e-01,7.732931524515151978e-03,3.398805856704711914e-04,0.000000000000000000e+00,0.000000000000000000e+00
1.417149007320404053e-01,1.134398207068443298e-02,2.827507269103080034e-04,0.000000000000000000e+00,0.000000000000000000e+00
9.796519577503204346e-02,7.729276549071073532e-03,2.067243622150272131e-04,0.000000000000000000e+00,0.000000000000000000e+00
1.384712457656860352e-01,1.223461981862783432e-02,1.612505293451249599e-04,0.000000000000000000e+00,0.000000000000000000e+00
8.446568250656127930e-02,6.545411422848701477e-03,1.901156792882829905e-04,0.000000000000000000e+00,0.000000000000000000e+00
1.043028980493545532e-01,8.721770718693733215e-03,1.708519121166318655e-04,0.000000000000000000e+00,0.000000000000000000e+00
9.429568052291870117e-02,7.619571872055530548e-03,1.809996319934725761e-04,0.000000000000000000e+00,0.000000000000000000e+00
2.292779535055160522e-01,2.129488252103328705e-02,1.632912899367511272e-04,0.000000000000000000e+00,0.000000000000000000e+00
1.044059097766876221e-01,8.707148954272270203e-03,1.733441895339637995e-04,0.000000000000000000e+00,0.000000000000000000e+00
1.023669987916946411e-01,7.292145397514104843e-03,2.944554435089230537e-04,0.000000000000000000e+00,0.000000000000000000e+00
1.009707823395729065e-01,7.432840764522552490e-03,2.664237399585545063e-04,0.000000000000000000e+00,0.000000000000000000e+00
8.635336905717849731e-02,5.827442277222871780e-03,2.807894779834896326e-04,0.000000000000000000e+00,0.000000000000000000e+00
9.751704335212707520e-02,7.430488709360361099e-03,2.321215579286217690e-04,0.000000000000000000e+00,0.000000000000000000e+00
1.204478293657302856e-01,1.029071491211652756e-02,1.754067488946020603e-04,0.000000000000000000e+00,0.000000000000000000e+00
1.066347062587738037e-01,9.064852260053157806e-03,1.598618255229666829e-04,0.000000000000000000e+00,0.000000000000000000e+00
1.224897801876068115e-01,1.037970930337905884e-02,1.869268598966300488e-04,0.000000000000000000e+00,0.000000000000000000e+00
1.207892820239067078e-01,1.039938442409038544e-02,1.679543347563594580e-04,0.000000000000000000e+00,0.000000000000000000e+00
1.134478747844696045e-01,9.715965948998928070e-03,1.628821482881903648e-04,0.000000000000000000e+00,0.000000000000000000e+00
1.282452344894409180e-01,1.061951182782649994e-02,2.205011696787551045e-04,0.000000000000000000e+00,0.000000000000000000e+00
1.081495285034179688e-01,8.903569541871547699e-03,1.911383587867021561e-04,0.000000000000000000e+00,0.000000000000000000e+00
1.037633866071701050e-01,8.405131287872791290e-03,1.971207530004903674e-04,0.000000000000000000e+00,0.000000000000000000e+00
1.314725726842880249e-01,1.087566837668418884e-02,2.271588746225461364e-04,0.000000000000000000e+00,0.000000000000000000e+00
9.070286154747009277e-02,7.161089219152927399e-03,1.909197308123111725e-04,0.000000000000000000e+00,0.000000000000000000e+00
6.390759348869323730e-02,4.523735493421554565e-03,1.867023966042324901e-04,0.000000000000000000e+00,0.000000000000000000e+00
2.737169861793518066e-01,2.568364515900611877e-02,1.688052725512534380e-04,0.000000000000000000e+00,0.000000000000000000e+00
6.828288733959197998e-02,5.286593921482563019e-03,1.541695091873407364e-04,0.000000000000000000e+00,0.000000000000000000e+00
1.249623596668243408e-01,1.088675763458013535e-02,1.609478204045444727e-04,0.000000000000000000e+00,0.000000000000000000e+00
1.795893758535385132e-01,1.650691591203212738e-02,1.452021242585033178e-04,0.000000000000000000e+00,0.000000000000000000e+00
7.636637985706329346e-02,5.367266945540904999e-03,2.269370743306353688e-04,0.000000000000000000e+00,0.000000000000000000e+00
1.149067878723144531e-01,9.420221671462059021e-03,2.070456685032695532e-04,0.000000000000000000e+00,0.000000000000000000e+00
1.004441827535629272e-01,7.511142175644636154e-03,2.533275983296334743e-04,0.000000000000000000e+00,0.000000000000000000e+00
8.944141119718551636e-02,7.062449119985103607e-03,1.881691714515909553e-04,0.000000000000000000e+00,0.000000000000000000e+00
9.788793325424194336e-02,8.282184600830078125e-03,1.506608678027987480e-04,0.000000000000000000e+00,0.000000000000000000e+00
1.208831146359443665e-01,1.052855886518955231e-02,1.559752854518592358e-04,0.000000000000000000e+00,0.000000000000000000e+00
5.853098630905151367e-02,4.269184544682502747e-03,1.583913981448858976e-04,0.000000000000000000e+00,0.000000000000000000e+00
9.075757116079330444e-02,7.653140928596258163e-03,1.422616187483072281e-04,0.000000000000000000e+00,0.000000000000000000e+00
2.223057895898818970e-01,2.070516347885131836e-02,1.525415864307433367e-04,0.000000000000000000e+00,0.000000000000000000e+00
8.152180165052413940e-02,6.643037311732769012e-03,1.509142748545855284e-04,0.000000000000000000e+00,0.000000000000000000e+00
8.379004895687103271e-02,6.360883824527263641e-03,2.018121012952178717e-04,0.000000000000000000e+00,0.000000000000000000e+00
9.893827140331268311e-02,7.962642237544059753e-03,1.931184087879955769e-04,0.000000000000000000e+00,0.000000000000000000e+00
1.085431650280952454e-01,9.083771146833896637e-03,1.770545495674014091e-04,0.000000000000000000e+00,0.000000000000000000e+00
8.290236443281173706e-02,6.584202870726585388e-03,1.706033363007009029e-04,0.000000000000000000e+00,0.000000000000000000e+00
7.202985137701034546e-02,5.599183961749076843e-03,1.603801210876554251e-04,0.000000000000000000e+00,0.000000000000000000e+00
2.147841751575469971e-01,1.992810517549514771e-02,1.550313027109950781e-04,0.000000000000000000e+00,0.000000000000000000e+00
8.626499027013778687e-02,7.069367915391921997e-03,1.557131181471049786e-04,0.000000000000000000e+00,0.000000000000000000e+00
2.324048876762390137e-01,2.199328504502773285e-02,1.247203181264922023e-04,0.000000000000000000e+00,0.000000000000000000e+00
8.454969525337219238e-02,7.043518126010894775e-03,1.411451376043260098e-04,0.000000000000000000e+00,0.000000000000000000e+00
6.338246911764144897e-02,4.642286803573369980e-03,1.695960236247628927e-04,0.000000000000000000e+00,0.000000000000000000e+00
9.062986820936203003e-02,7.265586405992507935e-03,1.797400182113051414e-04,0.000000000000000000e+00,0.000000000000000000e+00
1.693682223558425903e-01,1.507481001317501068e-02,1.862012431956827641e-04,0.000000000000000000e+00,0.000000000000000000e+00
9.819838404655456543e-02,7.767060771584510803e-03,2.052777854260057211e-04,0.000000000000000000e+00,0.000000000000000000e+00
1.159038469195365906e-01,9.620050899684429169e-03,1.970333833014592528e-04,0.000000000000000000e+00,0.000000000000000000e+00
8.904616534709930420e-02,7.014112081378698349e-03,1.890503917820751667e-04,0.000000000000000000e+00,0.000000000000000000e+00
7.191787660121917725e-02,5.520934239029884338e-03,1.670853525865823030e-04,0.000000000000000000e+00,0.000000000000000000e+00
9.182430803775787354e-02,7.578127086162567139e-03,1.604303542990237474e-04,0.000000000000000000e+00,0.000000000000000000e+00
1.492302417755126953e-01,1.345132384449243546e-02,1.471700234105810523e-04,0.000000000000000000e+00,0.000000000000000000e+00
1.029072254896163940e-01,8.598301559686660767e-03,1.692420628387480974e-04,0.000000000000000000e+00,0.000000000000000000e+00
6.954972445964813232e-02,5.834008567035198212e-03,1.120964006986469030e-04,0.000000000000000000e+00,0.000000000000000000e+00
1.586149632930755615e-01,1.436806563287973404e-02,1.493429444963112473e-04,0.000000000000000000e+00,0.000000000000000000e+00
7.635985314846038818e-02,6.125729531049728394e-03,1.510255970060825348e-04,0.000000000000000000e+00,0.000000000000000000e+00
9.410859644412994385e-02,7.823737338185310364e-03,1.587122969795018435e-04,0.000000000000000000e+00,0.000000000000000000e+00
7.643965631723403931e-02,6.083281245082616806e-03,1.560684468131512403e-04,0.000000000000000000e+00,0.000000000000000000e+00
7.189707458019256592e-02,5.508521571755409241e-03,1.681185822235420346e-04,0.000000000000000000e+00,0.000000000000000000e+00
5.488118901848793030e-02,3.985201939940452576e-03,1.502916857134550810e-04,0.000000000000000000e+00,0.000000000000000000e+00
6.696854531764984131e-02,5.247252061963081360e-03,1.449602132197469473e-04,0.000000000000000000e+00,0.000000000000000000e+00
6.463722884654998779e-02,4.920300096273422241e-03,1.543422404211014509e-04,0.000000000000000000e+00,0.000000000000000000e+00
6.064022332429885864e-02,4.709724336862564087e-03,1.354298146907240152e-04,0.000000000000000000e+00,0.000000000000000000e+00
6.426420807838439941e-02,5.042077042162418365e-03,1.384344068355858326e-04,0.000000000000000000e+00,0.000000000000000000e+00
1.048312112689018250e-01,8.894825354218482971e-03,1.588296145200729370e-04,0.000000000000000000e+00,0.000000000000000000e+00
1.631521284580230713e-01,1.509876549243927002e-02,1.216447999468073249e-04,0.000000000000000000e+00,0.000000000000000000e+00
7.036271691322326660e-02,5.324298515915870667e-03,1.711972872726619244e-04,0.000000000000000000e+00,0.000000000000000000e+00
9.806583821773529053e-02,7.823145017027854919e-03,1.983438705792650580e-04,0.000000000000000000e+00,0.000000000000000000e+00
1.388843059539794922e-01,1.190558448433876038e-02,1.982846006285399199e-04,0.000000000000000000e+00,0.000000000000000000e+00
8.260088413953781128e-02,6.212050095200538635e-03,2.048038586508482695e-04,0.000000000000000000e+00,0.000000000000000000e+00
6.939883530139923096e-02,5.182672291994094849e-03,1.757211284711956978e-04,0.000000000000000000e+00,0.000000000000000000e+00
1.137367337942123413e-01,1.002517715096473694e-02,1.348496007267385721e-04,0.000000000000000000e+00,0.000000000000000000e+00
8.136189728975296021e-02,6.690690759569406509e-03,1.445499365217983723e-04,0.000000000000000000e+00,0.000000000000000000e+00
7.323704659938812256e-02,5.682884715497493744e-03,1.640819391468539834e-04,0.000000000000000000e+00,0.000000000000000000e+00
1.107331514358520508e-01,9.149988181889057159e-03,1.923326926771551371e-04,0.000000000000000000e+00,0.000000000000000000e+00
7.799430191516876221e-02,6.079955026507377625e-03,1.719474821584299207e-04,0.000000000000000000e+00,0.000000000000000000e+00
6.312065571546554565e-02,4.963057581335306168e-03,1.349007798125967383e-04,0.000000000000000000e+00,0.000000000000000000e+00
8.233513683080673218e-02,7.021105382591485977e-03,1.212408315041102469e-04,0.000000000000000000e+00,0.000000000000000000e+00
1.192642822861671448e-01,1.041362714022397995e-02,1.512800954515114427e-04,0.000000000000000000e+00,0.000000000000000000e+00
9.195081889629364014e-02,7.642509415745735168e-03,1.552573085064068437e-04,0.000000000000000000e+00,0.000000000000000000e+00
6.691145151853561401e-02,5.222172010689973831e-03,1.468973350711166859e-04,0.000000000000000000e+00,0.000000000000000000e+00
1.343837678432464600e-01,1.220398209989070892e-02,1.234394585480913520e-04,0.000000000000000000e+00,0.000000000000000000e+00
6.342906504869461060e-02,4.859952721744775772e-03,1.482953666709363461e-04,0.000000000000000000e+00,0.000000000000000000e+00
1.306866407394409180e-01,1.160446275025606155e-02,1.464200904592871666e-04,0.000000000000000000e+00,0.000000000000000000e+00
1.423585712909698486e-01,1.284357719123363495e-02,1.392279955325648189e-04,0.000000000000000000e+00,0.000000000000000000e+00
7.061719149351119995e-02,5.606353282928466797e-03,1.455366145819425583e-04,0.000000000000000000e+00,0.000000000000000000e+00
2.570081949234008789e-01,2.435274235904216766e-02,1.348076330032199621e-04,0.000000000000000000e+00,0.000000000000000000e+00
6.708594411611557007e-02,4.852093756198883057e-03,1.856500748544931412e-04,0.000000000000000000e+00,0.000000000000000000e+00
1.887245923280715942e-01,1.696935668587684631e-02,1.903103548102080822e-04,0.000000000000000000e+00,0.000000000000000000e+00
1.509934514760971069e-01,1.303504221141338348e-02,2.064302243525162339e-04,0.000000000000000000e+00,0.000000000000000000e+00
1.198400259017944336e-01,9.392814710736274719e-03,2.591188531368970871e-04,0.000000000000000000e+00,0.000000000000000000e+00
1.823272258043289185e-01,1.575222238898277283e-02,2.480499679222702980e-04,0.000000000000000000e+00,0.000000000000000000e+00
1.391730904579162598e-01,1.121076941490173340e-02,2.706539235077798367e-04,0.000000000000000000e+00,0.000000000000000000e+00
8.853820711374282837e-02,6.405076943337917328e-03,2.448743325658142567e-04,0.000000000000000000e+00,0.000000000000000000e+00
1.034058630466461182e-01,7.751241791993379593e-03,2.589344221632927656e-04,0.000000000000000000e+00,0.000000000000000000e+00
7.880805432796478271e-02,5.865584593266248703e-03,2.015220525208860636e-04,0.000000000000000000e+00,0.000000000000000000e+00
9.938881546258926392e-02,8.154818788170814514e-03,1.784063060767948627e-04,0.000000000000000000e+00,0.000000000000000000e+00
7.706830650568008423e-02,5.871103145182132721e-03,1.835727889556437731e-04,0.000000000000000000e+00,0.000000000000000000e+00
7.519533485174179077e-02,5.989396013319492340e-03,1.530137669760733843e-04,0.000000000000000000e+00,0.000000000000000000e+00
7.487547397613525391e-02,6.154880858957767487e-03,1.332666579401120543e-04,0.000000000000000000e+00,0.000000000000000000e+00
7.119714468717575073e-02,5.605061538517475128e-03,1.514652831247076392e-04,0.000000000000000000e+00,0.000000000000000000e+00
6.899119913578033447e-02,5.574377253651618958e-03,1.324742916040122509e-04,0.000000000000000000e+00,0.000000000000000000e+00
1.045625060796737671e-01,8.909927681088447571e-03,1.546323328511789441e-04,0.000000000000000000e+00,0.000000000000000000e+00
6.257690489292144775e-02,4.779868759214878082e-03,1.477821788284927607e-04,0.000000000000000000e+00,0.000000000000000000e+00
7.257567346096038818e-02,5.782168358564376831e-03,1.475398603361099958e-04,0.000000000000000000e+00,0.000000000000000000e+00
8.957400172948837280e-02,7.518777623772621155e-03,1.438623003195971251e-04,0.000000000000000000e+00,0.000000000000000000e+00
1.372529715299606323e-01,1.223059464246034622e-02,1.494702155468985438e-04,0.000000000000000000e+00,0.000000000000000000e+00
1.993110328912734985e-01,1.854835823178291321e-02,1.382745831506326795e-04,0.000000000000000000e+00,0.000000000000000000e+00
7.290543615818023682e-02,5.723999813199043274e-03,1.566544233355671167e-04,0.000000000000000000e+00,0.000000000000000000e+00
1.209307163953781128e-01,1.058299932628870010e-02,1.510072324890643358e-04,0.000000000000000000e+00,0.000000000000000000e+00
8.666919916868209839e-02,7.013642694801092148e-03,1.653277286095544696e-04,0.000000000000000000e+00,0.000000000000000000e+00
8.012473583221435547e-02,6.438598036766052246e-03,1.573875342728570104e-04,0.000000000000000000e+00,0.000000000000000000e+00
6.970129907131195068e-02,5.081123672425746918e-03,1.889006089186295867e-04,0.000000000000000000e+00,0.000000000000000000e+00
7.015014439821243286e-02,5.610157269984483719e-03,1.404857030138373375e-04,0.000000000000000000e+00,0.000000000000000000e+00
7.557696104049682617e-02,6.334360688924789429e-03,1.223335420945659280e-04,0.000000000000000000e+00,0.000000000000000000e+00
8.173491805791854858e-02,6.814432796090841293e-03,1.359058805974200368e-04,0.000000000000000000e+00,0.000000000000000000e+00
6.207048147916793823e-02,4.771830514073371887e-03,1.435217563994228840e-04,0.000000000000000000e+00,0.000000000000000000e+00
8.584628999233245850e-02,7.054393645375967026e-03,1.530235458631068468e-04,0.000000000000000000e+00,0.000000000000000000e+00
6.222809106111526489e-02,4.665410146117210388e-03,1.557398936711251736e-04,0.000000000000000000e+00,0.000000000000000000e+00
6.940757483243942261e-02,5.751810036599636078e-03,1.188947062473744154e-04,0.000000000000000000e+00,0.000000000000000000e+00
6.907933205366134644e-02,5.854158662259578705e-03,1.053774103638716042e-04,0.000000000000000000e+00,0.000000000000000000e+00
5.649714544415473938e-02,4.553419537842273712e-03,1.096295163733884692e-04,0.000000000000000000e+00,0.000000000000000000e+00
8.406667411327362061e-02,7.084815297275781631e-03,1.321852614637464285e-04,0.000000000000000000e+00,0.000000000000000000e+00
6.345936655998229980e-02,5.132415331900119781e-03,1.213521172758191824e-04,0.000000000000000000e+00,0.000000000000000000e+00
8.337594568729400635e-02,7.320855744183063507e-03,1.016739115584641695e-04,0.000000000000000000e+00,0.000000000000000000e+00
1.205595582723617554e-01,1.098573207855224609e-02,1.070223806891590357e-04,0.000000000000000000e+00,0.000000000000000000e+00
8.783160895109176636e-02,7.643819786608219147e-03,1.139341329690068960e-04,0.000000000000000000e+00,0.000000000000000000e+00
5.681376904249191284e-02,4.785350989550352097e-03,8.960258855950087309e-05,0.000000000000000000e+00,0.000000000000000000e+00
7.658575475215911865e-02,6.431451998651027679e-03,1.227123138960450888e-04,0.000000000000000000e+00,0.000000000000000000e+00
6.372952461242675781e-02,4.913148470222949982e-03,1.459803897887468338e-04,0.000000000000000000e+00,0.000000000000000000e+00
1.060515567660331726e-01,9.343810379505157471e-03,1.261345605598762631e-04,0.000000000000000000e+00,0.000000000000000000e+00
3.674969077110290527e-01,3.534880653023719788e-02,1.400884648319333792e-04,0.000000000000000000e+00,0.000000000000000000e+00
7.140184938907623291e-02,5.407419521361589432e-03,1.732765813358128071e-04,0.000000000000000000e+00,0.000000000000000000e+00
6.344637274742126465e-02,4.721214063465595245e-03,1.623423449927940965e-04,0.000000000000000000e+00,0.000000000000000000e+00
6.072617322206497192e-02,4.739862401038408279e-03,1.332754909526556730e-04,0.000000000000000000e+00,0.000000000000000000e+00
7.580829411745071411e-02,6.351911462843418121e-03,1.228918117703869939e-04,0.000000000000000000e+00,0.000000000000000000e+00
5.961273238062858582e-02,4.568708129227161407e-03,1.392565172864124179e-04,0.000000000000000000e+00,0.000000000000000000e+00
7.808600366115570068e-02,6.623296998441219330e-03,1.185302826343104243e-04,0.000000000000000000e+00,0.000000000000000000e+00
1.546538323163986206e-01,1.429984439164400101e-02,1.165539433714002371e-04,0.000000000000000000e+00,0.000000000000000000e+00
6.761605292558670044e-02,5.574431270360946655e-03,1.187174057122319937e-04,0.000000000000000000e+00,0.000000000000000000e+00
1.343755424022674561e-01,1.205462403595447540e-02,1.382931368425488472e-04,0.000000000000000000e+00,0.000000000000000000e+00
6.372404843568801880e-02,4.943582694977521896e-03,1.428822288289666176e-04,0.000000000000000000e+00,0.000000000000000000e+00
6.044381856918334961e-02,4.506842698901891708e-03,1.537539210403338075e-04,0.000000000000000000e+00,0.000000000000000000e+00
7.768285274505615234e-02,6.239050999283790588e-03,1.529234286863356829e-04,0.000000000000000000e+00,0.000000000000000000e+00
7.710318267345428467e-02,6.106343585997819901e-03,1.603974960744380951e-04,0.000000000000000000e+00,0.000000000000000000e+00
1.043394654989242554e-01,9.076580405235290527e-03,1.357366127194836736e-04,0.000000000000000000e+00,0.000000000000000000e+00
6.751243770122528076e-02,5.523210857063531876e-03,1.228032633662223816e-04,0.000000000000000000e+00,0.000000000000000000e+00
6.489728391170501709e-02,5.285835824906826019e-03,1.203892534249462187e-04,0.000000000000000000e+00,0.000000000000000000e+00
5.423137918114662170e-02,4.354749806225299835e-03,1.068388373823836446e-04,0.000000000000000000e+00,0.000000000000000000e+00
1.322053074836730957e-01,1.207095012068748474e-02,1.149580130004324019e-04,0.000000000000000000e+00,0.000000000000000000e+00
9.047655761241912842e-02,7.992269471287727356e-03,1.055386674124747515e-04,0.000000000000000000e+00,0.000000000000000000e+00
6.559006124734878540e-02,5.358147434890270233e-03,1.200858459924347699e-04,0.000000000000000000e+00,0.000000000000000000e+00
6.662323325872421265e-02,5.427346564829349518e-03,1.234977098647505045e-04,0.000000000000000000e+00,0.000000000000000000e+00
8.623686432838439941e-02,7.397733163088560104e-03,1.225953892571851611e-04,0.000000000000000000e+00,0.000000000000000000e+00
6.609157472848892212e-02,5.469060037285089493e-03,1.140097811003215611e-04,0.000000000000000000e+00,0.000000000000000000e+00
8.322902023792266846e-02,7.142633199691772461e-03,1.180268882308155298e-04,0.000000000000000000e+00,0.000000000000000000e+00
6.990973651409149170e-02,5.973322317004203796e-03,1.017651520669460297e-04,0.000000000000000000e+00,0.000000000000000000e+00
1.769243478775024414e-01,1.669173687696456909e-02,1.000697229756042361e-04,0.000000000000000000e+00,0.000000000000000000e+00
6.240589916706085205e-02,5.172209814190864563e-03,1.068380151991732419e-04,0.000000000000000000e+00,0.000000000000000000e+00
5.851256847381591797e-02,4.766595549881458282e-03,1.084661271306686103e-04,0.000000000000000000e+00,0.000000000000000000e+00
7.884985953569412231e-02,6.899399682879447937e-03,9.855859389062970877e-05,0.000000000000000000e+00,0.000000000000000000e+00
7.800780236721038818e-02,6.847636774182319641e-03,9.531435352982953191e-05,0.000000000000000000e+00,0.000000000000000000e+00
5.507176369428634644e-02,4.561420995742082596e-03,9.457556006964296103e-05,0.000000000000000000e+00,0.000000000000000000e+00
1.093435809016227722e-01,9.972046129405498505e-03,9.623117512091994286e-05,0.000000000000000000e+00,0.000000000000000000e+00
5.200770497322082520e-02,4.221718292683362961e-03,9.790519834496080875e-05,0.000000000000000000e+00,0.000000000000000000e+00
5.786419659852981567e-02,4.822578281164169312e-03,9.638414485380053520e-05,0.000000000000000000e+00,0.000000000000000000e+00
6.150368228554725647e-02,5.228078924119472504e-03,9.222891821991652250e-05,0.000000000000000000e+00,0.000000000000000000e+00
7.918175309896469116e-02,7.030797656625509262e-03,8.873772458173334599e-05,0.000000000000000000e+00,0.000000000000000000e+00
6.310386955738067627e-02,5.381521303206682205e-03,9.288659202866256237e-05,0.000000000000000000e+00,0.000000000000000000e+00
2.543422579765319824e-01,2.439030632376670837e-02,1.043920055963099003e-04,0.000000000000000000e+00,0.000000000000000000e+00
5.421078205108642578e-02,4.352221731096506119e-03,1.068856799975037575e-04,0.000000000000000000e+00,0.000000000000000000e+00
6.829528510570526123e-02,5.577264353632926941e-03,1.252264482900500298e-04,0.000000000000000000e+00,0.000000000000000000e+00
2.070220708847045898e-01,1.943455822765827179e-02,1.267649204237386584e-04,0.000000000000000000e+00,0.000000000000000000e+00
6.676226109266281128e-02,5.491476971656084061e-03,1.184749271487817168e-04,0.000000000000000000e+00,0.000000000000000000e+00
6.075027957558631897e-02,4.760311916470527649e-03,1.314716064371168613e-04,0.000000000000000000e+00,0.000000000000000000e+00
8.496014773845672607e-02,7.459206506609916687e-03,1.036807661876082420e-04,0.000000000000000000e+00,0.000000000000000000e+00
8.180101960897445679e-02,7.137734442949295044e-03,1.042367803165689111e-04,0.000000000000000000e+00,0.000000000000000000e+00
1.421926766633987427e-01,1.312948297709226608e-02,1.089784054784104228e-04,0.000000000000000000e+00,0.000000000000000000e+00
9.460622072219848633e-02,8.314696140587329865e-03,1.145926144090481102e-04,0.000000000000000000e+00,0.000000000000000000e+00
9.159542620182037354e-02,8.118741214275360107e-03,1.040801143972203135e-04,0.000000000000000000e+00,0.000000000000000000e+00
1.722307801246643066e-01,1.582075096666812897e-02,1.402328198309987783e-04,0.000000000000000000e+00,0.000000000000000000e+00
7.988333702087402344e-02,6.187413819134235382e-03,1.800919708330184221e-04,0.000000000000000000e+00,0.000000000000000000e+00
1.006557047367095947e-01,8.003434166312217712e-03,2.062135608866810799e-04,0.000000000000000000e+00,0.000000000000000000e+00
1.582130938768386841e-01,1.350407395511865616e-02,2.317235048394650221e-04,0.000000000000000000e+00,0.000000000000000000e+00
9.026862680912017822e-02,6.495135836303234100e-03,2.531726495362818241e-04,0.000000000000000000e+00,0.000000000000000000e+00
1.465075314044952393e-01,1.286260597407817841e-02,1.788146037142723799e-04,0.000000000000000000e+00,0.000000000000000000e+00
7.319693267345428467e-02,5.213184282183647156e-03,2.106509346049278975e-04,0.000000000000000000e+00,0.000000000000000000e+00
8.056293427944183350e-02,6.158799398690462112e-03,1.897494512377306819e-04,0.000000000000000000e+00,0.000000000000000000e+00
8.480823040008544922e-02,6.501827389001846313e-03,1.978995569515973330e-04,0.000000000000000000e+00,0.000000000000000000e+00
8.269526809453964233e-02,6.803053896874189377e-03,1.466473040636628866e-04,0.000000000000000000e+00,0.000000000000000000e+00
1.178874969482421875e-01,9.908721782267093658e-03,1.880028285086154938e-04,0.000000000000000000e+00,0.000000000000000000e+00
8.203900605440139771e-02,6.686990149319171906e-03,1.516910415375605226e-04,0.000000000000000000e+00,0.000000000000000000e+00
6.602229923009872437e-02,5.141034722328186035e-03,1.461195352021604776e-04,0.000000000000000000e+00,0.000000000000000000e+00
7.046286761760711670e-02,5.562738049775362015e-03,1.483548549003899097e-04,0.000000000000000000e+00,0.000000000000000000e+00
1.158609017729759216e-01,1.010225806385278702e-02,1.483832602389156818e-04,0.000000000000000000e+00,0.000000000000000000e+00
7.615366578102111816e-02,6.423099897801876068e-03,1.192266499856486917e-04,0.000000000000000000e+00,0.000000000000000000e+00
6.658628582954406738e-02,5.509310401976108551e-03,1.149318704847246408e-04,0.000000000000000000e+00,0.000000000000000000e+00
7.869111746549606323e-02,6.693372037261724472e-03,1.175739598693326116e-04,0.000000000000000000e+00,0.000000000000000000e+00
1.913538277149200439e-01,1.806709542870521545e-02,1.068288256647065282e-04,0.000000000000000000e+00,0.000000000000000000e+00
6.061025708913803101e-02,4.966321866959333420e-03,1.094703766284510493e-04,0.000000000000000000e+00,0.000000000000000000e+00
5.994888395071029663e-02,4.692706279456615448e-03,1.302181772189214826e-04,0.000000000000000000e+00,0.000000000000000000e+00
6.830751895904541016e-02,5.697457119822502136e-03,1.133294645114801824e-04,0.000000000000000000e+00,0.000000000000000000e+00
7.664952427148818970e-02,6.561052985489368439e-03,1.103899703593924642e-04,0.000000000000000000e+00,0.000000000000000000e+00
6.532621383666992188e-02,5.511973518878221512e-03,1.020647614495828748e-04,0.000000000000000000e+00,0.000000000000000000e+00
7.095122337341308594e-02,5.936959292739629745e-03,1.158162631327286363e-04,0.000000000000000000e+00,0.000000000000000000e+00
1.843262016773223877e-01,1.722169667482376099e-02,1.210922782775014639e-04,0.000000000000000000e+00,0.000000000000000000e+00
5.548927187919616699e-02,4.295952618122100830e-03,1.252974761882796884e-04,0.000000000000000000e+00,0.000000000000000000e+00
8.163033425807952881e-02,6.810070946812629700e-03,1.352963154204189777e-04,0.000000000000000000e+00,0.000000000000000000e+00
8.628104627132415771e-02,7.451446726918220520e-03,1.176658115582540631e-04,0.000000000000000000e+00,0.000000000000000000e+00
6.249670684337615967e-02,4.858874250203371048e-03,1.390796678606420755e-04,0.000000000000000000e+00,0.000000000000000000e+00
6.642173975706100464e-02,5.186415277421474457e-03,1.455758319934830070e-04,0.000000000000000000e+00,0.000000000000000000e+00
1.360906064510345459e-01,1.240653917193412781e-02,1.202521234517917037e-04,0.000000000000000000e+00,0.000000000000000000e+00
6.737836450338363647e-02,5.553986877202987671e-03,1.183849381050094962e-04,0.000000000000000000e+00,0.000000000000000000e+00
6.925051659345626831e-02,5.620013456791639328e-03,1.305038167629390955e-04,0.000000000000000000e+00,0.000000000000000000e+00
7.021770626306533813e-02,5.942812189459800720e-03,1.078958448488265276e-04,0.000000000000000000e+00,0.000000000000000000e+00
1.029032021760940552e-01,9.158977307379245758e-03,1.131343306042253971e-04,0.000000000000000000e+00,0.000000000000000000e+00
6.304839998483657837e-02,5.121379625052213669e-03,1.183460262836888433e-04,0.000000000000000000e+00,0.000000000000000000e+00
7.629153877496719360e-02,6.451399996876716614e-03,1.177754238597117364e-04,0.000000000000000000e+00,0.000000000000000000e+00
6.876079738140106201e-02,5.600974895060062408e-03,1.275105169042944908e-04,0.000000000000000000e+00,0.000000000000000000e+00
7.107778638601303101e-02,6.052157375961542130e-03,1.055621614796109498e-04,0.000000000000000000e+00,0.000000000000000000e+00
8.035644888877868652e-02,6.767955608665943146e-03,1.267689222004264593e-04,0.000000000000000000e+00,0.000000000000000000e+00
6.741925328969955444e-02,5.472009070217609406e-03,1.269916538149118423e-04,0.000000000000000000e+00,0.000000000000000000e+00
5.474305525422096252e-02,4.270972218364477158e-03,1.203333158628083766e-04,0.000000000000000000e+00,0.000000000000000000e+00
6.738824397325515747e-02,5.558178294450044632e-03,1.180646140710450709e-04,0.000000000000000000e+00,0.000000000000000000e+00
1.520864814519882202e-01,1.429140847176313400e-02,9.172387945000082254e-05,0.000000000000000000e+00,0.000000000000000000e+00
5.908786132931709290e-02,4.797008354216814041e-03,1.111777964979410172e-04,0.000000000000000000e+00,0.000000000000000000e+00
5.479793250560760498e-02,4.521935246884822845e-03,9.578579192748293281e-05,0.000000000000000000e+00,0.000000000000000000e+00
6.462889164686203003e-02,5.314534530043601990e-03,1.148354567703790963e-04,0.000000000000000000e+00,0.000000000000000000e+00
5.564576387405395508e-02,4.576788283884525299e-03,9.877880802378058434e-05,0.000000000000000000e+00,0.000000000000000000e+00
6.795840710401535034e-02,5.723832175135612488e-03,1.072008744813501835e-04,0.000000000000000000e+00,0.000000000000000000e+00
1.635064631700515747e-01,1.525851525366306305e-02,1.092131569748744369e-04,0.000000000000000000e+00,0.000000000000000000e+00
5.763672292232513428e-02,4.698862787336111069e-03,1.064809475792571902e-04,0.000000000000000000e+00,0.000000000000000000e+00
5.601746588945388794e-02,4.558541346341371536e-03,1.043205338646657765e-04,0.000000000000000000e+00,0.000000000000000000e+00
4.832808673381805420e-02,3.841061145067214966e-03,9.917473653331398964e-05,0.000000000000000000e+00,0.000000000000000000e+00
8.606651425361633301e-02,7.662598043680191040e-03,9.440530266147106886e-05,0.000000000000000000e+00,0.000000000000000000e+00
2.312221080064773560e-01,2.205961383879184723e-02,1.062597148120403290e-04,0.000000000000000000e+00,0.000000000000000000e+00
5.459037050604820251e-02,4.392290022224187851e-03,1.066746917786076665e-04,0.000000000000000000e+00,0.000000000000000000e+00
6.173777580261230469e-02,4.988594911992549896e-03,1.185182263725437224e-04,0.000000000000000000e+00,0.000000000000000000e+00
8.613616973161697388e-02,7.535099983215332031e-03,1.078516797861084342e-04,0.000000000000000000e+00,0.000000000000000000e+00
1.450628191232681274e-01,1.333912555128335953e-02,1.167156442534178495e-04,0.000000000000000000e+00,0.000000000000000000e+00
1.280659139156341553e-01,1.160003896802663803e-02,1.206552624353207648e-04,0.000000000000000000e+00,0.000000000000000000e+00
6.996122002601623535e-02,5.613015964627265930e-03,1.383105845889076591e-04,0.000000000000000000e+00,0.000000000000000000e+00
1.272510439157485962e-01,1.150543242692947388e-02,1.219671976286917925e-04,0.000000000000000000e+00,0.000000000000000000e+00
7.251397520303726196e-02,5.841438658535480499e-03,1.409959077136591077e-04,0.000000000000000000e+00,0.000000000000000000e+00
7.556225359439849854e-02,6.244753953069448471e-03,1.311471714871004224e-04,0.000000000000000000e+00,0.000000000000000000e+00
5.454644188284873962e-02,4.129020031541585922e-03,1.325624034507200122e-04,0.000000000000000000e+00,0.000000000000000000e+00
5.443614721298217773e-02,4.200483206659555435e-03,1.243131555384024978e-04,0.000000000000000000e+00,0.000000000000000000e+00
7.097913324832916260e-02,5.797930527478456497e-03,1.299983268836513162e-04,0.000000000000000000e+00,0.000000000000000000e+00
7.241660356521606445e-02,6.062447559088468552e-03,1.179212777060456574e-04,0.000000000000000000e+00,0.000000000000000000e+00
7.689053565263748169e-02,6.582356058061122894e-03,1.106697018258273602e-04,0.000000000000000000e+00,0.000000000000000000e+00
1.949611306190490723e-01,1.845602318644523621e-02,1.040088391164317727e-04,0.000000000000000000e+00,0.000000000000000000e+00
6.102450191974639893e-02,4.931572824716567993e-03,1.170877367258071899e-04,0.000000000000000000e+00,0.000000000000000000e+00
6.539315730333328247e-02,5.222786217927932739e-03,1.316529669566079974e-04,0.000000000000000000e+00,0.000000000000000000e+00
5.349043384194374084e-02,4.018486477434635162e-03,1.330556988250464201e-04,0.000000000000000000e+00,0.000000000000000000e+00
1.178587004542350769e-01,1.075998041778802872e-02,1.025889796437695622e-04,0.000000000000000000e+00,0.000000000000000000e+00
1.305280178785324097e-01,1.192150823771953583e-02,1.131292810896411538e-04,0.000000000000000000e+00,0.000000000000000000e+00
1.763498783111572266e-01,1.664347201585769653e-02,9.915151167660951614e-05,0.000000000000000000e+00,0.000000000000000000e+00
8.574748039245605469e-02,7.315353490412235260e-03,1.259394630324095488e-04,0.000000000000000000e+00,0.000000000000000000e+00
7.637010514736175537e-02,6.242577917873859406e-03,1.394432911183685064e-04,0.000000000000000000e+00,0.000000000000000000e+00
7.275094091892242432e-02,5.625776015222072601e-03,1.649317564442753792e-04,0.000000000000000000e+00,0.000000000000000000e+00
6.159135699272155762e-02,4.906601272523403168e-03,1.252534275408834219e-04,0.000000000000000000e+00,0.000000000000000000e+00
5.937056243419647217e-02,4.559877794235944748e-03,1.377178123220801353e-04,0.000000000000000000e+00,0.000000000000000000e+00
5.323927849531173706e-02,4.147766157984733582e-03,1.176161749754101038e-04,0.000000000000000000e+00,0.000000000000000000e+00
9.683842211961746216e-02,8.463091216981410980e-03,1.220750564243644476e-04,0.000000000000000000e+00,0.000000000000000000e+00
9.681278467178344727e-02,8.562531322240829468e-03,1.118746731663122773e-04,0.000000000000000000e+00,0.000000000000000000e+00
7.436063140630722046e-02,6.282217800617218018e-03,1.153845660155639052e-04,0.000000000000000000e+00,0.000000000000000000e+00
6.772685796022415161e-02,5.634058732539415359e-03,1.138627267209812999e-04,0.000000000000000000e+00,0.000000000000000000e+00
6.330676376819610596e-02,5.140169989317655563e-03,1.190506300190463662e-04,0.000000000000000000e+00,0.000000000000000000e+00
1.012185513973236084e-01,9.117843583226203918e-03,1.004011792247183621e-04,0.000000000000000000e+00,0.000000000000000000e+00
6.840634346008300781e-02,5.680274218320846558e-03,1.160359752248041332e-04,0.000000000000000000e+00,0.000000000000000000e+00
5.903220921754837036e-02,4.438851028680801392e-03,1.464369997847825289e-04,0.000000000000000000e+00,0.000000000000000000e+00
6.413524597883224487e-02,5.375780165195465088e-03,1.037744586938060820e-04,0.000000000000000000e+00,0.000000000000000000e+00
6.974715739488601685e-02,5.831642076373100281e-03,1.143073750426992774e-04,0.000000000000000000e+00,0.000000000000000000e+00
7.377614825963973999e-02,6.380254402756690979e-03,9.973604755941778421e-05,0.000000000000000000e+00,0.000000000000000000e+00
8.501475304365158081e-02,7.374793291091918945e-03,1.126681963796727359e-04,0.000000000000000000e+00,0.000000000000000000e+00
4.820108413696289062e-02,3.917582333087921143e-03,9.025262261275202036e-05,0.000000000000000000e+00,0.000000000000000000e+00
5.883296579122543335e-02,4.856399260461330414e-03,1.026897225528955460e-04,0.000000000000000000e+00,0.000000000000000000e+00
5.770855396986007690e-02,4.617721308022737503e-03,1.153134362539276481e-04,0.000000000000000000e+00,0.000000000000000000e+00
5.782670527696609497e-02,4.723524674773216248e-03,1.059145870385691524e-04,0.000000000000000000e+00,0.000000000000000000e+00
5.817074328660964966e-02,4.947564564645290375e-03,8.695095311850309372e-05,0.000000000000000000e+00,0.000000000000000000e+00
5.250342562794685364e-02,4.209563136100769043e-03,1.040779461618512869e-04,0.000000000000000000e+00,0.000000000000000000e+00
1.632114648818969727e-01,1.541008614003658295e-02,9.110604150919243693e-05,0.000000000000000000e+00,0.000000000000000000e+00
1.058423966169357300e-01,9.515431709587574005e-03,1.068808342097327113e-04,0.000000000000000000e+00,0.000000000000000000e+00
5.789366364479064941e-02,4.757391288876533508e-03,1.031975116347894073e-04,0.000000000000000000e+00,0.000000000000000000e+00
9.345778077840805054e-02,8.336184546351432800e-03,1.009592961054295301e-04,0.000000000000000000e+00,0.000000000000000000e+00
6.265237182378768921e-02,5.174415651708841324e-03,1.090821460820734501e-04,0.000000000000000000e+00,0.000000000000000000e+00
9.976396709680557251e-02,8.838531561195850372e-03,1.137865183409303427e-04,0.000000000000000000e+00,0.000000000000000000e+00
8.979752659797668457e-02,8.046207949519157410e-03,9.335440699942409992e-05,0.000000000000000000e+00,0.000000000000000000e+00
5.509142205119132996e-02,4.456884693354368210e-03,1.052257284754887223e-04,0.000000000000000000e+00,0.000000000000000000e+00
5.398648232221603394e-02,4.337736405432224274e-03,1.060912181856110692e-04,0.000000000000000000e+00,0.000000000000000000e+00
5.147668719291687012e-02,4.030197393149137497e-03,1.117471256293356419e-04,0.000000000000000000e+00,0.000000000000000000e+00
4.457210004329681396e-02,3.482182975858449936e-03,9.750270692165941000e-05,0.000000000000000000e+00,0.000000000000000000e+00
1.177445948123931885e-01,1.073785126209259033e-02,1.036607864079996943e-04,0.000000000000000000e+00,0.000000000000000000e+00
6.398669630289077759e-02,5.321429111063480377e-03,1.077240958693437278e-04,0.000000000000000000e+00,0.000000000000000000e+00
6.293419003486633301e-02,5.109925754368305206e-03,1.183493150165304542e-04,0.000000000000000000e+00,0.000000000000000000e+00
6.448238343000411987e-02,5.347798578441143036e-03,1.100439258152619004e-04,0.000000000000000000e+00,0.000000000000000000e+00
6.959657371044158936e-02,5.928731989115476608e-03,1.030925341183319688e-04,0.000000000000000000e+00,0.000000000000000000e+00
8.857819437980651855e-02,7.875287905335426331e-03,9.825317829381674528e-05,0.000000000000000000e+00,0.000000000000000000e+00
2.287436872720718384e-01,2.193031646311283112e-02,9.440521534997969866e-05,0.000000000000000000e+00,0.000000000000000000e+00
5.987862125039100647e-02,4.951266106218099594e-03,1.036595931509509683e-04,0.000000000000000000e+00,0.000000000000000000e+00
5.781228095293045044e-02,4.569746553897857666e-03,1.211481503560207784e-04,0.000000000000000000e+00,0.000000000000000000e+00
4.315913841128349304e-02,3.302524797618389130e-03,1.013388973660767078e-04,0.000000000000000000e+00,0.000000000000000000e+00
6.890389323234558105e-02,5.732235033065080643e-03,1.158154773293063045e-04,0.000000000000000000e+00,0.000000000000000000e+00
6.913728266954421997e-02,5.720656365156173706e-03,1.193071948364377022e-04,0.000000000000000000e+00,0.000000000000000000e+00
7.994727045297622681e-02,7.092035375535488129e-03,9.026916814036667347e-05,0.000000000000000000e+00,0.000000000000000000e+00
8.636502176523208618e-02,7.618460804224014282e-03,1.018041657516732812e-04,0.000000000000000000e+00,0.000000000000000000e+00
1.302582472562789917e-01,1.202137768268585205e-02,1.004446385195478797e-04,0.000000000000000000e+00,0.000000000000000000e+00
5.284896120429039001e-02,4.080991726368665695e-03,1.203904321300797164e-04,0.000000000000000000e+00,0.000000000000000000e+00
6.713127344846725464e-02,5.378765519708395004e-03,1.334362023044377565e-04,0.000000000000000000e+00,0.000000000000000000e+00
7.491753995418548584e-02,6.350130308419466019e-03,1.141623797593638301e-04,0.000000000000000000e+00,0.000000000000000000e+00
5.604623630642890930e-02,4.061242099851369858e-03,1.543381367810070515e-04,0.000000000000000000e+00,0.000000000000000000e+00
1.597785949707031250e-01,1.468083076179027557e-02,1.297028502449393272e-04,0.000000000000000000e+00,0.000000000000000000e+00
5.967681109905242920e-02,4.727904684841632843e-03,1.239776611328125000e-04,0.000000000000000000e+00,0.000000000000000000e+00
6.830344349145889282e-02,5.685003008693456650e-03,1.145341520896181464e-04,0.000000000000000000e+00,0.000000000000000000e+00
7.418151199817657471e-02,6.336024031043052673e-03,1.082127128029242158e-04,0.000000000000000000e+00,0.000000000000000000e+00
5.404723808169364929e-02,4.417578689754009247e-03,9.871450311038643122e-05,0.000000000000000000e+00,0.000000000000000000e+00
5.349009856581687927e-02,4.377234727144241333e-03,9.717752254800871015e-05,0.000000000000000000e+00,0.000000000000000000e+00
1.273041367530822754e-01,1.170982886105775833e-02,1.020585186779499054e-04,0.000000000000000000e+00,0.000000000000000000e+00
8.080632239580154419e-02,7.103449665009975433e-03,9.771824989002197981e-05,0.000000000000000000e+00,0.000000000000000000e+00
5.834500864148139954e-02,4.948741756379604340e-03,8.857590000843629241e-05,0.000000000000000000e+00,0.000000000000000000e+00
6.364006549119949341e-02,5.389754660427570343e-03,9.742518886923789978e-05,0.000000000000000000e+00,0.000000000000000000e+00
6.027187407016754150e-02,5.171086173504590988e-03,8.561013237340375781e-05,0.000000000000000000e+00,0.000000000000000000e+00
8.386730402708053589e-02,7.358246482908725739e-03,1.028484402922913432e-04,0.000000000000000000e+00,0.000000000000000000e+00
4.612151160836219788e-02,3.783709835261106491e-03,8.284412615466862917e-05,0.000000000000000000e+00,0.000000000000000000e+00
5.343828350305557251e-02,4.424618091434240341e-03,9.192101424559950829e-05,0.000000000000000000e+00,0.000000000000000000e+00
6.066554784774780273e-02,5.130175035446882248e-03,9.363795106764882803e-05,0.000000000000000000e+00,0.000000000000000000e+00
2.174930870532989502e-01,2.089778520166873932e-02,8.515236550010740757e-05,0.000000000000000000e+00,0.000000000000000000e+00
7.293874770402908325e-02,6.240067537873983383e-03,1.053807282005436718e-04,0.000000000000000000e+00,0.000000000000000000e+00
6.025801599025726318e-02,5.152840632945299149e-03,8.729610999580472708e-05,0.000000000000000000e+00,0.000000000000000000e+00
4.784023389220237732e-02,3.854187903925776482e-03,9.298354416387155652e-05,0.000000000000000000e+00,0.000000000000000000e+00
6.421449780464172363e-02,5.454188212752342224e-03,9.672615851741284132e-05,0.000000000000000000e+00,0.000000000000000000e+00
6.345015764236450195e-02,5.428606644272804260e-03,9.164087532553821802e-05,0.000000000000000000e+00,0.000000000000000000e+00
4.821648076176643372e-02,3.878765273839235306e-03,9.428829071111977100e-05,0.000000000000000000e+00,0.000000000000000000e+00
5.901638790965080261e-02,4.960123915225267410e-03,9.415150998393073678e-05,0.000000000000000000e+00,0.000000000000000000e+00
8.880735188722610474e-02,8.067904971539974213e-03,8.128299668896943331e-05,0.000000000000000000e+00,0.000000000000000000e+00
5.119287222623825073e-02,4.377850331366062164e-03,7.414368883473798633e-05,0.000000000000000000e+00,0.000000000000000000e+00
7.944098114967346191e-02,7.137559354305267334e-03,8.065385918598622084e-05,0.000000000000000000e+00,0.000000000000000000e+00
7.928428053855895996e-02,7.049185689538717270e-03,8.792421431280672550e-05,0.000000000000000000e+00,0.000000000000000000e+00
8.281163126230239868e-02,7.346983999013900757e-03,9.341789700556546450e-05,0.000000000000000000e+00,0.000000000000000000e+00
9.428287297487258911e-02,8.233500644564628601e-03,1.194786163978278637e-04,0.000000000000000000e+00,0.000000000000000000e+00
6.164915114641189575e-02,4.677146207541227341e-03,1.487768895458430052e-04,0.000000000000000000e+00,0.000000000000000000e+00
7.569263130426406860e-02,5.910833831876516342e-03,1.658428955124691129e-04,0.000000000000000000e+00,0.000000000000000000e+00
5.185969918966293335e-02,3.785151522606611252e-03,1.400818146066740155e-04,0.000000000000000000e+00,0.000000000000000000e+00
6.901457905769348145e-02,5.629396066069602966e-03,1.272062072530388832e-04,0.000000000000000000e+00,0.000000000000000000e+00
6.172149628400802612e-02,5.141920875757932663e-03,1.030228595482185483e-04,0.000000000000000000e+00,0.000000000000000000e+00
6.179472804069519043e-02,4.928937181830406189e-03,1.250535424333065748e-04,0.000000000000000000e+00,0.000000000000000000e+00
5.219452455639839172e-02,4.044766072183847427e-03,1.174686476588249207e-04,0.000000000000000000e+00,0.000000000000000000e+00
7.028748095035552979e-02,6.015954073518514633e-03,1.012793509289622307e-04,0.000000000000000000e+00,0.000000000000000000e+00
1.072801053524017334e-01,9.713378734886646271e-03,1.014632071019150317e-04,0.000000000000000000e+00,0.000000000000000000e+00
5.569031089544296265e-02,4.355004988610744476e-03,1.214025905937887728e-04,0.000000000000000000e+00,0.000000000000000000e+00
8.021572977304458618e-02,7.085348945111036301e-03,9.362244600197300315e-05,0.000000000000000000e+00,0.000000000000000000e+00
6.480675190687179565e-02,5.584637634456157684e-03,8.960370905697345734e-05,0.000000000000000000e+00,0.000000000000000000e+00
1.772366464138031006e-01,1.675499789416790009e-02,9.686662815511226654e-05,0.000000000000000000e+00,0.000000000000000000e+00
6.835347414016723633e-02,5.439952015876770020e-03,1.395395665895193815e-04,0.000000000000000000e+00,0.000000000000000000e+00
6.315007060766220093e-02,4.879112355411052704e-03,1.435894228052347898e-04,0.000000000000000000e+00,0.000000000000000000e+00
9.320133924484252930e-02,7.908704690635204315e-03,1.411429257132112980e-04,0.000000000000000000e+00,0.000000000000000000e+00
5.531607195734977722e-02,4.003195557743310928e-03,1.528411812614649534e-04,0.000000000000000000e+00,0.000000000000000000e+00
6.831201910972595215e-02,5.571149289608001709e-03,1.260052813449874520e-04,0.000000000000000000e+00,0.000000000000000000e+00
5.907996743917465210e-02,4.725098609924316406e-03,1.182898122351616621e-04,0.000000000000000000e+00,0.000000000000000000e+00
6.939771771430969238e-02,5.924652330577373505e-03,1.015119341900572181e-04,0.000000000000000000e+00,0.000000000000000000e+00
7.907329499721527100e-02,6.984232924878597260e-03,9.230965224560350180e-05,0.000000000000000000e+00,0.000000000000000000e+00
6.984169781208038330e-02,6.112732924520969391e-03,8.714370778761804104e-05,0.000000000000000000e+00,0.000000000000000000e+00
6.798316538333892822e-02,6.005401723086833954e-03,7.929142157081514597e-05,0.000000000000000000e+00,0.000000000000000000e+00
4.702281206846237183e-02,3.789884038269519806e-03,9.123972995439544320e-05,0.000000000000000000e+00,0.000000000000000000e+00
9.874737262725830078e-02,8.897723630070686340e-03,9.770138422027230263e-05,0.000000000000000000e+00,0.000000000000000000e+00
2.556603252887725830e-01,2.480743639171123505e-02,7.585967978229746222e-05,0.000000000000000000e+00,0.000000000000000000e+00
4.749445617198944092e-02,3.605871461331844330e-03,1.143574118032120168e-04,0.000000000000000000e+00,0.000000000000000000e+00
7.748696953058242798e-02,6.449676584452390671e-03,1.299020514125004411e-04,0.000000000000000000e+00,0.000000000000000000e+00
1.383297890424728394e-01,1.258795242756605148e-02,1.245026796823367476e-04,0.000000000000000000e+00,0.000000000000000000e+00
1.805312931537628174e-01,1.696099713444709778e-02,1.092132515623234212e-04,0.000000000000000000e+00,0.000000000000000000e+00
5.736630782485008240e-02,4.144363570958375931e-03,1.592267362866550684e-04,0.000000000000000000e+00,0.000000000000000000e+00
5.510433763265609741e-02,4.080767743289470673e-03,1.429666008334606886e-04,0.000000000000000000e+00,0.000000000000000000e+00
7.824032008647918701e-02,6.501909811049699783e-03,1.322121825069189072e-04,0.000000000000000000e+00,0.000000000000000000e+00
7.647566497325897217e-02,5.985473282635211945e-03,1.662093563936650753e-04,0.000000000000000000e+00,0.000000000000000000e+00
6.940394639968872070e-02,5.586336366832256317e-03,1.354058040305972099e-04,0.000000000000000000e+00,0.000000000000000000e+00
6.177276745438575745e-02,5.107199773192405701e-03,1.070076978066936135e-04,0.000000000000000000e+00,0.000000000000000000e+00
6.309202313423156738e-02,5.177010316401720047e-03,1.132192264776676893e-04,0.000000000000000000e+00,0.000000000000000000e+00
5.647302418947219849e-02,4.470854997634887695e-03,1.176447622128762305e-04,0.000000000000000000e+00,0.000000000000000000e+00
7.369852811098098755e-02,6.191821303218603134e-03,1.178031525341793895e-04,0.000000000000000000e+00,0.000000000000000000e+00
4.479144886136054993e-02,3.398355795070528984e-03,1.080789079423993826e-04,0.000000000000000000e+00,0.000000000000000000e+00
7.050292193889617920e-02,6.087251938879489899e-03,9.630405111238360405e-05,0.000000000000000000e+00,0.000000000000000000e+00
6.367284804582595825e-02,5.330977030098438263e-03,1.036307658068835735e-04,0.000000000000000000e+00,0.000000000000000000e+00
1.769649684429168701e-01,1.670017652213573456e-02,9.963201591745018959e-05,0.000000000000000000e+00,0.000000000000000000e+00
7.559666782617568970e-02,6.442912854254245758e-03,1.116754428949207067e-04,0.000000000000000000e+00,0.000000000000000000e+00
1.100316047668457031e-01,9.822942316532135010e-03,1.180218532681465149e-04,0.000000000000000000e+00,0.000000000000000000e+00
7.106107473373413086e-02,5.969594232738018036e-03,1.136512873927131295e-04,0.000000000000000000e+00,0.000000000000000000e+00
8.649925142526626587e-02,7.555409800261259079e-03,1.094515682780183852e-04,0.000000000000000000e+00,0.000000000000000000e+00
4.885258153080940247e-02,3.848916385322809219e-03,1.036341855069622397e-04,0.000000000000000000e+00,0.000000000000000000e+00
6.322688609361648560e-02,5.366471596062183380e-03,9.562173363519832492e-05,0.000000000000000000e+00,0.000000000000000000e+00
7.278458774089813232e-02,6.263675168156623840e-03,1.014784065773710608e-04,0.000000000000000000e+00,0.000000000000000000e+00
4.768148064613342285e-02,3.740591462701559067e-03,1.027556645567528903e-04,0.000000000000000000e+00,0.000000000000000000e+00
5.879015102982521057e-02,4.838593304157257080e-03,1.040421702782623470e-04,0.000000000000000000e+00,0.000000000000000000e+00
5.457918345928192139e-02,4.528335761278867722e-03,9.295826748711988330e-05,0.000000000000000000e+00,0.000000000000000000e+00
5.430630594491958618e-02,4.479497671127319336e-03,9.511330426903441548e-05,0.000000000000000000e+00,0.000000000000000000e+00
5.623272433876991272e-02,4.709783941507339478e-03,9.134884749073535204e-05,0.000000000000000000e+00,0.000000000000000000e+00
7.175032049417495728e-02,6.401766091585159302e-03,7.732658559689298272e-05,0.000000000000000000e+00,0.000000000000000000e+00
1.492095738649368286e-01,1.397741213440895081e-02,9.435456013306975365e-05,0.000000000000000000e+00,0.000000000000000000e+00
6.509269773960113525e-02,5.386661272495985031e-03,1.122608809964731336e-04,0.000000000000000000e+00,0.000000000000000000e+00
6.068502366542816162e-02,4.783679731190204620e-03,1.284822938032448292e-04,0.000000000000000000e+00,0.000000000000000000e+00
1.257929503917694092e-01,1.132178865373134613e-02,1.257506082765758038e-04,0.000000000000000000e+00,0.000000000000000000e+00
9.976093471050262451e-02,8.821906521916389465e-03,1.154186975327320397e-04,0.000000000000000000e+00,0.000000000000000000e+00
7.545883208513259888e-02,6.391006521880626678e-03,1.154876372311264277e-04,0.000000000000000000e+00,0.000000000000000000e+00
5.179822444915771484e-02,4.248565994203090668e-03,9.312564361607655883e-05,0.000000000000000000e+00,0.000000000000000000e+00
5.243968591094017029e-02,4.203629214316606522e-03,1.040339338942430913e-04,0.000000000000000000e+00,0.000000000000000000e+00
9.424939006567001343e-02,8.343849331140518188e-03,1.081089503713883460e-04,0.000000000000000000e+00,0.000000000000000000e+00
5.799264460802078247e-02,4.725893959403038025e-03,1.073370513040572405e-04,0.000000000000000000e+00,0.000000000000000000e+00
4.988431930541992188e-02,3.753243945538997650e-03,1.235187810380011797e-04,0.000000000000000000e+00,0.000000000000000000e+00
5.228490754961967468e-02,4.106995649635791779e-03,1.121495370171032846e-04,0.000000000000000000e+00,0.000000000000000000e+00
1.643786132335662842e-01,1.547867339104413986e-02,9.591876005288213491e-05,0.000000000000000000e+00,0.000000000000000000e+00
4.332853853702545166e-02,3.444042522460222244e-03,8.888114098226651549e-05,0.000000000000000000e+00,0.000000000000000000e+00
5.146101489663124084e-02,4.095904994755983353e-03,1.050196588039398193e-04,0.000000000000000000e+00,0.000000000000000000e+00
5.616676807403564453e-02,4.642772488296031952e-03,9.739041706779971719e-05,0.000000000000000000e+00,0.000000000000000000e+00
4.083667695522308350e-02,3.105950541794300079e-03,9.777170635061338544e-05,0.000000000000000000e+00,0.000000000000000000e+00
4.887814447283744812e-02,3.827231936156749725e-03,1.060582362697459757e-04,0.000000000000000000e+00,0.000000000000000000e+00
1.134416162967681885e-01,1.046444848179817200e-02,8.797129703452810645e-05,0.000000000000000000e+00,0.000000000000000000e+00
5.307605117559432983e-02,4.513088613748550415e-03,7.945164543343707919e-05,0.000000000000000000e+00,0.000000000000000000e+00
5.396231636404991150e-02,4.521772265434265137e-03,8.744592923903837800e-05,0.000000000000000000e+00,0.000000000000000000e+00
5.231487378478050232e-02,4.361603409051895142e-03,8.698838792042806745e-05,0.000000000000000000e+00,0.000000000000000000e+00
5.350367724895477295e-02,4.532723687589168549e-03,8.176440314855426550e-05,0.000000000000000000e+00,0.000000000000000000e+00
5.827234312891960144e-02,4.930958151817321777e-03,8.962761785369366407e-05,0.000000000000000000e+00,0.000000000000000000e+00
6.985176354646682739e-02,6.156368181109428406e-03,8.288081153295934200e-05,0.000000000000000000e+00,0.000000000000000000e+00
1.347875595092773438e-01,1.249888446182012558e-02,9.798714017961174250e-05,0.000000000000000000e+00,0.000000000000000000e+00
5.436480045318603516e-02,4.529052414000034332e-03,9.074276022147387266e-05,0.000000000000000000e+00,0.000000000000000000e+00
1.044982969760894775e-01,9.458226151764392853e-03,9.916034468915313482e-05,0.000000000000000000e+00,0.000000000000000000e+00
5.095413327217102051e-02,4.062601830810308456e-03,1.032811342156492174e-04,0.000000000000000000e+00,0.000000000000000000e+00
5.329941958189010620e-02,4.192389547824859619e-03,1.137552389991469681e-04,0.000000000000000000e+00,0.000000000000000000e+00
8.415864408016204834e-02,7.374176755547523499e-03,1.041688010445795953e-04,0.000000000000000000e+00,0.000000000000000000e+00
5.115136876702308655e-02,4.025749862194061279e-03,1.089387078536674380e-04,0.000000000000000000e+00,0.000000000000000000e+00
6.074457243084907532e-02,5.171251017600297928e-03,9.032063826452940702e-05,0.000000000000000000e+00,0.000000000000000000e+00
5.470810830593109131e-02,4.574080463498830795e-03,8.967301982920616865e-05,0.000000000000000000e+00,0.000000000000000000e+00
5.900219827890396118e-02,4.996745847165584564e-03,9.034737740876153111e-05,0.000000000000000000e+00,0.000000000000000000e+00
1.725616455078125000e-01,1.624224148690700531e-02,1.013923465507104993e-04,0.000000000000000000e+00,0.000000000000000000e+00
5.067232996225357056e-02,4.085168708115816116e-03,9.820641571423038840e-05,0.000000000000000000e+00,0.000000000000000000e+00
1.146754547953605652e-01,1.057390589267015457e-02,8.936396625358611345e-05,0.000000000000000000e+00,0.000000000000000000e+00
4.966939613223075867e-02,4.071136005222797394e-03,8.958036778494715691e-05,0.000000000000000000e+00,0.000000000000000000e+00
4.971385002136230469e-02,4.005198832601308823e-03,9.661861258791759610e-05,0.000000000000000000e+00,0.000000000000000000e+00
5.483872815966606140e-02,4.641005769371986389e-03,8.428671571891754866e-05,0.000000000000000000e+00,0.000000000000000000e+00
5.893946439027786255e-02,5.068461410701274872e-03,8.254850399680435658e-05,0.000000000000000000e+00,0.000000000000000000e+00
4.698215797543525696e-02,3.718214808031916618e-03,9.800010593608021736e-05,0.000000000000000000e+00,0.000000000000000000e+00
4.246637225151062012e-02,3.443359863013029099e-03,8.032770710997283459e-05,0.000000000000000000e+00,0.000000000000000000e+00
5.253515392541885376e-02,4.507027566432952881e-03,7.464877126039937139e-05,0.000000000000000000e+00,0.000000000000000000e+00
6.121017783880233765e-02,5.217986647039651871e-03,9.030310320667922497e-05,0.000000000000000000e+00,0.000000000000000000e+00
1.662197560071945190e-01,1.579916663467884064e-02,8.228087244788184762e-05,0.000000000000000000e+00,0.000000000000000000e+00
6.341093033552169800e-02,5.395434796810150146e-03,9.456582483835518360e-05,0.000000000000000000e+00,0.000000000000000000e+00
1.316602826118469238e-01,1.228714454919099808e-02,8.788838749751448631e-05,0.000000000000000000e+00,0.000000000000000000e+00
7.804591953754425049e-02,6.854791194200515747e-03,9.498005238128826022e-05,0.000000000000000000e+00,0.000000000000000000e+00
5.729644000530242920e-02,4.671966657042503357e-03,1.057677509379573166e-04,0.000000000000000000e+00,0.000000000000000000e+00
4.678730294108390808e-02,3.681825939565896988e-03,9.969044185709208250e-05,0.000000000000000000e+00,0.000000000000000000e+00
6.735586374998092651e-02,5.796744488179683685e-03,9.388419857714325190e-05,0.000000000000000000e+00,0.000000000000000000e+00
5.241322144865989685e-02,4.441002849489450455e-03,8.003193943295627832e-05,0.000000000000000000e+00,0.000000000000000000e+00
4.979225620627403259e-02,4.226427525281906128e-03,7.527982234023511410e-05,0.000000000000000000e+00,0.000000000000000000e+00
7.805899530649185181e-02,6.991778034716844559e-03,8.141211583279073238e-05,0.000000000000000000e+00,0.000000000000000000e+00
9.763640910387039185e-02,8.825642988085746765e-03,9.379975381307303905e-05,0.000000000000000000e+00,0.000000000000000000e+00
4.900261759757995605e-02,4.043414257466793060e-03,8.568471093894913793e-05,0.000000000000000000e+00,0.000000000000000000e+00
5.494377762079238892e-02,4.670964553952217102e-03,8.234129927586764097e-05,0.000000000000000000e+00,0.000000000000000000e+00
4.193479567766189575e-02,3.267554566264152527e-03,9.259249054593965411e-05,0.000000000000000000e+00,0.000000000000000000e+00
4.943914338946342468e-02,3.920231945812702179e-03,1.023682561935856938e-04,0.000000000000000000e+00,0.000000000000000000e+00
8.540195971727371216e-02,7.616806775331497192e-03,9.233891614712774754e-05,0.000000000000000000e+00,0.000000000000000000e+00
1.315781474113464355e-01,1.211623754352331161e-02,1.041576833813451231e-04,0.000000000000000000e+00,0.000000000000000000e+00
6.108044087886810303e-02,4.758308175951242447e-03,1.349736121483147144e-04,0.000000000000000000e+00,0.000000000000000000e+00
6.629280745983123779e-02,5.463751032948493958e-03,1.165529611171223223e-04,0.000000000000000000e+00,0.000000000000000000e+00
6.001080200076103210e-02,4.717167466878890991e-03,1.283912715734913945e-04,0.000000000000000000e+00,0.000000000000000000e+00
6.746573746204376221e-02,5.644625984132289886e-03,1.101947273127734661e-04,0.000000000000000000e+00,0.000000000000000000e+00
5.673795938491821289e-02,4.623780027031898499e-03,1.050016144290566444e-04,0.000000000000000000e+00,0.000000000000000000e+00
5.367168411612510681e-02,4.456996917724609375e-03,9.101715841097757220e-05,0.000000000000000000e+00,0.000000000000000000e+00
8.719288557767868042e-02,7.909826003015041351e-03,8.094622171483933926e-05,0.000000000000000000e+00,0.000000000000000000e+00
4.890015721321105957e-02,3.971782512962818146e-03,9.182331996271386743e-05,0.000000000000000000e+00,0.000000000000000000e+00
1.082675680518150330e-01,9.936470538377761841e-03,8.902860281523317099e-05,0.000000000000000000e+00,0.000000000000000000e+00
1.776433736085891724e-01,1.682320609688758850e-02,9.411315841134637594e-05,0.000000000000000000e+00,0.000000000000000000e+00
4.973110929131507874e-02,4.199593793600797653e-03,7.735171675449237227e-05,0.000000000000000000e+00,0.000000000000000000e+00
6.249722093343734741e-02,5.339399911463260651e-03,9.103222691919654608e-05,0.000000000000000000e+00,0.000000000000000000e+00
4.654636234045028687e-02,3.746206173673272133e-03,9.084300836548209190e-05,0.000000000000000000e+00,0.000000000000000000e+00
5.260165408253669739e-02,4.274868406355381012e-03,9.852972289081662893e-05,0.000000000000000000e+00,0.000000000000000000e+00
6.624270975589752197e-02,5.567098967730998993e-03,1.057171612046658993e-04,0.000000000000000000e+00,0.000000000000000000e+00
5.180471390485763550e-02,4.246402997523546219e-03,9.340685937786474824e-05,0.000000000000000000e+00,0.000000000000000000e+00
8.089777082204818726e-02,7.137582171708345413e-03,9.521946776658296585e-05,0.000000000000000000e+00,0.000000000000000000e+00
5.060493946075439453e-02,4.095677286386489868e-03,9.648165723774582148e-05,0.000000000000000000e+00,0.000000000000000000e+00
6.913565099239349365e-02,6.007780320942401886e-03,9.057851275429129601e-05,0.000000000000000000e+00,0.000000000000000000e+00
5.098991096019744873e-02,4.246746655553579330e-03,8.522445568814873695e-05,0.000000000000000000e+00,0.000000000000000000e+00
6.141733005642890930e-02,5.250813439488410950e-03,8.909194730222225189e-05,0.000000000000000000e+00,0.000000000000000000e+00
4.774417728185653687e-02,3.969849087297916412e-03,8.045687718549743295e-05,0.000000000000000000e+00,0.000000000000000000e+00
5.727249011397361755e-02,4.996801726520061493e-03,7.304472092073410749e-05,0.000000000000000000e+00,0.000000000000000000e+00
6.798900663852691650e-02,6.024392321705818176e-03,7.745085167698562145e-05,0.000000000000000000e+00,0.000000000000000000e+00
4.453573375940322876e-02,3.741366788744926453e-03,7.122067472664639354e-05,0.000000000000000000e+00,0.000000000000000000e+00
6.621535867452621460e-02,5.782563239336013794e-03,8.389729191549122334e-05,0.000000000000000000e+00,0.000000000000000000e+00
1.265967935323715210e-01,1.196218095719814301e-02,6.974981806706637144e-05,0.000000000000000000e+00,0.000000000000000000e+00
1.136499494314193726e-01,1.045290660113096237e-02,9.120879985857754946e-05,0.000000000000000000e+00,0.000000000000000000e+00
1.456393897533416748e-01,1.361973024904727936e-02,9.442091686651110649e-05,0.000000000000000000e+00,0.000000000000000000e+00
6.733365356922149658e-02,5.681842099875211716e-03,1.051523213391192257e-04,0.000000000000000000e+00,0.000000000000000000e+00
4.777737706899642944e-02,3.549816086888313293e-03,1.227921457029879093e-04,0.000000000000000000e+00,0.000000000000000000e+00
1.949019432067871094e-01,1.834516413509845734e-02,1.145030764746479690e-04,0.000000000000000000e+00,0.000000000000000000e+00
5.203634500503540039e-02,3.866864833980798721e-03,1.336769782938063145e-04,0.000000000000000000e+00,0.000000000000000000e+00
1.715983599424362183e-01,1.579909771680831909e-02,1.360737951472401619e-04,0.000000000000000000e+00,0.000000000000000000e+00
6.630270183086395264e-02,5.265065468847751617e-03,1.365204516332596540e-04,0.000000000000000000e+00,0.000000000000000000e+00
6.618979573249816895e-02,5.253683775663375854e-03,1.365295611321926117e-04,0.000000000000000000e+00,0.000000000000000000e+00
5.245773866772651672e-02,3.970377147197723389e-03,1.275396789424121380e-04,0.000000000000000000e+00,0.000000000000000000e+00
4.893699288368225098e-02,3.806190565228462219e-03,1.087508571799844503e-04,0.000000000000000000e+00,0.000000000000000000e+00
4.706194996833801270e-02,3.631550120189785957e-03,1.074644969776272774e-04,0.000000000000000000e+00,0.000000000000000000e+00
5.115525051951408386e-02,4.215332679450511932e-03,9.001922444440424442e-05,0.000000000000000000e+00,0.000000000000000000e+00
5.990535393357276917e-02,4.721702076494693756e-03,1.268833584617823362e-04,0.000000000000000000e+00,0.000000000000000000e+00
5.196459591388702393e-02,4.212885163724422455e-03,9.835742093855515122e-05,0.000000000000000000e+00,0.000000000000000000e+00
4.696229845285415649e-02,3.807176370173692703e-03,8.890536264516413212e-05,0.000000000000000000e+00,0.000000000000000000e+00
7.295305281877517700e-02,6.483160890638828278e-03,8.121445716824382544e-05,0.000000000000000000e+00,0.000000000000000000e+00
4.916661977767944336e-02,3.989039454609155655e-03,9.276225318899378181e-05,0.000000000000000000e+00,0.000000000000000000e+00
4.901752248406410217e-02,3.967387601733207703e-03,9.343646524939686060e-05,0.000000000000000000e+00,0.000000000000000000e+00
5.631008744239807129e-02,4.583058878779411316e-03,1.047949917847290635e-04,0.000000000000000000e+00,0.000000000000000000e+00
9.510328620672225952e-02,8.526394143700599670e-03,9.839351696427911520e-05,0.000000000000000000e+00,0.000000000000000000e+00
5.769640579819679260e-02,4.581571556627750397e-03,1.188069290947169065e-04,0.000000000000000000e+00,0.000000000000000000e+00
5.793242901563644409e-02,4.954158794134855270e-03,8.390840230276808143e-05,0.000000000000000000e+00,0.000000000000000000e+00
1.029078215360641479e-01,9.397355839610099792e-03,8.934259676607325673e-05,0.000000000000000000e+00,0.000000000000000000e+00
5.704788491129875183e-02,4.833561368286609650e-03,8.712273120181635022e-05,0.000000000000000000e+00,0.000000000000000000e+00
5.406866967678070068e-02,4.549309611320495605e-03,8.575572428526356816e-05,0.000000000000000000e+00,0.000000000000000000e+00
9.529895335435867310e-02,8.638855069875717163e-03,8.910399628803133965e-05,0.000000000000000000e+00,0.000000000000000000e+00
6.309684365987777710e-02,5.498209968209266663e-03,8.114746015053242445e-05,0.000000000000000000e+00,0.000000000000000000e+00
8.764922618865966797e-02,7.989211007952690125e-03,7.757113780826330185e-05,0.000000000000000000e+00,0.000000000000000000e+00
7.467171549797058105e-02,6.520209368318319321e-03,9.469620999880135059e-05,0.000000000000000000e+00,0.000000000000000000e+00
7.052186876535415649e-02,5.871862638741731644e-03,1.180324034066870809e-04,0.000000000000000000e+00,0.000000000000000000e+00
6.326650083065032959e-02,5.053156986832618713e-03,1.273493253393098712e-04,0.000000000000000000e+00,0.000000000000000000e+00
4.816340655088424683e-02,3.791023045778274536e-03,1.025317760650068521e-04,0.000000000000000000e+00,0.000000000000000000e+00
4.548615217208862305e-02,3.355543827638030052e-03,1.193071730085648596e-04,0.000000000000000000e+00,0.000000000000000000e+00
6.249997392296791077e-02,5.248823668807744980e-03,1.001173513941466808e-04,0.000000000000000000e+00,0.000000000000000000e+00
6.847997009754180908e-02,5.673086270689964294e-03,1.174910939880646765e-04,0.000000000000000000e+00,0.000000000000000000e+00
5.279329419136047363e-02,4.434875212609767914e-03,8.444540435448288918e-05,0.000000000000000000e+00,0.000000000000000000e+00
1.692888587713241577e-01,1.605203747749328613e-02,8.768482075538486242e-05,0.000000000000000000e+00,0.000000000000000000e+00
4.814726486802101135e-02,3.901883494108915329e-03,9.128428791882470250e-05,0.000000000000000000e+00,0.000000000000000000e+00
5.078786239027976990e-02,4.199148155748844147e-03,8.796383917797356844e-05,0.000000000000000000e+00,0.000000000000000000e+00
5.285341292619705200e-02,4.346067085862159729e-03,9.392740321345627308e-05,0.000000000000000000e+00,0.000000000000000000e+00
9.417036920785903931e-02,8.528885431587696075e-03,8.881515532266348600e-05,0.000000000000000000e+00,0.000000000000000000e+00
5.269680544734001160e-02,4.457494243979454041e-03,8.121864084387198091e-05,0.000000000000000000e+00,0.000000000000000000e+00
4.130747914314270020e-02,3.323173616081476212e-03,8.075741789070889354e-05,0.000000000000000000e+00,0.000000000000000000e+00
5.962665379047393799e-02,5.155156366527080536e-03,8.075088408077135682e-05,0.000000000000000000e+00,0.000000000000000000e+00
6.784607470035552979e-02,5.829474423080682755e-03,9.551333641866222024e-05,0.000000000000000000e+00,0.000000000000000000e+00
5.844314023852348328e-02,5.101488437503576279e-03,7.428256503771990538e-05,0.000000000000000000e+00,0.000000000000000000e+00
2.618698775768280029e-01,2.540648728609085083e-02,7.805023778928443789e-05,0.000000000000000000e+00,0.000000000000000000e+00
3.816067427396774292e-02,3.016510512679815292e-03,7.995570194907486439e-05,0.000000000000000000e+00,0.000000000000000000e+00
8.176117390394210815e-02,7.253068964928388596e-03,9.230488649336621165e-05,0.000000000000000000e+00,0.000000000000000000e+00
7.306478917598724365e-02,6.476513575762510300e-03,8.299653563881292939e-05,0.000000000000000000e+00,0.000000000000000000e+00
4.926458746194839478e-02,3.952905535697937012e-03,9.735533967614173889e-05,0.000000000000000000e+00,0.000000000000000000e+00
9.465054422616958618e-02,8.613002486526966095e-03,8.520523260813206434e-05,0.000000000000000000e+00,0.000000000000000000e+00
1.150571629405021667e-01,1.043673790991306305e-02,1.068978672265075147e-04,0.000000000000000000e+00,0.000000000000000000e+00
2.192124873399734497e-01,2.110407687723636627e-02,8.171721128746867180e-05,0.000000000000000000e+00,0.000000000000000000e+00
5.510795861482620239e-02,4.370020702481269836e-03,1.140775057137943804e-04,0.000000000000000000e+00,0.000000000000000000e+00
5.170711502432823181e-02,4.197353497147560120e-03,9.733581100590527058e-05,0.000000000000000000e+00,0.000000000000000000e+00
4.769809544086456299e-02,3.762241220101714134e-03,1.007568280328996480e-04,0.000000000000000000e+00,0.000000000000000000e+00
5.592517554759979248e-02,4.548880271613597870e-03,1.043637021211907268e-04,0.000000000000000000e+00,0.000000000000000000e+00
5.754382908344268799e-02,4.900042433291673660e-03,8.543406875105574727e-05,0.000000000000000000e+00,0.000000000000000000e+00
5.537659674882888794e-02,4.574192687869071960e-03,9.634670277591794729e-05,0.000000000000000000e+00,0.000000000000000000e+00
5.752842500805854797e-02,4.852655343711376190e-03,9.001868602354079485e-05,0.000000000000000000e+00,0.000000000000000000e+00
5.800594389438629150e-02,4.834441933780908585e-03,9.661527292337268591e-05,0.000000000000000000e+00,0.000000000000000000e+00
5.777871236205101013e-02,4.901982843875885010e-03,8.758882904658094049e-05,0.000000000000000000e+00,0.000000000000000000e+00
5.093400552868843079e-02,4.303992725908756256e-03,7.894081500126048923e-05,0.000000000000000000e+00,0.000000000000000000e+00
4.859794676303863525e-02,4.079674370586872101e-03,7.801203173585236073e-05,0.000000000000000000e+00,0.000000000000000000e+00
7.021114975214004517e-02,6.272740196436643600e-03,7.483753870474174619e-05,0.000000000000000000e+00,0.000000000000000000e+00
4.792997986078262329e-02,3.809893038123846054e-03,9.831046918407082558e-05,0.000000000000000000e+00,0.000000000000000000e+00
1.570284068584442139e-01,1.491293683648109436e-02,7.899039337644353509e-05,0.000000000000000000e+00,0.000000000000000000e+00
5.110222846269607544e-02,4.205211531370878220e-03,9.050114022102206945e-05,0.000000000000000000e+00,0.000000000000000000e+00
5.165684968233108521e-02,4.199650138616561890e-03,9.660347132012248039e-05,0.000000000000000000e+00,0.000000000000000000e+00
9.495120495557785034e-02,8.413998410105705261e-03,1.081121663446538150e-04,0.000000000000000000e+00,0.000000000000000000e+00
7.430014014244079590e-02,6.374966818839311600e-03,1.055047177942469716e-04,0.000000000000000000e+00,0.000000000000000000e+00
4.805142432451248169e-02,3.819471457973122597e-03,9.856707038125023246e-05,0.000000000000000000e+00,0.000000000000000000e+00
7.702621817588806152e-02,6.676355376839637756e-03,1.026266909320838749e-04,0.000000000000000000e+00,0.000000000000000000e+00
7.446569204330444336e-02,6.564571056514978409e-03,8.819979120744392276e-05,0.000000000000000000e+00,0.000000000000000000e+00
5.294232070446014404e-02,4.409412853419780731e-03,8.848188736010342836e-05,0.000000000000000000e+00,0.000000000000000000e+00
5.728997290134429932e-02,4.896071739494800568e-03,8.329257252626121044e-05,0.000000000000000000e+00,0.000000000000000000e+00
5.893637984991073608e-02,4.835505038499832153e-03,1.058133129845373333e-04,0.000000000000000000e+00,0.000000000000000000e+00
4.604273289442062378e-02,3.827800508588552475e-03,7.764728798065334558e-05,0.000000000000000000e+00,0.000000000000000000e+00
4.947911947965621948e-02,4.183512181043624878e-03,7.643998833373188972e-05,0.000000000000000000e+00,0.000000000000000000e+00
6.730820983648300171e-02,5.927944555878639221e-03,8.028767479117959738e-05,0.000000000000000000e+00,0.000000000000000000e+00
5.737584829330444336e-02,4.837584216147661209e-03,9.000005957204848528e-05,0.000000000000000000e+00,0.000000000000000000e+00
8.374548703432083130e-02,7.425493095070123672e-03,9.490557567914947867e-05,0.000000000000000000e+00,0.000000000000000000e+00
5.059327930212020874e-02,4.189383238554000854e-03,8.699445606907829642e-05,0.000000000000000000e+00,0.000000000000000000e+00
4.018744826316833496e-02,3.141929395496845245e-03,8.768156840233132243e-05,0.000000000000000000e+00,0.000000000000000000e+00
4.050171002745628357e-02,3.282332327216863632e-03,7.678385009057819843e-05,0.000000000000000000e+00,0.000000000000000000e+00
6.108377501368522644e-02,5.301956087350845337e-03,8.064213034231215715e-05,0.000000000000000000e+00,0.000000000000000000e+00
5.031153932213783264e-02,4.263403825461864471e-03,7.677498069824650884e-05,0.000000000000000000e+00,0.000000000000000000e+00
6.046501547098159790e-02,5.302705802023410797e-03,7.437958265654742718e-05,0.000000000000000000e+00,0.000000000000000000e+00
4.254972189664840698e-02,3.496780060231685638e-03,7.581917452625930309e-05,0.000000000000000000e+00,0.000000000000000000e+00
1.350482851266860962e-01,1.264951191842556000e-02,8.553163206670433283e-05,0.000000000000000000e+00,0.000000000000000000e+00
4.664868861436843872e-02,3.957204520702362061e-03,7.076642214087769389e-05,0.000000000000000000e+00,0.000000000000000000e+00
7.254978269338607788e-02,6.500963121652603149e-03,7.540153455920517445e-05,0.000000000000000000e+00,0.000000000000000000e+00
4.673977196216583252e-02,4.041909705847501755e-03,6.320673855952918530e-05,0.000000000000000000e+00,0.000000000000000000e+00
5.109772831201553345e-02,4.216613247990608215e-03,8.931594493333250284e-05,0.000000000000000000e+00,0.000000000000000000e+00
6.253074109554290771e-02,5.481597036123275757e-03,7.714769890299066901e-05,0.000000000000000000e+00,0.000000000000000000e+00
4.661945626139640808e-02,3.838203148916363716e-03,8.237424481194466352e-05,0.000000000000000000e+00,0.000000000000000000e+00
6.768079847097396851e-02,5.945138633251190186e-03,8.229410741478204727e-05,0.000000000000000000e+00,0.000000000000000000e+00
2.605989575386047363e-01,2.528838254511356354e-02,7.715128595009446144e-05,0.000000000000000000e+00,0.000000000000000000e+00
5.987386032938957214e-02,5.078732967376708984e-03,9.086530189961194992e-05,0.000000000000000000e+00,0.000000000000000000e+00
6.048563122749328613e-02,5.170223768800497055e-03,8.783393423072993755e-05,0.000000000000000000e+00,0.000000000000000000e+00
4.870075359940528870e-02,4.075017757713794708e-03,7.950577128212898970e-05,0.000000000000000000e+00,0.000000000000000000e+00
1.814141273498535156e-01,1.734489202499389648e-02,7.965205440996214747e-05,0.000000000000000000e+00,0.000000000000000000e+00
7.875429838895797729e-02,7.060792762786149979e-03,8.146370237227529287e-05,0.000000000000000000e+00,0.000000000000000000e+00
4.631354287266731262e-02,3.804781939834356308e-03,8.265722863143309951e-05,0.000000000000000000e+00,0.000000000000000000e+00
4.501894861459732056e-02,3.622122807428240776e-03,8.797719783615320921e-05,0.000000000000000000e+00,0.000000000000000000e+00
6.854003667831420898e-02,6.026255432516336441e-03,8.277482265839353204e-05,0.000000000000000000e+00,0.000000000000000000e+00
4.600379616022109985e-02,3.814172931015491486e-03,7.862066559027880430e-05,0.000000000000000000e+00,0.000000000000000000e+00
1.168321073055267334e-01,1.085402444005012512e-02,8.291865378851071000e-05,0.000000000000000000e+00,0.000000000000000000e+00
5.237182974815368652e-02,4.343489650636911392e-03,8.936933591030538082e-05,0.000000000000000000e+00,0.000000000000000000e+00
5.041261762380599976e-02,4.171768203377723694e-03,8.694935968378558755e-05,0.000000000000000000e+00,0.000000000000000000e+00
8.273170888423919678e-02,7.460780441761016846e-03,8.123906445689499378e-05,0.000000000000000000e+00,0.000000000000000000e+00
5.904921144247055054e-02,4.953502677381038666e-03,9.514183329883962870e-05,0.000000000000000000e+00,0.000000000000000000e+00
7.373416423797607422e-02,6.615367252379655838e-03,7.580485544167459011e-05,0.000000000000000000e+00,0.000000000000000000e+00
5.234614387154579163e-02,4.443733021616935730e-03,7.908814586699008942e-05,0.000000000000000000e+00,0.000000000000000000e+00
3.703338652849197388e-02,3.010955639183521271e-03,6.923829641891643405e-05,0.000000000000000000e+00,0.000000000000000000e+00
5.080842971801757812e-02,4.149245563894510269e-03,9.315976058132946491e-05,0.000000000000000000e+00,0.000000000000000000e+00
5.438547581434249878e-02,4.530646372586488724e-03,9.079014125745743513e-05,0.000000000000000000e+00,0.000000000000000000e+00
1.324518471956253052e-01,1.244439929723739624e-02,8.007853466551750898e-05,0.000000000000000000e+00,0.000000000000000000e+00
4.894237592816352844e-02,4.297574982047080994e-03,5.966626486042514443e-05,0.000000000000000000e+00,0.000000000000000000e+00
5.122813954949378967e-02,4.431576002389192581e-03,6.912380194989964366e-05,0.000000000000000000e+00,0.000000000000000000e+00
4.915647581219673157e-02,4.175946116447448730e-03,7.397013541776686907e-05,0.000000000000000000e+00,0.000000000000000000e+00
1.327572017908096313e-01,1.247801724821329117e-02,7.977032510098069906e-05,0.000000000000000000e+00,0.000000000000000000e+00
3.623384237289428711e-02,2.875459846109151840e-03,7.479242049157619476e-05,0.000000000000000000e+00,0.000000000000000000e+00
4.592765495181083679e-02,3.781094681471586227e-03,8.116706158034503460e-05,0.000000000000000000e+00,0.000000000000000000e+00
4.456937313079833984e-02,3.809726331382989883e-03,6.472111272159963846e-05,0.000000000000000000e+00,0.000000000000000000e+00
6.306336075067520142e-02,5.449536256492137909e-03,8.567997429054230452e-05,0.000000000000000000e+00,0.000000000000000000e+00
4.379691183567047119e-02,3.615166759118437767e-03,7.645245204912498593e-05,0.000000000000000000e+00,0.000000000000000000e+00
9.326320886611938477e-02,8.508590981364250183e-03,8.177294512279331684e-05,0.000000000000000000e+00,0.000000000000000000e+00
8.577093482017517090e-02,7.878231815993785858e-03,6.988611858105286956e-05,0.000000000000000000e+00,0.000000000000000000e+00
4.727723076939582825e-02,4.006669390946626663e-03,7.210536568891257048e-05,0.000000000000000000e+00,0.000000000000000000e+00
4.315353184938430786e-02,3.518757177516818047e-03,7.965959957800805569e-05,0.000000000000000000e+00,0.000000000000000000e+00
4.616450518369674683e-02,3.870496060699224472e-03,7.459541666321456432e-05,0.000000000000000000e+00,0.000000000000000000e+00
6.620278954505920410e-02,5.737094208598136902e-03,8.831849117996171117e-05,0.000000000000000000e+00,0.000000000000000000e+00
3.515262156724929810e-02,2.766839694231748581e-03,7.484223169740289450e-05,0.000000000000000000e+00,0.000000000000000000e+00
8.784516900777816772e-02,7.926121354103088379e-03,8.583956514485180378e-05,0.000000000000000000e+00,0.000000000000000000e+00
7.600410282611846924e-02,6.822902709245681763e-03,7.775075209792703390e-05,0.000000000000000000e+00,0.000000000000000000e+00
7.100021839141845703e-02,6.302563007920980453e-03,7.974584877956658602e-05,0.000000000000000000e+00,0.000000000000000000e+00
5.066724866628646851e-02,4.218598362058401108e-03,8.481263648718595505e-05,0.000000000000000000e+00,0.000000000000000000e+00
5.292546749114990234e-02,4.479532130062580109e-03,8.130146306939423084e-05,0.000000000000000000e+00,0.000000000000000000e+00
3.368591889739036560e-02,2.501642564311623573e-03,8.669494127389043570e-05,0.000000000000000000e+00,0.000000000000000000e+00
4.211620986461639404e-02,3.524331608787178993e-03,6.872891390230506659e-05,0.000000000000000000e+00,0.000000000000000000e+00
4.608269035816192627e-02,3.716552630066871643e-03,8.917164814192801714e-05,0.000000000000000000e+00,0.000000000000000000e+00
4.940741509199142456e-02,4.244762472808361053e-03,6.959789607208222151e-05,0.000000000000000000e+00,0.000000000000000000e+00
9.427972137928009033e-02,8.672052063047885895e-03,7.559200457762926817e-05,0.000000000000000000e+00,0.000000000000000000e+00
1.457370072603225708e-01,1.379665452986955643e-02,7.770470983814448118e-05,0.000000000000000000e+00,0.000000000000000000e+00
1.217715665698051453e-01,1.142983231693506241e-02,7.473243749700486660e-05,0.000000000000000000e+00,0.000000000000000000e+00
3.984982520341873169e-02,3.163773566484451294e-03,8.212090324377641082e-05,0.000000000000000000e+00,0.000000000000000000e+00
7.514661550521850586e-02,6.613863632082939148e-03,9.007971675600856543e-05,0.000000000000000000e+00,0.000000000000000000e+00
5.192004889249801636e-02,4.392180591821670532e-03,7.998241926543414593e-05,0.000000000000000000e+00,0.000000000000000000e+00
1.173458024859428406e-01,1.087269559502601624e-02,8.618844731245189905e-05,0.000000000000000000e+00,0.000000000000000000e+00
4.741892963647842407e-02,3.804440377280116081e-03,9.374527144245803356e-05,0.000000000000000000e+00,0.000000000000000000e+00
1.238064616918563843e-01,1.137722842395305634e-02,1.003416982712224126e-04,0.000000000000000000e+00,0.000000000000000000e+00
6.112789362668991089e-02,5.004126112908124924e-03,1.108663127524778247e-04,0.000000000000000000e+00,0.000000000000000000e+00
5.462805554270744324e-02,4.338784143328666687e-03,1.124021364375948906e-04,0.000000000000000000e+00,0.000000000000000000e+00
7.944910973310470581e-02,6.800233386456966400e-03,1.144677153206430376e-04,0.000000000000000000e+00,0.000000000000000000e+00
1.581047475337982178e-01,1.464593969285488129e-02,1.164535206044092774e-04,0.000000000000000000e+00,0.000000000000000000e+00
5.360943824052810669e-02,4.266044124960899353e-03,1.094899635063484311e-04,0.000000000000000000e+00,0.000000000000000000e+00
1.498049944639205933e-01,1.392207108438014984e-02,1.058427587850019336e-04,0.000000000000000000e+00,0.000000000000000000e+00
8.644247800111770630e-02,7.633400149643421173e-03,1.010848063742741942e-04,0.000000000000000000e+00,0.000000000000000000e+00
7.781577855348587036e-02,6.599754560738801956e-03,1.181822735816240311e-04,0.000000000000000000e+00,0.000000000000000000e+00
4.491359740495681763e-02,3.339367220178246498e-03,1.151992182713001966e-04,0.000000000000000000e+00,0.000000000000000000e+00
6.051638722419738770e-02,5.006176419556140900e-03,1.045462413458153605e-04,0.000000000000000000e+00,0.000000000000000000e+00
5.896331742405891418e-02,4.806722048670053482e-03,1.089609795599244535e-04,0.000000000000000000e+00,0.000000000000000000e+00
1.208996325731277466e-01,1.119261048734188080e-02,8.973524381872266531e-05,0.000000000000000000e+00,0.000000000000000000e+00
4.630924388766288757e-02,3.730102209374308586e-03,9.008222696138545871e-05,0.000000000000000000e+00,0.000000000000000000e+00
4.953119158744812012e-02,4.205837845802307129e-03,7.472815195797011256e-05,0.000000000000000000e+00,0.000000000000000000e+00
4.656016081571578979e-02,3.913953900337219238e-03,7.420621113851666451e-05,0.000000000000000000e+00,0.000000000000000000e+00
1.762120872735977173e-01,1.689651980996131897e-02,7.246901805046945810e-05,0.000000000000000000e+00,0.000000000000000000e+00
4.904981702566146851e-02,3.985176328569650650e-03,9.198054613079875708e-05,0.000000000000000000e+00,0.000000000000000000e+00
8.974419534206390381e-02,8.155319839715957642e-03,8.190998050849884748e-05,0.000000000000000000e+00,0.000000000000000000e+00
5.608478188514709473e-02,4.648935981094837189e-03,9.595422307029366493e-05,0.000000000000000000e+00,0.000000000000000000e+00
5.469997972249984741e-02,4.596133716404438019e-03,8.738644828554242849e-05,0.000000000000000000e+00,0.000000000000000000e+00
4.100105911493301392e-02,3.191326279193162918e-03,9.087798389373347163e-05,0.000000000000000000e+00,0.000000000000000000e+00
4.270170629024505615e-02,3.353975713253021240e-03,9.161950583802536130e-05,0.000000000000000000e+00,0.000000000000000000e+00
7.361841946840286255e-02,6.509289145469665527e-03,8.525529119651764631e-05,0.000000000000000000e+00,0.000000000000000000e+00
5.171087384223937988e-02,4.458238836377859116e-03,7.128482684493064880e-05,0.000000000000000000e+00,0.000000000000000000e+00
5.156028270721435547e-02,4.380553960800170898e-03,7.754744729027152061e-05,0.000000000000000000e+00,0.000000000000000000e+00
6.259809434413909912e-02,5.354003049433231354e-03,9.058066643774509430e-05,0.000000000000000000e+00,0.000000000000000000e+00
4.401988908648490906e-02,3.597470931708812714e-03,8.045177673920989037e-05,0.000000000000000000e+00,0.000000000000000000e+00
5.139359086751937866e-02,4.384813830256462097e-03,7.545453263446688652e-05,0.000000000000000000e+00,0.000000000000000000e+00
8.317430317401885986e-02,7.558563258498907089e-03,7.588670268887653947e-05,0.000000000000000000e+00,0.000000000000000000e+00
9.171482920646667480e-02,8.370924741029739380e-03,8.005585550563409925e-05,0.000000000000000000e+00,0.000000000000000000e+00
4.535687714815139771e-02,3.825438208878040314e-03,7.102495874278247356e-05,0.000000000000000000e+00,0.000000000000000000e+00
4.758183285593986511e-02,3.921670839190483093e-03,8.365125540876761079e-05,0.000000000000000000e+00,0.000000000000000000e+00
3.690787777304649353e-02,2.911890391260385513e-03,7.788975926814600825e-05,0.000000000000000000e+00,0.000000000000000000e+00
4.459249600768089294e-02,3.700016066431999207e-03,7.592335168737918139e-05,0.000000000000000000e+00,0.000000000000000000e+00
5.487592890858650208e-02,4.746947437524795532e-03,7.406454096781089902e-05,0.000000000000000000e+00,0.000000000000000000e+00
6.317780911922454834e-02,5.620851181447505951e-03,6.969298556214198470e-05,0.000000000000000000e+00,0.000000000000000000e+00
4.407123476266860962e-02,3.600728698074817657e-03,8.063949644565582275e-05,0.000000000000000000e+00,0.000000000000000000e+00
4.241814464330673218e-02,3.417295170947909355e-03,8.245192293543368578e-05,0.000000000000000000e+00,0.000000000000000000e+00
6.942574679851531982e-02,6.262286566197872162e-03,6.802876305300742388e-05,0.000000000000000000e+00,0.000000000000000000e+00
4.508482292294502258e-02,3.931253217160701752e-03,5.772287840954959393e-05,0.000000000000000000e+00,0.000000000000000000e+00
6.950156390666961670e-02,6.235578563064336777e-03,7.145776180550456047e-05,0.000000000000000000e+00,0.000000000000000000e+00
5.473366007208824158e-02,4.741509445011615753e-03,7.318568532355129719e-05,0.000000000000000000e+00,0.000000000000000000e+00
3.749995306134223938e-02,2.968211658298969269e-03,7.817836012691259384e-05,0.000000000000000000e+00,0.000000000000000000e+00
5.199719965457916260e-02,4.280859138816595078e-03,9.188608237309381366e-05,0.000000000000000000e+00,0.000000000000000000e+00
4.453387856483459473e-02,3.549679648131132126e-03,9.037082054419443011e-05,0.000000000000000000e+00,0.000000000000000000e+00
5.637447908520698547e-02,4.945378750562667847e-03,6.920690066181123257e-05,0.000000000000000000e+00,0.000000000000000000e+00
4.169039428234100342e-02,3.560405923053622246e-03,6.086333087296225131e-05,0.000000000000000000e+00,0.000000000000000000e+00
4.030755162239074707e-02,3.199230413883924484e-03,8.315248123835772276e-05,0.000000000000000000e+00,0.000000000000000000e+00
1.015700623393058777e-01,9.465879760682582855e-03,6.911261880304664373e-05,0.000000000000000000e+00,0.000000000000000000e+00
1.679622381925582886e-01,1.601829938590526581e-02,7.779234147164970636e-05,0.000000000000000000e+00,0.000000000000000000e+00
4.393220692873001099e-02,3.655788954347372055e-03,7.374318374786525965e-05,0.000000000000000000e+00,0.000000000000000000e+00
4.571264609694480896e-02,3.796580247581005096e-03,7.746843039058148861e-05,0.000000000000000000e+00,0.000000000000000000e+00
5.385044217109680176e-02,4.622907377779483795e-03,7.621368422405794263e-05,0.000000000000000000e+00,0.000000000000000000e+00
4.545887559652328491e-02,3.749016206711530685e-03,7.968710997374728322e-05,0.000000000000000000e+00,0.000000000000000000e+00
4.715963825583457947e-02,3.970238380134105682e-03,7.457251194864511490e-05,0.000000000000000000e+00,0.000000000000000000e+00
9.737218916416168213e-02,8.966788649559020996e-03,7.704306335654109716e-05,0.000000000000000000e+00,0.000000000000000000e+00
1.276301741600036621e-01,1.203285902738571167e-02,7.301587902475148439e-05,0.000000000000000000e+00,0.000000000000000000e+00
4.525525495409965515e-02,3.534707706421613693e-03,9.908176434691995382e-05,0.000000000000000000e+00,0.000000000000000000e+00
4.066831618547439575e-02,3.117757383733987808e-03,9.490743832429870963e-05,0.000000000000000000e+00,0.000000000000000000e+00
5.229651555418968201e-02,4.228078760206699371e-03,1.001572891254909337e-04,0.000000000000000000e+00,0.000000000000000000e+00
1.320420503616333008e-01,1.239595748484134674e-02,8.082478598225861788e-05,0.000000000000000000e+00,0.000000000000000000e+00
6.838808953762054443e-02,5.884326063096523285e-03,9.544826752971857786e-05,0.000000000000000000e+00,0.000000000000000000e+00
4.984855279326438904e-02,4.111827351152896881e-03,8.730280387680977583e-05,0.000000000000000000e+00,0.000000000000000000e+00
8.763385564088821411e-02,7.858164608478546143e-03,9.052208770299330354e-05,0.000000000000000000e+00,0.000000000000000000e+00
4.991529136896133423e-02,4.161247983574867249e-03,8.302813512273132801e-05,0.000000000000000000e+00,0.000000000000000000e+00
4.839628562331199646e-02,3.948035649955272675e-03,8.915927901398390532e-05,0.000000000000000000e+00,0.000000000000000000e+00
3.488773107528686523e-02,2.716973656788468361e-03,7.717993139522150159e-05,0.000000000000000000e+00,0.000000000000000000e+00
6.181061267852783203e-02,5.487548187375068665e-03,6.935131386853754520e-05,0.000000000000000000e+00,0.000000000000000000e+00
4.630079120397567749e-02,3.916908055543899536e-03,7.131711026886478066e-05,0.000000000000000000e+00,0.000000000000000000e+00
7.560417801141738892e-02,6.883951835334300995e-03,6.764657882740721107e-05,0.000000000000000000e+00,0.000000000000000000e+00
5.360394716262817383e-02,4.542705137282609940e-03,8.176895789802074432e-05,0.000000000000000000e+00,0.000000000000000000e+00
1.986718773841857910e-01,1.906539872288703918e-02,8.017899381229653955e-05,0.000000000000000000e+00,0.000000000000000000e+00
4.160464555025100708e-02,3.352669766172766685e-03,8.077948587015271187e-05,0.000000000000000000e+00,0.000000000000000000e+00
5.604872107505798340e-02,4.840299952775239944e-03,7.645721780136227608e-05,0.000000000000000000e+00,0.000000000000000000e+00
4.318878054618835449e-02,3.455944126471877098e-03,8.629342482890933752e-05,0.000000000000000000e+00,0.000000000000000000e+00
6.047369539737701416e-02,5.333104170858860016e-03,7.142656249925494194e-05,0.000000000000000000e+00,0.000000000000000000e+00
6.852316856384277344e-02,5.956273525953292847e-03,8.960433478932827711e-05,0.000000000000000000e+00,0.000000000000000000e+00
9.229470789432525635e-02,8.415596559643745422e-03,8.138742123264819384e-05,0.000000000000000000e+00,0.000000000000000000e+00
7.857992500066757202e-02,7.081135176122188568e-03,7.768569048494100571e-05,0.000000000000000000e+00,0.000000000000000000e+00
1.149460226297378540e-01,1.056217122822999954e-02,9.324313577963039279e-05,0.000000000000000000e+00,0.000000000000000000e+00
6.183361262083053589e-02,5.174594931304454803e-03,1.008765975711867213e-04,0.000000000000000000e+00,0.000000000000000000e+00
4.002683609724044800e-02,3.144091926515102386e-03,8.585915202274918556e-05,0.000000000000000000e+00,0.000000000000000000e+00
1.673922985792160034e-01,1.573304459452629089e-02,1.006185193546116352e-04,0.000000000000000000e+00,0.000000000000000000e+00
4.973596706986427307e-02,3.967018797993659973e-03,1.006577804218977690e-04,0.000000000000000000e+00,0.000000000000000000e+00
5.423191562294960022e-02,4.439800977706909180e-03,9.833907097345218062e-05,0.000000000000000000e+00,0.000000000000000000e+00
4.724694043397903442e-02,3.868932370096445084e-03,8.557617547921836376e-05,0.000000000000000000e+00,0.000000000000000000e+00
5.155260115861892700e-02,4.330547526478767395e-03,8.247126243077218533e-05,0.000000000000000000e+00,0.000000000000000000e+00
6.777908653020858765e-02,5.871606059372425079e-03,9.063026664080098271e-05,0.000000000000000000e+00,0.000000000000000000e+00
4.687275737524032593e-02,3.805331420153379440e-03,8.819442882668226957e-05,0.000000000000000000e+00,0.000000000000000000e+00
4.754788056015968323e-02,3.863815218210220337e-03,8.909729513106867671e-05,0.000000000000000000e+00,0.000000000000000000e+00
1.371678411960601807e-01,1.285322289913892746e-02,8.635612175567075610e-05,0.000000000000000000e+00,0.000000000000000000e+00
6.244308501482009888e-02,5.462800152599811554e-03,7.815085700713098049e-05,0.000000000000000000e+00,0.000000000000000000e+00
5.389838293194770813e-02,4.625114146620035172e-03,7.647243182873353362e-05,0.000000000000000000e+00,0.000000000000000000e+00
3.742425143718719482e-02,2.954857889562845230e-03,7.875672599766403437e-05,0.000000000000000000e+00,0.000000000000000000e+00
5.788440629839897156e-02,5.103274714201688766e-03,6.851657235529273748e-05,0.000000000000000000e+00,0.000000000000000000e+00
5.232388153672218323e-02,4.363980144262313843e-03,8.684079512022435665e-05,0.000000000000000000e+00,0.000000000000000000e+00
3.941157460212707520e-02,3.063496900722384453e-03,8.776604954618960619e-05,0.000000000000000000e+00,0.000000000000000000e+00
1.143416464328765869e-01,1.062935311347246170e-02,8.048117160797119141e-05,0.000000000000000000e+00,0.000000000000000000e+00
4.043913632631301880e-02,3.294386900961399078e-03,7.495269528590142727e-05,0.000000000000000000e+00,0.000000000000000000e+00
7.245880365371704102e-02,6.442517042160034180e-03,8.033637277549132705e-05,0.000000000000000000e+00,0.000000000000000000e+00
4.451385140419006348e-02,3.697898937389254570e-03,7.534859469160437584e-05,0.000000000000000000e+00,0.000000000000000000e+00
5.544301494956016541e-02,4.727070219814777374e-03,8.172314846888184547e-05,0.000000000000000000e+00,0.000000000000000000e+00
1.306993216276168823e-01,1.232344750314950943e-02,7.464842929039150476e-05,0.000000000000000000e+00,0.000000000000000000e+00
4.020574316382408142e-02,3.303520847111940384e-03,7.170536264311522245e-05,0.000000000000000000e+00,0.000000000000000000e+00
6.616269797086715698e-02,5.828303284943103790e-03,7.879664190113544464e-05,0.000000000000000000e+00,0.000000000000000000e+00
5.054647848010063171e-02,4.295253194868564606e-03,7.593947520945221186e-05,0.000000000000000000e+00,0.000000000000000000e+00
4.267879575490951538e-02,3.567957086488604546e-03,6.999225297477096319e-05,0.000000000000000000e+00,0.000000000000000000e+00
4.986521601676940918e-02,4.231321625411510468e-03,7.551997259724885225e-05,0.000000000000000000e+00,0.000000000000000000e+00
6.367103010416030884e-02,5.611562170088291168e-03,7.555408228654414415e-05,0.000000000000000000e+00,0.000000000000000000e+00
4.254941642284393311e-02,3.568641375750303268e-03,6.863001908641308546e-05,0.000000000000000000e+00,0.000000000000000000e+00
5.117275565862655640e-02,4.379238002002239227e-03,7.380375609500333667e-05,0.000000000000000000e+00,0.000000000000000000e+00
9.432237595319747925e-02,8.725808933377265930e-03,7.064289820846170187e-05,0.000000000000000000e+00,0.000000000000000000e+00
3.890517354011535645e-02,3.199436236172914505e-03,6.910810043336823583e-05,0.000000000000000000e+00,0.000000000000000000e+00
3.655691444873809814e-02,2.926771994680166245e-03,7.289194036275148392e-05,0.000000000000000000e+00,0.000000000000000000e+00
6.185910850763320923e-02,5.436400882899761200e-03,7.495099271181970835e-05,0.000000000000000000e+00,0.000000000000000000e+00
1.161661371588706970e-01,1.097307540476322174e-02,6.435388786485418677e-05,0.000000000000000000e+00,0.000000000000000000e+00
9.120636433362960815e-02,8.378867991268634796e-03,7.417683082167059183e-05,0.000000000000000000e+00,0.000000000000000000e+00
6.918254494667053223e-02,6.164298392832279205e-03,7.539562648162245750e-05,0.000000000000000000e+00,0.000000000000000000e+00
7.287649065256118774e-02,6.487478036433458328e-03,8.001707465155050159e-05,0.000000000000000000e+00,0.000000000000000000e+00
5.409644544124603271e-02,4.664959385991096497e-03,7.446849485859274864e-05,0.000000000000000000e+00,0.000000000000000000e+00
5.869590863585472107e-02,5.003982689231634140e-03,8.656080171931535006e-05,0.000000000000000000e+00,0.000000000000000000e+00
4.962509870529174805e-02,4.057345446199178696e-03,9.051644155988469720e-05,0.000000000000000000e+00,0.000000000000000000e+00
4.842034354805946350e-02,3.829225664958357811e-03,1.012808861560188234e-04,0.000000000000000000e+00,0.000000000000000000e+00
6.964550912380218506e-02,6.085398606956005096e-03,8.791519212536513805e-05,0.000000000000000000e+00,0.000000000000000000e+00
6.370210647583007812e-02,5.588324740529060364e-03,7.818856829544529319e-05,0.000000000000000000e+00,0.000000000000000000e+00
4.291527345776557922e-02,3.457206301391124725e-03,8.343208173755556345e-05,0.000000000000000000e+00,0.000000000000000000e+00
4.062649607658386230e-02,3.273141570389270782e-03,7.895083399489521980e-05,0.000000000000000000e+00,0.000000000000000000e+00
5.359528213739395142e-02,4.611021839082241058e-03,7.485061360057443380e-05,0.000000000000000000e+00,0.000000000000000000e+00
5.021828040480613708e-02,4.248307086527347565e-03,7.735210965620353818e-05,0.000000000000000000e+00,0.000000000000000000e+00
8.881375938653945923e-02,8.117982186377048492e-03,7.633941277163103223e-05,0.000000000000000000e+00,0.000000000000000000e+00
5.289656668901443481e-02,4.531715996563434601e-03,7.579409430036321282e-05,0.000000000000000000e+00,0.000000000000000000e+00
4.561346024274826050e-02,3.798562102019786835e-03,7.627836021129041910e-05,0.000000000000000000e+00,0.000000000000000000e+00
6.183661147952079773e-02,5.494615994393825531e-03,6.890451186336576939e-05,0.000000000000000000e+00,0.000000000000000000e+00
6.042674928903579712e-02,5.322342272847890854e-03,7.203324639704078436e-05,0.000000000000000000e+00,0.000000000000000000e+00
3.868607431650161743e-02,3.084785304963588715e-03,7.838221790734678507e-05,0.000000000000000000e+00,0.000000000000000000e+00
3.639594838023185730e-02,3.057762980461120605e-03,5.818317731609568000e-05,0.000000000000000000e+00,0.000000000000000000e+00
3.839545696973800659e-02,3.157899482175707817e-03,6.816463428549468517e-05,0.000000000000000000e+00,0.000000000000000000e+00
5.882287397980690002e-02,5.057240836322307587e-03,8.250464452430605888e-05,0.000000000000000000e+00,0.000000000000000000e+00
5.259795486927032471e-02,4.600140266120433807e-03,6.596551975235342979e-05,0.000000000000000000e+00,0.000000000000000000e+00
6.181931495666503906e-02,5.404505878686904907e-03,7.774254481773823500e-05,0.000000000000000000e+00,0.000000000000000000e+00
1.379924267530441284e-01,1.299209892749786377e-02,8.071438060142099857e-05,0.000000000000000000e+00,0.000000000000000000e+00
4.663971066474914551e-02,3.914983477443456650e-03,7.489873678423464298e-05,0.000000000000000000e+00,0.000000000000000000e+00
5.102343857288360596e-02,4.258099012076854706e-03,8.442448597634211183e-05,0.000000000000000000e+00,0.000000000000000000e+00
3.791351988911628723e-02,2.955058123916387558e-03,8.362937660422176123e-05,0.000000000000000000e+00,0.000000000000000000e+00
4.047153145074844360e-02,3.202944993972778320e-03,8.442081161774694920e-05,0.000000000000000000e+00,0.000000000000000000e+00
3.832982853055000305e-02,3.034363966435194016e-03,7.986188575159758329e-05,0.000000000000000000e+00,0.000000000000000000e+00
4.496023431420326233e-02,3.866179380565881729e-03,6.298441439867019653e-05,0.000000000000000000e+00,0.000000000000000000e+00
7.341808825731277466e-02,6.561837159097194672e-03,7.799718150636181235e-05,0.000000000000000000e+00,0.000000000000000000e+00
5.080246925354003906e-02,4.385876469314098358e-03,6.943702464923262596e-05,0.000000000000000000e+00,0.000000000000000000e+00
5.055123567581176758e-02,4.365654662251472473e-03,6.894687976455315948e-05,0.000000000000000000e+00,0.000000000000000000e+00
7.112721353769302368e-02,6.506963167339563370e-03,6.057583959773182869e-05,0.000000000000000000e+00,0.000000000000000000e+00
2.314343899488449097e-01,2.247380279004573822e-02,6.696356285829097033e-05,0.000000000000000000e+00,0.000000000000000000e+00
1.052082404494285583e-01,9.915673173964023590e-03,6.051512900739908218e-05,0.000000000000000000e+00,0.000000000000000000e+00
4.033394902944564819e-02,3.281464101746678352e-03,7.519306382164359093e-05,0.000000000000000000e+00,0.000000000000000000e+00
5.713769793510437012e-02,5.005118902772665024e-03,7.086509867804124951e-05,0.000000000000000000e+00,0.000000000000000000e+00
4.417751729488372803e-02,3.578117815777659416e-03,8.396337216254323721e-05,0.000000000000000000e+00,0.000000000000000000e+00
4.466151446104049683e-02,3.710854565724730492e-03,7.552968600066378713e-05,0.000000000000000000e+00,0.000000000000000000e+00
4.448440670967102051e-02,3.508912399411201477e-03,9.395282540936022997e-05,0.000000000000000000e+00,0.000000000000000000e+00
3.971166163682937622e-02,3.212595358490943909e-03,7.585709681734442711e-05,0.000000000000000000e+00,0.000000000000000000e+00
6.188669055700302124e-02,5.313483998179435730e-03,8.751852146815508604e-05,0.000000000000000000e+00,0.000000000000000000e+00
3.505948558449745178e-02,2.809827215969562531e-03,6.961212784517556429e-05,0.000000000000000000e+00,0.000000000000000000e+00
7.910705357789993286e-02,7.168771699070930481e-03,7.419342728098854423e-05,0.000000000000000000e+00,0.000000000000000000e+00
6.643038988113403320e-02,5.836402066051959991e-03,8.066372538451105356e-05,0.000000000000000000e+00,0.000000000000000000e+00
9.594965726137161255e-02,8.877394720911979675e-03,7.175707287387922406e-05,0.000000000000000000e+00,0.000000000000000000e+00
4.524519294500350952e-02,3.748478135094046593e-03,7.760411972412839532e-05,0.000000000000000000e+00,0.000000000000000000e+00
1.136472225189208984e-01,1.064844243228435516e-02,7.162793190218508244e-05,0.000000000000000000e+00,0.000000000000000000e+00
4.908747971057891846e-02,4.119046963751316071e-03,7.897012983448803425e-05,0.000000000000000000e+00,0.000000000000000000e+00
4.139406606554985046e-02,3.444808535277843475e-03,6.945978384464979172e-05,0.000000000000000000e+00,0.000000000000000000e+00
1.307155042886734009e-01,1.225631218403577805e-02,8.152384543791413307e-05,0.000000000000000000e+00,0.000000000000000000e+00
6.410177797079086304e-02,5.466782953590154648e-03,9.433946979697793722e-05,0.000000000000000000e+00,0.000000000000000000e+00
5.281125754117965698e-02,4.501771181821823120e-03,7.793545955792069435e-05,0.000000000000000000e+00,0.000000000000000000e+00
8.208565413951873779e-02,7.376018911600112915e-03,8.325464295921847224e-05,0.000000000000000000e+00,0.000000000000000000e+00
5.788726359605789185e-02,4.941959865391254425e-03,8.467665611533448100e-05,0.000000000000000000e+00,0.000000000000000000e+00
4.788843169808387756e-02,4.047911148518323898e-03,7.409318641293793917e-05,0.000000000000000000e+00,0.000000000000000000e+00
1.360771059989929199e-01,1.288424246013164520e-02,7.234680379042401910e-05,0.000000000000000000e+00,0.000000000000000000e+00
7.744482904672622681e-02,7.001852616667747498e-03,7.426300726365298033e-05,0.000000000000000000e+00,0.000000000000000000e+00
7.329136133193969727e-02,6.488004699349403381e-03,8.411314775003120303e-05,0.000000000000000000e+00,0.000000000000000000e+00
4.806915670633316040e-02,4.113116767257452011e-03,6.937986472621560097e-05,0.000000000000000000e+00,0.000000000000000000e+00
5.844371020793914795e-02,5.077753681689500809e-03,7.666174496989697218e-05,0.000000000000000000e+00,0.000000000000000000e+00
5.848778784275054932e-02,5.001386627554893494e-03,8.473921479890123010e-05,0.000000000000000000e+00,0.000000000000000000e+00
5.802735686302185059e-02,4.902883432805538177e-03,8.998521661851555109e-05,0.000000000000000000e+00,0.000000000000000000e+00
4.507132247090339661e-02,3.626305609941482544e-03,8.808267011772841215e-05,0.000000000000000000e+00,0.000000000000000000e+00
6.262300163507461548e-02,5.397968459874391556e-03,8.643315231893211603e-05,0.000000000000000000e+00,0.000000000000000000e+00
1.183403134346008301e-01,1.082031428813934326e-02,1.013717337627895176e-04,0.000000000000000000e+00,0.000000000000000000e+00
5.485299974679946899e-02,4.600053187459707260e-03,8.852466271491721272e-05,0.000000000000000000e+00,0.000000000000000000e+00
4.537077248096466064e-02,3.637756686657667160e-03,8.993203664431348443e-05,0.000000000000000000e+00,0.000000000000000000e+00
4.429515823721885681e-02,3.580290358513593674e-03,8.492253255099058151e-05,0.000000000000000000e+00,0.000000000000000000e+00
5.550832301378250122e-02,4.656428471207618713e-03,8.944039291236549616e-05,0.000000000000000000e+00,0.000000000000000000e+00
9.074653685092926025e-02,8.336300961673259735e-03,7.383522461168467999e-05,0.000000000000000000e+00,0.000000000000000000e+00
4.469244927167892456e-02,3.544379724189639091e-03,9.248652349924668670e-05,0.000000000000000000e+00,0.000000000000000000e+00
5.514180660247802734e-02,4.680452402681112289e-03,8.337279723491519690e-05,0.000000000000000000e+00,0.000000000000000000e+00
5.972471833229064941e-02,5.227516405284404755e-03,7.449551048921421170e-05,0.000000000000000000e+00,0.000000000000000000e+00
1.260370761156082153e-01,1.171827223151922226e-02,8.854352199705317616e-05,0.000000000000000000e+00,0.000000000000000000e+00
5.168312415480613708e-02,4.513350781053304672e-03,6.549614772666245699e-05,0.000000000000000000e+00,0.000000000000000000e+00
5.762990191578865051e-02,4.998446442186832428e-03,7.645438745385035872e-05,0.000000000000000000e+00,0.000000000000000000e+00
5.520312488079071045e-02,4.674411378800868988e-03,8.459010859951376915e-05,0.000000000000000000e+00,0.000000000000000000e+00
4.519480466842651367e-02,3.838806878775358200e-03,6.806736928410828114e-05,0.000000000000000000e+00,0.000000000000000000e+00
8.352613449096679688e-02,7.615055423229932785e-03,7.375585846602916718e-05,0.000000000000000000e+00,0.000000000000000000e+00
1.004051119089126587e-01,9.226158261299133301e-03,8.143526065396144986e-05,0.000000000000000000e+00,0.000000000000000000e+00
6.215731054544448853e-02,5.463043227791786194e-03,7.526879926444962621e-05,0.000000000000000000e+00,0.000000000000000000e+00
4.769632965326309204e-02,3.944502677768468857e-03,8.251300459960475564e-05,0.000000000000000000e+00,0.000000000000000000e+00
1.809794306755065918e-01,1.738242246210575104e-02,7.155209459597244859e-05,0.000000000000000000e+00,0.000000000000000000e+00
4.485547170042991638e-02,3.463090630248188972e-03,1.022456708597019315e-04,0.000000000000000000e+00,0.000000000000000000e+00
4.104216024279594421e-02,3.285691142082214355e-03,8.185250044334679842e-05,0.000000000000000000e+00,0.000000000000000000e+00
4.298357665538787842e-02,3.454892430454492569e-03,8.434650953859090805e-05,0.000000000000000000e+00,0.000000000000000000e+00
3.932270780205726624e-02,3.114836523309350014e-03,8.174344111466780305e-05,0.000000000000000000e+00,0.000000000000000000e+00
5.904506146907806396e-02,5.202926695346832275e-03,7.015794108156114817e-05,0.000000000000000000e+00,0.000000000000000000e+00
4.481955245137214661e-02,3.746784524992108345e-03,7.351708336500450969e-05,0.000000000000000000e+00,0.000000000000000000e+00
1.180117875337600708e-01,1.099952682852745056e-02,8.016522770049050450e-05,0.000000000000000000e+00,0.000000000000000000e+00
6.363155692815780640e-02,5.714885890483856201e-03,6.482698518084362149e-05,0.000000000000000000e+00,0.000000000000000000e+00
5.658076703548431396e-02,4.897529724985361099e-03,7.605469727423042059e-05,0.000000000000000000e+00,0.000000000000000000e+00
4.111510515213012695e-02,3.375965636223554611e-03,7.355447451118379831e-05,0.000000000000000000e+00,0.000000000000000000e+00
4.893657565116882324e-02,4.088737070560455322e-03,8.049202733673155308e-05,0.000000000000000000e+00,0.000000000000000000e+00
1.391267776489257812e-01,1.321311946958303452e-02,6.995584408286958933e-05,0.000000000000000000e+00,0.000000000000000000e+00
4.581164941191673279e-02,3.862295299768447876e-03,7.188697054516524076e-05,0.000000000000000000e+00,0.000000000000000000e+00
6.383059173822402954e-02,5.641857627779245377e-03,7.412018021568655968e-05,0.000000000000000000e+00,0.000000000000000000e+00
1.657955497503280640e-01,1.588489487767219543e-02,6.946607027202844620e-05,0.000000000000000000e+00,0.000000000000000000e+00
4.191222041845321655e-02,3.399208188056945801e-03,7.920137431938201189e-05,0.000000000000000000e+00,0.000000000000000000e+00
4.051076620817184448e-02,3.260161727666854858e-03,7.909149280749261379e-05,0.000000000000000000e+00,0.000000000000000000e+00
7.899978011846542358e-02,7.167821750044822693e-03,7.321558950934559107e-05,0.000000000000000000e+00,0.000000000000000000e+00
1.313009262084960938e-01,1.238003559410572052e-02,7.500580977648496628e-05,0.000000000000000000e+00,0.000000000000000000e+00
7.233873009681701660e-02,6.448660977184772491e-03,7.852123962948098779e-05,0.000000000000000000e+00,0.000000000000000000e+00
4.621817171573638916e-02,3.794603981077671051e-03,8.272132254205644131e-05,0.000000000000000000e+00,0.000000000000000000e+00
4.994482547044754028e-02,4.060782026499509811e-03,9.337005758425220847e-05,0.000000000000000000e+00,0.000000000000000000e+00
4.859060049057006836e-02,3.989043179899454117e-03,8.700168109498918056e-05,0.000000000000000000e+00,0.000000000000000000e+00
8.413265645503997803e-02,7.725154981017112732e-03,6.881100125610828400e-05,0.000000000000000000e+00,0.000000000000000000e+00
5.472760275006294250e-02,4.557922948151826859e-03,9.148373646894469857e-05,0.000000000000000000e+00,0.000000000000000000e+00
7.189372181892395020e-02,6.245468277484178543e-03,9.439035784453153610e-05,0.000000000000000000e+00,0.000000000000000000e+00
6.312206387519836426e-02,5.371333099901676178e-03,9.408736514160409570e-05,0.000000000000000000e+00,0.000000000000000000e+00
4.759658500552177429e-02,3.893494373187422752e-03,8.661643369123339653e-05,0.000000000000000000e+00,0.000000000000000000e+00
5.248440057039260864e-02,4.329504445195198059e-03,9.189358388539403677e-05,0.000000000000000000e+00,0.000000000000000000e+00
3.619635850191116333e-02,2.759334631264209747e-03,8.603013702668249607e-05,0.000000000000000000e+00,0.000000000000000000e+00
4.060594737529754639e-02,3.336207941174507141e-03,7.243869185913354158e-05,0.000000000000000000e+00,0.000000000000000000e+00
4.547562822699546814e-02,3.736251266673207283e-03,8.113114745356142521e-05,0.000000000000000000e+00,0.000000000000000000e+00
7.234252989292144775e-02,6.506850011646747589e-03,7.274028030224144459e-05,0.000000000000000000e+00,0.000000000000000000e+00
1.036759465932846069e-01,9.652882814407348633e-03,7.147117867134511471e-05,0.000000000000000000e+00,0.000000000000000000e+00
5.507269874215126038e-02,4.803801421076059341e-03,7.034685404505580664e-05,0.000000000000000000e+00,0.000000000000000000e+00
1.363336443901062012e-01,1.293640024960041046e-02,6.969639071030542254e-05,0.000000000000000000e+00,0.000000000000000000e+00
1.296403408050537109e-01,1.209983509033918381e-02,8.641986642032861710e-05,0.000000000000000000e+00,0.000000000000000000e+00
4.778489097952842712e-02,3.963194787502288818e-03,8.152941882144659758e-05,0.000000000000000000e+00,0.000000000000000000e+00
4.765145108103752136e-02,3.978390246629714966e-03,7.867548265494406223e-05,0.000000000000000000e+00,0.000000000000000000e+00
3.941346332430839539e-02,3.330883570015430450e-03,6.104630301706492901e-05,0.000000000000000000e+00,0.000000000000000000e+00
4.820225387811660767e-02,4.181287251412868500e-03,6.389379268512129784e-05,0.000000000000000000e+00,0.000000000000000000e+00
5.956560000777244568e-02,5.181577987968921661e-03,7.749821816105395555e-05,0.000000000000000000e+00,0.000000000000000000e+00
4.001086205244064331e-02,3.304982092231512070e-03,6.961041071917861700e-05,0.000000000000000000e+00,0.000000000000000000e+00
5.322134122252464294e-02,4.612682387232780457e-03,7.094517059158533812e-05,0.000000000000000000e+00,0.000000000000000000e+00
1.087598651647567749e-01,1.005413010716438293e-02,8.218563743866980076e-05,0.000000000000000000e+00,0.000000000000000000e+00
4.794162511825561523e-02,3.961896989494562149e-03,8.322656503878533840e-05,0.000000000000000000e+00,0.000000000000000000e+00
5.219466239213943481e-02,4.400793462991714478e-03,8.186729974113404751e-05,0.000000000000000000e+00,0.000000000000000000e+00
9.141075611114501953e-02,8.324913680553436279e-03,8.161619189195334911e-05,0.000000000000000000e+00,0.000000000000000000e+00
6.452398747205734253e-02,5.750174634158611298e-03,7.022239151410758495e-05,0.000000000000000000e+00,0.000000000000000000e+00
7.536827027797698975e-02,6.715703755617141724e-03,8.211229578591883183e-05,0.000000000000000000e+00,0.000000000000000000e+00
5.410571396350860596e-02,4.402576014399528503e-03,1.007995379040949047e-04,0.000000000000000000e+00,0.000000000000000000e+00
7.448640465736389160e-02,6.452484522014856339e-03,9.961561590898782015e-05,0.000000000000000000e+00,0.000000000000000000e+00
5.328645929694175720e-02,4.387144930660724640e-03,9.415012027602642775e-05,0.000000000000000000e+00,0.000000000000000000e+00
