# total,frequency_equation,frequency_initial,physical_equation,physical_initial
2.201100730895996094e+01,2.855829000473022461e-01,1.915517896413803101e-01,0.000000000000000000e+00,0.000000000000000000e+00
2.056731033325195312e+01,2.492724806070327759e-01,1.807458400726318359e-01,0.000000000000000000e+00,0.000000000000000000e+00
2.383054542541503906e+01,2.590922117233276367e-01,2.123962342739105225e-01,0.000000000000000000e+00,0.000000000000000000e+00
2.138900947570800781e+01,2.582658529281616211e-01,1.880635023117065430e-01,0.000000000000000000e+00,0.000000000000000000e+00
2.150347709655761719e+01,2.273123264312744141e-01,1.923035383224487305e-01,0.000000000000000000e+00,0.000000000000000000e+00
2.038613700866699219e+01,2.368338108062744141e-01,1.801779866218566895e-01,0.000000000000000000e+00,0.000000000000000000e+00
2.242651367187500000e+01,2.249330878257751465e-01,2.017718255519866943e-01,0.000000000000000000e+00,0.000000000000000000e+00
1.950913619995117188e+01,2.227032333612442017e-01,1.728210449218750000e-01,0.000000000000000000e+00,0.000000000000000000e+00
1.871539115905761719e+01,2.037392258644104004e-01,1.667799949645996094e-01,0.000000000000000000e+00,0.000000000000000000e+00
2.156998634338378906e+01,2.119169086217880249e-01,1.945081800222396851e-01,0.000000000000000000e+00,0.000000000000000000e+00
1.934633636474609375e+01,1.959084421396255493e-01,1.738725304603576660e-01,0.000000000000000000e+00,0.000000000000000000e+00
1.785527992248535156e+01,1.923173367977142334e-01,1.593210697174072266e-01,0.000000000000000000e+00,0.000000000000000000e+00
1.765418624877929688e+01,1.897493302822113037e-01,1.575669199228286743e-01,0.000000000000000000e+00,0.000000000000000000e+00
1.841172981262207031e+01,1.779775619506835938e-01,1.663195490837097168e-01,0.000000000000000000e+00,0.000000000000000000e+00
1.894304275512695312e+01,1.706295609474182129e-01,1.723674833774566650e-01,0.000000000000000000e+00,0.000000000000000000e+00
1.749705886840820312e+01,1.757702380418777466e-01,1.573935747146606445e-01,0.000000000000000000e+00,0.000000000000000000e+00
1.837994003295898438e+01,1.745633184909820557e-01,1.663430631160736084e-01,0.000000000000000000e+00,0.000000000000000000e+00
1.842101478576660156e+01,1.551180481910705566e-01,1.686983406543731689e-01,0.000000000000000000e+00,0.000000000000000000e+00
1.750454711914062500e+01,1.501171439886093140e-01,1.600337624549865723e-01,0.000000000000000000e+00,0.000000000000000000e+00
1.610013580322265625e+01,1.482820212841033936e-01,1.461731493473052979e-01,0.000000000000000000e+00,0.000000000000000000e+00
1.790085601806640625e+01,1.357795745134353638e-01,1.654306054115295410e-01,0.000000000000000000e+00,0.000000000000000000e+00
1.920919990539550781e+01,1.230441257357597351e-01,1.797875761985778809e-01,0.000000000000000000e+00,0.000000000000000000e+00
1.768107604980468750e+01,1.248864009976387024e-01,1.643221378326416016e-01,0.000000000000000000e+00,0.000000000000000000e+00
1.754884338378906250e+01,1.170091331005096436e-01,1.637875139713287354e-01,0.000000000000000000e+00,0.000000000000000000e+00
1.650127983093261719e+01,1.112323254346847534e-01,1.538895666599273682e-01,0.000000000000000000e+00,0.000000000000000000e+00
1.695500564575195312e+01,1.070701926946640015e-01,1.588430404663085938e-01,0.000000000000000000e+00,0.000000000000000000e+00
1.623147583007812500e+01,1.035266220569610596e-01,1.519620865583419800e-01,0.000000000000000000e+00,0.000000000000000000e+00
1.442651271820068359e+01,9.933059662580490112e-02,1.343320608139038086e-01,0.000000000000000000e+00,0.000000000000000000e+00
1.676238059997558594e+01,9.796850383281707764e-02,1.578269451856613159e-01,0.000000000000000000e+00,0.000000000000000000e+00
1.479862022399902344e+01,9.399205446243286133e-02,1.385869979858398438e-01,0.000000000000000000e+00,0.000000000000000000e+00
1.726459312438964844e+01,8.475394546985626221e-02,1.641705334186553955e-01,0.000000000000000000e+00,0.000000000000000000e+00
1.429241657257080078e+01,8.218967914581298828e-02,1.347052007913589478e-01,0.000000000000000000e+00,0.000000000000000000e+00
1.639415550231933594e+01,7.916362583637237549e-02,1.560252010822296143e-01,0.000000000000000000e+00,0.000000000000000000e+00
1.771439552307128906e+01,7.595996558666229248e-02,1.695479601621627808e-01,0.000000000000000000e+00,0.000000000000000000e+00
1.539320564270019531e+01,7.759267836809158325e-02,1.461727917194366455e-01,0.000000000000000000e+00,0.000000000000000000e+00
1.422746086120605469e+01,7.017099857330322266e-02,1.352575123310089111e-01,0.000000000000000000e+00,0.000000000000000000e+00
1.557621192932128906e+01,6.966729462146759033e-02,1.487953960895538330e-01,0.000000000000000000e+00,0.000000000000000000e+00
1.412976741790771484e+01,6.567013263702392578e-02,1.347306668758392334e-01,0.000000000000000000e+00,0.000000000000000000e+00
1.534635448455810547e+01,6.373368203639984131e-02,1.470901817083358765e-01,0.000000000000000000e+00,0.000000000000000000e+00
1.429793167114257812e+01,5.812545120716094971e-02,1.371667683124542236e-01,0.000000000000000000e+00,0.000000000000000000e+00
1.404262447357177734e+01,5.594044178724288940e-02,1.348322033882141113e-01,0.000000000000000000e+00,0.000000000000000000e+00
1.336056423187255859e+01,5.480086803436279297e-02,1.281255483627319336e-01,0.000000000000000000e+00,0.000000000000000000e+00
1.409791278839111328e+01,5.072072893381118774e-02,1.359070539474487305e-01,0.000000000000000000e+00,0.000000000000000000e+00
1.381273746490478516e+01,4.602091386914253235e-02,1.335252821445465088e-01,0.000000000000000000e+00,0.000000000000000000e+00
1.243145370483398438e+01,4.444620013236999512e-02,1.198699176311492920e-01,0.000000000000000000e+00,0.000000000000000000e+00
1.218861007690429688e+01,4.184929281473159790e-02,1.177011653780937195e-01,0.000000000000000000e+00,0.000000000000000000e+00
1.338334465026855469e+01,3.788448870182037354e-02,1.300449967384338379e-01,0.000000000000000000e+00,0.000000000000000000e+00
1.264750194549560547e+01,4.106264188885688782e-02,1.223687529563903809e-01,0.000000000000000000e+00,0.000000000000000000e+00
1.048506355285644531e+01,4.011813551187515259e-02,1.008388251066207886e-01,0.000000000000000000e+00,0.000000000000000000e+00
1.121486473083496094e+01,4.184785112738609314e-02,1.079638600349426270e-01,0.000000000000000000e+00,0.000000000000000000e+00
1.033005523681640625e+01,4.214767366647720337e-02,9.908579289913177490e-02,0.000000000000000000e+00,0.000000000000000000e+00
1.063047409057617188e+01,4.311414062976837158e-02,1.019933223724365234e-01,0.000000000000000000e+00,0.000000000000000000e+00
1.066954231262207031e+01,4.622519016265869141e-02,1.020729094743728638e-01,0.000000000000000000e+00,0.000000000000000000e+00
9.748408317565917969e+00,4.926635324954986572e-02,9.255745261907577515e-02,0.000000000000000000e+00,0.000000000000000000e+00
8.516214370727539062e+00,5.431304499506950378e-02,7.973083853721618652e-02,0.000000000000000000e+00,0.000000000000000000e+00
8.670939445495605469e+00,5.917102470993995667e-02,8.079229295253753662e-02,0.000000000000000000e+00,0.000000000000000000e+00
9.145607948303222656e+00,5.762614682316780090e-02,8.569346368312835693e-02,0.000000000000000000e+00,0.000000000000000000e+00
8.692379951477050781e+00,6.870262324810028076e-02,8.005353808403015137e-02,0.000000000000000000e+00,0.000000000000000000e+00
7.680534839630126953e+00,7.574301958084106445e-02,6.923104822635650635e-02,0.000000000000000000e+00,0.000000000000000000e+00
7.735414981842041016e+00,8.279318362474441528e-02,6.907483190298080444e-02,0.000000000000000000e+00,0.000000000000000000e+00
7.225340843200683594e+00,8.584679663181304932e-02,6.366872787475585938e-02,0.000000000000000000e+00,0.000000000000000000e+00
7.306401252746582031e+00,9.409339725971221924e-02,6.365467607975006104e-02,0.000000000000000000e+00,0.000000000000000000e+00
6.421444416046142578e+00,8.245791494846343994e-02,5.596864968538284302e-02,0.000000000000000000e+00,0.000000000000000000e+00
6.391839027404785156e+00,8.257092535495758057e-02,5.566129833459854126e-02,0.000000000000000000e+00,0.000000000000000000e+00
6.151609420776367188e+00,9.018684923648834229e-02,5.249740928411483765e-02,0.000000000000000000e+00,0.000000000000000000e+00
5.626896858215332031e+00,9.390750527381896973e-02,4.687821865081787109e-02,0.000000000000000000e+00,0.000000000000000000e+00
5.552522182464599609e+00,8.961893618106842041e-02,4.656333103775978088e-02,0.000000000000000000e+00,0.000000000000000000e+00
5.222617149353027344e+00,9.678656607866287231e-02,4.254751652479171753e-02,0.000000000000000000e+00,0.000000000000000000e+00
5.018179893493652344e+00,9.571239352226257324e-02,4.061055928468704224e-02,0.000000000000000000e+00,0.000000000000000000e+00
4.629992008209228516e+00,9.045320749282836914e-02,3.725459799170494080e-02,0.000000000000000000e+00,0.000000000000000000e+00
3.961075305938720703e+00,8.679836988449096680e-02,3.093091771006584167e-02,0.000000000000000000e+00,0.000000000000000000e+00
4.147802352905273438e+00,7.927069813013076782e-02,3.355095162987709045e-02,0.000000000000000000e+00,0.000000000000000000e+00
3.998572826385498047e+00,7.986535131931304932e-02,3.199919313192367554e-02,0.000000000000000000e+00,0.000000000000000000e+00
3.726599216461181641e+00,7.913275063037872314e-02,2.935271710157394409e-02,0.000000000000000000e+00,0.000000000000000000e+00
3.729995727539062500e+00,7.553949207067489624e-02,2.974600717425346375e-02,0.000000000000000000e+00,0.000000000000000000e+00
3.463679075241088867e+00,7.873413711786270142e-02,2.676337771117687225e-02,0.000000000000000000e+00,0.000000000000000000e+00
3.222144603729248047e+00,7.376924902200698853e-02,2.484451979398727417e-02,0.000000000000000000e+00,0.000000000000000000e+00
3.089058876037597656e+00,6.827782094478607178e-02,2.406280860304832458e-02,0.000000000000000000e+00,0.000000000000000000e+00
3.106994152069091797e+00,7.203397154808044434e-02,2.386654354631900787e-02,0.000000000000000000e+00,0.000000000000000000e+00
2.847698450088500977e+00,7.986111193895339966e-02,2.049087360501289368e-02,0.000000000000000000e+00,0.000000000000000000e+00
2.702363729476928711e+00,6.823337078094482422e-02,2.020030096173286438e-02,0.000000000000000000e+00,0.000000000000000000e+00
2.817507505416870117e+00,7.679164409637451172e-02,2.049591019749641418e-02,0.000000000000000000e+00,0.000000000000000000e+00
2.655110836029052734e+00,7.575604319572448730e-02,1.897550374269485474e-02,0.000000000000000000e+00,0.000000000000000000e+00
2.553780555725097656e+00,6.919948756694793701e-02,1.861785538494586945e-02,0.000000000000000000e+00,0.000000000000000000e+00
2.380724191665649414e+00,6.831176578998565674e-02,1.697606593370437622e-02,0.000000000000000000e+00,0.000000000000000000e+00
2.280910491943359375e+00,5.793585628271102905e-02,1.701552048325538635e-02,0.000000000000000000e+00,0.000000000000000000e+00
2.193373680114746094e+00,6.635399162769317627e-02,1.529833860695362091e-02,0.000000000000000000e+00,0.000000000000000000e+00
2.220628261566162109e+00,6.253189593553543091e-02,1.595309376716613770e-02,0.000000000000000000e+00,0.000000000000000000e+00
2.054132699966430664e+00,6.041721999645233154e-02,1.449960470199584961e-02,0.000000000000000000e+00,0.000000000000000000e+00
1.932161092758178711e+00,5.537754669785499573e-02,1.378385536372661591e-02,0.000000000000000000e+00,0.000000000000000000e+00
2.038185596466064453e+00,5.884462594985961914e-02,1.449739374220371246e-02,0.000000000000000000e+00,0.000000000000000000e+00
1.943729877471923828e+00,5.310742929577827454e-02,1.412655599415302277e-02,0.000000000000000000e+00,0.000000000000000000e+00
1.761766433715820312e+00,4.433996230363845825e-02,1.318366825580596924e-02,0.000000000000000000e+00,0.000000000000000000e+00
1.798916578292846680e+00,4.708681255578994751e-02,1.328048482537269592e-02,0.000000000000000000e+00,0.000000000000000000e+00
1.745806455612182617e+00,4.674992710351943970e-02,1.278307195752859116e-02,0.000000000000000000e+00,0.000000000000000000e+00
1.813306808471679688e+00,5.112808197736740112e-02,1.302026025950908661e-02,0.000000000000000000e+00,0.000000000000000000e+00
1.811500787734985352e+00,4.718606173992156982e-02,1.339640188962221146e-02,0.000000000000000000e+00,0.000000000000000000e+00
1.697193384170532227e+00,3.819712996482849121e-02,1.315222121775150299e-02,0.000000000000000000e+00,0.000000000000000000e+00
1.810581803321838379e+00,5.584492906928062439e-02,1.252132561057806015e-02,0.000000000000000000e+00,0.000000000000000000e+00
1.773724555969238281e+00,4.394301027059555054e-02,1.334294397383928299e-02,0.000000000000000000e+00,0.000000000000000000e+00
1.706635236740112305e+00,4.130079224705696106e-02,1.293627358973026276e-02,0.000000000000000000e+00,0.000000000000000000e+00
1.768829464912414551e+00,5.285150930285453796e-02,1.240314356982707977e-02,0.000000000000000000e+00,0.000000000000000000e+00
1.741553783416748047e+00,4.798310250043869019e-02,1.261722762137651443e-02,0.000000000000000000e+00,0.000000000000000000e+00
1.883726835250854492e+00,6.156774610280990601e-02,1.268049329519271851e-02,0.000000000000000000e+00,0.000000000000000000e+00
1.638104915618896484e+00,3.735519200563430786e-02,1.264553051441907883e-02,0.000000000000000000e+00,0.000000000000000000e+00
1.793597936630249023e+00,4.727021232247352600e-02,1.320895738899707794e-02,0.000000000000000000e+00,0.000000000000000000e+00
1.727650046348571777e+00,4.924594983458518982e-02,1.235190499573945999e-02,0.000000000000000000e+00,0.000000000000000000e+00
1.824950695037841797e+00,4.912704974412918091e-02,1.333680283278226852e-02,0.000000000000000000e+00,0.000000000000000000e+00
1.647168397903442383e+00,3.810514509677886963e-02,1.266117021441459656e-02,0.000000000000000000e+00,0.000000000000000000e+00
1.786557435989379883e+00,4.993341118097305298e-02,1.287223398685455322e-02,0.000000000000000000e+00,0.000000000000000000e+00
1.847317457199096680e+00,5.054352059960365295e-02,1.341882254928350449e-02,0.000000000000000000e+00,0.000000000000000000e+00
1.798597097396850586e+00,4.186717048287391663e-02,1.379925385117530823e-02,0.000000000000000000e+00,0.000000000000000000e+00
1.845506906509399414e+00,5.381797626614570618e-02,1.307327114045619965e-02,0.000000000000000000e+00,0.000000000000000000e+00
1.656590938568115234e+00,3.864398598670959473e-02,1.270151138305664062e-02,0.000000000000000000e+00,0.000000000000000000e+00
1.593204021453857422e+00,3.850919753313064575e-02,1.208112016320228577e-02,0.000000000000000000e+00,0.000000000000000000e+00
1.672013163566589355e+00,4.794398695230484009e-02,1.192573364824056625e-02,0.000000000000000000e+00,0.000000000000000000e+00
1.558574438095092773e+00,3.699987381696701050e-02,1.188575662672519684e-02,0.000000000000000000e+00,0.000000000000000000e+00
1.733530044555664062e+00,4.921210929751396179e-02,1.241408940404653549e-02,0.000000000000000000e+00,0.000000000000000000e+00
1.694490075111389160e+00,4.465638101100921631e-02,1.247926242649555206e-02,0.000000000000000000e+00,0.000000000000000000e+00
1.601820945739746094e+00,4.141466319561004639e-02,1.187674328684806824e-02,0.000000000000000000e+00,0.000000000000000000e+00
1.645601749420166016e+00,4.755311459302902222e-02,1.170070655643939972e-02,0.000000000000000000e+00,0.000000000000000000e+00
1.674966335296630859e+00,4.017204418778419495e-02,1.273245923221111298e-02,0.000000000000000000e+00,0.000000000000000000e+00
1.625862002372741699e+00,4.668261110782623291e-02,1.159035973250865936e-02,0.000000000000000000e+00,0.000000000000000000e+00
1.583497166633605957e+00,3.638913482427597046e-02,1.219605840742588043e-02,0.000000000000000000e+00,0.000000000000000000e+00
1.606674790382385254e+00,4.579204320907592773e-02,1.148754358291625977e-02,0.000000000000000000e+00,0.000000000000000000e+00
1.653274059295654297e+00,4.721566289663314819e-02,1.181117445230484009e-02,0.000000000000000000e+00,0.000000000000000000e+00
1.612532138824462891e+00,4.318115860223770142e-02,1.180720515549182892e-02,0.000000000000000000e+00,0.000000000000000000e+00
1.533150196075439453e+00,3.705629333853721619e-02,1.162587292492389679e-02,0.000000000000000000e+00,0.000000000000000000e+00
1.530018210411071777e+00,3.882392495870590210e-02,1.141778938472270966e-02,0.000000000000000000e+00,0.000000000000000000e+00
1.462417721748352051e+00,3.417902812361717224e-02,1.120627392083406448e-02,0.000000000000000000e+00,0.000000000000000000e+00
1.411873459815979004e+00,2.997165545821189880e-02,1.112156920135021210e-02,0.000000000000000000e+00,0.000000000000000000e+00
1.567240238189697266e+00,4.180792719125747681e-02,1.149160973727703094e-02,0.000000000000000000e+00,0.000000000000000000e+00
1.442509889602661133e+00,3.691721707582473755e-02,1.073337625712156296e-02,0.000000000000000000e+00,0.000000000000000000e+00
1.576687812805175781e+00,3.993560373783111572e-02,1.177331805229187012e-02,0.000000000000000000e+00,0.000000000000000000e+00
1.501967191696166992e+00,3.916105628013610840e-02,1.110356673598289490e-02,0.000000000000000000e+00,0.000000000000000000e+00
1.531803011894226074e+00,4.135874286293983459e-02,1.118215546011924744e-02,0.000000000000000000e+00,0.000000000000000000e+00
1.419173479080200195e+00,3.165299445390701294e-02,1.102643646299839020e-02,0.000000000000000000e+00,0.000000000000000000e+00
1.340115547180175781e+00,2.837413549423217773e-02,1.056374236941337585e-02,0.000000000000000000e+00,0.000000000000000000e+00
1.326174974441528320e+00,2.903902344405651093e-02,1.035784743726253510e-02,0.000000000000000000e+00,0.000000000000000000e+00
1.346226215362548828e+00,3.178087994456291199e-02,1.028417516499757767e-02,0.000000000000000000e+00,0.000000000000000000e+00
1.326727151870727539e+00,3.080492466688156128e-02,1.018677838146686554e-02,0.000000000000000000e+00,0.000000000000000000e+00
1.395986676216125488e+00,3.715184703469276428e-02,1.024468243122100830e-02,0.000000000000000000e+00,0.000000000000000000e+00
1.353169798851013184e+00,3.033188357949256897e-02,1.049850881099700928e-02,0.000000000000000000e+00,0.000000000000000000e+00
1.300166726112365723e+00,3.355319425463676453e-02,9.646347723901271820e-03,0.000000000000000000e+00,0.000000000000000000e+00
1.343709349632263184e+00,3.261254727840423584e-02,1.017583906650543213e-02,0.000000000000000000e+00,0.000000000000000000e+00
1.289333581924438477e+00,3.374239057302474976e-02,9.519096463918685913e-03,0.000000000000000000e+00,0.000000000000000000e+00
1.308128118515014648e+00,2.864586934447288513e-02,1.021669432520866394e-02,0.000000000000000000e+00,0.000000000000000000e+00
1.315324068069458008e+00,3.144191950559616089e-02,1.000904757529497147e-02,0.000000000000000000e+00,0.000000000000000000e+00
1.197129607200622559e+00,2.246659062802791595e-02,9.724636562168598175e-03,0.000000000000000000e+00,0.000000000000000000e+00
1.226346850395202637e+00,3.200079500675201416e-02,9.063389152288436890e-03,0.000000000000000000e+00,0.000000000000000000e+00
1.242163896560668945e+00,3.159195184707641602e-02,9.262444451451301575e-03,0.000000000000000000e+00,0.000000000000000000e+00
1.141142368316650391e+00,2.989675849676132202e-02,8.421747013926506042e-03,0.000000000000000000e+00,0.000000000000000000e+00
1.112319946289062500e+00,2.460006996989250183e-02,8.663192391395568848e-03,0.000000000000000000e+00,0.000000000000000000e+00
1.201141119003295898e+00,3.193235397338867188e-02,8.818175643682479858e-03,0.000000000000000000e+00,0.000000000000000000e+00
1.138286352157592773e+00,2.427871525287628174e-02,8.954992517828941345e-03,0.000000000000000000e+00,0.000000000000000000e+00
1.121845722198486328e+00,2.487879991531372070e-02,8.730577304959297180e-03,0.000000000000000000e+00,0.000000000000000000e+00
1.120097756385803223e+00,2.827652916312217712e-02,8.373324759304523468e-03,0.000000000000000000e+00,0.000000000000000000e+00
9.873105883598327637e-01,1.965529471635818481e-02,7.907576858997344971e-03,0.000000000000000000e+00,0.000000000000000000e+00
1.020857691764831543e+00,2.106247842311859131e-02,8.102329447865486145e-03,0.000000000000000000e+00,0.000000000000000000e+00
9.925560951232910156e-01,2.105690166354179382e-02,7.819870486855506897e-03,0.000000000000000000e+00,0.000000000000000000e+00
9.754856228828430176e-01,2.496607974171638489e-02,7.258248049765825272e-03,0.000000000000000000e+00,0.000000000000000000e+00
9.380882382392883301e-01,2.196469902992248535e-02,7.184412330389022827e-03,0.000000000000000000e+00,0.000000000000000000e+00
9.269577860832214355e-01,2.773497626185417175e-02,6.496080197393894196e-03,0.000000000000000000e+00,0.000000000000000000e+00
9.416501522064208984e-01,2.200127765536308289e-02,7.216373458504676819e-03,0.000000000000000000e+00,0.000000000000000000e+00
8.615021705627441406e-01,1.712336577475070953e-02,6.902685388922691345e-03,0.000000000000000000e+00,0.000000000000000000e+00
8.269013762474060059e-01,1.847568899393081665e-02,6.421444937586784363e-03,0.000000000000000000e+00,0.000000000000000000e+00
7.840775251388549805e-01,1.722030714154243469e-02,6.118744611740112305e-03,0.000000000000000000e+00,0.000000000000000000e+00
7.855350375175476074e-01,2.198491618037223816e-02,5.656858906149864197e-03,0.000000000000000000e+00,0.000000000000000000e+00
8.484423756599426270e-01,2.539750933647155762e-02,5.944672971963882446e-03,0.000000000000000000e+00,0.000000000000000000e+00
7.126913070678710938e-01,1.644120737910270691e-02,5.482792388647794724e-03,0.000000000000000000e+00,0.000000000000000000e+00
6.854056119918823242e-01,1.922257617115974426e-02,4.931798204779624939e-03,0.000000000000000000e+00,0.000000000000000000e+00
6.944075822830200195e-01,2.127015031874179840e-02,4.817061126232147217e-03,0.000000000000000000e+00,0.000000000000000000e+00
6.470741033554077148e-01,1.933303847908973694e-02,4.537437111139297485e-03,0.000000000000000000e+00,0.000000000000000000e+00
6.018246412277221680e-01,1.778415217995643616e-02,4.239831119775772095e-03,0.000000000000000000e+00,0.000000000000000000e+00
5.808727741241455078e-01,2.132779359817504883e-02,3.675948129966855049e-03,0.000000000000000000e+00,0.000000000000000000e+00
6.007812619209289551e-01,1.976447552442550659e-02,4.031364805996417999e-03,0.000000000000000000e+00,0.000000000000000000e+00
5.694418549537658691e-01,2.037745527923107147e-02,3.656673245131969452e-03,0.000000000000000000e+00,0.000000000000000000e+00
5.816591978073120117e-01,2.194316685199737549e-02,3.622275078669190407e-03,0.000000000000000000e+00,0.000000000000000000e+00
5.249276161193847656e-01,2.334381081163883209e-02,2.914895303547382355e-03,0.000000000000000000e+00,0.000000000000000000e+00
5.147358179092407227e-01,2.115976437926292419e-02,3.031382104381918907e-03,0.000000000000000000e+00,0.000000000000000000e+00
5.254108905792236328e-01,2.394503355026245117e-02,2.859605476260185242e-03,0.000000000000000000e+00,0.000000000000000000e+00
5.134742856025695801e-01,2.317288517951965332e-02,2.817454282194375992e-03,0.000000000000000000e+00,0.000000000000000000e+00
4.900900721549987793e-01,2.320815436542034149e-02,2.580085536465048790e-03,0.000000000000000000e+00,0.000000000000000000e+00
4.641602933406829834e-01,2.439198084175586700e-02,2.202404895797371864e-03,0.000000000000000000e+00,0.000000000000000000e+00
4.428016245365142822e-01,2.338832058012485504e-02,2.089184243232011795e-03,0.000000000000000000e+00,0.000000000000000000e+00
4.605235457420349121e-01,2.625332213938236237e-02,1.979903085157275200e-03,0.000000000000000000e+00,0.000000000000000000e+00
4.386155009269714355e-01,2.311788126826286316e-02,2.074366901069879532e-03,0.000000000000000000e+00,0.000000000000000000e+00
4.514067173004150391e-01,2.538970857858657837e-02,1.975096296519041061e-03,0.000000000000000000e+00,0.000000000000000000e+00
4.115132093429565430e-01,2.522520907223224640e-02,1.592611079104244709e-03,0.000000000000000000e+00,0.000000000000000000e+00
4.355259835720062256e-01,2.746520750224590302e-02,1.608739141374826431e-03,0.000000000000000000e+00,0.000000000000000000e+00
3.927251696586608887e-01,2.477808482944965363e-02,1.449443283490836620e-03,0.000000000000000000e+00,0.000000000000000000e+00
3.820554614067077637e-01,2.476516179740428925e-02,1.344038173556327820e-03,0.000000000000000000e+00,0.000000000000000000e+00
4.133920669555664062e-01,2.721978537738323212e-02,1.411942299455404282e-03,0.000000000000000000e+00,0.000000000000000000e+00
3.790472745895385742e-01,2.531224116683006287e-02,1.259248703718185425e-03,0.000000000000000000e+00,0.000000000000000000e+00
3.656583428382873535e-01,2.475747093558311462e-02,1.180836348794400692e-03,0.000000000000000000e+00,0.000000000000000000e+00
3.639324307441711426e-01,2.544514089822769165e-02,1.094810198992490768e-03,0.000000000000000000e+00,0.000000000000000000e+00
3.457339406013488770e-01,2.425374090671539307e-02,1.031965133734047413e-03,0.000000000000000000e+00,0.000000000000000000e+00
3.495329022407531738e-01,2.437826246023178101e-02,1.057502813637256622e-03,0.000000000000000000e+00,0.000000000000000000e+00
3.335387110710144043e-01,2.398082427680492401e-02,9.373046923428773880e-04,0.000000000000000000e+00,0.000000000000000000e+00
3.142499029636383057e-01,2.229692041873931885e-02,9.128069505095481873e-04,0.000000000000000000e+00,0.000000000000000000e+00
2.963708341121673584e-01,2.193630486726760864e-02,7.700779242441058159e-04,0.000000000000000000e+00,0.000000000000000000e+00
2.884266376495361328e-01,2.059440687298774719e-02,8.248257800005376339e-04,0.000000000000000000e+00,0.000000000000000000e+00
2.884909808635711670e-01,2.047081477940082550e-02,8.378283819183707237e-04,0.000000000000000000e+00,0.000000000000000000e+00
2.850577533245086670e-01,2.133265510201454163e-02,7.173120393417775631e-04,0.000000000000000000e+00,0.000000000000000000e+00
2.771434783935546875e-01,2.099537104368209839e-02,6.718975491821765900e-04,0.000000000000000000e+00,0.000000000000000000e+00
3.167472779750823975e-01,2.480505034327507019e-02,6.869676290079951286e-04,0.000000000000000000e+00,0.000000000000000000e+00
2.608059048652648926e-01,1.993595622479915619e-02,6.144634680822491646e-04,0.000000000000000000e+00,0.000000000000000000e+00
2.527562081813812256e-01,1.929657906293869019e-02,5.979042616672813892e-04,0.000000000000000000e+00,0.000000000000000000e+00
2.534691393375396729e-01,1.945064961910247803e-02,5.896264337934553623e-04,0.000000000000000000e+00,0.000000000000000000e+00
2.332774400711059570e-01,1.756132021546363831e-02,5.766424583271145821e-04,0.000000000000000000e+00,0.000000000000000000e+00
2.340075522661209106e-01,1.789842173457145691e-02,5.502332933247089386e-04,0.000000000000000000e+00,0.000000000000000000e+00
2.180179953575134277e-01,1.651272922754287720e-02,5.289069376885890961e-04,0.000000000000000000e+00,0.000000000000000000e+00
2.279244661331176758e-01,1.796122826635837555e-02,4.831217811442911625e-04,0.000000000000000000e+00,0.000000000000000000e+00
2.188026160001754761e-01,1.769656129181385040e-02,4.183700366411358118e-04,0.000000000000000000e+00,0.000000000000000000e+00
2.276278883218765259e-01,1.873697154223918915e-02,4.025817033834755421e-04,0.000000000000000000e+00,0.000000000000000000e+00
2.085562497377395630e-01,1.693077385425567627e-02,3.924850607290863991e-04,0.000000000000000000e+00,0.000000000000000000e+00
2.048098742961883545e-01,1.723582297563552856e-02,3.245164989493787289e-04,0.000000000000000000e+00,0.000000000000000000e+00
2.071724683046340942e-01,1.739574223756790161e-02,3.321504336781799793e-04,0.000000000000000000e+00,0.000000000000000000e+00
1.995562016963958740e-01,1.676644384860992432e-02,3.189176495652645826e-04,0.000000000000000000e+00,0.000000000000000000e+00
1.920603215694427490e-01,1.633872091770172119e-02,2.867310831788927317e-04,0.000000000000000000e+00,0.000000000000000000e+00
1.964640170335769653e-01,1.731229200959205627e-02,2.334110613446682692e-04,0.000000000000000000e+00,0.000000000000000000e+00
1.895658671855926514e-01,1.666446588933467865e-02,2.292121062055230141e-04,0.000000000000000000e+00,0.000000000000000000e+00
1.630229502916336060e-01,1.415400020778179169e-02,2.148295025108382106e-04,0.000000000000000000e+00,0.000000000000000000e+00
1.689471453428268433e-01,1.465361937880516052e-02,2.241094480268657207e-04,0.000000000000000000e+00,0.000000000000000000e+00
1.742611080408096313e-01,1.568374782800674438e-02,1.742362801451236010e-04,0.000000000000000000e+00,0.000000000000000000e+00
1.806155890226364136e-01,1.606323570013046265e-02,1.998322841245681047e-04,0.000000000000000000e+00,0.000000000000000000e+00
1.663268804550170898e-01,1.487534120678901672e-02,1.757347781676799059e-04,0.000000000000000000e+00,0.000000000000000000e+00
1.652012467384338379e-01,1.479539088904857635e-02,1.724733883747830987e-04,0.000000000000000000e+00,0.000000000000000000e+00
1.678059399127960205e-01,1.526812277734279633e-02,1.512470771558582783e-04,0.000000000000000000e+00,0.000000000000000000e+00
1.397930681705474854e-01,1.257453858852386475e-02,1.404768845532089472e-04,0.000000000000000000e+00,0.000000000000000000e+00
1.736444681882858276e-01,1.596621237695217133e-02,1.398234744556248188e-04,0.000000000000000000e+00,0.000000000000000000e+00
1.700379997491836548e-01,1.569350436329841614e-02,1.310296647716313601e-04,0.000000000000000000e+00,0.000000000000000000e+00
1.439560949802398682e-01,1.317593827843666077e-02,1.219671466969884932e-04,0.000000000000000000e+00,0.000000000000000000e+00
1.329669654369354248e-01,1.230478100478649139e-02,9.919155127136036754e-05,0.000000000000000000e+00,0.000000000000000000e+00
1.216612458229064941e-01,1.117137260735034943e-02,9.947520447894930840e-05,0.000000000000000000e+00,0.000000000000000000e+00
1.614324748516082764e-01,1.518839783966541290e-02,9.548492380417883396e-05,0.000000000000000000e+00,0.000000000000000000e+00
1.553952544927597046e-01,1.463587861508131027e-02,9.036467236001044512e-05,0.000000000000000000e+00,0.000000000000000000e+00
1.382282078266143799e-01,1.289211958646774292e-02,9.307018626714125276e-05,0.000000000000000000e+00,0.000000000000000000e+00
1.327556520700454712e-01,1.214505266398191452e-02,1.130512537201866508e-04,0.000000000000000000e+00,0.000000000000000000e+00
1.259141266345977783e-01,1.145131606608629227e-02,1.140095992013812065e-04,0.000000000000000000e+00,0.000000000000000000e+00
1.336495876312255859e-01,1.231360621750354767e-02,1.051352664944715798e-04,0.000000000000000000e+00,0.000000000000000000e+00
1.545609384775161743e-01,1.442033238708972931e-02,1.035761524690315127e-04,0.000000000000000000e+00,0.000000000000000000e+00
1.343971639871597290e-01,1.232463493943214417e-02,1.115081977332010865e-04,0.000000000000000000e+00,0.000000000000000000e+00
1.343856751918792725e-01,1.213786285370588303e-02,1.300704316236078739e-04,0.000000000000000000e+00,0.000000000000000000e+00
1.440804600715637207e-01,1.307599712163209915e-02,1.332048705080524087e-04,0.000000000000000000e+00,0.000000000000000000e+00
1.334124207496643066e-01,1.210988126695156097e-02,1.231360656674951315e-04,0.000000000000000000e+00,0.000000000000000000e+00
1.258836835622787476e-01,1.153829693794250488e-02,1.050071005010977387e-04,0.000000000000000000e+00,0.000000000000000000e+00
1.321938782930374146e-01,1.209669746458530426e-02,1.122690227930434048e-04,0.000000000000000000e+00,0.000000000000000000e+00
1.535787731409072876e-01,1.407481171190738678e-02,1.283065794268622994e-04,0.000000000000000000e+00,0.000000000000000000e+00
1.332502514123916626e-01,1.189646683633327484e-02,1.428558316547423601e-04,0.000000000000000000e+00,0.000000000000000000e+00
1.276880204677581787e-01,1.146011706441640854e-02,1.308685314143076539e-04,0.000000000000000000e+00,0.000000000000000000e+00
1.448549777269363403e-01,1.323444768786430359e-02,1.251049980055540800e-04,0.000000000000000000e+00,0.000000000000000000e+00
1.236842721700668335e-01,1.103108469396829605e-02,1.337342546321451664e-04,0.000000000000000000e+00,0.000000000000000000e+00
1.232690885663032532e-01,1.100645028054714203e-02,1.320457959081977606e-04,0.000000000000000000e+00,0.000000000000000000e+00
1.230700612068176270e-01,1.110241282731294632e-02,1.204593281727284193e-04,0.000000000000000000e+00,0.000000000000000000e+00
1.286529451608657837e-01,1.148735545575618744e-02,1.377939188387244940e-04,0.000000000000000000e+00,0.000000000000000000e+00
1.243179365992546082e-01,1.108698081225156784e-02,1.344812626484781504e-04,0.000000000000000000e+00,0.000000000000000000e+00
1.173495203256607056e-01,1.042105816304683685e-02,1.313893299084156752e-04,0.000000000000000000e+00,0.000000000000000000e+00
1.174714714288711548e-01,1.043867971748113632e-02,1.308467180933803320e-04,0.000000000000000000e+00,0.000000000000000000e+00
1.053616479039192200e-01,9.349928237497806549e-03,1.186236841022036970e-04,0.000000000000000000e+00,0.000000000000000000e+00
1.182989254593849182e-01,1.053351350128650665e-02,1.296379632549360394e-04,0.000000000000000000e+00,0.000000000000000000e+00
1.245526373386383057e-01,1.106340624392032623e-02,1.391857513226568699e-04,0.000000000000000000e+00,0.000000000000000000e+00
1.311305314302444458e-01,1.146855764091014862e-02,1.644495641812682152e-04,0.000000000000000000e+00,0.000000000000000000e+00
1.208285242319107056e-01,1.044328510761260986e-02,1.639566908124834299e-04,0.000000000000000000e+00,0.000000000000000000e+00
9.546682238578796387e-02,8.069820702075958252e-03,1.476861943956464529e-04,0.000000000000000000e+00,0.000000000000000000e+00
1.004363447427749634e-01,8.469485677778720856e-03,1.574149355292320251e-04,0.000000000000000000e+00,0.000000000000000000e+00
1.142190098762512207e-01,9.915819391608238220e-03,1.506081025581806898e-04,0.000000000000000000e+00,0.000000000000000000e+00
1.081053242087364197e-01,9.366467595100402832e-03,1.444064837414771318e-04,0.000000000000000000e+00,0.000000000000000000e+00
1.234935894608497620e-01,1.080637983977794647e-02,1.542978861834853888e-04,0.000000000000000000e+00,0.000000000000000000e+00
1.120395138859748840e-01,9.502203203737735748e-03,1.701748551568016410e-04,0.000000000000000000e+00,0.000000000000000000e+00
1.227048411965370178e-01,1.073289569467306137e-02,1.537588541395962238e-04,0.000000000000000000e+00,0.000000000000000000e+00
9.866178035736083984e-02,8.288517594337463379e-03,1.577660732436925173e-04,0.000000000000000000e+00,0.000000000000000000e+00
8.175438642501831055e-02,6.700241006910800934e-03,1.475197495892643929e-04,0.000000000000000000e+00,0.000000000000000000e+00
9.098582714796066284e-02,7.777320221066474915e-03,1.321262679994106293e-04,0.000000000000000000e+00,0.000000000000000000e+00
1.070771068334579468e-01,9.343042969703674316e-03,1.364668132737278938e-04,0.000000000000000000e+00,0.000000000000000000e+00
1.046396568417549133e-01,9.052793495357036591e-03,1.411171979270875454e-04,0.000000000000000000e+00,0.000000000000000000e+00
1.027269586920738220e-01,8.728073909878730774e-03,1.544622064102441072e-04,0.000000000000000000e+00,0.000000000000000000e+00
9.880195558071136475e-02,8.527733385562896729e-03,1.352461986243724823e-04,0.000000000000000000e+00,0.000000000000000000e+00
9.215721487998962402e-02,7.835879921913146973e-03,1.379841705784201622e-04,0.000000000000000000e+00,0.000000000000000000e+00
9.099940955638885498e-02,7.778168655931949615e-03,1.321772870142012835e-04,0.000000000000000000e+00,0.000000000000000000e+00
8.946561813354492188e-02,7.532657124102115631e-03,1.413904537912458181e-04,0.000000000000000000e+00,0.000000000000000000e+00
9.333299100399017334e-02,7.933111861348152161e-03,1.400187611579895020e-04,0.000000000000000000e+00,0.000000000000000000e+00
1.047303378582000732e-01,9.030858054757118225e-03,1.442175707779824734e-04,0.000000000000000000e+00,0.000000000000000000e+00
9.651605784893035889e-02,8.252104744315147400e-03,1.399500615661963820e-04,0.000000000000000000e+00,0.000000000000000000e+00
1.090613752603530884e-01,9.472895413637161255e-03,1.433242141501978040e-04,0.000000000000000000e+00,0.000000000000000000e+00
9.167573601007461548e-02,7.810779381543397903e-03,1.356793800368905067e-04,0.000000000000000000e+00,0.000000000000000000e+00
9.442099928855895996e-02,8.052560500800609589e-03,1.389539393130689859e-04,0.000000000000000000e+00,0.000000000000000000e+00
9.563408792018890381e-02,8.157553151249885559e-03,1.405855728080496192e-04,0.000000000000000000e+00,0.000000000000000000e+00
9.931840002536773682e-02,8.662741631269454956e-03,1.269097992917522788e-04,0.000000000000000000e+00,0.000000000000000000e+00
1.038125008344650269e-01,9.024713188409805298e-03,1.356536522507667542e-04,0.000000000000000000e+00,0.000000000000000000e+00
8.792554587125778198e-02,7.472438737750053406e-03,1.320115698035806417e-04,0.000000000000000000e+00,0.000000000000000000e+00
9.072686731815338135e-02,7.693268824368715286e-03,1.379417371936142445e-04,0.000000000000000000e+00,0.000000000000000000e+00
8.769059926271438599e-02,7.345744408667087555e-03,1.423315989086404443e-04,0.000000000000000000e+00,0.000000000000000000e+00
7.723770290613174438e-02,6.282090675085783005e-03,1.441680069547146559e-04,0.000000000000000000e+00,0.000000000000000000e+00
9.662795066833496094e-02,8.416879922151565552e-03,1.245915336767211556e-04,0.000000000000000000e+00,0.000000000000000000e+00
9.776736795902252197e-02,8.503882214426994324e-03,1.272853987757116556e-04,0.000000000000000000e+00,0.000000000000000000e+00
8.695395290851593018e-02,7.321795448660850525e-03,1.373599807266145945e-04,0.000000000000000000e+00,0.000000000000000000e+00
8.333638310432434082e-02,6.922289729118347168e-03,1.411348348483443260e-04,0.000000000000000000e+00,0.000000000000000000e+00
9.457529336214065552e-02,7.927622646093368530e-03,1.529906585346907377e-04,0.000000000000000000e+00,0.000000000000000000e+00
7.774462550878524780e-02,6.442586891353130341e-03,1.331875391770154238e-04,0.000000000000000000e+00,0.000000000000000000e+00
7.888834178447723389e-02,6.635987199842929840e-03,1.252847287105396390e-04,0.000000000000000000e+00,0.000000000000000000e+00
8.367633074522018433e-02,7.113490253686904907e-03,1.254142844118177891e-04,0.000000000000000000e+00,0.000000000000000000e+00
1.024627611041069031e-01,8.977274410426616669e-03,1.269001222681254148e-04,0.000000000000000000e+00,0.000000000000000000e+00
9.611847996711730957e-02,8.428666740655899048e-03,1.183181375381536782e-04,0.000000000000000000e+00,0.000000000000000000e+00
8.211277425289154053e-02,6.848468445241451263e-03,1.362808543490245938e-04,0.000000000000000000e+00,0.000000000000000000e+00
9.719902276992797852e-02,8.382569998502731323e-03,1.337332068942487240e-04,0.000000000000000000e+00,0.000000000000000000e+00
9.354957938194274902e-02,8.079090155661106110e-03,1.275867834920063615e-04,0.000000000000000000e+00,0.000000000000000000e+00
8.442761749029159546e-02,7.111027836799621582e-03,1.331733656115829945e-04,0.000000000000000000e+00,0.000000000000000000e+00
7.723221927881240845e-02,6.473513320088386536e-03,1.249709166586399078e-04,0.000000000000000000e+00,0.000000000000000000e+00
7.825632393360137939e-02,6.622388958930969238e-03,1.203243664349429309e-04,0.000000000000000000e+00,0.000000000000000000e+00
7.376745343208312988e-02,6.251913961023092270e-03,1.124831105698831379e-04,0.000000000000000000e+00,0.000000000000000000e+00
7.401643693447113037e-02,6.181413773447275162e-03,1.220229605678468943e-04,0.000000000000000000e+00,0.000000000000000000e+00
7.373214513063430786e-02,6.262984126806259155e-03,1.110230368794873357e-04,0.000000000000000000e+00,0.000000000000000000e+00
7.725358754396438599e-02,6.583289243280887604e-03,1.142069522757083178e-04,0.000000000000000000e+00,0.000000000000000000e+00
9.401106089353561401e-02,8.257295005023479462e-03,1.143810804933309555e-04,0.000000000000000000e+00,0.000000000000000000e+00
7.780388742685317993e-02,6.597703322768211365e-03,1.182685227831825614e-04,0.000000000000000000e+00,0.000000000000000000e+00
7.811131328344345093e-02,6.627387832850217819e-03,1.183744097943417728e-04,0.000000000000000000e+00,0.000000000000000000e+00
7.550286501646041870e-02,6.354313343763351440e-03,1.195973163703456521e-04,0.000000000000000000e+00,0.000000000000000000e+00
8.071625977754592896e-02,6.936444900929927826e-03,1.135180791607126594e-04,0.000000000000000000e+00,0.000000000000000000e+00
7.154551893472671509e-02,6.019385531544685364e-03,1.135166094172745943e-04,0.000000000000000000e+00,0.000000000000000000e+00
7.287779450416564941e-02,6.158116739243268967e-03,1.129662559833377600e-04,0.000000000000000000e+00,0.000000000000000000e+00
8.343228697776794434e-02,7.275220472365617752e-03,1.068007550202310085e-04,0.000000000000000000e+00,0.000000000000000000e+00
8.621225506067276001e-02,7.466860115528106689e-03,1.154365600086748600e-04,0.000000000000000000e+00,0.000000000000000000e+00
7.693073898553848267e-02,6.623892113566398621e-03,1.069181598722934723e-04,0.000000000000000000e+00,0.000000000000000000e+00
5.694029480218887329e-02,4.704152233898639679e-03,9.898775897454470396e-05,0.000000000000000000e+00,0.000000000000000000e+00
7.527376711368560791e-02,6.566238589584827423e-03,9.611381392460316420e-05,0.000000000000000000e+00,0.000000000000000000e+00
7.701924443244934082e-02,6.622246466577053070e-03,1.079677458619698882e-04,0.000000000000000000e+00,0.000000000000000000e+00
6.748688966035842896e-02,5.668658763170242310e-03,1.080030269804410636e-04,0.000000000000000000e+00,0.000000000000000000e+00
7.634321600198745728e-02,6.550162564963102341e-03,1.084159375750459731e-04,0.000000000000000000e+00,0.000000000000000000e+00
6.234155595302581787e-02,5.126923788338899612e-03,1.107231946662068367e-04,0.000000000000000000e+00,0.000000000000000000e+00
7.382238656282424927e-02,6.292227189987897873e-03,1.090011792257428169e-04,0.000000000000000000e+00,0.000000000000000000e+00
6.599602848291397095e-02,5.539861973375082016e-03,1.059740970958955586e-04,0.000000000000000000e+00,0.000000000000000000e+00
7.202464342117309570e-02,6.217146757990121841e-03,9.853175288299098611e-05,0.000000000000000000e+00,0.000000000000000000e+00
6.877781450748443604e-02,5.893346853554248810e-03,9.844351734500378370e-05,0.000000000000000000e+00,0.000000000000000000e+00
7.516451925039291382e-02,6.532516796141862869e-03,9.839350241236388683e-05,0.000000000000000000e+00,0.000000000000000000e+00
6.276303529739379883e-02,5.333275999873876572e-03,9.430274076294153929e-05,0.000000000000000000e+00,0.000000000000000000e+00
6.691781431436538696e-02,5.694700870662927628e-03,9.970807877834886312e-05,0.000000000000000000e+00,0.000000000000000000e+00
6.817735731601715088e-02,5.808347836136817932e-03,1.009387488011270761e-04,0.000000000000000000e+00,0.000000000000000000e+00
8.620321005582809448e-02,7.688684388995170593e-03,9.316360228694975376e-05,0.000000000000000000e+00,0.000000000000000000e+00
6.219900399446487427e-02,5.332410335540771484e-03,8.874898776412010193e-05,0.000000000000000000e+00,0.000000000000000000e+00
6.808634847402572632e-02,5.779385566711425781e-03,1.029249178827740252e-04,0.000000000000000000e+00,0.000000000000000000e+00
6.683264672756195068e-02,5.564698949456214905e-03,1.118565996875986457e-04,0.000000000000000000e+00,0.000000000000000000e+00
7.195241749286651611e-02,6.182282231748104095e-03,1.012959473882801831e-04,0.000000000000000000e+00,0.000000000000000000e+00
7.159318774938583374e-02,6.191444583237171173e-03,9.678742208052426577e-05,0.000000000000000000e+00,0.000000000000000000e+00
6.217776238918304443e-02,5.271141417324542999e-03,9.466351184528321028e-05,0.000000000000000000e+00,0.000000000000000000e+00
5.804701894521713257e-02,4.917877726256847382e-03,8.868240547599270940e-05,0.000000000000000000e+00,0.000000000000000000e+00
6.938205659389495850e-02,6.050257012248039246e-03,8.879485540091991425e-05,0.000000000000000000e+00,0.000000000000000000e+00
6.441875547170639038e-02,5.607306025922298431e-03,8.345695096068084240e-05,0.000000000000000000e+00,0.000000000000000000e+00
6.315079331398010254e-02,5.409738980233669281e-03,9.053398389369249344e-05,0.000000000000000000e+00,0.000000000000000000e+00
6.291390210390090942e-02,5.420975852757692337e-03,8.704145147930830717e-05,0.000000000000000000e+00,0.000000000000000000e+00
5.745372176170349121e-02,4.836510401219129562e-03,9.088615479413419962e-05,0.000000000000000000e+00,0.000000000000000000e+00
6.436603516340255737e-02,5.616687238216400146e-03,8.199163858080282807e-05,0.000000000000000000e+00,0.000000000000000000e+00
6.241142004728317261e-02,5.361251533031463623e-03,8.798905764706432819e-05,0.000000000000000000e+00,0.000000000000000000e+00
5.396597832441329956e-02,4.455529153347015381e-03,9.410687198396772146e-05,0.000000000000000000e+00,0.000000000000000000e+00
6.235910207033157349e-02,5.357050336897373199e-03,8.788599370745941997e-05,0.000000000000000000e+00,0.000000000000000000e+00
4.911582916975021362e-02,4.063286818563938141e-03,8.482961857225745916e-05,0.000000000000000000e+00,0.000000000000000000e+00
7.414127886295318604e-02,6.580664310604333878e-03,8.334632730111479759e-05,0.000000000000000000e+00,0.000000000000000000e+00
6.193116679787635803e-02,5.371250212192535400e-03,8.218665607273578644e-05,0.000000000000000000e+00,0.000000000000000000e+00
5.393427610397338867e-02,4.584793001413345337e-03,8.086347952485084534e-05,0.000000000000000000e+00,0.000000000000000000e+00
5.164654552936553955e-02,4.327696748077869415e-03,8.369577699340879917e-05,0.000000000000000000e+00,0.000000000000000000e+00
5.227245762944221497e-02,4.403252154588699341e-03,8.239936141762882471e-05,0.000000000000000000e+00,0.000000000000000000e+00
4.937589168548583984e-02,4.076581448316574097e-03,8.610077929915860295e-05,0.000000000000000000e+00,0.000000000000000000e+00
4.370840266346931458e-02,3.496169578284025192e-03,8.746706589590758085e-05,0.000000000000000000e+00,0.000000000000000000e+00
5.268238112330436707e-02,4.377501085400581360e-03,8.907371375244110823e-05,0.000000000000000000e+00,0.000000000000000000e+00
5.434234440326690674e-02,4.610593430697917938e-03,8.236410212703049183e-05,0.000000000000000000e+00,0.000000000000000000e+00
3.579400107264518738e-02,2.780689625069499016e-03,7.987103890627622604e-05,0.000000000000000000e+00,0.000000000000000000e+00
5.538245290517807007e-02,4.738454241305589676e-03,7.997912325663492084e-05,0.000000000000000000e+00,0.000000000000000000e+00
5.588506162166595459e-02,4.805234726518392563e-03,7.832711708033457398e-05,0.000000000000000000e+00,0.000000000000000000e+00
5.127030238509178162e-02,4.341075662523508072e-03,7.859547622501850128e-05,0.000000000000000000e+00,0.000000000000000000e+00
4.579521343111991882e-02,3.850125009194016457e-03,7.293961243703961372e-05,0.000000000000000000e+00,0.000000000000000000e+00
4.830841347575187683e-02,4.069262649863958359e-03,7.615785580128431320e-05,0.000000000000000000e+00,0.000000000000000000e+00
6.274509429931640625e-02,5.529375746846199036e-03,7.451332930941134691e-05,0.000000000000000000e+00,0.000000000000000000e+00
3.937384858727455139e-02,3.170818556100130081e-03,7.665665179956704378e-05,0.000000000000000000e+00,0.000000000000000000e+00
4.718610271811485291e-02,3.953332547098398209e-03,7.652778731426224113e-05,0.000000000000000000e+00,0.000000000000000000e+00
4.596602916717529297e-02,3.894759109243750572e-03,7.018441101536154747e-05,0.000000000000000000e+00,0.000000000000000000e+00
6.123901531100273132e-02,5.439807660877704620e-03,6.840939749963581562e-05,0.000000000000000000e+00,0.000000000000000000e+00
4.944518208503723145e-02,4.282472655177116394e-03,6.620453495997935534e-05,0.000000000000000000e+00,0.000000000000000000e+00
5.321222916245460510e-02,4.654688294976949692e-03,6.665345426881685853e-05,0.000000000000000000e+00,0.000000000000000000e+00
3.734791278839111328e-02,2.969280816614627838e-03,7.655103399883955717e-05,0.000000000000000000e+00,0.000000000000000000e+00
4.882233217358589172e-02,4.173223860561847687e-03,7.090096187312155962e-05,0.000000000000000000e+00,0.000000000000000000e+00
4.033181816339492798e-02,3.318706527352333069e-03,7.144754636101424694e-05,0.000000000000000000e+00,0.000000000000000000e+00
5.317264422774314880e-02,4.653211217373609543e-03,6.640531501034274697e-05,0.000000000000000000e+00,0.000000000000000000e+00
4.116662219166755676e-02,3.459419589489698410e-03,6.572424899786710739e-05,0.000000000000000000e+00,0.000000000000000000e+00
4.085000976920127869e-02,3.338202601298689842e-03,7.467984687536954880e-05,0.000000000000000000e+00,0.000000000000000000e+00
5.493237450718879700e-02,4.795788787305355072e-03,6.974484858801588416e-05,0.000000000000000000e+00,0.000000000000000000e+00
4.715263471007347107e-02,3.995542880147695541e-03,7.197204104159027338e-05,0.000000000000000000e+00,0.000000000000000000e+00
4.324544593691825867e-02,3.645715769380331039e-03,6.788287282688543200e-05,0.000000000000000000e+00,0.000000000000000000e+00
5.134698748588562012e-02,4.459388088434934616e-03,6.753105844836682081e-05,0.000000000000000000e+00,0.000000000000000000e+00
4.002881050109863281e-02,3.325259545817971230e-03,6.776214286219328642e-05,0.000000000000000000e+00,0.000000000000000000e+00
4.809664562344551086e-02,4.148016683757305145e-03,6.616477912757545710e-05,0.000000000000000000e+00,0.000000000000000000e+00
4.077412560582160950e-02,3.402814036235213280e-03,6.745987047906965017e-05,0.000000000000000000e+00,0.000000000000000000e+00
4.392992705106735229e-02,3.790765302255749702e-03,6.022273009875789285e-05,0.000000000000000000e+00,0.000000000000000000e+00
4.095866158604621887e-02,3.428215626627206802e-03,6.676507473457604647e-05,0.000000000000000000e+00,0.000000000000000000e+00
3.939509019255638123e-02,3.301049582660198212e-03,6.384593871189281344e-05,0.000000000000000000e+00,0.000000000000000000e+00
4.039583727717399597e-02,3.421154338866472244e-03,6.184294761624187231e-05,0.000000000000000000e+00,0.000000000000000000e+00
4.275165870785713196e-02,3.610805608332157135e-03,6.643604137934744358e-05,0.000000000000000000e+00,0.000000000000000000e+00
3.424813598394393921e-02,2.786161145195364952e-03,6.386522727552801371e-05,0.000000000000000000e+00,0.000000000000000000e+00
3.733514249324798584e-02,3.049983642995357513e-03,6.835306703578680754e-05,0.000000000000000000e+00,0.000000000000000000e+00
4.088166356086730957e-02,3.419569693505764008e-03,6.685966218356043100e-05,0.000000000000000000e+00,0.000000000000000000e+00
4.431005939841270447e-02,3.804678563028573990e-03,6.263275281526148319e-05,0.000000000000000000e+00,0.000000000000000000e+00
4.423888772726058960e-02,3.802817314863204956e-03,6.210715218912810087e-05,0.000000000000000000e+00,0.000000000000000000e+00
3.696312755346298218e-02,3.105245530605316162e-03,5.910671461606398225e-05,0.000000000000000000e+00,0.000000000000000000e+00
4.042891785502433777e-02,3.380150068551301956e-03,6.627419497817754745e-05,0.000000000000000000e+00,0.000000000000000000e+00
4.434664174914360046e-02,3.810181748121976852e-03,6.244824908208101988e-05,0.000000000000000000e+00,0.000000000000000000e+00
3.417967259883880615e-02,2.859945641830563545e-03,5.580214929068461061e-05,0.000000000000000000e+00,0.000000000000000000e+00
5.928215384483337402e-02,5.300445947796106339e-03,6.277694774325937033e-05,0.000000000000000000e+00,0.000000000000000000e+00
4.472154751420021057e-02,3.863226389512419701e-03,6.089283851906657219e-05,0.000000000000000000e+00,0.000000000000000000e+00
3.552332147955894470e-02,2.898706123232841492e-03,6.536259024869650602e-05,0.000000000000000000e+00,0.000000000000000000e+00
3.148939460515975952e-02,2.544917631894350052e-03,6.040220614522695541e-05,0.000000000000000000e+00,0.000000000000000000e+00
3.456274420022964478e-02,2.873942721635103226e-03,5.823318861075676978e-05,0.000000000000000000e+00,0.000000000000000000e+00
4.089832305908203125e-02,3.515060525387525558e-03,5.747715840698219836e-05,0.000000000000000000e+00,0.000000000000000000e+00
3.307337686419487000e-02,2.720288466662168503e-03,5.870491440873593092e-05,0.000000000000000000e+00,0.000000000000000000e+00
3.342833742499351501e-02,2.732609631493687630e-03,6.102240513428114355e-05,0.000000000000000000e+00,0.000000000000000000e+00
3.250494599342346191e-02,2.649049507454037666e-03,6.014452810632064939e-05,0.000000000000000000e+00,0.000000000000000000e+00
4.099889099597930908e-02,3.547298256307840347e-03,5.525908636627718806e-05,0.000000000000000000e+00,0.000000000000000000e+00
2.875882759690284729e-02,2.333166077733039856e-03,5.427165888249874115e-05,0.000000000000000000e+00,0.000000000000000000e+00
3.154643252491950989e-02,2.525809686630964279e-03,6.288335134740918875e-05,0.000000000000000000e+00,0.000000000000000000e+00
3.869910165667533875e-02,3.266113810241222382e-03,6.037962884875014424e-05,0.000000000000000000e+00,0.000000000000000000e+00
3.845104947686195374e-02,3.312283195555210114e-03,5.328220868250355124e-05,0.000000000000000000e+00,0.000000000000000000e+00
3.783974051475524902e-02,3.190670162439346313e-03,5.933038482908159494e-05,0.000000000000000000e+00,0.000000000000000000e+00
3.248211741447448730e-02,2.679651137441396713e-03,5.685603537131100893e-05,0.000000000000000000e+00,0.000000000000000000e+00
3.523011878132820129e-02,2.924971980974078178e-03,5.980399510008282959e-05,0.000000000000000000e+00,0.000000000000000000e+00
3.173481300473213196e-02,2.651257906109094620e-03,5.222235631663352251e-05,0.000000000000000000e+00,0.000000000000000000e+00
3.593446314334869385e-02,3.046364290639758110e-03,5.470818359754048288e-05,0.000000000000000000e+00,0.000000000000000000e+00
3.344985097646713257e-02,2.818158362060785294e-03,5.268268432701006532e-05,0.000000000000000000e+00,0.000000000000000000e+00
3.619319200515747070e-02,3.069339552894234657e-03,5.499797407537698746e-05,0.000000000000000000e+00,0.000000000000000000e+00
3.975606337189674377e-02,3.443889319896697998e-03,5.317169416230171919e-05,0.000000000000000000e+00,0.000000000000000000e+00
2.889361232519149780e-02,2.361631020903587341e-03,5.277302989270538092e-05,0.000000000000000000e+00,0.000000000000000000e+00
3.985342383384704590e-02,3.430582582950592041e-03,5.547598993871361017e-05,0.000000000000000000e+00,0.000000000000000000e+00
3.088002093136310577e-02,2.569090574979782104e-03,5.189115472603589296e-05,0.000000000000000000e+00,0.000000000000000000e+00
3.755732253193855286e-02,3.226246219128370285e-03,5.294858419802039862e-05,0.000000000000000000e+00,0.000000000000000000e+00
2.956755645573139191e-02,2.423976082354784012e-03,5.327796316123567522e-05,0.000000000000000000e+00,0.000000000000000000e+00
3.314793109893798828e-02,2.816683147102594376e-03,4.981101301382295787e-05,0.000000000000000000e+00,0.000000000000000000e+00
3.006761521100997925e-02,2.478642854839563370e-03,5.281188350636512041e-05,0.000000000000000000e+00,0.000000000000000000e+00
3.500675782561302185e-02,2.956720767542719841e-03,5.439551023300737143e-05,0.000000000000000000e+00,0.000000000000000000e+00
2.726546674966812134e-02,2.223363611847162247e-03,5.031831096857786179e-05,0.000000000000000000e+00,0.000000000000000000e+00
3.402741998434066772e-02,2.874788595363497734e-03,5.279534525470808148e-05,0.000000000000000000e+00,0.000000000000000000e+00
3.709099441766738892e-02,3.177626058459281921e-03,5.314732334227301180e-05,0.000000000000000000e+00,0.000000000000000000e+00
2.857060730457305908e-02,2.345593646168708801e-03,5.114671148476190865e-05,0.000000000000000000e+00,0.000000000000000000e+00
2.561486139893531799e-02,2.058022655546665192e-03,5.034635614720173180e-05,0.000000000000000000e+00,0.000000000000000000e+00
3.418522700667381287e-02,2.873017452657222748e-03,5.455051723401993513e-05,0.000000000000000000e+00,0.000000000000000000e+00
3.060089983046054840e-02,2.538881963118910789e-03,5.212079122429713607e-05,0.000000000000000000e+00,0.000000000000000000e+00
3.479604795575141907e-02,2.973336493596434593e-03,5.062681157141923904e-05,0.000000000000000000e+00,0.000000000000000000e+00
3.596222773194313049e-02,3.040540497750043869e-03,5.556821270147338510e-05,0.000000000000000000e+00,0.000000000000000000e+00
2.998917549848556519e-02,2.481161616742610931e-03,5.177558341529220343e-05,0.000000000000000000e+00,0.000000000000000000e+00
2.779910899698734283e-02,2.213502302765846252e-03,5.664085620082914829e-05,0.000000000000000000e+00,0.000000000000000000e+00
2.685041539371013641e-02,2.174986060708761215e-03,5.100553244119510055e-05,0.000000000000000000e+00,0.000000000000000000e+00
2.718282118439674377e-02,2.207309007644653320e-03,5.109731864649802446e-05,0.000000000000000000e+00,0.000000000000000000e+00
2.805075049400329590e-02,2.307417104020714760e-03,4.976579657522961497e-05,0.000000000000000000e+00,0.000000000000000000e+00
2.117783203721046448e-02,1.634538639336824417e-03,4.832446211366914213e-05,0.000000000000000000e+00,0.000000000000000000e+00
3.188158571720123291e-02,2.680118894204497337e-03,5.080397386336699128e-05,0.000000000000000000e+00,0.000000000000000000e+00
3.064839728176593781e-02,2.549588680267333984e-03,5.152510493644513190e-05,0.000000000000000000e+00,0.000000000000000000e+00
3.110391460359096527e-02,2.622991567477583885e-03,4.873998477705754340e-05,0.000000000000000000e+00,0.000000000000000000e+00
2.745344862341880798e-02,2.232776256278157234e-03,5.125685493112541735e-05,0.000000000000000000e+00,0.000000000000000000e+00
2.581027708947658539e-02,2.061604056507349014e-03,5.194237746763974428e-05,0.000000000000000000e+00,0.000000000000000000e+00
2.591447904706001282e-02,2.086201217025518417e-03,5.052466440247371793e-05,0.000000000000000000e+00,0.000000000000000000e+00
2.680013515055179596e-02,2.172916661947965622e-03,5.070968109066598117e-05,0.000000000000000000e+00,0.000000000000000000e+00
2.798227965831756592e-02,2.321549225598573685e-03,4.766787242260761559e-05,0.000000000000000000e+00,0.000000000000000000e+00
2.062992751598358154e-02,1.563235418871045113e-03,4.997572978027164936e-05,0.000000000000000000e+00,0.000000000000000000e+00
2.704045735299587250e-02,2.210799138993024826e-03,4.932465526508167386e-05,0.000000000000000000e+00,0.000000000000000000e+00
2.848676219582557678e-02,2.389054745435714722e-03,4.596213693730533123e-05,0.000000000000000000e+00,0.000000000000000000e+00
3.201718255877494812e-02,2.639807760715484619e-03,5.619104922516271472e-05,0.000000000000000000e+00,0.000000000000000000e+00
2.973224967718124390e-02,2.460274379700422287e-03,5.129505734657868743e-05,0.000000000000000000e+00,0.000000000000000000e+00
2.562559209764003754e-02,2.025227528065443039e-03,5.373315434553660452e-05,0.000000000000000000e+00,0.000000000000000000e+00
2.136319503188133240e-02,1.591808628290891647e-03,5.445108399726450443e-05,0.000000000000000000e+00,0.000000000000000000e+00
2.532796747982501984e-02,2.038044854998588562e-03,4.947519482811912894e-05,0.000000000000000000e+00,0.000000000000000000e+00
2.415193244814872742e-02,1.948184333741664886e-03,4.670089037972502410e-05,0.000000000000000000e+00,0.000000000000000000e+00
2.770393341779708862e-02,2.270312514156103134e-03,5.000807868782430887e-05,0.000000000000000000e+00,0.000000000000000000e+00
2.621203660964965820e-02,2.158910501748323441e-03,4.622932465281337500e-05,0.000000000000000000e+00,0.000000000000000000e+00
2.778216637670993805e-02,2.328214701265096664e-03,4.500018985709175467e-05,0.000000000000000000e+00,0.000000000000000000e+00
2.681502327322959900e-02,2.202653093263506889e-03,4.788492515217512846e-05,0.000000000000000000e+00,0.000000000000000000e+00
2.648830227553844452e-02,2.133486326783895493e-03,5.153438542038202286e-05,0.000000000000000000e+00,0.000000000000000000e+00
2.321850508451461792e-02,1.799157471396028996e-03,5.226929715718142688e-05,0.000000000000000000e+00,0.000000000000000000e+00
2.616914361715316772e-02,2.123340032994747162e-03,4.935744436806999147e-05,0.000000000000000000e+00,0.000000000000000000e+00
3.201306983828544617e-02,2.713538706302642822e-03,4.877681203652173281e-05,0.000000000000000000e+00,0.000000000000000000e+00
2.071920782327651978e-02,1.630410668440163136e-03,4.415101284394040704e-05,0.000000000000000000e+00,0.000000000000000000e+00
2.035313472151756287e-02,1.502636121585965157e-03,5.326774771674536169e-05,0.000000000000000000e+00,0.000000000000000000e+00
2.673840522766113281e-02,2.248215954750776291e-03,4.256244938005693257e-05,0.000000000000000000e+00,0.000000000000000000e+00
2.521311491727828979e-02,2.076191361993551254e-03,4.451199492905288935e-05,0.000000000000000000e+00,0.000000000000000000e+00
2.348544821143150330e-02,1.873148255981504917e-03,4.753965185955166817e-05,0.000000000000000000e+00,0.000000000000000000e+00
2.491856738924980164e-02,2.027947455644607544e-03,4.639093458536081016e-05,0.000000000000000000e+00,0.000000000000000000e+00
2.284906059503555298e-02,1.750067342072725296e-03,5.348388367565348744e-05,0.000000000000000000e+00,0.000000000000000000e+00
2.105252072215080261e-02,1.608278835192322731e-03,4.969732253812253475e-05,0.000000000000000000e+00,0.000000000000000000e+00
2.367067150771617889e-02,1.863714423961937428e-03,5.033526031184010208e-05,0.000000000000000000e+00,0.000000000000000000e+00
2.620263770222663879e-02,2.112512942403554916e-03,5.077508103568106890e-05,0.000000000000000000e+00,0.000000000000000000e+00
2.472076192498207092e-02,2.039693994447588921e-03,4.323822213336825371e-05,0.000000000000000000e+00,0.000000000000000000e+00
2.055320516228675842e-02,1.563139259815216064e-03,4.921813524561002851e-05,0.000000000000000000e+00,0.000000000000000000e+00
1.942232996225357056e-02,1.510435948148369789e-03,4.317970888223499060e-05,0.000000000000000000e+00,0.000000000000000000e+00
1.826337352395057678e-02,1.400792738422751427e-03,4.255444946466013789e-05,0.000000000000000000e+00,0.000000000000000000e+00
2.148788608610630035e-02,1.687123556621372700e-03,4.616650403477251530e-05,0.000000000000000000e+00,0.000000000000000000e+00
2.131827175617218018e-02,1.703336020000278950e-03,4.284910392016172409e-05,0.000000000000000000e+00,0.000000000000000000e+00
2.374895103275775909e-02,1.879141549579799175e-03,4.957535929861478508e-05,0.000000000000000000e+00,0.000000000000000000e+00
1.924677938222885132e-02,1.491977251134812832e-03,4.327006172388792038e-05,0.000000000000000000e+00,0.000000000000000000e+00
2.407127432525157928e-02,1.975059974938631058e-03,4.320676089264452457e-05,0.000000000000000000e+00,0.000000000000000000e+00
2.318849973380565643e-02,1.886237645521759987e-03,4.326123962528072298e-05,0.000000000000000000e+00,0.000000000000000000e+00
2.182676829397678375e-02,1.780638005584478378e-03,4.020387132186442614e-05,0.000000000000000000e+00,0.000000000000000000e+00
2.346087992191314697e-02,1.869497355073690414e-03,4.765904304804280400e-05,0.000000000000000000e+00,0.000000000000000000e+00
2.302833274006843567e-02,1.883719582110643387e-03,4.191137486486695707e-05,0.000000000000000000e+00,0.000000000000000000e+00
2.218013443052768707e-02,1.810496556572616100e-03,4.075169999850913882e-05,0.000000000000000000e+00,0.000000000000000000e+00
1.927104778587818146e-02,1.480331411585211754e-03,4.467733378987759352e-05,0.000000000000000000e+00,0.000000000000000000e+00
2.585874311625957489e-02,2.180625917389988899e-03,4.052484291605651379e-05,0.000000000000000000e+00,0.000000000000000000e+00
2.679989114403724670e-02,2.236625878140330315e-03,4.433632420841604471e-05,0.000000000000000000e+00,0.000000000000000000e+00
2.221593633294105530e-02,1.798712648451328278e-03,4.228809848427772522e-05,0.000000000000000000e+00,0.000000000000000000e+00
2.006380073726177216e-02,1.599080394953489304e-03,4.072995216120034456e-05,0.000000000000000000e+00,0.000000000000000000e+00
1.987298391759395599e-02,1.566052203997969627e-03,4.212461499264463782e-05,0.000000000000000000e+00,0.000000000000000000e+00
2.063628844916820526e-02,1.662969356402754784e-03,4.006594826932996511e-05,0.000000000000000000e+00,0.000000000000000000e+00
2.005533874034881592e-02,1.589391031302511692e-03,4.161429387750104070e-05,0.000000000000000000e+00,0.000000000000000000e+00
2.375058829784393311e-02,1.922637689858675003e-03,4.524212999967858195e-05,0.000000000000000000e+00,0.000000000000000000e+00
1.982444524765014648e-02,1.584273180924355984e-03,3.981712870881892741e-05,0.000000000000000000e+00,0.000000000000000000e+00
2.208729274570941925e-02,1.738100545480847359e-03,4.706287654698826373e-05,0.000000000000000000e+00,0.000000000000000000e+00
2.168901637196540833e-02,1.745409681461751461e-03,4.234918378642760217e-05,0.000000000000000000e+00,0.000000000000000000e+00
2.439771220088005066e-02,2.007639966905117035e-03,4.321313099353574216e-05,0.000000000000000000e+00,0.000000000000000000e+00
2.611429616808891296e-02,2.172108041122555733e-03,4.393215203890576959e-05,0.000000000000000000e+00,0.000000000000000000e+00
2.058253623545169830e-02,1.664211275056004524e-03,3.940423630410805345e-05,0.000000000000000000e+00,0.000000000000000000e+00
1.844344288110733032e-02,1.398038468323647976e-03,4.463057848624885082e-05,0.000000000000000000e+00,0.000000000000000000e+00
2.083504572510719299e-02,1.683719921857118607e-03,3.997847670689225197e-05,0.000000000000000000e+00,0.000000000000000000e+00
1.761510968208312988e-02,1.310640014708042145e-03,4.508709389483556151e-05,0.000000000000000000e+00,0.000000000000000000e+00
1.551212184131145477e-02,1.159681240096688271e-03,3.915309935109689832e-05,0.000000000000000000e+00,0.000000000000000000e+00
2.068343572318553925e-02,1.696862047538161278e-03,3.714814010891132057e-05,0.000000000000000000e+00,0.000000000000000000e+00
1.864933036267757416e-02,1.432317309081554413e-03,4.326157431933097541e-05,0.000000000000000000e+00,0.000000000000000000e+00
2.259268984198570251e-02,1.833419082686305046e-03,4.258497938280925155e-05,0.000000000000000000e+00,0.000000000000000000e+00
2.293912135064601898e-02,1.863761222921311855e-03,4.301509034121409059e-05,0.000000000000000000e+00,0.000000000000000000e+00
1.535083074122667313e-02,1.115387538447976112e-03,4.196955705992877483e-05,0.000000000000000000e+00,0.000000000000000000e+00
1.949180290102958679e-02,1.520409830845892429e-03,4.287705087335780263e-05,0.000000000000000000e+00,0.000000000000000000e+00
1.721878908574581146e-02,1.330119324848055840e-03,3.917595313396304846e-05,0.000000000000000000e+00,0.000000000000000000e+00
1.640443876385688782e-02,1.227661152370274067e-03,4.127827560296282172e-05,0.000000000000000000e+00,0.000000000000000000e+00
1.551518030464649200e-02,1.142022199928760529e-03,4.094958421774208546e-05,0.000000000000000000e+00,0.000000000000000000e+00
2.186748757958412170e-02,1.817934680730104446e-03,3.688142169266939163e-05,0.000000000000000000e+00,0.000000000000000000e+00
2.376276627182960510e-02,1.929104560986161232e-03,4.471720603760331869e-05,0.000000000000000000e+00,0.000000000000000000e+00
1.855185627937316895e-02,1.454854151234030724e-03,4.003313370048999786e-05,0.000000000000000000e+00,0.000000000000000000e+00
1.827376894652843475e-02,1.386979827657341957e-03,4.403971252031624317e-05,0.000000000000000000e+00,0.000000000000000000e+00
1.715502887964248657e-02,1.297701383009552956e-03,4.178015660727396607e-05,0.000000000000000000e+00,0.000000000000000000e+00
1.865335367619991302e-02,1.454267185181379318e-03,4.110681402380578220e-05,0.000000000000000000e+00,0.000000000000000000e+00
2.281316369771957397e-02,1.865106285549700260e-03,4.162100958637893200e-05,0.000000000000000000e+00,0.000000000000000000e+00
1.850108243525028229e-02,1.477316021919250488e-03,3.727922376128844917e-05,0.000000000000000000e+00,0.000000000000000000e+00
1.814424246549606323e-02,1.392806181684136391e-03,4.216182060190476477e-05,0.000000000000000000e+00,0.000000000000000000e+00
2.106683515012264252e-02,1.735242083668708801e-03,3.714413833222351968e-05,0.000000000000000000e+00,0.000000000000000000e+00
2.151321433484554291e-02,1.739363884553313255e-03,4.119574441574513912e-05,0.000000000000000000e+00,0.000000000000000000e+00
1.758215203881263733e-02,1.350664533674716949e-03,4.075507604284211993e-05,0.000000000000000000e+00,0.000000000000000000e+00
1.784778386354446411e-02,1.329901162534952164e-03,4.548772994894534349e-05,0.000000000000000000e+00,0.000000000000000000e+00
1.703779399394989014e-02,1.218244899064302444e-03,4.855345468968153000e-05,0.000000000000000000e+00,0.000000000000000000e+00
1.781012676656246185e-02,1.384806586429476738e-03,3.962060873163864017e-05,0.000000000000000000e+00,0.000000000000000000e+00
1.448965445160865784e-02,9.870682843029499054e-04,4.618971433956176043e-05,0.000000000000000000e+00,0.000000000000000000e+00
2.064983546733856201e-02,1.660496927797794342e-03,4.044866363983601332e-05,0.000000000000000000e+00,0.000000000000000000e+00
2.007576823234558105e-02,1.595789100974798203e-03,4.117875141673721373e-05,0.000000000000000000e+00,0.000000000000000000e+00
2.103257738053798676e-02,1.714013051241636276e-03,3.892446693498641253e-05,0.000000000000000000e+00,0.000000000000000000e+00
2.146656997501850128e-02,1.769781112670898438e-03,3.768758688238449395e-05,0.000000000000000000e+00,0.000000000000000000e+00
1.827692240476608276e-02,1.457006903365254402e-03,3.706853749463334680e-05,0.000000000000000000e+00,0.000000000000000000e+00
2.255500480532646179e-02,1.880179508589208126e-03,3.753209239221177995e-05,0.000000000000000000e+00,0.000000000000000000e+00
1.872675493359565735e-02,1.453519100323319435e-03,4.191564948996528983e-05,0.000000000000000000e+00,0.000000000000000000e+00
1.980219408869743347e-02,1.552953384816646576e-03,4.272661317372694612e-05,0.000000000000000000e+00,0.000000000000000000e+00
1.589987240731716156e-02,1.201846287585794926e-03,3.881410520989447832e-05,0.000000000000000000e+00,0.000000000000000000e+00
1.688547432422637939e-02,1.296186237595975399e-03,3.923611802747473121e-05,0.000000000000000000e+00,0.000000000000000000e+00
2.064594998955726624e-02,1.660693087615072727e-03,4.039019404444843531e-05,0.000000000000000000e+00,0.000000000000000000e+00
1.953341998159885406e-02,1.571670873090624809e-03,3.816711250692605972e-05,0.000000000000000000e+00,0.000000000000000000e+00
1.942865923047065735e-02,1.601278316229581833e-03,3.415874380152672529e-05,0.000000000000000000e+00,0.000000000000000000e+00
1.552920229732990265e-02,1.140894601121544838e-03,4.120256926398724318e-05,0.000000000000000000e+00,0.000000000000000000e+00
1.989347115159034729e-02,1.531710266135632992e-03,4.576368519337847829e-05,0.000000000000000000e+00,0.000000000000000000e+00
1.682454533874988556e-02,1.302218995988368988e-03,3.802355786319822073e-05,0.000000000000000000e+00,0.000000000000000000e+00
1.666210405528545380e-02,1.277617411687970161e-03,3.885930345859378576e-05,0.000000000000000000e+00,0.000000000000000000e+00
1.788434199988842010e-02,1.394226681441068649e-03,3.942075272789224982e-05,0.000000000000000000e+00,0.000000000000000000e+00
1.812047325074672699e-02,1.413488760590553284e-03,3.985585499322041869e-05,0.000000000000000000e+00,0.000000000000000000e+00
2.145777083933353424e-02,1.782211009413003922e-03,3.635661414591595531e-05,0.000000000000000000e+00,0.000000000000000000e+00
1.758834347128868103e-02,1.399334752932190895e-03,3.594996815081685781e-05,0.000000000000000000e+00,0.000000000000000000e+00
1.751990430057048798e-02,1.371580176055431366e-03,3.804102016147226095e-05,0.000000000000000000e+00,0.000000000000000000e+00
1.665739715099334717e-02,1.274168724194169044e-03,3.915710476576350629e-05,0.000000000000000000e+00,0.000000000000000000e+00
1.311342976987361908e-02,9.053262183442711830e-04,4.060168430441990495e-05,0.000000000000000000e+00,0.000000000000000000e+00
1.447643898427486420e-02,1.089888624846935272e-03,3.577552342903800309e-05,0.000000000000000000e+00,0.000000000000000000e+00
1.539649534970521927e-02,1.154112163931131363e-03,3.855373506667092443e-05,0.000000000000000000e+00,0.000000000000000000e+00
1.784938015043735504e-02,1.404598588123917580e-03,3.803394793067127466e-05,0.000000000000000000e+00,0.000000000000000000e+00
1.644462719559669495e-02,1.281171571463346481e-03,3.632910738815553486e-05,0.000000000000000000e+00,0.000000000000000000e+00
1.726763881742954254e-02,1.318487338721752167e-03,4.082765372004359961e-05,0.000000000000000000e+00,0.000000000000000000e+00
1.408685278147459030e-02,1.040508970618247986e-03,3.681762973428703845e-05,0.000000000000000000e+00,0.000000000000000000e+00
1.557182893157005310e-02,1.203185529448091984e-03,3.539973840815946460e-05,0.000000000000000000e+00,0.000000000000000000e+00
1.188832428306341171e-02,8.331057615578174591e-04,3.557266609277576208e-05,0.000000000000000000e+00,0.000000000000000000e+00
1.859684661030769348e-02,1.469000242650508881e-03,3.906843630829825997e-05,0.000000000000000000e+00,0.000000000000000000e+00
1.726741716265678406e-02,1.359650283120572567e-03,3.670913429232314229e-05,0.000000000000000000e+00,0.000000000000000000e+00
1.481394190341234207e-02,1.095694722607731819e-03,3.856995317619293928e-05,0.000000000000000000e+00,0.000000000000000000e+00
1.521264575421810150e-02,1.160714193247258663e-03,3.605503297876566648e-05,0.000000000000000000e+00,0.000000000000000000e+00
1.830117776989936829e-02,1.474184915423393250e-03,3.559328615665435791e-05,0.000000000000000000e+00,0.000000000000000000e+00
1.761440001428127289e-02,1.381198642775416374e-03,3.802412902587093413e-05,0.000000000000000000e+00,0.000000000000000000e+00
1.463541574776172638e-02,1.079859794117510319e-03,3.836817995761521161e-05,0.000000000000000000e+00,0.000000000000000000e+00
1.551721338182687759e-02,1.188428723253309727e-03,3.632926382124423981e-05,0.000000000000000000e+00,0.000000000000000000e+00
1.897014491260051727e-02,1.536604482680559158e-03,3.604099765652790666e-05,0.000000000000000000e+00,0.000000000000000000e+00
1.583680137991905212e-02,1.235490548424422741e-03,3.481895691948011518e-05,0.000000000000000000e+00,0.000000000000000000e+00
1.289512030780315399e-02,9.473140817135572433e-04,3.421979272388853133e-05,0.000000000000000000e+00,0.000000000000000000e+00
1.365807093679904938e-02,1.028898404911160469e-03,3.369087789906188846e-05,0.000000000000000000e+00,0.000000000000000000e+00
1.449764519929885864e-02,1.077439170330762863e-03,3.723253394127823412e-05,0.000000000000000000e+00,0.000000000000000000e+00
1.827539876103401184e-02,1.451849588192999363e-03,3.756903606699779630e-05,0.000000000000000000e+00,0.000000000000000000e+00
1.438430882990360260e-02,1.065845252014696598e-03,3.725856367964297533e-05,0.000000000000000000e+00,0.000000000000000000e+00
1.610632240772247314e-02,1.259181066416203976e-03,3.514512354740872979e-05,0.000000000000000000e+00,0.000000000000000000e+00
2.126158587634563446e-02,1.801661681383848190e-03,3.244967956561595201e-05,0.000000000000000000e+00,0.000000000000000000e+00
1.637792587280273438e-02,1.267428160645067692e-03,3.703643596963956952e-05,0.000000000000000000e+00,0.000000000000000000e+00
1.906473748385906219e-02,1.460530329495668411e-03,4.459434421733021736e-05,0.000000000000000000e+00,0.000000000000000000e+00
1.501269266009330750e-02,1.128745265305042267e-03,3.725239730556495488e-05,0.000000000000000000e+00,0.000000000000000000e+00
1.629643701016902924e-02,1.274009002372622490e-03,3.556346928235143423e-05,0.000000000000000000e+00,0.000000000000000000e+00
1.789748668670654297e-02,1.470676157623529434e-03,3.190724237356334925e-05,0.000000000000000000e+00,0.000000000000000000e+00
1.416701078414916992e-02,1.028948696330189705e-03,3.877523704431951046e-05,0.000000000000000000e+00,0.000000000000000000e+00
1.301847212016582489e-02,9.112854022532701492e-04,3.905619087163358927e-05,0.000000000000000000e+00,0.000000000000000000e+00
1.221242081373929977e-02,8.833386236801743507e-04,3.379035115358419716e-05,0.000000000000000000e+00,0.000000000000000000e+00
1.727043651044368744e-02,1.387997297570109367e-03,3.390463098185136914e-05,0.000000000000000000e+00,0.000000000000000000e+00
1.497971639037132263e-02,1.131782075390219688e-03,3.661895607365295291e-05,0.000000000000000000e+00,0.000000000000000000e+00
1.942936331033706665e-02,1.577679300680756569e-03,3.652571103884838521e-05,0.000000000000000000e+00,0.000000000000000000e+00
1.676197722554206848e-02,1.293136039748787880e-03,3.830616333289071918e-05,0.000000000000000000e+00,0.000000000000000000e+00
1.542362570762634277e-02,1.142154214903712273e-03,4.002083369414322078e-05,0.000000000000000000e+00,0.000000000000000000e+00
1.308233663439750671e-02,8.912405464798212051e-04,4.169930980424396694e-05,0.000000000000000000e+00,0.000000000000000000e+00
1.554983854293823242e-02,1.189093338325619698e-03,3.658905916381627321e-05,0.000000000000000000e+00,0.000000000000000000e+00
1.613212749361991882e-02,1.274481881409883499e-03,3.387308970559388399e-05,0.000000000000000000e+00,0.000000000000000000e+00
1.691576279699802399e-02,1.310556777752935886e-03,3.810194903053343296e-05,0.000000000000000000e+00,0.000000000000000000e+00
1.702985540032386780e-02,1.330709317699074745e-03,3.722763722180388868e-05,0.000000000000000000e+00,0.000000000000000000e+00
1.297669112682342529e-02,9.256543125957250595e-04,3.720147651620209217e-05,0.000000000000000000e+00,0.000000000000000000e+00
1.389965694397687912e-02,1.004924881272017956e-03,3.850408029393292964e-05,0.000000000000000000e+00,0.000000000000000000e+00
1.137589756399393082e-02,7.691512582823634148e-04,3.684384864754974842e-05,0.000000000000000000e+00,0.000000000000000000e+00
1.618471741676330566e-02,1.299833646044135094e-03,3.186379763064906001e-05,0.000000000000000000e+00,0.000000000000000000e+00
1.429180521517992020e-02,1.039927126839756966e-03,3.892534732585772872e-05,0.000000000000000000e+00,0.000000000000000000e+00
1.634653471410274506e-02,1.236304407939314842e-03,3.983490023529157043e-05,0.000000000000000000e+00,0.000000000000000000e+00
1.376660633832216263e-02,1.031655352562665939e-03,3.450052827247418463e-05,0.000000000000000000e+00,0.000000000000000000e+00
1.246905140578746796e-02,8.617632556706666946e-04,3.851419387501664460e-05,0.000000000000000000e+00,0.000000000000000000e+00
1.504571456462144852e-02,1.147710718214511871e-03,3.568607644410803914e-05,0.000000000000000000e+00,0.000000000000000000e+00
1.460624113678932190e-02,1.083427923731505871e-03,3.771961200982332230e-05,0.000000000000000000e+00,0.000000000000000000e+00
1.177503261715173721e-02,7.920490461401641369e-04,3.854541864711791277e-05,0.000000000000000000e+00,0.000000000000000000e+00
1.361096743494272232e-02,1.025673234835267067e-03,3.354235377628356218e-05,0.000000000000000000e+00,0.000000000000000000e+00
1.244522910565137863e-02,8.799243951216340065e-04,3.645985634648241103e-05,0.000000000000000000e+00,0.000000000000000000e+00
1.107441727072000504e-02,7.453162106685340405e-04,3.621255018515512347e-05,0.000000000000000000e+00,0.000000000000000000e+00
9.985599666833877563e-03,6.492169341072440147e-04,3.493429903755895793e-05,0.000000000000000000e+00,0.000000000000000000e+00
1.378087140619754791e-02,1.013589440844953060e-03,3.644976823125034571e-05,0.000000000000000000e+00,0.000000000000000000e+00
1.663353852927684784e-02,1.320718787610530853e-03,3.426351031521335244e-05,0.000000000000000000e+00,0.000000000000000000e+00
1.441014464944601059e-02,1.092773629352450371e-03,3.482407919364050031e-05,0.000000000000000000e+00,0.000000000000000000e+00
1.308451965451240540e-02,9.739787201397120953e-04,3.344732249388471246e-05,0.000000000000000000e+00,0.000000000000000000e+00
1.097250916063785553e-02,7.637829985469579697e-04,3.334679058752954006e-05,0.000000000000000000e+00,0.000000000000000000e+00
1.499127782881259918e-02,1.161953085102140903e-03,3.371747152414172888e-05,0.000000000000000000e+00,0.000000000000000000e+00
1.196251623332500458e-02,8.559288689866662025e-04,3.403228038223460317e-05,0.000000000000000000e+00,0.000000000000000000e+00
1.637298427522182465e-02,1.277085393667221069e-03,3.602129800128750503e-05,0.000000000000000000e+00,0.000000000000000000e+00
1.228544488549232483e-02,8.601705776527523994e-04,3.683738759718835354e-05,0.000000000000000000e+00,0.000000000000000000e+00
1.152271870523691177e-02,7.940751966089010239e-04,3.581966302590444684e-05,0.000000000000000000e+00,0.000000000000000000e+00
1.412967592477798462e-02,1.093164319172501564e-03,3.198032936779782176e-05,0.000000000000000000e+00,0.000000000000000000e+00
1.074909791350364685e-02,7.210077601484954357e-04,3.539020690368488431e-05,0.000000000000000000e+00,0.000000000000000000e+00
1.216579042375087738e-02,8.754355949349701405e-04,3.411434227018617094e-05,0.000000000000000000e+00,0.000000000000000000e+00
1.308041997253894806e-02,9.808582253754138947e-04,3.271837340435013175e-05,0.000000000000000000e+00,0.000000000000000000e+00
1.487326249480247498e-02,1.133234705775976181e-03,3.540915349731221795e-05,0.000000000000000000e+00,0.000000000000000000e+00
1.541178487241268158e-02,1.199873164296150208e-03,3.413052763789892197e-05,0.000000000000000000e+00,0.000000000000000000e+00
1.214567758142948151e-02,8.788087870925664902e-04,3.357589594088494778e-05,0.000000000000000000e+00,0.000000000000000000e+00
1.568783447146415710e-02,1.201713457703590393e-03,3.670700243674218655e-05,0.000000000000000000e+00,0.000000000000000000e+00
1.600668951869010925e-02,1.285827020183205605e-03,3.148419637000188231e-05,0.000000000000000000e+00,0.000000000000000000e+00
1.115417014807462692e-02,7.858276949264109135e-04,3.295893111499026418e-05,0.000000000000000000e+00,0.000000000000000000e+00
1.023583114147186279e-02,6.746310973539948463e-04,3.489520167931914330e-05,0.000000000000000000e+00,0.000000000000000000e+00
1.237524859607219696e-02,9.004551684483885765e-04,3.370696504134684801e-05,0.000000000000000000e+00,0.000000000000000000e+00
1.080061495304107666e-02,7.734986138530075550e-04,3.065628698095679283e-05,0.000000000000000000e+00,0.000000000000000000e+00
1.205059140920639038e-02,8.451278554275631905e-04,3.599313276936300099e-05,0.000000000000000000e+00,0.000000000000000000e+00
1.185867749154567719e-02,8.560856804251670837e-04,3.297820148873142898e-05,0.000000000000000000e+00,0.000000000000000000e+00
1.522299926728010178e-02,1.186006003990769386e-03,3.362939605722203851e-05,0.000000000000000000e+00,0.000000000000000000e+00
1.611436903476715088e-02,1.309602987021207809e-03,3.018338975380174816e-05,0.000000000000000000e+00,0.000000000000000000e+00
1.225411705672740936e-02,8.775602909736335278e-04,3.478514190646819770e-05,0.000000000000000000e+00,0.000000000000000000e+00
1.257933210581541061e-02,8.700438193045556545e-04,3.878894494846463203e-05,0.000000000000000000e+00,0.000000000000000000e+00
1.318962965160608292e-02,9.070585947483778000e-04,4.119043296668678522e-05,0.000000000000000000e+00,0.000000000000000000e+00
1.320473756641149521e-02,9.711275924928486347e-04,3.493461554171517491e-05,0.000000000000000000e+00,0.000000000000000000e+00
1.255259755998849869e-02,9.256363846361637115e-04,3.296233626315370202e-05,0.000000000000000000e+00,0.000000000000000000e+00
1.323797740042209625e-02,9.895691182464361191e-04,3.342285708640702069e-05,0.000000000000000000e+00,0.000000000000000000e+00
1.070565730333328247e-02,7.466073147952556610e-04,3.239584475522860885e-05,0.000000000000000000e+00,0.000000000000000000e+00
1.058573462069034576e-02,6.884253816679120064e-04,3.701480454765260220e-05,0.000000000000000000e+00,0.000000000000000000e+00
1.414118427783250809e-02,1.090165809728205204e-03,3.239526267861947417e-05,0.000000000000000000e+00,0.000000000000000000e+00
1.255451422184705734e-02,9.071932290680706501e-04,3.482581814751029015e-05,0.000000000000000000e+00,0.000000000000000000e+00
1.496587134897708893e-02,1.124383183196187019e-03,3.722040128195658326e-05,0.000000000000000000e+00,0.000000000000000000e+00
1.328495983034372330e-02,9.522570762783288956e-04,3.762389678740873933e-05,0.000000000000000000e+00,0.000000000000000000e+00
1.082455180585384369e-02,7.311784429475665092e-04,3.512766852509230375e-05,0.000000000000000000e+00,0.000000000000000000e+00
1.232866663485765457e-02,9.351823246106505394e-04,2.976843097712844610e-05,0.000000000000000000e+00,0.000000000000000000e+00
1.249389071017503738e-02,8.873433107510209084e-04,3.620457573560997844e-05,0.000000000000000000e+00,0.000000000000000000e+00
2.024872787296772003e-02,1.660345704294741154e-03,3.645270771812647581e-05,0.000000000000000000e+00,0.000000000000000000e+00
1.207409426569938660e-02,8.823925163596868515e-04,3.250168083468452096e-05,0.000000000000000000e+00,0.000000000000000000e+00
1.167087815701961517e-02,8.012274047359824181e-04,3.658603600342758000e-05,0.000000000000000000e+00,0.000000000000000000e+00
1.418193988502025604e-02,1.037654350511729717e-03,3.805395681411027908e-05,0.000000000000000000e+00,0.000000000000000000e+00
1.134678162634372711e-02,7.707492914050817490e-04,3.639289207058027387e-05,0.000000000000000000e+00,0.000000000000000000e+00
1.073087472468614578e-02,6.866815965622663498e-04,3.864058453473262489e-05,0.000000000000000000e+00,0.000000000000000000e+00
1.048725843429565430e-02,7.346966303884983063e-04,3.140292392345145345e-05,0.000000000000000000e+00,0.000000000000000000e+00
9.837103076279163361e-03,6.756586953997612000e-04,3.080516398767940700e-05,0.000000000000000000e+00,0.000000000000000000e+00
1.070743147283792496e-02,7.377869915217161179e-04,3.329561513965018094e-05,0.000000000000000000e+00,0.000000000000000000e+00
1.387866772711277008e-02,1.015677582472562790e-03,3.721892426256090403e-05,0.000000000000000000e+00,0.000000000000000000e+00
1.366200204938650131e-02,9.898740099743008614e-04,3.763262066058814526e-05,0.000000000000000000e+00,0.000000000000000000e+00
1.256155129522085190e-02,9.193425066769123077e-04,3.368126272107474506e-05,0.000000000000000000e+00,0.000000000000000000e+00
1.092061121016740799e-02,6.943061016499996185e-04,3.977550295530818403e-05,0.000000000000000000e+00,0.000000000000000000e+00
1.086442917585372925e-02,7.409530226141214371e-04,3.454899342614226043e-05,0.000000000000000000e+00,0.000000000000000000e+00
1.116775162518024445e-02,7.991883903741836548e-04,3.175868187099695206e-05,0.000000000000000000e+00,0.000000000000000000e+00
1.179996971040964127e-02,8.277198066934943199e-04,3.522771658026613295e-05,0.000000000000000000e+00,0.000000000000000000e+00
1.161140669137239456e-02,8.293187711387872696e-04,3.318219387438148260e-05,0.000000000000000000e+00,0.000000000000000000e+00
1.228205673396587372e-02,9.289815789088606834e-04,2.992240479215979576e-05,0.000000000000000000e+00,0.000000000000000000e+00
1.294847019016742706e-02,9.617076138965785503e-04,3.331393963890150189e-05,0.000000000000000000e+00,0.000000000000000000e+00
1.130813267081975937e-02,8.408522699028253555e-04,2.899610262829810381e-05,0.000000000000000000e+00,0.000000000000000000e+00
1.182976830750703812e-02,8.251085528172552586e-04,3.578682299121282995e-05,0.000000000000000000e+00,0.000000000000000000e+00
1.087917573750019073e-02,7.317527779377996922e-04,3.561648554750718176e-05,0.000000000000000000e+00,0.000000000000000000e+00
9.698599576950073242e-03,6.365487352013587952e-04,3.333111817482858896e-05,0.000000000000000000e+00,0.000000000000000000e+00
1.308729313313961029e-02,9.931256063282489777e-04,3.156037564622238278e-05,0.000000000000000000e+00,0.000000000000000000e+00
1.128991879522800446e-02,8.045509457588195801e-04,3.244409890612587333e-05,0.000000000000000000e+00,0.000000000000000000e+00
1.336495764553546906e-02,9.959297021850943565e-04,3.405660754651762545e-05,0.000000000000000000e+00,0.000000000000000000e+00
1.456319540739059448e-02,1.117566600441932678e-03,3.387529068277217448e-05,0.000000000000000000e+00,0.000000000000000000e+00
1.027756370604038239e-02,6.906496128067374229e-04,3.371066850377246737e-05,0.000000000000000000e+00,0.000000000000000000e+00
1.059316284954547882e-02,6.944412598386406898e-04,3.648750134743750095e-05,0.000000000000000000e+00,0.000000000000000000e+00
1.065800245851278305e-02,7.434410508722066879e-04,3.223592284484766424e-05,0.000000000000000000e+00,0.000000000000000000e+00
8.939305320382118225e-03,5.771464784629642963e-04,3.167840623063966632e-05,0.000000000000000000e+00,0.000000000000000000e+00
1.188335381448268890e-02,8.083173888735473156e-04,3.800179547397419810e-05,0.000000000000000000e+00,0.000000000000000000e+00
1.170869916677474976e-02,8.052012999542057514e-04,3.656686021713539958e-05,0.000000000000000000e+00,0.000000000000000000e+00
9.924598038196563721e-03,6.329691386781632900e-04,3.594906593207269907e-05,0.000000000000000000e+00,0.000000000000000000e+00
1.074022985994815826e-02,7.414597785100340843e-04,3.325632133055478334e-05,0.000000000000000000e+00,0.000000000000000000e+00
1.030055992305278778e-02,6.671705632470548153e-04,3.628854756243526936e-05,0.000000000000000000e+00,0.000000000000000000e+00
1.343160867691040039e-02,9.917174465954303741e-04,3.514434138196520507e-05,0.000000000000000000e+00,0.000000000000000000e+00
1.179560832679271698e-02,8.475696668028831482e-04,3.319911775179207325e-05,0.000000000000000000e+00,0.000000000000000000e+00
1.051715295761823654e-02,7.003655191510915756e-04,3.513497722451575100e-05,0.000000000000000000e+00,0.000000000000000000e+00
1.169319078326225281e-02,8.455289062112569809e-04,3.237900818930938840e-05,0.000000000000000000e+00,0.000000000000000000e+00
8.871795609593391418e-03,5.457241204567253590e-04,3.414554157643578947e-05,0.000000000000000000e+00,0.000000000000000000e+00
1.169639453291893005e-02,8.419175283052027225e-04,3.277219366282224655e-05,0.000000000000000000e+00,0.000000000000000000e+00
1.348152011632919312e-02,9.954117704182863235e-04,3.527402805048041046e-05,0.000000000000000000e+00,0.000000000000000000e+00
9.256948716938495636e-03,6.437103729695081711e-04,2.819845030899159610e-05,0.000000000000000000e+00,0.000000000000000000e+00
1.043247710913419724e-02,7.104872493073344231e-04,3.327604645164683461e-05,0.000000000000000000e+00,0.000000000000000000e+00
1.194779574871063232e-02,8.195635164156556129e-04,3.752160409931093454e-05,0.000000000000000000e+00,0.000000000000000000e+00
9.977353736758232117e-03,6.578516913577914238e-04,3.398836270207539201e-05,0.000000000000000000e+00,0.000000000000000000e+00
1.065323408693075180e-02,7.494285237044095993e-04,3.158948675263673067e-05,0.000000000000000000e+00,0.000000000000000000e+00
1.154312305152416229e-02,7.630184991285204887e-04,3.912937972927466035e-05,0.000000000000000000e+00,0.000000000000000000e+00
1.114070136100053787e-02,7.545125554315745831e-04,3.595575617509894073e-05,0.000000000000000000e+00,0.000000000000000000e+00
1.297927368432283401e-02,9.601381025277078152e-04,3.377893153810873628e-05,0.000000000000000000e+00,0.000000000000000000e+00
1.243105903267860413e-02,8.476278744637966156e-04,3.954780913772992790e-05,0.000000000000000000e+00,0.000000000000000000e+00
8.018812164664268494e-03,4.847601521760225296e-04,3.171210119035094976e-05,0.000000000000000000e+00,0.000000000000000000e+00
1.168415881693363190e-02,7.992955506779253483e-04,3.691202437039464712e-05,0.000000000000000000e+00,0.000000000000000000e+00
1.182435825467109680e-02,7.915622554719448090e-04,3.908735379809513688e-05,0.000000000000000000e+00,0.000000000000000000e+00
9.302853606641292572e-03,6.336957449093461037e-04,2.965896419482305646e-05,0.000000000000000000e+00,0.000000000000000000e+00
1.040744595229625702e-02,6.587551906704902649e-04,3.819894482148811221e-05,0.000000000000000000e+00,0.000000000000000000e+00
1.134916022419929504e-02,7.917175535112619400e-04,3.431985533097758889e-05,0.000000000000000000e+00,0.000000000000000000e+00
1.418798509985208511e-02,1.087167882360517979e-03,3.316306538181379437e-05,0.000000000000000000e+00,0.000000000000000000e+00
8.918564766645431519e-03,5.144988535903394222e-04,3.773576099774800241e-05,0.000000000000000000e+00,0.000000000000000000e+00
1.216427050530910492e-02,8.607195341028273106e-04,3.557075251592323184e-05,0.000000000000000000e+00,0.000000000000000000e+00
1.226335857063531876e-02,8.486905135214328766e-04,3.776453377213329077e-05,0.000000000000000000e+00,0.000000000000000000e+00
1.172057539224624634e-02,8.537362446077167988e-04,3.183212902513332665e-05,0.000000000000000000e+00,0.000000000000000000e+00
1.064118091017007828e-02,6.666145636700093746e-04,3.975035360781475902e-05,0.000000000000000000e+00,0.000000000000000000e+00
1.304073445498943329e-02,9.897577110677957535e-04,3.143157664453610778e-05,0.000000000000000000e+00,0.000000000000000000e+00
9.189383126795291901e-03,5.853786133229732513e-04,3.335596920805983245e-05,0.000000000000000000e+00,0.000000000000000000e+00
1.343753188848495483e-02,1.025753794237971306e-03,3.179992927471175790e-05,0.000000000000000000e+00,0.000000000000000000e+00
1.298526674509048462e-02,9.612433495931327343e-04,3.372833089088089764e-05,0.000000000000000000e+00,0.000000000000000000e+00
1.318162120878696442e-02,9.401513379998505116e-04,3.780108090722933412e-05,0.000000000000000000e+00,0.000000000000000000e+00
1.173498667776584625e-02,8.431754540652036667e-04,3.303232006146572530e-05,0.000000000000000000e+00,0.000000000000000000e+00
1.086352858692407608e-02,7.317240815609693527e-04,3.546287916833534837e-05,0.000000000000000000e+00,0.000000000000000000e+00
1.064571179449558258e-02,6.301858811639249325e-04,4.343853288446553051e-05,0.000000000000000000e+00,0.000000000000000000e+00
9.444401599466800690e-03,6.312609184533357620e-04,3.131792618660256267e-05,0.000000000000000000e+00,0.000000000000000000e+00
1.086298190057277679e-02,7.315378170460462570e-04,3.547603409970179200e-05,0.000000000000000000e+00,0.000000000000000000e+00
1.105472538620233536e-02,7.414917927235364914e-04,3.639807255240157247e-05,0.000000000000000000e+00,0.000000000000000000e+00
1.101085543632507324e-02,7.791252573952078819e-04,3.219602513127028942e-05,0.000000000000000000e+00,0.000000000000000000e+00
1.111456938087940216e-02,7.210567709989845753e-04,3.904002369381487370e-05,0.000000000000000000e+00,0.000000000000000000e+00
1.029588095843791962e-02,6.581944180652499199e-04,3.713936894200742245e-05,0.000000000000000000e+00,0.000000000000000000e+00
1.409225817769765854e-02,1.105317031033337116e-03,3.039088187506422400e-05,0.000000000000000000e+00,0.000000000000000000e+00
1.128084026277065277e-02,7.760915905237197876e-04,3.519924212014302611e-05,0.000000000000000000e+00,0.000000000000000000e+00
1.155955065041780472e-02,8.150674402713775635e-04,3.408876000321470201e-05,0.000000000000000000e+00,0.000000000000000000e+00
1.065254490822553635e-02,7.541072554886341095e-04,3.111472688033245504e-05,0.000000000000000000e+00,0.000000000000000000e+00
1.139756664633750916e-02,8.151411311700940132e-04,3.246155392844229937e-05,0.000000000000000000e+00,0.000000000000000000e+00
1.250719372183084488e-02,8.913761121220886707e-04,3.593432484194636345e-05,0.000000000000000000e+00,0.000000000000000000e+00
1.077691838145256042e-02,7.427936652675271034e-04,3.348981772433035076e-05,0.000000000000000000e+00,0.000000000000000000e+00
9.828777052462100983e-03,6.819921545684337616e-04,3.008855674124788493e-05,0.000000000000000000e+00,0.000000000000000000e+00
1.236814726144075394e-02,9.132110280916094780e-04,3.236036718590185046e-05,0.000000000000000000e+00,0.000000000000000000e+00
1.043926551938056946e-02,7.412458653561770916e-04,3.026806734851561487e-05,0.000000000000000000e+00,0.000000000000000000e+00
1.032146345824003220e-02,7.065452518872916698e-04,3.256010677432641387e-05,0.000000000000000000e+00,0.000000000000000000e+00
9.243462234735488892e-03,6.249226280488073826e-04,2.994235546793788671e-05,0.000000000000000000e+00,0.000000000000000000e+00
1.186727918684482574e-02,8.482978446409106255e-04,3.384300362085923553e-05,0.000000000000000000e+00,0.000000000000000000e+00
1.083288155496120453e-02,7.558584911748766899e-04,3.274296614108607173e-05,0.000000000000000000e+00,0.000000000000000000e+00
1.153003145009279251e-02,8.225493365898728371e-04,3.304538404336199164e-05,0.000000000000000000e+00,0.000000000000000000e+00
1.092413812875747681e-02,7.574913906864821911e-04,3.349224061821587384e-05,0.000000000000000000e+00,0.000000000000000000e+00
1.237289980053901672e-02,8.879856322892010212e-04,3.493043914204463363e-05,0.000000000000000000e+00,0.000000000000000000e+00
8.768438361585140228e-03,5.680880276486277580e-04,3.087558070546947420e-05,0.000000000000000000e+00,0.000000000000000000e+00
1.164647564291954041e-02,8.771097054705023766e-04,2.875378777389414608e-05,0.000000000000000000e+00,0.000000000000000000e+00
1.026752218604087830e-02,6.856825784780085087e-04,3.410696808714419603e-05,0.000000000000000000e+00,0.000000000000000000e+00
1.323846541345119476e-02,9.729636367410421371e-04,3.508828376652672887e-05,0.000000000000000000e+00,0.000000000000000000e+00
9.313987568020820618e-03,5.803952808491885662e-04,3.510035094222985208e-05,0.000000000000000000e+00,0.000000000000000000e+00
9.328762069344520569e-03,5.635261768475174904e-04,3.693500912049785256e-05,0.000000000000000000e+00,0.000000000000000000e+00
1.001517847180366516e-02,6.775021320208907127e-04,3.240157093387097120e-05,0.000000000000000000e+00,0.000000000000000000e+00
1.303600613027811050e-02,9.847846813499927521e-04,3.188159098499454558e-05,0.000000000000000000e+00,0.000000000000000000e+00
8.672405034303665161e-03,5.665603675879538059e-04,3.006800943694543093e-05,0.000000000000000000e+00,0.000000000000000000e+00
9.382467716932296753e-03,6.361807463690638542e-04,3.020659642061218619e-05,0.000000000000000000e+00,0.000000000000000000e+00
8.204529061913490295e-03,5.140770226716995239e-04,3.063758413190953434e-05,0.000000000000000000e+00,0.000000000000000000e+00
8.872607722878456116e-03,5.531725473701953888e-04,3.340882176416926086e-05,0.000000000000000000e+00,0.000000000000000000e+00
1.067261211574077606e-02,7.472493452951312065e-04,3.200117862434126437e-05,0.000000000000000000e+00,0.000000000000000000e+00
1.015675440430641174e-02,6.919917068444192410e-04,3.236837073927745223e-05,0.000000000000000000e+00,0.000000000000000000e+00
1.270411256700754166e-02,9.301214595325291157e-04,3.402898073545657098e-05,0.000000000000000000e+00,0.000000000000000000e+00
1.025633700191974640e-02,6.864329334348440170e-04,3.392008147784508765e-05,0.000000000000000000e+00,0.000000000000000000e+00
1.054765563458204269e-02,7.016189629212021828e-04,3.531466427375562489e-05,0.000000000000000000e+00,0.000000000000000000e+00
1.007125061005353928e-02,6.412495858967304230e-04,3.658754576463252306e-05,0.000000000000000000e+00,0.000000000000000000e+00
9.428204968571662903e-03,6.496970308944582939e-04,2.931234121206216514e-05,0.000000000000000000e+00,0.000000000000000000e+00
1.035691797733306885e-02,6.891790544614195824e-04,3.465126792434602976e-05,0.000000000000000000e+00,0.000000000000000000e+00
1.008934713900089264e-02,6.185313686728477478e-04,3.904033655999228358e-05,0.000000000000000000e+00,0.000000000000000000e+00
9.362521581351757050e-03,6.143784848973155022e-04,3.218736674170941114e-05,0.000000000000000000e+00,0.000000000000000000e+00
1.165172364562749863e-02,7.660791743546724319e-04,3.990931872976943851e-05,0.000000000000000000e+00,0.000000000000000000e+00
1.201287470757961273e-02,8.864902774803340435e-04,3.147971438011154532e-05,0.000000000000000000e+00,0.000000000000000000e+00
9.633618406951427460e-03,6.715747294947504997e-04,2.917871097452007234e-05,0.000000000000000000e+00,0.000000000000000000e+00
1.209479849785566330e-02,8.144331513904035091e-04,3.950467362301424146e-05,0.000000000000000000e+00,0.000000000000000000e+00
1.003239117562770844e-02,6.685877451673150063e-04,3.346513767610304058e-05,0.000000000000000000e+00,0.000000000000000000e+00
9.257279336452484131e-03,5.808437126688659191e-04,3.448842471698299050e-05,0.000000000000000000e+00,0.000000000000000000e+00
1.017571520060300827e-02,6.368107860907912254e-04,3.807606844929978251e-05,0.000000000000000000e+00,0.000000000000000000e+00
1.174421980977058411e-02,8.249589009210467339e-04,3.494630800560116768e-05,0.000000000000000000e+00,0.000000000000000000e+00
9.935555979609489441e-03,6.919165025465190411e-04,3.016390837728977203e-05,0.000000000000000000e+00,0.000000000000000000e+00
1.115186326205730438e-02,7.479616906493902206e-04,3.672246384667232633e-05,0.000000000000000000e+00,0.000000000000000000e+00
9.408255107700824738e-03,6.180719938129186630e-04,3.227535125915892422e-05,0.000000000000000000e+00,0.000000000000000000e+00
1.074515189975500107e-02,6.572182755917310715e-04,4.172969056526198983e-05,0.000000000000000000e+00,0.000000000000000000e+00
9.135099127888679504e-03,5.962617578916251659e-04,3.172480865032412112e-05,0.000000000000000000e+00,0.000000000000000000e+00
1.057484373450279236e-02,7.073659216985106468e-04,3.501184255583211780e-05,0.000000000000000000e+00,0.000000000000000000e+00
9.123545140027999878e-03,6.019004504196345806e-04,3.104540519416332245e-05,0.000000000000000000e+00,0.000000000000000000e+00
9.013460949063301086e-03,5.522635183297097683e-04,3.490826202323660254e-05,0.000000000000000000e+00,0.000000000000000000e+00
9.331762790679931641e-03,6.291595054790377617e-04,3.040167757717426866e-05,0.000000000000000000e+00,0.000000000000000000e+00
9.924044832587242126e-03,6.727011641487479210e-04,3.197032492607831955e-05,0.000000000000000000e+00,0.000000000000000000e+00
1.059147808700799942e-02,7.673933287151157856e-04,2.917545134550891817e-05,0.000000000000000000e+00,0.000000000000000000e+00
1.009768527001142502e-02,7.094611646607518196e-04,3.003073652507737279e-05,0.000000000000000000e+00,0.000000000000000000e+00
1.061192620545625687e-02,7.122142706066370010e-04,3.489783193799667060e-05,0.000000000000000000e+00,0.000000000000000000e+00
8.461207151412963867e-03,5.205303896218538284e-04,3.255902993259951472e-05,0.000000000000000000e+00,0.000000000000000000e+00
1.054497994482517242e-02,7.394340354949235916e-04,3.150639531668275595e-05,0.000000000000000000e+00,0.000000000000000000e+00
9.905459359288215637e-03,7.050127605907618999e-04,2.855331331375055015e-05,0.000000000000000000e+00,0.000000000000000000e+00
9.479230269789695740e-03,6.372847128659486771e-04,3.106382791884243488e-05,0.000000000000000000e+00,0.000000000000000000e+00
8.121282793581485748e-03,4.858969477936625481e-04,3.262312748120166361e-05,0.000000000000000000e+00,0.000000000000000000e+00
1.188875641673803329e-02,9.056659182533621788e-04,2.832096834026742727e-05,0.000000000000000000e+00,0.000000000000000000e+00
9.722562506794929504e-03,6.186205428093671799e-04,3.536356962285935879e-05,0.000000000000000000e+00,0.000000000000000000e+00
9.505708701908588409e-03,6.478098221123218536e-04,3.027610546268988401e-05,0.000000000000000000e+00,0.000000000000000000e+00
9.206924587488174438e-03,6.267475546337664127e-04,2.939449404948391020e-05,0.000000000000000000e+00,0.000000000000000000e+00
8.103423751890659332e-03,5.117569817230105400e-04,2.985853643622249365e-05,0.000000000000000000e+00,0.000000000000000000e+00
8.762917481362819672e-03,5.927666206844151020e-04,2.835251143551431596e-05,0.000000000000000000e+00,0.000000000000000000e+00
8.440003730356693268e-03,5.671151448041200638e-04,2.768852209555916488e-05,0.000000000000000000e+00,0.000000000000000000e+00
1.183857023715972900e-02,8.769896230660378933e-04,3.068674413952976465e-05,0.000000000000000000e+00,0.000000000000000000e+00
9.944915771484375000e-03,7.237526006065309048e-04,2.707389830902684480e-05,0.000000000000000000e+00,0.000000000000000000e+00
9.431666694581508636e-03,6.462384480983018875e-04,2.969281922560185194e-05,0.000000000000000000e+00,0.000000000000000000e+00
1.013213954865932465e-02,7.138475775718688965e-04,2.993664020323194563e-05,0.000000000000000000e+00,0.000000000000000000e+00
1.191593986004590988e-02,8.935366058722138405e-04,2.980574208777397871e-05,0.000000000000000000e+00,0.000000000000000000e+00
1.075532380491495132e-02,7.968238787725567818e-04,2.787085031741298735e-05,0.000000000000000000e+00,0.000000000000000000e+00
9.212685748934745789e-03,6.172619760036468506e-04,3.040065712411887944e-05,0.000000000000000000e+00,0.000000000000000000e+00
8.306765928864479065e-03,5.490467883646488190e-04,2.816297637764364481e-05,0.000000000000000000e+00,0.000000000000000000e+00
8.803781121969223022e-03,5.855992785654962063e-04,2.947788379970006645e-05,0.000000000000000000e+00,0.000000000000000000e+00
8.450511842966079712e-03,5.405534757301211357e-04,3.044976438104640692e-05,0.000000000000000000e+00,0.000000000000000000e+00
1.130033843219280243e-02,8.311065612360835075e-04,2.989272070408333093e-05,0.000000000000000000e+00,0.000000000000000000e+00
9.131281636655330658e-03,5.980916321277618408e-04,3.150365228066220880e-05,0.000000000000000000e+00,0.000000000000000000e+00
9.577313438057899475e-03,6.516980938613414764e-04,3.060332528548315167e-05,0.000000000000000000e+00,0.000000000000000000e+00
1.156942173838615417e-02,8.178913267329335213e-04,3.390508209122344851e-05,0.000000000000000000e+00,0.000000000000000000e+00
8.771792054176330566e-03,5.497746751643717289e-04,3.274044865975156426e-05,0.000000000000000000e+00,0.000000000000000000e+00
8.681586012244224548e-03,5.816840566694736481e-04,2.864745147235225886e-05,0.000000000000000000e+00,0.000000000000000000e+00
9.883338585495948792e-03,6.846290198154747486e-04,3.037048190890345722e-05,0.000000000000000000e+00,0.000000000000000000e+00
9.312106296420097351e-03,6.317174993455410004e-04,2.994931674038525671e-05,0.000000000000000000e+00,0.000000000000000000e+00
1.211212296038866043e-02,8.801071089692413807e-04,3.311051841592416167e-05,0.000000000000000000e+00,0.000000000000000000e+00
9.263512678444385529e-03,6.176161114126443863e-04,3.087351433350704610e-05,0.000000000000000000e+00,0.000000000000000000e+00
1.203739363700151443e-02,9.067973587661981583e-04,2.969420529552735388e-05,0.000000000000000000e+00,0.000000000000000000e+00
1.145202293992042542e-02,7.925463141873478889e-04,3.526559885358437896e-05,0.000000000000000000e+00,0.000000000000000000e+00
1.027668453752994537e-02,7.219264516606926918e-04,3.057420326513238251e-05,0.000000000000000000e+00,0.000000000000000000e+00
8.715693838894367218e-03,5.564980092458426952e-04,3.150713382638059556e-05,0.000000000000000000e+00,0.000000000000000000e+00
8.525159209966659546e-03,5.387830897234380245e-04,3.137328167213127017e-05,0.000000000000000000e+00,0.000000000000000000e+00
9.282245300710201263e-03,6.144546787254512310e-04,3.137698513455688953e-05,0.000000000000000000e+00,0.000000000000000000e+00
7.468657568097114563e-03,4.451146523933857679e-04,3.017511335201561451e-05,0.000000000000000000e+00,0.000000000000000000e+00
7.894194684922695160e-03,4.595905775204300880e-04,3.298289084341377020e-05,0.000000000000000000e+00,0.000000000000000000e+00
1.163977012038230896e-02,8.363872184418141842e-04,3.275898416177369654e-05,0.000000000000000000e+00,0.000000000000000000e+00
1.299282535910606384e-02,9.913614485412836075e-04,3.079211455769836903e-05,0.000000000000000000e+00,0.000000000000000000e+00
1.067434437572956085e-02,6.923350156284868717e-04,3.750994437723420560e-05,0.000000000000000000e+00,0.000000000000000000e+00
8.799976669251918793e-03,5.465729627758264542e-04,3.334247230668552220e-05,0.000000000000000000e+00,0.000000000000000000e+00
1.073088869452476501e-02,7.442162605002522469e-04,3.288726657046936452e-05,0.000000000000000000e+00,0.000000000000000000e+00
1.018984429538249969e-02,7.055101450532674789e-04,3.134743019472807646e-05,0.000000000000000000e+00,0.000000000000000000e+00
9.166016243398189545e-03,6.143443170003592968e-04,3.022573218913748860e-05,0.000000000000000000e+00,0.000000000000000000e+00
9.030394256114959717e-03,5.978146218694746494e-04,3.052248212043195963e-05,0.000000000000000000e+00,0.000000000000000000e+00
7.155772764235734940e-03,4.412590060383081436e-04,2.743182631093077362e-05,0.000000000000000000e+00,0.000000000000000000e+00
9.580027312040328979e-03,6.344583816826343536e-04,3.235443728044629097e-05,0.000000000000000000e+00,0.000000000000000000e+00
8.724373765289783478e-03,5.670043756254017353e-04,3.054329863516613841e-05,0.000000000000000000e+00,0.000000000000000000e+00
1.067126262933015823e-02,7.458893815055489540e-04,3.212368756067007780e-05,0.000000000000000000e+00,0.000000000000000000e+00
6.848052609711885452e-03,3.932835243176668882e-04,2.915217555710114539e-05,0.000000000000000000e+00,0.000000000000000000e+00
8.160738274455070496e-03,5.072698695585131645e-04,3.088039011345244944e-05,0.000000000000000000e+00,0.000000000000000000e+00
6.981713697314262390e-03,4.215703229419887066e-04,2.766010220511816442e-05,0.000000000000000000e+00,0.000000000000000000e+00
9.290331974625587463e-03,6.310246535576879978e-04,2.980085082526784390e-05,0.000000000000000000e+00,0.000000000000000000e+00
9.886498562991619110e-03,6.901024607941508293e-04,2.985473474836908281e-05,0.000000000000000000e+00,0.000000000000000000e+00
7.453416474163532257e-03,4.152843321207910776e-04,3.300573007436469197e-05,0.000000000000000000e+00,0.000000000000000000e+00
9.353896602988243103e-03,6.404706509783864021e-04,2.949189911305438727e-05,0.000000000000000000e+00,0.000000000000000000e+00
1.007348299026489258e-02,7.137354696169495583e-04,2.936128112196456641e-05,0.000000000000000000e+00,0.000000000000000000e+00
1.030030194669961929e-02,7.502394146285951138e-04,2.797907836793456227e-05,0.000000000000000000e+00,0.000000000000000000e+00
9.692294523119926453e-03,6.820033304393291473e-04,2.872261757147498429e-05,0.000000000000000000e+00,0.000000000000000000e+00
9.898126125335693359e-03,6.874261889606714249e-04,3.023864701390266418e-05,0.000000000000000000e+00,0.000000000000000000e+00
9.569535031914710999e-03,6.440471042878925800e-04,3.129064498352818191e-05,0.000000000000000000e+00,0.000000000000000000e+00
1.027983520179986954e-02,7.310361834242939949e-04,2.969473825942259282e-05,0.000000000000000000e+00,0.000000000000000000e+00
8.432148024439811707e-03,5.433987244032323360e-04,2.998160198330879211e-05,0.000000000000000000e+00,0.000000000000000000e+00
1.213824376463890076e-02,8.972958894446492195e-04,3.165285670547746122e-05,0.000000000000000000e+00,0.000000000000000000e+00
7.953450083732604980e-03,4.907159018330276012e-04,3.046291203645523638e-05,0.000000000000000000e+00,0.000000000000000000e+00
8.335016667842864990e-03,5.163273890502750874e-04,3.171742355334572494e-05,0.000000000000000000e+00,0.000000000000000000e+00
9.437983855605125427e-03,6.555696018040180206e-04,2.882288390537723899e-05,0.000000000000000000e+00,0.000000000000000000e+00
8.114039897918701172e-03,5.316475871950387955e-04,2.797564593493007123e-05,0.000000000000000000e+00,0.000000000000000000e+00
8.942203596234321594e-03,5.955647211521863937e-04,2.986555955430958420e-05,0.000000000000000000e+00,0.000000000000000000e+00
1.148244086652994156e-02,8.661213796585798264e-04,2.821226735250093043e-05,0.000000000000000000e+00,0.000000000000000000e+00
1.075858809053897858e-02,7.761302404105663300e-04,2.997285628225654364e-05,0.000000000000000000e+00,0.000000000000000000e+00
7.940305396914482117e-03,5.079760449007153511e-04,2.860544736904557794e-05,0.000000000000000000e+00,0.000000000000000000e+00
8.296965621411800385e-03,5.248684319667518139e-04,3.048280996154062450e-05,0.000000000000000000e+00,0.000000000000000000e+00
8.330652490258216858e-03,5.796782788820564747e-04,2.533870247134473175e-05,0.000000000000000000e+00,0.000000000000000000e+00
9.442450478672981262e-03,6.135354051366448402e-04,3.307096631033346057e-05,0.000000000000000000e+00,0.000000000000000000e+00
7.342845201492309570e-03,4.694910603575408459e-04,2.647934525157324970e-05,0.000000000000000000e+00,0.000000000000000000e+00
1.066703815013170242e-02,7.627480081282556057e-04,3.039557850570417941e-05,0.000000000000000000e+00,0.000000000000000000e+00
9.687440469861030579e-03,6.899569416418671608e-04,2.787871744658332318e-05,0.000000000000000000e+00,0.000000000000000000e+00
1.151198893785476685e-02,8.722993079572916031e-04,2.788996789604425430e-05,0.000000000000000000e+00,0.000000000000000000e+00
8.857883512973785400e-03,6.195410387590527534e-04,2.662473525560926646e-05,0.000000000000000000e+00,0.000000000000000000e+00
1.077413186430931091e-02,7.926052203401923180e-04,2.848079020623117685e-05,0.000000000000000000e+00,0.000000000000000000e+00
8.044336922466754913e-03,5.108320037834346294e-04,2.936016608146019280e-05,0.000000000000000000e+00,0.000000000000000000e+00
1.023501437157392502e-02,7.521893130615353584e-04,2.713121648412197828e-05,0.000000000000000000e+00,0.000000000000000000e+00
8.611956611275672913e-03,5.471235490404069424e-04,3.140720946248620749e-05,0.000000000000000000e+00,0.000000000000000000e+00
9.788031689822673798e-03,6.881216540932655334e-04,2.906815097958315164e-05,0.000000000000000000e+00,0.000000000000000000e+00
7.880188524723052979e-03,5.017325165681540966e-04,2.862863402697257698e-05,0.000000000000000000e+00,0.000000000000000000e+00
9.880632162094116211e-03,6.664012908004224300e-04,3.216618642909452319e-05,0.000000000000000000e+00,0.000000000000000000e+00
1.000239886343479156e-02,6.755380891263484955e-04,3.247017593821510673e-05,0.000000000000000000e+00,0.000000000000000000e+00
7.972920313477516174e-03,5.079972324892878532e-04,2.892948032240383327e-05,0.000000000000000000e+00,0.000000000000000000e+00
7.868111133575439453e-03,4.725276085082441568e-04,3.142834611935541034e-05,0.000000000000000000e+00,0.000000000000000000e+00
8.162576705217361450e-03,4.942064406350255013e-04,3.220513099222443998e-05,0.000000000000000000e+00,0.000000000000000000e+00
9.123224765062332153e-03,6.030115764588117599e-04,3.093108534812927246e-05,0.000000000000000000e+00,0.000000000000000000e+00
8.953277952969074249e-03,5.801506340503692627e-04,3.151771306875161827e-05,0.000000000000000000e+00,0.000000000000000000e+00
9.842238388955593109e-03,7.006996311247348785e-04,2.835242048604413867e-05,0.000000000000000000e+00,0.000000000000000000e+00
7.422036025673151016e-03,4.374293494038283825e-04,3.047742393391672522e-05,0.000000000000000000e+00,0.000000000000000000e+00
8.032729849219322205e-03,4.782074829563498497e-04,3.250654845032840967e-05,0.000000000000000000e+00,0.000000000000000000e+00
6.951218470931053162e-03,4.241359711159020662e-04,2.709858381422236562e-05,0.000000000000000000e+00,0.000000000000000000e+00
7.306654937565326691e-03,4.464476078283041716e-04,2.842178764694835991e-05,0.000000000000000000e+00,0.000000000000000000e+00
1.027401722967624664e-02,7.419925532303750515e-04,2.854091508197598159e-05,0.000000000000000000e+00,0.000000000000000000e+00
1.106484234333038330e-02,8.120712009258568287e-04,2.944130574178416282e-05,0.000000000000000000e+00,0.000000000000000000e+00
7.764966227114200592e-03,5.012498586438596249e-04,2.752467844402417541e-05,0.000000000000000000e+00,0.000000000000000000e+00
6.936488673090934753e-03,4.117924254387617111e-04,2.818564098561182618e-05,0.000000000000000000e+00,0.000000000000000000e+00
7.944881916046142578e-03,5.162039306014776230e-04,2.782842420856468379e-05,0.000000000000000000e+00,0.000000000000000000e+00
9.385783225297927856e-03,6.306309369392693043e-04,3.079474481637589633e-05,0.000000000000000000e+00,0.000000000000000000e+00
9.126030839979648590e-03,6.565349176526069641e-04,2.560681787144858390e-05,0.000000000000000000e+00,0.000000000000000000e+00
7.210558280348777771e-03,4.641934065148234367e-04,2.568624040577560663e-05,0.000000000000000000e+00,0.000000000000000000e+00
9.235227480530738831e-03,6.188040133565664291e-04,3.047187055926769972e-05,0.000000000000000000e+00,0.000000000000000000e+00
8.037064224481582642e-03,5.409447476267814636e-04,2.627617323014419526e-05,0.000000000000000000e+00,0.000000000000000000e+00
9.184507653117179871e-03,6.284451228566467762e-04,2.900056460930500180e-05,0.000000000000000000e+00,0.000000000000000000e+00
8.701229467988014221e-03,6.092443363741040230e-04,2.608786599012091756e-05,0.000000000000000000e+00,0.000000000000000000e+00
8.105428889393806458e-03,4.713246016763150692e-04,3.392183134565129876e-05,0.000000000000000000e+00,0.000000000000000000e+00
7.775245234370231628e-03,4.960467922501266003e-04,2.814777508319821209e-05,0.000000000000000000e+00,0.000000000000000000e+00
8.482604287564754486e-03,5.180123844183981419e-04,3.302480763522908092e-05,0.000000000000000000e+00,0.000000000000000000e+00
8.362881839275360107e-03,5.686391377821564674e-04,2.676490112207829952e-05,0.000000000000000000e+00,0.000000000000000000e+00
8.289192803204059601e-03,5.430412129499018192e-04,2.858780499082058668e-05,0.000000000000000000e+00,0.000000000000000000e+00
8.306949399411678314e-03,5.694853607565164566e-04,2.612095704535022378e-05,0.000000000000000000e+00,0.000000000000000000e+00
1.116326637566089630e-02,8.382576052099466324e-04,2.780691102088894695e-05,0.000000000000000000e+00,0.000000000000000000e+00
9.521305561065673828e-03,6.386535242199897766e-04,3.134770668111741543e-05,0.000000000000000000e+00,0.000000000000000000e+00
8.188705891370773315e-03,5.214596167206764221e-04,2.974109702336136252e-05,0.000000000000000000e+00,0.000000000000000000e+00
8.135984651744365692e-03,5.128656048327684402e-04,3.007328268722631037e-05,0.000000000000000000e+00,0.000000000000000000e+00
8.663697168231010437e-03,5.447845323942601681e-04,3.215852120774798095e-05,0.000000000000000000e+00,0.000000000000000000e+00
1.034013926982879639e-02,7.589758024550974369e-04,2.750381463556550443e-05,0.000000000000000000e+00,0.000000000000000000e+00
8.727584034204483032e-03,5.931086488999426365e-04,2.796497756207827479e-05,0.000000000000000000e+00,0.000000000000000000e+00
8.670386858284473419e-03,6.188748520798981190e-04,2.481638148310594261e-05,0.000000000000000000e+00,0.000000000000000000e+00
9.071150794625282288e-03,6.140229525044560432e-04,2.930921800725627691e-05,0.000000000000000000e+00,0.000000000000000000e+00
7.845062762498855591e-03,5.400597583502531052e-04,2.444465644657611847e-05,0.000000000000000000e+00,0.000000000000000000e+00
8.265846408903598785e-03,5.555955576710402966e-04,2.709890395635738969e-05,0.000000000000000000e+00,0.000000000000000000e+00
9.113719686865806580e-03,6.642884109169244766e-04,2.470835352141875774e-05,0.000000000000000000e+00,0.000000000000000000e+00
9.591815993189811707e-03,6.963661871850490570e-04,2.628154652484226972e-05,0.000000000000000000e+00,0.000000000000000000e+00
8.509431965649127960e-03,5.589973297901451588e-04,2.919458529504481703e-05,0.000000000000000000e+00,0.000000000000000000e+00
8.036351762712001801e-03,5.438385996967554092e-04,2.597965431050397456e-05,0.000000000000000000e+00,0.000000000000000000e+00
8.724360726773738861e-03,6.146089872345328331e-04,2.578270505182445049e-05,0.000000000000000000e+00,0.000000000000000000e+00
8.340241387486457825e-03,5.402630195021629333e-04,2.937611134257167578e-05,0.000000000000000000e+00,0.000000000000000000e+00
8.508081547915935516e-03,5.922675481997430325e-04,2.585406036814674735e-05,0.000000000000000000e+00,0.000000000000000000e+00
7.682971656322479248e-03,4.710751527454704046e-04,2.972220318042673171e-05,0.000000000000000000e+00,0.000000000000000000e+00
7.339413277804851532e-03,4.613838391378521919e-04,2.725574995565693825e-05,0.000000000000000000e+00,0.000000000000000000e+00
6.398675031960010529e-03,3.769987379200756550e-04,2.628687980177346617e-05,0.000000000000000000e+00,0.000000000000000000e+00
8.535415865480899811e-03,5.817210767418146133e-04,2.718204996199347079e-05,0.000000000000000000e+00,0.000000000000000000e+00
8.341067470610141754e-03,5.593245150521397591e-04,2.747822327364701778e-05,0.000000000000000000e+00,0.000000000000000000e+00
8.355836383998394012e-03,5.679537425749003887e-04,2.676298754522576928e-05,0.000000000000000000e+00,0.000000000000000000e+00
1.018668711185455322e-02,7.409460376948118210e-04,2.777226836769841611e-05,0.000000000000000000e+00,0.000000000000000000e+00
8.476540446281433105e-03,5.801663501188158989e-04,2.674876668606884778e-05,0.000000000000000000e+00,0.000000000000000000e+00
9.050584398210048676e-03,6.352680502459406853e-04,2.697903983062133193e-05,0.000000000000000000e+00,0.000000000000000000e+00
1.012191362679004669e-02,7.481711800210177898e-04,2.640202001202851534e-05,0.000000000000000000e+00,0.000000000000000000e+00
9.446555748581886292e-03,6.920142914168536663e-04,2.526412572478875518e-05,0.000000000000000000e+00,0.000000000000000000e+00
7.619134150445461273e-03,4.981620586477220058e-04,2.637513534864410758e-05,0.000000000000000000e+00,0.000000000000000000e+00
7.675280794501304626e-03,5.289827240630984306e-04,2.385453080933075398e-05,0.000000000000000000e+00,0.000000000000000000e+00
1.032089628279209137e-02,7.655427325516939163e-04,2.665469219209626317e-05,0.000000000000000000e+00,0.000000000000000000e+00
7.904874160885810852e-03,5.226599751040339470e-04,2.678273813216947019e-05,0.000000000000000000e+00,0.000000000000000000e+00
1.025835424661636353e-02,6.807844620198011398e-04,3.450509393587708473e-05,0.000000000000000000e+00,0.000000000000000000e+00
8.422991260886192322e-03,5.855654599145054817e-04,2.567336923675611615e-05,0.000000000000000000e+00,0.000000000000000000e+00
7.796634919941425323e-03,5.154043901711702347e-04,2.642590698087587953e-05,0.000000000000000000e+00,0.000000000000000000e+00
9.232982061803340912e-03,6.539789028465747833e-04,2.693192800506949425e-05,0.000000000000000000e+00,0.000000000000000000e+00
9.218614548444747925e-03,6.899332511238753796e-04,2.319282066309824586e-05,0.000000000000000000e+00,0.000000000000000000e+00
7.678429130464792252e-03,4.825964570045471191e-04,2.852464604075066745e-05,0.000000000000000000e+00,0.000000000000000000e+00
7.862045429646968842e-03,4.802856128662824631e-04,3.059189111809246242e-05,0.000000000000000000e+00,0.000000000000000000e+00
8.083614520728588104e-03,5.557519616559147835e-04,2.526095340726897120e-05,0.000000000000000000e+00,0.000000000000000000e+00
6.997235585004091263e-03,4.408585955388844013e-04,2.588649658719077706e-05,0.000000000000000000e+00,0.000000000000000000e+00
7.484025321900844574e-03,4.406330117490142584e-04,3.077695146203041077e-05,0.000000000000000000e+00,0.000000000000000000e+00
8.867001160979270935e-03,6.147612002678215504e-04,2.719388794503174722e-05,0.000000000000000000e+00,0.000000000000000000e+00
7.277690805494785309e-03,4.809524398297071457e-04,2.468166712787933648e-05,0.000000000000000000e+00,0.000000000000000000e+00
7.993032224476337433e-03,5.239866441115736961e-04,2.753165790636558086e-05,0.000000000000000000e+00,0.000000000000000000e+00
7.730029057711362839e-03,5.624864716082811356e-04,2.105164458043873310e-05,0.000000000000000000e+00,0.000000000000000000e+00
7.232653908431529999e-03,4.721615114249289036e-04,2.511038837837986648e-05,0.000000000000000000e+00,0.000000000000000000e+00
6.662309169769287109e-03,4.268887278158217669e-04,2.393421527813188732e-05,0.000000000000000000e+00,0.000000000000000000e+00
7.864786311984062195e-03,5.009127780795097351e-04,2.855658021871931851e-05,0.000000000000000000e+00,0.000000000000000000e+00
9.372059255838394165e-03,6.641465006396174431e-04,2.730594496824778616e-05,0.000000000000000000e+00,0.000000000000000000e+00
7.098685018718242645e-03,4.463134973775595427e-04,2.635550299601163715e-05,0.000000000000000000e+00,0.000000000000000000e+00
6.981364451348781586e-03,4.086840199306607246e-04,2.894524550356436521e-05,0.000000000000000000e+00,0.000000000000000000e+00
6.585667841136455536e-03,4.213983775116503239e-04,2.371683876845054328e-05,0.000000000000000000e+00,0.000000000000000000e+00
7.454079575836658478e-03,4.795606946572661400e-04,2.658472294569946826e-05,0.000000000000000000e+00,0.000000000000000000e+00
9.379317983984947205e-03,6.467648781836032867e-04,2.911668707383796573e-05,0.000000000000000000e+00,0.000000000000000000e+00
7.696178741753101349e-03,5.046477308496832848e-04,2.649701491463929415e-05,0.000000000000000000e+00,0.000000000000000000e+00
8.180867880582809448e-03,5.683461786247789860e-04,2.497406239854171872e-05,0.000000000000000000e+00,0.000000000000000000e+00
8.172636851668357849e-03,5.553755909204483032e-04,2.618881080707069486e-05,0.000000000000000000e+00,0.000000000000000000e+00
6.961412262171506882e-03,4.542495589703321457e-04,2.418916665192227811e-05,0.000000000000000000e+00,0.000000000000000000e+00
7.278626784682273865e-03,4.908215487375855446e-04,2.370411311858333647e-05,0.000000000000000000e+00,0.000000000000000000e+00
7.593210786581039429e-03,5.278822500258684158e-04,2.314388621016405523e-05,0.000000000000000000e+00,0.000000000000000000e+00
8.034745231270790100e-03,5.488891620188951492e-04,2.545853567426092923e-05,0.000000000000000000e+00,0.000000000000000000e+00
8.141292259097099304e-03,5.398850189521908760e-04,2.742442120506893843e-05,0.000000000000000000e+00,0.000000000000000000e+00
8.401377126574516296e-03,5.832263268530368805e-04,2.569113894423935562e-05,0.000000000000000000e+00,0.000000000000000000e+00
7.103160955011844635e-03,4.347062786109745502e-04,2.756098183454014361e-05,0.000000000000000000e+00,0.000000000000000000e+00
7.941321469843387604e-03,5.279140314087271690e-04,2.662180850165896118e-05,0.000000000000000000e+00,0.000000000000000000e+00
7.427222561091184616e-03,4.788336518686264753e-04,2.638886144268326461e-05,0.000000000000000000e+00,0.000000000000000000e+00
6.696186494082212448e-03,3.968926321249455214e-04,2.727260289248079062e-05,0.000000000000000000e+00,0.000000000000000000e+00
7.962455973029136658e-03,5.296353483572602272e-04,2.666102773218881339e-05,0.000000000000000000e+00,0.000000000000000000e+00
7.458971813321113586e-03,4.838103777728974819e-04,2.620867962832562625e-05,0.000000000000000000e+00,0.000000000000000000e+00
7.365614175796508789e-03,4.487988189794123173e-04,2.877625774999614805e-05,0.000000000000000000e+00,0.000000000000000000e+00
7.805690169334411621e-03,5.038924864493310452e-04,2.766765283013228327e-05,0.000000000000000000e+00,0.000000000000000000e+00
8.515627123415470123e-03,5.863843834958970547e-04,2.651783506735228002e-05,0.000000000000000000e+00,0.000000000000000000e+00
8.759013377130031586e-03,6.033586105331778526e-04,2.725426929828245193e-05,0.000000000000000000e+00,0.000000000000000000e+00
1.031827181577682495e-02,7.766539929434657097e-04,2.551731085986830294e-05,0.000000000000000000e+00,0.000000000000000000e+00
7.749722339212894440e-03,5.339363706298172474e-04,2.410358865745365620e-05,0.000000000000000000e+00,0.000000000000000000e+00
6.294969934970140457e-03,3.709763404913246632e-04,2.585206675576046109e-05,0.000000000000000000e+00,0.000000000000000000e+00
6.914126686751842499e-03,4.424495564308017492e-04,2.489631151547655463e-05,0.000000000000000000e+00,0.000000000000000000e+00
8.431423455476760864e-03,5.730370758101344109e-04,2.701053017517551780e-05,0.000000000000000000e+00,0.000000000000000000e+00
7.785174995660781860e-03,4.833813000004738569e-04,2.951362148451153189e-05,0.000000000000000000e+00,0.000000000000000000e+00
9.365578182041645050e-03,6.692139431834220886e-04,2.673438575584441423e-05,0.000000000000000000e+00,0.000000000000000000e+00
7.890850305557250977e-03,5.096696550026535988e-04,2.794153806462418288e-05,0.000000000000000000e+00,0.000000000000000000e+00
7.868351414799690247e-03,5.019645905122160912e-04,2.848704752977937460e-05,0.000000000000000000e+00,0.000000000000000000e+00
7.672790437936782837e-03,5.412078462541103363e-04,2.260711698909290135e-05,0.000000000000000000e+00,0.000000000000000000e+00
6.913681514561176300e-03,4.517612396739423275e-04,2.396069066890049726e-05,0.000000000000000000e+00,0.000000000000000000e+00
8.268566802144050598e-03,5.342555814422667027e-04,2.926011075032874942e-05,0.000000000000000000e+00,0.000000000000000000e+00
8.408149704337120056e-03,5.615312256850302219e-04,2.792837040033191442e-05,0.000000000000000000e+00,0.000000000000000000e+00
8.135080337524414062e-03,5.375164328143000603e-04,2.759915514616295695e-05,0.000000000000000000e+00,0.000000000000000000e+00
7.809211965650320053e-03,5.456495564430952072e-04,2.352716364839579910e-05,0.000000000000000000e+00,0.000000000000000000e+00
6.447713822126388550e-03,4.135994240641593933e-04,2.311719435965642333e-05,0.000000000000000000e+00,0.000000000000000000e+00
7.736165076494216919e-03,5.118858534842729568e-04,2.617306745378300548e-05,0.000000000000000000e+00,0.000000000000000000e+00
7.259675301611423492e-03,4.882274079136550426e-04,2.377400960540398955e-05,0.000000000000000000e+00,0.000000000000000000e+00
7.605437189340591431e-03,4.846927477046847343e-04,2.758509435807354748e-05,0.000000000000000000e+00,0.000000000000000000e+00
8.866940625011920929e-03,6.565490039065480232e-04,2.301450876984745264e-05,0.000000000000000000e+00,0.000000000000000000e+00
8.082727901637554169e-03,5.378300556913018227e-04,2.704427424760069698e-05,0.000000000000000000e+00,0.000000000000000000e+00
7.096256129443645477e-03,4.560834786389023066e-04,2.535421663196757436e-05,0.000000000000000000e+00,0.000000000000000000e+00
7.743942085653543472e-03,4.931826842948794365e-04,2.812115053529851139e-05,0.000000000000000000e+00,0.000000000000000000e+00
7.632474880665540695e-03,5.152999656274914742e-04,2.479475369909778237e-05,0.000000000000000000e+00,0.000000000000000000e+00
8.591826073825359344e-03,5.862844409421086311e-04,2.728982144617475569e-05,0.000000000000000000e+00,0.000000000000000000e+00
5.722151603549718857e-03,3.327205777168273926e-04,2.394945840933360159e-05,0.000000000000000000e+00,0.000000000000000000e+00
9.296830743551254272e-03,6.682016537524759769e-04,2.614814002299681306e-05,0.000000000000000000e+00,0.000000000000000000e+00
7.910050451755523682e-03,5.027767037972807884e-04,2.882283661165274680e-05,0.000000000000000000e+00,0.000000000000000000e+00
7.354446221143007278e-03,4.928316338919103146e-04,2.426129867671988904e-05,0.000000000000000000e+00,0.000000000000000000e+00
6.558841094374656677e-03,4.193526692688465118e-04,2.365314321650657803e-05,0.000000000000000000e+00,0.000000000000000000e+00
5.930436775088310242e-03,3.702085232362151146e-04,2.228351877420209348e-05,0.000000000000000000e+00,0.000000000000000000e+00
7.109376601874828339e-03,4.512237792368978262e-04,2.597138518467545509e-05,0.000000000000000000e+00,0.000000000000000000e+00
6.177892908453941345e-03,4.020163032691925764e-04,2.157730341423302889e-05,0.000000000000000000e+00,0.000000000000000000e+00
6.821303628385066986e-03,4.519262001849710941e-04,2.302041684743016958e-05,0.000000000000000000e+00,0.000000000000000000e+00
7.380960043519735336e-03,4.354015982244163752e-04,3.026944068551529199e-05,0.000000000000000000e+00,0.000000000000000000e+00
7.285161875188350677e-03,4.610578762367367744e-04,2.674583083717152476e-05,0.000000000000000000e+00,0.000000000000000000e+00
7.350214757025241852e-03,4.976629861630499363e-04,2.373584720771759748e-05,0.000000000000000000e+00,0.000000000000000000e+00
6.900856271386146545e-03,4.461317439563572407e-04,2.439538729959167540e-05,0.000000000000000000e+00,0.000000000000000000e+00
7.774305064231157303e-03,4.896824830211699009e-04,2.877480437746271491e-05,0.000000000000000000e+00,0.000000000000000000e+00
8.405350148677825928e-03,6.301300018094480038e-04,2.104049963236320764e-05,0.000000000000000000e+00,0.000000000000000000e+00
8.736841380596160889e-03,5.807750276289880276e-04,2.929090624093078077e-05,0.000000000000000000e+00,0.000000000000000000e+00
7.395497057586908340e-03,5.089616170153021812e-04,2.305880661879200488e-05,0.000000000000000000e+00,0.000000000000000000e+00
7.554118987172842026e-03,5.109792691655457020e-04,2.444326491968240589e-05,0.000000000000000000e+00,0.000000000000000000e+00
7.236823439598083496e-03,4.870975972153246403e-04,2.365847649343777448e-05,0.000000000000000000e+00,0.000000000000000000e+00
7.204608991742134094e-03,4.568088625092059374e-04,2.636520366650074720e-05,0.000000000000000000e+00,0.000000000000000000e+00
6.727936211973428726e-03,4.492567386478185654e-04,2.235368810943327844e-05,0.000000000000000000e+00,0.000000000000000000e+00
6.412314716726541519e-03,3.864392638206481934e-04,2.547922122175805271e-05,0.000000000000000000e+00,0.000000000000000000e+00
7.297736592590808868e-03,5.030924221500754356e-04,2.266812225570902228e-05,0.000000000000000000e+00,0.000000000000000000e+00
7.521740626543760300e-03,4.932029405608773232e-04,2.589711402833927423e-05,0.000000000000000000e+00,0.000000000000000000e+00
7.473424077033996582e-03,4.961686208844184875e-04,2.511738057364709675e-05,0.000000000000000000e+00,0.000000000000000000e+00
6.504880264401435852e-03,4.113317700102925301e-04,2.391562520642764866e-05,0.000000000000000000e+00,0.000000000000000000e+00
8.291105739772319794e-03,5.884266574867069721e-04,2.406839121249504387e-05,0.000000000000000000e+00,0.000000000000000000e+00
7.362614385783672333e-03,4.879049374721944332e-04,2.483564639987889677e-05,0.000000000000000000e+00,0.000000000000000000e+00
7.135911844670772552e-03,5.047469167038798332e-04,2.088442124659195542e-05,0.000000000000000000e+00,0.000000000000000000e+00
6.018428597599267960e-03,3.606346726883202791e-04,2.412081994407344609e-05,0.000000000000000000e+00,0.000000000000000000e+00
6.672537885606288910e-03,4.347967915236949921e-04,2.324569868505932391e-05,0.000000000000000000e+00,0.000000000000000000e+00
8.230370469391345978e-03,6.140975747257471085e-04,2.089394911308772862e-05,0.000000000000000000e+00,0.000000000000000000e+00
8.171909488737583160e-03,5.714243743568658829e-04,2.457666050759144127e-05,0.000000000000000000e+00,0.000000000000000000e+00
7.151789963245391846e-03,4.378000157885253429e-04,2.773789674392901361e-05,0.000000000000000000e+00,0.000000000000000000e+00
6.638437043875455856e-03,4.157591029070317745e-04,2.480845796526409686e-05,0.000000000000000000e+00,0.000000000000000000e+00
8.508662693202495575e-03,6.057479185983538628e-04,2.451183172524906695e-05,0.000000000000000000e+00,0.000000000000000000e+00
7.012795656919479370e-03,4.277857951819896698e-04,2.734937515924684703e-05,0.000000000000000000e+00,0.000000000000000000e+00
6.502235773950815201e-03,4.241871356498450041e-04,2.260364635731093585e-05,0.000000000000000000e+00,0.000000000000000000e+00
6.106655113399028778e-03,3.324537246953696012e-04,2.782118099275976419e-05,0.000000000000000000e+00,0.000000000000000000e+00
7.248322945088148117e-03,4.789177037309855223e-04,2.459145980537869036e-05,0.000000000000000000e+00,0.000000000000000000e+00
6.812025792896747589e-03,4.609176539815962315e-04,2.202849282184615731e-05,0.000000000000000000e+00,0.000000000000000000e+00
7.601922843605279922e-03,5.244126659817993641e-04,2.357796256546862423e-05,0.000000000000000000e+00,0.000000000000000000e+00
8.791004307568073273e-03,6.183702498674392700e-04,2.607301757961977273e-05,0.000000000000000000e+00,0.000000000000000000e+00
8.060785010457038879e-03,5.648432997986674309e-04,2.412351568636950105e-05,0.000000000000000000e+00,0.000000000000000000e+00
7.790808565914630890e-03,5.506888846866786480e-04,2.283919457113370299e-05,0.000000000000000000e+00,0.000000000000000000e+00
7.530778646469116211e-03,4.803046467714011669e-04,2.727732135099358857e-05,0.000000000000000000e+00,0.000000000000000000e+00
6.721945945173501968e-03,4.353763069957494736e-04,2.368182867940049618e-05,0.000000000000000000e+00,0.000000000000000000e+00
7.358917035162448883e-03,4.716455005109310150e-04,2.642462277435697615e-05,0.000000000000000000e+00,0.000000000000000000e+00
8.800777606666088104e-03,6.333600031211972237e-04,2.467177546350285411e-05,0.000000000000000000e+00,0.000000000000000000e+00
6.981031969189643860e-03,4.491550207603722811e-04,2.489481812517624348e-05,0.000000000000000000e+00,0.000000000000000000e+00
8.119666017591953278e-03,5.766695830971002579e-04,2.352970477659255266e-05,0.000000000000000000e+00,0.000000000000000000e+00
8.500374853610992432e-03,6.082041072659194469e-04,2.418333679088391364e-05,0.000000000000000000e+00,0.000000000000000000e+00
6.387811154127120972e-03,4.001740016974508762e-04,2.386071355431340635e-05,0.000000000000000000e+00,0.000000000000000000e+00
7.396342698484659195e-03,4.925028188154101372e-04,2.471314292051829398e-05,0.000000000000000000e+00,0.000000000000000000e+00
7.569418288767337799e-03,5.127260228618979454e-04,2.442157892801333219e-05,0.000000000000000000e+00,0.000000000000000000e+00
8.561394177377223969e-03,6.402086000889539719e-04,2.159308496629819274e-05,0.000000000000000000e+00,0.000000000000000000e+00
7.601354271173477173e-03,4.943345556966960430e-04,2.658008452272042632e-05,0.000000000000000000e+00,0.000000000000000000e+00
7.927857339382171631e-03,5.370141007006168365e-04,2.557716288720257580e-05,0.000000000000000000e+00,0.000000000000000000e+00
6.962616927921772003e-03,4.499625938478857279e-04,2.462991324136964977e-05,0.000000000000000000e+00,0.000000000000000000e+00
7.267183158546686172e-03,4.932325100526213646e-04,2.334857708774507046e-05,0.000000000000000000e+00,0.000000000000000000e+00
6.147429812699556351e-03,3.640052746050059795e-04,2.507376848370768130e-05,0.000000000000000000e+00,0.000000000000000000e+00
6.176952738314867020e-03,3.566741943359375000e-04,2.610210867715068161e-05,0.000000000000000000e+00,0.000000000000000000e+00
7.625024765729904175e-03,4.970948793925344944e-04,2.654075979080516845e-05,0.000000000000000000e+00,0.000000000000000000e+00
7.401936221867799759e-03,4.946485860273241997e-04,2.455450157867744565e-05,0.000000000000000000e+00,0.000000000000000000e+00
6.396844051778316498e-03,4.123288672417402267e-04,2.273555583087727427e-05,0.000000000000000000e+00,0.000000000000000000e+00
7.490142714232206345e-03,5.038790404796600342e-04,2.451352338539436460e-05,0.000000000000000000e+00,0.000000000000000000e+00
7.427317090332508087e-03,5.010623717680573463e-04,2.416693314444273710e-05,0.000000000000000000e+00,0.000000000000000000e+00
8.008920587599277496e-03,5.671508843079209328e-04,2.337412297492846847e-05,0.000000000000000000e+00,0.000000000000000000e+00
6.364250555634498596e-03,3.921329043805599213e-04,2.442921686451882124e-05,0.000000000000000000e+00,0.000000000000000000e+00
6.812465377151966095e-03,4.530066216830164194e-04,2.282399145769886672e-05,0.000000000000000000e+00,0.000000000000000000e+00
7.303611375391483307e-03,4.672977956943213940e-04,2.630633389344438910e-05,0.000000000000000000e+00,0.000000000000000000e+00
6.173070054501295090e-03,3.964698407799005508e-04,2.208371552114840597e-05,0.000000000000000000e+00,0.000000000000000000e+00
6.187201943248510361e-03,3.952673287130892277e-04,2.234528801636770368e-05,0.000000000000000000e+00,0.000000000000000000e+00
8.079431951045989990e-03,5.943773430772125721e-04,2.135658724000677466e-05,0.000000000000000000e+00,0.000000000000000000e+00
6.966622546315193176e-03,4.503080854192376137e-04,2.463541750330477953e-05,0.000000000000000000e+00,0.000000000000000000e+00
7.247243076562881470e-03,5.147389601916074753e-04,2.099853554682340473e-05,0.000000000000000000e+00,0.000000000000000000e+00
6.511317100375890732e-03,4.249940393492579460e-04,2.261376539536286145e-05,0.000000000000000000e+00,0.000000000000000000e+00
6.407171487808227539e-03,4.061203799210488796e-04,2.345967368455603719e-05,0.000000000000000000e+00,0.000000000000000000e+00
5.642122123390436172e-03,3.394465311430394650e-04,2.247656811960041523e-05,0.000000000000000000e+00,0.000000000000000000e+00
8.534126915037631989e-03,6.121807964518666267e-04,2.412319372524507344e-05,0.000000000000000000e+00,0.000000000000000000e+00
7.016708608716726303e-03,4.745226178783923388e-04,2.271482298965565860e-05,0.000000000000000000e+00,0.000000000000000000e+00
6.754322908818721771e-03,4.192382039036601782e-04,2.561941073508933187e-05,0.000000000000000000e+00,0.000000000000000000e+00
9.223780594766139984e-03,6.827459437772631645e-04,2.396320815023500472e-05,0.000000000000000000e+00,0.000000000000000000e+00
7.359892129898071289e-03,4.795281565748155117e-04,2.564610440458636731e-05,0.000000000000000000e+00,0.000000000000000000e+00
7.848748937249183655e-03,5.528773181140422821e-04,2.319975465070456266e-05,0.000000000000000000e+00,0.000000000000000000e+00
7.411323487758636475e-03,4.959870129823684692e-04,2.451453474350273609e-05,0.000000000000000000e+00,0.000000000000000000e+00
6.475884467363357544e-03,4.283469461370259523e-04,2.192414831370115280e-05,0.000000000000000000e+00,0.000000000000000000e+00
7.037451490759849548e-03,4.785569617524743080e-04,2.251881960546597838e-05,0.000000000000000000e+00,0.000000000000000000e+00
7.670069579035043716e-03,5.177233833819627762e-04,2.492835847078822553e-05,0.000000000000000000e+00,0.000000000000000000e+00
6.602889858186244965e-03,3.849081695079803467e-04,2.753808257693890482e-05,0.000000000000000000e+00,0.000000000000000000e+00
7.274286821484565735e-03,5.189761868678033352e-04,2.084524749079719186e-05,0.000000000000000000e+00,0.000000000000000000e+00
6.884864531457424164e-03,4.497279878705739975e-04,2.387584572716150433e-05,0.000000000000000000e+00,0.000000000000000000e+00
7.617113646119832993e-03,5.228815716691315174e-04,2.388298162259161472e-05,0.000000000000000000e+00,0.000000000000000000e+00
6.412173621356487274e-03,3.958483575843274593e-04,2.453690103720873594e-05,0.000000000000000000e+00,0.000000000000000000e+00
6.885115522891283035e-03,4.421850317157804966e-04,2.463265263941138983e-05,0.000000000000000000e+00,0.000000000000000000e+00
6.668374873697757721e-03,4.397017182782292366e-04,2.271358243888244033e-05,0.000000000000000000e+00,0.000000000000000000e+00
6.388404406607151031e-03,4.112690221518278122e-04,2.275713995913974941e-05,0.000000000000000000e+00,0.000000000000000000e+00
7.204309105873107910e-03,4.675580130424350500e-04,2.528729237383231521e-05,0.000000000000000000e+00,0.000000000000000000e+00
8.362453430891036987e-03,5.599276628345251083e-04,2.763176235021091998e-05,0.000000000000000000e+00,0.000000000000000000e+00
8.113266900181770325e-03,5.587877240031957626e-04,2.525389754737261683e-05,0.000000000000000000e+00,0.000000000000000000e+00
7.115561980754137039e-03,4.579736560117453337e-04,2.535825660743284971e-05,0.000000000000000000e+00,0.000000000000000000e+00
7.393526379019021988e-03,5.062513519078493118e-04,2.331012910872232169e-05,0.000000000000000000e+00,0.000000000000000000e+00
6.010811775922775269e-03,3.879782161675393581e-04,2.131029759766533971e-05,0.000000000000000000e+00,0.000000000000000000e+00
8.372034877538681030e-03,5.885323043912649155e-04,2.486711309757083654e-05,0.000000000000000000e+00,0.000000000000000000e+00
6.803496275097131729e-03,4.646645684260874987e-04,2.156850496248807758e-05,0.000000000000000000e+00,0.000000000000000000e+00
7.369245402514934540e-03,4.929578863084316254e-04,2.439666786813177168e-05,0.000000000000000000e+00,0.000000000000000000e+00
7.087174803018569946e-03,4.682130529545247555e-04,2.405044324405025691e-05,0.000000000000000000e+00,0.000000000000000000e+00
6.593672093003988266e-03,4.262939619366079569e-04,2.330732604605145752e-05,0.000000000000000000e+00,0.000000000000000000e+00
6.325899623334407806e-03,3.772521158680319786e-04,2.553378726588562131e-05,0.000000000000000000e+00,0.000000000000000000e+00
7.281694561243057251e-03,5.321971839293837547e-04,1.959722794708795846e-05,0.000000000000000000e+00,0.000000000000000000e+00
7.093468215316534042e-03,4.925706889480352402e-04,2.167761340388096869e-05,0.000000000000000000e+00,0.000000000000000000e+00
7.299004122614860535e-03,5.005549755878746510e-04,2.293454235768876970e-05,0.000000000000000000e+00,0.000000000000000000e+00
5.974530708044767380e-03,3.747694718185812235e-04,2.226835931651294231e-05,0.000000000000000000e+00,0.000000000000000000e+00
8.052943274378776550e-03,5.678605521097779274e-04,2.374337782384827733e-05,0.000000000000000000e+00,0.000000000000000000e+00
7.399798370897769928e-03,5.038417293690145016e-04,2.361381302762310952e-05,0.000000000000000000e+00,0.000000000000000000e+00
6.011480931192636490e-03,3.952800761908292770e-04,2.058680183836258948e-05,0.000000000000000000e+00,0.000000000000000000e+00
8.022183552384376526e-03,5.966279422864317894e-04,2.055904406006447971e-05,0.000000000000000000e+00,0.000000000000000000e+00
7.478842511773109436e-03,4.823005292564630508e-04,2.655837124621029943e-05,0.000000000000000000e+00,0.000000000000000000e+00
8.129261434078216553e-03,5.965576274320483208e-04,2.163685348932631314e-05,0.000000000000000000e+00,0.000000000000000000e+00
6.878614425659179688e-03,4.884501104243099689e-04,1.994113154069054872e-05,0.000000000000000000e+00,0.000000000000000000e+00
7.724247872829437256e-03,5.527361645363271236e-04,2.196886271121911705e-05,0.000000000000000000e+00,0.000000000000000000e+00
7.118636742234230042e-03,4.287287010811269283e-04,2.831349775078706443e-05,0.000000000000000000e+00,0.000000000000000000e+00
8.337549865245819092e-03,6.395313539542257786e-04,1.942236303875688463e-05,0.000000000000000000e+00,0.000000000000000000e+00
6.421021185815334320e-03,3.929607337340712547e-04,2.491413761163130403e-05,0.000000000000000000e+00,0.000000000000000000e+00
6.525912322103977203e-03,4.310748190619051456e-04,2.215164204244501889e-05,0.000000000000000000e+00,0.000000000000000000e+00
6.573126651346683502e-03,4.038894549012184143e-04,2.534232044126838446e-05,0.000000000000000000e+00,0.000000000000000000e+00
7.077052257955074310e-03,4.874206497333943844e-04,2.202845644205808640e-05,0.000000000000000000e+00,0.000000000000000000e+00
7.880889810621738434e-03,5.748540279455482960e-04,2.132349618477746844e-05,0.000000000000000000e+00,0.000000000000000000e+00
6.826120428740978241e-03,4.413954447954893112e-04,2.412165667919907719e-05,0.000000000000000000e+00,0.000000000000000000e+00
6.683806888759136200e-03,4.210612969473004341e-04,2.473194035701453686e-05,0.000000000000000000e+00,0.000000000000000000e+00
6.232099607586860657e-03,3.853440575767308474e-04,2.378659337409771979e-05,0.000000000000000000e+00,0.000000000000000000e+00
6.839123088866472244e-03,4.485968383960425854e-04,2.353154559386894107e-05,0.000000000000000000e+00,0.000000000000000000e+00
6.302575580775737762e-03,4.338454164098948240e-04,1.964121474884450436e-05,0.000000000000000000e+00,0.000000000000000000e+00
7.620494812726974487e-03,5.329450359567999840e-04,2.291044074809178710e-05,0.000000000000000000e+00,0.000000000000000000e+00
6.788477301597595215e-03,4.678943660110235214e-04,2.109533306793309748e-05,0.000000000000000000e+00,0.000000000000000000e+00
7.360436953604221344e-03,5.058845854364335537e-04,2.301590939168818295e-05,0.000000000000000000e+00,0.000000000000000000e+00
7.057193666696548462e-03,4.903025692328810692e-04,2.154167850676458329e-05,0.000000000000000000e+00,0.000000000000000000e+00
7.215507328510284424e-03,5.051613552495837212e-04,2.163893805118277669e-05,0.000000000000000000e+00,0.000000000000000000e+00
7.160610519349575043e-03,5.244108615443110466e-04,1.916501423693262041e-05,0.000000000000000000e+00,0.000000000000000000e+00
8.439162746071815491e-03,6.468503270298242569e-04,1.970659832295496017e-05,0.000000000000000000e+00,0.000000000000000000e+00
6.190821062773466110e-03,4.144775739405304193e-04,2.046045483439229429e-05,0.000000000000000000e+00,0.000000000000000000e+00
6.360278930515050888e-03,4.212553612887859344e-04,2.147725354006979614e-05,0.000000000000000000e+00,0.000000000000000000e+00
5.603514611721038818e-03,3.591008717194199562e-04,2.012506047321949154e-05,0.000000000000000000e+00,0.000000000000000000e+00
6.409470923244953156e-03,4.059260536450892687e-04,2.350209979340434074e-05,0.000000000000000000e+00,0.000000000000000000e+00
7.035331800580024719e-03,4.590475000441074371e-04,2.444856727379374206e-05,0.000000000000000000e+00,0.000000000000000000e+00
7.811303716152906418e-03,5.624286131933331490e-04,2.187017889809794724e-05,0.000000000000000000e+00,0.000000000000000000e+00
7.458304055035114288e-03,5.087957833893597126e-04,2.370346555835567415e-05,0.000000000000000000e+00,0.000000000000000000e+00
6.465094164013862610e-03,4.338733851909637451e-04,2.126360413967631757e-05,0.000000000000000000e+00,0.000000000000000000e+00
6.522417534142732620e-03,4.329470684751868248e-04,2.192946703871712089e-05,0.000000000000000000e+00,0.000000000000000000e+00
7.819632068276405334e-03,5.491374759003520012e-04,2.328256596229039133e-05,0.000000000000000000e+00,0.000000000000000000e+00
6.885127164423465729e-03,4.476894391700625420e-04,2.408232285233680159e-05,0.000000000000000000e+00,0.000000000000000000e+00
6.518705282360315323e-03,4.399725585244596004e-04,2.118979682563804090e-05,0.000000000000000000e+00,0.000000000000000000e+00
6.920834071934223175e-03,4.862407804466784000e-04,2.058426252915523946e-05,0.000000000000000000e+00,0.000000000000000000e+00
6.865785457193851471e-03,4.344540648162364960e-04,2.521244823583401740e-05,0.000000000000000000e+00,0.000000000000000000e+00
6.602075882256031036e-03,4.094353644177317619e-04,2.507722092559561133e-05,0.000000000000000000e+00,0.000000000000000000e+00
8.024476468563079834e-03,5.664472118951380253e-04,2.360004509682767093e-05,0.000000000000000000e+00,0.000000000000000000e+00
6.488149054348468781e-03,4.406865919008851051e-04,2.081283491861540824e-05,0.000000000000000000e+00,0.000000000000000000e+00
5.848569795489311218e-03,3.675176994875073433e-04,2.173392931581474841e-05,0.000000000000000000e+00,0.000000000000000000e+00
6.634902209043502808e-03,4.694138478953391314e-04,1.940763286256697029e-05,0.000000000000000000e+00,0.000000000000000000e+00
7.350160740315914154e-03,4.811130638699978590e-04,2.539030174375511706e-05,0.000000000000000000e+00,0.000000000000000000e+00
8.159755729138851166e-03,6.022148299962282181e-04,2.137607589247636497e-05,0.000000000000000000e+00,0.000000000000000000e+00
7.035477086901664734e-03,4.974001785740256310e-04,2.061475061054807156e-05,0.000000000000000000e+00,0.000000000000000000e+00
8.207591250538825989e-03,5.863020196557044983e-04,2.344571294088382274e-05,0.000000000000000000e+00,0.000000000000000000e+00
6.331042386591434479e-03,4.293696547392755747e-04,2.037345984717831016e-05,0.000000000000000000e+00,0.000000000000000000e+00
6.098150275647640228e-03,3.910756786353886127e-04,2.187393329222686589e-05,0.000000000000000000e+00,0.000000000000000000e+00
6.601410452276468277e-03,4.491800209507346153e-04,2.109610068146139383e-05,0.000000000000000000e+00,0.000000000000000000e+00
5.401913076639175415e-03,3.148152900394052267e-04,2.253759885206818581e-05,0.000000000000000000e+00,0.000000000000000000e+00
7.367916405200958252e-03,5.228713853284716606e-04,2.139202115358784795e-05,0.000000000000000000e+00,0.000000000000000000e+00
6.641986779868602753e-03,4.501350340433418751e-04,2.140636570402421057e-05,0.000000000000000000e+00,0.000000000000000000e+00
5.971269682049751282e-03,3.975995641667395830e-04,1.995273669308517128e-05,0.000000000000000000e+00,0.000000000000000000e+00
5.608038045465946198e-03,3.591723507270216942e-04,2.016314465436153114e-05,0.000000000000000000e+00,0.000000000000000000e+00
6.356690544635057449e-03,4.101142403669655323e-04,2.255548315588384867e-05,0.000000000000000000e+00,0.000000000000000000e+00
6.406380329281091690e-03,4.247624892741441727e-04,2.158755523851141334e-05,0.000000000000000000e+00,0.000000000000000000e+00
6.461851298809051514e-03,4.334765835665166378e-04,2.127085463143885136e-05,0.000000000000000000e+00,0.000000000000000000e+00
7.396155968308448792e-03,5.245547508820891380e-04,2.150608270312659442e-05,0.000000000000000000e+00,0.000000000000000000e+00
8.606487885117530823e-03,6.383092841133475304e-04,2.223394585598725826e-05,0.000000000000000000e+00,0.000000000000000000e+00
6.758177652955055237e-03,4.654147778637707233e-04,2.104029772453941405e-05,0.000000000000000000e+00,0.000000000000000000e+00
6.754028610885143280e-03,4.623940913006663322e-04,2.130087341356556863e-05,0.000000000000000000e+00,0.000000000000000000e+00
7.239828817546367645e-03,4.967900458723306656e-04,2.271928315167315304e-05,0.000000000000000000e+00,0.000000000000000000e+00
6.907328963279724121e-03,4.603635170497000217e-04,2.303694236616138369e-05,0.000000000000000000e+00,0.000000000000000000e+00
5.863857455551624298e-03,3.849490894936025143e-04,2.014366145886015147e-05,0.000000000000000000e+00,0.000000000000000000e+00
7.394732907414436340e-03,5.363926757127046585e-04,2.030806354014202952e-05,0.000000000000000000e+00,0.000000000000000000e+00
7.148492615669965744e-03,4.953616298735141754e-04,2.194876287830993533e-05,0.000000000000000000e+00,0.000000000000000000e+00
6.380227394402027130e-03,4.291217192076146603e-04,2.089010013150982559e-05,0.000000000000000000e+00,0.000000000000000000e+00
6.679728161543607712e-03,4.407324595376849174e-04,2.272403253300581127e-05,0.000000000000000000e+00,0.000000000000000000e+00
6.392522715032100677e-03,4.359373415354639292e-04,2.033149576163850725e-05,0.000000000000000000e+00,0.000000000000000000e+00
7.571349851787090302e-03,5.027696024626493454e-04,2.543653681641444564e-05,0.000000000000000000e+00,0.000000000000000000e+00
6.136478390544652939e-03,3.769505710806697607e-04,2.366972512390930206e-05,0.000000000000000000e+00,0.000000000000000000e+00
7.826171815395355225e-03,5.584130412898957729e-04,2.242041591671295464e-05,0.000000000000000000e+00,0.000000000000000000e+00
6.973495706915855408e-03,4.713797243312001228e-04,2.259698521811515093e-05,0.000000000000000000e+00,0.000000000000000000e+00
7.519886828958988190e-03,5.595600814558565617e-04,1.924286334542557597e-05,0.000000000000000000e+00,0.000000000000000000e+00
6.434191949665546417e-03,4.136339412070810795e-04,2.297852552146650851e-05,0.000000000000000000e+00,0.000000000000000000e+00
5.546526983380317688e-03,3.454380785115063190e-04,2.092146314680576324e-05,0.000000000000000000e+00,0.000000000000000000e+00
8.105512708425521851e-03,5.870336899533867836e-04,2.235176543763373047e-05,0.000000000000000000e+00,0.000000000000000000e+00
5.661367438733577728e-03,3.739051171578466892e-04,1.922316369018517435e-05,0.000000000000000000e+00,0.000000000000000000e+00
5.970841273665428162e-03,4.199733375571668148e-04,1.771107963577378541e-05,0.000000000000000000e+00,0.000000000000000000e+00
7.327256258577108383e-03,5.549544584937393665e-04,1.777711804606951773e-05,0.000000000000000000e+00,0.000000000000000000e+00
5.699616856873035431e-03,3.599573392421007156e-04,2.100043639075011015e-05,0.000000000000000000e+00,0.000000000000000000e+00
8.554208092391490936e-03,6.534941494464874268e-04,2.019266685238108039e-05,0.000000000000000000e+00,0.000000000000000000e+00
5.992614198476076126e-03,4.017566097900271416e-04,1.975047962332610041e-05,0.000000000000000000e+00,0.000000000000000000e+00
7.051789201796054840e-03,5.234784912317991257e-04,1.817004340409766883e-05,0.000000000000000000e+00,0.000000000000000000e+00
7.561380043625831604e-03,5.367669509723782539e-04,2.193711043219082057e-05,0.000000000000000000e+00,0.000000000000000000e+00
7.954801432788372040e-03,5.792223382741212845e-04,2.162577948183752596e-05,0.000000000000000000e+00,0.000000000000000000e+00
6.884043104946613312e-03,4.880395135842263699e-04,2.003647750825621188e-05,0.000000000000000000e+00,0.000000000000000000e+00
7.338275201618671417e-03,5.320981144905090332e-04,2.017294173128902912e-05,0.000000000000000000e+00,0.000000000000000000e+00
7.574310526251792908e-03,5.167329218238592148e-04,2.406981548119802028e-05,0.000000000000000000e+00,0.000000000000000000e+00
6.650159135460853577e-03,4.701780562754720449e-04,1.948378485394641757e-05,0.000000000000000000e+00,0.000000000000000000e+00
6.754779722541570663e-03,4.701412399299442768e-04,2.053367461485322565e-05,0.000000000000000000e+00,0.000000000000000000e+00
7.253107614815235138e-03,5.195926059968769550e-04,2.057181700365617871e-05,0.000000000000000000e+00,0.000000000000000000e+00
6.285585463047027588e-03,4.441016062628477812e-04,1.844569851527921855e-05,0.000000000000000000e+00,0.000000000000000000e+00
7.650193758308887482e-03,5.221440223976969719e-04,2.428753577987663448e-05,0.000000000000000000e+00,0.000000000000000000e+00
6.494533270597457886e-03,4.183235578238964081e-04,2.311297794221900403e-05,0.000000000000000000e+00,0.000000000000000000e+00
7.655962370336055756e-03,5.408302531577646732e-04,2.247660268039908260e-05,0.000000000000000000e+00,0.000000000000000000e+00
6.046908907592296600e-03,4.002595669589936733e-04,2.044313259830232710e-05,0.000000000000000000e+00,0.000000000000000000e+00
5.907830782234668732e-03,3.799286787398159504e-04,2.108543776557780802e-05,0.000000000000000000e+00,0.000000000000000000e+00
5.444310139864683151e-03,3.394467639736831188e-04,2.049842441920191050e-05,0.000000000000000000e+00,0.000000000000000000e+00
5.803998094052076340e-03,3.912058018613606691e-04,1.891939791676122695e-05,0.000000000000000000e+00,0.000000000000000000e+00
6.109601818025112152e-03,4.040661151520907879e-04,2.068940739263780415e-05,0.000000000000000000e+00,0.000000000000000000e+00
5.480693653225898743e-03,3.702534013427793980e-04,1.778159639798104763e-05,0.000000000000000000e+00,0.000000000000000000e+00
6.125167012214660645e-03,3.947431687265634537e-04,2.177735041186679155e-05,0.000000000000000000e+00,0.000000000000000000e+00
6.828763056546449661e-03,5.219338927417993546e-04,1.609424180060159415e-05,0.000000000000000000e+00,0.000000000000000000e+00
6.239040754735469818e-03,4.254351370036602020e-04,1.984689697565045208e-05,0.000000000000000000e+00,0.000000000000000000e+00
6.484139245003461838e-03,4.666594322770833969e-04,1.817544762161560357e-05,0.000000000000000000e+00,0.000000000000000000e+00
7.700579706579446793e-03,5.616364069283008575e-04,2.084215520881116390e-05,0.000000000000000000e+00,0.000000000000000000e+00
5.770092364400625229e-03,3.900448209606111050e-04,1.869643892860040069e-05,0.000000000000000000e+00,0.000000000000000000e+00
5.017773248255252838e-03,3.223220119252800941e-04,1.794553281797561795e-05,0.000000000000000000e+00,0.000000000000000000e+00
6.012798286974430084e-03,4.177121445536613464e-04,1.835676994232926518e-05,0.000000000000000000e+00,0.000000000000000000e+00
6.022485904395580292e-03,3.991334815509617329e-04,2.031151052506174892e-05,0.000000000000000000e+00,0.000000000000000000e+00
7.106749806553125381e-03,5.316017777658998966e-04,1.790732130757533014e-05,0.000000000000000000e+00,0.000000000000000000e+00
5.274197552353143692e-03,3.376068780198693275e-04,1.898128903121687472e-05,0.000000000000000000e+00,0.000000000000000000e+00
5.633248481899499893e-03,3.703060210682451725e-04,1.930188409460242838e-05,0.000000000000000000e+00,0.000000000000000000e+00
6.407589185982942581e-03,4.581548564601689577e-04,1.826040352170821279e-05,0.000000000000000000e+00,0.000000000000000000e+00
5.236388184130191803e-03,3.437521518208086491e-04,1.798866651370190084e-05,0.000000000000000000e+00,0.000000000000000000e+00
7.121495902538299561e-03,5.060212570242583752e-04,2.061283521470613778e-05,0.000000000000000000e+00,0.000000000000000000e+00
6.686909124255180359e-03,4.671781207434833050e-04,2.015127574850339442e-05,0.000000000000000000e+00,0.000000000000000000e+00
7.489966228604316711e-03,5.518167163245379925e-04,1.971798701561056077e-05,0.000000000000000000e+00,0.000000000000000000e+00
7.520458195358514786e-03,5.402386886999011040e-04,2.118071097356732935e-05,0.000000000000000000e+00,0.000000000000000000e+00
5.728989839553833008e-03,4.017489845864474773e-04,1.711499862722121179e-05,0.000000000000000000e+00,0.000000000000000000e+00
6.181212142109870911e-03,4.112158785574138165e-04,2.069053516606800258e-05,0.000000000000000000e+00,0.000000000000000000e+00
7.178925443440675735e-03,5.138433771207928658e-04,2.040491926891263574e-05,0.000000000000000000e+00,0.000000000000000000e+00
6.760840304195880890e-03,4.767972568515688181e-04,1.992868055822327733e-05,0.000000000000000000e+00,0.000000000000000000e+00
6.178604438900947571e-03,4.327951464802026749e-04,1.850653097790200263e-05,0.000000000000000000e+00,0.000000000000000000e+00
7.432970218360424042e-03,5.250449758023023605e-04,2.182520620408467948e-05,0.000000000000000000e+00,0.000000000000000000e+00
5.767623428255319595e-03,3.783683059737086296e-04,1.983940455829724669e-05,0.000000000000000000e+00,0.000000000000000000e+00
5.766338203102350235e-03,3.681704693008214235e-04,2.084633524646051228e-05,0.000000000000000000e+00,0.000000000000000000e+00
6.093445234000682831e-03,4.153173649683594704e-04,1.940271613420918584e-05,0.000000000000000000e+00,0.000000000000000000e+00
6.633635144680738449e-03,4.704065795522183180e-04,1.929569407366216183e-05,0.000000000000000000e+00,0.000000000000000000e+00
7.239441387355327606e-03,5.353835877031087875e-04,1.885605524876154959e-05,0.000000000000000000e+00,0.000000000000000000e+00
6.812543142586946487e-03,4.643690190277993679e-04,2.168852734030224383e-05,0.000000000000000000e+00,0.000000000000000000e+00
6.440558005124330521e-03,4.364945925772190094e-04,2.075612064800225198e-05,0.000000000000000000e+00,0.000000000000000000e+00
6.216218695044517517e-03,4.076571203768253326e-04,2.139647403964772820e-05,0.000000000000000000e+00,0.000000000000000000e+00
5.407975055277347565e-03,3.462075837887823582e-04,1.945899202837608755e-05,0.000000000000000000e+00,0.000000000000000000e+00
6.074276752769947052e-03,4.104350809939205647e-04,1.969926233869045973e-05,0.000000000000000000e+00,0.000000000000000000e+00
6.736365612596273422e-03,4.966607084497809410e-04,1.769758455338887870e-05,0.000000000000000000e+00,0.000000000000000000e+00
5.285759456455707550e-03,3.089460369665175676e-04,2.196299465140327811e-05,0.000000000000000000e+00,0.000000000000000000e+00
6.950072944164276123e-03,5.078443209640681744e-04,1.871629501692950726e-05,0.000000000000000000e+00,0.000000000000000000e+00
5.460080225020647049e-03,3.779013641178607941e-04,1.681066714809276164e-05,0.000000000000000000e+00,0.000000000000000000e+00
6.364767439663410187e-03,4.445031809154897928e-04,1.919735950650647283e-05,0.000000000000000000e+00,0.000000000000000000e+00
6.605349015444517136e-03,4.745701735373586416e-04,1.859647090896032751e-05,0.000000000000000000e+00,0.000000000000000000e+00
6.591506302356719971e-03,4.505573597270995378e-04,2.085932828777004033e-05,0.000000000000000000e+00,0.000000000000000000e+00
6.015329621732234955e-03,4.101913073100149632e-04,1.913416599563788623e-05,0.000000000000000000e+00,0.000000000000000000e+00
5.267944186925888062e-03,3.495305718388408422e-04,1.772638643160462379e-05,0.000000000000000000e+00,0.000000000000000000e+00
6.319987587630748749e-03,4.397325974423438311e-04,1.922661613207310438e-05,0.000000000000000000e+00,0.000000000000000000e+00
5.989980883896350861e-03,4.216815868858247995e-04,1.773164876794908196e-05,0.000000000000000000e+00,0.000000000000000000e+00
5.428124219179153442e-03,3.326844307594001293e-04,2.101279460475780070e-05,0.000000000000000000e+00,0.000000000000000000e+00
7.035376504063606262e-03,5.213172989897429943e-04,1.822203194024041295e-05,0.000000000000000000e+00,0.000000000000000000e+00
5.577300209552049637e-03,3.775404184125363827e-04,1.801895996322855353e-05,0.000000000000000000e+00,0.000000000000000000e+00
5.879501346498727798e-03,3.720055392477661371e-04,2.159446012228727341e-05,0.000000000000000000e+00,0.000000000000000000e+00
6.892404984682798386e-03,4.913882003165781498e-04,1.978523141588084400e-05,0.000000000000000000e+00,0.000000000000000000e+00
6.145343184471130371e-03,4.346360801719129086e-04,1.798982339096255600e-05,0.000000000000000000e+00,0.000000000000000000e+00
7.712759077548980713e-03,5.520876729860901833e-04,2.191882776969578117e-05,0.000000000000000000e+00,0.000000000000000000e+00
5.978670902550220490e-03,3.943337942473590374e-04,2.035333091043867171e-05,0.000000000000000000e+00,0.000000000000000000e+00
5.713915452361106873e-03,3.844551974907517433e-04,1.869363404694013298e-05,0.000000000000000000e+00,0.000000000000000000e+00
6.246827542781829834e-03,4.440311749931424856e-04,1.806515501812100410e-05,0.000000000000000000e+00,0.000000000000000000e+00
5.643125157803297043e-03,3.497163997963070869e-04,2.145961116184480488e-05,0.000000000000000000e+00,0.000000000000000000e+00
6.461926270276308060e-03,4.520655493251979351e-04,1.941270602401345968e-05,0.000000000000000000e+00,0.000000000000000000e+00
5.772061180323362350e-03,3.754599019885063171e-04,2.017462247749790549e-05,0.000000000000000000e+00,0.000000000000000000e+00
6.392117589712142944e-03,4.439259646460413933e-04,1.952857564901933074e-05,0.000000000000000000e+00,0.000000000000000000e+00
5.931453779339790344e-03,3.873674431815743446e-04,2.057779238384682685e-05,0.000000000000000000e+00,0.000000000000000000e+00
5.881349090486764908e-03,3.757537342607975006e-04,2.123811646015383303e-05,0.000000000000000000e+00,0.000000000000000000e+00
7.246841676533222198e-03,5.110558122396469116e-04,2.136283546860795468e-05,0.000000000000000000e+00,0.000000000000000000e+00
5.610373802483081818e-03,3.775877412408590317e-04,1.834496470110025257e-05,0.000000000000000000e+00,0.000000000000000000e+00
6.212003529071807861e-03,4.358950827736407518e-04,1.853052708611357957e-05,0.000000000000000000e+00,0.000000000000000000e+00
6.535330787301063538e-03,4.563438124023377895e-04,1.971892561414279044e-05,0.000000000000000000e+00,0.000000000000000000e+00
6.731421686708927155e-03,4.789904342032968998e-04,1.941517257364466786e-05,0.000000000000000000e+00,0.000000000000000000e+00
6.648365408182144165e-03,4.890643176622688770e-04,1.757722202455624938e-05,0.000000000000000000e+00,0.000000000000000000e+00
5.952071864157915115e-03,3.913308901246637106e-04,2.038762977463193238e-05,0.000000000000000000e+00,0.000000000000000000e+00
5.613860208541154861e-03,3.706226707436144352e-04,1.907633486553095281e-05,0.000000000000000000e+00,0.000000000000000000e+00
6.740213837474584579e-03,4.841952468268573284e-04,1.898261143651325256e-05,0.000000000000000000e+00,0.000000000000000000e+00
6.798729300498962402e-03,4.712481168098747730e-04,2.086248423438519239e-05,0.000000000000000000e+00,0.000000000000000000e+00
6.325602531433105469e-03,4.488496924750506878e-04,1.837105628510471433e-05,0.000000000000000000e+00,0.000000000000000000e+00
5.280924495309591293e-03,3.568162792362272739e-04,1.712761877570301294e-05,0.000000000000000000e+00,0.000000000000000000e+00
4.564491100609302521e-03,2.827766875270754099e-04,1.736724152578972280e-05,0.000000000000000000e+00,0.000000000000000000e+00
6.723009981215000153e-03,4.848319222219288349e-04,1.874690860859118402e-05,0.000000000000000000e+00,0.000000000000000000e+00
5.971370264887809753e-03,4.071183502674102783e-04,1.900186907732859254e-05,0.000000000000000000e+00,0.000000000000000000e+00
5.924120079725980759e-03,4.135398194193840027e-04,1.788721965567674488e-05,0.000000000000000000e+00,0.000000000000000000e+00
5.562904290854930878e-03,3.698242362588644028e-04,1.864661862782668322e-05,0.000000000000000000e+00,0.000000000000000000e+00
6.070761475712060928e-03,4.390868125483393669e-04,1.679893102846108377e-05,0.000000000000000000e+00,0.000000000000000000e+00
7.177765481173992157e-03,5.246234941296279430e-04,1.931530459842178971e-05,0.000000000000000000e+00,0.000000000000000000e+00
4.948856309056282043e-03,3.091665275860577822e-04,1.857190909504424781e-05,0.000000000000000000e+00,0.000000000000000000e+00
6.007648538798093796e-03,4.243836156092584133e-04,1.763812178978696465e-05,0.000000000000000000e+00,0.000000000000000000e+00
5.951313767582178116e-03,4.097289929632097483e-04,1.854023867053911090e-05,0.000000000000000000e+00,0.000000000000000000e+00
6.311088800430297852e-03,4.650161426980048418e-04,1.660927046032156795e-05,0.000000000000000000e+00,0.000000000000000000e+00
5.385694559663534164e-03,3.329078899696469307e-04,2.056615630863234401e-05,0.000000000000000000e+00,0.000000000000000000e+00
5.910377949476242065e-03,3.901188028976321220e-04,2.009189847740344703e-05,0.000000000000000000e+00,0.000000000000000000e+00
5.710572935640811920e-03,4.099085635971277952e-04,1.611487641639541835e-05,0.000000000000000000e+00,0.000000000000000000e+00
6.042935419827699661e-03,3.970481629949063063e-04,2.072453935397788882e-05,0.000000000000000000e+00,0.000000000000000000e+00
7.514304015785455704e-03,5.281287012621760368e-04,2.233016857644543052e-05,0.000000000000000000e+00,0.000000000000000000e+00
5.405235569924116135e-03,3.491601673886179924e-04,1.913633968797512352e-05,0.000000000000000000e+00,0.000000000000000000e+00
6.836844608187675476e-03,4.759734438266605139e-04,2.077110002574045211e-05,0.000000000000000000e+00,0.000000000000000000e+00
5.148223601281642914e-03,3.095003485213965178e-04,2.053220305242575705e-05,0.000000000000000000e+00,0.000000000000000000e+00
6.317276041954755783e-03,4.437851603142917156e-04,1.879424416983965784e-05,0.000000000000000000e+00,0.000000000000000000e+00
7.059056311845779419e-03,5.249571986496448517e-04,1.809484274417627603e-05,0.000000000000000000e+00,0.000000000000000000e+00
6.131025962531566620e-03,4.155584028922021389e-04,1.975441591639537364e-05,0.000000000000000000e+00,0.000000000000000000e+00
5.096013657748699188e-03,3.401269786991178989e-04,1.694743696134537458e-05,0.000000000000000000e+00,0.000000000000000000e+00
5.125833675265312195e-03,3.143003850709646940e-04,1.982829780899919569e-05,0.000000000000000000e+00,0.000000000000000000e+00
6.810064427554607391e-03,4.677233227994292974e-04,2.132831286871805787e-05,0.000000000000000000e+00,0.000000000000000000e+00
5.985167808830738068e-03,4.140914243180304766e-04,1.844253165472764522e-05,0.000000000000000000e+00,0.000000000000000000e+00
6.680873222649097443e-03,4.770486848428845406e-04,1.910386890813242644e-05,0.000000000000000000e+00,0.000000000000000000e+00
5.766663700342178345e-03,3.779184480663388968e-04,1.987479117815382779e-05,0.000000000000000000e+00,0.000000000000000000e+00
7.531424984335899353e-03,5.291921552270650864e-04,2.239503373857587576e-05,0.000000000000000000e+00,0.000000000000000000e+00
6.470990367233753204e-03,4.785625496879220009e-04,1.685365350567735732e-05,0.000000000000000000e+00,0.000000000000000000e+00
6.916239392012357712e-03,5.107912584207952023e-04,1.808326851460151374e-05,0.000000000000000000e+00,0.000000000000000000e+00
5.474573001265525818e-03,3.692123573273420334e-04,1.782449544407427311e-05,0.000000000000000000e+00,0.000000000000000000e+00
6.676798686385154724e-03,4.885427770204842091e-04,1.791370777937117964e-05,0.000000000000000000e+00,0.000000000000000000e+00
7.404018659144639969e-03,5.293447757139801979e-04,2.110571222146973014e-05,0.000000000000000000e+00,0.000000000000000000e+00
6.475750356912612915e-03,4.546419368125498295e-04,1.929331301653292030e-05,0.000000000000000000e+00,0.000000000000000000e+00
6.082471925765275955e-03,4.138379590585827827e-04,1.944092582562007010e-05,0.000000000000000000e+00,0.000000000000000000e+00
5.617647431790828705e-03,3.480122832115739584e-04,2.137524279532954097e-05,0.000000000000000000e+00,0.000000000000000000e+00
5.670239217579364777e-03,3.605118545237928629e-04,2.065120497718453407e-05,0.000000000000000000e+00,0.000000000000000000e+00
6.133725866675376892e-03,4.191450425423681736e-04,1.942275775945745409e-05,0.000000000000000000e+00,0.000000000000000000e+00
6.345449946820735931e-03,4.243584407959133387e-04,2.101865902659483254e-05,0.000000000000000000e+00,0.000000000000000000e+00
5.807989276945590973e-03,4.209707549307495356e-04,1.598281596670858562e-05,0.000000000000000000e+00,0.000000000000000000e+00
6.696247030049562454e-03,4.858704051002860069e-04,1.837542731664143503e-05,0.000000000000000000e+00,0.000000000000000000e+00
6.104283500462770462e-03,4.218454705551266670e-04,1.885828896774910390e-05,0.000000000000000000e+00,0.000000000000000000e+00
5.192659329622983932e-03,3.511798859108239412e-04,1.680860623309854418e-05,0.000000000000000000e+00,0.000000000000000000e+00
5.926570389419794083e-03,4.204167053103446960e-04,1.722403430903796107e-05,0.000000000000000000e+00,0.000000000000000000e+00
7.104304153472185135e-03,5.175736732780933380e-04,1.928567326103802770e-05,0.000000000000000000e+00,0.000000000000000000e+00
5.861333571374416351e-03,3.822484286502003670e-04,2.038849197560921311e-05,0.000000000000000000e+00,0.000000000000000000e+00
7.149841636419296265e-03,5.270834662951529026e-04,1.879006958915852010e-05,0.000000000000000000e+00,0.000000000000000000e+00
6.211813073605298996e-03,4.330274532549083233e-04,1.881538264569826424e-05,0.000000000000000000e+00,0.000000000000000000e+00
6.520895287394523621e-03,4.610899777617305517e-04,1.909995262394659221e-05,0.000000000000000000e+00,0.000000000000000000e+00
5.697949789464473724e-03,3.798633115366101265e-04,1.899316703202202916e-05,0.000000000000000000e+00,0.000000000000000000e+00
6.327959243208169937e-03,4.487678525038063526e-04,1.840280856413301080e-05,0.000000000000000000e+00,0.000000000000000000e+00
5.493261851370334625e-03,3.608253900893032551e-04,1.885007804958149791e-05,0.000000000000000000e+00,0.000000000000000000e+00
5.305429454892873764e-03,3.694816259667277336e-04,1.610613253433257341e-05,0.000000000000000000e+00,0.000000000000000000e+00
7.847549393773078918e-03,5.792554002255201340e-04,2.054995820799376816e-05,0.000000000000000000e+00,0.000000000000000000e+00
6.351229734718799591e-03,4.517160123214125633e-04,1.834069189499132335e-05,0.000000000000000000e+00,0.000000000000000000e+00
6.792279891669750214e-03,4.719462885987013578e-04,2.072817005682736635e-05,0.000000000000000000e+00,0.000000000000000000e+00
5.434649065136909485e-03,3.539128811098635197e-04,1.895520472317002714e-05,0.000000000000000000e+00,0.000000000000000000e+00
5.446754861623048782e-03,3.632334701251238585e-04,1.814420102164149284e-05,0.000000000000000000e+00,0.000000000000000000e+00
6.525903008878231049e-03,4.721639270428568125e-04,1.804263592930510640e-05,0.000000000000000000e+00,0.000000000000000000e+00
5.606898106634616852e-03,3.693674807436764240e-04,1.913223240990191698e-05,0.000000000000000000e+00,0.000000000000000000e+00
5.018096417188644409e-03,3.304987912997603416e-04,1.713108576950617135e-05,0.000000000000000000e+00,0.000000000000000000e+00
5.593877751380205154e-03,3.709449083544313908e-04,1.884428638732060790e-05,0.000000000000000000e+00,0.000000000000000000e+00
5.673641338944435120e-03,3.976077423430979252e-04,1.697563857305794954e-05,0.000000000000000000e+00,0.000000000000000000e+00
6.760365329682826996e-03,4.788136575371026993e-04,1.972228710656054318e-05,0.000000000000000000e+00,0.000000000000000000e+00
6.497904658317565918e-03,4.790300445165485144e-04,1.707604315015487373e-05,0.000000000000000000e+00,0.000000000000000000e+00
5.427612923085689545e-03,3.593576548155397177e-04,1.834036083891987801e-05,0.000000000000000000e+00,0.000000000000000000e+00
5.878116004168987274e-03,4.139804514124989510e-04,1.738311766530387104e-05,0.000000000000000000e+00,0.000000000000000000e+00
5.812483839690685272e-03,3.940311144106090069e-04,1.872172651928849518e-05,0.000000000000000000e+00,0.000000000000000000e+00
7.349775172770023346e-03,5.609919317066669464e-04,1.739855724736116827e-05,0.000000000000000000e+00,0.000000000000000000e+00
5.969574674963951111e-03,4.244833253324031830e-04,1.724741377984173596e-05,0.000000000000000000e+00,0.000000000000000000e+00
6.011796649545431137e-03,4.329889197833836079e-04,1.681907451711595058e-05,0.000000000000000000e+00,0.000000000000000000e+00
5.270539782941341400e-03,3.651751321740448475e-04,1.618788519408553839e-05,0.000000000000000000e+00,0.000000000000000000e+00
5.975203122943639755e-03,4.448218969628214836e-04,1.526983760413713753e-05,0.000000000000000000e+00,0.000000000000000000e+00
6.171018816530704498e-03,4.353146068751811981e-04,1.817872544052079320e-05,0.000000000000000000e+00,0.000000000000000000e+00
6.223067641258239746e-03,4.103691026102751493e-04,2.119376586051657796e-05,0.000000000000000000e+00,0.000000000000000000e+00
4.934892524033784866e-03,3.223356325179338455e-04,1.711536242510192096e-05,0.000000000000000000e+00,0.000000000000000000e+00
5.292396992444992065e-03,3.712095203809440136e-04,1.580301795911509544e-05,0.000000000000000000e+00,0.000000000000000000e+00
4.332676995545625687e-03,2.499731490388512611e-04,1.832945417845621705e-05,0.000000000000000000e+00,0.000000000000000000e+00
5.563420709222555161e-03,3.967307275161147118e-04,1.596113361301831901e-05,0.000000000000000000e+00,0.000000000000000000e+00
7.117836270481348038e-03,5.387869314290583134e-04,1.729966970742680132e-05,0.000000000000000000e+00,0.000000000000000000e+00
5.396698135882616043e-03,3.746946458704769611e-04,1.649751720833592117e-05,0.000000000000000000e+00,0.000000000000000000e+00
5.102615803480148315e-03,3.216511686332523823e-04,1.886104473669547588e-05,0.000000000000000000e+00,0.000000000000000000e+00
4.495026543736457825e-03,2.838008804246783257e-04,1.657017855904996395e-05,0.000000000000000000e+00,0.000000000000000000e+00
7.177093066275119781e-03,5.361483199521899223e-04,1.815609721234068274e-05,0.000000000000000000e+00,0.000000000000000000e+00
5.600071046501398087e-03,4.061296349391341209e-04,1.538774631626438349e-05,0.000000000000000000e+00,0.000000000000000000e+00
5.760950036346912384e-03,4.177895025350153446e-04,1.583054836373776197e-05,0.000000000000000000e+00,0.000000000000000000e+00
6.391958799213171005e-03,4.719027783721685410e-04,1.672931102802976966e-05,0.000000000000000000e+00,0.000000000000000000e+00
6.541641894727945328e-03,4.963241517543792725e-04,1.578400406287983060e-05,0.000000000000000000e+00,0.000000000000000000e+00
7.195023819804191589e-03,5.512878997251391411e-04,1.682144466030877084e-05,0.000000000000000000e+00,0.000000000000000000e+00
5.448934622108936310e-03,3.833649680018424988e-04,1.615284782019443810e-05,0.000000000000000000e+00,0.000000000000000000e+00
5.732642021030187607e-03,4.068879352416843176e-04,1.663762668613344431e-05,0.000000000000000000e+00,0.000000000000000000e+00
5.780278705060482025e-03,4.216594970785081387e-04,1.563683326821774244e-05,0.000000000000000000e+00,0.000000000000000000e+00
5.792319774627685547e-03,3.511579707264900208e-04,2.280740227433852851e-05,0.000000000000000000e+00,0.000000000000000000e+00
5.830657202750444412e-03,4.073185264132916927e-04,1.757471909513697028e-05,0.000000000000000000e+00,0.000000000000000000e+00
6.841559428721666336e-03,5.195672274567186832e-04,1.645887277845758945e-05,0.000000000000000000e+00,0.000000000000000000e+00
5.935483612120151520e-03,4.297765844967216253e-04,1.637717650737613440e-05,0.000000000000000000e+00,0.000000000000000000e+00
5.880566313862800598e-03,4.166080034337937832e-04,1.714486279524862766e-05,0.000000000000000000e+00,0.000000000000000000e+00
5.609274376183748245e-03,3.877730923704802990e-04,1.731543488858733326e-05,0.000000000000000000e+00,0.000000000000000000e+00
5.576072260737419128e-03,3.957296139560639858e-04,1.618776150280609727e-05,0.000000000000000000e+00,0.000000000000000000e+00
5.322880111634731293e-03,3.884013858623802662e-04,1.438866183889331296e-05,0.000000000000000000e+00,0.000000000000000000e+00
5.512944422662258148e-03,3.696674830280244350e-04,1.816269286791794002e-05,0.000000000000000000e+00,0.000000000000000000e+00
4.887777846306562424e-03,3.345131117384880781e-04,1.542646714369766414e-05,0.000000000000000000e+00,0.000000000000000000e+00
4.917595535516738892e-03,2.918343816418200731e-04,1.999251981033012271e-05,0.000000000000000000e+00,0.000000000000000000e+00
5.118882283568382263e-03,3.274195478297770023e-04,1.844686630647629499e-05,0.000000000000000000e+00,0.000000000000000000e+00
6.474095396697521210e-03,4.596551589202135801e-04,1.877543945738580078e-05,0.000000000000000000e+00,0.000000000000000000e+00
5.718303378671407700e-03,3.972070117015391588e-04,1.746233101584948599e-05,0.000000000000000000e+00,0.000000000000000000e+00
5.263600498437881470e-03,3.612745204009115696e-04,1.650855483603663743e-05,0.000000000000000000e+00,0.000000000000000000e+00
4.452224820852279663e-03,2.875329810194671154e-04,1.576895010657608509e-05,0.000000000000000000e+00,0.000000000000000000e+00
7.271410431712865829e-03,5.613458342850208282e-04,1.657952088862657547e-05,0.000000000000000000e+00,0.000000000000000000e+00
5.510412622243165970e-03,4.050549468956887722e-04,1.459862869523931295e-05,0.000000000000000000e+00,0.000000000000000000e+00
5.543661769479513168e-03,3.840657009277492762e-04,1.703004818409681320e-05,0.000000000000000000e+00,0.000000000000000000e+00
5.181074142456054688e-03,3.641702933236956596e-04,1.539371260150801390e-05,0.000000000000000000e+00,0.000000000000000000e+00
4.994310438632965088e-03,3.340305993333458900e-04,1.654004518059082329e-05,0.000000000000000000e+00,0.000000000000000000e+00
5.758752115070819855e-03,4.138511721976101398e-04,1.620240436750464141e-05,0.000000000000000000e+00,0.000000000000000000e+00
5.174385849386453629e-03,3.511669929139316082e-04,1.662715658312663436e-05,0.000000000000000000e+00,0.000000000000000000e+00
5.081374198198318481e-03,3.624425735324621201e-04,1.456948393752099946e-05,0.000000000000000000e+00,0.000000000000000000e+00
6.004333030432462692e-03,4.328069917391985655e-04,1.676263127592392266e-05,0.000000000000000000e+00,0.000000000000000000e+00
5.758504383265972137e-03,4.066719266120344400e-04,1.691785109869670123e-05,0.000000000000000000e+00,0.000000000000000000e+00
6.297048181295394897e-03,4.453142173588275909e-04,1.843906284193508327e-05,0.000000000000000000e+00,0.000000000000000000e+00
5.914690438657999039e-03,4.275603569112718105e-04,1.639086804061662406e-05,0.000000000000000000e+00,0.000000000000000000e+00
5.756032653152942657e-03,4.095156909897923470e-04,1.660875932429917157e-05,0.000000000000000000e+00,0.000000000000000000e+00
5.372388288378715515e-03,3.721546381711959839e-04,1.650841659284196794e-05,0.000000000000000000e+00,0.000000000000000000e+00
5.926524288952350616e-03,4.500876530073583126e-04,1.425647496944293380e-05,0.000000000000000000e+00,0.000000000000000000e+00
5.461717490106821060e-03,3.917042631655931473e-04,1.544674887554720044e-05,0.000000000000000000e+00,0.000000000000000000e+00
6.131175905466079712e-03,4.457877366803586483e-04,1.673298356763552874e-05,0.000000000000000000e+00,0.000000000000000000e+00
6.293367128819227219e-03,4.651997587643563747e-04,1.641369453864172101e-05,0.000000000000000000e+00,0.000000000000000000e+00
5.253393203020095825e-03,3.613092121668159962e-04,1.640301343286409974e-05,0.000000000000000000e+00,0.000000000000000000e+00
4.810955841094255447e-03,3.297974762972444296e-04,1.512980998086277395e-05,0.000000000000000000e+00,0.000000000000000000e+00
5.481494124978780746e-03,3.831699723377823830e-04,1.649794285185635090e-05,0.000000000000000000e+00,0.000000000000000000e+00
5.059773102402687073e-03,3.502617473714053631e-04,1.557155337650328875e-05,0.000000000000000000e+00,0.000000000000000000e+00
4.635157994925975800e-03,3.003824676852673292e-04,1.631333179830107838e-05,0.000000000000000000e+00,0.000000000000000000e+00
4.594759084284305573e-03,3.005006001330912113e-04,1.589753264852333814e-05,0.000000000000000000e+00,0.000000000000000000e+00
6.080911494791507721e-03,4.234079970046877861e-04,1.846831582952290773e-05,0.000000000000000000e+00,0.000000000000000000e+00
6.248226389288902283e-03,4.399126919452100992e-04,1.849099317041691393e-05,0.000000000000000000e+00,0.000000000000000000e+00
6.144052837044000626e-03,4.495388420764356852e-04,1.648664510867092758e-05,0.000000000000000000e+00,0.000000000000000000e+00
5.268868990242481232e-03,3.689706791192293167e-04,1.579162199050188065e-05,0.000000000000000000e+00,0.000000000000000000e+00
5.972916260361671448e-03,4.155290953349322081e-04,1.817625343392137438e-05,0.000000000000000000e+00,0.000000000000000000e+00
5.047334358096122742e-03,3.425015311222523451e-04,1.622319177840836346e-05,0.000000000000000000e+00,0.000000000000000000e+00
5.006860941648483276e-03,3.436663828324526548e-04,1.570197127875871956e-05,0.000000000000000000e+00,0.000000000000000000e+00
4.500060807913541794e-03,2.826411509886384010e-04,1.673649239819496870e-05,0.000000000000000000e+00,0.000000000000000000e+00
4.557796753942966461e-03,2.899883256759494543e-04,1.657913344388362020e-05,0.000000000000000000e+00,0.000000000000000000e+00
5.386376753449440002e-03,3.855334362015128136e-04,1.531042289570905268e-05,0.000000000000000000e+00,0.000000000000000000e+00
4.805813077837228775e-03,3.143649664707481861e-04,1.662163413129746914e-05,0.000000000000000000e+00,0.000000000000000000e+00
5.584548227488994598e-03,4.054556484334170818e-04,1.529991641291417181e-05,0.000000000000000000e+00,0.000000000000000000e+00
5.434833932667970657e-03,3.748929593712091446e-04,1.685904499026946723e-05,0.000000000000000000e+00,0.000000000000000000e+00
4.298507235944271088e-03,2.767752157524228096e-04,1.530755253043025732e-05,0.000000000000000000e+00,0.000000000000000000e+00
6.752159912139177322e-03,5.084673757664859295e-04,1.667486139922402799e-05,0.000000000000000000e+00,0.000000000000000000e+00
5.336590111255645752e-03,3.899268340319395065e-04,1.437321770936250687e-05,0.000000000000000000e+00,0.000000000000000000e+00
5.098400171846151352e-03,3.647756238933652639e-04,1.450643776479410008e-05,0.000000000000000000e+00,0.000000000000000000e+00
7.918243296444416046e-03,6.142456550151109695e-04,1.775786950020119548e-05,0.000000000000000000e+00,0.000000000000000000e+00
6.191233173012733459e-03,4.750777443405240774e-04,1.440455889678560197e-05,0.000000000000000000e+00,0.000000000000000000e+00
6.412470247596502304e-03,4.716886323876678944e-04,1.695584069238975644e-05,0.000000000000000000e+00,0.000000000000000000e+00
5.624982062727212906e-03,4.064305103383958340e-04,1.560676901135593653e-05,0.000000000000000000e+00,0.000000000000000000e+00
4.928632173687219620e-03,3.210115828551352024e-04,1.718516432447358966e-05,0.000000000000000000e+00,0.000000000000000000e+00
5.880964454263448715e-03,4.051068099215626717e-04,1.829896427807398140e-05,0.000000000000000000e+00,0.000000000000000000e+00
5.157773382961750031e-03,3.809888148680329323e-04,1.347885336144827306e-05,0.000000000000000000e+00,0.000000000000000000e+00
7.662173360586166382e-03,6.124086212366819382e-04,1.538087053631898016e-05,0.000000000000000000e+00,0.000000000000000000e+00
5.763280205428600311e-03,4.198134120088070631e-04,1.565146521897986531e-05,0.000000000000000000e+00,0.000000000000000000e+00
5.531724076718091965e-03,4.154669004492461681e-04,1.377055104967439547e-05,0.000000000000000000e+00,0.000000000000000000e+00
4.980341531336307526e-03,3.446847840677946806e-04,1.533493741590064019e-05,0.000000000000000000e+00,0.000000000000000000e+00
6.143949925899505615e-03,4.637007950805127621e-04,1.506941680418094620e-05,0.000000000000000000e+00,0.000000000000000000e+00
5.795673467218875885e-03,4.333800170570611954e-04,1.461873489461140707e-05,0.000000000000000000e+00,0.000000000000000000e+00
5.651187151670455933e-03,4.007934767287224531e-04,1.643252471694722772e-05,0.000000000000000000e+00,0.000000000000000000e+00
5.249241832643747330e-03,3.870076034218072891e-04,1.379165951220784336e-05,0.000000000000000000e+00,0.000000000000000000e+00
4.967079497873783112e-03,3.385004238225519657e-04,1.582075492478907108e-05,0.000000000000000000e+00,0.000000000000000000e+00
5.335983354598283768e-03,3.624283126555383205e-04,1.711700133455451578e-05,0.000000000000000000e+00,0.000000000000000000e+00
5.895601119846105576e-03,4.204864671919494867e-04,1.690736462478525937e-05,0.000000000000000000e+00,0.000000000000000000e+00
4.976573400199413300e-03,3.691792371682822704e-04,1.284780773858074099e-05,0.000000000000000000e+00,0.000000000000000000e+00
4.697300028055906296e-03,3.209806163795292377e-04,1.487494046159554273e-05,0.000000000000000000e+00,0.000000000000000000e+00
5.141932517290115356e-03,3.621859359554946423e-04,1.520073055871762335e-05,0.000000000000000000e+00,0.000000000000000000e+00
5.279175005853176117e-03,3.830475616268813610e-04,1.448699003958608955e-05,0.000000000000000000e+00,0.000000000000000000e+00
5.136659368872642517e-03,3.663811367005109787e-04,1.472847998229553923e-05,0.000000000000000000e+00,0.000000000000000000e+00
5.510745104402303696e-03,4.046873364131897688e-04,1.463872013118816540e-05,0.000000000000000000e+00,0.000000000000000000e+00
4.768799990415573120e-03,3.300668031442910433e-04,1.468131813453510404e-05,0.000000000000000000e+00,0.000000000000000000e+00
4.660715814679861069e-03,3.145665104966610670e-04,1.515050553280161694e-05,0.000000000000000000e+00,0.000000000000000000e+00
6.195622030645608902e-03,4.498838679865002632e-04,1.696783692750614136e-05,0.000000000000000000e+00,0.000000000000000000e+00
5.099101923406124115e-03,3.411537618376314640e-04,1.687564326857682317e-05,0.000000000000000000e+00,0.000000000000000000e+00
5.747085902839899063e-03,4.187320882920175791e-04,1.559765223646536469e-05,0.000000000000000000e+00,0.000000000000000000e+00
4.491819068789482117e-03,3.020330914296209812e-04,1.471488212700933218e-05,0.000000000000000000e+00,0.000000000000000000e+00
5.139646120369434357e-03,3.511066024657338858e-04,1.628579775569960475e-05,0.000000000000000000e+00,0.000000000000000000e+00
4.825864918529987335e-03,3.327899321448057890e-04,1.497965331509476528e-05,0.000000000000000000e+00,0.000000000000000000e+00
5.765441805124282837e-03,4.073491727467626333e-04,1.691950274107512087e-05,0.000000000000000000e+00,0.000000000000000000e+00
4.701434168964624405e-03,3.087630320806056261e-04,1.613803760847076774e-05,0.000000000000000000e+00,0.000000000000000000e+00
5.112515296787023544e-03,3.337915695738047361e-04,1.774599513737484813e-05,0.000000000000000000e+00,0.000000000000000000e+00
5.836284253746271133e-03,4.425081424415111542e-04,1.411202720191795379e-05,0.000000000000000000e+00,0.000000000000000000e+00
5.787519738078117371e-03,4.035779857076704502e-04,1.751739910105243325e-05,0.000000000000000000e+00,0.000000000000000000e+00
6.326900795102119446e-03,4.616059013642370701e-04,1.710841752355918288e-05,0.000000000000000000e+00,0.000000000000000000e+00
4.815068095922470093e-03,3.408621705602854490e-04,1.406446153850993142e-05,0.000000000000000000e+00,0.000000000000000000e+00
5.379575304687023163e-03,3.692957689054310322e-04,1.686617906671017408e-05,0.000000000000000000e+00,0.000000000000000000e+00
5.815804935991764069e-03,4.181896219961345196e-04,1.633908505027648062e-05,0.000000000000000000e+00,0.000000000000000000e+00
4.867923445999622345e-03,3.030995139852166176e-04,1.836928277043625712e-05,0.000000000000000000e+00,0.000000000000000000e+00
6.025453098118305206e-03,4.459066840354353189e-04,1.566386163176503032e-05,0.000000000000000000e+00,0.000000000000000000e+00
5.404628813266754150e-03,3.559160977602005005e-04,1.845467886596452445e-05,0.000000000000000000e+00,0.000000000000000000e+00
5.239893216639757156e-03,3.538206510711461306e-04,1.701686596788931638e-05,0.000000000000000000e+00,0.000000000000000000e+00
5.902742035686969757e-03,4.132325120735913515e-04,1.770416747604031116e-05,0.000000000000000000e+00,0.000000000000000000e+00
5.361025221645832062e-03,3.649238788057118654e-04,1.711786535452120006e-05,0.000000000000000000e+00,0.000000000000000000e+00
5.714849568903446198e-03,4.100074293091893196e-04,1.614775646885391325e-05,0.000000000000000000e+00,0.000000000000000000e+00
5.008229985833168030e-03,3.449764335528016090e-04,1.558465373818762600e-05,0.000000000000000000e+00,0.000000000000000000e+00
6.337584462016820908e-03,4.607338341884315014e-04,1.730246003717184067e-05,0.000000000000000000e+00,0.000000000000000000e+00
6.547573022544384003e-03,4.902803339064121246e-04,1.644769872655160725e-05,0.000000000000000000e+00,0.000000000000000000e+00
6.359548307955265045e-03,4.734224348794668913e-04,1.625324148335494101e-05,0.000000000000000000e+00,0.000000000000000000e+00
5.342634860426187515e-03,3.573109570425003767e-04,1.769525078998412937e-05,0.000000000000000000e+00,0.000000000000000000e+00
6.549023091793060303e-03,4.843906499445438385e-04,1.705116301309317350e-05,0.000000000000000000e+00,0.000000000000000000e+00
6.203270517289638519e-03,4.642926505766808987e-04,1.560343662276864052e-05,0.000000000000000000e+00,0.000000000000000000e+00
6.009093485772609711e-03,4.331267846282571554e-04,1.677825639490038157e-05,0.000000000000000000e+00,0.000000000000000000e+00
5.818148143589496613e-03,4.027161048725247383e-04,1.790987516869790852e-05,0.000000000000000000e+00,0.000000000000000000e+00
6.892688572406768799e-03,5.180455627851188183e-04,1.712232551653869450e-05,0.000000000000000000e+00,0.000000000000000000e+00
5.245021544396877289e-03,3.554848954081535339e-04,1.690172575763426721e-05,0.000000000000000000e+00,0.000000000000000000e+00
6.297664716839790344e-03,4.655549710150808096e-04,1.642114875721745193e-05,0.000000000000000000e+00,0.000000000000000000e+00
6.033697631210088730e-03,4.162748227827250957e-04,1.870949199656024575e-05,0.000000000000000000e+00,0.000000000000000000e+00
5.176435690373182297e-03,3.634867607615888119e-04,1.541567871754523367e-05,0.000000000000000000e+00,0.000000000000000000e+00
4.964914172887802124e-03,3.375199739821255207e-04,1.589714338479097933e-05,0.000000000000000000e+00,0.000000000000000000e+00
4.542064853012561798e-03,3.031067026313394308e-04,1.510997844889061525e-05,0.000000000000000000e+00,0.000000000000000000e+00
5.107176955789327621e-03,3.398350963834673166e-04,1.708825948298908770e-05,0.000000000000000000e+00,0.000000000000000000e+00
5.770974792540073395e-03,4.372934345155954361e-04,1.398040603817207739e-05,0.000000000000000000e+00,0.000000000000000000e+00
4.696682095527648926e-03,3.075391286984086037e-04,1.621290903131011873e-05,0.000000000000000000e+00,0.000000000000000000e+00
4.862842615693807602e-03,3.395649255253374577e-04,1.467193396820221096e-05,0.000000000000000000e+00,0.000000000000000000e+00
6.041423417627811432e-03,4.394912102725356817e-04,1.646511373110115528e-05,0.000000000000000000e+00,0.000000000000000000e+00
4.556803032755851746e-03,3.078249865211546421e-04,1.478553076594835147e-05,0.000000000000000000e+00,0.000000000000000000e+00
5.401921458542346954e-03,3.768348833546042442e-04,1.633572901482693851e-05,0.000000000000000000e+00,0.000000000000000000e+00
5.683608353137969971e-03,4.111028392799198627e-04,1.572580003994517028e-05,0.000000000000000000e+00,0.000000000000000000e+00
5.592634435743093491e-03,3.935575077775865793e-04,1.657059328863397241e-05,0.000000000000000000e+00,0.000000000000000000e+00
5.354778375476598740e-03,3.714707563631236553e-04,1.640070695430040359e-05,0.000000000000000000e+00,0.000000000000000000e+00
4.794665612280368805e-03,3.287731087766587734e-04,1.506934677308890969e-05,0.000000000000000000e+00,0.000000000000000000e+00
5.122089292854070663e-03,3.732666955329477787e-04,1.389422504871618003e-05,0.000000000000000000e+00,0.000000000000000000e+00
4.995211027562618256e-03,3.420601715333759785e-04,1.574609268573112786e-05,0.000000000000000000e+00,0.000000000000000000e+00
6.026159971952438354e-03,4.503842210397124290e-04,1.522317506896797568e-05,0.000000000000000000e+00,0.000000000000000000e+00
4.732847679406404495e-03,3.320921678096055984e-04,1.411926132277585566e-05,0.000000000000000000e+00,0.000000000000000000e+00
4.699979443103075027e-03,3.190438728779554367e-04,1.509540834376821294e-05,0.000000000000000000e+00,0.000000000000000000e+00
4.969772882759571075e-03,3.176275931764394045e-04,1.793497176549863070e-05,0.000000000000000000e+00,0.000000000000000000e+00
4.967053420841693878e-03,3.472129465080797672e-04,1.494923799327807501e-05,0.000000000000000000e+00,0.000000000000000000e+00
4.051150754094123840e-03,2.676118165254592896e-04,1.375032570649636909e-05,0.000000000000000000e+00,0.000000000000000000e+00
5.116989836096763611e-03,3.559652832336723804e-04,1.557337236590683460e-05,0.000000000000000000e+00,0.000000000000000000e+00
4.018650855869054794e-03,2.784655080176889896e-04,1.233995772054186091e-05,0.000000000000000000e+00,0.000000000000000000e+00
4.878184292465448380e-03,3.502956824377179146e-04,1.375227475364226848e-05,0.000000000000000000e+00,0.000000000000000000e+00
5.300401244312524796e-03,3.876535338349640369e-04,1.423866160621400923e-05,0.000000000000000000e+00,0.000000000000000000e+00
4.407214932143688202e-03,2.945688320323824883e-04,1.461526699131354690e-05,0.000000000000000000e+00,0.000000000000000000e+00
5.923624616116285324e-03,4.339318838901817799e-04,1.584305937285535038e-05,0.000000000000000000e+00,0.000000000000000000e+00
4.523172508925199509e-03,3.221119113732129335e-04,1.302053533436264843e-05,0.000000000000000000e+00,0.000000000000000000e+00
4.649176262319087982e-03,3.479089355096220970e-04,1.170086943602655083e-05,0.000000000000000000e+00,0.000000000000000000e+00
5.207394249737262726e-03,3.847393963951617479e-04,1.360000169370323420e-05,0.000000000000000000e+00,0.000000000000000000e+00
4.777995403856039047e-03,3.296681097708642483e-04,1.481314029661007226e-05,0.000000000000000000e+00,0.000000000000000000e+00
5.113280378282070160e-03,3.576526942197233438e-04,1.536753552500158548e-05,0.000000000000000000e+00,0.000000000000000000e+00
5.047092679888010025e-03,3.649589489214122295e-04,1.397503092448459938e-05,0.000000000000000000e+00,0.000000000000000000e+00
4.759345203638076782e-03,3.405831521376967430e-04,1.353513471258338541e-05,0.000000000000000000e+00,0.000000000000000000e+00
4.815841559320688248e-03,3.350620390847325325e-04,1.465221157559426501e-05,0.000000000000000000e+00,0.000000000000000000e+00
5.625132471323013306e-03,4.215389199089258909e-04,1.409743344993330538e-05,0.000000000000000000e+00,0.000000000000000000e+00
5.270606838166713715e-03,3.705045091919600964e-04,1.565561433380935341e-05,0.000000000000000000e+00,0.000000000000000000e+00
4.460715688765048981e-03,2.960318524856120348e-04,1.500397411291487515e-05,0.000000000000000000e+00,0.000000000000000000e+00
5.837560631334781647e-03,4.308126517571508884e-04,1.529434302938170731e-05,0.000000000000000000e+00,0.000000000000000000e+00
5.410016514360904694e-03,3.960115427616983652e-04,1.449901265004882589e-05,0.000000000000000000e+00,0.000000000000000000e+00
4.731350112706422806e-03,3.253136237617582083e-04,1.478213835071073845e-05,0.000000000000000000e+00,0.000000000000000000e+00
5.331934429705142975e-03,3.805301967076957226e-04,1.526632331660948694e-05,0.000000000000000000e+00,0.000000000000000000e+00
4.961399361491203308e-03,3.510748501867055893e-04,1.450651143386494368e-05,0.000000000000000000e+00,0.000000000000000000e+00
6.140229292213916779e-03,4.820153408218175173e-04,1.320075534749776125e-05,0.000000000000000000e+00,0.000000000000000000e+00
6.427014246582984924e-03,4.842212656512856483e-04,1.584801793796941638e-05,0.000000000000000000e+00,0.000000000000000000e+00
5.109779536724090576e-03,3.719492815434932709e-04,1.390286706737242639e-05,0.000000000000000000e+00,0.000000000000000000e+00
5.248050671070814133e-03,3.672912716865539551e-04,1.575137866893783212e-05,0.000000000000000000e+00,0.000000000000000000e+00
6.781205534934997559e-03,5.152625963091850281e-04,1.628579411772079766e-05,0.000000000000000000e+00,0.000000000000000000e+00
6.598052568733692169e-03,4.917266778647899628e-04,1.680786044744309038e-05,0.000000000000000000e+00,0.000000000000000000e+00
4.900719039142131805e-03,3.361224080435931683e-04,1.539494587632361799e-05,0.000000000000000000e+00,0.000000000000000000e+00
5.675073247402906418e-03,4.339611041359603405e-04,1.335462002316489816e-05,0.000000000000000000e+00,0.000000000000000000e+00
5.470416508615016937e-03,3.738837258424609900e-04,1.731579322949983180e-05,0.000000000000000000e+00,0.000000000000000000e+00
5.702249705791473389e-03,4.125319537706673145e-04,1.576930480950977653e-05,0.000000000000000000e+00,0.000000000000000000e+00
4.539362620562314987e-03,3.010467044077813625e-04,1.528895336377900094e-05,0.000000000000000000e+00,0.000000000000000000e+00
5.491583142429590225e-03,3.902298922184854746e-04,1.589284147485159338e-05,0.000000000000000000e+00,0.000000000000000000e+00
5.972101353108882904e-03,4.237423709128051996e-04,1.734677789499983191e-05,0.000000000000000000e+00,0.000000000000000000e+00
5.574746523052453995e-03,4.086550325155258179e-04,1.488196357968263328e-05,0.000000000000000000e+00,0.000000000000000000e+00
6.033130921423435211e-03,4.444627265911549330e-04,1.588503619132097811e-05,0.000000000000000000e+00,0.000000000000000000e+00
4.513404797762632370e-03,2.861702232621610165e-04,1.651702405069954693e-05,0.000000000000000000e+00,0.000000000000000000e+00
6.534522864967584610e-03,4.881927743554115295e-04,1.652594983170274645e-05,0.000000000000000000e+00,0.000000000000000000e+00
5.291454493999481201e-03,3.767087182495743036e-04,1.524367326055653393e-05,0.000000000000000000e+00,0.000000000000000000e+00
4.174550063908100128e-03,2.448924642521888018e-04,1.725625770632177591e-05,0.000000000000000000e+00,0.000000000000000000e+00
6.026482675224542618e-03,4.559199442155659199e-04,1.467283436795696616e-05,0.000000000000000000e+00,0.000000000000000000e+00
5.039405077695846558e-03,3.458980936557054520e-04,1.580424213898368180e-05,0.000000000000000000e+00,0.000000000000000000e+00
4.525720141828060150e-03,3.001759760081768036e-04,1.523960600025020540e-05,0.000000000000000000e+00,0.000000000000000000e+00
5.858502350747585297e-03,4.203128919471055269e-04,1.655373489484190941e-05,0.000000000000000000e+00,0.000000000000000000e+00
5.011131986975669861e-03,3.542361082509160042e-04,1.468770915380446240e-05,0.000000000000000000e+00,0.000000000000000000e+00
4.748645238578319550e-03,3.362523857504129410e-04,1.386121402902062982e-05,0.000000000000000000e+00,0.000000000000000000e+00
4.539938643574714661e-03,3.110353718511760235e-04,1.429584699508268386e-05,0.000000000000000000e+00,0.000000000000000000e+00
4.765084013342857361e-03,3.463081666268408298e-04,1.302002692682435736e-05,0.000000000000000000e+00,0.000000000000000000e+00
4.408060573041439056e-03,3.167933318763971329e-04,1.240127221535658464e-05,0.000000000000000000e+00,0.000000000000000000e+00
4.968429449945688248e-03,3.557724994607269764e-04,1.410704680893104523e-05,0.000000000000000000e+00,0.000000000000000000e+00
6.252756342291831970e-03,4.855272127315402031e-04,1.397484084009192884e-05,0.000000000000000000e+00,0.000000000000000000e+00
5.251883063465356827e-03,3.743825946003198624e-04,1.508057084720348939e-05,0.000000000000000000e+00,0.000000000000000000e+00
4.826088435947895050e-03,3.207285772077739239e-04,1.618802707525901496e-05,0.000000000000000000e+00,0.000000000000000000e+00
5.549838300794363022e-03,3.957972512580454350e-04,1.591866021044552326e-05,0.000000000000000000e+00,0.000000000000000000e+00
5.635315086692571640e-03,4.321215092204511166e-04,1.314099972660187632e-05,0.000000000000000000e+00,0.000000000000000000e+00
5.288191139698028564e-03,3.697315114550292492e-04,1.590875945112202317e-05,0.000000000000000000e+00,0.000000000000000000e+00
6.315594073385000229e-03,4.903156077489256859e-04,1.412437723047332838e-05,0.000000000000000000e+00,0.000000000000000000e+00
4.863460548222064972e-03,3.497785655781626701e-04,1.365674688713625073e-05,0.000000000000000000e+00,0.000000000000000000e+00
5.946851335465908051e-03,4.630267503671348095e-04,1.316583984589669853e-05,0.000000000000000000e+00,0.000000000000000000e+00
4.745970014482736588e-03,3.441112348809838295e-04,1.304857505601830781e-05,0.000000000000000000e+00,0.000000000000000000e+00
4.101102706044912338e-03,2.878909581340849400e-04,1.222193350258748978e-05,0.000000000000000000e+00,0.000000000000000000e+00
5.278772674500942230e-03,3.828901099041104317e-04,1.449871524528134614e-05,0.000000000000000000e+00,0.000000000000000000e+00
6.083182990550994873e-03,4.757253918796777725e-04,1.325929224549327046e-05,0.000000000000000000e+00,0.000000000000000000e+00
4.708874970674514771e-03,3.294323687441647053e-04,1.414551115885842592e-05,0.000000000000000000e+00,0.000000000000000000e+00
5.272222217172384262e-03,3.710325981955975294e-04,1.561896169732790440e-05,0.000000000000000000e+00,0.000000000000000000e+00
5.076983477920293808e-03,3.693006583489477634e-04,1.383977178193163127e-05,0.000000000000000000e+00,0.000000000000000000e+00
4.898779094219207764e-03,3.442586748860776424e-04,1.456192512705456465e-05,0.000000000000000000e+00,0.000000000000000000e+00
5.331707186996936798e-03,4.059228231199085712e-04,1.272478857572423294e-05,0.000000000000000000e+00,0.000000000000000000e+00
5.389571189880371094e-03,4.123473190702497959e-04,1.266098388441605493e-05,0.000000000000000000e+00,0.000000000000000000e+00
4.925350192934274673e-03,3.439923166297376156e-04,1.485427037550834939e-05,0.000000000000000000e+00,0.000000000000000000e+00
5.719988141208887100e-03,4.225892189424484968e-04,1.494096068199723959e-05,0.000000000000000000e+00,0.000000000000000000e+00
6.056385114789009094e-03,4.755061818286776543e-04,1.301323209190741181e-05,0.000000000000000000e+00,0.000000000000000000e+00
5.619086790829896927e-03,4.194494395051151514e-04,1.424592301191296428e-05,0.000000000000000000e+00,0.000000000000000000e+00
5.292842164635658264e-03,3.959733876399695873e-04,1.333107957179890946e-05,0.000000000000000000e+00,0.000000000000000000e+00
5.521713756024837494e-03,4.098871140740811825e-04,1.422842433385085315e-05,0.000000000000000000e+00,0.000000000000000000e+00
6.451716180890798569e-03,4.855234874412417412e-04,1.596481160959228873e-05,0.000000000000000000e+00,0.000000000000000000e+00
4.925175569951534271e-03,3.307356382720172405e-04,1.617819361854344606e-05,0.000000000000000000e+00,0.000000000000000000e+00
4.494281485676765442e-03,2.934268268290907145e-04,1.560013515700120479e-05,0.000000000000000000e+00,0.000000000000000000e+00
4.599553998559713364e-03,3.199970233254134655e-04,1.399583561578765512e-05,0.000000000000000000e+00,0.000000000000000000e+00
3.872047178447246552e-03,2.546678879298269749e-04,1.325368430116213858e-05,0.000000000000000000e+00,0.000000000000000000e+00
5.015574861317873001e-03,3.521041944622993469e-04,1.494532989454455674e-05,0.000000000000000000e+00,0.000000000000000000e+00
4.362588282674551010e-03,3.029851359315216541e-04,1.332736883341567591e-05,0.000000000000000000e+00,0.000000000000000000e+00
5.305808503180742264e-03,3.857939736917614937e-04,1.447868817194830626e-05,0.000000000000000000e+00,0.000000000000000000e+00
5.405913107097148895e-03,4.051302094012498856e-04,1.354611231363378465e-05,0.000000000000000000e+00,0.000000000000000000e+00
5.382257513701915741e-03,4.029453557450324297e-04,1.352803883492015302e-05,0.000000000000000000e+00,0.000000000000000000e+00
5.061134696006774902e-03,3.737846855074167252e-04,1.323287960985908285e-05,0.000000000000000000e+00,0.000000000000000000e+00
5.502218380570411682e-03,4.041600623168051243e-04,1.460618113924283534e-05,0.000000000000000000e+00,0.000000000000000000e+00
3.812756389379501343e-03,2.553267695475369692e-04,1.259488817595411092e-05,0.000000000000000000e+00,0.000000000000000000e+00
6.217942107468843460e-03,4.990967572666704655e-04,1.226974654855439439e-05,0.000000000000000000e+00,0.000000000000000000e+00
5.095234140753746033e-03,3.662456292659044266e-04,1.432777571608312428e-05,0.000000000000000000e+00,0.000000000000000000e+00
5.145673174411058426e-03,3.801390412263572216e-04,1.344282645732164383e-05,0.000000000000000000e+00,0.000000000000000000e+00
5.149535834789276123e-03,3.828793123830109835e-04,1.320742558164056391e-05,0.000000000000000000e+00,0.000000000000000000e+00
4.553306847810745239e-03,3.192270523868501186e-04,1.361036447633523494e-05,0.000000000000000000e+00,0.000000000000000000e+00
4.720299504697322845e-03,3.320879477541893721e-04,1.399420216330327094e-05,0.000000000000000000e+00,0.000000000000000000e+00
4.358287900686264038e-03,2.793885942082852125e-04,1.564402191434055567e-05,0.000000000000000000e+00,0.000000000000000000e+00
4.300382919609546661e-03,2.936868695542216301e-04,1.363514274999033660e-05,0.000000000000000000e+00,0.000000000000000000e+00
4.870474338531494141e-03,3.615354653447866440e-04,1.255119605048093945e-05,0.000000000000000000e+00,0.000000000000000000e+00
6.189704872667789459e-03,4.722772282548248768e-04,1.466932462790282443e-05,0.000000000000000000e+00,0.000000000000000000e+00
6.369614508002996445e-03,4.909915733151137829e-04,1.459698796679731458e-05,0.000000000000000000e+00,0.000000000000000000e+00
5.435134284198284149e-03,4.036993195768445730e-04,1.398140921082813293e-05,0.000000000000000000e+00,0.000000000000000000e+00
4.641506355255842209e-03,3.060204908251762390e-04,1.581301330588757992e-05,0.000000000000000000e+00,0.000000000000000000e+00
4.477052018046379089e-03,3.208846028428524733e-04,1.268205869564553723e-05,0.000000000000000000e+00,0.000000000000000000e+00
5.751449614763259888e-03,4.388102679513394833e-04,1.363346746074967086e-05,0.000000000000000000e+00,0.000000000000000000e+00
5.253485403954982758e-03,4.099580692127346992e-04,1.153905031969770789e-05,0.000000000000000000e+00,0.000000000000000000e+00
5.719877779483795166e-03,4.191974294371902943e-04,1.527903623355086893e-05,0.000000000000000000e+00,0.000000000000000000e+00
5.862582009285688400e-03,4.537476052064448595e-04,1.325105677096871659e-05,0.000000000000000000e+00,0.000000000000000000e+00
4.204166587442159653e-03,2.871850156225264072e-04,1.332316514890408143e-05,0.000000000000000000e+00,0.000000000000000000e+00
5.200035404413938522e-03,3.951878752559423447e-04,1.248156513611320406e-05,0.000000000000000000e+00,0.000000000000000000e+00
5.147916264832019806e-03,3.627832920756191015e-04,1.520083242212422192e-05,0.000000000000000000e+00,0.000000000000000000e+00
4.323548637330532074e-03,2.792024752125144005e-04,1.531524139863904566e-05,0.000000000000000000e+00,0.000000000000000000e+00
5.194975994527339935e-03,3.859248536173254251e-04,1.335727301920996979e-05,0.000000000000000000e+00,0.000000000000000000e+00
5.335844587534666061e-03,3.893232787959277630e-04,1.442611846869112924e-05,0.000000000000000000e+00,0.000000000000000000e+00
4.723760299384593964e-03,3.444714529905468225e-04,1.279045682167634368e-05,0.000000000000000000e+00,0.000000000000000000e+00
4.554379731416702271e-03,3.141374618280678988e-04,1.413005156791768968e-05,0.000000000000000000e+00,0.000000000000000000e+00
5.330137442797422409e-03,4.125277628190815449e-04,1.204859836434479803e-05,0.000000000000000000e+00,0.000000000000000000e+00
4.990319721400737762e-03,3.510146052576601505e-04,1.480173887102864683e-05,0.000000000000000000e+00,0.000000000000000000e+00
4.493521992117166519e-03,3.080149763263761997e-04,1.413372228853404522e-05,0.000000000000000000e+00,0.000000000000000000e+00
4.529836587607860565e-03,3.237006603740155697e-04,1.292829801968764514e-05,0.000000000000000000e+00,0.000000000000000000e+00
5.165377631783485413e-03,3.736444050446152687e-04,1.428933501301798970e-05,0.000000000000000000e+00,0.000000000000000000e+00
5.488951690495014191e-03,4.098211065866053104e-04,1.390740726492367685e-05,0.000000000000000000e+00,0.000000000000000000e+00
3.723327303305268288e-03,2.396951313130557537e-04,1.326375877397367731e-05,0.000000000000000000e+00,0.000000000000000000e+00
5.447387695312500000e-03,3.934279666282236576e-04,1.513108418293995783e-05,0.000000000000000000e+00,0.000000000000000000e+00
4.491243977099657059e-03,3.187012625858187675e-04,1.304231227550189942e-05,0.000000000000000000e+00,0.000000000000000000e+00
4.867240786552429199e-03,3.373898216523230076e-04,1.493342824687715620e-05,0.000000000000000000e+00,0.000000000000000000e+00
4.502820316702127457e-03,3.174711600877344608e-04,1.328108919551596045e-05,0.000000000000000000e+00,0.000000000000000000e+00
5.782726220786571503e-03,4.531643062364310026e-04,1.251083085662685335e-05,0.000000000000000000e+00,0.000000000000000000e+00
6.266301963478326797e-03,4.698010743595659733e-04,1.568291372677776963e-05,0.000000000000000000e+00,0.000000000000000000e+00
4.735134076327085495e-03,3.399168490432202816e-04,1.335965316684450954e-05,0.000000000000000000e+00,0.000000000000000000e+00
5.014556925743818283e-03,3.599255869630724192e-04,1.415301267115864903e-05,0.000000000000000000e+00,0.000000000000000000e+00
4.851565230637788773e-03,3.285856219008564949e-04,1.565708953421562910e-05,0.000000000000000000e+00,0.000000000000000000e+00
4.197281319648027420e-03,2.953337389044463634e-04,1.243943916051648557e-05,0.000000000000000000e+00,0.000000000000000000e+00
4.219185560941696167e-03,2.692724228836596012e-04,1.526461710454896092e-05,0.000000000000000000e+00,0.000000000000000000e+00
4.728617146611213684e-03,3.427533083595335484e-04,1.301084193983115256e-05,0.000000000000000000e+00,0.000000000000000000e+00
6.647724658250808716e-03,5.286586238071322441e-04,1.361138129141181707e-05,0.000000000000000000e+00,0.000000000000000000e+00
4.740291275084018707e-03,3.445344045758247375e-04,1.294947105634491891e-05,0.000000000000000000e+00,0.000000000000000000e+00
4.413764458149671555e-03,3.232019080314785242e-04,1.181745574285741895e-05,0.000000000000000000e+00,0.000000000000000000e+00
5.636155605316162109e-03,4.398404562380164862e-04,1.237750711879925802e-05,0.000000000000000000e+00,0.000000000000000000e+00
4.455926362425088882e-03,3.141036140732467175e-04,1.314890050707617775e-05,0.000000000000000000e+00,0.000000000000000000e+00
4.023132380098104477e-03,2.746848622336983681e-04,1.276283910556230694e-05,0.000000000000000000e+00,0.000000000000000000e+00
5.822643637657165527e-03,4.535782791208475828e-04,1.286861242988379672e-05,0.000000000000000000e+00,0.000000000000000000e+00
5.784571636468172073e-03,4.506136174313724041e-04,1.278435502172214910e-05,0.000000000000000000e+00,0.000000000000000000e+00
4.776113666594028473e-03,3.375243977643549442e-04,1.400869768986012787e-05,0.000000000000000000e+00,0.000000000000000000e+00
4.767096601426601410e-03,3.497887519188225269e-04,1.269209315069019794e-05,0.000000000000000000e+00,0.000000000000000000e+00
5.844478495419025421e-03,4.532286548055708408e-04,1.312192307523218915e-05,0.000000000000000000e+00,0.000000000000000000e+00
4.810234997421503067e-03,3.622923977673053741e-04,1.187310954264830798e-05,0.000000000000000000e+00,0.000000000000000000e+00
4.565962590277194977e-03,3.360795381013303995e-04,1.205167063744738698e-05,0.000000000000000000e+00,0.000000000000000000e+00
4.761180374771356583e-03,3.502317995298653841e-04,1.258862357644829899e-05,0.000000000000000000e+00,0.000000000000000000e+00
5.096063483506441116e-03,3.879304276779294014e-04,1.216759119415655732e-05,0.000000000000000000e+00,0.000000000000000000e+00
5.744221154600381851e-03,4.467617254704236984e-04,1.276603779842844233e-05,0.000000000000000000e+00,0.000000000000000000e+00
5.451875273138284683e-03,3.992664278484880924e-04,1.459210943721700460e-05,0.000000000000000000e+00,0.000000000000000000e+00
4.976883530616760254e-03,3.511070099193602800e-04,1.465813420509221032e-05,0.000000000000000000e+00,0.000000000000000000e+00
4.635903984308242798e-03,3.338703827466815710e-04,1.297200196859193966e-05,0.000000000000000000e+00,0.000000000000000000e+00
4.738382995128631592e-03,3.131384728476405144e-04,1.606998193892650306e-05,0.000000000000000000e+00,0.000000000000000000e+00
5.820724181830883026e-03,4.591940669342875481e-04,1.228783366968855262e-05,0.000000000000000000e+00,0.000000000000000000e+00
4.498422145843505859e-03,3.086393408011645079e-04,1.412028905178885907e-05,0.000000000000000000e+00,0.000000000000000000e+00
5.537232849746942520e-03,4.117183852940797806e-04,1.420048829459119588e-05,0.000000000000000000e+00,0.000000000000000000e+00
3.897161688655614853e-03,2.621971652843058109e-04,1.275190152227878571e-05,0.000000000000000000e+00,0.000000000000000000e+00
4.162916447967290878e-03,3.071693936362862587e-04,1.091222475224640220e-05,0.000000000000000000e+00,0.000000000000000000e+00
5.152530968189239502e-03,4.000291228294372559e-04,1.152239929069764912e-05,0.000000000000000000e+00,0.000000000000000000e+00
4.780484829097986221e-03,3.413611266296356916e-04,1.366873402730561793e-05,0.000000000000000000e+00,0.000000000000000000e+00
3.990577068179845810e-03,2.811720769386738539e-04,1.178856200567679480e-05,0.000000000000000000e+00,0.000000000000000000e+00
5.219968035817146301e-03,3.701885580085217953e-04,1.518082444817991927e-05,0.000000000000000000e+00,0.000000000000000000e+00
4.886889830231666565e-03,3.423677117098122835e-04,1.463212902308441699e-05,0.000000000000000000e+00,0.000000000000000000e+00
4.926471970975399017e-03,3.581880009733140469e-04,1.344592055829707533e-05,0.000000000000000000e+00,0.000000000000000000e+00
5.162849090993404388e-03,3.859637072309851646e-04,1.303212047787383199e-05,0.000000000000000000e+00,0.000000000000000000e+00
4.996310919523239136e-03,3.620678326115012169e-04,1.375632746203336865e-05,0.000000000000000000e+00,0.000000000000000000e+00
6.353730801492929459e-03,4.883904475718736649e-04,1.469826202082913369e-05,0.000000000000000000e+00,0.000000000000000000e+00
4.646063782274723053e-03,3.417687548790127039e-04,1.228376095241401345e-05,0.000000000000000000e+00,0.000000000000000000e+00
5.203931126743555069e-03,3.950109821744263172e-04,1.253821574209723622e-05,0.000000000000000000e+00,0.000000000000000000e+00
5.578022450208663940e-03,4.087901907041668892e-04,1.490120575908804312e-05,0.000000000000000000e+00,0.000000000000000000e+00
5.252019502222537994e-03,3.875319380313158035e-04,1.376700311084277928e-05,0.000000000000000000e+00,0.000000000000000000e+00
4.562416113913059235e-03,3.149619442410767078e-04,1.412797064404003322e-05,0.000000000000000000e+00,0.000000000000000000e+00
5.684317555278539658e-03,4.370695969555526972e-04,1.313621760345995426e-05,0.000000000000000000e+00,0.000000000000000000e+00
4.333895165473222733e-03,3.182160726282745600e-04,1.151734613813459873e-05,0.000000000000000000e+00,0.000000000000000000e+00
5.394072737544775009e-03,4.135970375500619411e-04,1.258102201973088086e-05,0.000000000000000000e+00,0.000000000000000000e+00
5.224299151450395584e-03,3.948835073970258236e-04,1.275463910133112222e-05,0.000000000000000000e+00,0.000000000000000000e+00
5.995166487991809845e-03,4.766173369716852903e-04,1.228993369295494631e-05,0.000000000000000000e+00,0.000000000000000000e+00
5.718898028135299683e-03,4.396128351800143719e-04,1.322769458056427538e-05,0.000000000000000000e+00,0.000000000000000000e+00
5.597051233053207397e-03,4.426623345352709293e-04,1.170428095065290108e-05,0.000000000000000000e+00,0.000000000000000000e+00
5.994631908833980560e-03,4.623378627002239227e-04,1.371253347315359861e-05,0.000000000000000000e+00,0.000000000000000000e+00
5.557034164667129517e-03,4.277294501662254333e-04,1.279739808524027467e-05,0.000000000000000000e+00,0.000000000000000000e+00
4.391672089695930481e-03,3.170789568684995174e-04,1.220882222696673125e-05,0.000000000000000000e+00,0.000000000000000000e+00
5.263601895421743393e-03,4.030592972412705421e-04,1.233009061252232641e-05,0.000000000000000000e+00,0.000000000000000000e+00
4.913982935249805450e-03,3.685919800773262978e-04,1.228063320013461635e-05,0.000000000000000000e+00,0.000000000000000000e+00
4.849579650908708572e-03,3.437690320424735546e-04,1.411889206792693585e-05,0.000000000000000000e+00,0.000000000000000000e+00
5.420340690761804581e-03,4.211282357573509216e-04,1.209058427775744349e-05,0.000000000000000000e+00,0.000000000000000000e+00
5.229258444160223007e-03,3.960825270041823387e-04,1.268433061341056600e-05,0.000000000000000000e+00,0.000000000000000000e+00
5.090004764497280121e-03,3.926904755644500256e-04,1.163099932455224916e-05,0.000000000000000000e+00,0.000000000000000000e+00
4.603413864970207214e-03,3.405741881579160690e-04,1.197671826957957819e-05,0.000000000000000000e+00,0.000000000000000000e+00
4.703506827354431152e-03,3.503712359815835953e-04,1.199794496642425656e-05,0.000000000000000000e+00,0.000000000000000000e+00
4.751226864755153656e-03,3.397750551812350750e-04,1.353476000076625496e-05,0.000000000000000000e+00,0.000000000000000000e+00
5.448014941066503525e-03,4.294234386179596186e-04,1.153780613094568253e-05,0.000000000000000000e+00,0.000000000000000000e+00
4.855905659496784210e-03,3.605879028327763081e-04,1.250026798516046256e-05,0.000000000000000000e+00,0.000000000000000000e+00
5.816414952278137207e-03,4.719147109426558018e-04,1.097267704608384520e-05,0.000000000000000000e+00,0.000000000000000000e+00
4.290760494768619537e-03,3.032654058188199997e-04,1.258106385648716241e-05,0.000000000000000000e+00,0.000000000000000000e+00
5.096961744129657745e-03,3.930558450520038605e-04,1.166403126262594014e-05,0.000000000000000000e+00,0.000000000000000000e+00
5.063277669250965118e-03,3.852156223729252815e-04,1.211121434607775882e-05,0.000000000000000000e+00,0.000000000000000000e+00
4.324993584305047989e-03,3.061224706470966339e-04,1.263768808712484315e-05,0.000000000000000000e+00,0.000000000000000000e+00
4.801154136657714844e-03,3.558596363291144371e-04,1.242557937075616792e-05,0.000000000000000000e+00,0.000000000000000000e+00
4.424632526934146881e-03,3.317272057756781578e-04,1.107360640162369236e-05,0.000000000000000000e+00,0.000000000000000000e+00
4.872178658843040466e-03,3.496159333735704422e-04,1.376019554300000891e-05,0.000000000000000000e+00,0.000000000000000000e+00
4.739383701235055923e-03,3.508592490106821060e-04,1.230791349371429533e-05,0.000000000000000000e+00,0.000000000000000000e+00
5.204031243920326233e-03,3.976142033934593201e-04,1.227889060828601941e-05,0.000000000000000000e+00,0.000000000000000000e+00
6.990986876189708710e-03,5.574592505581676960e-04,1.416394479747395962e-05,0.000000000000000000e+00,0.000000000000000000e+00
3.617516253143548965e-03,2.512227511033415794e-04,1.105288902181200683e-05,0.000000000000000000e+00,0.000000000000000000e+00
5.285929422825574875e-03,3.944794880226254463e-04,1.341134884569328278e-05,0.000000000000000000e+00,0.000000000000000000e+00
4.319336265325546265e-03,3.057473804801702499e-04,1.261862234969157726e-05,0.000000000000000000e+00,0.000000000000000000e+00
3.860943019390106201e-03,2.675427240319550037e-04,1.185515975521411747e-05,0.000000000000000000e+00,0.000000000000000000e+00
3.872723784297704697e-03,2.549716446083039045e-04,1.323007199971470982e-05,0.000000000000000000e+00,0.000000000000000000e+00
5.319498479366302490e-03,4.112371534574776888e-04,1.207126842928119004e-05,0.000000000000000000e+00,0.000000000000000000e+00
4.595318343490362167e-03,3.293332410976290703e-04,1.301986048929393291e-05,0.000000000000000000e+00,0.000000000000000000e+00
4.410345572978258133e-03,3.292984329164028168e-04,1.117361352953594178e-05,0.000000000000000000e+00,0.000000000000000000e+00
4.645788576453924179e-03,3.467120695859193802e-04,1.178667753265472129e-05,0.000000000000000000e+00,0.000000000000000000e+00
4.838320426642894745e-03,3.540888137649744749e-04,1.297432208957616240e-05,0.000000000000000000e+00,0.000000000000000000e+00
3.753589000552892685e-03,2.570212818682193756e-04,1.183376116387080401e-05,0.000000000000000000e+00,0.000000000000000000e+00
4.826447460800409317e-03,3.539887256920337677e-04,1.286560291191563010e-05,0.000000000000000000e+00,0.000000000000000000e+00
6.378100719302892685e-03,5.157489213161170483e-04,1.220611375174485147e-05,0.000000000000000000e+00,0.000000000000000000e+00
4.866647534072399139e-03,3.652353188954293728e-04,1.214294388773851097e-05,0.000000000000000000e+00,0.000000000000000000e+00
4.916086327284574509e-03,3.633023297879844904e-04,1.283063011214835569e-05,0.000000000000000000e+00,0.000000000000000000e+00
4.284339491277933121e-03,2.981695579364895821e-04,1.302643795497715473e-05,0.000000000000000000e+00,0.000000000000000000e+00
5.673245992511510849e-03,4.275155661161988974e-04,1.398090171278454363e-05,0.000000000000000000e+00,0.000000000000000000e+00
4.795804154127836227e-03,3.436568658798933029e-04,1.359235557174542919e-05,0.000000000000000000e+00,0.000000000000000000e+00
5.288231186568737030e-03,4.027813847642391920e-04,1.260417229786980897e-05,0.000000000000000000e+00,0.000000000000000000e+00
5.183450877666473389e-03,3.771217307075858116e-04,1.412233450537314638e-05,0.000000000000000000e+00,0.000000000000000000e+00
4.796521738171577454e-03,3.483394102659076452e-04,1.313127359026111662e-05,0.000000000000000000e+00,0.000000000000000000e+00
4.821243695914745331e-03,3.494944830890744925e-04,1.326299025095067918e-05,0.000000000000000000e+00,0.000000000000000000e+00
4.875793587416410446e-03,3.418656997382640839e-04,1.457136477256426588e-05,0.000000000000000000e+00,0.000000000000000000e+00
4.524030722677707672e-03,3.301747492514550686e-04,1.222282935486873612e-05,0.000000000000000000e+00,0.000000000000000000e+00
4.682642873376607895e-03,3.479677834548056126e-04,1.202964995172806084e-05,0.000000000000000000e+00,0.000000000000000000e+00
5.171732511371374130e-03,3.918969305232167244e-04,1.252763468073680997e-05,0.000000000000000000e+00,0.000000000000000000e+00
3.905621124431490898e-03,2.726924722082912922e-04,1.178696493298048154e-05,0.000000000000000000e+00,0.000000000000000000e+00
3.976960666477680206e-03,2.875037607736885548e-04,1.101923407986760139e-05,0.000000000000000000e+00,0.000000000000000000e+00
3.942565061151981354e-03,2.796514309011399746e-04,1.146050544775789604e-05,0.000000000000000000e+00,0.000000000000000000e+00
4.558205604553222656e-03,3.318296512588858604e-04,1.239909215655643493e-05,0.000000000000000000e+00,0.000000000000000000e+00
5.043250974267721176e-03,3.822016296908259392e-04,1.221234560944139957e-05,0.000000000000000000e+00,0.000000000000000000e+00
3.970014862716197968e-03,2.833301259670406580e-04,1.136713945015799254e-05,0.000000000000000000e+00,0.000000000000000000e+00
4.482584074139595032e-03,3.221539082005620003e-04,1.261044963030144572e-05,0.000000000000000000e+00,0.000000000000000000e+00
3.893925808370113373e-03,2.764516393654048443e-04,1.129409429267980158e-05,0.000000000000000000e+00,0.000000000000000000e+00
4.555479623377323151e-03,3.487802750896662474e-04,1.067676657839911059e-05,0.000000000000000000e+00,0.000000000000000000e+00
4.730967339128255844e-03,3.677682543639093637e-04,1.053284995577996597e-05,0.000000000000000000e+00,0.000000000000000000e+00
4.749508574604988098e-03,3.672887687571346760e-04,1.076621083484496921e-05,0.000000000000000000e+00,0.000000000000000000e+00
4.629857372492551804e-03,3.505592467263340950e-04,1.124264781537931412e-05,0.000000000000000000e+00,0.000000000000000000e+00
4.543659277260303497e-03,3.533240524120628834e-04,1.010419146041385829e-05,0.000000000000000000e+00,0.000000000000000000e+00
5.557387135922908783e-03,4.179492825642228127e-04,1.377894750476116315e-05,0.000000000000000000e+00,0.000000000000000000e+00
4.963517189025878906e-03,3.651455044746398926e-04,1.312062340730335563e-05,0.000000000000000000e+00,0.000000000000000000e+00
4.569714888930320740e-03,3.338807728141546249e-04,1.230906946148024872e-05,0.000000000000000000e+00,0.000000000000000000e+00
4.869539290666580200e-03,3.739896637853235006e-04,1.129642350861104205e-05,0.000000000000000000e+00,0.000000000000000000e+00
4.800764378160238266e-03,3.763458225876092911e-04,1.037305992213077843e-05,0.000000000000000000e+00,0.000000000000000000e+00
4.957721568644046783e-03,3.951476537622511387e-04,1.006245111057069153e-05,0.000000000000000000e+00,0.000000000000000000e+00
4.149524495005607605e-03,3.063368494622409344e-04,1.086156134988414124e-05,0.000000000000000000e+00,0.000000000000000000e+00
4.111005924642086029e-03,2.994810347445309162e-04,1.116195744543801993e-05,0.000000000000000000e+00,0.000000000000000000e+00
4.678260535001754761e-03,3.683234099298715591e-04,9.950263120117597282e-06,0.000000000000000000e+00,0.000000000000000000e+00
5.050922743976116180e-03,3.785236040130257607e-04,1.265686660190112889e-05,0.000000000000000000e+00,0.000000000000000000e+00
4.504512529820203781e-03,3.342709387652575970e-04,1.161802993010496721e-05,0.000000000000000000e+00,0.000000000000000000e+00
4.210770595818758011e-03,2.793796302285045385e-04,1.416974191670306027e-05,0.000000000000000000e+00,0.000000000000000000e+00
4.608741961419582367e-03,3.248123975936323404e-04,1.360617989121237770e-05,0.000000000000000000e+00,0.000000000000000000e+00
4.199085757136344910e-03,2.816127962432801723e-04,1.382957816531416029e-05,0.000000000000000000e+00,0.000000000000000000e+00
5.860207136720418930e-03,4.540609079413115978e-04,1.319598050031345338e-05,0.000000000000000000e+00,0.000000000000000000e+00
4.955532029271125793e-03,3.718756197486072779e-04,1.236775733559625223e-05,0.000000000000000000e+00,0.000000000000000000e+00
4.994666203856468201e-03,3.730189055204391479e-04,1.264477396034635603e-05,0.000000000000000000e+00,0.000000000000000000e+00
4.263056442141532898e-03,2.949644695036113262e-04,1.313411576120415702e-05,0.000000000000000000e+00,0.000000000000000000e+00
4.390628077089786530e-03,3.064527991227805614e-04,1.326099845755379647e-05,0.000000000000000000e+00,0.000000000000000000e+00
4.305380862206220627e-03,3.075642162002623081e-04,1.229738791153067723e-05,0.000000000000000000e+00,0.000000000000000000e+00
4.627879243344068527e-03,3.384031006135046482e-04,1.243848419107962400e-05,0.000000000000000000e+00,0.000000000000000000e+00
5.561388563364744186e-03,4.314408288337290287e-04,1.246980536961928010e-05,0.000000000000000000e+00,0.000000000000000000e+00
5.743004847317934036e-03,4.473031731322407722e-04,1.269973290618509054e-05,0.000000000000000000e+00,0.000000000000000000e+00
5.233915057033300400e-03,3.963758645113557577e-04,1.270156280952505767e-05,0.000000000000000000e+00,0.000000000000000000e+00
5.294028669595718384e-03,4.040338681079447269e-04,1.253690152225317433e-05,0.000000000000000000e+00,0.000000000000000000e+00
3.437399631366133690e-03,2.179151342716068029e-04,1.258248266822192818e-05,0.000000000000000000e+00,0.000000000000000000e+00
5.441651679575443268e-03,4.220892442390322685e-04,1.220758895215112716e-05,0.000000000000000000e+00,0.000000000000000000e+00
4.623821005225181580e-03,3.380886337254196405e-04,1.242934558831620961e-05,0.000000000000000000e+00,0.000000000000000000e+00
4.363504238426685333e-03,3.244649269618093967e-04,1.118855016102315858e-05,0.000000000000000000e+00,0.000000000000000000e+00
4.493874032050371170e-03,3.299998352304100990e-04,1.193875687022227794e-05,0.000000000000000000e+00,0.000000000000000000e+00
4.531391430646181107e-03,3.349961480125784874e-04,1.181429979624226689e-05,0.000000000000000000e+00,0.000000000000000000e+00
3.804773325100541115e-03,2.659219026099890471e-04,1.145554233517032117e-05,0.000000000000000000e+00,0.000000000000000000e+00
4.438607953488826752e-03,3.230245783925056458e-04,1.208361936733126640e-05,0.000000000000000000e+00,0.000000000000000000e+00
5.626926198601722717e-03,4.393070121295750141e-04,1.233856164617463946e-05,0.000000000000000000e+00,0.000000000000000000e+00
4.669516347348690033e-03,3.601959906518459320e-04,1.067556240741396323e-05,0.000000000000000000e+00,0.000000000000000000e+00
4.945894703269004822e-03,3.905236953869462013e-04,1.040657934936461970e-05,0.000000000000000000e+00,0.000000000000000000e+00
4.244414158165454865e-03,3.051371895708143711e-04,1.193042589875403792e-05,0.000000000000000000e+00,0.000000000000000000e+00
4.150804132223129272e-03,3.040024021174758673e-04,1.110780340241035447e-05,0.000000000000000000e+00,0.000000000000000000e+00
4.975895863026380539e-03,3.846617182716727257e-04,1.129278734879335389e-05,0.000000000000000000e+00,0.000000000000000000e+00
5.257864482700824738e-03,4.017101600766181946e-04,1.240762776433257386e-05,0.000000000000000000e+00,0.000000000000000000e+00
3.601975273340940475e-03,2.386031264904886484e-04,1.215944212162867188e-05,0.000000000000000000e+00,0.000000000000000000e+00
4.421317018568515778e-03,3.186096146237105131e-04,1.235221043316414580e-05,0.000000000000000000e+00,0.000000000000000000e+00
4.569777287542819977e-03,3.359125403221696615e-04,1.210651589644839987e-05,0.000000000000000000e+00,0.000000000000000000e+00
5.097972229123115540e-03,3.816642565652728081e-04,1.281329423363786191e-05,0.000000000000000000e+00,0.000000000000000000e+00
4.250540398061275482e-03,3.058883303310722113e-04,1.191656974697252735e-05,0.000000000000000000e+00,0.000000000000000000e+00
4.555245861411094666e-03,3.159379411954432726e-04,1.395866638631559908e-05,0.000000000000000000e+00,0.000000000000000000e+00
3.760738065466284752e-03,2.658100274857133627e-04,1.102637725125532597e-05,0.000000000000000000e+00,0.000000000000000000e+00
4.962078295648097992e-03,3.895913832820951939e-04,1.066164804797153920e-05,0.000000000000000000e+00,0.000000000000000000e+00
4.378393292427062988e-03,3.195690223947167397e-04,1.182703090307768434e-05,0.000000000000000000e+00,0.000000000000000000e+00
4.284045659005641937e-03,3.060915041714906693e-04,1.223130675498396158e-05,0.000000000000000000e+00,0.000000000000000000e+00
4.483152646571397781e-03,3.503572661429643631e-04,9.795799087441992015e-06,0.000000000000000000e+00,0.000000000000000000e+00
4.686506465077400208e-03,3.510127135086804628e-04,1.176379282696871087e-05,0.000000000000000000e+00,0.000000000000000000e+00
5.416959524154663086e-03,4.266520845703780651e-04,1.150438674812903628e-05,0.000000000000000000e+00,0.000000000000000000e+00
4.176472313702106476e-03,3.034264664165675640e-04,1.142207474913448095e-05,0.000000000000000000e+00,0.000000000000000000e+00
5.019251257181167603e-03,3.922638425137847662e-04,1.096613050322048366e-05,0.000000000000000000e+00,0.000000000000000000e+00
4.212864674627780914e-03,3.171245916746556759e-04,1.041618452291004360e-05,0.000000000000000000e+00,0.000000000000000000e+00
4.485800862312316895e-03,3.298977389931678772e-04,1.186823647003620863e-05,0.000000000000000000e+00,0.000000000000000000e+00
3.964620642364025116e-03,2.884271671064198017e-04,1.080349375115474686e-05,0.000000000000000000e+00,0.000000000000000000e+00
4.595276433974504471e-03,3.489265800453722477e-04,1.106010859075468034e-05,0.000000000000000000e+00,0.000000000000000000e+00
4.468302708119153976e-03,3.322902484796941280e-04,1.145399983215611428e-05,0.000000000000000000e+00,0.000000000000000000e+00
4.351593554019927979e-03,3.139057080261409283e-04,1.212536517414264381e-05,0.000000000000000000e+00,0.000000000000000000e+00
5.109201651066541672e-03,3.922283649444580078e-04,1.186917961604194716e-05,0.000000000000000000e+00,0.000000000000000000e+00
5.350784398615360260e-03,4.152578476350754499e-04,1.198206155095249414e-05,0.000000000000000000e+00,0.000000000000000000e+00
6.210012827068567276e-03,5.102794966660439968e-04,1.107217667595250532e-05,0.000000000000000000e+00,0.000000000000000000e+00
4.503081087023019791e-03,3.436208935454487801e-04,1.066872209776192904e-05,0.000000000000000000e+00,0.000000000000000000e+00
4.876377992331981659e-03,3.755041107069700956e-04,1.121337118092924356e-05,0.000000000000000000e+00,0.000000000000000000e+00
4.549240693449974060e-03,3.406208707019686699e-04,1.143032204709015787e-05,0.000000000000000000e+00,0.000000000000000000e+00
4.381486214697360992e-03,3.346850862726569176e-04,1.034635351970791817e-05,0.000000000000000000e+00,0.000000000000000000e+00
4.231151659041643143e-03,2.931596827693283558e-04,1.299554787692613900e-05,0.000000000000000000e+00,0.000000000000000000e+00
4.751716274768114090e-03,3.341871197335422039e-04,1.409844844602048397e-05,0.000000000000000000e+00,0.000000000000000000e+00
4.312781151384115219e-03,3.240766818635165691e-04,1.072014310921076685e-05,0.000000000000000000e+00,0.000000000000000000e+00
4.272142890840768814e-03,3.155085141770541668e-04,1.117057490773731843e-05,0.000000000000000000e+00,0.000000000000000000e+00
6.278410088270902634e-03,5.163362366147339344e-04,1.115047962230164558e-05,0.000000000000000000e+00,0.000000000000000000e+00
5.354853812605142593e-03,4.170166212134063244e-04,1.184687607747036964e-05,0.000000000000000000e+00,0.000000000000000000e+00
3.775360761210322380e-03,2.512795035727322102e-04,1.262565820070449263e-05,0.000000000000000000e+00,0.000000000000000000e+00
5.647879559546709061e-03,4.101047525182366371e-04,1.546832390886265785e-05,0.000000000000000000e+00,0.000000000000000000e+00
3.934170585125684738e-03,2.739050542004406452e-04,1.195120330521604046e-05,0.000000000000000000e+00,0.000000000000000000e+00
3.701958106830716133e-03,2.683673519641160965e-04,1.018284638121258467e-05,0.000000000000000000e+00,0.000000000000000000e+00
4.462857730686664581e-03,3.235413169022649527e-04,1.227444772666785866e-05,0.000000000000000000e+00,0.000000000000000000e+00
4.726827144622802734e-03,3.513866686262190342e-04,1.212960796692641452e-05,0.000000000000000000e+00,0.000000000000000000e+00
4.224764183163642883e-03,3.095433348789811134e-04,1.129330667026806623e-05,0.000000000000000000e+00,0.000000000000000000e+00
4.382887855172157288e-03,3.186885733157396317e-04,1.196002358483383432e-05,0.000000000000000000e+00,0.000000000000000000e+00
5.673131905496120453e-03,4.413242277223616838e-04,1.259889450011542067e-05,0.000000000000000000e+00,0.000000000000000000e+00
5.699223373085260391e-03,4.500015929806977510e-04,1.199207235913490877e-05,0.000000000000000000e+00,0.000000000000000000e+00
4.972335882484912872e-03,3.813435032498091459e-04,1.158900704467669129e-05,0.000000000000000000e+00,0.000000000000000000e+00
3.836631542071700096e-03,2.684732608031481504e-04,1.151898868556600064e-05,0.000000000000000000e+00,0.000000000000000000e+00
4.391070920974016190e-03,3.327977028675377369e-04,1.063093986886087805e-05,0.000000000000000000e+00,0.000000000000000000e+00
4.634779877960681915e-03,3.415500104892998934e-04,1.219279602082679048e-05,0.000000000000000000e+00,0.000000000000000000e+00
4.345027264207601547e-03,3.266317362431436777e-04,1.078709829016588628e-05,0.000000000000000000e+00,0.000000000000000000e+00
4.558603279292583466e-03,3.519111778587102890e-04,1.039491326082497835e-05,0.000000000000000000e+00,0.000000000000000000e+00
4.202575422823429108e-03,2.976973191834986210e-04,1.225602591148344800e-05,0.000000000000000000e+00,0.000000000000000000e+00
4.333921242505311966e-03,3.122904745396226645e-04,1.211016478919191286e-05,0.000000000000000000e+00,0.000000000000000000e+00
3.984955605119466782e-03,2.928287140093743801e-04,1.056668224919121712e-05,0.000000000000000000e+00,0.000000000000000000e+00
5.157830659300088882e-03,4.052133881486952305e-04,1.105696992453886196e-05,0.000000000000000000e+00,0.000000000000000000e+00
4.220803733915090561e-03,3.155815356876701117e-04,1.064988373400410637e-05,0.000000000000000000e+00,0.000000000000000000e+00
4.801021888852119446e-03,3.548895765561610460e-04,1.252125912287738174e-05,0.000000000000000000e+00,0.000000000000000000e+00
3.614930436015129089e-03,2.565111208241432905e-04,1.049819184117950499e-05,0.000000000000000000e+00,0.000000000000000000e+00
4.888558760285377502e-03,3.808879991993308067e-04,1.079678804671857506e-05,0.000000000000000000e+00,0.000000000000000000e+00
4.307046998292207718e-03,3.274872433394193649e-04,1.032174441206734627e-05,0.000000000000000000e+00,0.000000000000000000e+00
3.786453977227210999e-03,2.743494696915149689e-04,1.042959229380358011e-05,0.000000000000000000e+00,0.000000000000000000e+00
5.161754786968231201e-03,3.977543383371084929e-04,1.184211578220129013e-05,0.000000000000000000e+00,0.000000000000000000e+00
4.681327380239963531e-03,3.595356538426131010e-04,1.085970689018722624e-05,0.000000000000000000e+00,0.000000000000000000e+00
4.815523512661457062e-03,3.747605078388005495e-04,1.067918219632701948e-05,0.000000000000000000e+00,0.000000000000000000e+00
5.256848409771919250e-03,3.993538557551801205e-04,1.263309968635439873e-05,0.000000000000000000e+00,0.000000000000000000e+00
5.218768958002328873e-03,3.996719606220722198e-04,1.222049286297988147e-05,0.000000000000000000e+00,0.000000000000000000e+00
4.760810174047946930e-03,3.544403589330613613e-04,1.216406417370308191e-05,0.000000000000000000e+00,0.000000000000000000e+00
4.375284537672996521e-03,3.282631805632263422e-04,1.092652746592648327e-05,0.000000000000000000e+00,0.000000000000000000e+00
4.123962484300136566e-03,2.948388573713600636e-04,1.175574197986861691e-05,0.000000000000000000e+00,0.000000000000000000e+00
4.745078738778829575e-03,3.590380074456334114e-04,1.154698566097067669e-05,0.000000000000000000e+00,0.000000000000000000e+00
4.048547707498073578e-03,2.899557293858379126e-04,1.148990122601389885e-05,0.000000000000000000e+00,0.000000000000000000e+00
4.118599463254213333e-03,3.022201708517968655e-04,1.096397681976668537e-05,0.000000000000000000e+00,0.000000000000000000e+00
4.178292118012905121e-03,2.896398073062300682e-04,1.281894037674646825e-05,0.000000000000000000e+00,0.000000000000000000e+00
3.656785003840923309e-03,2.452732878737151623e-04,1.204051841341424733e-05,0.000000000000000000e+00,0.000000000000000000e+00
4.978679586201906204e-03,3.945925855077803135e-04,1.032753971230704337e-05,0.000000000000000000e+00,0.000000000000000000e+00
3.992224577814340591e-03,2.847770811058580875e-04,1.144454017776297405e-05,0.000000000000000000e+00,0.000000000000000000e+00
4.594460129737854004e-03,3.479252045508474112e-04,1.115207760449266061e-05,0.000000000000000000e+00,0.000000000000000000e+00
5.873421672731637955e-03,4.712342924904078245e-04,1.161078944278415293e-05,0.000000000000000000e+00,0.000000000000000000e+00
4.298650193959474564e-03,3.177421749569475651e-04,1.121228524425532669e-05,0.000000000000000000e+00,0.000000000000000000e+00
4.226072225719690323e-03,2.970224595628678799e-04,1.255847655556863174e-05,0.000000000000000000e+00,0.000000000000000000e+00
4.317899234592914581e-03,3.146442759316414595e-04,1.171456551674054936e-05,0.000000000000000000e+00,0.000000000000000000e+00
5.067748948931694031e-03,4.035204765386879444e-04,1.032544059853535146e-05,0.000000000000000000e+00,0.000000000000000000e+00
4.061844199895858765e-03,3.037363057956099510e-04,1.024480934574967250e-05,0.000000000000000000e+00,0.000000000000000000e+00
3.538020420819520950e-03,2.212161780335009098e-04,1.325858647760469466e-05,0.000000000000000000e+00,0.000000000000000000e+00
4.167713690549135208e-03,3.020266303792595863e-04,1.147447437688242644e-05,0.000000000000000000e+00,0.000000000000000000e+00
4.974557086825370789e-03,3.964615170843899250e-04,1.009942207019776106e-05,0.000000000000000000e+00,0.000000000000000000e+00
4.258203785866498947e-03,3.195249591954052448e-04,1.062954470398835838e-05,0.000000000000000000e+00,0.000000000000000000e+00
4.550780635327100754e-03,3.395178355276584625e-04,1.155602149083279073e-05,0.000000000000000000e+00,0.000000000000000000e+00
4.667908884584903717e-03,3.510909155011177063e-04,1.156999496743083000e-05,0.000000000000000000e+00,0.000000000000000000e+00
3.639711532741785049e-03,2.516942040529102087e-04,1.122769572248216718e-05,0.000000000000000000e+00,0.000000000000000000e+00
3.303070319816470146e-03,2.187065256293863058e-04,1.116005023504840210e-05,0.000000000000000000e+00,0.000000000000000000e+00
4.294337704777717590e-03,3.225471591576933861e-04,1.068866004061419517e-05,0.000000000000000000e+00,0.000000000000000000e+00
5.749963223934173584e-03,4.589375457726418972e-04,1.160587544291047379e-05,0.000000000000000000e+00,0.000000000000000000e+00
3.842147998511791229e-03,2.719530311878770590e-04,1.122617504734080285e-05,0.000000000000000000e+00,0.000000000000000000e+00
5.606518127024173737e-03,4.315057594794780016e-04,1.291460284846834838e-05,0.000000000000000000e+00,0.000000000000000000e+00
4.261181224137544632e-03,3.191263531334698200e-04,1.069917652785079554e-05,0.000000000000000000e+00,0.000000000000000000e+00
4.315389320254325867e-03,3.289374872110784054e-04,1.026014615490566939e-05,0.000000000000000000e+00,0.000000000000000000e+00
5.611309316009283066e-03,4.411947447806596756e-04,1.199361759063322097e-05,0.000000000000000000e+00,0.000000000000000000e+00
5.433320999145507812e-03,4.439543990883976221e-04,9.937770300894044340e-06,0.000000000000000000e+00,0.000000000000000000e+00
4.450551234185695648e-03,3.436691768001765013e-04,1.013859309750841931e-05,0.000000000000000000e+00,0.000000000000000000e+00
4.447574727237224579e-03,3.441160079091787338e-04,1.006414822768419981e-05,0.000000000000000000e+00,0.000000000000000000e+00
5.481636151671409607e-03,4.701220605056732893e-04,7.804155757185071707e-06,0.000000000000000000e+00,0.000000000000000000e+00
4.065086599439382553e-03,2.858874504454433918e-04,1.206212346005486324e-05,0.000000000000000000e+00,0.000000000000000000e+00
5.357392597943544388e-03,4.080503422301262617e-04,1.276889270229730755e-05,0.000000000000000000e+00,0.000000000000000000e+00
4.890829790383577347e-03,3.870537038892507553e-04,1.020292620523832738e-05,0.000000000000000000e+00,0.000000000000000000e+00
4.382097162306308746e-03,3.200873325113207102e-04,1.181223979074275121e-05,0.000000000000000000e+00,0.000000000000000000e+00
4.431342706084251404e-03,3.358003741595894098e-04,1.073338808055268601e-05,0.000000000000000000e+00,0.000000000000000000e+00
4.047089256346225739e-03,2.967143082059919834e-04,1.079946196114178747e-05,0.000000000000000000e+00,0.000000000000000000e+00
4.813218489289283752e-03,3.670388832688331604e-04,1.142829569289460778e-05,0.000000000000000000e+00,0.000000000000000000e+00
4.370057955384254456e-03,3.249233122915029526e-04,1.120824617828475311e-05,0.000000000000000000e+00,0.000000000000000000e+00
4.273036029189825058e-03,3.229504218325018883e-04,1.043531665345653892e-05,0.000000000000000000e+00,0.000000000000000000e+00
4.442889709025621414e-03,3.368291072547435760e-04,1.074598731065634638e-05,0.000000000000000000e+00,0.000000000000000000e+00
3.834697883576154709e-03,2.805286203511059284e-04,1.029411941999569535e-05,0.000000000000000000e+00,0.000000000000000000e+00
3.867442253977060318e-03,2.721955243032425642e-04,1.145486930909100920e-05,0.000000000000000000e+00,0.000000000000000000e+00
3.812129143625497818e-03,2.795666514430195093e-04,1.016462647385196760e-05,0.000000000000000000e+00,0.000000000000000000e+00
4.698385018855333328e-03,3.580989141482859850e-04,1.117395913752261549e-05,0.000000000000000000e+00,0.000000000000000000e+00
3.628131467849016190e-03,2.426154824206605554e-04,1.201976556330919266e-05,0.000000000000000000e+00,0.000000000000000000e+00
4.350879229605197906e-03,3.309978637844324112e-04,1.040900588122894987e-05,0.000000000000000000e+00,0.000000000000000000e+00
3.700313158333301544e-03,2.586977207101881504e-04,1.113336202251957729e-05,0.000000000000000000e+00,0.000000000000000000e+00
4.585435613989830017e-03,3.522423503454774618e-04,1.063012132362928241e-05,0.000000000000000000e+00,0.000000000000000000e+00
5.476790480315685272e-03,4.166561120655387640e-04,1.310229163209442049e-05,0.000000000000000000e+00,0.000000000000000000e+00
4.821061622351408005e-03,3.795357188209891319e-04,1.025704386847792193e-05,0.000000000000000000e+00,0.000000000000000000e+00
4.388777073472738266e-03,3.318740054965019226e-04,1.070037069439422339e-05,0.000000000000000000e+00,0.000000000000000000e+00
5.002669990062713623e-03,3.977547748945653439e-04,1.025122037390246987e-05,0.000000000000000000e+00,0.000000000000000000e+00
3.657970577478408813e-03,2.439238160150125623e-04,1.218732541019562632e-05,0.000000000000000000e+00,0.000000000000000000e+00
4.315861500799655914e-03,3.238156205043196678e-04,1.077705019270069897e-05,0.000000000000000000e+00,0.000000000000000000e+00
5.286493338644504547e-03,4.245822783559560776e-04,1.040670485963346437e-05,0.000000000000000000e+00,0.000000000000000000e+00
4.770610947161912918e-03,3.728691954165697098e-04,1.041918949340470135e-05,0.000000000000000000e+00,0.000000000000000000e+00
4.567600786685943604e-03,3.485269262455403805e-04,1.082331527868518606e-05,0.000000000000000000e+00,0.000000000000000000e+00
4.518268629908561707e-03,3.397557593416422606e-04,1.120710749091813341e-05,0.000000000000000000e+00,0.000000000000000000e+00
4.495342262089252472e-03,3.399501438252627850e-04,1.095840707421302795e-05,0.000000000000000000e+00,0.000000000000000000e+00
5.369187332689762115e-03,4.299614229239523411e-04,1.069573409040458500e-05,0.000000000000000000e+00,0.000000000000000000e+00
5.444645415991544724e-03,4.127323627471923828e-04,1.317321675742277876e-05,0.000000000000000000e+00,0.000000000000000000e+00
3.806000109761953354e-03,2.815934712998569012e-04,9.900653822114691138e-06,0.000000000000000000e+00,0.000000000000000000e+00
4.971693735569715500e-03,3.675135667435824871e-04,1.296557820751331747e-05,0.000000000000000000e+00,0.000000000000000000e+00
3.500417573377490044e-03,2.555903629399836063e-04,9.445139767194632441e-06,0.000000000000000000e+00,0.000000000000000000e+00
4.915719851851463318e-03,3.801208513323217630e-04,1.114511542255058885e-05,0.000000000000000000e+00,0.000000000000000000e+00
4.125500097870826721e-03,2.930023765657097101e-04,1.195476397697348148e-05,0.000000000000000000e+00,0.000000000000000000e+00
4.470599349588155746e-03,3.510259848553687334e-04,9.603396392776630819e-06,0.000000000000000000e+00,0.000000000000000000e+00
4.884650930762290955e-03,3.623563097789883614e-04,1.261087709281127900e-05,0.000000000000000000e+00,0.000000000000000000e+00
4.641252569854259491e-03,3.550260444171726704e-04,1.090992464014561847e-05,0.000000000000000000e+00,0.000000000000000000e+00
3.578064264729619026e-03,2.512366627342998981e-04,1.065697779267793521e-05,0.000000000000000000e+00,0.000000000000000000e+00
4.720218945294618607e-03,3.751091135200113058e-04,9.691279046819545329e-06,0.000000000000000000e+00,0.000000000000000000e+00
4.436067771166563034e-03,3.295444475952535868e-04,1.140623317041900009e-05,0.000000000000000000e+00,0.000000000000000000e+00
4.545495845377445221e-03,3.379356930963695049e-04,1.166139009001199156e-05,0.000000000000000000e+00,0.000000000000000000e+00
4.305111709982156754e-03,3.203144297003746033e-04,1.101967245631385595e-05,0.000000000000000000e+00,0.000000000000000000e+00
3.965507261455059052e-03,2.720238408073782921e-04,1.245268686034251004e-05,0.000000000000000000e+00,0.000000000000000000e+00
4.616245627403259277e-03,3.569323162082582712e-04,1.046922443492803723e-05,0.000000000000000000e+00,0.000000000000000000e+00
4.958293400704860687e-03,3.796539094764739275e-04,1.161754153145011514e-05,0.000000000000000000e+00,0.000000000000000000e+00
4.226247780025005341e-03,3.151910204906016588e-04,1.074337887985166162e-05,0.000000000000000000e+00,0.000000000000000000e+00
5.270454101264476776e-03,4.301072913222014904e-04,9.693811989563982934e-06,0.000000000000000000e+00,0.000000000000000000e+00
3.469647606834769249e-03,2.302012871950864792e-04,1.167634763987734914e-05,0.000000000000000000e+00,0.000000000000000000e+00
4.410757683217525482e-03,3.385579329915344715e-04,1.025178517011227086e-05,0.000000000000000000e+00,0.000000000000000000e+00
3.587059909477829933e-03,2.535957901272922754e-04,1.051102117344271392e-05,0.000000000000000000e+00,0.000000000000000000e+00
4.136695992201566696e-03,3.157413739245384932e-04,9.792820492293685675e-06,0.000000000000000000e+00,0.000000000000000000e+00
4.504809156060218811e-03,3.371115308254957199e-04,1.133693695010151714e-05,0.000000000000000000e+00,0.000000000000000000e+00
4.470949061214923859e-03,3.481630119495093822e-04,9.893190508591942489e-06,0.000000000000000000e+00,0.000000000000000000e+00
5.529726855456829071e-03,4.537845088634639978e-04,9.918819159793201834e-06,0.000000000000000000e+00,0.000000000000000000e+00
3.606265410780906677e-03,2.555392566137015820e-04,1.050872742780484259e-05,0.000000000000000000e+00,0.000000000000000000e+00
4.037795122712850571e-03,2.988296328112483025e-04,1.049498951033456251e-05,0.000000000000000000e+00,0.000000000000000000e+00
3.751569427549839020e-03,2.717113820835947990e-04,1.034455453918781132e-05,0.000000000000000000e+00,0.000000000000000000e+00
4.107074812054634094e-03,3.036869165953248739e-04,1.070205871656071395e-05,0.000000000000000000e+00,0.000000000000000000e+00
4.412491805851459503e-03,3.318251983728259802e-04,1.094239632948301733e-05,0.000000000000000000e+00,0.000000000000000000e+00
4.316186066716909409e-03,3.287101862952113152e-04,1.029084160109050572e-05,0.000000000000000000e+00,0.000000000000000000e+00
5.004898644983768463e-03,3.846490290015935898e-04,1.158408122137188911e-05,0.000000000000000000e+00,0.000000000000000000e+00
4.138914402574300766e-03,3.242633538320660591e-04,8.962808351498097181e-06,0.000000000000000000e+00,0.000000000000000000e+00
4.623712506145238876e-03,3.699065709952265024e-04,9.246467925549950451e-06,0.000000000000000000e+00,0.000000000000000000e+00
5.426031071692705154e-03,4.436697927303612232e-04,9.893332389765419066e-06,0.000000000000000000e+00,0.000000000000000000e+00
4.114912822842597961e-03,2.980276476591825485e-04,1.134636295319069177e-05,0.000000000000000000e+00,0.000000000000000000e+00
4.278835374861955643e-03,3.221397637389600277e-04,1.057437566487351432e-05,0.000000000000000000e+00,0.000000000000000000e+00
4.090432543307542801e-03,2.982232253998517990e-04,1.108200194721575826e-05,0.000000000000000000e+00,0.000000000000000000e+00
3.845651401206851006e-03,3.001345612574368715e-04,8.443058504781220108e-06,0.000000000000000000e+00,0.000000000000000000e+00
3.910303581506013870e-03,2.823761897161602974e-04,1.086541669792495668e-05,0.000000000000000000e+00,0.000000000000000000e+00
4.094329662621021271e-03,3.081001050304621458e-04,1.013328619592357427e-05,0.000000000000000000e+00,0.000000000000000000e+00
4.405987914651632309e-03,3.425374161452054977e-04,9.806136404222343117e-06,0.000000000000000000e+00,0.000000000000000000e+00
5.400801543146371841e-03,4.482971271499991417e-04,9.178298569167964160e-06,0.000000000000000000e+00,0.000000000000000000e+00
4.385347478091716766e-03,3.467694041319191456e-04,9.176535968435928226e-06,0.000000000000000000e+00,0.000000000000000000e+00
3.715711180120706558e-03,2.683075144886970520e-04,1.032636100717354566e-05,0.000000000000000000e+00,0.000000000000000000e+00
5.304837133735418320e-03,4.177028895355761051e-04,1.127808445744449273e-05,0.000000000000000000e+00,0.000000000000000000e+00
4.874213133007287979e-03,3.756908699870109558e-04,1.117304600484203547e-05,0.000000000000000000e+00,0.000000000000000000e+00
4.935136064887046814e-03,3.903797769453376532e-04,1.031338524626335129e-05,0.000000000000000000e+00,0.000000000000000000e+00
3.277845447883009911e-03,2.173890534322708845e-04,1.103954855352640152e-05,0.000000000000000000e+00,0.000000000000000000e+00
3.486671950668096542e-03,2.561332657933235168e-04,9.253393727703951299e-06,0.000000000000000000e+00,0.000000000000000000e+00
4.896715283393859863e-03,3.780325059778988361e-04,1.116390467359451577e-05,0.000000000000000000e+00,0.000000000000000000e+00
4.502748139202594757e-03,3.418772248551249504e-04,1.083975803339853883e-05,0.000000000000000000e+00,0.000000000000000000e+00
4.990094806998968124e-03,3.896209236700087786e-04,1.093885657610371709e-05,0.000000000000000000e+00,0.000000000000000000e+00
4.909692332148551941e-03,3.703823022078722715e-04,1.205869284603977576e-05,0.000000000000000000e+00,0.000000000000000000e+00
3.579825628548860550e-03,2.591900120023638010e-04,9.879257049760781229e-06,0.000000000000000000e+00,0.000000000000000000e+00
4.274856764823198318e-03,3.279790980741381645e-04,9.950657840818166733e-06,0.000000000000000000e+00,0.000000000000000000e+00
3.701856359839439392e-03,2.681645855773240328e-04,1.020210402202792466e-05,0.000000000000000000e+00,0.000000000000000000e+00
4.682338796555995941e-03,3.518883604556322098e-04,1.163454908237326890e-05,0.000000000000000000e+00,0.000000000000000000e+00
4.796112887561321259e-03,3.797579556703567505e-04,9.985335964302066714e-06,0.000000000000000000e+00,0.000000000000000000e+00
3.888423321768641472e-03,2.864288981072604656e-04,1.024134235194651410e-05,0.000000000000000000e+00,0.000000000000000000e+00
3.995438106358051300e-03,2.963887527585029602e-04,1.031550527841318399e-05,0.000000000000000000e+00,0.000000000000000000e+00
4.679285921156406403e-03,3.551880363374948502e-04,1.127405539591563866e-05,0.000000000000000000e+00,0.000000000000000000e+00
3.898924915120005608e-03,2.974605304189026356e-04,9.243196473107673228e-06,0.000000000000000000e+00,0.000000000000000000e+00
3.759362734854221344e-03,2.595127152744680643e-04,1.164235618489328772e-05,0.000000000000000000e+00,0.000000000000000000e+00
4.236212465912103653e-03,3.331465995870530605e-04,9.047463208844419569e-06,0.000000000000000000e+00,0.000000000000000000e+00
4.015062469989061356e-03,2.991905785165727139e-04,1.023156437440775335e-05,0.000000000000000000e+00,0.000000000000000000e+00
4.825825802981853485e-03,3.725994902197271585e-04,1.099831024475861341e-05,0.000000000000000000e+00,0.000000000000000000e+00
3.985784947872161865e-03,2.932059578597545624e-04,1.053725100064184517e-05,0.000000000000000000e+00,0.000000000000000000e+00
4.086725413799285889e-03,3.119474276900291443e-04,9.672513442637864500e-06,0.000000000000000000e+00,0.000000000000000000e+00
4.909549839794635773e-03,3.953509149141609669e-04,9.560406397213228047e-06,0.000000000000000000e+00,0.000000000000000000e+00
3.825038205832242966e-03,2.912222116719931364e-04,9.128160854743327945e-06,0.000000000000000000e+00,0.000000000000000000e+00
5.141617730259895325e-03,4.172431072220206261e-04,9.691863851912785321e-06,0.000000000000000000e+00,0.000000000000000000e+00
4.260516725480556488e-03,3.117567393928766251e-04,1.142949258792214096e-05,0.000000000000000000e+00,0.000000000000000000e+00
4.281648434698581696e-03,3.269920707680284977e-04,1.011727727018296719e-05,0.000000000000000000e+00,0.000000000000000000e+00
4.548114258795976639e-03,3.568382817320525646e-04,9.797313396120443940e-06,0.000000000000000000e+00,0.000000000000000000e+00
4.562235437333583832e-03,3.470073570497334003e-04,1.092162256099982187e-05,0.000000000000000000e+00,0.000000000000000000e+00
4.039363004267215729e-03,3.051561943721026182e-04,9.878012861008755863e-06,0.000000000000000000e+00,0.000000000000000000e+00
3.532949835062026978e-03,2.548380871303379536e-04,9.845689419307745993e-06,0.000000000000000000e+00,0.000000000000000000e+00
4.089095629751682281e-03,3.175895544700324535e-04,9.131999831879511476e-06,0.000000000000000000e+00,0.000000000000000000e+00
5.120504647493362427e-03,4.244630108587443829e-04,8.758745934756007046e-06,0.000000000000000000e+00,0.000000000000000000e+00
4.163190722465515137e-03,3.073387779295444489e-04,1.089803117793053389e-05,0.000000000000000000e+00,0.000000000000000000e+00
5.286939907819032669e-03,4.379855818115174770e-04,9.070838132174685597e-06,0.000000000000000000e+00,0.000000000000000000e+00
3.443410154432058334e-03,2.559920540079474449e-04,8.834895197651349008e-06,0.000000000000000000e+00,0.000000000000000000e+00
4.388245753943920135e-03,3.378401452209800482e-04,1.009844163490924984e-05,0.000000000000000000e+00,0.000000000000000000e+00
4.123738035559654236e-03,3.079861635342240334e-04,1.043876454787096009e-05,0.000000000000000000e+00,0.000000000000000000e+00
4.136353731155395508e-03,3.095793945249170065e-04,1.040559436660259962e-05,0.000000000000000000e+00,0.000000000000000000e+00
4.495583474636077881e-03,3.439448773860931396e-04,1.056134715327061713e-05,0.000000000000000000e+00,0.000000000000000000e+00
3.979756496846675873e-03,2.809333382174372673e-04,1.170423092844430357e-05,0.000000000000000000e+00,0.000000000000000000e+00
5.093940999358892441e-03,4.244941228535026312e-04,8.489998435834422708e-06,0.000000000000000000e+00,0.000000000000000000e+00
5.212147254496812820e-03,4.014080623164772987e-04,1.198067002405878156e-05,0.000000000000000000e+00,0.000000000000000000e+00
4.369628615677356720e-03,3.384106094017624855e-04,9.855226380750536919e-06,0.000000000000000000e+00,0.000000000000000000e+00
4.104169085621833801e-03,3.049675724469125271e-04,1.054493350238772109e-05,0.000000000000000000e+00,0.000000000000000000e+00
4.707239568233489990e-03,3.700100351125001907e-04,1.007139326247852296e-05,0.000000000000000000e+00,0.000000000000000000e+00
4.306227434426546097e-03,3.342978889122605324e-04,9.632484761823434383e-06,0.000000000000000000e+00,0.000000000000000000e+00
3.551952540874481201e-03,2.607990463729947805e-04,9.439620953344274312e-06,0.000000000000000000e+00,0.000000000000000000e+00
4.190091975033283234e-03,3.023395547643303871e-04,1.166696347354445606e-05,0.000000000000000000e+00,0.000000000000000000e+00
3.895610803738236427e-03,3.003506571985781193e-04,8.921043445297982544e-06,0.000000000000000000e+00,0.000000000000000000e+00
3.139914479106664658e-03,2.224794588983058929e-04,9.151197446044534445e-06,0.000000000000000000e+00,0.000000000000000000e+00
4.649516195058822632e-03,3.650531871244311333e-04,9.989846148528158665e-06,0.000000000000000000e+00,0.000000000000000000e+00
5.615783855319023132e-03,4.576540668494999409e-04,1.039243124978384003e-05,0.000000000000000000e+00,0.000000000000000000e+00
3.682038513943552971e-03,2.866802387870848179e-04,8.152363079716451466e-06,0.000000000000000000e+00,0.000000000000000000e+00
4.175875335931777954e-03,3.172344004269689322e-04,1.003531542664859444e-05,0.000000000000000000e+00,0.000000000000000000e+00
4.196930676698684692e-03,3.176140889991074800e-04,1.020789932226762176e-05,0.000000000000000000e+00,0.000000000000000000e+00
3.727238858118653297e-03,2.821987145580351353e-04,9.052519089891575277e-06,0.000000000000000000e+00,0.000000000000000000e+00
4.337636753916740417e-03,3.452329547144472599e-04,8.853072358760982752e-06,0.000000000000000000e+00,0.000000000000000000e+00
3.990546800196170807e-03,2.884189016185700893e-04,1.106357740354724228e-05,0.000000000000000000e+00,0.000000000000000000e+00
4.589813295751810074e-03,3.668313729576766491e-04,9.214993042405694723e-06,0.000000000000000000e+00,0.000000000000000000e+00
4.001561086624860764e-03,3.000989672727882862e-04,1.000571501208469272e-05,0.000000000000000000e+00,0.000000000000000000e+00
3.644889919087290764e-03,2.688040549401193857e-04,9.568493624101392925e-06,0.000000000000000000e+00,0.000000000000000000e+00
4.933756776154041290e-03,3.995711740572005510e-04,9.380450137541629374e-06,0.000000000000000000e+00,0.000000000000000000e+00
3.919722512364387512e-03,2.852775505743920803e-04,1.066947152139618993e-05,0.000000000000000000e+00,0.000000000000000000e+00
2.983858343213796616e-03,2.135604299837723374e-04,8.482538760290481150e-06,0.000000000000000000e+00,0.000000000000000000e+00
3.808720735833048820e-03,2.909702016040682793e-04,8.990187780000269413e-06,0.000000000000000000e+00,0.000000000000000000e+00
3.919825423508882523e-03,2.844250411726534367e-04,1.075574982678517699e-05,0.000000000000000000e+00,0.000000000000000000e+00
4.158197902143001556e-03,3.028428182005882263e-04,1.129769952967762947e-05,0.000000000000000000e+00,0.000000000000000000e+00
3.710719291120767593e-03,2.717941242735832930e-04,9.927778592100366950e-06,0.000000000000000000e+00,0.000000000000000000e+00
4.178679548203945160e-03,3.199797356501221657e-04,9.788820534595288336e-06,0.000000000000000000e+00,0.000000000000000000e+00
3.802892751991748810e-03,2.850363089237362146e-04,9.525298082735389471e-06,0.000000000000000000e+00,0.000000000000000000e+00
4.693510010838508606e-03,3.785560256801545620e-04,9.079494702746160328e-06,0.000000000000000000e+00,0.000000000000000000e+00
3.876965725794434547e-03,2.887955633923411369e-04,9.890100955090019852e-06,0.000000000000000000e+00,0.000000000000000000e+00
4.846244584769010544e-03,3.872758825309574604e-04,9.734858394949696958e-06,0.000000000000000000e+00,0.000000000000000000e+00
4.025723785161972046e-03,3.164609952364116907e-04,8.611141311121173203e-06,0.000000000000000000e+00,0.000000000000000000e+00
4.025881644338369370e-03,3.181869979016482830e-04,8.440116289420984685e-06,0.000000000000000000e+00,0.000000000000000000e+00
4.473359324038028717e-03,3.520727332215756178e-04,9.526321264274884015e-06,0.000000000000000000e+00,0.000000000000000000e+00
4.389033652842044830e-03,3.462788299657404423e-04,9.262452294933609664e-06,0.000000000000000000e+00,0.000000000000000000e+00
4.344652406871318817e-03,3.444959875196218491e-04,8.996923497761599720e-06,0.000000000000000000e+00,0.000000000000000000e+00
4.111796617507934570e-03,3.212754672858864069e-04,8.990421520138625056e-06,0.000000000000000000e+00,0.000000000000000000e+00
4.391927737742662430e-03,3.452256205491721630e-04,9.396715540788136423e-06,0.000000000000000000e+00,0.000000000000000000e+00
5.398616660386323929e-03,4.342085449025034904e-04,1.056531073118094355e-05,0.000000000000000000e+00,0.000000000000000000e+00
3.850970882922410965e-03,2.987947082147002220e-04,8.630237061879597604e-06,0.000000000000000000e+00,0.000000000000000000e+00
4.555316176265478134e-03,3.697595093399286270e-04,8.577211701776832342e-06,0.000000000000000000e+00,0.000000000000000000e+00
3.673377213999629021e-03,2.738100010901689529e-04,9.352772394777275622e-06,0.000000000000000000e+00,0.000000000000000000e+00
4.038886167109012604e-03,2.904769498854875565e-04,1.134116700995946303e-05,0.000000000000000000e+00,0.000000000000000000e+00
4.024995490908622742e-03,3.033011162187904119e-04,9.919842341332696378e-06,0.000000000000000000e+00,0.000000000000000000e+00
4.593670368194580078e-03,3.595537273213267326e-04,9.981329640140756965e-06,0.000000000000000000e+00,0.000000000000000000e+00
4.320527426898479462e-03,3.351127088535577059e-04,9.694005711935460567e-06,0.000000000000000000e+00,0.000000000000000000e+00
4.154818132519721985e-03,3.203335800208151340e-04,9.514823432255070657e-06,0.000000000000000000e+00,0.000000000000000000e+00
4.723344463855028152e-03,3.727669536601752043e-04,9.956749636330641806e-06,0.000000000000000000e+00,0.000000000000000000e+00
4.257082473486661911e-03,3.277063951827585697e-04,9.800185580388642848e-06,0.000000000000000000e+00,0.000000000000000000e+00
4.104392603039741516e-03,3.043040051124989986e-04,1.061352304532192647e-05,0.000000000000000000e+00,0.000000000000000000e+00
3.934837412089109421e-03,2.905618166550993919e-04,1.029219311021734029e-05,0.000000000000000000e+00,0.000000000000000000e+00
4.641244187951087952e-03,3.791547496803104877e-04,8.496967893734108657e-06,0.000000000000000000e+00,0.000000000000000000e+00
3.957657143473625183e-03,3.007176856044679880e-04,9.504805348115041852e-06,0.000000000000000000e+00,0.000000000000000000e+00
3.701074048876762390e-03,2.782761002890765667e-04,9.183127986034378409e-06,0.000000000000000000e+00,0.000000000000000000e+00
4.421746823936700821e-03,3.470783703960478306e-04,9.509632945992052555e-06,0.000000000000000000e+00,0.000000000000000000e+00
4.495997913181781769e-03,3.521703474689275026e-04,9.742945621837861836e-06,0.000000000000000000e+00,0.000000000000000000e+00
4.080438520759344101e-03,3.256746276747435331e-04,8.236922440119087696e-06,0.000000000000000000e+00,0.000000000000000000e+00
3.474773606285452843e-03,2.639550075400620699e-04,8.352235454367473722e-06,0.000000000000000000e+00,0.000000000000000000e+00
3.956375177949666977e-03,3.020523581653833389e-04,9.358516763313673437e-06,0.000000000000000000e+00,0.000000000000000000e+00
4.095668438822031021e-03,3.166165552102029324e-04,9.295028576161712408e-06,0.000000000000000000e+00,0.000000000000000000e+00
4.229376092553138733e-03,3.376383683644235134e-04,8.529922524758148938e-06,0.000000000000000000e+00,0.000000000000000000e+00
3.593617118895053864e-03,2.713343128561973572e-04,8.802740921964868903e-06,0.000000000000000000e+00,0.000000000000000000e+00
3.713030368089675903e-03,2.712697896640747786e-04,1.000332486000843346e-05,0.000000000000000000e+00,0.000000000000000000e+00
4.870854318141937256e-03,3.818988625425845385e-04,1.051865910994820297e-05,0.000000000000000000e+00,0.000000000000000000e+00
4.951352719217538834e-03,3.996200975961983204e-04,9.551518814987502992e-06,0.000000000000000000e+00,0.000000000000000000e+00
3.948154393583536148e-03,3.132602432742714882e-04,8.155519935826305300e-06,0.000000000000000000e+00,0.000000000000000000e+00
5.148563068360090256e-03,4.147262370679527521e-04,1.001300915959291160e-05,0.000000000000000000e+00,0.000000000000000000e+00
4.120828118175268173e-03,3.154375881422311068e-04,9.664521712693385780e-06,0.000000000000000000e+00,0.000000000000000000e+00
4.155638627707958221e-03,3.276244970038533211e-04,8.793937013251706958e-06,0.000000000000000000e+00,0.000000000000000000e+00
3.419739427044987679e-03,2.530738711357116699e-04,8.890007848094683141e-06,0.000000000000000000e+00,0.000000000000000000e+00
3.407131880521774292e-03,2.281623310409486294e-04,1.125508333643665537e-05,0.000000000000000000e+00,0.000000000000000000e+00
4.124933853745460510e-03,3.254656621720641851e-04,8.702771992830093950e-06,0.000000000000000000e+00,0.000000000000000000e+00
5.437819752842187881e-03,4.445572267286479473e-04,9.922472600010223687e-06,0.000000000000000000e+00,0.000000000000000000e+00
3.791136667132377625e-03,2.942970022559165955e-04,8.481667464366182685e-06,0.000000000000000000e+00,0.000000000000000000e+00
4.830343183130025864e-03,3.742851549759507179e-04,1.087491637008497491e-05,0.000000000000000000e+00,0.000000000000000000e+00
5.025804508477449417e-03,4.080636426806449890e-04,9.451679943595081568e-06,0.000000000000000000e+00,0.000000000000000000e+00
3.791704773902893066e-03,2.765935205388814211e-04,1.025769597617909312e-05,0.000000000000000000e+00,0.000000000000000000e+00
4.051692783832550049e-03,3.161410277243703604e-04,8.902823537937365472e-06,0.000000000000000000e+00,0.000000000000000000e+00
3.999950829893350601e-03,3.093192353844642639e-04,9.067586688615847379e-06,0.000000000000000000e+00,0.000000000000000000e+00
3.405770054087042809e-03,2.421672979835420847e-04,9.840971870289649814e-06,0.000000000000000000e+00,0.000000000000000000e+00
3.622000571340322495e-03,2.681759069673717022e-04,9.402414434589445591e-06,0.000000000000000000e+00,0.000000000000000000e+00
4.069115035235881805e-03,3.283206606283783913e-04,7.859084689698647708e-06,0.000000000000000000e+00,0.000000000000000000e+00
4.068153910338878632e-03,3.137493622489273548e-04,9.306602805736474693e-06,0.000000000000000000e+00,0.000000000000000000e+00
4.793322179466485977e-03,3.817603574134409428e-04,9.757186489878222346e-06,0.000000000000000000e+00,0.000000000000000000e+00
4.111655987799167633e-03,3.038865106645971537e-04,1.072790655598510057e-05,0.000000000000000000e+00,0.000000000000000000e+00
4.075530916452407837e-03,3.157886676490306854e-04,9.176444109471049160e-06,0.000000000000000000e+00,0.000000000000000000e+00
3.729676594957709312e-03,2.750109706539660692e-04,9.795669029699638486e-06,0.000000000000000000e+00,0.000000000000000000e+00
4.059008322656154633e-03,3.084634663537144661e-04,9.743738701217807829e-06,0.000000000000000000e+00,0.000000000000000000e+00
3.769471310079097748e-03,2.695787115953862667e-04,1.073683961294591427e-05,0.000000000000000000e+00,0.000000000000000000e+00
3.934805281460285187e-03,2.920819097198545933e-04,1.013986548059619963e-05,0.000000000000000000e+00,0.000000000000000000e+00
4.272862337529659271e-03,3.382610157132148743e-04,8.902523404685780406e-06,0.000000000000000000e+00,0.000000000000000000e+00
4.703732673078775406e-03,3.766878508031368256e-04,9.368543032906018198e-06,0.000000000000000000e+00,0.000000000000000000e+00
4.168085753917694092e-03,3.201697254553437233e-04,9.663885975896846503e-06,0.000000000000000000e+00,0.000000000000000000e+00
5.381590221077203751e-03,4.308343341108411551e-04,1.073246676241979003e-05,0.000000000000000000e+00,0.000000000000000000e+00
4.492742940783500671e-03,3.533510025590658188e-04,9.592327842256054282e-06,0.000000000000000000e+00,0.000000000000000000e+00
4.479916300624608994e-03,3.505780478008091450e-04,9.741357644088566303e-06,0.000000000000000000e+00,0.000000000000000000e+00
4.140854347497224808e-03,3.186216927133500576e-04,9.546374712954275310e-06,0.000000000000000000e+00,0.000000000000000000e+00
3.988415002822875977e-03,3.204297681804746389e-04,7.841172191547229886e-06,0.000000000000000000e+00,0.000000000000000000e+00
4.319962579756975174e-03,3.306143335066735744e-04,1.013819019135553390e-05,0.000000000000000000e+00,0.000000000000000000e+00
4.145577084273099899e-03,3.257841453887522221e-04,8.877356776793021709e-06,0.000000000000000000e+00,0.000000000000000000e+00
3.744200104847550392e-03,2.882915432564914227e-04,8.612845704192295671e-06,0.000000000000000000e+00,0.000000000000000000e+00
4.058104008436203003e-03,3.063888580072671175e-04,9.942157703335396945e-06,0.000000000000000000e+00,0.000000000000000000e+00
4.835084546357393265e-03,3.712233738042414188e-04,1.122850972024025396e-05,0.000000000000000000e+00,0.000000000000000000e+00
3.262317506596446037e-03,2.515979867894202471e-04,7.463377642125124112e-06,0.000000000000000000e+00,0.000000000000000000e+00
3.850037930533289909e-03,2.855189086403697729e-04,9.948487786459736526e-06,0.000000000000000000e+00,0.000000000000000000e+00
4.458009265363216400e-03,3.670205478556454182e-04,7.878036740294191986e-06,0.000000000000000000e+00,0.000000000000000000e+00
4.350725095719099045e-03,3.445172333158552647e-04,9.055529517354443669e-06,0.000000000000000000e+00,0.000000000000000000e+00
4.612480290234088898e-03,3.710366727318614721e-04,9.021134246722795069e-06,0.000000000000000000e+00,0.000000000000000000e+00
4.415381234139204025e-03,3.543808124959468842e-04,8.715730473340954632e-06,0.000000000000000000e+00,0.000000000000000000e+00
3.607650287449359894e-03,2.664505445864051580e-04,9.431447324459441006e-06,0.000000000000000000e+00,0.000000000000000000e+00
3.725414164364337921e-03,2.902629203163087368e-04,8.227847501984797418e-06,0.000000000000000000e+00,0.000000000000000000e+00
4.340312443673610687e-03,3.315291251055896282e-04,1.025021265377290547e-05,0.000000000000000000e+00,0.000000000000000000e+00
4.398096352815628052e-03,3.443926980253309011e-04,9.541694453218951821e-06,0.000000000000000000e+00,0.000000000000000000e+00
3.672207240015268326e-03,2.789117861539125443e-04,8.830895239952951670e-06,0.000000000000000000e+00,0.000000000000000000e+00
4.063506145030260086e-03,3.215009346604347229e-04,8.484969839628320187e-06,0.000000000000000000e+00,0.000000000000000000e+00
4.482076037675142288e-03,3.513735719025135040e-04,9.683403732196893543e-06,0.000000000000000000e+00,0.000000000000000000e+00
3.911533858627080917e-03,3.037260321434587240e-04,8.742736099520698190e-06,0.000000000000000000e+00,0.000000000000000000e+00
3.991830162703990936e-03,3.209135029464960098e-04,7.826951332390308380e-06,0.000000000000000000e+00,0.000000000000000000e+00
4.184089601039886475e-03,3.293483168818056583e-04,8.906066796043887734e-06,0.000000000000000000e+00,0.000000000000000000e+00
5.804720800369977951e-03,4.883978981524705887e-04,9.207416951539926231e-06,0.000000000000000000e+00,0.000000000000000000e+00
3.757411148399114609e-03,2.745236852206289768e-04,1.012174379866337404e-05,0.000000000000000000e+00,0.000000000000000000e+00
4.759209696203470230e-03,3.807525790762156248e-04,9.516837963019497693e-06,0.000000000000000000e+00,0.000000000000000000e+00
4.707505460828542709e-03,3.874651156365871429e-04,8.328544026880990714e-06,0.000000000000000000e+00,0.000000000000000000e+00
3.427691059187054634e-03,2.620729792397469282e-04,8.069611794780939817e-06,0.000000000000000000e+00,0.000000000000000000e+00
4.003255628049373627e-03,3.051070380024611950e-04,9.521849278826266527e-06,0.000000000000000000e+00,0.000000000000000000e+00
3.978346008807420731e-03,3.070603706873953342e-04,9.077424692804925144e-06,0.000000000000000000e+00,0.000000000000000000e+00
3.141862340271472931e-03,2.241586771560832858e-04,9.002754268294665962e-06,0.000000000000000000e+00,0.000000000000000000e+00
5.354002583771944046e-03,4.532794700935482979e-04,8.212081411329563707e-06,0.000000000000000000e+00,0.000000000000000000e+00
5.012494511902332306e-03,4.239017725922167301e-04,7.734768587397411466e-06,0.000000000000000000e+00,0.000000000000000000e+00
6.405634805560112000e-03,5.422661779448390007e-04,9.829729606281034648e-06,0.000000000000000000e+00,0.000000000000000000e+00
4.565601702779531479e-03,3.622048534452915192e-04,9.435532774659805000e-06,0.000000000000000000e+00,0.000000000000000000e+00
3.863781690597534180e-03,3.002241137437522411e-04,8.615405022283084691e-06,0.000000000000000000e+00,0.000000000000000000e+00
3.801274811848998070e-03,2.958468394353985786e-04,8.428063665633089840e-06,0.000000000000000000e+00,0.000000000000000000e+00
4.096635617315769196e-03,3.192510921508073807e-04,9.041244993568398058e-06,0.000000000000000000e+00,0.000000000000000000e+00
3.997841384261846542e-03,2.991014334838837385e-04,1.006827096716733649e-05,0.000000000000000000e+00,0.000000000000000000e+00
4.367036744952201843e-03,3.374214866198599339e-04,9.928220606525428593e-06,0.000000000000000000e+00,0.000000000000000000e+00
4.322277382016181946e-03,3.430119832046329975e-04,8.921574590203817934e-06,0.000000000000000000e+00,0.000000000000000000e+00
4.551389254629611969e-03,3.517296863719820976e-04,1.034092565532773733e-05,0.000000000000000000e+00,0.000000000000000000e+00
4.179513547569513321e-03,3.258912765886634588e-04,9.206007234752178192e-06,0.000000000000000000e+00,0.000000000000000000e+00
5.352330859750509262e-03,4.441235796548426151e-04,9.110952305491082370e-06,0.000000000000000000e+00,0.000000000000000000e+00
4.725347273051738739e-03,3.659602080006152391e-04,1.065745345840696245e-05,0.000000000000000000e+00,0.000000000000000000e+00
3.648158628493547440e-03,2.768346748780459166e-04,8.798118869890458882e-06,0.000000000000000000e+00,0.000000000000000000e+00
4.892900120466947556e-03,3.884754842147231102e-04,1.008145227388013154e-05,0.000000000000000000e+00,0.000000000000000000e+00
5.200107116252183914e-03,4.287274787202477455e-04,9.128323654294945300e-06,0.000000000000000000e+00,0.000000000000000000e+00
3.883521538227796555e-03,2.824038965627551079e-04,1.059482656273758039e-05,0.000000000000000000e+00,0.000000000000000000e+00
3.514785086736083031e-03,2.634851261973381042e-04,8.799337592790834606e-06,0.000000000000000000e+00,0.000000000000000000e+00
5.037447437644004822e-03,4.064645036123692989e-04,9.728025361255276948e-06,0.000000000000000000e+00,0.000000000000000000e+00
3.898266004398465157e-03,3.029271902050822973e-04,8.689939932082779706e-06,0.000000000000000000e+00,0.000000000000000000e+00
4.106500651687383652e-03,3.280559903942048550e-04,8.259407877631019801e-06,0.000000000000000000e+00,0.000000000000000000e+00
3.789287526160478592e-03,2.948521869257092476e-04,8.407657333009410650e-06,0.000000000000000000e+00,0.000000000000000000e+00
4.112438298761844635e-03,3.180019266437739134e-04,9.324190614279359579e-06,0.000000000000000000e+00,0.000000000000000000e+00
4.106302279978990555e-03,3.271440509706735611e-04,8.348619303433224559e-06,0.000000000000000000e+00,0.000000000000000000e+00
4.453332629054784775e-03,3.470631781965494156e-04,9.827008398133330047e-06,0.000000000000000000e+00,0.000000000000000000e+00
3.780035767704248428e-03,2.882570552174001932e-04,8.974651791504584253e-06,0.000000000000000000e+00,0.000000000000000000e+00
4.624309949576854706e-03,3.773178032133728266e-04,8.511320629622787237e-06,0.000000000000000000e+00,0.000000000000000000e+00
4.264990799129009247e-03,3.428650088608264923e-04,8.363405868294648826e-06,0.000000000000000000e+00,0.000000000000000000e+00
3.894638735800981522e-03,2.987053594551980495e-04,9.075849447981454432e-06,0.000000000000000000e+00,0.000000000000000000e+00
3.657106310129165649e-03,2.769790007732808590e-04,8.873163096723146737e-06,0.000000000000000000e+00,0.000000000000000000e+00
3.720522392541170120e-03,2.769073471426963806e-04,9.514489647699519992e-06,0.000000000000000000e+00,0.000000000000000000e+00
3.922152798622846603e-03,2.979508717544376850e-04,9.426440556126181036e-06,0.000000000000000000e+00,0.000000000000000000e+00
3.723278641700744629e-03,2.852908801287412643e-04,8.703698767931200564e-06,0.000000000000000000e+00,0.000000000000000000e+00
3.817867487668991089e-03,2.974015951622277498e-04,8.438516488240566105e-06,0.000000000000000000e+00,0.000000000000000000e+00
3.388187848031520844e-03,2.447043661959469318e-04,9.411443897988647223e-06,0.000000000000000000e+00,0.000000000000000000e+00
3.059990704059600830e-03,2.245994110126048326e-04,8.139966666931286454e-06,0.000000000000000000e+00,0.000000000000000000e+00
4.338864702731370926e-03,3.471287200227379799e-04,8.675775461597368121e-06,0.000000000000000000e+00,0.000000000000000000e+00
3.935467451810836792e-03,2.878119703382253647e-04,1.057347617461346090e-05,0.000000000000000000e+00,0.000000000000000000e+00
3.972083330154418945e-03,3.079061862081289291e-04,8.930216608860064298e-06,0.000000000000000000e+00,0.000000000000000000e+00
4.074293188750743866e-03,3.088212106376886368e-04,9.860812497208826244e-06,0.000000000000000000e+00,0.000000000000000000e+00
3.431934863328933716e-03,2.346956607652828097e-04,1.084978157450677827e-05,0.000000000000000000e+00,0.000000000000000000e+00
3.694198792800307274e-03,2.864743582904338837e-04,8.294551662402227521e-06,0.000000000000000000e+00,0.000000000000000000e+00
4.559352062642574310e-03,3.690496960189193487e-04,8.688548405189067125e-06,0.000000000000000000e+00,0.000000000000000000e+00
3.498721867799758911e-03,2.603062021080404520e-04,8.956598321674391627e-06,0.000000000000000000e+00,0.000000000000000000e+00
4.063642583787441254e-03,3.215666511096060276e-04,8.479763891955371946e-06,0.000000000000000000e+00,0.000000000000000000e+00
3.965813666582107544e-03,3.097480512224137783e-04,8.683332453074399382e-06,0.000000000000000000e+00,0.000000000000000000e+00
3.890434280037879944e-03,3.051563107874244452e-04,8.388710739382077008e-06,0.000000000000000000e+00,0.000000000000000000e+00
4.149463959038257599e-03,3.161535132676362991e-04,9.879286153591237962e-06,0.000000000000000000e+00,0.000000000000000000e+00
3.857575822621583939e-03,3.071968385484069586e-04,7.856073352741077542e-06,0.000000000000000000e+00,0.000000000000000000e+00
3.355205990374088287e-03,2.578629646450281143e-04,7.765762347844429314e-06,0.000000000000000000e+00,0.000000000000000000e+00
3.908720798790454865e-03,3.015467082150280476e-04,8.932540367823094130e-06,0.000000000000000000e+00,0.000000000000000000e+00
3.831912064924836159e-03,2.934916992671787739e-04,8.969951522885821760e-06,0.000000000000000000e+00,0.000000000000000000e+00
4.465848673135042191e-03,3.639773058239370584e-04,8.260756658273749053e-06,0.000000000000000000e+00,0.000000000000000000e+00
5.223157815635204315e-03,4.241916467435657978e-04,9.812416465138085186e-06,0.000000000000000000e+00,0.000000000000000000e+00
3.914854954928159714e-03,3.054287517443299294e-04,8.605673428974114358e-06,0.000000000000000000e+00,0.000000000000000000e+00
3.672465914860367775e-03,2.776780747808516026e-04,8.956852070696186274e-06,0.000000000000000000e+00,0.000000000000000000e+00
3.994062542915344238e-03,3.113519633188843727e-04,8.805428478808607906e-06,0.000000000000000000e+00,0.000000000000000000e+00
4.393264651298522949e-03,3.408819902688264847e-04,9.844447049545124173e-06,0.000000000000000000e+00,0.000000000000000000e+00
4.110428504645824432e-03,3.009447245858609676e-04,1.100980898627312854e-05,0.000000000000000000e+00,0.000000000000000000e+00
4.382138140499591827e-03,3.533876733854413033e-04,8.482611519866622984e-06,0.000000000000000000e+00,0.000000000000000000e+00
3.588311607018113136e-03,2.726703532971441746e-04,8.616081686341203749e-06,0.000000000000000000e+00,0.000000000000000000e+00
4.176195710897445679e-03,3.344353171996772289e-04,8.318425898323766887e-06,0.000000000000000000e+00,0.000000000000000000e+00
3.815544070675969124e-03,2.993791131302714348e-04,8.217530194087885320e-06,0.000000000000000000e+00,0.000000000000000000e+00
3.342801705002784729e-03,2.443914418108761311e-04,8.988872650661505759e-06,0.000000000000000000e+00,0.000000000000000000e+00
4.081422463059425354e-03,3.187267866451293230e-04,8.941544365370646119e-06,0.000000000000000000e+00,0.000000000000000000e+00
3.645918332040309906e-03,2.792984014376997948e-04,8.529343176633119583e-06,0.000000000000000000e+00,0.000000000000000000e+00
3.826027270406484604e-03,3.012334927916526794e-04,8.136923497659154236e-06,0.000000000000000000e+00,0.000000000000000000e+00
3.627282101660966873e-03,2.818474313244223595e-04,8.088077265711035579e-06,0.000000000000000000e+00,0.000000000000000000e+00
4.099760204553604126e-03,3.277447540313005447e-04,8.223125405493192375e-06,0.000000000000000000e+00,0.000000000000000000e+00
4.078156314790248871e-03,3.174315788783133030e-04,9.038407370098866522e-06,0.000000000000000000e+00,0.000000000000000000e+00
2.847228664904832840e-03,1.962736714631319046e-04,8.844919648254290223e-06,0.000000000000000000e+00,0.000000000000000000e+00
4.057088866829872131e-03,3.190243151038885117e-04,8.668455848237499595e-06,0.000000000000000000e+00,0.000000000000000000e+00
4.425428807735443115e-03,3.634446766227483749e-04,7.909822670626454055e-06,0.000000000000000000e+00,0.000000000000000000e+00
4.024285823106765747e-03,3.153576399199664593e-04,8.707093911652918905e-06,0.000000000000000000e+00,0.000000000000000000e+00
3.966471645981073380e-03,3.076976281590759754e-04,8.894953680282924324e-06,0.000000000000000000e+00,0.000000000000000000e+00
4.713821690529584885e-03,3.724753623828291893e-04,9.890682122204452753e-06,0.000000000000000000e+00,0.000000000000000000e+00
4.442044533789157867e-03,3.567385720089077950e-04,8.746585990593302995e-06,0.000000000000000000e+00,0.000000000000000000e+00
4.237056709825992584e-03,3.346236189827322960e-04,8.908204108593054116e-06,0.000000000000000000e+00,0.000000000000000000e+00
3.316649002954363823e-03,2.404279657639563084e-04,9.123695235757622868e-06,0.000000000000000000e+00,0.000000000000000000e+00
4.963526036590337753e-03,4.088525602128356695e-04,8.750002052693162113e-06,0.000000000000000000e+00,0.000000000000000000e+00
3.993820399045944214e-03,3.198223421350121498e-04,7.955968612805008888e-06,0.000000000000000000e+00,0.000000000000000000e+00
3.406137460842728615e-03,2.531731443013995886e-04,8.744060323806479573e-06,0.000000000000000000e+00,0.000000000000000000e+00
3.358555026352405548e-03,2.537085674703121185e-04,8.214694389607757330e-06,0.000000000000000000e+00,0.000000000000000000e+00
5.043437238782644272e-03,4.300807195249944925e-04,7.426299816870596260e-06,0.000000000000000000e+00,0.000000000000000000e+00
4.712146241217851639e-03,3.854184760712087154e-04,8.579611858294811100e-06,0.000000000000000000e+00,0.000000000000000000e+00
4.572989419102668762e-03,3.876538248732686043e-04,6.964512067497707903e-06,0.000000000000000000e+00,0.000000000000000000e+00
3.980416804552078247e-03,3.111162804998457432e-04,8.692541086929850280e-06,0.000000000000000000e+00,0.000000000000000000e+00
4.005835391581058502e-03,2.937826793640851974e-04,1.068008350557647645e-05,0.000000000000000000e+00,0.000000000000000000e+00
4.118443001061677933e-03,3.237104974687099457e-04,8.813382009975612164e-06,0.000000000000000000e+00,0.000000000000000000e+00
4.119352437555789948e-03,3.195905883330851793e-04,9.234463504981249571e-06,0.000000000000000000e+00,0.000000000000000000e+00
3.809759626165032387e-03,2.948608598671853542e-04,8.611509656475391239e-06,0.000000000000000000e+00,0.000000000000000000e+00
4.037940409034490585e-03,3.242988022975623608e-04,7.949523023853544146e-06,0.000000000000000000e+00,0.000000000000000000e+00
5.156107246875762939e-03,4.257965483702719212e-04,8.981418432085774839e-06,0.000000000000000000e+00,0.000000000000000000e+00
3.482473315671086311e-03,2.595825353637337685e-04,8.866480129654519260e-06,0.000000000000000000e+00,0.000000000000000000e+00
5.110292695462703705e-03,4.204162396490573883e-04,9.061301170731894672e-06,0.000000000000000000e+00,0.000000000000000000e+00
3.810917260125279427e-03,3.064610064029693604e-04,7.463071597157977521e-06,0.000000000000000000e+00,0.000000000000000000e+00
3.912864252924919128e-03,3.051069215871393681e-04,8.617950697953347117e-06,0.000000000000000000e+00,0.000000000000000000e+00
4.100443795323371887e-03,3.349541220813989639e-04,7.509027909691212699e-06,0.000000000000000000e+00,0.000000000000000000e+00
3.935578744858503342e-03,3.077019064221531153e-04,8.585595423937775195e-06,0.000000000000000000e+00,0.000000000000000000e+00
4.310414195060729980e-03,3.437779669184237719e-04,8.726343367015942931e-06,0.000000000000000000e+00,0.000000000000000000e+00
4.445503931492567062e-03,3.427796764299273491e-04,1.017707108985632658e-05,0.000000000000000000e+00,0.000000000000000000e+00
4.418686963617801666e-03,3.543232451193034649e-04,8.754541340749710798e-06,0.000000000000000000e+00,0.000000000000000000e+00
4.386524204164743423e-03,3.545581712387502193e-04,8.409424481214955449e-06,0.000000000000000000e+00,0.000000000000000000e+00
3.910811617970466614e-03,2.957266406156122684e-04,9.535450772091280669e-06,0.000000000000000000e+00,0.000000000000000000e+00
3.694839309900999069e-03,2.840303350239992142e-04,8.545358468836639076e-06,0.000000000000000000e+00,0.000000000000000000e+00
3.765817731618881226e-03,2.816550841089338064e-04,9.492669050814583898e-06,0.000000000000000000e+00,0.000000000000000000e+00
3.906690515577793121e-03,2.941163547802716494e-04,9.655270332586951554e-06,0.000000000000000000e+00,0.000000000000000000e+00
4.606132395565509796e-03,3.816222015302628279e-04,7.899103366071358323e-06,0.000000000000000000e+00,0.000000000000000000e+00
4.103082232177257538e-03,3.237557830289006233e-04,8.655242709210142493e-06,0.000000000000000000e+00,0.000000000000000000e+00
3.186040557920932770e-03,2.374632167629897594e-04,8.114082447718828917e-06,0.000000000000000000e+00,0.000000000000000000e+00
3.507659304887056351e-03,2.701314515434205532e-04,8.063446330197621137e-06,0.000000000000000000e+00,0.000000000000000000e+00
4.193427972495555878e-03,3.469140501692891121e-04,7.242872925417032093e-06,0.000000000000000000e+00,0.000000000000000000e+00
3.523009130731225014e-03,2.613524557091295719e-04,9.094846973312087357e-06,0.000000000000000000e+00,0.000000000000000000e+00
3.964323084801435471e-03,3.129801480099558830e-04,8.345215064764488488e-06,0.000000000000000000e+00,0.000000000000000000e+00
3.681584727019071579e-03,2.903969725593924522e-04,7.776149686833377928e-06,0.000000000000000000e+00,0.000000000000000000e+00
4.262037575244903564e-03,3.426462062634527683e-04,8.355754289368633181e-06,0.000000000000000000e+00,0.000000000000000000e+00
4.094220697879791260e-03,3.241987433284521103e-04,8.522332791471853852e-06,0.000000000000000000e+00,0.000000000000000000e+00
3.971889615058898926e-03,3.131132398266345263e-04,8.407571840507443994e-06,0.000000000000000000e+00,0.000000000000000000e+00
3.714406862854957581e-03,2.874665078707039356e-04,8.397419151151552796e-06,0.000000000000000000e+00,0.000000000000000000e+00
3.409135621041059494e-03,2.505106967873871326e-04,9.040288205142132938e-06,0.000000000000000000e+00,0.000000000000000000e+00
3.868540981784462929e-03,3.049633523914963007e-04,8.189074833353515714e-06,0.000000000000000000e+00,0.000000000000000000e+00
4.092098213732242584e-03,3.300627577118575573e-04,7.914703019196167588e-06,0.000000000000000000e+00,0.000000000000000000e+00
3.571596462279558182e-03,2.746797981671988964e-04,8.247982805187348276e-06,0.000000000000000000e+00,0.000000000000000000e+00
5.418844055384397507e-03,4.541767993941903114e-04,8.770763997745234519e-06,0.000000000000000000e+00,0.000000000000000000e+00
4.349082708358764648e-03,3.426242328714579344e-04,9.228404451278038323e-06,0.000000000000000000e+00,0.000000000000000000e+00
4.110752604901790619e-03,3.339612449053674936e-04,7.711400030530057847e-06,0.000000000000000000e+00,0.000000000000000000e+00
3.989258781075477600e-03,3.116760635748505592e-04,8.724980034457985312e-06,0.000000000000000000e+00,0.000000000000000000e+00
4.049769137054681778e-03,3.173912700731307268e-04,8.758564945310354233e-06,0.000000000000000000e+00,0.000000000000000000e+00
4.034792538732290268e-03,3.294672933407127857e-04,7.401199127343716100e-06,0.000000000000000000e+00,0.000000000000000000e+00
3.524153959006071091e-03,2.570015494711697102e-04,9.541385225020349026e-06,0.000000000000000000e+00,0.000000000000000000e+00
4.247806500643491745e-03,3.423950402066111565e-04,8.238562259066384286e-06,0.000000000000000000e+00,0.000000000000000000e+00
3.582293167710304260e-03,2.784394018817692995e-04,7.978993380675092340e-06,0.000000000000000000e+00,0.000000000000000000e+00
3.476049751043319702e-03,2.598091668915003538e-04,8.779579729889519513e-06,0.000000000000000000e+00,0.000000000000000000e+00
4.569989163428544998e-03,3.618458285927772522e-04,9.515310011920519173e-06,0.000000000000000000e+00,0.000000000000000000e+00
3.341675968840718269e-03,2.488235477358102798e-04,8.534404514648485929e-06,0.000000000000000000e+00,0.000000000000000000e+00
3.392260288819670677e-03,2.502859570086002350e-04,8.894006896298378706e-06,0.000000000000000000e+00,0.000000000000000000e+00
3.407544223591685295e-03,2.614172408357262611e-04,7.933718734420835972e-06,0.000000000000000000e+00,0.000000000000000000e+00
4.522346425801515579e-03,3.683401737362146378e-04,8.389446520595811307e-06,0.000000000000000000e+00,0.000000000000000000e+00
3.886649152263998985e-03,2.916724479291588068e-04,9.699247129901777953e-06,0.000000000000000000e+00,0.000000000000000000e+00
4.342681262642145157e-03,3.393216757103800774e-04,9.494644473306834698e-06,0.000000000000000000e+00,0.000000000000000000e+00
3.859840799123048782e-03,3.039368311874568462e-04,8.204724508686922491e-06,0.000000000000000000e+00,0.000000000000000000e+00
3.863397985696792603e-03,3.064916527364403009e-04,7.984815965755842626e-06,0.000000000000000000e+00,0.000000000000000000e+00
3.555943258106708527e-03,2.638425212353467941e-04,9.175180821330286562e-06,0.000000000000000000e+00,0.000000000000000000e+00
3.235598560422658920e-03,2.388725988566875458e-04,8.468725354759953916e-06,0.000000000000000000e+00,0.000000000000000000e+00
3.621476469561457634e-03,2.802596718538552523e-04,8.188797437469474971e-06,0.000000000000000000e+00,0.000000000000000000e+00
3.796061500906944275e-03,2.794848405756056309e-04,1.001213149720570073e-05,0.000000000000000000e+00,0.000000000000000000e+00
3.546271473169326782e-03,2.740278141573071480e-04,8.059932952164672315e-06,0.000000000000000000e+00,0.000000000000000000e+00
4.268459044396877289e-03,3.437529958318918943e-04,8.309292752528563142e-06,0.000000000000000000e+00,0.000000000000000000e+00
3.746082074940204620e-03,2.917309466283768415e-04,8.287725904665421695e-06,0.000000000000000000e+00,0.000000000000000000e+00
4.399865865707397461e-03,3.639526257757097483e-04,7.603395260957768187e-06,0.000000000000000000e+00,0.000000000000000000e+00
3.842829959467053413e-03,2.915156655944883823e-04,9.276734999730251729e-06,0.000000000000000000e+00,0.000000000000000000e+00
3.814644878730177879e-03,3.013547393493354321e-04,8.010973942873533815e-06,0.000000000000000000e+00,0.000000000000000000e+00
3.954763058573007584e-03,2.999037969857454300e-04,9.557251360092777759e-06,0.000000000000000000e+00,0.000000000000000000e+00
4.832376725971698761e-03,3.921324969269335270e-04,9.110517567023634911e-06,0.000000000000000000e+00,0.000000000000000000e+00
4.115939140319824219e-03,3.274790360592305660e-04,8.411489034187979996e-06,0.000000000000000000e+00,0.000000000000000000e+00
3.087095450609922409e-03,2.330328861717134714e-04,7.567667125840671360e-06,0.000000000000000000e+00,0.000000000000000000e+00
3.795410040766000748e-03,2.906552981585264206e-04,8.888571755960583687e-06,0.000000000000000000e+00,0.000000000000000000e+00
4.732464440166950226e-03,3.812373906839638948e-04,9.200906788464635611e-06,0.000000000000000000e+00,0.000000000000000000e+00
3.399525769054889679e-03,2.594411198515444994e-04,8.051147233345545828e-06,0.000000000000000000e+00,0.000000000000000000e+00
3.213990014046430588e-03,2.404464758001267910e-04,8.095250450423918664e-06,0.000000000000000000e+00,0.000000000000000000e+00
2.868117997422814369e-03,2.146361512131989002e-04,7.217566690087551251e-06,0.000000000000000000e+00,0.000000000000000000e+00
3.414445091038942337e-03,2.575792022980749607e-04,8.386532499571330845e-06,0.000000000000000000e+00,0.000000000000000000e+00
3.295407397672533989e-03,2.483361458871513605e-04,8.120459824567660689e-06,0.000000000000000000e+00,0.000000000000000000e+00
4.631817806512117386e-03,3.682398237287998199e-04,9.494195182924158871e-06,0.000000000000000000e+00,0.000000000000000000e+00
3.657025983557105064e-03,2.933501382358372211e-04,7.235246812342666090e-06,0.000000000000000000e+00,0.000000000000000000e+00
4.183869343250989914e-03,3.380274865776300430e-04,8.035945938900113106e-06,0.000000000000000000e+00,0.000000000000000000e+00
3.601702395826578140e-03,2.795344626065343618e-04,8.063576387939974666e-06,0.000000000000000000e+00,0.000000000000000000e+00
3.564978949725627899e-03,2.722920617088675499e-04,8.420583981205709279e-06,0.000000000000000000e+00,0.000000000000000000e+00
3.102597547695040703e-03,2.360191865591332316e-04,7.424057002936024219e-06,0.000000000000000000e+00,0.000000000000000000e+00
4.236507695168256760e-03,3.452129894867539406e-04,7.843776984373107553e-06,0.000000000000000000e+00,0.000000000000000000e+00
4.144894890487194061e-03,3.330195322632789612e-04,8.146993422997184098e-06,0.000000000000000000e+00,0.000000000000000000e+00
6.070911884307861328e-03,5.205389461480081081e-04,8.655220881337299943e-06,0.000000000000000000e+00,0.000000000000000000e+00
4.684955812990665436e-03,3.799365076702088118e-04,8.855908163241110742e-06,0.000000000000000000e+00,0.000000000000000000e+00
3.506843931972980499e-03,2.726453822106122971e-04,7.803901098668575287e-06,0.000000000000000000e+00,0.000000000000000000e+00
3.540218109264969826e-03,2.785850665532052517e-04,7.543673746113199741e-06,0.000000000000000000e+00,0.000000000000000000e+00
3.354561747983098030e-03,2.593229000922292471e-04,7.613327397848479450e-06,0.000000000000000000e+00,0.000000000000000000e+00
4.753347486257553101e-03,3.843284794129431248e-04,9.100625902647152543e-06,0.000000000000000000e+00,0.000000000000000000e+00
3.816932905465364456e-03,2.829149016179144382e-04,9.877840057015419006e-06,0.000000000000000000e+00,0.000000000000000000e+00
3.529650857672095299e-03,2.726339735090732574e-04,8.033111043914686888e-06,0.000000000000000000e+00,0.000000000000000000e+00
3.601664444431662560e-03,2.804734976962208748e-04,7.969294529175385833e-06,0.000000000000000000e+00,0.000000000000000000e+00
3.812458831816911697e-03,2.980939461849629879e-04,8.315191735164262354e-06,0.000000000000000000e+00,0.000000000000000000e+00
3.937232308089733124e-03,3.041484160348773003e-04,8.957482350524514914e-06,0.000000000000000000e+00,0.000000000000000000e+00
3.054451197385787964e-03,2.266011142637580633e-04,7.884398655733093619e-06,0.000000000000000000e+00,0.000000000000000000e+00
3.648382145911455154e-03,2.656983851920813322e-04,9.913982466969173402e-06,0.000000000000000000e+00,0.000000000000000000e+00
3.726383671164512634e-03,2.833477919921278954e-04,8.929057003115303814e-06,0.000000000000000000e+00,0.000000000000000000e+00
3.369639627635478973e-03,2.409136941423639655e-04,9.605028026271611452e-06,0.000000000000000000e+00,0.000000000000000000e+00
4.624994471669197083e-03,3.712352772708982229e-04,9.126417353400029242e-06,0.000000000000000000e+00,0.000000000000000000e+00
3.994083497673273087e-03,3.132809652015566826e-04,8.612738383817486465e-06,0.000000000000000000e+00,0.000000000000000000e+00
5.119528621435165405e-03,4.154112539254128933e-04,9.654158930061385036e-06,0.000000000000000000e+00,0.000000000000000000e+00
3.263570833951234818e-03,2.527546021156013012e-04,7.360248218901688233e-06,0.000000000000000000e+00,0.000000000000000000e+00
3.355883294716477394e-03,2.572631929069757462e-04,7.832513801986351609e-06,0.000000000000000000e+00,0.000000000000000000e+00
3.376874607056379318e-03,2.482162672095000744e-04,8.947116839408408850e-06,0.000000000000000000e+00,0.000000000000000000e+00
4.049653187394142151e-03,3.058069560211151838e-04,9.915835107676684856e-06,0.000000000000000000e+00,0.000000000000000000e+00
3.823017701506614685e-03,3.044110490009188652e-04,7.789072697050869465e-06,0.000000000000000000e+00,0.000000000000000000e+00
3.607474267482757568e-03,2.725326339714229107e-04,8.821478331810794771e-06,0.000000000000000000e+00,0.000000000000000000e+00
3.871298395097255707e-03,3.167181275784969330e-04,7.041169737931340933e-06,0.000000000000000000e+00,0.000000000000000000e+00
5.268794018775224686e-03,4.489360144361853600e-04,7.794336852384731174e-06,0.000000000000000000e+00,0.000000000000000000e+00
3.193279495462775230e-03,2.362414670642465353e-04,8.308647011290304363e-06,0.000000000000000000e+00,0.000000000000000000e+00
2.849173732101917267e-03,2.131510555045679212e-04,7.176633516792207956e-06,0.000000000000000000e+00,0.000000000000000000e+00
5.118710920214653015e-03,4.114690818823873997e-04,1.004020487016532570e-05,0.000000000000000000e+00,0.000000000000000000e+00
3.876453265547752380e-03,3.032124950550496578e-04,8.443281330983154476e-06,0.000000000000000000e+00,0.000000000000000000e+00
3.710635704919695854e-03,3.002523444592952728e-04,7.081123385432874784e-06,0.000000000000000000e+00,0.000000000000000000e+00
3.225746331736445427e-03,2.447511069476604462e-04,7.782353350194171071e-06,0.000000000000000000e+00,0.000000000000000000e+00
3.772097872570157051e-03,2.938928082585334778e-04,8.331698154506739229e-06,0.000000000000000000e+00,0.000000000000000000e+00
3.108412725850939751e-03,2.220332389697432518e-04,8.880802852218039334e-06,0.000000000000000000e+00,0.000000000000000000e+00
3.452797653153538704e-03,2.655982389114797115e-04,7.968152203829959035e-06,0.000000000000000000e+00,0.000000000000000000e+00
3.512253053486347198e-03,2.809829893521964550e-04,7.024231763352872804e-06,0.000000000000000000e+00,0.000000000000000000e+00
3.898407798260450363e-03,3.093236882705241442e-04,8.051708391576539725e-06,0.000000000000000000e+00,0.000000000000000000e+00
4.174968227744102478e-03,3.318720264360308647e-04,8.562481525586917996e-06,0.000000000000000000e+00,0.000000000000000000e+00
3.186267102137207985e-03,2.377481723669916391e-04,8.087853530014399439e-06,0.000000000000000000e+00,0.000000000000000000e+00
4.844487644731998444e-03,4.074021708220243454e-04,7.704659765295218676e-06,0.000000000000000000e+00,0.000000000000000000e+00
3.753924276679754257e-03,2.881575492210686207e-04,8.723489372641779482e-06,0.000000000000000000e+00,0.000000000000000000e+00
4.188387189060449600e-03,3.414326929487287998e-04,7.740602995909284800e-06,0.000000000000000000e+00,0.000000000000000000e+00
3.310824511572718620e-03,2.481053816154599190e-04,8.297707609017379582e-06,0.000000000000000000e+00,0.000000000000000000e+00
4.575009457767009735e-03,3.783720312640070915e-04,7.912890396255534142e-06,0.000000000000000000e+00,0.000000000000000000e+00
4.048889502882957458e-03,3.196926845703274012e-04,8.519629773218184710e-06,0.000000000000000000e+00,0.000000000000000000e+00
3.819177625700831413e-03,3.016208065673708916e-04,8.029694981814827770e-06,0.000000000000000000e+00,0.000000000000000000e+00
3.910811617970466614e-03,2.959058911073952913e-04,9.517529178992845118e-06,0.000000000000000000e+00,0.000000000000000000e+00
3.921323455870151520e-03,3.094146086368709803e-04,8.271772458101622760e-06,0.000000000000000000e+00,0.000000000000000000e+00
3.795293858274817467e-03,2.970210043713450432e-04,8.250838618550915271e-06,0.000000000000000000e+00,0.000000000000000000e+00
5.102191120386123657e-03,4.328372306190431118e-04,7.738186468486674130e-06,0.000000000000000000e+00,0.000000000000000000e+00
3.808182897046208382e-03,3.104212810285389423e-04,7.039702268230030313e-06,0.000000000000000000e+00,0.000000000000000000e+00
3.756535239517688751e-03,2.914353390224277973e-04,8.421819075010716915e-06,0.000000000000000000e+00,0.000000000000000000e+00
3.177801379933953285e-03,2.495780936442315578e-04,6.820203907409450039e-06,0.000000000000000000e+00,0.000000000000000000e+00
3.678225213661789894e-03,2.691545232664793730e-04,9.866798791335895658e-06,0.000000000000000000e+00,0.000000000000000000e+00
4.663455300033092499e-03,3.812549693975597620e-04,8.509058716299477965e-06,0.000000000000000000e+00,0.000000000000000000e+00
3.336989320814609528e-03,2.604335313662886620e-04,7.326540981011930853e-06,0.000000000000000000e+00,0.000000000000000000e+00
3.635304048657417297e-03,2.849567099474370480e-04,7.857367563701700419e-06,0.000000000000000000e+00,0.000000000000000000e+00
3.659072099253535271e-03,2.938969410024583340e-04,7.201025709946407005e-06,0.000000000000000000e+00,0.000000000000000000e+00
3.700151806697249413e-03,2.914555370807647705e-04,7.855964213376864791e-06,0.000000000000000000e+00,0.000000000000000000e+00
5.650034639984369278e-03,4.832289705518633127e-04,8.177450581570155919e-06,0.000000000000000000e+00,0.000000000000000000e+00
3.604550613090395927e-03,2.922556595876812935e-04,6.819940153945935890e-06,0.000000000000000000e+00,0.000000000000000000e+00
4.185026977211236954e-03,3.351472551003098488e-04,8.335545317095238715e-06,0.000000000000000000e+00,0.000000000000000000e+00
3.878596704453229904e-03,3.033627872355282307e-04,8.449689630651846528e-06,0.000000000000000000e+00,0.000000000000000000e+00
3.972106147557497025e-03,3.239799407310783863e-04,7.323068075493210927e-06,0.000000000000000000e+00,0.000000000000000000e+00
3.658038564026355743e-03,2.927193418145179749e-04,7.308451131393667310e-06,0.000000000000000000e+00,0.000000000000000000e+00
3.864153055474162102e-03,3.056876885239034891e-04,8.072762284427881241e-06,0.000000000000000000e+00,0.000000000000000000e+00
3.483091248199343681e-03,2.794675529003143311e-04,6.884157301101367921e-06,0.000000000000000000e+00,0.000000000000000000e+00
3.382290713489055634e-03,2.658960875123739243e-04,7.233298219944117591e-06,0.000000000000000000e+00,0.000000000000000000e+00
5.002064630389213562e-03,4.111457965336740017e-04,8.906063158065080643e-06,0.000000000000000000e+00,0.000000000000000000e+00
4.272507503628730774e-03,3.620548231992870569e-04,6.519593625853303820e-06,0.000000000000000000e+00,0.000000000000000000e+00
3.923631738871335983e-03,3.177181934006512165e-04,7.464498139597708359e-06,0.000000000000000000e+00,0.000000000000000000e+00
3.731057280674576759e-03,2.905422006733715534e-04,8.256354703917168081e-06,0.000000000000000000e+00,0.000000000000000000e+00
3.365341573953628540e-03,2.600890002213418484e-04,7.644513971172273159e-06,0.000000000000000000e+00,0.000000000000000000e+00
3.976235631853342056e-03,3.154899168293923140e-04,8.213362889364361763e-06,0.000000000000000000e+00,0.000000000000000000e+00
3.595502348616719246e-03,2.742999931797385216e-04,8.525023986294399947e-06,0.000000000000000000e+00,0.000000000000000000e+00
5.409115925431251526e-03,4.641553969122469425e-04,7.675623237446416169e-06,0.000000000000000000e+00,0.000000000000000000e+00
3.882026299834251404e-03,3.117065643891692162e-04,7.649607141502201557e-06,0.000000000000000000e+00,0.000000000000000000e+00
3.697455395013093948e-03,2.998858108185231686e-04,6.985970685491338372e-06,0.000000000000000000e+00,0.000000000000000000e+00
4.208018537610769272e-03,3.266248095314949751e-04,9.417703040526248515e-06,0.000000000000000000e+00,0.000000000000000000e+00
3.301810007542371750e-03,2.496209344826638699e-04,8.056004844547715038e-06,0.000000000000000000e+00,0.000000000000000000e+00
3.900727257132530212e-03,3.218193596694618464e-04,6.825337550253607333e-06,0.000000000000000000e+00,0.000000000000000000e+00
3.758731763809919357e-03,2.938331745099276304e-04,8.204000550904311240e-06,0.000000000000000000e+00,0.000000000000000000e+00
3.906770143657922745e-03,3.127136733382940292e-04,7.796335921739228070e-06,0.000000000000000000e+00,0.000000000000000000e+00
3.892430337145924568e-03,3.057912108488380909e-04,8.345184141944628209e-06,0.000000000000000000e+00,0.000000000000000000e+00
3.636428155004978180e-03,2.772519364953041077e-04,8.639086445327848196e-06,0.000000000000000000e+00,0.000000000000000000e+00
3.969062119722366333e-03,3.141037886962294579e-04,8.280239853775128722e-06,0.000000000000000000e+00,0.000000000000000000e+00
4.003748763352632523e-03,3.225365071557462215e-04,7.783834007568657398e-06,0.000000000000000000e+00,0.000000000000000000e+00
3.852037945762276649e-03,3.061403112951666117e-04,7.906348400865681469e-06,0.000000000000000000e+00,0.000000000000000000e+00
3.103492315858602524e-03,2.331056748516857624e-04,7.724355782556813210e-06,0.000000000000000000e+00,0.000000000000000000e+00
3.482368309050798416e-03,2.674262505024671555e-04,8.081056876108050346e-06,0.000000000000000000e+00,0.000000000000000000e+00
4.439717158675193787e-03,3.555897856131196022e-04,8.838194844429381192e-06,0.000000000000000000e+00,0.000000000000000000e+00
4.017565865069627762e-03,3.233872703276574612e-04,7.836929398763459176e-06,0.000000000000000000e+00,0.000000000000000000e+00
4.383903462439775467e-03,3.610783896874636412e-04,7.731196092208847404e-06,0.000000000000000000e+00,0.000000000000000000e+00
3.618136048316955566e-03,2.889537136070430279e-04,7.285986612259875983e-06,0.000000000000000000e+00,0.000000000000000000e+00
3.467329777777194977e-03,2.763619122561067343e-04,7.037107025098521262e-06,0.000000000000000000e+00,0.000000000000000000e+00
3.620962146669626236e-03,2.845949493348598480e-04,7.750127224426250905e-06,0.000000000000000000e+00,0.000000000000000000e+00
3.936984576284885406e-03,3.064178745262324810e-04,8.728056855034083128e-06,0.000000000000000000e+00,0.000000000000000000e+00
2.851698547601699829e-03,2.117820549756288528e-04,7.338780051213689148e-06,0.000000000000000000e+00,0.000000000000000000e+00
3.803247120231389999e-03,3.075377317145466805e-04,7.278697012225165963e-06,0.000000000000000000e+00,0.000000000000000000e+00
3.309456631541252136e-03,2.559840795584022999e-04,7.496159923903178424e-06,0.000000000000000000e+00,0.000000000000000000e+00
4.157039336860179901e-03,3.236199845559895039e-04,9.208395567839033902e-06,0.000000000000000000e+00,0.000000000000000000e+00
3.643186995759606361e-03,2.882445405703037977e-04,7.607415682286955416e-06,0.000000000000000000e+00,0.000000000000000000e+00
3.762039355933666229e-03,2.945712185464799404e-04,8.163270649674814194e-06,0.000000000000000000e+00,0.000000000000000000e+00
3.853491507470607758e-03,3.104765783064067364e-04,7.487255516025470570e-06,0.000000000000000000e+00,0.000000000000000000e+00
3.926321864128112793e-03,3.147599054500460625e-04,7.787227332300972193e-06,0.000000000000000000e+00,0.000000000000000000e+00
3.814181778579950333e-03,3.000065917149186134e-04,8.141157195495907217e-06,0.000000000000000000e+00,0.000000000000000000e+00
3.882620483636856079e-03,3.053480177186429501e-04,8.291401172755286098e-06,0.000000000000000000e+00,0.000000000000000000e+00
3.959058783948421478e-03,3.073635743930935860e-04,8.854231055011041462e-06,0.000000000000000000e+00,0.000000000000000000e+00
3.296686336398124695e-03,2.451448235660791397e-04,8.452380825474392623e-06,0.000000000000000000e+00,0.000000000000000000e+00
3.086627461016178131e-03,2.253585407743230462e-04,8.330419404956046492e-06,0.000000000000000000e+00,0.000000000000000000e+00
3.330380422994494438e-03,2.493186329957097769e-04,8.371940566576085985e-06,0.000000000000000000e+00,0.000000000000000000e+00
3.201610874384641647e-03,2.435054339002817869e-04,7.665564226044807583e-06,0.000000000000000000e+00,0.000000000000000000e+00
4.193102940917015076e-03,3.432067169342190027e-04,7.610356078657787293e-06,0.000000000000000000e+00,0.000000000000000000e+00
3.816462354734539986e-03,3.127240925095975399e-04,6.892213605169672519e-06,0.000000000000000000e+00,0.000000000000000000e+00
4.313094075769186020e-03,3.513380070216953754e-04,7.997139618964865804e-06,0.000000000000000000e+00,0.000000000000000000e+00
2.933865878731012344e-03,2.205746131949126720e-04,7.281195848918287084e-06,0.000000000000000000e+00,0.000000000000000000e+00
3.810543799772858620e-03,3.021113807335495949e-04,7.894300324551295489e-06,0.000000000000000000e+00,0.000000000000000000e+00
3.608782310038805008e-03,2.740067138802260160e-04,8.687151421327143908e-06,0.000000000000000000e+00,0.000000000000000000e+00
3.914952278137207031e-03,2.994824899360537529e-04,9.201274224324151874e-06,0.000000000000000000e+00,0.000000000000000000e+00
3.811765462160110474e-03,2.986369654536247253e-04,8.253957275883294642e-06,0.000000000000000000e+00,0.000000000000000000e+00
3.568723099306225777e-03,2.864796551875770092e-04,7.039264346531126648e-06,0.000000000000000000e+00,0.000000000000000000e+00
3.918918780982494354e-03,3.063413605559617281e-04,8.555054591852240264e-06,0.000000000000000000e+00,0.000000000000000000e+00
3.666107542812824249e-03,2.929884067270904779e-04,7.362235010077711195e-06,0.000000000000000000e+00,0.000000000000000000e+00
5.577342119067907333e-03,4.930294817313551903e-04,6.470469543273793533e-06,0.000000000000000000e+00,0.000000000000000000e+00
3.595926100388169289e-03,2.643800107762217522e-04,9.521259926259517670e-06,0.000000000000000000e+00,0.000000000000000000e+00
4.206839948892593384e-03,3.342472482472658157e-04,8.643673936603590846e-06,0.000000000000000000e+00,0.000000000000000000e+00
3.697483334690332413e-03,2.961238496936857700e-04,7.362450560322031379e-06,0.000000000000000000e+00,0.000000000000000000e+00
4.465945996344089508e-03,3.788063477259129286e-04,6.778822353226132691e-06,0.000000000000000000e+00,0.000000000000000000e+00
3.218900877982378006e-03,2.370698784943670034e-04,8.482021257805172354e-06,0.000000000000000000e+00,0.000000000000000000e+00
3.050456987693905830e-03,2.222922194050624967e-04,8.275348591268993914e-06,0.000000000000000000e+00,0.000000000000000000e+00
3.868092084303498268e-03,3.169607953168451786e-04,6.984842912061139941e-06,0.000000000000000000e+00,0.000000000000000000e+00
3.435922553762793541e-03,2.584494359325617552e-04,8.514281944371759892e-06,0.000000000000000000e+00,0.000000000000000000e+00
3.745966358110308647e-03,2.969356719404459000e-04,7.766097041894681752e-06,0.000000000000000000e+00,0.000000000000000000e+00
3.854893613606691360e-03,3.006774932146072388e-04,8.481187251163646579e-06,0.000000000000000000e+00,0.000000000000000000e+00
4.006026312708854675e-03,3.188962291460484266e-04,8.170642104232683778e-06,0.000000000000000000e+00,0.000000000000000000e+00
4.328548908233642578e-03,3.439390566200017929e-04,8.891581273928750306e-06,0.000000000000000000e+00,0.000000000000000000e+00
3.139299340546131134e-03,2.338289777981117368e-04,8.010096280486322939e-06,0.000000000000000000e+00,0.000000000000000000e+00
3.353162668645381927e-03,2.546495234128087759e-04,8.066672307904809713e-06,0.000000000000000000e+00,0.000000000000000000e+00
4.260863177478313446e-03,3.566977975424379110e-04,6.938849764992482960e-06,0.000000000000000000e+00,0.000000000000000000e+00
2.887486247345805168e-03,2.172395616071298718e-04,7.150907094910508022e-06,0.000000000000000000e+00,0.000000000000000000e+00
4.118856973946094513e-03,3.314451896585524082e-04,8.044050446187611669e-06,0.000000000000000000e+00,0.000000000000000000e+00
3.836980322375893593e-03,2.996927360072731972e-04,8.400529623031616211e-06,0.000000000000000000e+00,0.000000000000000000e+00
4.182429984211921692e-03,3.337525413371622562e-04,8.449044798908289522e-06,0.000000000000000000e+00,0.000000000000000000e+00
2.602613531053066254e-03,1.863706711446866393e-04,7.389068287011468783e-06,0.000000000000000000e+00,0.000000000000000000e+00
4.631923045963048935e-03,3.865888284053653479e-04,7.660346454940736294e-06,0.000000000000000000e+00,0.000000000000000000e+00
3.317006397992372513e-03,2.597595448605716228e-04,7.194107638497371227e-06,0.000000000000000000e+00,0.000000000000000000e+00
3.014416433870792389e-03,2.220013848273083568e-04,7.944025128381326795e-06,0.000000000000000000e+00,0.000000000000000000e+00
4.008600953966379166e-03,3.145526279695332050e-04,8.630748197901993990e-06,0.000000000000000000e+00,0.000000000000000000e+00
3.885685931891202927e-03,3.128063981421291828e-04,7.576219559268793091e-06,0.000000000000000000e+00,0.000000000000000000e+00
3.588508116081357002e-03,2.877293445635586977e-04,7.112146704457700253e-06,0.000000000000000000e+00,0.000000000000000000e+00
3.809842281043529510e-03,3.006134356837719679e-04,8.037077350309118629e-06,0.000000000000000000e+00,0.000000000000000000e+00
4.703768994659185410e-03,3.915855195373296738e-04,7.879138138378039002e-06,0.000000000000000000e+00,0.000000000000000000e+00
4.017019178718328476e-03,3.118859021924436092e-04,8.981600331026129425e-06,0.000000000000000000e+00,0.000000000000000000e+00
3.282165387645363808e-03,2.502750139683485031e-04,7.794153134454973042e-06,0.000000000000000000e+00,0.000000000000000000e+00
3.511736635118722916e-03,2.752334694378077984e-04,7.594018370582489297e-06,0.000000000000000000e+00,0.000000000000000000e+00
4.497407004237174988e-03,3.726786817423999310e-04,7.706199539825320244e-06,0.000000000000000000e+00,0.000000000000000000e+00
4.318210761994123459e-03,3.547001979313790798e-04,7.712088518019299954e-06,0.000000000000000000e+00,0.000000000000000000e+00
4.058715421706438065e-03,3.298140945844352245e-04,7.605743121530395001e-06,0.000000000000000000e+00,0.000000000000000000e+00
3.895651781931519508e-03,3.079917514696717262e-04,8.157343472703360021e-06,0.000000000000000000e+00,0.000000000000000000e+00
3.712411969900131226e-03,2.930549089796841145e-04,7.818628546374384314e-06,0.000000000000000000e+00,0.000000000000000000e+00
3.810855560004711151e-03,3.073478583246469498e-04,7.373768767138244584e-06,0.000000000000000000e+00,0.000000000000000000e+00
3.985255025327205658e-03,3.154235309921205044e-04,8.310194061778020114e-06,0.000000000000000000e+00,0.000000000000000000e+00
3.878443501889705658e-03,3.069437516387552023e-04,8.090059964160900563e-06,0.000000000000000000e+00,0.000000000000000000e+00
4.071597475558519363e-03,3.211432485841214657e-04,8.601649824413470924e-06,0.000000000000000000e+00,0.000000000000000000e+00
3.318733070045709610e-03,2.367357810726389289e-04,9.513754775980487466e-06,0.000000000000000000e+00,0.000000000000000000e+00
3.248378634452819824e-03,2.485822769813239574e-04,7.625557373103220016e-06,0.000000000000000000e+00,0.000000000000000000e+00
3.594771958887577057e-03,2.722976496443152428e-04,8.717956006876192987e-06,0.000000000000000000e+00,0.000000000000000000e+00
3.117233514785766602e-03,2.329906856175512075e-04,7.873264621593989432e-06,0.000000000000000000e+00,0.000000000000000000e+00
3.139377338811755180e-03,2.450411848258227110e-04,6.889654741826234385e-06,0.000000000000000000e+00,0.000000000000000000e+00
3.880947595462203026e-03,3.075879649259150028e-04,8.050680662563536316e-06,0.000000000000000000e+00,0.000000000000000000e+00
3.861755132675170898e-03,3.112263802904635668e-04,7.494914370909100398e-06,0.000000000000000000e+00,0.000000000000000000e+00
4.156854934990406036e-03,3.409525670576840639e-04,7.473294317605905235e-06,0.000000000000000000e+00,0.000000000000000000e+00
4.067770671099424362e-03,3.261233214288949966e-04,8.065375368460081518e-06,0.000000000000000000e+00,0.000000000000000000e+00
3.606645856052637100e-03,2.865454589482396841e-04,7.411910701193846762e-06,0.000000000000000000e+00,0.000000000000000000e+00
3.059766255319118500e-03,2.371346054133027792e-04,6.884200956847053021e-06,0.000000000000000000e+00,0.000000000000000000e+00
3.393868217244744301e-03,2.650306851137429476e-04,7.435614861606154591e-06,0.000000000000000000e+00,0.000000000000000000e+00
3.142916597425937653e-03,2.466443111188709736e-04,6.764737008779775351e-06,0.000000000000000000e+00,0.000000000000000000e+00
3.778395242989063263e-03,2.994541137013584375e-04,7.838542842364404351e-06,0.000000000000000000e+00,0.000000000000000000e+00
3.759470768272876740e-03,2.949823974631726742e-04,8.096467354334890842e-06,0.000000000000000000e+00,0.000000000000000000e+00
3.922606818377971649e-03,3.206609108019620180e-04,7.159975211834535003e-06,0.000000000000000000e+00,0.000000000000000000e+00
4.568151663988828659e-03,3.773157368414103985e-04,7.949942300911061466e-06,0.000000000000000000e+00,0.000000000000000000e+00
4.301428794860839844e-03,3.576790913939476013e-04,7.246376753755612299e-06,0.000000000000000000e+00,0.000000000000000000e+00
3.857850097119808197e-03,3.030599327757954597e-04,8.272507329820655286e-06,0.000000000000000000e+00,0.000000000000000000e+00
3.489205846562981606e-03,2.669987152330577374e-04,8.192186214728280902e-06,0.000000000000000000e+00,0.000000000000000000e+00
4.524893127381801605e-03,3.787673194892704487e-04,7.372200798272388056e-06,0.000000000000000000e+00,0.000000000000000000e+00
3.376278094947338104e-03,2.716049202717840672e-04,6.602288976864656433e-06,0.000000000000000000e+00,0.000000000000000000e+00
4.181627649813890457e-03,3.294622874818742275e-04,8.870048077369574457e-06,0.000000000000000000e+00,0.000000000000000000e+00
4.151391331106424332e-03,3.302872646600008011e-04,8.485188118356745690e-06,0.000000000000000000e+00,0.000000000000000000e+00
3.880325704813003540e-03,3.100135072600096464e-04,7.801905667292885482e-06,0.000000000000000000e+00,0.000000000000000000e+00
3.948685713112354279e-03,3.157246974296867847e-04,7.914388334029354155e-06,0.000000000000000000e+00,0.000000000000000000e+00
4.475167486816644669e-03,3.729678574018180370e-04,7.454887509084073827e-06,0.000000000000000000e+00,0.000000000000000000e+00
3.248228924348950386e-03,2.481376286596059799e-04,7.668526450288482010e-06,0.000000000000000000e+00,0.000000000000000000e+00
4.708077758550643921e-03,3.771117480937391520e-04,9.369602594233583659e-06,0.000000000000000000e+00,0.000000000000000000e+00
4.558313637971878052e-03,3.837174153886735439e-04,7.211395313788671046e-06,0.000000000000000000e+00,0.000000000000000000e+00
3.772216383367776871e-03,2.979104756377637386e-04,7.931115760584361851e-06,0.000000000000000000e+00,0.000000000000000000e+00
3.904676064848899841e-03,3.296677605248987675e-04,6.079985269025200978e-06,0.000000000000000000e+00,0.000000000000000000e+00
3.963447175920009613e-03,3.177601029165089130e-04,7.858463504817336798e-06,0.000000000000000000e+00,0.000000000000000000e+00
3.740879707038402557e-03,2.973994123749434948e-04,7.668853868381120265e-06,0.000000000000000000e+00,0.000000000000000000e+00
3.626072546467185020e-03,2.852144534699618816e-04,7.739279681118205190e-06,0.000000000000000000e+00,0.000000000000000000e+00
3.310145577415823936e-03,2.638828591443598270e-04,6.713170932926004753e-06,0.000000000000000000e+00,0.000000000000000000e+00
4.431451670825481415e-03,3.661604714579880238e-04,7.698469744354952127e-06,0.000000000000000000e+00,0.000000000000000000e+00
3.771988209336996078e-03,3.004597965627908707e-04,7.673901563975960016e-06,0.000000000000000000e+00,0.000000000000000000e+00
3.602605313062667847e-03,2.845820272341370583e-04,7.567850389023078606e-06,0.000000000000000000e+00,0.000000000000000000e+00
3.556043840944766998e-03,2.928138710558414459e-04,6.279051376623101532e-06,0.000000000000000000e+00,0.000000000000000000e+00
3.857195843011140823e-03,3.072832187172025442e-04,7.843636922189034522e-06,0.000000000000000000e+00,0.000000000000000000e+00
3.589551430195569992e-03,2.977483381982892752e-04,6.120680154708679765e-06,0.000000000000000000e+00,0.000000000000000000e+00
3.333461238071322441e-03,2.592969103716313839e-04,7.404920324916020036e-06,0.000000000000000000e+00,0.000000000000000000e+00
3.482771338894963264e-03,2.815627958625555038e-04,6.671433766314294189e-06,0.000000000000000000e+00,0.000000000000000000e+00
3.834503469988703728e-03,3.106118529103696346e-04,7.283848390216007829e-06,0.000000000000000000e+00,0.000000000000000000e+00
3.672109218314290047e-03,2.953979710582643747e-04,7.181295586633495986e-06,0.000000000000000000e+00,0.000000000000000000e+00
3.934263251721858978e-03,3.200568608008325100e-04,7.336946509894914925e-06,0.000000000000000000e+00,0.000000000000000000e+00
3.739601001143455505e-03,3.008373896591365337e-04,7.312269190151710063e-06,0.000000000000000000e+00,0.000000000000000000e+00
3.558510215952992439e-03,2.845005656126886606e-04,7.135046416806289926e-06,0.000000000000000000e+00,0.000000000000000000e+00
3.069867379963397980e-03,2.411348395980894566e-04,6.585190021723974496e-06,0.000000000000000000e+00,0.000000000000000000e+00
3.324437653645873070e-03,2.553207159508019686e-04,7.712305887253023684e-06,0.000000000000000000e+00,0.000000000000000000e+00
3.615839406847953796e-03,2.783935342449694872e-04,8.319042535731568933e-06,0.000000000000000000e+00,0.000000000000000000e+00
3.345422213897109032e-03,2.551613724790513515e-04,7.938083399494644254e-06,0.000000000000000000e+00,0.000000000000000000e+00
3.841055557131767273e-03,3.161941131111234426e-04,6.791142368456348777e-06,0.000000000000000000e+00,0.000000000000000000e+00
3.076542401686310768e-03,2.365259715588763356e-04,7.112827915989328176e-06,0.000000000000000000e+00,0.000000000000000000e+00
3.353098407387733459e-03,2.569266653154045343e-04,7.838318197173066437e-06,0.000000000000000000e+00,0.000000000000000000e+00
3.764661494642496109e-03,3.079716698266565800e-04,6.849450528534362093e-06,0.000000000000000000e+00,0.000000000000000000e+00
3.715394064784049988e-03,2.956520474981516600e-04,7.588736480101943016e-06,0.000000000000000000e+00,0.000000000000000000e+00
3.517701989039778709e-03,2.812215243466198444e-04,7.054868547129444778e-06,0.000000000000000000e+00,0.000000000000000000e+00
3.222871106117963791e-03,2.409723820164799690e-04,8.131473805406130850e-06,0.000000000000000000e+00,0.000000000000000000e+00
3.128337208181619644e-03,2.364047395531088114e-04,7.642898708581924438e-06,0.000000000000000000e+00,0.000000000000000000e+00
3.652571933344006538e-03,2.857984509319067001e-04,7.945875040604732931e-06,0.000000000000000000e+00,0.000000000000000000e+00
3.387055592611432076e-03,2.626412315294146538e-04,7.606432973261689767e-06,0.000000000000000000e+00,0.000000000000000000e+00
3.410624805837869644e-03,2.694179711397737265e-04,7.164450835261959583e-06,0.000000000000000000e+00,0.000000000000000000e+00
3.060718066990375519e-03,2.278494794154539704e-04,7.822231964382808656e-06,0.000000000000000000e+00,0.000000000000000000e+00
4.081428050994873047e-03,3.273294423706829548e-04,8.081339728960301727e-06,0.000000000000000000e+00,0.000000000000000000e+00
3.290943801403045654e-03,2.622535685077309608e-04,6.684080290142446756e-06,0.000000000000000000e+00,0.000000000000000000e+00
4.167772363871335983e-03,3.380218113306909800e-04,7.875543815316632390e-06,0.000000000000000000e+00,0.000000000000000000e+00
2.991823945194482803e-03,2.286265953443944454e-04,7.055577952996827662e-06,0.000000000000000000e+00,0.000000000000000000e+00
4.258871078491210938e-03,3.524374624248594046e-04,7.344961886701639742e-06,0.000000000000000000e+00,0.000000000000000000e+00
3.557737683877348900e-03,2.858207153622061014e-04,6.995305739110335708e-06,0.000000000000000000e+00,0.000000000000000000e+00
3.850353183224797249e-03,3.063448239117860794e-04,7.869050023145973682e-06,0.000000000000000000e+00,0.000000000000000000e+00
3.894710214808583260e-03,3.161684726364910603e-04,7.330256266868673265e-06,0.000000000000000000e+00,0.000000000000000000e+00
4.037051461637020111e-03,3.346932353451848030e-04,6.901191227370873094e-06,0.000000000000000000e+00,0.000000000000000000e+00
3.863500896841287613e-03,3.081521717831492424e-04,7.819791790097951889e-06,0.000000000000000000e+00,0.000000000000000000e+00
4.430616274476051331e-03,3.603953227866441011e-04,8.266629265563096851e-06,0.000000000000000000e+00,0.000000000000000000e+00
3.337180707603693008e-03,2.541011490393429995e-04,7.961693881952669472e-06,0.000000000000000000e+00,0.000000000000000000e+00
3.742616157978773117e-03,3.053163527511060238e-04,6.894525085954228416e-06,0.000000000000000000e+00,0.000000000000000000e+00
3.303074510768055916e-03,2.519487170502543449e-04,7.835873475414700806e-06,0.000000000000000000e+00,0.000000000000000000e+00
4.016047343611717224e-03,3.177126345690339804e-04,8.389207323489245027e-06,0.000000000000000000e+00,0.000000000000000000e+00
5.828590132296085358e-03,5.057543748989701271e-04,7.710467798460740596e-06,0.000000000000000000e+00,0.000000000000000000e+00
3.863999620079994202e-03,2.980797144118696451e-04,8.832024832372553647e-06,0.000000000000000000e+00,0.000000000000000000e+00
4.219498485326766968e-03,3.373182553332298994e-04,8.463157428195700049e-06,0.000000000000000000e+00,0.000000000000000000e+00
3.300938289612531662e-03,2.561208093538880348e-04,7.397300578304566443e-06,0.000000000000000000e+00,0.000000000000000000e+00
3.341449657455086708e-03,2.522329450584948063e-04,8.191203960450366139e-06,0.000000000000000000e+00,0.000000000000000000e+00
3.437908133491873741e-03,2.767302794381976128e-04,6.706053682137280703e-06,0.000000000000000000e+00,0.000000000000000000e+00
3.246140200644731522e-03,2.394830225966870785e-04,8.513097782270051539e-06,0.000000000000000000e+00,0.000000000000000000e+00
4.470177926123142242e-03,3.779481630772352219e-04,6.906961971253622323e-06,0.000000000000000000e+00,0.000000000000000000e+00
3.213986055925488472e-03,2.530624042265117168e-04,6.833618499513249844e-06,0.000000000000000000e+00,0.000000000000000000e+00
3.376885084435343742e-03,2.614881377667188644e-04,7.620036740263458341e-06,0.000000000000000000e+00,0.000000000000000000e+00
3.725497052073478699e-03,2.901169646065682173e-04,8.243272532126866281e-06,0.000000000000000000e+00,0.000000000000000000e+00
3.219665028154850006e-03,2.512514474801719189e-04,7.071505024214275181e-06,0.000000000000000000e+00,0.000000000000000000e+00
3.895734203979372978e-03,3.086481592617928982e-04,8.092524694802705199e-06,0.000000000000000000e+00,0.000000000000000000e+00
3.933546133339405060e-03,3.235498734284192324e-04,6.980474609008524567e-06,0.000000000000000000e+00,0.000000000000000000e+00
3.724852576851844788e-03,2.743937948253005743e-04,9.809144103201106191e-06,0.000000000000000000e+00,0.000000000000000000e+00
3.786995075643062592e-03,3.191195428371429443e-04,5.957996108918450773e-06,0.000000000000000000e+00,0.000000000000000000e+00
3.968477714806795120e-03,3.181974752806127071e-04,7.865028237574733794e-06,0.000000000000000000e+00,0.000000000000000000e+00
3.716961015015840530e-03,2.890069736167788506e-04,8.268913916253950447e-06,0.000000000000000000e+00,0.000000000000000000e+00
3.609290113672614098e-03,2.904031134676188231e-04,7.052588898659450933e-06,0.000000000000000000e+00,0.000000000000000000e+00
4.276765044778585434e-03,3.478657745290547609e-04,7.981074304552748799e-06,0.000000000000000000e+00,0.000000000000000000e+00
3.592239459976553917e-03,2.862860856112092733e-04,7.293785074580227956e-06,0.000000000000000000e+00,0.000000000000000000e+00
2.927835332229733467e-03,2.258418680867180228e-04,6.694167495879810303e-06,0.000000000000000000e+00,0.000000000000000000e+00
4.702491220086812973e-03,3.991738194599747658e-04,7.107531018846202642e-06,0.000000000000000000e+00,0.000000000000000000e+00
4.565815441310405731e-03,3.808125329669564962e-04,7.576899861305719241e-06,0.000000000000000000e+00,0.000000000000000000e+00
3.684110241010785103e-03,2.880442189052700996e-04,8.036680810619145632e-06,0.000000000000000000e+00,0.000000000000000000e+00
3.660198301076889038e-03,2.988654305227100849e-04,6.715440576954279095e-06,0.000000000000000000e+00,0.000000000000000000e+00
3.311373293399810791e-03,2.515944070182740688e-04,7.954289685585536063e-06,0.000000000000000000e+00,0.000000000000000000e+00
3.185092238709330559e-03,2.531231730245053768e-04,6.538603884109761566e-06,0.000000000000000000e+00,0.000000000000000000e+00
4.883740097284317017e-03,4.057683399878442287e-04,8.260566573881078511e-06,0.000000000000000000e+00,0.000000000000000000e+00
3.655938664451241493e-03,2.911833289545029402e-04,7.441053639922756702e-06,0.000000000000000000e+00,0.000000000000000000e+00
4.379619844257831573e-03,3.556063165888190269e-04,8.235565474024042487e-06,0.000000000000000000e+00,0.000000000000000000e+00
3.042568918317556381e-03,2.328810805920511484e-04,7.137581633287481964e-06,0.000000000000000000e+00,0.000000000000000000e+00
3.242446808144450188e-03,2.605815243441611528e-04,6.366316483763512224e-06,0.000000000000000000e+00,0.000000000000000000e+00
4.032608121633529663e-03,3.152061253786087036e-04,8.805469406070187688e-06,0.000000000000000000e+00,0.000000000000000000e+00
3.646936733275651932e-03,2.900879480876028538e-04,7.460572305717505515e-06,0.000000000000000000e+00,0.000000000000000000e+00
3.284200560301542282e-03,2.447971492074429989e-04,8.362289008800871670e-06,0.000000000000000000e+00,0.000000000000000000e+00
4.002479370683431625e-03,3.293217741884291172e-04,7.092617124726530164e-06,0.000000000000000000e+00,0.000000000000000000e+00
4.959813319146633148e-03,4.208185127936303616e-04,7.516278856201097369e-06,0.000000000000000000e+00,0.000000000000000000e+00
3.017816226929426193e-03,2.255871077068150043e-04,7.619453754159621894e-06,0.000000000000000000e+00,0.000000000000000000e+00
3.707777708768844604e-03,2.929051115643233061e-04,7.787265531078446656e-06,0.000000000000000000e+00,0.000000000000000000e+00
4.566028714179992676e-03,3.791680792346596718e-04,7.743479727650992572e-06,0.000000000000000000e+00,0.000000000000000000e+00
3.237798810005187988e-03,2.506433229427784681e-04,7.313656624319264665e-06,0.000000000000000000e+00,0.000000000000000000e+00
2.973802387714385986e-03,2.229093370260670781e-04,7.447089046763721853e-06,0.000000000000000000e+00,0.000000000000000000e+00
3.587095998227596283e-03,2.796874032355844975e-04,7.902220204414334148e-06,0.000000000000000000e+00,0.000000000000000000e+00
3.390201600268483162e-03,2.612358366604894400e-04,7.778432518534827977e-06,0.000000000000000000e+00,0.000000000000000000e+00
4.006100352853536606e-03,3.345836885273456573e-04,6.602635949093382806e-06,0.000000000000000000e+00,0.000000000000000000e+00
3.530783811584115028e-03,2.830066659953445196e-04,7.007171006989665329e-06,0.000000000000000000e+00,0.000000000000000000e+00
4.479300696402788162e-03,3.782825369853526354e-04,6.964753993088379502e-06,0.000000000000000000e+00,0.000000000000000000e+00
3.871522145345807076e-03,3.089398378506302834e-04,7.821237886673770845e-06,0.000000000000000000e+00,0.000000000000000000e+00
3.437710227444767952e-03,2.781370421871542931e-04,6.563398528669495136e-06,0.000000000000000000e+00,0.000000000000000000e+00
3.197579178959131241e-03,2.507093013264238834e-04,6.904864221723983064e-06,0.000000000000000000e+00,0.000000000000000000e+00
3.768871072679758072e-03,3.088349476456642151e-04,6.805214525229530409e-06,0.000000000000000000e+00,0.000000000000000000e+00
4.087217617779970169e-03,3.331858315505087376e-04,7.553593604825437069e-06,0.000000000000000000e+00,0.000000000000000000e+00
4.018569365143775940e-03,3.403709270060062408e-04,6.148603461042512208e-06,0.000000000000000000e+00,0.000000000000000000e+00
4.081195220351219177e-03,3.315680951345711946e-04,7.655141416762489825e-06,0.000000000000000000e+00,0.000000000000000000e+00
3.316029207780957222e-03,2.462561824358999729e-04,8.534675544069614261e-06,0.000000000000000000e+00,0.000000000000000000e+00
4.368333145976066589e-03,3.671085578389465809e-04,6.972475603106431663e-06,0.000000000000000000e+00,0.000000000000000000e+00
3.535936120897531509e-03,2.814809558913111687e-04,7.211265710793668404e-06,0.000000000000000000e+00,0.000000000000000000e+00
3.655031789094209671e-03,2.933765354100614786e-04,7.212663604150293395e-06,0.000000000000000000e+00,0.000000000000000000e+00
4.252685699611902237e-03,3.424053138587623835e-04,8.286326192319393158e-06,0.000000000000000000e+00,0.000000000000000000e+00
3.750734264031052589e-03,2.718522446230053902e-04,1.032211821438977495e-05,0.000000000000000000e+00,0.000000000000000000e+00
3.337958827614784241e-03,2.586191403679549694e-04,7.517674021073617041e-06,0.000000000000000000e+00,0.000000000000000000e+00
3.730953671038150787e-03,2.892233605962246656e-04,8.387200068682432175e-06,0.000000000000000000e+00,0.000000000000000000e+00
4.087037872523069382e-03,3.322374541312456131e-04,7.646634912816807628e-06,0.000000000000000000e+00,0.000000000000000000e+00
3.868928644806146622e-03,2.935173688456416130e-04,9.337549272459000349e-06,0.000000000000000000e+00,0.000000000000000000e+00
3.404792165383696556e-03,2.638720907270908356e-04,7.660712071810849011e-06,0.000000000000000000e+00,0.000000000000000000e+00
3.694928251206874847e-03,3.020147560164332390e-04,6.747808129148324952e-06,0.000000000000000000e+00,0.000000000000000000e+00
3.616174217313528061e-03,2.825031697284430265e-04,7.911423381301574409e-06,0.000000000000000000e+00,0.000000000000000000e+00
3.345739794895052910e-03,2.692978305276483297e-04,6.527614459628239274e-06,0.000000000000000000e+00,0.000000000000000000e+00
3.649280406534671783e-03,2.961169229820370674e-04,6.881111403345130384e-06,0.000000000000000000e+00,0.000000000000000000e+00
3.462126012891530991e-03,2.768576378002762794e-04,6.935497367521747947e-06,0.000000000000000000e+00,0.000000000000000000e+00
4.031669348478317261e-03,3.171662101522088051e-04,8.600072760600596666e-06,0.000000000000000000e+00,0.000000000000000000e+00
3.757418831810355186e-03,3.044017939828336239e-04,7.134008228604216129e-06,0.000000000000000000e+00,0.000000000000000000e+00
2.967403968796133995e-03,2.175039553549140692e-04,7.923643352114595473e-06,0.000000000000000000e+00,0.000000000000000000e+00
3.223096253350377083e-03,2.492697676643729210e-04,7.303986421902664006e-06,0.000000000000000000e+00,0.000000000000000000e+00
3.271533176302909851e-03,2.409403241472318769e-04,8.621300366939976811e-06,0.000000000000000000e+00,0.000000000000000000e+00
3.459007712081074715e-03,2.704783109948039055e-04,7.542246748926118016e-06,0.000000000000000000e+00,0.000000000000000000e+00
2.881255932152271271e-03,2.165049954783171415e-04,7.162057954701595008e-06,0.000000000000000000e+00,0.000000000000000000e+00
3.706263378262519836e-03,2.964845043607056141e-04,7.414183528453577310e-06,0.000000000000000000e+00,0.000000000000000000e+00
3.814523573964834213e-03,3.185780369676649570e-04,6.287433734541991726e-06,0.000000000000000000e+00,0.000000000000000000e+00
3.712729085236787796e-03,3.005333128385245800e-04,7.073958840919658542e-06,0.000000000000000000e+00,0.000000000000000000e+00
3.708185860887169838e-03,3.030170337297022343e-04,6.780156581953633577e-06,0.000000000000000000e+00,0.000000000000000000e+00
3.677967237308621407e-03,2.961835998576134443e-04,7.161311714298790321e-06,0.000000000000000000e+00,0.000000000000000000e+00
3.618162591010332108e-03,2.918905229307711124e-04,6.992574071773560718e-06,0.000000000000000000e+00,0.000000000000000000e+00
3.702380228787660599e-03,2.836749190464615822e-04,8.656311365484725684e-06,0.000000000000000000e+00,0.000000000000000000e+00
3.357683774083852768e-03,2.642442123033106327e-04,7.152417310862801969e-06,0.000000000000000000e+00,0.000000000000000000e+00
3.863463643938302994e-03,3.154407313559204340e-04,7.090565304679330438e-06,0.000000000000000000e+00,0.000000000000000000e+00
5.132409278303384781e-03,4.482391523197293282e-04,6.500180461443960667e-06,0.000000000000000000e+00,0.000000000000000000e+00
3.728986717760562897e-03,2.907306188717484474e-04,8.216804417315870523e-06,0.000000000000000000e+00,0.000000000000000000e+00
3.154621226713061333e-03,2.454429923091083765e-04,7.001914127613417804e-06,0.000000000000000000e+00,0.000000000000000000e+00
3.539097728207707405e-03,2.776506589725613594e-04,7.625912076036911458e-06,0.000000000000000000e+00,0.000000000000000000e+00
3.514533396810293198e-03,2.624267362989485264e-04,8.902661647880449891e-06,0.000000000000000000e+00,0.000000000000000000e+00
3.864062018692493439e-03,3.089738893322646618e-04,7.743231435597408563e-06,0.000000000000000000e+00,0.000000000000000000e+00
3.849000204354524612e-03,3.084567724727094173e-04,7.644324796274304390e-06,0.000000000000000000e+00,0.000000000000000000e+00
3.628510283306241035e-03,2.875853679142892361e-04,7.526564786530798301e-06,0.000000000000000000e+00,0.000000000000000000e+00
4.853052552789449692e-03,4.168190353084355593e-04,6.848619250376941636e-06,0.000000000000000000e+00,0.000000000000000000e+00
4.599518608301877975e-03,3.873487003147602081e-04,7.260317943291738629e-06,0.000000000000000000e+00,0.000000000000000000e+00
4.391265567392110825e-03,3.579474869184195995e-04,8.117904144455678761e-06,0.000000000000000000e+00,0.000000000000000000e+00
3.200640901923179626e-03,2.485895529389381409e-04,7.147455107769928873e-06,0.000000000000000000e+00,0.000000000000000000e+00
3.708908800035715103e-03,2.966282190755009651e-04,7.426264801324578002e-06,0.000000000000000000e+00,0.000000000000000000e+00
4.075092263519763947e-03,3.393863444216549397e-04,6.812291758251376450e-06,0.000000000000000000e+00,0.000000000000000000e+00
2.651642076671123505e-03,2.013053745031356812e-04,6.385882898030104116e-06,0.000000000000000000e+00,0.000000000000000000e+00
4.866722971200942993e-03,4.149936721660196781e-04,7.167862349888309836e-06,0.000000000000000000e+00,0.000000000000000000e+00
3.892391221597790718e-03,3.059477603528648615e-04,8.329136107931844890e-06,0.000000000000000000e+00,0.000000000000000000e+00
3.500191494822502136e-03,2.780986833386123180e-04,7.192045359261101112e-06,0.000000000000000000e+00,0.000000000000000000e+00
3.195559140294790268e-03,2.542729780543595552e-04,6.528292942675761878e-06,0.000000000000000000e+00,0.000000000000000000e+00
3.401456633582711220e-03,2.582052256911993027e-04,8.194043402909301221e-06,0.000000000000000000e+00,0.000000000000000000e+00
3.310359781607985497e-03,2.621785097289830446e-04,6.885747097840066999e-06,0.000000000000000000e+00,0.000000000000000000e+00
3.207899164408445358e-03,2.539769920986145735e-04,6.681292234134161845e-06,0.000000000000000000e+00,0.000000000000000000e+00
3.389110323041677475e-03,2.721426135394722223e-04,6.676841167063685134e-06,0.000000000000000000e+00,0.000000000000000000e+00
4.140194505453109741e-03,3.428043273743242025e-04,7.121513135643908754e-06,0.000000000000000000e+00,0.000000000000000000e+00
3.792571136727929115e-03,2.902785199694335461e-04,8.897858606360387057e-06,0.000000000000000000e+00,0.000000000000000000e+00
3.673614002764225006e-03,3.013634122908115387e-04,6.599798325623851269e-06,0.000000000000000000e+00,0.000000000000000000e+00
4.596468061208724976e-03,3.947117947973310947e-04,6.493504770332947373e-06,0.000000000000000000e+00,0.000000000000000000e+00
4.036786500364542007e-03,3.319023817311972380e-04,7.177626685006543994e-06,0.000000000000000000e+00,0.000000000000000000e+00
3.008273430168628693e-03,2.386485866736620665e-04,6.217873760760994628e-06,0.000000000000000000e+00,0.000000000000000000e+00
4.793970845639705658e-03,4.089453723281621933e-04,7.045171514619141817e-06,0.000000000000000000e+00,0.000000000000000000e+00
3.910802304744720459e-03,3.130623372271656990e-04,7.801787432981655002e-06,0.000000000000000000e+00,0.000000000000000000e+00
3.140904940664768219e-03,2.439337258692830801e-04,7.015675237198593095e-06,0.000000000000000000e+00,0.000000000000000000e+00
3.162193112075328827e-03,2.539132256060838699e-04,6.230607141333166510e-06,0.000000000000000000e+00,0.000000000000000000e+00
4.696471150964498520e-03,3.976630978286266327e-04,7.198403181973844767e-06,0.000000000000000000e+00,0.000000000000000000e+00
3.083137096837162971e-03,2.402036625426262617e-04,6.811003913753665984e-06,0.000000000000000000e+00,0.000000000000000000e+00
3.786720801144838333e-03,3.000872093252837658e-04,7.858486242184881121e-06,0.000000000000000000e+00,0.000000000000000000e+00
4.182452801614999771e-03,3.507271176204085350e-04,6.751815362804336473e-06,0.000000000000000000e+00,0.000000000000000000e+00
4.505502525717020035e-03,3.739279345609247684e-04,7.662231837457511574e-06,0.000000000000000000e+00,0.000000000000000000e+00
3.180917818099260330e-03,2.424675476504489779e-04,7.562424343632301316e-06,0.000000000000000000e+00,0.000000000000000000e+00
3.721740795299410820e-03,3.049705119337886572e-04,6.720355941070010886e-06,0.000000000000000000e+00,0.000000000000000000e+00
4.068640526384115219e-03,3.329932806082069874e-04,7.387079676846042275e-06,0.000000000000000000e+00,0.000000000000000000e+00
3.626457881182432175e-03,2.960756828542798758e-04,6.657010999333579093e-06,0.000000000000000000e+00,0.000000000000000000e+00
3.989513032138347626e-03,3.283853875473141670e-04,7.056589311105199158e-06,0.000000000000000000e+00,0.000000000000000000e+00
3.877535695210099220e-03,3.171940043102949858e-04,7.055955393298063427e-06,0.000000000000000000e+00,0.000000000000000000e+00
3.870407585054636002e-03,3.213281452190130949e-04,6.571262019861023873e-06,0.000000000000000000e+00,0.000000000000000000e+00
3.651049919426441193e-03,2.972930087707936764e-04,6.781197043892461807e-06,0.000000000000000000e+00,0.000000000000000000e+00
2.986285835504531860e-03,2.235453575849533081e-04,7.508322596549987793e-06,0.000000000000000000e+00,0.000000000000000000e+00
2.833360806107521057e-03,2.040320541709661484e-04,7.930401807243470103e-06,0.000000000000000000e+00,0.000000000000000000e+00
3.223283914849162102e-03,2.553123922552913427e-04,6.701599886582698673e-06,0.000000000000000000e+00,0.000000000000000000e+00
3.449882846325635910e-03,2.644494525156915188e-04,8.053882083913777024e-06,0.000000000000000000e+00,0.000000000000000000e+00
3.177348757162690163e-03,2.459061215631663799e-04,7.182874469435773790e-06,0.000000000000000000e+00,0.000000000000000000e+00
3.348546568304300308e-03,2.746389363892376423e-04,6.021573426551185548e-06,0.000000000000000000e+00,0.000000000000000000e+00
4.411969333887100220e-03,3.602404613047838211e-04,8.095645171124488115e-06,0.000000000000000000e+00,0.000000000000000000e+00
3.987300675362348557e-03,3.229342401027679443e-04,7.579581961181247607e-06,0.000000000000000000e+00,0.000000000000000000e+00
3.734319936484098434e-03,2.934908843599259853e-04,7.994111001607961953e-06,0.000000000000000000e+00,0.000000000000000000e+00
3.464054316282272339e-03,2.582971646916121244e-04,8.810825420368928462e-06,0.000000000000000000e+00,0.000000000000000000e+00
3.015544032678008080e-03,2.242626214865595102e-04,7.729177923465613276e-06,0.000000000000000000e+00,0.000000000000000000e+00
3.546827239915728569e-03,2.900375402532517910e-04,6.464517809945391491e-06,0.000000000000000000e+00,0.000000000000000000e+00
3.647008677944540977e-03,2.991459332406520844e-04,6.555494110216386616e-06,0.000000000000000000e+00,0.000000000000000000e+00
3.680975409224629402e-03,2.912257623393088579e-04,7.687178367632441223e-06,0.000000000000000000e+00,0.000000000000000000e+00
4.268608987331390381e-03,3.502072650007903576e-04,7.665361408726312220e-06,0.000000000000000000e+00,0.000000000000000000e+00
3.818437457084655762e-03,3.023874887730926275e-04,7.945624020067043602e-06,0.000000000000000000e+00,0.000000000000000000e+00
3.877899143844842911e-03,3.137109160888940096e-04,7.407899829559028149e-06,0.000000000000000000e+00,0.000000000000000000e+00
4.204596858471632004e-03,3.424528113100677729e-04,7.800686944392509758e-06,0.000000000000000000e+00,0.000000000000000000e+00
4.073922988027334213e-03,3.350306651555001736e-04,7.236162673507351428e-06,0.000000000000000000e+00,0.000000000000000000e+00
3.518684301525354385e-03,2.740895433817058802e-04,7.777888640703167766e-06,0.000000000000000000e+00,0.000000000000000000e+00
3.434980288147926331e-03,2.765858080238103867e-04,6.691221642540767789e-06,0.000000000000000000e+00,0.000000000000000000e+00
4.131487105041742325e-03,3.435664693824946880e-04,6.958224730624351650e-06,0.000000000000000000e+00,0.000000000000000000e+00
3.866662504151463509e-03,3.090217360295355320e-04,7.764451765979174525e-06,0.000000000000000000e+00,0.000000000000000000e+00
3.593030152842402458e-03,2.905825967900454998e-04,6.872040103189647198e-06,0.000000000000000000e+00,0.000000000000000000e+00
3.123648930341005325e-03,2.407142310403287411e-04,7.165065653680358082e-06,0.000000000000000000e+00,0.000000000000000000e+00
3.202501684427261353e-03,2.519570989534258842e-04,6.829307494626846164e-06,0.000000000000000000e+00,0.000000000000000000e+00
3.369197016581892967e-03,2.688304230105131865e-04,6.808926627854816616e-06,0.000000000000000000e+00,0.000000000000000000e+00
2.897722180932760239e-03,2.280724293086677790e-04,6.169978405523579568e-06,0.000000000000000000e+00,0.000000000000000000e+00
2.597894519567489624e-03,2.010108728427439928e-04,5.877859621250536293e-06,0.000000000000000000e+00,0.000000000000000000e+00
3.353716107085347176e-03,2.626148052513599396e-04,7.275680673046736047e-06,0.000000000000000000e+00,0.000000000000000000e+00
3.479154547676444054e-03,2.757729380391538143e-04,7.214250217657536268e-06,0.000000000000000000e+00,0.000000000000000000e+00
3.575889626517891884e-03,2.904174325522035360e-04,6.717152245983015746e-06,0.000000000000000000e+00,0.000000000000000000e+00
3.715898375958204269e-03,2.911848714575171471e-04,8.040497050387784839e-06,0.000000000000000000e+00,0.000000000000000000e+00
4.406576044857501984e-03,3.726462018676102161e-04,6.801141807954991236e-06,0.000000000000000000e+00,0.000000000000000000e+00
4.186272155493497849e-03,3.415356331970542669e-04,7.709159035584889352e-06,0.000000000000000000e+00,0.000000000000000000e+00
4.483933094888925552e-03,3.678318753372877836e-04,8.056141268752980977e-06,0.000000000000000000e+00,0.000000000000000000e+00
3.506359644234180450e-03,2.794114407151937485e-04,7.122452188923489302e-06,0.000000000000000000e+00,0.000000000000000000e+00
3.533733543008565903e-03,2.812937309499830008e-04,7.207961061794776469e-06,0.000000000000000000e+00,0.000000000000000000e+00
3.007536288350820541e-03,2.317327016498893499e-04,6.902091627125628293e-06,0.000000000000000000e+00,0.000000000000000000e+00
3.967912402004003525e-03,3.111983533017337322e-04,8.559289199183695018e-06,0.000000000000000000e+00,0.000000000000000000e+00
5.088419653475284576e-03,4.426639934536069632e-04,6.617796316277235746e-06,0.000000000000000000e+00,0.000000000000000000e+00
4.209602717310190201e-03,3.490700619295239449e-04,7.189021744125057012e-06,0.000000000000000000e+00,0.000000000000000000e+00
3.602898679673671722e-03,2.789417048916220665e-04,8.134817107929848135e-06,0.000000000000000000e+00,0.000000000000000000e+00
3.373824292793869972e-03,2.636490971781313419e-04,7.373333573923446238e-06,0.000000000000000000e+00,0.000000000000000000e+00
3.325609955936670303e-03,2.586120390333235264e-04,7.394895874313078821e-06,0.000000000000000000e+00,0.000000000000000000e+00
3.128621727228164673e-03,2.353132877033203840e-04,7.754888429190032184e-06,0.000000000000000000e+00,0.000000000000000000e+00
2.950292779132723808e-03,2.325246459804475307e-04,6.250462320167571306e-06,0.000000000000000000e+00,0.000000000000000000e+00
3.499513957649469376e-03,2.811603480949997902e-04,6.879104148538317531e-06,0.000000000000000000e+00,0.000000000000000000e+00
3.157124156132340431e-03,2.425574057269841433e-04,7.315501534321811050e-06,0.000000000000000000e+00,0.000000000000000000e+00
3.632716368883848190e-03,2.988119376823306084e-04,6.445970484492136165e-06,0.000000000000000000e+00,0.000000000000000000e+00
3.786831628531217575e-03,3.053591644857078791e-04,7.332401310122804716e-06,0.000000000000000000e+00,0.000000000000000000e+00
4.229303449392318726e-03,3.505324129946529865e-04,7.239792466862127185e-06,0.000000000000000000e+00,0.000000000000000000e+00
3.659928217530250549e-03,2.992451481986790895e-04,6.674767519143642858e-06,0.000000000000000000e+00,0.000000000000000000e+00
3.467190079391002655e-03,2.845720446202903986e-04,6.214696441020350903e-06,0.000000000000000000e+00,0.000000000000000000e+00
3.660894231870770454e-03,2.946627500932663679e-04,7.142667527659796178e-06,0.000000000000000000e+00,0.000000000000000000e+00
3.045566147193312645e-03,2.344668755540624261e-04,7.008973625488579273e-06,0.000000000000000000e+00,0.000000000000000000e+00
2.655387157574295998e-03,1.894943416118621826e-04,7.604437996633350849e-06,0.000000000000000000e+00,0.000000000000000000e+00
3.850573208183050156e-03,3.051505482289940119e-04,7.990676749614067376e-06,0.000000000000000000e+00,0.000000000000000000e+00
4.252124577760696411e-03,3.481918247416615486e-04,7.702065886405762285e-06,0.000000000000000000e+00,0.000000000000000000e+00
3.509674686938524246e-03,2.857510116882622242e-04,6.521646355395205319e-06,0.000000000000000000e+00,0.000000000000000000e+00
2.884088316932320595e-03,2.313387813046574593e-04,5.707005584554281086e-06,0.000000000000000000e+00,0.000000000000000000e+00
4.344315268099308014e-03,3.645499236881732941e-04,6.988158020249102265e-06,0.000000000000000000e+00,0.000000000000000000e+00
4.239184316247701645e-03,3.652099112514406443e-04,5.870852874068077654e-06,0.000000000000000000e+00,0.000000000000000000e+00
3.804988227784633636e-03,2.999835996888577938e-04,8.051521945162676275e-06,0.000000000000000000e+00,0.000000000000000000e+00
4.302375949919223785e-03,3.503996704239398241e-04,7.983791874721646309e-06,0.000000000000000000e+00,0.000000000000000000e+00
3.596000373363494873e-03,2.893256023526191711e-04,7.027442734397482127e-06,0.000000000000000000e+00,0.000000000000000000e+00
4.420329816639423370e-03,3.691212041303515434e-04,7.291177098522894084e-06,0.000000000000000000e+00,0.000000000000000000e+00
3.061010502278804779e-03,2.384279214311391115e-04,6.767313607269898057e-06,0.000000000000000000e+00,0.000000000000000000e+00
3.861108794808387756e-03,3.031608066521584988e-04,8.295007319247815758e-06,0.000000000000000000e+00,0.000000000000000000e+00
3.935031592845916748e-03,3.162020002491772175e-04,7.730117431492544711e-06,0.000000000000000000e+00,0.000000000000000000e+00
3.552095498889684677e-03,2.811253070831298828e-04,7.408425062749302015e-06,0.000000000000000000e+00,0.000000000000000000e+00
3.931593149900436401e-03,3.127416712231934071e-04,8.041764886002056301e-06,0.000000000000000000e+00,0.000000000000000000e+00
3.840160323306918144e-03,3.077981818933039904e-04,7.621785243827616796e-06,0.000000000000000000e+00,0.000000000000000000e+00
2.975150942802429199e-03,2.242251357529312372e-04,7.328995252464665100e-06,0.000000000000000000e+00,0.000000000000000000e+00
3.785945940762758255e-03,3.145040827803313732e-04,6.409049092326313257e-06,0.000000000000000000e+00,0.000000000000000000e+00
3.609054489061236382e-03,2.855681232176721096e-04,7.533730695286067203e-06,0.000000000000000000e+00,0.000000000000000000e+00
2.863328438252210617e-03,2.165342739317566156e-04,6.979856152611318976e-06,0.000000000000000000e+00,0.000000000000000000e+00
4.657455720007419586e-03,3.988232929259538651e-04,6.692228453175630420e-06,0.000000000000000000e+00,0.000000000000000000e+00
3.174652345478534698e-03,2.538718981668353081e-04,6.359332473948597908e-06,0.000000000000000000e+00,0.000000000000000000e+00
2.991108223795890808e-03,2.322963118785992265e-04,6.681450031464919448e-06,0.000000000000000000e+00,0.000000000000000000e+00
2.766886027529835701e-03,2.117491239914670587e-04,6.493947239505359903e-06,0.000000000000000000e+00,0.000000000000000000e+00
3.409462282434105873e-03,2.800649963319301605e-04,6.088123427616665140e-06,0.000000000000000000e+00,0.000000000000000000e+00
2.834674436599016190e-03,2.188261423725634813e-04,6.464129910455085337e-06,0.000000000000000000e+00,0.000000000000000000e+00
3.643642179667949677e-03,3.012895176652818918e-04,6.307469448074698448e-06,0.000000000000000000e+00,0.000000000000000000e+00
4.195285961031913757e-03,3.466415219008922577e-04,7.288705546670826152e-06,0.000000000000000000e+00,0.000000000000000000e+00
4.697733558714389801e-03,3.919799637515097857e-04,7.779337465763092041e-06,0.000000000000000000e+00,0.000000000000000000e+00
4.099192563444375992e-03,3.440151922404766083e-04,6.590405973838642240e-06,0.000000000000000000e+00,0.000000000000000000e+00
3.165797330439090729e-03,2.413723996141925454e-04,7.520733561250381172e-06,0.000000000000000000e+00,0.000000000000000000e+00
3.207743866369128227e-03,2.466562436893582344e-04,7.411814749502809718e-06,0.000000000000000000e+00,0.000000000000000000e+00
3.568727988749742508e-03,2.912469790317118168e-04,6.562583621416706592e-06,0.000000000000000000e+00,0.000000000000000000e+00
4.081684630364179611e-03,3.313289489597082138e-04,7.683949661441147327e-06,0.000000000000000000e+00,0.000000000000000000e+00
3.878151066601276398e-03,3.216071636416018009e-04,6.620794465561630204e-06,0.000000000000000000e+00,0.000000000000000000e+00
4.114156588912010193e-03,3.472500829957425594e-04,6.416558335331501439e-06,0.000000000000000000e+00,0.000000000000000000e+00
3.949066158384084702e-03,3.150093834847211838e-04,7.989723599166609347e-06,0.000000000000000000e+00,0.000000000000000000e+00
4.079140722751617432e-03,3.254432231187820435e-04,8.247083314927294850e-06,0.000000000000000000e+00,0.000000000000000000e+00
3.095538355410099030e-03,2.531084755901247263e-04,5.644536486215656623e-06,0.000000000000000000e+00,0.000000000000000000e+00
3.486305940896272659e-03,2.757575130090117455e-04,7.287309017556253821e-06,0.000000000000000000e+00,0.000000000000000000e+00
3.315885085612535477e-03,2.526977914385497570e-04,7.889069820521399379e-06,0.000000000000000000e+00,0.000000000000000000e+00
3.772082505747675896e-03,2.981917350552976131e-04,7.901649951236322522e-06,0.000000000000000000e+00,0.000000000000000000e+00
2.862269291654229164e-03,2.238392626168206334e-04,6.238767127797473222e-06,0.000000000000000000e+00,0.000000000000000000e+00
2.942707389593124390e-03,2.309945994056761265e-04,6.327614755718968809e-06,0.000000000000000000e+00,0.000000000000000000e+00
3.047322388738393784e-03,2.254714781884104013e-04,7.926077159936539829e-06,0.000000000000000000e+00,0.000000000000000000e+00
4.141948185861110687e-03,3.425070899538695812e-04,7.168769116105977446e-06,0.000000000000000000e+00,0.000000000000000000e+00
3.505782689899206161e-03,2.720768097788095474e-04,7.850145266274921596e-06,0.000000000000000000e+00,0.000000000000000000e+00
4.133165813982486725e-03,3.446032642386853695e-04,6.871328878332860768e-06,0.000000000000000000e+00,0.000000000000000000e+00
4.233377985656261444e-03,3.512416442390531301e-04,7.209613613667897880e-06,0.000000000000000000e+00,0.000000000000000000e+00
3.698773449286818504e-03,2.973640803247690201e-04,7.251326678670011461e-06,0.000000000000000000e+00,0.000000000000000000e+00
3.589484374970197678e-03,2.888097660616040230e-04,7.013866706984117627e-06,0.000000000000000000e+00,0.000000000000000000e+00
3.656373126432299614e-03,2.995976246893405914e-04,6.603969268326181918e-06,0.000000000000000000e+00,0.000000000000000000e+00
3.567637875676155090e-03,2.792278537526726723e-04,7.753593308734707534e-06,0.000000000000000000e+00,0.000000000000000000e+00
2.950060879811644554e-03,2.205892378697171807e-04,7.441683919751085341e-06,0.000000000000000000e+00,0.000000000000000000e+00
3.781646024435758591e-03,3.107927623204886913e-04,6.737182502547511831e-06,0.000000000000000000e+00,0.000000000000000000e+00
3.237353404983878136e-03,2.506612800061702728e-04,7.307406121981330216e-06,0.000000000000000000e+00,0.000000000000000000e+00
4.016860388219356537e-03,3.295628703199326992e-04,7.212313903437461704e-06,0.000000000000000000e+00,0.000000000000000000e+00
3.819974604994058609e-03,2.987721236422657967e-04,8.322533176396973431e-06,0.000000000000000000e+00,0.000000000000000000e+00
3.361176466569304466e-03,2.671747351996600628e-04,6.894289981573820114e-06,0.000000000000000000e+00,0.000000000000000000e+00
3.686257870867848396e-03,3.018209827132523060e-04,6.680482329102233052e-06,0.000000000000000000e+00,0.000000000000000000e+00
3.135831793770194054e-03,2.465825527906417847e-04,6.700062840536702424e-06,0.000000000000000000e+00,0.000000000000000000e+00
4.010075703263282776e-03,3.325635043438524008e-04,6.844406470918329433e-06,0.000000000000000000e+00,0.000000000000000000e+00
3.571405308321118355e-03,2.820775262080132961e-04,7.506298970838543028e-06,0.000000000000000000e+00,0.000000000000000000e+00
3.433928359299898148e-03,2.704929793253540993e-04,7.289986115210922435e-06,0.000000000000000000e+00,0.000000000000000000e+00
3.005939535796642303e-03,2.301976783201098442e-04,7.039626325422432274e-06,0.000000000000000000e+00,0.000000000000000000e+00
3.343035932630300522e-03,2.649500966072082520e-04,6.935349574632709846e-06,0.000000000000000000e+00,0.000000000000000000e+00
3.390700789168477058e-03,2.671843976713716984e-04,7.188569270510924980e-06,0.000000000000000000e+00,0.000000000000000000e+00
3.656276734545826912e-03,2.989144413731992245e-04,6.671322807960677892e-06,0.000000000000000000e+00,0.000000000000000000e+00
4.014268051832914352e-03,3.323436249047517776e-04,6.908318482601316646e-06,0.000000000000000000e+00,0.000000000000000000e+00
3.849036293104290962e-03,3.223945386707782745e-04,6.250909791560843587e-06,0.000000000000000000e+00,0.000000000000000000e+00
3.730822587385773659e-03,3.055333218071609735e-04,6.754894457117188722e-06,0.000000000000000000e+00,0.000000000000000000e+00
3.562498139217495918e-03,2.732220164034515619e-04,8.302779860969167203e-06,0.000000000000000000e+00,0.000000000000000000e+00
3.602248383685946465e-03,3.020069561898708344e-04,5.821787908644182608e-06,0.000000000000000000e+00,0.000000000000000000e+00
3.330382751300930977e-03,2.574630198068916798e-04,7.557526259915903211e-06,0.000000000000000000e+00,0.000000000000000000e+00
3.857660107314586639e-03,3.191256546415388584e-04,6.664036845904774964e-06,0.000000000000000000e+00,0.000000000000000000e+00
3.592851106077432632e-03,2.893318305723369122e-04,6.995327566983178258e-06,0.000000000000000000e+00,0.000000000000000000e+00
3.538546385243535042e-03,2.845825802069157362e-04,6.927205504325684160e-06,0.000000000000000000e+00,0.000000000000000000e+00
3.449783660471439362e-03,2.780117793008685112e-04,6.696658601867966354e-06,0.000000000000000000e+00,0.000000000000000000e+00
4.503531381487846375e-03,3.816754615399986506e-04,6.867767297080717981e-06,0.000000000000000000e+00,0.000000000000000000e+00
4.349319729954004288e-03,3.577650641091167927e-04,7.716692380199674517e-06,0.000000000000000000e+00,0.000000000000000000e+00
3.903315402567386627e-03,3.218632191419601440e-04,6.846832548035308719e-06,0.000000000000000000e+00,0.000000000000000000e+00
3.434277139604091644e-03,2.741665230132639408e-04,6.926121386641170830e-06,0.000000000000000000e+00,0.000000000000000000e+00
2.883011009544134140e-03,2.186669880757108331e-04,6.963411124161211774e-06,0.000000000000000000e+00,0.000000000000000000e+00
3.539343597367405891e-03,2.844300761353224516e-04,6.950428542040754110e-06,0.000000000000000000e+00,0.000000000000000000e+00
3.476101439446210861e-03,2.821076777763664722e-04,6.550249054271262139e-06,0.000000000000000000e+00,0.000000000000000000e+00
3.371502971276640892e-03,2.615072880871593952e-04,7.564302904938813299e-06,0.000000000000000000e+00,0.000000000000000000e+00
3.092763479799032211e-03,2.443944977130740881e-04,6.488184681074926630e-06,0.000000000000000000e+00,0.000000000000000000e+00
3.182711778208613396e-03,2.411031746305525303e-04,7.716801519563887268e-06,0.000000000000000000e+00,0.000000000000000000e+00
2.931489609181880951e-03,2.155678666895255446e-04,7.758109859423711896e-06,0.000000000000000000e+00,0.000000000000000000e+00
3.607808845117688179e-03,2.971047069877386093e-04,6.367617970681749284e-06,0.000000000000000000e+00,0.000000000000000000e+00
3.080494934692978859e-03,2.363756066188216209e-04,7.167389412643387914e-06,0.000000000000000000e+00,0.000000000000000000e+00
4.429346416145563126e-03,3.732841578312218189e-04,6.965051397855859250e-06,0.000000000000000000e+00,0.000000000000000000e+00
3.028705948963761330e-03,2.356862096348777413e-04,6.718437816743971780e-06,0.000000000000000000e+00,0.000000000000000000e+00
2.660537604242563248e-03,2.019394887611269951e-04,6.411428330466151237e-06,0.000000000000000000e+00,0.000000000000000000e+00
4.259319044649600983e-03,3.577372408472001553e-04,6.819465852458961308e-06,0.000000000000000000e+00,0.000000000000000000e+00
3.760119434446096420e-03,3.152368008159101009e-04,6.077512807678431273e-06,0.000000000000000000e+00,0.000000000000000000e+00
3.658002708107233047e-03,2.938274119514971972e-04,7.197286777227418497e-06,0.000000000000000000e+00,0.000000000000000000e+00
4.139383323490619659e-03,3.386703028809279203e-04,7.526803074142662808e-06,0.000000000000000000e+00,0.000000000000000000e+00
3.743459004908800125e-03,3.108449745923280716e-04,6.350092917273286730e-06,0.000000000000000000e+00,0.000000000000000000e+00
3.168685128912329674e-03,2.393311588093638420e-04,7.753736099402885884e-06,0.000000000000000000e+00,0.000000000000000000e+00
3.993052989244461060e-03,3.272432659287005663e-04,7.206204827525652945e-06,0.000000000000000000e+00,0.000000000000000000e+00
3.330567851662635803e-03,2.509128244128078222e-04,8.214396075345575809e-06,0.000000000000000000e+00,0.000000000000000000e+00
3.501542378216981888e-03,2.818814245983958244e-04,6.827282049925997853e-06,0.000000000000000000e+00,0.000000000000000000e+00
2.779399510473012924e-03,2.212987310485914350e-04,5.664121999870985746e-06,0.000000000000000000e+00,0.000000000000000000e+00
4.357576835900545120e-03,3.605809179134666920e-04,7.517679478041827679e-06,0.000000000000000000e+00,0.000000000000000000e+00
3.116790205240249634e-03,2.495642693247646093e-04,6.211473646544618532e-06,0.000000000000000000e+00,0.000000000000000000e+00
3.363182069733738899e-03,2.757272450253367424e-04,6.059095539967529476e-06,0.000000000000000000e+00,0.000000000000000000e+00
3.616428235545754433e-03,2.941169950645416975e-04,6.752582521585281938e-06,0.000000000000000000e+00,0.000000000000000000e+00
3.469137474894523621e-03,2.817144559230655432e-04,6.519929229398258030e-06,0.000000000000000000e+00,0.000000000000000000e+00
4.096416756510734558e-03,3.515898424666374922e-04,5.805183718621265143e-06,0.000000000000000000e+00,0.000000000000000000e+00
3.275801427662372589e-03,2.547675976529717445e-04,7.281253147084498778e-06,0.000000000000000000e+00,0.000000000000000000e+00
3.333304077386856079e-03,2.614360128063708544e-04,7.189440111687872559e-06,0.000000000000000000e+00,0.000000000000000000e+00
3.769040806218981743e-03,3.086412034463137388e-04,6.826287517469609156e-06,0.000000000000000000e+00,0.000000000000000000e+00
3.514593932777643204e-03,2.782089286483824253e-04,7.325047590711619705e-06,0.000000000000000000e+00,0.000000000000000000e+00
4.104287363588809967e-03,3.404907765798270702e-04,6.993793704168638214e-06,0.000000000000000000e+00,0.000000000000000000e+00
3.440745640546083450e-03,2.698141906876116991e-04,7.426036972901783884e-06,0.000000000000000000e+00,0.000000000000000000e+00
4.021323285996913910e-03,3.279387019574642181e-04,7.419360372296068817e-06,0.000000000000000000e+00,0.000000000000000000e+00
3.900430863723158836e-03,3.255291085224598646e-04,6.451397894124966115e-06,0.000000000000000000e+00,0.000000000000000000e+00
3.701701760292053223e-03,3.056207206100225449e-04,6.454946742451284081e-06,0.000000000000000000e+00,0.000000000000000000e+00
3.239019773900508881e-03,2.540056884754449129e-04,6.989628218434518203e-06,0.000000000000000000e+00,0.000000000000000000e+00
5.419663153588771820e-03,4.636125813703984022e-04,7.835373253328725696e-06,0.000000000000000000e+00,0.000000000000000000e+00
3.816258627921342850e-03,3.064901102334260941e-04,7.513574018958024681e-06,0.000000000000000000e+00,0.000000000000000000e+00
5.054391454905271530e-03,4.367316723801195621e-04,6.870748620713129640e-06,0.000000000000000000e+00,0.000000000000000000e+00
3.281203331425786018e-03,2.580961445346474648e-04,7.002419351920252666e-06,0.000000000000000000e+00,0.000000000000000000e+00
3.376622218638658524e-03,2.735397720243781805e-04,6.412244601960992441e-06,0.000000000000000000e+00,0.000000000000000000e+00
4.275415558367967606e-03,3.577973984647542238e-04,6.974415555305313319e-06,0.000000000000000000e+00,0.000000000000000000e+00
3.310626838356256485e-03,2.559255226515233517e-04,7.513715900131501257e-06,0.000000000000000000e+00,0.000000000000000000e+00
3.174247685819864273e-03,2.555104147177189589e-04,6.191433385538402945e-06,0.000000000000000000e+00,0.000000000000000000e+00
3.044321667402982712e-03,2.460011164657771587e-04,5.843105100211687386e-06,0.000000000000000000e+00,0.000000000000000000e+00
3.451490774750709534e-03,2.710976405069231987e-04,7.405142241623252630e-06,0.000000000000000000e+00,0.000000000000000000e+00
3.330749459564685822e-03,2.724719524849206209e-04,6.060300620447378606e-06,0.000000000000000000e+00,0.000000000000000000e+00
3.573383903130888939e-03,2.877034712582826614e-04,6.963491159694967791e-06,0.000000000000000000e+00,0.000000000000000000e+00
3.606370417401194572e-03,2.912099589593708515e-04,6.942709660506807268e-06,0.000000000000000000e+00,0.000000000000000000e+00
3.749048337340354919e-03,2.956268144771456718e-04,7.927803380880504847e-06,0.000000000000000000e+00,0.000000000000000000e+00
3.087954362854361534e-03,2.494189538992941380e-04,5.937648893450386822e-06,0.000000000000000000e+00,0.000000000000000000e+00
3.475550096482038498e-03,2.857392828445881605e-04,6.181570824992377311e-06,0.000000000000000000e+00,0.000000000000000000e+00
3.918947651982307434e-03,3.181562060490250587e-04,7.373856078629614785e-06,0.000000000000000000e+00,0.000000000000000000e+00
3.863875987008213997e-03,3.192540898453444242e-04,6.713349648634903133e-06,0.000000000000000000e+00,0.000000000000000000e+00
3.776413854211568832e-03,3.080467868130654097e-04,6.959458005439955741e-06,0.000000000000000000e+00,0.000000000000000000e+00
3.750463481992483139e-03,3.078593290410935879e-04,6.718699296470731497e-06,0.000000000000000000e+00,0.000000000000000000e+00
4.375789780169725418e-03,3.691525489557534456e-04,6.842642505944240838e-06,0.000000000000000000e+00,0.000000000000000000e+00
3.589418251067399979e-03,2.919909893535077572e-04,6.695082447549793869e-06,0.000000000000000000e+00,0.000000000000000000e+00
3.040040377527475357e-03,2.329366834601387382e-04,7.106735210982151330e-06,0.000000000000000000e+00,0.000000000000000000e+00
3.492608666419982910e-03,2.829426084645092487e-04,6.631827091041486710e-06,0.000000000000000000e+00,0.000000000000000000e+00
4.323784727603197098e-03,3.645227407105267048e-04,6.785573077650042251e-06,0.000000000000000000e+00,0.000000000000000000e+00
3.817444900050759315e-03,3.063581534661352634e-04,7.538634235970675945e-06,0.000000000000000000e+00,0.000000000000000000e+00
3.717672312632203102e-03,2.892073243856430054e-04,8.255990906036458910e-06,0.000000000000000000e+00,0.000000000000000000e+00
3.600716358050704002e-03,2.883328124880790710e-04,7.173882295319344848e-06,0.000000000000000000e+00,0.000000000000000000e+00
3.476077923551201820e-03,2.776076435111463070e-04,7.000013283686712384e-06,0.000000000000000000e+00,0.000000000000000000e+00
3.645483870059251785e-03,2.941341372206807137e-04,7.041426215437240899e-06,0.000000000000000000e+00,0.000000000000000000e+00
3.818794386461377144e-03,3.187838301528245211e-04,6.309562195383477956e-06,0.000000000000000000e+00,0.000000000000000000e+00
4.720030352473258972e-03,4.096412158105522394e-04,6.236183253349736333e-06,0.000000000000000000e+00,0.000000000000000000e+00
3.556442912667989731e-03,2.775122993625700474e-04,7.813199772499501705e-06,0.000000000000000000e+00,0.000000000000000000e+00
3.819992998614907265e-03,3.163376532029360533e-04,6.566164756804937497e-06,0.000000000000000000e+00,0.000000000000000000e+00
3.849077969789505005e-03,3.170312847942113876e-04,6.787650818296242505e-06,0.000000000000000000e+00,0.000000000000000000e+00
3.961252514272928238e-03,3.316170768812298775e-04,6.450818545999936759e-06,0.000000000000000000e+00,0.000000000000000000e+00
4.245026968419551849e-03,3.544973151292651892e-04,7.000538971624337137e-06,0.000000000000000000e+00,0.000000000000000000e+00
3.744461573660373688e-03,3.006359329447150230e-04,7.381021532637532800e-06,0.000000000000000000e+00,0.000000000000000000e+00
3.374376101419329643e-03,2.729207335505634546e-04,6.451688477682182565e-06,0.000000000000000000e+00,0.000000000000000000e+00
3.801960265263915062e-03,2.955911331810057163e-04,8.460490789730101824e-06,0.000000000000000000e+00,0.000000000000000000e+00
3.600179683417081833e-03,2.837250358425080776e-04,7.629292667843401432e-06,0.000000000000000000e+00,0.000000000000000000e+00
3.321756608784198761e-03,2.631602401379495859e-04,6.901543656567810103e-06,0.000000000000000000e+00,0.000000000000000000e+00
3.288831328973174095e-03,2.571131044533103704e-04,7.177002316893776879e-06,0.000000000000000000e+00,0.000000000000000000e+00
3.191352589055895805e-03,2.550958306528627872e-04,6.403943643817910925e-06,0.000000000000000000e+00,0.000000000000000000e+00
3.635678905993700027e-03,2.945061132777482271e-04,6.906177077325992286e-06,0.000000000000000000e+00,0.000000000000000000e+00
3.506281878799200058e-03,2.786647528409957886e-04,7.196344085969030857e-06,0.000000000000000000e+00,0.000000000000000000e+00
3.185949753969907761e-03,2.437346993247047067e-04,7.486028152925428003e-06,0.000000000000000000e+00,0.000000000000000000e+00
3.124376758933067322e-03,2.317376201972365379e-04,8.070005605986807495e-06,0.000000000000000000e+00,0.000000000000000000e+00
3.330774139612913132e-03,2.687823725864291191e-04,6.429504537663888186e-06,0.000000000000000000e+00,0.000000000000000000e+00
2.820616820827126503e-03,2.064888394670560956e-04,7.557284334325231612e-06,0.000000000000000000e+00,0.000000000000000000e+00
4.412279464304447174e-03,3.779830294661223888e-04,6.324488822428975254e-06,0.000000000000000000e+00,0.000000000000000000e+00
3.733178833499550819e-03,3.091135004069656134e-04,6.420437330234562978e-06,0.000000000000000000e+00,0.000000000000000000e+00
3.078351495787501335e-03,2.451332984492182732e-04,6.270184712775517255e-06,0.000000000000000000e+00,0.000000000000000000e+00
4.094782751053571701e-03,3.414844104554504156e-04,6.799385118938516825e-06,0.000000000000000000e+00,0.000000000000000000e+00
3.218850353732705116e-03,2.540745772421360016e-04,6.781046067771967500e-06,0.000000000000000000e+00,0.000000000000000000e+00
4.379156045615673065e-03,3.646235272753983736e-04,7.329207164730178192e-06,0.000000000000000000e+00,0.000000000000000000e+00
3.817824413999915123e-03,3.132252313662320375e-04,6.855721039755735546e-06,0.000000000000000000e+00,0.000000000000000000e+00
3.423815593123435974e-03,2.729709958657622337e-04,6.941057108633685857e-06,0.000000000000000000e+00,0.000000000000000000e+00
3.251945599913597107e-03,2.608478534966707230e-04,6.434670922317309305e-06,0.000000000000000000e+00,0.000000000000000000e+00
3.332608845084905624e-03,2.631855022627860308e-04,7.007537533354479820e-06,0.000000000000000000e+00,0.000000000000000000e+00
3.254637354984879494e-03,2.557200205046683550e-04,6.974372809054329991e-06,0.000000000000000000e+00,0.000000000000000000e+00
3.517680335789918900e-03,2.819561050273478031e-04,6.981194474064977840e-06,0.000000000000000000e+00,0.000000000000000000e+00
2.688884036615490913e-03,2.118465781677514315e-04,5.704182967747328803e-06,0.000000000000000000e+00,0.000000000000000000e+00
4.331240430474281311e-03,3.538408782333135605e-04,7.928318154881708324e-06,0.000000000000000000e+00,0.000000000000000000e+00
4.432492423802614212e-03,3.755507059395313263e-04,6.769853371224598959e-06,0.000000000000000000e+00,0.000000000000000000e+00
3.381527261808514595e-03,2.683141792658716440e-04,6.983856110309716314e-06,0.000000000000000000e+00,0.000000000000000000e+00
3.123416332527995110e-03,2.473350905347615480e-04,6.500654308183584362e-06,0.000000000000000000e+00,0.000000000000000000e+00
3.709563985466957092e-03,2.905108267441391945e-04,8.044557034736499190e-06,0.000000000000000000e+00,0.000000000000000000e+00
3.759366925805807114e-03,3.072312392760068178e-04,6.870547167636686936e-06,0.000000000000000000e+00,0.000000000000000000e+00
3.184059634804725647e-03,2.572243683971464634e-04,6.118161309132119641e-06,0.000000000000000000e+00,0.000000000000000000e+00
3.012237371876835823e-03,2.345027169212698936e-04,6.672101335425395519e-06,0.000000000000000000e+00,0.000000000000000000e+00
2.892519114539027214e-03,2.188311773352324963e-04,7.042071501928148791e-06,0.000000000000000000e+00,0.000000000000000000e+00
4.497539252042770386e-03,3.822628641501069069e-04,6.749105523340404034e-06,0.000000000000000000e+00,0.000000000000000000e+00
3.591828979551792145e-03,2.990055654663592577e-04,6.017734904162352905e-06,0.000000000000000000e+00,0.000000000000000000e+00
3.582085948437452316e-03,2.907224115915596485e-04,6.748619853169657290e-06,0.000000000000000000e+00,0.000000000000000000e+00
3.606308251619338989e-03,2.823105314746499062e-04,7.832028131815604866e-06,0.000000000000000000e+00,0.000000000000000000e+00
3.022049320861697197e-03,2.323960216017439961e-04,6.980891157581936568e-06,0.000000000000000000e+00,0.000000000000000000e+00
3.150417469441890717e-03,2.431565953884273767e-04,7.188516974565573037e-06,0.000000000000000000e+00,0.000000000000000000e+00
2.798695815727114677e-03,2.135734539479017258e-04,6.629612471442669630e-06,0.000000000000000000e+00,0.000000000000000000e+00
3.524820087477564812e-03,2.907949674408882856e-04,6.168704203446395695e-06,0.000000000000000000e+00,0.000000000000000000e+00
4.157975781708955765e-03,3.433401871006935835e-04,7.245738288474967703e-06,0.000000000000000000e+00,0.000000000000000000e+00
3.107069525867700577e-03,2.470006002113223076e-04,6.370635674102231860e-06,0.000000000000000000e+00,0.000000000000000000e+00
3.867453429847955704e-03,3.236432094126939774e-04,6.310214757832000032e-06,0.000000000000000000e+00,0.000000000000000000e+00
4.322460852563381195e-03,3.590401029214262962e-04,7.320597887883195654e-06,0.000000000000000000e+00,0.000000000000000000e+00
3.422055859118700027e-03,2.711929264478385448e-04,7.101263690856285393e-06,0.000000000000000000e+00,0.000000000000000000e+00
2.895513549447059631e-03,2.257350279251113534e-04,6.381631919794017449e-06,0.000000000000000000e+00,0.000000000000000000e+00
3.481205319985747337e-03,2.753056178335100412e-04,7.281492798938415945e-06,0.000000000000000000e+00,0.000000000000000000e+00
3.486914560198783875e-03,2.825166448019444942e-04,6.617480266868369654e-06,0.000000000000000000e+00,0.000000000000000000e+00
3.363833297044038773e-03,2.716650196816772223e-04,6.471829692600294948e-06,0.000000000000000000e+00,0.000000000000000000e+00
3.316510934382677078e-03,2.551764482632279396e-04,7.647465281479526311e-06,0.000000000000000000e+00,0.000000000000000000e+00
4.247684497386217117e-03,3.530263493303209543e-04,7.174210622906684875e-06,0.000000000000000000e+00,0.000000000000000000e+00
3.636841196566820145e-03,2.908344613388180733e-04,7.284964794962434098e-06,0.000000000000000000e+00,0.000000000000000000e+00
