step,phase_0_adam_1_lbfgs,weighted_pde_residual
1.000000000000000000e+00,0.000000000000000000e+00,1.085658301829836692e+00
2.000000000000000000e+00,0.000000000000000000e+00,1.070968377499290414e+00
3.000000000000000000e+00,0.000000000000000000e+00,1.051895385366098168e+00
4.000000000000000000e+00,0.000000000000000000e+00,1.027652956032399700e+00
5.000000000000000000e+00,0.000000000000000000e+00,9.977362149740424124e-01
6.000000000000000000e+00,0.000000000000000000e+00,9.615051705713670849e-01
7.000000000000000000e+00,0.000000000000000000e+00,9.182670724333238388e-01
8.000000000000000000e+00,0.000000000000000000e+00,8.674256857569204726e-01
9.000000000000000000e+00,0.000000000000000000e+00,8.086356250116180089e-01
1.000000000000000000e+01,0.000000000000000000e+00,7.419171333670060431e-01
1.100000000000000000e+01,0.000000000000000000e+00,6.678671272461444985e-01
1.200000000000000000e+01,0.000000000000000000e+00,5.879471074945845643e-01
1.300000000000000000e+01,0.000000000000000000e+00,5.047868949267809713e-01
1.400000000000000000e+01,0.000000000000000000e+00,4.224250331408268555e-01
1.500000000000000000e+01,0.000000000000000000e+00,3.463885827724797473e-01
1.600000000000000000e+01,0.000000000000000000e+00,2.834120408349901643e-01
1.700000000000000000e+01,0.000000000000000000e+00,2.404777231551255556e-01
1.800000000000000000e+01,0.000000000000000000e+00,2.227062525679549820e-01
1.900000000000000000e+01,0.000000000000000000e+00,2.298679935173463806e-01
2.000000000000000000e+01,0.000000000000000000e+00,2.534669048089237542e-01
2.100000000000000000e+01,0.000000000000000000e+00,2.791758064772174031e-01
2.200000000000000000e+01,0.000000000000000000e+00,2.946561299181134075e-01
2.300000000000000000e+01,0.000000000000000000e+00,2.947992234039094051e-01
2.400000000000000000e+01,0.000000000000000000e+00,2.810343162086983426e-01
2.500000000000000000e+01,0.000000000000000000e+00,2.582779390105897077e-01
2.600000000000000000e+01,0.000000000000000000e+00,2.323488913510708409e-01
2.700000000000000000e+01,0.000000000000000000e+00,2.083552262324924464e-01
2.800000000000000000e+01,0.000000000000000000e+00,1.898255113329219146e-01
2.900000000000000000e+01,0.000000000000000000e+00,1.783846283047535453e-01
3.000000000000000000e+01,0.000000000000000000e+00,1.738672849646401564e-01
3.100000000000000000e+01,0.000000000000000000e+00,1.747635468265851533e-01
3.200000000000000000e+01,0.000000000000000000e+00,1.788438176658630474e-01
3.300000000000000000e+01,0.000000000000000000e+00,1.837889828117131308e-01
3.400000000000000000e+01,0.000000000000000000e+00,1.876807837742494323e-01
3.500000000000000000e+01,0.000000000000000000e+00,1.892764756699397699e-01
3.600000000000000000e+01,0.000000000000000000e+00,1.880759496197615954e-01
3.700000000000000000e+01,0.000000000000000000e+00,1.842427937624359080e-01
3.800000000000000000e+01,0.000000000000000000e+00,1.784446805977022155e-01
3.900000000000000000e+01,0.000000000000000000e+00,1.716566156863875980e-01
4.000000000000000000e+01,0.000000000000000000e+00,1.649500367905994969e-01
4.100000000000000000e+01,0.000000000000000000e+00,1.592834482320305556e-01
4.200000000000000000e+01,0.000000000000000000e+00,1.553158834443170155e-01
4.300000000000000000e+01,0.000000000000000000e+00,1.532757953055874367e-01
4.400000000000000000e+01,0.000000000000000000e+00,1.529236912593384123e-01
4.500000000000000000e+01,0.000000000000000000e+00,1.536347574595248455e-01
4.600000000000000000e+01,0.000000000000000000e+00,1.545926950493779484e-01
4.700000000000000000e+01,0.000000000000000000e+00,1.550401180562566705e-01
4.800000000000000000e+01,0.000000000000000000e+00,1.545017130503959224e-01
4.900000000000000000e+01,0.000000000000000000e+00,1.529054725805447656e-01
5.000000000000000000e+01,0.000000000000000000e+00,1.505691725172761120e-01
5.100000000000000000e+01,0.000000000000000000e+00,1.480675209008663895e-01
5.200000000000000000e+01,0.000000000000000000e+00,1.460278042532007214e-01
5.300000000000000000e+01,0.000000000000000000e+00,1.449142214629705050e-01
5.400000000000000000e+01,0.000000000000000000e+00,1.448623350713598434e-01
5.500000000000000000e+01,0.000000000000000000e+00,1.456227568309388098e-01
5.600000000000000000e+01,0.000000000000000000e+00,1.466573017915152044e-01
5.700000000000000000e+01,0.000000000000000000e+00,1.473736273352880266e-01
5.800000000000000000e+01,0.000000000000000000e+00,1.473909574178731419e-01
5.900000000000000000e+01,0.000000000000000000e+00,1.466872248917121535e-01
6.000000000000000000e+01,0.000000000000000000e+00,1.455554274844622908e-01
6.100000000000000000e+01,0.000000000000000000e+00,1.444212991015456637e-01
6.200000000000000000e+01,0.000000000000000000e+00,1.436364452611125497e-01
6.300000000000000000e+01,0.000000000000000000e+00,1.433442189230053065e-01
6.400000000000000000e+01,0.000000000000000000e+00,1.434603609260753365e-01
6.500000000000000000e+01,0.000000000000000000e+00,1.437527977217042952e-01
6.600000000000000000e+01,0.000000000000000000e+00,1.439667404298358988e-01
6.700000000000000000e+01,0.000000000000000000e+00,1.439336492146314483e-01
6.800000000000000000e+01,0.000000000000000000e+00,1.436229778878648777e-01
6.900000000000000000e+01,0.000000000000000000e+00,1.431282181574782264e-01
7.000000000000000000e+01,0.000000000000000000e+00,1.426062711668875382e-01
7.100000000000000000e+01,0.000000000000000000e+00,1.422025441476540419e-01
7.200000000000000000e+01,0.000000000000000000e+00,1.419931416221953957e-01
7.300000000000000000e+01,0.000000000000000000e+00,1.419640604806962358e-01
7.400000000000000000e+01,0.000000000000000000e+00,1.420304986315352180e-01
7.500000000000000000e+01,0.000000000000000000e+00,1.420829958462170306e-01
7.600000000000000000e+01,0.000000000000000000e+00,1.420372971985443822e-01
7.700000000000000000e+01,0.000000000000000000e+00,1.418658431897283356e-01
7.800000000000000000e+01,0.000000000000000000e+00,1.415998082079795717e-01
7.900000000000000000e+01,0.000000000000000000e+00,1.413053698146360670e-01
8.000000000000000000e+01,0.000000000000000000e+00,1.410487335292973099e-01
8.100000000000000000e+01,0.000000000000000000e+00,1.408669867812673837e-01
8.200000000000000000e+01,0.000000000000000000e+00,1.407565348071034561e-01
8.300000000000000000e+01,0.000000000000000000e+00,1.406813956556576817e-01
8.400000000000000000e+01,0.000000000000000000e+00,1.405946700113375747e-01
8.500000000000000000e+01,0.000000000000000000e+00,1.404617331048246542e-01
8.600000000000000000e+01,0.000000000000000000e+00,1.402745435738781965e-01
8.700000000000000000e+01,0.000000000000000000e+00,1.400517986554018490e-01
8.800000000000000000e+01,0.000000000000000000e+00,1.398266246725838324e-01
8.900000000000000000e+01,0.000000000000000000e+00,1.396289315004096421e-01
9.000000000000000000e+01,0.000000000000000000e+00,1.394713234797973211e-01
9.100000000000000000e+01,0.000000000000000000e+00,1.393450379151685292e-01
9.200000000000000000e+01,0.000000000000000000e+00,1.392270135017421306e-01
9.300000000000000000e+01,0.000000000000000000e+00,1.390934784544570757e-01
9.400000000000000000e+01,0.000000000000000000e+00,1.389323414855203609e-01
9.500000000000000000e+01,0.000000000000000000e+00,1.387478843273772799e-01
9.600000000000000000e+01,0.000000000000000000e+00,1.385560349825159521e-01
9.700000000000000000e+01,0.000000000000000000e+00,1.383739099006436324e-01
9.800000000000000000e+01,0.000000000000000000e+00,1.382101331639343234e-01
9.900000000000000000e+01,0.000000000000000000e+00,1.380612517365523428e-01
1.000000000000000000e+02,0.000000000000000000e+00,1.379154717587685319e-01
1.010000000000000000e+02,0.000000000000000000e+00,1.377606272987738911e-01
1.020000000000000000e+02,0.000000000000000000e+00,1.375912615119110061e-01
1.030000000000000000e+02,0.000000000000000000e+00,1.374108451047508783e-01
1.040000000000000000e+02,0.000000000000000000e+00,1.372284540866434976e-01
1.050000000000000000e+02,0.000000000000000000e+00,1.370525501453203621e-01
1.060000000000000000e+02,0.000000000000000000e+00,1.368859336214419131e-01
1.070000000000000000e+02,0.000000000000000000e+00,1.367248027792279386e-01
1.080000000000000000e+02,0.000000000000000000e+00,1.365620292278503234e-01
1.090000000000000000e+02,0.000000000000000000e+00,1.363921055458398035e-01
1.100000000000000000e+02,0.000000000000000000e+00,1.362144176905467075e-01
1.110000000000000000e+02,0.000000000000000000e+00,1.360329402456591230e-01
1.120000000000000000e+02,0.000000000000000000e+00,1.358530084825895212e-01
1.130000000000000000e+02,0.000000000000000000e+00,1.356776693530569455e-01
1.140000000000000000e+02,0.000000000000000000e+00,1.355060800700953749e-01
1.150000000000000000e+02,0.000000000000000000e+00,1.353347393903724383e-01
1.160000000000000000e+02,0.000000000000000000e+00,1.351603303931315780e-01
1.170000000000000000e+02,0.000000000000000000e+00,1.349820173504238108e-01
1.180000000000000000e+02,0.000000000000000000e+00,1.348016833282819626e-01
1.190000000000000000e+02,0.000000000000000000e+00,1.346222049029344447e-01
1.200000000000000000e+02,0.000000000000000000e+00,1.344452288193463407e-01
1.210000000000000000e+02,0.000000000000000000e+00,1.342701116698004904e-01
1.220000000000000000e+02,0.000000000000000000e+00,1.340946677588645830e-01
1.230000000000000000e+02,0.000000000000000000e+00,1.339169723513403965e-01
1.240000000000000000e+02,0.000000000000000000e+00,1.337367533500867234e-01
1.250000000000000000e+02,0.000000000000000000e+00,1.335553670492464207e-01
1.260000000000000000e+02,0.000000000000000000e+00,1.333745466441216276e-01
1.270000000000000000e+02,0.000000000000000000e+00,1.331950417190045366e-01
1.280000000000000000e+02,0.000000000000000000e+00,1.330162213554041961e-01
1.290000000000000000e+02,0.000000000000000000e+00,1.328368215608367597e-01
1.300000000000000000e+02,0.000000000000000000e+00,1.326560790902859832e-01
1.310000000000000000e+02,0.000000000000000000e+00,1.324742725701372192e-01
1.320000000000000000e+02,0.000000000000000000e+00,1.322922970397825138e-01
1.330000000000000000e+02,0.000000000000000000e+00,1.321107496250025770e-01
1.340000000000000000e+02,0.000000000000000000e+00,1.319293667961330407e-01
1.350000000000000000e+02,0.000000000000000000e+00,1.317472625628599847e-01
1.360000000000000000e+02,0.000000000000000000e+00,1.315636730346152194e-01
1.370000000000000000e+02,0.000000000000000000e+00,1.313784977717960545e-01
1.380000000000000000e+02,0.000000000000000000e+00,1.311921844791106573e-01
1.390000000000000000e+02,0.000000000000000000e+00,1.310051416037162353e-01
1.400000000000000000e+02,0.000000000000000000e+00,1.308172667850423521e-01
1.410000000000000000e+02,0.000000000000000000e+00,1.306279999684389348e-01
1.420000000000000000e+02,0.000000000000000000e+00,1.304367738913535801e-01
1.430000000000000000e+02,0.000000000000000000e+00,1.302433800524949170e-01
1.440000000000000000e+02,0.000000000000000000e+00,1.300479102440768031e-01
1.450000000000000000e+02,0.000000000000000000e+00,1.298503846894288327e-01
1.460000000000000000e+02,0.000000000000000000e+00,1.296504713022307853e-01
1.470000000000000000e+02,0.000000000000000000e+00,1.294475655836350714e-01
1.480000000000000000e+02,0.000000000000000000e+00,1.292411116505057800e-01
1.490000000000000000e+02,0.000000000000000000e+00,1.290308153109168132e-01
1.500000000000000000e+02,0.000000000000000000e+00,1.288165478646168538e-01
1.510000000000000000e+02,0.000000000000000000e+00,1.285980772354812229e-01
1.520000000000000000e+02,0.000000000000000000e+00,1.283749229677798309e-01
1.530000000000000000e+02,0.000000000000000000e+00,1.281464646176210254e-01
1.540000000000000000e+02,0.000000000000000000e+00,1.279121492604188837e-01
1.550000000000000000e+02,0.000000000000000000e+00,1.276715579974957993e-01
1.560000000000000000e+02,0.000000000000000000e+00,1.274242753544460593e-01
1.570000000000000000e+02,0.000000000000000000e+00,1.271697306916333425e-01
1.580000000000000000e+02,0.000000000000000000e+00,1.269071936379237431e-01
1.590000000000000000e+02,0.000000000000000000e+00,1.266359115834405358e-01
1.600000000000000000e+02,0.000000000000000000e+00,1.263552157505248852e-01
1.610000000000000000e+02,0.000000000000000000e+00,1.260644762256903084e-01
1.620000000000000000e+02,0.000000000000000000e+00,1.257629736918068619e-01
1.630000000000000000e+02,0.000000000000000000e+00,1.254498442187028107e-01
1.640000000000000000e+02,0.000000000000000000e+00,1.251241475189512342e-01
1.650000000000000000e+02,0.000000000000000000e+00,1.247849545192735998e-01
1.660000000000000000e+02,0.000000000000000000e+00,1.244313396405495598e-01
1.670000000000000000e+02,0.000000000000000000e+00,1.240622959635717393e-01
1.680000000000000000e+02,0.000000000000000000e+00,1.236766878457947749e-01
1.690000000000000000e+02,0.000000000000000000e+00,1.232732958840128401e-01
1.700000000000000000e+02,0.000000000000000000e+00,1.228508831525563783e-01
1.710000000000000000e+02,0.000000000000000000e+00,1.224081895645570267e-01
1.720000000000000000e+02,0.000000000000000000e+00,1.219438645889091566e-01
1.730000000000000000e+02,0.000000000000000000e+00,1.214564293956199581e-01
1.740000000000000000e+02,0.000000000000000000e+00,1.209443099008795930e-01
1.750000000000000000e+02,0.000000000000000000e+00,1.204058807290092903e-01
1.760000000000000000e+02,0.000000000000000000e+00,1.198394527413449567e-01
1.770000000000000000e+02,0.000000000000000000e+00,1.192432267223803855e-01
1.780000000000000000e+02,0.000000000000000000e+00,1.186152853304408977e-01
1.790000000000000000e+02,0.000000000000000000e+00,1.179536335094752975e-01
1.800000000000000000e+02,0.000000000000000000e+00,1.172562240684716511e-01
1.810000000000000000e+02,0.000000000000000000e+00,1.165209342602485515e-01
1.820000000000000000e+02,0.000000000000000000e+00,1.157455416406800996e-01
1.830000000000000000e+02,0.000000000000000000e+00,1.149277505016929046e-01
1.840000000000000000e+02,0.000000000000000000e+00,1.140652422136594901e-01
1.850000000000000000e+02,0.000000000000000000e+00,1.131556953442737212e-01
1.860000000000000000e+02,0.000000000000000000e+00,1.121967882754045520e-01
1.870000000000000000e+02,0.000000000000000000e+00,1.111862391356459312e-01
1.880000000000000000e+02,0.000000000000000000e+00,1.101218812397645741e-01
1.890000000000000000e+02,0.000000000000000000e+00,1.090017229956651984e-01
1.900000000000000000e+02,0.000000000000000000e+00,1.078239940581179751e-01
1.910000000000000000e+02,0.000000000000000000e+00,1.065872348694039962e-01
1.920000000000000000e+02,0.000000000000000000e+00,1.052904338159331155e-01
1.930000000000000000e+02,0.000000000000000000e+00,1.039331553922176188e-01
1.940000000000000000e+02,0.000000000000000000e+00,1.025156546795467916e-01
1.950000000000000000e+02,0.000000000000000000e+00,1.010390258717041023e-01
1.960000000000000000e+02,0.000000000000000000e+00,9.950536879813198787e-02
1.970000000000000000e+02,0.000000000000000000e+00,9.791792064587637179e-02
1.980000000000000000e+02,0.000000000000000000e+00,9.628117774847155808e-02
1.990000000000000000e+02,0.000000000000000000e+00,9.460102701514094825e-02
2.000000000000000000e+02,0.000000000000000000e+00,9.288480053747283360e-02
2.010000000000000000e+02,0.000000000000000000e+00,9.114121072678944835e-02
2.020000000000000000e+02,0.000000000000000000e+00,8.938021015403582736e-02
2.030000000000000000e+02,0.000000000000000000e+00,8.761273248388903867e-02
2.040000000000000000e+02,0.000000000000000000e+00,8.585027895677840859e-02
2.050000000000000000e+02,0.000000000000000000e+00,8.410440587803169610e-02
2.060000000000000000e+02,0.000000000000000000e+00,8.238604806137210523e-02
2.070000000000000000e+02,0.000000000000000000e+00,8.070467538667427942e-02
2.080000000000000000e+02,0.000000000000000000e+00,7.906742491323820454e-02
2.090000000000000000e+02,0.000000000000000000e+00,7.747821426123541189e-02
2.100000000000000000e+02,0.000000000000000000e+00,7.593697098832610792e-02
2.110000000000000000e+02,0.000000000000000000e+00,7.443910490048552542e-02
2.120000000000000000e+02,0.000000000000000000e+00,7.297534842324385207e-02
2.130000000000000000e+02,0.000000000000000000e+00,7.153219842079636126e-02
2.140000000000000000e+02,0.000000000000000000e+00,7.009289518625255733e-02
2.150000000000000000e+02,0.000000000000000000e+00,6.863893322832895216e-02
2.160000000000000000e+02,0.000000000000000000e+00,6.715184668351306674e-02
2.170000000000000000e+02,0.000000000000000000e+00,6.561509149556908616e-02
2.180000000000000000e+02,0.000000000000000000e+00,6.401568212314664996e-02
2.190000000000000000e+02,0.000000000000000000e+00,6.234546615615364079e-02
2.200000000000000000e+02,0.000000000000000000e+00,6.060183988602711735e-02
2.210000000000000000e+02,0.000000000000000000e+00,5.878784355925924243e-02
2.220000000000000000e+02,0.000000000000000000e+00,5.691160880041627734e-02
2.230000000000000000e+02,0.000000000000000000e+00,5.498537342503542757e-02
2.240000000000000000e+02,0.000000000000000000e+00,5.302425759907375413e-02
2.250000000000000000e+02,0.000000000000000000e+00,5.104501924102079757e-02
2.260000000000000000e+02,0.000000000000000000e+00,4.906496751328352779e-02
2.270000000000000000e+02,0.000000000000000000e+00,4.710104057156919155e-02
2.280000000000000000e+02,0.000000000000000000e+00,4.516921356718366087e-02
2.290000000000000000e+02,0.000000000000000000e+00,4.328427549079995329e-02
2.300000000000000000e+02,0.000000000000000000e+00,4.145980432258972170e-02
2.310000000000000000e+02,0.000000000000000000e+00,3.970837409207321478e-02
2.320000000000000000e+02,0.000000000000000000e+00,3.804178850847891868e-02
2.330000000000000000e+02,0.000000000000000000e+00,3.647123606958500852e-02
2.340000000000000000e+02,0.000000000000000000e+00,3.500744152516059582e-02
2.350000000000000000e+02,0.000000000000000000e+00,3.366024297731574216e-02
2.360000000000000000e+02,0.000000000000000000e+00,3.243785805149150547e-02
2.370000000000000000e+02,0.000000000000000000e+00,3.134553439955574394e-02
2.380000000000000000e+02,0.000000000000000000e+00,3.038395628665906470e-02
2.390000000000000000e+02,0.000000000000000000e+00,2.954738577377799894e-02
2.400000000000000000e+02,0.000000000000000000e+00,2.882211512692092401e-02
2.410000000000000000e+02,0.000000000000000000e+00,2.818597616455531529e-02
2.420000000000000000e+02,0.000000000000000000e+00,2.760969888810397427e-02
2.430000000000000000e+02,0.000000000000000000e+00,2.706019329691886077e-02
2.440000000000000000e+02,0.000000000000000000e+00,2.650555320697519507e-02
2.450000000000000000e+02,0.000000000000000000e+00,2.592023830420169678e-02
2.460000000000000000e+02,0.000000000000000000e+00,2.529133566294581442e-02
2.470000000000000000e+02,0.000000000000000000e+00,2.462691946757191233e-02
2.480000000000000000e+02,0.000000000000000000e+00,2.404382414540319479e-02
2.490000000000000000e+02,0.000000000000000000e+00,2.444734707815428287e-02
2.500000000000000000e+02,0.000000000000000000e+00,2.859007418491661678e-02
2.510000000000000000e+02,0.000000000000000000e+00,3.269798300798040097e-02
2.520000000000000000e+02,0.000000000000000000e+00,2.479323028439333471e-02
2.530000000000000000e+02,0.000000000000000000e+00,2.961317786890398790e-02
2.540000000000000000e+02,0.000000000000000000e+00,2.574586648024999869e-02
2.550000000000000000e+02,0.000000000000000000e+00,2.558973263912557583e-02
2.560000000000000000e+02,0.000000000000000000e+00,2.596738219478420678e-02
2.570000000000000000e+02,0.000000000000000000e+00,2.331221639224072273e-02
2.580000000000000000e+02,0.000000000000000000e+00,2.529206017775556189e-02
2.590000000000000000e+02,0.000000000000000000e+00,2.207515527499156333e-02
2.600000000000000000e+02,0.000000000000000000e+00,2.424595572746486571e-02
2.610000000000000000e+02,0.000000000000000000e+00,2.131568701987020947e-02
2.620000000000000000e+02,0.000000000000000000e+00,2.318366963263151365e-02
2.630000000000000000e+02,0.000000000000000000e+00,2.071224576377903026e-02
2.640000000000000000e+02,0.000000000000000000e+00,2.216011887673588129e-02
2.650000000000000000e+02,0.000000000000000000e+00,2.019500093242366720e-02
2.660000000000000000e+02,0.000000000000000000e+00,2.124596831066522667e-02
2.670000000000000000e+02,0.000000000000000000e+00,1.971189962314016594e-02
2.680000000000000000e+02,0.000000000000000000e+00,2.039257318117532539e-02
2.690000000000000000e+02,0.000000000000000000e+00,1.926391071830250989e-02
2.700000000000000000e+02,0.000000000000000000e+00,1.963613646498074683e-02
2.710000000000000000e+02,0.000000000000000000e+00,1.885612774751747531e-02
2.720000000000000000e+02,0.000000000000000000e+00,1.894144018590446579e-02
2.730000000000000000e+02,0.000000000000000000e+00,1.848064746054272137e-02
2.740000000000000000e+02,0.000000000000000000e+00,1.832895815194219430e-02
2.750000000000000000e+02,0.000000000000000000e+00,1.814241149430381728e-02
2.760000000000000000e+02,0.000000000000000000e+00,1.779451995805625408e-02
2.770000000000000000e+02,0.000000000000000000e+00,1.782105920084948655e-02
2.780000000000000000e+02,0.000000000000000000e+00,1.734511131099942399e-02
2.790000000000000000e+02,0.000000000000000000e+00,1.749962960568967468e-02
2.800000000000000000e+02,0.000000000000000000e+00,1.698393756305282762e-02
2.810000000000000000e+02,0.000000000000000000e+00,1.716742472728697427e-02
2.820000000000000000e+02,0.000000000000000000e+00,1.669960132694871952e-02
2.830000000000000000e+02,0.000000000000000000e+00,1.681531846072516906e-02
2.840000000000000000e+02,0.000000000000000000e+00,1.647351223714560442e-02
2.850000000000000000e+02,0.000000000000000000e+00,1.646316568662509541e-02
2.860000000000000000e+02,0.000000000000000000e+00,1.627516654191054138e-02
2.870000000000000000e+02,0.000000000000000000e+00,1.612834156722543766e-02
2.880000000000000000e+02,0.000000000000000000e+00,1.607172048087625663e-02
2.890000000000000000e+02,0.000000000000000000e+00,1.583664966627362433e-02
2.900000000000000000e+02,0.000000000000000000e+00,1.584202612542728872e-02
2.910000000000000000e+02,0.000000000000000000e+00,1.559313864097343696e-02
2.920000000000000000e+02,0.000000000000000000e+00,1.558379561649071363e-02
2.930000000000000000e+02,0.000000000000000000e+00,1.538787496958812784e-02
2.940000000000000000e+02,0.000000000000000000e+00,1.531281367773023455e-02
2.950000000000000000e+02,0.000000000000000000e+00,1.519413617382926913e-02
2.960000000000000000e+02,0.000000000000000000e+00,1.505184892100298356e-02
2.970000000000000000e+02,0.000000000000000000e+00,1.498887004756566110e-02
2.980000000000000000e+02,0.000000000000000000e+00,1.481729210259960343e-02
2.990000000000000000e+02,0.000000000000000000e+00,1.476218050698372732e-02
3.000000000000000000e+02,0.000000000000000000e+00,1.460784538539713906e-02
3.010000000000000000e+02,0.000000000000000000e+00,1.452210919247461617e-02
3.020000000000000000e+02,0.000000000000000000e+00,1.440910753682528300e-02
3.030000000000000000e+02,0.000000000000000000e+00,1.428656120936852569e-02
3.040000000000000000e+02,0.000000000000000000e+00,1.420499599799261714e-02
3.050000000000000000e+02,0.000000000000000000e+00,1.406825944958178115e-02
3.060000000000000000e+02,0.000000000000000000e+00,1.398935913704472782e-02
3.070000000000000000e+02,0.000000000000000000e+00,1.386730741612374022e-02
3.080000000000000000e+02,0.000000000000000000e+00,1.376973453031280978e-02
3.090000000000000000e+02,0.000000000000000000e+00,1.367231550880957346e-02
3.100000000000000000e+02,0.000000000000000000e+00,1.355793349236962542e-02
3.110000000000000000e+02,0.000000000000000000e+00,1.347369446803959800e-02
3.120000000000000000e+02,0.000000000000000000e+00,1.335978055645718407e-02
3.130000000000000000e+02,0.000000000000000000e+00,1.327022031277439069e-02
3.140000000000000000e+02,0.000000000000000000e+00,1.317063654635907896e-02
3.150000000000000000e+02,0.000000000000000000e+00,1.306958759180474640e-02
3.160000000000000000e+02,0.000000000000000000e+00,1.298188685720930852e-02
3.170000000000000000e+02,0.000000000000000000e+00,1.287785774100380816e-02
3.180000000000000000e+02,0.000000000000000000e+00,1.279041756067708993e-02
3.190000000000000000e+02,0.000000000000000000e+00,1.269399978981104390e-02
3.200000000000000000e+02,0.000000000000000000e+00,1.260000119175005637e-02
3.210000000000000000e+02,0.000000000000000000e+00,1.251236783660710297e-02
3.220000000000000000e+02,0.000000000000000000e+00,1.241574972272975128e-02
3.230000000000000000e+02,0.000000000000000000e+00,1.232951551694493574e-02
3.240000000000000000e+02,0.000000000000000000e+00,1.223776725439209428e-02
3.250000000000000000e+02,0.000000000000000000e+00,1.214789601782123238e-02
3.260000000000000000e+02,0.000000000000000000e+00,1.206197675744234178e-02
3.270000000000000000e+02,0.000000000000000000e+00,1.197095442072238988e-02
3.280000000000000000e+02,0.000000000000000000e+00,1.188622370964013616e-02
3.290000000000000000e+02,0.000000000000000000e+00,1.179876638223194274e-02
3.300000000000000000e+02,0.000000000000000000e+00,1.171204551493684742e-02
3.310000000000000000e+02,0.000000000000000000e+00,1.162857886159858641e-02
3.320000000000000000e+02,0.000000000000000000e+00,1.154196362231654782e-02
3.330000000000000000e+02,0.000000000000000000e+00,1.145903992962881042e-02
3.340000000000000000e+02,0.000000000000000000e+00,1.137557382543460602e-02
3.350000000000000000e+02,0.000000000000000000e+00,1.129180116104907747e-02
3.360000000000000000e+02,0.000000000000000000e+00,1.121081133635402211e-02
3.370000000000000000e+02,0.000000000000000000e+00,1.112821954799889622e-02
3.380000000000000000e+02,0.000000000000000000e+00,1.104741323579742224e-02
3.390000000000000000e+02,0.000000000000000000e+00,1.096737673715125240e-02
3.400000000000000000e+02,0.000000000000000000e+00,1.088668001646536307e-02
3.410000000000000000e+02,0.000000000000000000e+00,1.080803970851917060e-02
3.420000000000000000e+02,0.000000000000000000e+00,1.072901078820241022e-02
3.430000000000000000e+02,0.000000000000000000e+00,1.065051260551326540e-02
3.440000000000000000e+02,0.000000000000000000e+00,1.057334439828701636e-02
3.450000000000000000e+02,0.000000000000000000e+00,1.049569317783724184e-02
3.460000000000000000e+02,0.000000000000000000e+00,1.041916111307572904e-02
3.470000000000000000e+02,0.000000000000000000e+00,1.034319187689648756e-02
3.480000000000000000e+02,0.000000000000000000e+00,1.026714179244764269e-02
3.490000000000000000e+02,0.000000000000000000e+00,1.019221829084757461e-02
3.500000000000000000e+02,0.000000000000000000e+00,1.011744200868374723e-02
3.510000000000000000e+02,0.000000000000000000e+00,1.004299417007464314e-02
3.520000000000000000e+02,0.000000000000000000e+00,9.969413954152085353e-03
3.530000000000000000e+02,0.000000000000000000e+00,9.895889223778341071e-03
3.540000000000000000e+02,0.000000000000000000e+00,9.822925766783357007e-03
3.550000000000000000e+02,0.000000000000000000e+00,9.750555395689423227e-03
3.560000000000000000e+02,0.000000000000000000e+00,9.678310940909838622e-03
3.570000000000000000e+02,0.000000000000000000e+00,9.606693212199934190e-03
3.580000000000000000e+02,0.000000000000000000e+00,9.535482357544491916e-03
3.590000000000000000e+02,0.000000000000000000e+00,9.464504875138720491e-03
3.600000000000000000e+02,0.000000000000000000e+00,9.394125812080635074e-03
3.610000000000000000e+02,0.000000000000000000e+00,9.324061445985290172e-03
3.620000000000000000e+02,0.000000000000000000e+00,9.254317375818952099e-03
3.630000000000000000e+02,0.000000000000000000e+00,9.185111510658197295e-03
3.640000000000000000e+02,0.000000000000000000e+00,9.116190481653317634e-03
3.650000000000000000e+02,0.000000000000000000e+00,9.047641755546283887e-03
3.660000000000000000e+02,0.000000000000000000e+00,8.979574134511177086e-03
3.670000000000000000e+02,0.000000000000000000e+00,8.911793583181556316e-03
3.680000000000000000e+02,0.000000000000000000e+00,8.844408936274599300e-03
3.690000000000000000e+02,0.000000000000000000e+00,8.777462921550377439e-03
3.700000000000000000e+02,0.000000000000000000e+00,8.710818468157396910e-03
3.710000000000000000e+02,0.000000000000000000e+00,8.644576388294279712e-03
3.720000000000000000e+02,0.000000000000000000e+00,8.578745550282705287e-03
3.730000000000000000e+02,0.000000000000000000e+00,8.513232791076684111e-03
3.740000000000000000e+02,0.000000000000000000e+00,8.448120932251383663e-03
3.750000000000000000e+02,0.000000000000000000e+00,8.383404446636388146e-03
3.760000000000000000e+02,0.000000000000000000e+00,8.319020330897240051e-03
3.770000000000000000e+02,0.000000000000000000e+00,8.255033051103876501e-03
3.780000000000000000e+02,0.000000000000000000e+00,8.191433500493035605e-03
3.790000000000000000e+02,0.000000000000000000e+00,8.128178048995985880e-03
3.800000000000000000e+02,0.000000000000000000e+00,8.065315354704779421e-03
3.810000000000000000e+02,0.000000000000000000e+00,8.002837484674996810e-03
3.820000000000000000e+02,0.000000000000000000e+00,7.940712978755875770e-03
3.830000000000000000e+02,0.000000000000000000e+00,7.878978032038729332e-03
3.840000000000000000e+02,0.000000000000000000e+00,7.817627759087623224e-03
3.850000000000000000e+02,0.000000000000000000e+00,7.756638720504872506e-03
3.860000000000000000e+02,0.000000000000000000e+00,7.696037585700168243e-03
3.870000000000000000e+02,0.000000000000000000e+00,7.635822532222619717e-03
3.880000000000000000e+02,0.000000000000000000e+00,7.575975450748275927e-03
3.890000000000000000e+02,0.000000000000000000e+00,7.516515744733644200e-03
3.900000000000000000e+02,0.000000000000000000e+00,7.457444265165764918e-03
3.910000000000000000e+02,0.000000000000000000e+00,7.398746944701248100e-03
3.920000000000000000e+02,0.000000000000000000e+00,7.340437565432111726e-03
3.930000000000000000e+02,0.000000000000000000e+00,7.282518929726904816e-03
3.940000000000000000e+02,0.000000000000000000e+00,7.224980260627016267e-03
3.950000000000000000e+02,0.000000000000000000e+00,7.167830862735995526e-03
3.960000000000000000e+02,0.000000000000000000e+00,7.111074690892336611e-03
3.970000000000000000e+02,0.000000000000000000e+00,7.054703975305816853e-03
3.980000000000000000e+02,0.000000000000000000e+00,6.998724529806355475e-03
3.990000000000000000e+02,0.000000000000000000e+00,6.943140648863445168e-03
4.000000000000000000e+02,0.000000000000000000e+00,6.887947300695006388e-03
4.010000000000000000e+02,0.000000000000000000e+00,6.833147684298813279e-03
4.020000000000000000e+02,0.000000000000000000e+00,6.778745780174441626e-03
4.030000000000000000e+02,0.000000000000000000e+00,6.724739012286236675e-03
4.040000000000000000e+02,0.000000000000000000e+00,6.671128749102361866e-03
4.050000000000000000e+02,0.000000000000000000e+00,6.617918105058104988e-03
4.060000000000000000e+02,0.000000000000000000e+00,6.565106499486925151e-03
4.070000000000000000e+02,0.000000000000000000e+00,6.512694190684197026e-03
4.080000000000000000e+02,0.000000000000000000e+00,6.460683158498370729e-03
4.090000000000000000e+02,0.000000000000000000e+00,6.409074285657229489e-03
4.100000000000000000e+02,0.000000000000000000e+00,6.357867342935096672e-03
4.110000000000000000e+02,0.000000000000000000e+00,6.307063097805772067e-03
4.120000000000000000e+02,0.000000000000000000e+00,6.256663192723159461e-03
4.130000000000000000e+02,0.000000000000000000e+00,6.206667334285195792e-03
4.140000000000000000e+02,0.000000000000000000e+00,6.157075295776562665e-03
4.150000000000000000e+02,0.000000000000000000e+00,6.107888845671668662e-03
4.160000000000000000e+02,0.000000000000000000e+00,6.059107838883760408e-03
4.170000000000000000e+02,0.000000000000000000e+00,6.010731416620425718e-03
4.180000000000000000e+02,0.000000000000000000e+00,5.962760930955319019e-03
4.190000000000000000e+02,0.000000000000000000e+00,5.915196331227769340e-03
4.200000000000000000e+02,0.000000000000000000e+00,5.868036535774061487e-03
4.210000000000000000e+02,0.000000000000000000e+00,5.821282204543061847e-03
4.220000000000000000e+02,0.000000000000000000e+00,5.774933191387722833e-03
4.230000000000000000e+02,0.000000000000000000e+00,5.728988486876108836e-03
4.240000000000000000e+02,0.000000000000000000e+00,5.683448014110398412e-03
4.250000000000000000e+02,0.000000000000000000e+00,5.638311298624472390e-03
4.260000000000000000e+02,0.000000000000000000e+00,5.593577506878211897e-03
4.270000000000000000e+02,0.000000000000000000e+00,5.549245971189931820e-03
4.280000000000000000e+02,0.000000000000000000e+00,5.505315752964595397e-03
4.290000000000000000e+02,0.000000000000000000e+00,5.461786091146386170e-03
4.300000000000000000e+02,0.000000000000000000e+00,5.418655915401807827e-03
4.310000000000000000e+02,0.000000000000000000e+00,5.375923839860513934e-03
4.320000000000000000e+02,0.000000000000000000e+00,5.333588976583471426e-03
4.330000000000000000e+02,0.000000000000000000e+00,5.291649988543553271e-03
4.340000000000000000e+02,0.000000000000000000e+00,5.250105180358703369e-03
4.350000000000000000e+02,0.000000000000000000e+00,5.208953350600606380e-03
4.360000000000000000e+02,0.000000000000000000e+00,5.168192917117677213e-03
4.370000000000000000e+02,0.000000000000000000e+00,5.127822030628328628e-03
4.380000000000000000e+02,0.000000000000000000e+00,5.087839110427277815e-03
4.390000000000000000e+02,0.000000000000000000e+00,5.048242302115783439e-03
4.400000000000000000e+02,0.000000000000000000e+00,5.009029681376046643e-03
4.410000000000000000e+02,0.000000000000000000e+00,4.970199326930839837e-03
4.420000000000000000e+02,0.000000000000000000e+00,4.931749099593377844e-03
4.430000000000000000e+02,0.000000000000000000e+00,4.893676974732242418e-03
4.440000000000000000e+02,0.000000000000000000e+00,4.855980773858068963e-03
4.450000000000000000e+02,0.000000000000000000e+00,4.818658129767429410e-03
4.460000000000000000e+02,0.000000000000000000e+00,4.781706849063304191e-03
4.470000000000000000e+02,0.000000000000000000e+00,4.745124551948002797e-03
4.480000000000000000e+02,0.000000000000000000e+00,4.708908730722826362e-03
4.490000000000000000e+02,0.000000000000000000e+00,4.673056984393920629e-03
4.500000000000000000e+02,0.000000000000000000e+00,4.637566754997338170e-03
4.510000000000000000e+02,0.000000000000000000e+00,4.602435456386598858e-03
4.520000000000000000e+02,0.000000000000000000e+00,4.567660498996696690e-03
4.530000000000000000e+02,0.000000000000000000e+00,4.533239170261861573e-03
4.540000000000000000e+02,0.000000000000000000e+00,4.499168813215112875e-03
4.550000000000000000e+02,0.000000000000000000e+00,4.465446697821172893e-03
4.560000000000000000e+02,0.000000000000000000e+00,4.432070006727241787e-03
4.570000000000000000e+02,0.000000000000000000e+00,4.399035994964612360e-03
4.580000000000000000e+02,0.000000000000000000e+00,4.366341831299146853e-03
4.590000000000000000e+02,0.000000000000000000e+00,4.333984649045188181e-03
4.600000000000000000e+02,0.000000000000000000e+00,4.301961614159343153e-03
4.610000000000000000e+02,0.000000000000000000e+00,4.270269822365843973e-03
4.620000000000000000e+02,0.000000000000000000e+00,4.238906389302176184e-03
4.630000000000000000e+02,0.000000000000000000e+00,4.207868416605296293e-03
4.640000000000000000e+02,0.000000000000000000e+00,4.177152959641407086e-03
4.650000000000000000e+02,0.000000000000000000e+00,4.146757120113355941e-03
4.660000000000000000e+02,0.000000000000000000e+00,4.116677965918597720e-03
4.670000000000000000e+02,0.000000000000000000e+00,4.086912550412889582e-03
4.680000000000000000e+02,0.000000000000000000e+00,4.057457961889552808e-03
4.690000000000000000e+02,0.000000000000000000e+00,4.028311258892506956e-03
4.700000000000000000e+02,0.000000000000000000e+00,3.999469519314838815e-03
4.710000000000000000e+02,0.000000000000000000e+00,3.970929830703079019e-03
4.720000000000000000e+02,0.000000000000000000e+00,3.942689265437063911e-03
4.730000000000000000e+02,0.000000000000000000e+00,3.914744933328068860e-03
4.740000000000000000e+02,0.000000000000000000e+00,3.887093939391111658e-03
4.750000000000000000e+02,0.000000000000000000e+00,3.859733393622370549e-03
4.760000000000000000e+02,0.000000000000000000e+00,3.832660438575618850e-03
4.770000000000000000e+02,0.000000000000000000e+00,3.805872212493728417e-03
4.780000000000000000e+02,0.000000000000000000e+00,3.779365878570931959e-03
4.790000000000000000e+02,0.000000000000000000e+00,3.753138617765186709e-03
4.800000000000000000e+02,0.000000000000000000e+00,3.727187615447547387e-03
4.810000000000000000e+02,0.000000000000000000e+00,3.701510090873143949e-03
4.820000000000000000e+02,0.000000000000000000e+00,3.676103272153777388e-03
4.830000000000000000e+02,0.000000000000000000e+00,3.650964404395424297e-03
4.840000000000000000e+02,0.000000000000000000e+00,3.626090761472399674e-03
4.850000000000000000e+02,0.000000000000000000e+00,3.601479626139690755e-03
4.860000000000000000e+02,0.000000000000000000e+00,3.577128308802482448e-03
4.870000000000000000e+02,0.000000000000000000e+00,3.553034139034055156e-03
4.880000000000000000e+02,0.000000000000000000e+00,3.529194460980407747e-03
4.890000000000000000e+02,0.000000000000000000e+00,3.505606648517010579e-03
4.900000000000000000e+02,0.000000000000000000e+00,3.482268089514400401e-03
4.910000000000000000e+02,0.000000000000000000e+00,3.459176193898435940e-03
4.920000000000000000e+02,0.000000000000000000e+00,3.436328395665824535e-03
4.930000000000000000e+02,0.000000000000000000e+00,3.413722143509963138e-03
4.940000000000000000e+02,0.000000000000000000e+00,3.391354912545644154e-03
4.950000000000000000e+02,0.000000000000000000e+00,3.369224195664933565e-03
4.960000000000000000e+02,0.000000000000000000e+00,3.347327504421142644e-03
4.970000000000000000e+02,0.000000000000000000e+00,3.325662374923107380e-03
4.980000000000000000e+02,0.000000000000000000e+00,3.304226358784518973e-03
4.990000000000000000e+02,0.000000000000000000e+00,3.283017030243108418e-03
5.000000000000000000e+02,0.000000000000000000e+00,3.262031983125956817e-03
5.010000000000000000e+02,0.000000000000000000e+00,3.191961503043753024e-03
5.020000000000000000e+02,0.000000000000000000e+00,3.153841071956166829e-03
5.030000000000000000e+02,0.000000000000000000e+00,3.128197607440168573e-03
5.040000000000000000e+02,0.000000000000000000e+00,3.091650210484891276e-03
5.050000000000000000e+02,0.000000000000000000e+00,3.051578710051030228e-03
5.060000000000000000e+02,0.000000000000000000e+00,3.027079091134916682e-03
5.070000000000000000e+02,0.000000000000000000e+00,3.001563394371749294e-03
5.080000000000000000e+02,0.000000000000000000e+00,2.978779908257148720e-03
5.090000000000000000e+02,0.000000000000000000e+00,2.962298354703902896e-03
5.100000000000000000e+02,0.000000000000000000e+00,2.941388311277505149e-03
5.110000000000000000e+02,0.000000000000000000e+00,2.922620878749002289e-03
5.120000000000000000e+02,0.000000000000000000e+00,2.903824355645306769e-03
5.130000000000000000e+02,0.000000000000000000e+00,2.878670939130056547e-03
5.140000000000000000e+02,0.000000000000000000e+00,2.855788958498458718e-03
5.150000000000000000e+02,0.000000000000000000e+00,2.833429227902662176e-03
5.160000000000000000e+02,0.000000000000000000e+00,2.809690031202561472e-03
5.170000000000000000e+02,0.000000000000000000e+00,2.790720758209596676e-03
5.180000000000000000e+02,0.000000000000000000e+00,2.772040171935006084e-03
5.190000000000000000e+02,0.000000000000000000e+00,2.753208993904748478e-03
5.200000000000000000e+02,0.000000000000000000e+00,2.738327246642106513e-03
5.210000000000000000e+02,0.000000000000000000e+00,2.722175824021140673e-03
5.220000000000000000e+02,0.000000000000000000e+00,2.704910712946768069e-03
5.230000000000000000e+02,0.000000000000000000e+00,2.689252118511895225e-03
5.240000000000000000e+02,0.000000000000000000e+00,2.671684500469505806e-03
5.250000000000000000e+02,0.000000000000000000e+00,2.653722135979284108e-03
5.260000000000000000e+02,0.000000000000000000e+00,2.637367515744919698e-03
5.270000000000000000e+02,0.000000000000000000e+00,2.620499679489646065e-03
5.280000000000000000e+02,0.000000000000000000e+00,2.604227483976895643e-03
5.290000000000000000e+02,0.000000000000000000e+00,2.588998163723391956e-03
5.300000000000000000e+02,0.000000000000000000e+00,2.573740644189812313e-03
5.310000000000000000e+02,0.000000000000000000e+00,2.559292151165821518e-03
5.320000000000000000e+02,0.000000000000000000e+00,2.544936625101471700e-03
5.330000000000000000e+02,0.000000000000000000e+00,2.530152375261696639e-03
5.340000000000000000e+02,0.000000000000000000e+00,2.515851495494584537e-03
5.350000000000000000e+02,0.000000000000000000e+00,2.501366125718097050e-03
5.360000000000000000e+02,0.000000000000000000e+00,2.486798883400988779e-03
5.370000000000000000e+02,0.000000000000000000e+00,2.472934859019486169e-03
5.380000000000000000e+02,0.000000000000000000e+00,2.459091011132135199e-03
5.390000000000000000e+02,0.000000000000000000e+00,2.445457971384379023e-03
5.400000000000000000e+02,0.000000000000000000e+00,2.432462133928315739e-03
5.410000000000000000e+02,0.000000000000000000e+00,2.419495481831400105e-03
5.420000000000000000e+02,0.000000000000000000e+00,2.406747659705881816e-03
5.430000000000000000e+02,0.000000000000000000e+00,2.394321195633465193e-03
5.440000000000000000e+02,0.000000000000000000e+00,2.381748972031975248e-03
5.450000000000000000e+02,0.000000000000000000e+00,2.369310782579357559e-03
5.460000000000000000e+02,0.000000000000000000e+00,2.357096620494849443e-03
5.470000000000000000e+02,0.000000000000000000e+00,2.344884316782874876e-03
5.480000000000000000e+02,0.000000000000000000e+00,2.332905082318931754e-03
5.490000000000000000e+02,0.000000000000000000e+00,2.321144860571426431e-03
5.500000000000000000e+02,0.000000000000000000e+00,2.309499091462820404e-03
5.510000000000000000e+02,0.000000000000000000e+00,2.298089741610186143e-03
5.520000000000000000e+02,0.000000000000000000e+00,2.286820732323051764e-03
5.530000000000000000e+02,0.000000000000000000e+00,2.275669264679076528e-03
5.540000000000000000e+02,0.000000000000000000e+00,2.264682765977069599e-03
5.550000000000000000e+02,0.000000000000000000e+00,2.253738482722502517e-03
5.560000000000000000e+02,0.000000000000000000e+00,2.242891809085173754e-03
5.570000000000000000e+02,0.000000000000000000e+00,2.232199550466708489e-03
5.580000000000000000e+02,0.000000000000000000e+00,2.221575260186172025e-03
5.590000000000000000e+02,0.000000000000000000e+00,2.211090029325028274e-03
5.600000000000000000e+02,0.000000000000000000e+00,2.200766326126472883e-03
5.610000000000000000e+02,0.000000000000000000e+00,2.190530087684414845e-03
5.620000000000000000e+02,0.000000000000000000e+00,2.180428977587239338e-03
5.630000000000000000e+02,0.000000000000000000e+00,2.170454463603555331e-03
5.640000000000000000e+02,0.000000000000000000e+00,2.160559331090112622e-03
5.650000000000000000e+02,0.000000000000000000e+00,2.150777992380331106e-03
5.660000000000000000e+02,0.000000000000000000e+00,2.141090651854444128e-03
5.670000000000000000e+02,0.000000000000000000e+00,2.131478741985048074e-03
5.680000000000000000e+02,0.000000000000000000e+00,2.121973506555048430e-03
5.690000000000000000e+02,0.000000000000000000e+00,2.112561422420970812e-03
5.700000000000000000e+02,0.000000000000000000e+00,2.103241939066763204e-03
5.710000000000000000e+02,0.000000000000000000e+00,2.094031024294511385e-03
5.720000000000000000e+02,0.000000000000000000e+00,2.084912144640970605e-03
5.730000000000000000e+02,0.000000000000000000e+00,2.075887178795307771e-03
5.740000000000000000e+02,0.000000000000000000e+00,2.066956133212627996e-03
5.750000000000000000e+02,0.000000000000000000e+00,2.058105135877679077e-03
5.760000000000000000e+02,0.000000000000000000e+00,2.049343037532010831e-03
5.770000000000000000e+02,0.000000000000000000e+00,2.040665839747688153e-03
5.780000000000000000e+02,0.000000000000000000e+00,2.032065160476033069e-03
5.790000000000000000e+02,0.000000000000000000e+00,2.023552032197882891e-03
5.800000000000000000e+02,0.000000000000000000e+00,2.015121225045431869e-03
5.810000000000000000e+02,0.000000000000000000e+00,2.006767479525827912e-03
5.820000000000000000e+02,0.000000000000000000e+00,1.998498671005353305e-03
5.830000000000000000e+02,0.000000000000000000e+00,1.990308969723412341e-03
5.840000000000000000e+02,0.000000000000000000e+00,1.982194759761287360e-03
5.850000000000000000e+02,0.000000000000000000e+00,1.974159276993923094e-03
5.860000000000000000e+02,0.000000000000000000e+00,1.966196943184751571e-03
5.870000000000000000e+02,0.000000000000000000e+00,1.958306892640159207e-03
5.880000000000000000e+02,0.000000000000000000e+00,1.950490691668547126e-03
5.890000000000000000e+02,0.000000000000000000e+00,1.942744847559842994e-03
5.900000000000000000e+02,0.000000000000000000e+00,1.935070545816490201e-03
5.910000000000000000e+02,0.000000000000000000e+00,1.927467812609147705e-03
5.920000000000000000e+02,0.000000000000000000e+00,1.919934033180987348e-03
5.930000000000000000e+02,0.000000000000000000e+00,1.912469853948528184e-03
5.940000000000000000e+02,0.000000000000000000e+00,1.905073670812010072e-03
5.950000000000000000e+02,0.000000000000000000e+00,1.897743685896667067e-03
5.960000000000000000e+02,0.000000000000000000e+00,1.890480126379996901e-03
5.970000000000000000e+02,0.000000000000000000e+00,1.883281059595561880e-03
5.980000000000000000e+02,0.000000000000000000e+00,1.876145844471524462e-03
5.990000000000000000e+02,0.000000000000000000e+00,1.869074779602964949e-03
6.000000000000000000e+02,0.000000000000000000e+00,1.862066042894440282e-03
6.010000000000000000e+02,0.000000000000000000e+00,1.855119464827848430e-03
6.020000000000000000e+02,0.000000000000000000e+00,1.848234961010037638e-03
6.030000000000000000e+02,0.000000000000000000e+00,1.841410781679308443e-03
6.040000000000000000e+02,0.000000000000000000e+00,1.834646661358291589e-03
6.050000000000000000e+02,0.000000000000000000e+00,1.827942064697365239e-03
6.060000000000000000e+02,0.000000000000000000e+00,1.821295626732869714e-03
6.070000000000000000e+02,0.000000000000000000e+00,1.814707013101267289e-03
6.080000000000000000e+02,0.000000000000000000e+00,1.808175531267082166e-03
6.090000000000000000e+02,0.000000000000000000e+00,1.801700287038748936e-03
6.100000000000000000e+02,0.000000000000000000e+00,1.795280984540776172e-03
6.110000000000000000e+02,0.000000000000000000e+00,1.788916876208026044e-03
6.120000000000000000e+02,0.000000000000000000e+00,1.782607318271649558e-03
6.130000000000000000e+02,0.000000000000000000e+00,1.776351900640123042e-03
6.140000000000000000e+02,0.000000000000000000e+00,1.770149797932776001e-03
6.150000000000000000e+02,0.000000000000000000e+00,1.764000461869911400e-03
6.160000000000000000e+02,0.000000000000000000e+00,1.757903343024461596e-03
6.170000000000000000e+02,0.000000000000000000e+00,1.751857692288731226e-03
6.180000000000000000e+02,0.000000000000000000e+00,1.745863041114392548e-03
6.190000000000000000e+02,0.000000000000000000e+00,1.739918805413529293e-03
6.200000000000000000e+02,0.000000000000000000e+00,1.734024349365222758e-03
6.210000000000000000e+02,0.000000000000000000e+00,1.728179268690054841e-03
6.220000000000000000e+02,0.000000000000000000e+00,1.722382973727564458e-03
6.230000000000000000e+02,0.000000000000000000e+00,1.716634886719206176e-03
6.240000000000000000e+02,0.000000000000000000e+00,1.710934588444433047e-03
6.250000000000000000e+02,0.000000000000000000e+00,1.705281472690142134e-03
6.260000000000000000e+02,0.000000000000000000e+00,1.699675003576770057e-03
6.270000000000000000e+02,0.000000000000000000e+00,1.694114727075799126e-03
6.280000000000000000e+02,0.000000000000000000e+00,1.688600085717275028e-03
6.290000000000000000e+02,0.000000000000000000e+00,1.683130590378426397e-03
6.300000000000000000e+02,0.000000000000000000e+00,1.677705781550210872e-03
6.310000000000000000e+02,0.000000000000000000e+00,1.672325147904588864e-03
6.320000000000000000e+02,0.000000000000000000e+00,1.666988240625545854e-03
6.330000000000000000e+02,0.000000000000000000e+00,1.661694591702553726e-03
6.340000000000000000e+02,0.000000000000000000e+00,1.656443720127808144e-03
6.350000000000000000e+02,0.000000000000000000e+00,1.651235187374337863e-03
6.360000000000000000e+02,0.000000000000000000e+00,1.646068520437436299e-03
6.370000000000000000e+02,0.000000000000000000e+00,1.640943265401663929e-03
6.380000000000000000e+02,0.000000000000000000e+00,1.635858991117280278e-03
6.390000000000000000e+02,0.000000000000000000e+00,1.630815245920997844e-03
6.400000000000000000e+02,0.000000000000000000e+00,1.625811602838688483e-03
6.410000000000000000e+02,0.000000000000000000e+00,1.620847644238284160e-03
6.420000000000000000e+02,0.000000000000000000e+00,1.615922934320227411e-03
6.430000000000000000e+02,0.000000000000000000e+00,1.611037068924370610e-03
6.440000000000000000e+02,0.000000000000000000e+00,1.606189634341725903e-03
6.450000000000000000e+02,0.000000000000000000e+00,1.601380213956483944e-03
6.460000000000000000e+02,0.000000000000000000e+00,1.596608412044470387e-03
6.470000000000000000e+02,0.000000000000000000e+00,1.591873827201972444e-03
6.480000000000000000e+02,0.000000000000000000e+00,1.587176057623365753e-03
6.490000000000000000e+02,0.000000000000000000e+00,1.582514721915720055e-03
6.500000000000000000e+02,0.000000000000000000e+00,1.577889430090181856e-03
6.510000000000000000e+02,0.000000000000000000e+00,1.573299801523977623e-03
6.520000000000000000e+02,0.000000000000000000e+00,1.568745461699208674e-03
6.530000000000000000e+02,0.000000000000000000e+00,1.564226036805659373e-03
6.540000000000000000e+02,0.000000000000000000e+00,1.559741157994725064e-03
6.550000000000000000e+02,0.000000000000000000e+00,1.555290463047650758e-03
6.560000000000000000e+02,0.000000000000000000e+00,1.550873587065760726e-03
6.570000000000000000e+02,0.000000000000000000e+00,1.546490177191611618e-03
6.580000000000000000e+02,0.000000000000000000e+00,1.542139877594424745e-03
6.590000000000000000e+02,0.000000000000000000e+00,1.537822341846682359e-03
6.600000000000000000e+02,0.000000000000000000e+00,1.533537225847475668e-03
6.610000000000000000e+02,0.000000000000000000e+00,1.529284193597814975e-03
6.620000000000000000e+02,0.000000000000000000e+00,1.525062909411659682e-03
6.630000000000000000e+02,0.000000000000000000e+00,1.520873053199819393e-03
6.640000000000000000e+02,0.000000000000000000e+00,1.516714302219169998e-03
6.650000000000000000e+02,0.000000000000000000e+00,1.512586358687388393e-03
6.660000000000000000e+02,0.000000000000000000e+00,1.508488929907633421e-03
6.670000000000000000e+02,0.000000000000000000e+00,1.504421763312102905e-03
6.680000000000000000e+02,0.000000000000000000e+00,1.500384634167277291e-03
6.690000000000000000e+02,0.000000000000000000e+00,1.496377406933063325e-03
6.700000000000000000e+02,0.000000000000000000e+00,1.492400037016281596e-03
6.710000000000000000e+02,0.000000000000000000e+00,1.488452706645024964e-03
6.720000000000000000e+02,0.000000000000000000e+00,1.484535895146755265e-03
6.730000000000000000e+02,0.000000000000000000e+00,1.480650707094192248e-03
6.740000000000000000e+02,0.000000000000000000e+00,1.476799199128164038e-03
6.750000000000000000e+02,0.000000000000000000e+00,1.472985293383854109e-03
6.760000000000000000e+02,0.000000000000000000e+00,1.469215963919595679e-03
6.770000000000000000e+02,0.000000000000000000e+00,1.465504064068690743e-03
6.780000000000000000e+02,0.000000000000000000e+00,1.461872384135557042e-03
6.790000000000000000e+02,0.000000000000000000e+00,1.458363062287680069e-03
6.800000000000000000e+02,0.000000000000000000e+00,1.455051181335882031e-03
6.810000000000000000e+02,0.000000000000000000e+00,1.452077939329356887e-03
6.820000000000000000e+02,0.000000000000000000e+00,1.449695118732254474e-03
6.830000000000000000e+02,0.000000000000000000e+00,1.448387638089532799e-03
6.840000000000000000e+02,0.000000000000000000e+00,1.449008373677059458e-03
6.850000000000000000e+02,0.000000000000000000e+00,1.453244436886608724e-03
6.860000000000000000e+02,0.000000000000000000e+00,1.463913236199090731e-03
6.870000000000000000e+02,0.000000000000000000e+00,1.486696125064627082e-03
6.880000000000000000e+02,0.000000000000000000e+00,1.529599501961068607e-03
6.890000000000000000e+02,0.000000000000000000e+00,1.608453613636653566e-03
6.900000000000000000e+02,0.000000000000000000e+00,1.733408643297400893e-03
6.910000000000000000e+02,0.000000000000000000e+00,1.922707011715231278e-03
6.920000000000000000e+02,0.000000000000000000e+00,2.118507265079164290e-03
6.930000000000000000e+02,0.000000000000000000e+00,2.267127513554229382e-03
6.940000000000000000e+02,0.000000000000000000e+00,2.172142985043684811e-03
6.950000000000000000e+02,0.000000000000000000e+00,1.880386417711070544e-03
6.960000000000000000e+02,0.000000000000000000e+00,1.531811456683093795e-03
6.970000000000000000e+02,0.000000000000000000e+00,1.396739024747736336e-03
6.980000000000000000e+02,0.000000000000000000e+00,1.518362700786644523e-03
6.990000000000000000e+02,0.000000000000000000e+00,1.709957411748522227e-03
7.000000000000000000e+02,0.000000000000000000e+00,1.762258962060783089e-03
7.010000000000000000e+02,0.000000000000000000e+00,1.606743019515658941e-03
7.020000000000000000e+02,0.000000000000000000e+00,1.424253229909821540e-03
7.030000000000000000e+02,0.000000000000000000e+00,1.387059504349740955e-03
7.040000000000000000e+02,0.000000000000000000e+00,1.489150698366117388e-03
7.050000000000000000e+02,0.000000000000000000e+00,1.577490109040885231e-03
7.060000000000000000e+02,0.000000000000000000e+00,1.535326667933843486e-03
7.070000000000000000e+02,0.000000000000000000e+00,1.422109107052330502e-03
7.080000000000000000e+02,0.000000000000000000e+00,1.363389573836112315e-03
7.090000000000000000e+02,0.000000000000000000e+00,1.404310493605358820e-03
7.100000000000000000e+02,0.000000000000000000e+00,1.467030677184243169e-03
7.110000000000000000e+02,0.000000000000000000e+00,1.461274268700961257e-03
7.120000000000000000e+02,0.000000000000000000e+00,1.397475742163147797e-03
7.130000000000000000e+02,0.000000000000000000e+00,1.350502245989200966e-03
7.140000000000000000e+02,0.000000000000000000e+00,1.364179042736830653e-03
7.150000000000000000e+02,0.000000000000000000e+00,1.402281069533357601e-03
7.160000000000000000e+02,0.000000000000000000e+00,1.406097119215548056e-03
7.170000000000000000e+02,0.000000000000000000e+00,1.370616178488704567e-03
7.180000000000000000e+02,0.000000000000000000e+00,1.337730586634875308e-03
7.190000000000000000e+02,0.000000000000000000e+00,1.339767523988896498e-03
7.200000000000000000e+02,0.000000000000000000e+00,1.361314494390372144e-03
7.210000000000000000e+02,0.000000000000000000e+00,1.366697717579177553e-03
7.220000000000000000e+02,0.000000000000000000e+00,1.347154244567950890e-03
7.230000000000000000e+02,0.000000000000000000e+00,1.324791547148358815e-03
7.240000000000000000e+02,0.000000000000000000e+00,1.321578140859791181e-03
7.250000000000000000e+02,0.000000000000000000e+00,1.332683345752788684e-03
7.260000000000000000e+02,0.000000000000000000e+00,1.337463175666431595e-03
7.270000000000000000e+02,0.000000000000000000e+00,1.327100646134029638e-03
7.280000000000000000e+02,0.000000000000000000e+00,1.312009518603038383e-03
7.290000000000000000e+02,0.000000000000000000e+00,1.306504249505508267e-03
7.300000000000000000e+02,0.000000000000000000e+00,1.311047293611307656e-03
7.310000000000000000e+02,0.000000000000000000e+00,1.314512641862392982e-03
7.320000000000000000e+02,0.000000000000000000e+00,1.309382070780102693e-03
7.330000000000000000e+02,0.000000000000000000e+00,1.299377369082990513e-03
7.340000000000000000e+02,0.000000000000000000e+00,1.293272957464896471e-03
7.350000000000000000e+02,0.000000000000000000e+00,1.293741957564663791e-03
7.360000000000000000e+02,0.000000000000000000e+00,1.295597049779927037e-03
7.370000000000000000e+02,0.000000000000000000e+00,1.293209871945472447e-03
7.380000000000000000e+02,0.000000000000000000e+00,1.286786848149927293e-03
7.390000000000000000e+02,0.000000000000000000e+00,1.281105874719612979e-03
7.400000000000000000e+02,0.000000000000000000e+00,1.279212851302922093e-03
7.410000000000000000e+02,0.000000000000000000e+00,1.279448662147737118e-03
7.420000000000000000e+02,0.000000000000000000e+00,1.278203178877991304e-03
7.430000000000000000e+02,0.000000000000000000e+00,1.274199263287244819e-03
7.440000000000000000e+02,0.000000000000000000e+00,1.269464248665748895e-03
7.450000000000000000e+02,0.000000000000000000e+00,1.266432656509652692e-03
7.460000000000000000e+02,0.000000000000000000e+00,1.265283030917548545e-03
7.470000000000000000e+02,0.000000000000000000e+00,1.264189907006990545e-03
7.480000000000000000e+02,0.000000000000000000e+00,1.261645314057177223e-03
7.490000000000000000e+02,0.000000000000000000e+00,1.258000929940639688e-03
7.500000000000000000e+02,0.000000000000000000e+00,1.254702314128016251e-03
7.510000000000000000e+02,0.000000000000000000e+00,1.314678098506392827e-03
7.520000000000000000e+02,0.000000000000000000e+00,1.311143051739868106e-03
7.530000000000000000e+02,0.000000000000000000e+00,1.310320629576117168e-03
7.540000000000000000e+02,0.000000000000000000e+00,1.303189239629678250e-03
7.550000000000000000e+02,0.000000000000000000e+00,1.293567232362952254e-03
7.560000000000000000e+02,0.000000000000000000e+00,1.290496063529157113e-03
7.570000000000000000e+02,0.000000000000000000e+00,1.288311930721234774e-03
7.580000000000000000e+02,0.000000000000000000e+00,1.285344520030889124e-03
7.590000000000000000e+02,0.000000000000000000e+00,1.282908605247024946e-03
7.600000000000000000e+02,0.000000000000000000e+00,1.277955959495149889e-03
7.610000000000000000e+02,0.000000000000000000e+00,1.273691231099689271e-03
7.620000000000000000e+02,0.000000000000000000e+00,1.272089971839808833e-03
7.630000000000000000e+02,0.000000000000000000e+00,1.269540905272870980e-03
7.640000000000000000e+02,0.000000000000000000e+00,1.266512162380535253e-03
7.650000000000000000e+02,0.000000000000000000e+00,1.263456066973453300e-03
7.660000000000000000e+02,0.000000000000000000e+00,1.259634972947976236e-03
7.670000000000000000e+02,0.000000000000000000e+00,1.257466381700578532e-03
7.680000000000000000e+02,0.000000000000000000e+00,1.256515078867063203e-03
7.690000000000000000e+02,0.000000000000000000e+00,1.254487380467634704e-03
7.700000000000000000e+02,0.000000000000000000e+00,1.252369366056721098e-03
7.710000000000000000e+02,0.000000000000000000e+00,1.250233751901983284e-03
7.720000000000000000e+02,0.000000000000000000e+00,1.247605115578985123e-03
7.730000000000000000e+02,0.000000000000000000e+00,1.245761646339970871e-03
7.740000000000000000e+02,0.000000000000000000e+00,1.244091921401399960e-03
7.750000000000000000e+02,0.000000000000000000e+00,1.241561945570480389e-03
7.760000000000000000e+02,0.000000000000000000e+00,1.239124929262951829e-03
7.770000000000000000e+02,0.000000000000000000e+00,1.236912028256644371e-03
7.780000000000000000e+02,0.000000000000000000e+00,1.234678676624160684e-03
7.790000000000000000e+02,0.000000000000000000e+00,1.232887025360809375e-03
7.800000000000000000e+02,0.000000000000000000e+00,1.231065378475564411e-03
7.810000000000000000e+02,0.000000000000000000e+00,1.228847945443852473e-03
7.820000000000000000e+02,0.000000000000000000e+00,1.226708285103743530e-03
7.830000000000000000e+02,0.000000000000000000e+00,1.224623006196140593e-03
7.840000000000000000e+02,0.000000000000000000e+00,1.222570480288458390e-03
7.850000000000000000e+02,0.000000000000000000e+00,1.220704436091204787e-03
7.860000000000000000e+02,0.000000000000000000e+00,1.218726871749394947e-03
7.870000000000000000e+02,0.000000000000000000e+00,1.216639301077310480e-03
7.880000000000000000e+02,0.000000000000000000e+00,1.214674495745755650e-03
7.890000000000000000e+02,0.000000000000000000e+00,1.212728118048630272e-03
7.900000000000000000e+02,0.000000000000000000e+00,1.210850000790337274e-03
7.910000000000000000e+02,0.000000000000000000e+00,1.209069597223880275e-03
7.920000000000000000e+02,0.000000000000000000e+00,1.207169460432816997e-03
7.930000000000000000e+02,0.000000000000000000e+00,1.205217124874423482e-03
7.940000000000000000e+02,0.000000000000000000e+00,1.203330931555412087e-03
7.950000000000000000e+02,0.000000000000000000e+00,1.201430618853473967e-03
7.960000000000000000e+02,0.000000000000000000e+00,1.199575638458857431e-03
7.970000000000000000e+02,0.000000000000000000e+00,1.197778610195318356e-03
7.980000000000000000e+02,0.000000000000000000e+00,1.195925764275368496e-03
7.990000000000000000e+02,0.000000000000000000e+00,1.194068867322296184e-03
8.000000000000000000e+02,0.000000000000000000e+00,1.192254191775827653e-03
8.010000000000000000e+02,0.000000000000000000e+00,1.190438154293015690e-03
8.020000000000000000e+02,0.000000000000000000e+00,1.188650903712098941e-03
8.030000000000000000e+02,0.000000000000000000e+00,1.186881280751136188e-03
8.040000000000000000e+02,0.000000000000000000e+00,1.185081670796379535e-03
8.050000000000000000e+02,0.000000000000000000e+00,1.183284628808969679e-03
8.060000000000000000e+02,0.000000000000000000e+00,1.181502117036303465e-03
8.070000000000000000e+02,0.000000000000000000e+00,1.179726229709667602e-03
8.080000000000000000e+02,0.000000000000000000e+00,1.177978103109121166e-03
8.090000000000000000e+02,0.000000000000000000e+00,1.176238843381955008e-03
8.100000000000000000e+02,0.000000000000000000e+00,1.174491254887337962e-03
8.110000000000000000e+02,0.000000000000000000e+00,1.172752718145088097e-03
8.120000000000000000e+02,0.000000000000000000e+00,1.171016962286812284e-03
8.130000000000000000e+02,0.000000000000000000e+00,1.169285585648536770e-03
8.140000000000000000e+02,0.000000000000000000e+00,1.167572875168683150e-03
8.150000000000000000e+02,0.000000000000000000e+00,1.165863539672005924e-03
8.160000000000000000e+02,0.000000000000000000e+00,1.164153252710085082e-03
8.170000000000000000e+02,0.000000000000000000e+00,1.162452680947198818e-03
8.180000000000000000e+02,0.000000000000000000e+00,1.160755323265751050e-03
8.190000000000000000e+02,0.000000000000000000e+00,1.159064596917098447e-03
8.200000000000000000e+02,0.000000000000000000e+00,1.157388308613833353e-03
8.210000000000000000e+02,0.000000000000000000e+00,1.155716954137767051e-03
8.220000000000000000e+02,0.000000000000000000e+00,1.154048727291410222e-03
8.230000000000000000e+02,0.000000000000000000e+00,1.152387026586008077e-03
8.240000000000000000e+02,0.000000000000000000e+00,1.150727673745344931e-03
8.250000000000000000e+02,0.000000000000000000e+00,1.149073835961665581e-03
8.260000000000000000e+02,0.000000000000000000e+00,1.147428944138101066e-03
8.270000000000000000e+02,0.000000000000000000e+00,1.145789356747695326e-03
8.280000000000000000e+02,0.000000000000000000e+00,1.144155557614445502e-03
8.290000000000000000e+02,0.000000000000000000e+00,1.142527477329827526e-03
8.300000000000000000e+02,0.000000000000000000e+00,1.140902933830665635e-03
8.310000000000000000e+02,0.000000000000000000e+00,1.139284157103324880e-03
8.320000000000000000e+02,0.000000000000000000e+00,1.137671614608806378e-03
8.330000000000000000e+02,0.000000000000000000e+00,1.136063965372522029e-03
8.340000000000000000e+02,0.000000000000000000e+00,1.134462301487107342e-03
8.350000000000000000e+02,0.000000000000000000e+00,1.132865570147380523e-03
8.360000000000000000e+02,0.000000000000000000e+00,1.131272743735909454e-03
8.370000000000000000e+02,0.000000000000000000e+00,1.129685452565731265e-03
8.380000000000000000e+02,0.000000000000000000e+00,1.128103458291868305e-03
8.390000000000000000e+02,0.000000000000000000e+00,1.126526482141341481e-03
8.400000000000000000e+02,0.000000000000000000e+00,1.124955489749559449e-03
8.410000000000000000e+02,0.000000000000000000e+00,1.123389520515592679e-03
8.420000000000000000e+02,0.000000000000000000e+00,1.121827958104403260e-03
8.430000000000000000e+02,0.000000000000000000e+00,1.120271447054804140e-03
8.440000000000000000e+02,0.000000000000000000e+00,1.118719572496506155e-03
8.450000000000000000e+02,0.000000000000000000e+00,1.117172351632289735e-03
8.460000000000000000e+02,0.000000000000000000e+00,1.115630367066061408e-03
8.470000000000000000e+02,0.000000000000000000e+00,1.114093174643267323e-03
8.480000000000000000e+02,0.000000000000000000e+00,1.112560610834008009e-03
8.490000000000000000e+02,0.000000000000000000e+00,1.111032838409773543e-03
8.500000000000000000e+02,0.000000000000000000e+00,1.109509522773461081e-03
8.510000000000000000e+02,0.000000000000000000e+00,1.107990753416369109e-03
8.520000000000000000e+02,0.000000000000000000e+00,1.106476701264288293e-03
8.530000000000000000e+02,0.000000000000000000e+00,1.104967161500309322e-03
8.540000000000000000e+02,0.000000000000000000e+00,1.103462182706697794e-03
8.550000000000000000e+02,0.000000000000000000e+00,1.101961723020169169e-03
8.560000000000000000e+02,0.000000000000000000e+00,1.100465575233170465e-03
8.570000000000000000e+02,0.000000000000000000e+00,1.098973836356116358e-03
8.580000000000000000e+02,0.000000000000000000e+00,1.097486514382309481e-03
8.590000000000000000e+02,0.000000000000000000e+00,1.096003519691921783e-03
8.600000000000000000e+02,0.000000000000000000e+00,1.094524959740520061e-03
8.610000000000000000e+02,0.000000000000000000e+00,1.093050765698162785e-03
8.620000000000000000e+02,0.000000000000000000e+00,1.091580806987053984e-03
8.630000000000000000e+02,0.000000000000000000e+00,1.090115125990590581e-03
8.640000000000000000e+02,0.000000000000000000e+00,1.088653652228540681e-03
8.650000000000000000e+02,0.000000000000000000e+00,1.087196328052222015e-03
8.660000000000000000e+02,0.000000000000000000e+00,1.085743217036744387e-03
8.670000000000000000e+02,0.000000000000000000e+00,1.084294276909039505e-03
8.680000000000000000e+02,0.000000000000000000e+00,1.082849457627290540e-03
8.690000000000000000e+02,0.000000000000000000e+00,1.081408771689710896e-03
8.700000000000000000e+02,0.000000000000000000e+00,1.079972155722687573e-03
8.710000000000000000e+02,0.000000000000000000e+00,1.078539566417341953e-03
8.720000000000000000e+02,0.000000000000000000e+00,1.077111011529310446e-03
8.730000000000000000e+02,0.000000000000000000e+00,1.075686450396940623e-03
8.740000000000000000e+02,0.000000000000000000e+00,1.074265866690810077e-03
8.750000000000000000e+02,0.000000000000000000e+00,1.072849255089985011e-03
8.760000000000000000e+02,0.000000000000000000e+00,1.071436573266899926e-03
8.770000000000000000e+02,0.000000000000000000e+00,1.070027801416311656e-03
8.780000000000000000e+02,0.000000000000000000e+00,1.068622920859281598e-03
8.790000000000000000e+02,0.000000000000000000e+00,1.067221897474974687e-03
8.800000000000000000e+02,0.000000000000000000e+00,1.065824720191514002e-03
8.810000000000000000e+02,0.000000000000000000e+00,1.064431373413217679e-03
8.820000000000000000e+02,0.000000000000000000e+00,1.063041827057761715e-03
8.830000000000000000e+02,0.000000000000000000e+00,1.061656069060312388e-03
8.840000000000000000e+02,0.000000000000000000e+00,1.060274076399354230e-03
8.850000000000000000e+02,0.000000000000000000e+00,1.058895818922732596e-03
8.860000000000000000e+02,0.000000000000000000e+00,1.057521284352165797e-03
8.870000000000000000e+02,0.000000000000000000e+00,1.056150451153143330e-03
8.880000000000000000e+02,0.000000000000000000e+00,1.054783296999130910e-03
8.890000000000000000e+02,0.000000000000000000e+00,1.053419809863605314e-03
8.900000000000000000e+02,0.000000000000000000e+00,1.052059969524010274e-03
8.910000000000000000e+02,0.000000000000000000e+00,1.050703753628262280e-03
8.920000000000000000e+02,0.000000000000000000e+00,1.049351146637783096e-03
8.930000000000000000e+02,0.000000000000000000e+00,1.048002127458353252e-03
8.940000000000000000e+02,0.000000000000000000e+00,1.046656675578271902e-03
8.950000000000000000e+02,0.000000000000000000e+00,1.045314776568537435e-03
8.960000000000000000e+02,0.000000000000000000e+00,1.043976411327700695e-03
8.970000000000000000e+02,0.000000000000000000e+00,1.042641563000833421e-03
8.980000000000000000e+02,0.000000000000000000e+00,1.041310216140001665e-03
8.990000000000000000e+02,0.000000000000000000e+00,1.039982352162581707e-03
9.000000000000000000e+02,0.000000000000000000e+00,1.038657954207392042e-03
9.010000000000000000e+02,0.000000000000000000e+00,1.037337005774852106e-03
9.020000000000000000e+02,0.000000000000000000e+00,1.036019489176969116e-03
9.030000000000000000e+02,0.000000000000000000e+00,1.034705388397012815e-03
9.040000000000000000e+02,0.000000000000000000e+00,1.033394688046709864e-03
9.050000000000000000e+02,0.000000000000000000e+00,1.032087371256168278e-03
9.060000000000000000e+02,0.000000000000000000e+00,1.030783423236567064e-03
9.070000000000000000e+02,0.000000000000000000e+00,1.029482828417177271e-03
9.080000000000000000e+02,0.000000000000000000e+00,1.028185570493315819e-03
9.090000000000000000e+02,0.000000000000000000e+00,1.026891634797421054e-03
9.100000000000000000e+02,0.000000000000000000e+00,1.025601005814348252e-03
9.110000000000000000e+02,0.000000000000000000e+00,1.024313668226329525e-03
9.120000000000000000e+02,0.000000000000000000e+00,1.023029607616745065e-03
9.130000000000000000e+02,0.000000000000000000e+00,1.021748809414030432e-03
9.140000000000000000e+02,0.000000000000000000e+00,1.020471258766163887e-03
9.150000000000000000e+02,0.000000000000000000e+00,1.019196941762873622e-03
9.160000000000000000e+02,0.000000000000000000e+00,1.017925844031982796e-03
9.170000000000000000e+02,0.000000000000000000e+00,1.016657951238510507e-03
9.180000000000000000e+02,0.000000000000000000e+00,1.015393249794567477e-03
9.190000000000000000e+02,0.000000000000000000e+00,1.014131725667063479e-03
9.200000000000000000e+02,0.000000000000000000e+00,1.012873365291637072e-03
9.210000000000000000e+02,0.000000000000000000e+00,1.011618155241867257e-03
9.220000000000000000e+02,0.000000000000000000e+00,1.010366082125253601e-03
9.230000000000000000e+02,0.000000000000000000e+00,1.009117132665106678e-03
9.240000000000000000e+02,0.000000000000000000e+00,1.007871293839342208e-03
9.250000000000000000e+02,0.000000000000000000e+00,1.006628552566547936e-03
9.260000000000000000e+02,0.000000000000000000e+00,1.005388895957898873e-03
9.270000000000000000e+02,0.000000000000000000e+00,1.004152311366405875e-03
9.280000000000000000e+02,0.000000000000000000e+00,1.002918786015424401e-03
9.290000000000000000e+02,0.000000000000000000e+00,1.001688307544739602e-03
9.300000000000000000e+02,0.000000000000000000e+00,1.000460863535607061e-03
9.310000000000000000e+02,0.000000000000000000e+00,9.992364417172835446e-04
9.320000000000000000e+02,0.000000000000000000e+00,9.980150299698444145e-04
9.330000000000000000e+02,0.000000000000000000e+00,9.967966162468919374e-04
9.340000000000000000e+02,0.000000000000000000e+00,9.955811885842759563e-04
9.350000000000000000e+02,0.000000000000000000e+00,9.943687351709842338e-04
9.360000000000000000e+02,0.000000000000000000e+00,9.931592443303328445e-04
9.370000000000000000e+02,0.000000000000000000e+00,9.919527043873385425e-04
9.380000000000000000e+02,0.000000000000000000e+00,9.907491039319916721e-04
9.390000000000000000e+02,0.000000000000000000e+00,9.895484315258021042e-04
9.400000000000000000e+02,0.000000000000000000e+00,9.883506758912214991e-04
9.410000000000000000e+02,0.000000000000000000e+00,9.871558258449965317e-04
9.420000000000000000e+02,0.000000000000000000e+00,9.859638702786725512e-04
9.430000000000000000e+02,0.000000000000000000e+00,9.847747981900824982e-04
9.440000000000000000e+02,0.000000000000000000e+00,9.835885986641422149e-04
9.450000000000000000e+02,0.000000000000000000e+00,9.824052609026512600e-04
9.460000000000000000e+02,0.000000000000000000e+00,9.812247741554538764e-04
9.470000000000000000e+02,0.000000000000000000e+00,9.800471278329668176e-04
9.480000000000000000e+02,0.000000000000000000e+00,9.788723113643021684e-04
9.490000000000000000e+02,0.000000000000000000e+00,9.777003143189395493e-04
9.500000000000000000e+02,0.000000000000000000e+00,9.765311263248762242e-04
9.510000000000000000e+02,0.000000000000000000e+00,9.753647370980872595e-04
9.520000000000000000e+02,0.000000000000000000e+00,9.742011364533418498e-04
9.530000000000000000e+02,0.000000000000000000e+00,9.730403142711621482e-04
9.540000000000000000e+02,0.000000000000000000e+00,9.718822605345893212e-04
9.550000000000000000e+02,0.000000000000000000e+00,9.707269652846392104e-04
9.560000000000000000e+02,0.000000000000000000e+00,9.695744186743104551e-04
9.570000000000000000e+02,0.000000000000000000e+00,9.684246108994063211e-04
9.580000000000000000e+02,0.000000000000000000e+00,9.672775322713254333e-04
9.590000000000000000e+02,0.000000000000000000e+00,9.661331731530962324e-04
9.600000000000000000e+02,0.000000000000000000e+00,9.649915239924901356e-04
9.610000000000000000e+02,0.000000000000000000e+00,9.638525753145306754e-04
9.620000000000000000e+02,0.000000000000000000e+00,9.627163177069355919e-04
9.630000000000000000e+02,0.000000000000000000e+00,9.615827418437249011e-04
9.640000000000000000e+02,0.000000000000000000e+00,9.604518384569670202e-04
9.650000000000000000e+02,0.000000000000000000e+00,9.593235983681656616e-04
9.660000000000000000e+02,0.000000000000000000e+00,9.581980124477266093e-04
9.670000000000000000e+02,0.000000000000000000e+00,9.570750716560844345e-04
9.680000000000000000e+02,0.000000000000000000e+00,9.559547670040912781e-04
9.690000000000000000e+02,0.000000000000000000e+00,9.548370895806743055e-04
9.700000000000000000e+02,0.000000000000000000e+00,9.537220305382115544e-04
9.710000000000000000e+02,0.000000000000000000e+00,9.526095810923273458e-04
9.720000000000000000e+02,0.000000000000000000e+00,9.514997325300777933e-04
9.730000000000000000e+02,0.000000000000000000e+00,9.503924761933769299e-04
9.740000000000000000e+02,0.000000000000000000e+00,9.492878034983325865e-04
9.750000000000000000e+02,0.000000000000000000e+00,9.481857059118019293e-04
9.760000000000000000e+02,0.000000000000000000e+00,9.470861749748561969e-04
9.770000000000000000e+02,0.000000000000000000e+00,9.459892022782023790e-04
9.780000000000000000e+02,0.000000000000000000e+00,9.448947794814758355e-04
9.790000000000000000e+02,0.000000000000000000e+00,9.438028982981516712e-04
9.800000000000000000e+02,0.000000000000000000e+00,9.427135505015774540e-04
9.810000000000000000e+02,0.000000000000000000e+00,9.416267279249705040e-04
9.820000000000000000e+02,0.000000000000000000e+00,9.405424224542616174e-04
9.830000000000000000e+02,0.000000000000000000e+00,9.394606260376140361e-04
9.840000000000000000e+02,0.000000000000000000e+00,9.383813306721236480e-04
9.850000000000000000e+02,0.000000000000000000e+00,9.373045284171036082e-04
9.860000000000000000e+02,0.000000000000000000e+00,9.362302113789755477e-04
9.870000000000000000e+02,0.000000000000000000e+00,9.351583717242906244e-04
9.880000000000000000e+02,0.000000000000000000e+00,9.340890016678054684e-04
9.890000000000000000e+02,0.000000000000000000e+00,9.330220934793017045e-04
9.900000000000000000e+02,0.000000000000000000e+00,9.319576394797843060e-04
9.910000000000000000e+02,0.000000000000000000e+00,9.308956320402016942e-04
9.920000000000000000e+02,0.000000000000000000e+00,9.298360635846695046e-04
9.930000000000000000e+02,0.000000000000000000e+00,9.287789265837902760e-04
9.940000000000000000e+02,0.000000000000000000e+00,9.277242135616620578e-04
9.950000000000000000e+02,0.000000000000000000e+00,9.266719170867617882e-04
9.960000000000000000e+02,0.000000000000000000e+00,9.256220297800151191e-04
9.970000000000000000e+02,0.000000000000000000e+00,9.245745443064018725e-04
9.980000000000000000e+02,0.000000000000000000e+00,9.235294533806659911e-04
9.990000000000000000e+02,0.000000000000000000e+00,9.224867497625260752e-04
1.000000000000000000e+03,0.000000000000000000e+00,9.214464262579582111e-04
1.001000000000000000e+03,0.000000000000000000e+00,8.696886244649149706e-04
1.002000000000000000e+03,0.000000000000000000e+00,8.677669863990400976e-04
1.003000000000000000e+03,0.000000000000000000e+00,8.734600792555539993e-04
1.004000000000000000e+03,0.000000000000000000e+00,8.744276364429938962e-04
1.005000000000000000e+03,0.000000000000000000e+00,8.709039771597548241e-04
1.006000000000000000e+03,0.000000000000000000e+00,8.689028106441335896e-04
1.007000000000000000e+03,0.000000000000000000e+00,8.618518294483607563e-04
1.008000000000000000e+03,0.000000000000000000e+00,8.532555246152144718e-04
1.009000000000000000e+03,0.000000000000000000e+00,8.482036802836823153e-04
1.010000000000000000e+03,0.000000000000000000e+00,8.423495704036689001e-04
1.011000000000000000e+03,0.000000000000000000e+00,8.388105888236776966e-04
1.012000000000000000e+03,0.000000000000000000e+00,8.388793674473306490e-04
1.013000000000000000e+03,0.000000000000000000e+00,8.376738104257661424e-04
1.014000000000000000e+03,0.000000000000000000e+00,8.369088843781731556e-04
1.015000000000000000e+03,0.000000000000000000e+00,8.366083485029315609e-04
1.016000000000000000e+03,0.000000000000000000e+00,8.336671233761210184e-04
1.017000000000000000e+03,0.000000000000000000e+00,8.304920144294001150e-04
1.018000000000000000e+03,0.000000000000000000e+00,8.278193501071316913e-04
1.019000000000000000e+03,0.000000000000000000e+00,8.241911325926848213e-04
1.020000000000000000e+03,0.000000000000000000e+00,8.217195124083432386e-04
1.021000000000000000e+03,0.000000000000000000e+00,8.203844246089074532e-04
1.022000000000000000e+03,0.000000000000000000e+00,8.188613345203445224e-04
1.023000000000000000e+03,0.000000000000000000e+00,8.181618073444004010e-04
1.024000000000000000e+03,0.000000000000000000e+00,8.175784461664221785e-04
1.025000000000000000e+03,0.000000000000000000e+00,8.161967402432380612e-04
1.026000000000000000e+03,0.000000000000000000e+00,8.149103688666335969e-04
1.027000000000000000e+03,0.000000000000000000e+00,8.133003692012655706e-04
1.028000000000000000e+03,0.000000000000000000e+00,8.111640975552763177e-04
1.029000000000000000e+03,0.000000000000000000e+00,8.094799654353231500e-04
1.030000000000000000e+03,0.000000000000000000e+00,8.079373894035601781e-04
1.031000000000000000e+03,0.000000000000000000e+00,8.064013252692129241e-04
1.032000000000000000e+03,0.000000000000000000e+00,8.053973693454064865e-04
1.033000000000000000e+03,0.000000000000000000e+00,8.044319331745997505e-04
1.034000000000000000e+03,0.000000000000000000e+00,8.032892307470065711e-04
1.035000000000000000e+03,0.000000000000000000e+00,8.022600978253958482e-04
1.036000000000000000e+03,0.000000000000000000e+00,8.010179918183606270e-04
1.037000000000000000e+03,0.000000000000000000e+00,7.995838130649402225e-04
1.038000000000000000e+03,0.000000000000000000e+00,7.982756973222478875e-04
1.039000000000000000e+03,0.000000000000000000e+00,7.969363746445287666e-04
1.040000000000000000e+03,0.000000000000000000e+00,7.956612605386680298e-04
1.041000000000000000e+03,0.000000000000000000e+00,7.946132530698925191e-04
1.042000000000000000e+03,0.000000000000000000e+00,7.935768604593565912e-04
1.043000000000000000e+03,0.000000000000000000e+00,7.925659635474619370e-04
1.044000000000000000e+03,0.000000000000000000e+00,7.916255738112526474e-04
1.045000000000000000e+03,0.000000000000000000e+00,7.905765697378216734e-04
1.046000000000000000e+03,0.000000000000000000e+00,7.894761128768973922e-04
1.047000000000000000e+03,0.000000000000000000e+00,7.884024902482060764e-04
1.048000000000000000e+03,0.000000000000000000e+00,7.872790032352359677e-04
1.049000000000000000e+03,0.000000000000000000e+00,7.861883888525669556e-04
1.050000000000000000e+03,0.000000000000000000e+00,7.851790773836345464e-04
1.051000000000000000e+03,0.000000000000000000e+00,7.841773362619021632e-04
1.052000000000000000e+03,0.000000000000000000e+00,7.832130061182495133e-04
1.053000000000000000e+03,0.000000000000000000e+00,7.822778093886139164e-04
1.054000000000000000e+03,0.000000000000000000e+00,7.813072790818176251e-04
1.055000000000000000e+03,0.000000000000000000e+00,7.803323661595136344e-04
1.056000000000000000e+03,0.000000000000000000e+00,7.793561067957760361e-04
1.057000000000000000e+03,0.000000000000000000e+00,7.783572590301940245e-04
1.058000000000000000e+03,0.000000000000000000e+00,7.773806077854940669e-04
1.059000000000000000e+03,0.000000000000000000e+00,7.764285201992126044e-04
1.060000000000000000e+03,0.000000000000000000e+00,7.754807627014552104e-04
1.061000000000000000e+03,0.000000000000000000e+00,7.745587901534394838e-04
1.062000000000000000e+03,0.000000000000000000e+00,7.736477960712209072e-04
1.063000000000000000e+03,0.000000000000000000e+00,7.727261455995011524e-04
1.064000000000000000e+03,0.000000000000000000e+00,7.718093426231488561e-04
1.065000000000000000e+03,0.000000000000000000e+00,7.708912694128409971e-04
1.066000000000000000e+03,0.000000000000000000e+00,7.699672044120881497e-04
1.067000000000000000e+03,0.000000000000000000e+00,7.690554188798377593e-04
1.068000000000000000e+03,0.000000000000000000e+00,7.681527574092297632e-04
1.069000000000000000e+03,0.000000000000000000e+00,7.672556423949081000e-04
1.070000000000000000e+03,0.000000000000000000e+00,7.663717853913272352e-04
1.071000000000000000e+03,0.000000000000000000e+00,7.654919225517142550e-04
1.072000000000000000e+03,0.000000000000000000e+00,7.646115529056301359e-04
1.073000000000000000e+03,0.000000000000000000e+00,7.637363146413406450e-04
1.074000000000000000e+03,0.000000000000000000e+00,7.628611994536635323e-04
1.075000000000000000e+03,0.000000000000000000e+00,7.619872530113723725e-04
1.076000000000000000e+03,0.000000000000000000e+00,7.611212463753769340e-04
1.077000000000000000e+03,0.000000000000000000e+00,7.602598166733338849e-04
1.078000000000000000e+03,0.000000000000000000e+00,7.594028250599090153e-04
1.079000000000000000e+03,0.000000000000000000e+00,7.585527350284594411e-04
1.080000000000000000e+03,0.000000000000000000e+00,7.577050851317254643e-04
1.081000000000000000e+03,0.000000000000000000e+00,7.568593287758389361e-04
1.082000000000000000e+03,0.000000000000000000e+00,7.560174991683513970e-04
1.083000000000000000e+03,0.000000000000000000e+00,7.551777729933326425e-04
1.084000000000000000e+03,0.000000000000000000e+00,7.543415154816362784e-04
1.085000000000000000e+03,0.000000000000000000e+00,7.535105852256928716e-04
1.086000000000000000e+03,0.000000000000000000e+00,7.526833392092770712e-04
1.087000000000000000e+03,0.000000000000000000e+00,7.518601226964170738e-04
1.088000000000000000e+03,0.000000000000000000e+00,7.510410618286049878e-04
1.089000000000000000e+03,0.000000000000000000e+00,7.502242838401283406e-04
1.090000000000000000e+03,0.000000000000000000e+00,7.494102734582599925e-04
1.091000000000000000e+03,0.000000000000000000e+00,7.485996203714878703e-04
1.092000000000000000e+03,0.000000000000000000e+00,7.477916559676582673e-04
1.093000000000000000e+03,0.000000000000000000e+00,7.469872677366526815e-04
1.094000000000000000e+03,0.000000000000000000e+00,7.461868240819452894e-04
1.095000000000000000e+03,0.000000000000000000e+00,7.453894877643525100e-04
1.096000000000000000e+03,0.000000000000000000e+00,7.445954253244006131e-04
1.097000000000000000e+03,0.000000000000000000e+00,7.438044739409164965e-04
1.098000000000000000e+03,0.000000000000000000e+00,7.430160218361893127e-04
1.099000000000000000e+03,0.000000000000000000e+00,7.422304444035191656e-04
1.100000000000000000e+03,0.000000000000000000e+00,7.414478805324970726e-04
1.101000000000000000e+03,0.000000000000000000e+00,7.406681545234469798e-04
1.102000000000000000e+03,0.000000000000000000e+00,7.398916116353390637e-04
1.103000000000000000e+03,0.000000000000000000e+00,7.391181479994019931e-04
1.104000000000000000e+03,0.000000000000000000e+00,7.383474187253403001e-04
1.105000000000000000e+03,0.000000000000000000e+00,7.375795320726226487e-04
1.106000000000000000e+03,0.000000000000000000e+00,7.368143549894408612e-04
1.107000000000000000e+03,0.000000000000000000e+00,7.360517358927279839e-04
1.108000000000000000e+03,0.000000000000000000e+00,7.352919033191549414e-04
1.109000000000000000e+03,0.000000000000000000e+00,7.345348474378060296e-04
1.110000000000000000e+03,0.000000000000000000e+00,7.337804668819850702e-04
1.111000000000000000e+03,0.000000000000000000e+00,7.330288471935657779e-04
1.112000000000000000e+03,0.000000000000000000e+00,7.322798714956228056e-04
1.113000000000000000e+03,0.000000000000000000e+00,7.315334150246510705e-04
1.114000000000000000e+03,0.000000000000000000e+00,7.307895404271978106e-04
1.115000000000000000e+03,0.000000000000000000e+00,7.300482053894993134e-04
1.116000000000000000e+03,0.000000000000000000e+00,7.293093890000338243e-04
1.117000000000000000e+03,0.000000000000000000e+00,7.285731597574515630e-04
1.118000000000000000e+03,0.000000000000000000e+00,7.278394562662109926e-04
1.119000000000000000e+03,0.000000000000000000e+00,7.271082186348520491e-04
1.120000000000000000e+03,0.000000000000000000e+00,7.263794514776361795e-04
1.121000000000000000e+03,0.000000000000000000e+00,7.256530878952724807e-04
1.122000000000000000e+03,0.000000000000000000e+00,7.249291009962996728e-04
1.123000000000000000e+03,0.000000000000000000e+00,7.242075248960525534e-04
1.124000000000000000e+03,0.000000000000000000e+00,7.234883309443531892e-04
1.125000000000000000e+03,0.000000000000000000e+00,7.227715009705862857e-04
1.126000000000000000e+03,0.000000000000000000e+00,7.220570371469317052e-04
1.127000000000000000e+03,0.000000000000000000e+00,7.213448906131167404e-04
1.128000000000000000e+03,0.000000000000000000e+00,7.206350315169182674e-04
1.129000000000000000e+03,0.000000000000000000e+00,7.199274570525238462e-04
1.130000000000000000e+03,0.000000000000000000e+00,7.192221415112120837e-04
1.131000000000000000e+03,0.000000000000000000e+00,7.185190763361727715e-04
1.132000000000000000e+03,0.000000000000000000e+00,7.178182609436647380e-04
1.133000000000000000e+03,0.000000000000000000e+00,7.171196668068579964e-04
1.134000000000000000e+03,0.000000000000000000e+00,7.164232748813828414e-04
1.135000000000000000e+03,0.000000000000000000e+00,7.157290723536456623e-04
1.136000000000000000e+03,0.000000000000000000e+00,7.150370332504678815e-04
1.137000000000000000e+03,0.000000000000000000e+00,7.143471473368872074e-04
1.138000000000000000e+03,0.000000000000000000e+00,7.136594091908139963e-04
1.139000000000000000e+03,0.000000000000000000e+00,7.129737999403718560e-04
1.140000000000000000e+03,0.000000000000000000e+00,7.122903065661604499e-04
1.141000000000000000e+03,0.000000000000000000e+00,7.116089160691731761e-04
1.142000000000000000e+03,0.000000000000000000e+00,7.109296071635517588e-04
1.143000000000000000e+03,0.000000000000000000e+00,7.102523669787101993e-04
1.144000000000000000e+03,0.000000000000000000e+00,7.095771860717774247e-04
1.145000000000000000e+03,0.000000000000000000e+00,7.089040498860477678e-04
1.146000000000000000e+03,0.000000000000000000e+00,7.082329481829499531e-04
1.147000000000000000e+03,0.000000000000000000e+00,7.075638693116090543e-04
1.148000000000000000e+03,0.000000000000000000e+00,7.068967967530846675e-04
1.149000000000000000e+03,0.000000000000000000e+00,7.062317182380017152e-04
1.150000000000000000e+03,0.000000000000000000e+00,7.055686221445512133e-04
1.151000000000000000e+03,0.000000000000000000e+00,7.049074953360933826e-04
1.152000000000000000e+03,0.000000000000000000e+00,7.042483280032410878e-04
1.153000000000000000e+03,0.000000000000000000e+00,7.035911095991375383e-04
1.154000000000000000e+03,0.000000000000000000e+00,7.029358269128961395e-04
1.155000000000000000e+03,0.000000000000000000e+00,7.022824687912597539e-04
1.156000000000000000e+03,0.000000000000000000e+00,7.016310241464888227e-04
1.157000000000000000e+03,0.000000000000000000e+00,7.009814810029727384e-04
1.158000000000000000e+03,0.000000000000000000e+00,7.003338296569149241e-04
1.159000000000000000e+03,0.000000000000000000e+00,6.996880601339123488e-04
1.160000000000000000e+03,0.000000000000000000e+00,6.990441613297026461e-04
1.161000000000000000e+03,0.000000000000000000e+00,6.984021230900402076e-04
1.162000000000000000e+03,0.000000000000000000e+00,6.977619349849018687e-04
1.163000000000000000e+03,0.000000000000000000e+00,6.971235863601661642e-04
1.164000000000000000e+03,0.000000000000000000e+00,6.964870677414934869e-04
1.165000000000000000e+03,0.000000000000000000e+00,6.958523696905395250e-04
1.166000000000000000e+03,0.000000000000000000e+00,6.952194823679418807e-04
1.167000000000000000e+03,0.000000000000000000e+00,6.945883965291442617e-04
1.168000000000000000e+03,0.000000000000000000e+00,6.939591026804349701e-04
1.169000000000000000e+03,0.000000000000000000e+00,6.933315911528434121e-04
1.170000000000000000e+03,0.000000000000000000e+00,6.927058530558504075e-04
1.171000000000000000e+03,0.000000000000000000e+00,6.920818794787257297e-04
1.172000000000000000e+03,0.000000000000000000e+00,6.914596614648921453e-04
1.173000000000000000e+03,0.000000000000000000e+00,6.908391904121433591e-04
1.174000000000000000e+03,0.000000000000000000e+00,6.902204575949237196e-04
1.175000000000000000e+03,0.000000000000000000e+00,6.896034542581137676e-04
1.176000000000000000e+03,0.000000000000000000e+00,6.889881720172914403e-04
1.177000000000000000e+03,0.000000000000000000e+00,6.883746025903713251e-04
1.178000000000000000e+03,0.000000000000000000e+00,6.877627377089160551e-04
1.179000000000000000e+03,0.000000000000000000e+00,6.871525693603969471e-04
1.180000000000000000e+03,0.000000000000000000e+00,6.865440894796179206e-04
1.181000000000000000e+03,0.000000000000000000e+00,6.859372900106517398e-04
1.182000000000000000e+03,0.000000000000000000e+00,6.853321631615044663e-04
1.183000000000000000e+03,0.000000000000000000e+00,6.847287011730836866e-04
1.184000000000000000e+03,0.000000000000000000e+00,6.841268963898407881e-04
1.185000000000000000e+03,0.000000000000000000e+00,6.835267413154971078e-04
1.186000000000000000e+03,0.000000000000000000e+00,6.829282284577229724e-04
1.187000000000000000e+03,0.000000000000000000e+00,6.823313503710712368e-04
1.188000000000000000e+03,0.000000000000000000e+00,6.817360997598393389e-04
1.189000000000000000e+03,0.000000000000000000e+00,6.811424694122417481e-04
1.190000000000000000e+03,0.000000000000000000e+00,6.805504521760245232e-04
1.191000000000000000e+03,0.000000000000000000e+00,6.799600410358254150e-04
1.192000000000000000e+03,0.000000000000000000e+00,6.793712290035140797e-04
1.193000000000000000e+03,0.000000000000000000e+00,6.787840091370577400e-04
1.194000000000000000e+03,0.000000000000000000e+00,6.781983746179275812e-04
1.195000000000000000e+03,0.000000000000000000e+00,6.776143186792823927e-04
1.196000000000000000e+03,0.000000000000000000e+00,6.770318346410276545e-04
1.197000000000000000e+03,0.000000000000000000e+00,6.764509159094084191e-04
1.198000000000000000e+03,0.000000000000000000e+00,6.758715559360979185e-04
1.199000000000000000e+03,0.000000000000000000e+00,6.752937482318818220e-04
1.200000000000000000e+03,0.000000000000000000e+00,6.747174863869391049e-04
1.201000000000000000e+03,0.000000000000000000e+00,6.741427640608742191e-04
1.202000000000000000e+03,0.000000000000000000e+00,6.735695749695380739e-04
1.203000000000000000e+03,0.000000000000000000e+00,6.729979129109966290e-04
1.204000000000000000e+03,0.000000000000000000e+00,6.724277717303632799e-04
1.205000000000000000e+03,0.000000000000000000e+00,6.718591453235416315e-04
1.206000000000000000e+03,0.000000000000000000e+00,6.712920276637441078e-04
1.207000000000000000e+03,0.000000000000000000e+00,6.707264127731342104e-04
1.208000000000000000e+03,0.000000000000000000e+00,6.701622947371879691e-04
1.209000000000000000e+03,0.000000000000000000e+00,6.695996677008183521e-04
1.210000000000000000e+03,0.000000000000000000e+00,6.690385258579969584e-04
1.211000000000000000e+03,0.000000000000000000e+00,6.684788634576688824e-04
1.212000000000000000e+03,0.000000000000000000e+00,6.679206748033815911e-04
1.213000000000000000e+03,0.000000000000000000e+00,6.673639542547230106e-04
1.214000000000000000e+03,0.000000000000000000e+00,6.668086962183491020e-04
1.215000000000000000e+03,0.000000000000000000e+00,6.662548951562235816e-04
1.216000000000000000e+03,0.000000000000000000e+00,6.657025455774613588e-04
1.217000000000000000e+03,0.000000000000000000e+00,6.651516420363393512e-04
1.218000000000000000e+03,0.000000000000000000e+00,6.646021791426359781e-04
1.219000000000000000e+03,0.000000000000000000e+00,6.640541515485181689e-04
1.220000000000000000e+03,0.000000000000000000e+00,6.635075539540480263e-04
1.221000000000000000e+03,0.000000000000000000e+00,6.629623811061078394e-04
1.222000000000000000e+03,0.000000000000000000e+00,6.624186277936287273e-04
1.223000000000000000e+03,0.000000000000000000e+00,6.618762888516817669e-04
1.224000000000000000e+03,0.000000000000000000e+00,6.613353591573927198e-04
1.225000000000000000e+03,0.000000000000000000e+00,6.607958336318766820e-04
1.226000000000000000e+03,0.000000000000000000e+00,6.602577072364623507e-04
1.227000000000000000e+03,0.000000000000000000e+00,6.597209749743930280e-04
1.228000000000000000e+03,0.000000000000000000e+00,6.591856318905876637e-04
1.229000000000000000e+03,0.000000000000000000e+00,6.586516730674122494e-04
1.230000000000000000e+03,0.000000000000000000e+00,6.581190936288384931e-04
1.231000000000000000e+03,0.000000000000000000e+00,6.575878887352334685e-04
1.232000000000000000e+03,0.000000000000000000e+00,6.570580535846448286e-04
1.233000000000000000e+03,0.000000000000000000e+00,6.565295834141646235e-04
1.234000000000000000e+03,0.000000000000000000e+00,6.560024734961118244e-04
1.235000000000000000e+03,0.000000000000000000e+00,6.554767191401563841e-04
1.236000000000000000e+03,0.000000000000000000e+00,6.549523156902012887e-04
1.237000000000000000e+03,0.000000000000000000e+00,6.544292585247352481e-04
1.238000000000000000e+03,0.000000000000000000e+00,6.539075430567327330e-04
1.239000000000000000e+03,0.000000000000000000e+00,6.533871647326115143e-04
1.240000000000000000e+03,0.000000000000000000e+00,6.528681190334242011e-04
1.241000000000000000e+03,0.000000000000000000e+00,6.523504014716741562e-04
1.242000000000000000e+03,0.000000000000000000e+00,6.518340075923180574e-04
1.243000000000000000e+03,0.000000000000000000e+00,6.513189329717349301e-04
1.244000000000000000e+03,0.000000000000000000e+00,6.508051732167197904e-04
1.245000000000000000e+03,0.000000000000000000e+00,6.502927239660639784e-04
1.246000000000000000e+03,0.000000000000000000e+00,6.497815808880424114e-04
1.247000000000000000e+03,0.000000000000000000e+00,6.492717396809399638e-04
1.248000000000000000e+03,0.000000000000000000e+00,6.487631960722310513e-04
1.249000000000000000e+03,0.000000000000000000e+00,6.482559458176320386e-04
1.250000000000000000e+03,0.000000000000000000e+00,6.477499847019115714e-04
1.251000000000000000e+03,0.000000000000000000e+00,7.543404630429949428e-04
1.252000000000000000e+03,0.000000000000000000e+00,7.520455248786472868e-04
1.253000000000000000e+03,0.000000000000000000e+00,7.510329503980175568e-04
1.254000000000000000e+03,0.000000000000000000e+00,7.491641593866509843e-04
1.255000000000000000e+03,0.000000000000000000e+00,7.462283419524256157e-04
1.256000000000000000e+03,0.000000000000000000e+00,7.447038294221642934e-04
1.257000000000000000e+03,0.000000000000000000e+00,7.434551250932075646e-04
1.258000000000000000e+03,0.000000000000000000e+00,7.417143287868379047e-04
1.259000000000000000e+03,0.000000000000000000e+00,7.406058289395255024e-04
1.260000000000000000e+03,0.000000000000000000e+00,7.395997833832228382e-04
1.261000000000000000e+03,0.000000000000000000e+00,7.383660712704470750e-04
1.262000000000000000e+03,0.000000000000000000e+00,7.373679227485119888e-04
1.263000000000000000e+03,0.000000000000000000e+00,7.361187941458057719e-04
1.264000000000000000e+03,0.000000000000000000e+00,7.346549394376018782e-04
1.265000000000000000e+03,0.000000000000000000e+00,7.334626525192238129e-04
1.266000000000000000e+03,0.000000000000000000e+00,7.322270891561130559e-04
1.267000000000000000e+03,0.000000000000000000e+00,7.309932678339371975e-04
1.268000000000000000e+03,0.000000000000000000e+00,7.300194007853858273e-04
1.269000000000000000e+03,0.000000000000000000e+00,7.290249263659826125e-04
1.270000000000000000e+03,0.000000000000000000e+00,7.281236237425675866e-04
1.271000000000000000e+03,0.000000000000000000e+00,7.274576034771543546e-04
1.272000000000000000e+03,0.000000000000000000e+00,7.266443892245859695e-04
1.273000000000000000e+03,0.000000000000000000e+00,7.257691472159652447e-04
1.274000000000000000e+03,0.000000000000000000e+00,7.250669536349927096e-04
1.275000000000000000e+03,0.000000000000000000e+00,7.242503284089363974e-04
1.276000000000000000e+03,0.000000000000000000e+00,7.233301467094251005e-04
1.277000000000000000e+03,0.000000000000000000e+00,7.225440007666626523e-04
1.278000000000000000e+03,0.000000000000000000e+00,7.217267136574043391e-04
1.279000000000000000e+03,0.000000000000000000e+00,7.208538729758752137e-04
1.280000000000000000e+03,0.000000000000000000e+00,7.201079429854969748e-04
1.281000000000000000e+03,0.000000000000000000e+00,7.193773860350758612e-04
1.282000000000000000e+03,0.000000000000000000e+00,7.185927030919571530e-04
1.283000000000000000e+03,0.000000000000000000e+00,7.178770258681139776e-04
1.284000000000000000e+03,0.000000000000000000e+00,7.171859432408670982e-04
1.285000000000000000e+03,0.000000000000000000e+00,7.164509649511537981e-04
1.286000000000000000e+03,0.000000000000000000e+00,7.157300464033847492e-04
1.287000000000000000e+03,0.000000000000000000e+00,7.150183484886383275e-04
1.288000000000000000e+03,0.000000000000000000e+00,7.142955240091931239e-04
1.289000000000000000e+03,0.000000000000000000e+00,7.135907800703433388e-04
1.290000000000000000e+03,0.000000000000000000e+00,7.128897372089973775e-04
1.291000000000000000e+03,0.000000000000000000e+00,7.121900909997497513e-04
1.292000000000000000e+03,0.000000000000000000e+00,7.115193981708347118e-04
1.293000000000000000e+03,0.000000000000000000e+00,7.108569903813739691e-04
1.294000000000000000e+03,0.000000000000000000e+00,7.101929450718489105e-04
1.295000000000000000e+03,0.000000000000000000e+00,7.095476466771478540e-04
1.296000000000000000e+03,0.000000000000000000e+00,7.089066340874823147e-04
1.297000000000000000e+03,0.000000000000000000e+00,7.082627298226598558e-04
1.298000000000000000e+03,0.000000000000000000e+00,7.076313459784618239e-04
1.299000000000000000e+03,0.000000000000000000e+00,7.070001525203467758e-04
1.300000000000000000e+03,0.000000000000000000e+00,7.063657402630896818e-04
1.301000000000000000e+03,0.000000000000000000e+00,7.057462932592260818e-04
1.302000000000000000e+03,0.000000000000000000e+00,7.051320008280942365e-04
1.303000000000000000e+03,0.000000000000000000e+00,7.045140174539117400e-04
1.304000000000000000e+03,0.000000000000000000e+00,7.039084032725594943e-04
1.305000000000000000e+03,0.000000000000000000e+00,7.033123031290220914e-04
1.306000000000000000e+03,0.000000000000000000e+00,7.027138066762583356e-04
1.307000000000000000e+03,0.000000000000000000e+00,7.021210209889420248e-04
1.308000000000000000e+03,0.000000000000000000e+00,7.015359158034704772e-04
1.309000000000000000e+03,0.000000000000000000e+00,7.009505478395933404e-04
1.310000000000000000e+03,0.000000000000000000e+00,7.003679112487861975e-04
1.311000000000000000e+03,0.000000000000000000e+00,6.997903188110377298e-04
1.312000000000000000e+03,0.000000000000000000e+00,6.992140496214479866e-04
1.313000000000000000e+03,0.000000000000000000e+00,6.986409325417835322e-04
1.314000000000000000e+03,0.000000000000000000e+00,6.980723280491275698e-04
1.315000000000000000e+03,0.000000000000000000e+00,6.975059318283167217e-04
1.316000000000000000e+03,0.000000000000000000e+00,6.969429391707135119e-04
1.317000000000000000e+03,0.000000000000000000e+00,6.963840935985277786e-04
1.318000000000000000e+03,0.000000000000000000e+00,6.958276347973381664e-04
1.319000000000000000e+03,0.000000000000000000e+00,6.952741420281003922e-04
1.320000000000000000e+03,0.000000000000000000e+00,6.947239037345864700e-04
1.321000000000000000e+03,0.000000000000000000e+00,6.941757406720744546e-04
1.322000000000000000e+03,0.000000000000000000e+00,6.936303010915570531e-04
1.323000000000000000e+03,0.000000000000000000e+00,6.930877003141293867e-04
1.324000000000000000e+03,0.000000000000000000e+00,6.925469052420892349e-04
1.325000000000000000e+03,0.000000000000000000e+00,6.920087169203805160e-04
1.326000000000000000e+03,0.000000000000000000e+00,6.914734827269256642e-04
1.327000000000000000e+03,0.000000000000000000e+00,6.909400604329361296e-04
1.328000000000000000e+03,0.000000000000000000e+00,6.904089081989819420e-04
1.329000000000000000e+03,0.000000000000000000e+00,6.898806634460668847e-04
1.330000000000000000e+03,0.000000000000000000e+00,6.893543573909529732e-04
1.331000000000000000e+03,0.000000000000000000e+00,6.888299352157364105e-04
1.332000000000000000e+03,0.000000000000000000e+00,6.883080601822685624e-04
1.333000000000000000e+03,0.000000000000000000e+00,6.877882025048695849e-04
1.334000000000000000e+03,0.000000000000000000e+00,6.872700685500171417e-04
1.335000000000000000e+03,0.000000000000000000e+00,6.867541240128548132e-04
1.336000000000000000e+03,0.000000000000000000e+00,6.862401921365604215e-04
1.337000000000000000e+03,0.000000000000000000e+00,6.857280079801086848e-04
1.338000000000000000e+03,0.000000000000000000e+00,6.852178198275209837e-04
1.339000000000000000e+03,0.000000000000000000e+00,6.847095800786481270e-04
1.340000000000000000e+03,0.000000000000000000e+00,6.842031113738983664e-04
1.341000000000000000e+03,0.000000000000000000e+00,6.836985324158286002e-04
1.342000000000000000e+03,0.000000000000000000e+00,6.831958060036246762e-04
1.343000000000000000e+03,0.000000000000000000e+00,6.826948035608174613e-04
1.344000000000000000e+03,0.000000000000000000e+00,6.821955878460628665e-04
1.345000000000000000e+03,0.000000000000000000e+00,6.816981250277249398e-04
1.346000000000000000e+03,0.000000000000000000e+00,6.812023140247462031e-04
1.347000000000000000e+03,0.000000000000000000e+00,6.807081926762245053e-04
1.348000000000000000e+03,0.000000000000000000e+00,6.802157394431365689e-04
1.349000000000000000e+03,0.000000000000000000e+00,6.797248791553239930e-04
1.350000000000000000e+03,0.000000000000000000e+00,6.792356390240377167e-04
1.351000000000000000e+03,0.000000000000000000e+00,6.787480031029954680e-04
1.352000000000000000e+03,0.000000000000000000e+00,6.782619094540778999e-04
1.353000000000000000e+03,0.000000000000000000e+00,6.777773814106557299e-04
1.354000000000000000e+03,0.000000000000000000e+00,6.772944073761757045e-04
1.355000000000000000e+03,0.000000000000000000e+00,6.768129223813472428e-04
1.356000000000000000e+03,0.000000000000000000e+00,6.763329411085715814e-04
1.357000000000000000e+03,0.000000000000000000e+00,6.758544667788905346e-04
1.358000000000000000e+03,0.000000000000000000e+00,6.753774352989569364e-04
1.359000000000000000e+03,0.000000000000000000e+00,6.749018422981311943e-04
1.360000000000000000e+03,0.000000000000000000e+00,6.744277058593397406e-04
1.361000000000000000e+03,0.000000000000000000e+00,6.739549797410152509e-04
1.362000000000000000e+03,0.000000000000000000e+00,6.734836408331238734e-04
1.363000000000000000e+03,0.000000000000000000e+00,6.730137067246672608e-04
1.364000000000000000e+03,0.000000000000000000e+00,6.725451551915409120e-04
1.365000000000000000e+03,0.000000000000000000e+00,6.720779568776387393e-04
1.366000000000000000e+03,0.000000000000000000e+00,6.716121154724131320e-04
1.367000000000000000e+03,0.000000000000000000e+00,6.711476216966466134e-04
1.368000000000000000e+03,0.000000000000000000e+00,6.706844517846964095e-04
1.369000000000000000e+03,0.000000000000000000e+00,6.702225980201421355e-04
1.370000000000000000e+03,0.000000000000000000e+00,6.697620522623821005e-04
1.371000000000000000e+03,0.000000000000000000e+00,6.693027987201886041e-04
1.372000000000000000e+03,0.000000000000000000e+00,6.688448277763756923e-04
1.373000000000000000e+03,0.000000000000000000e+00,6.683881292271875562e-04
1.374000000000000000e+03,0.000000000000000000e+00,6.679326907849610128e-04
1.375000000000000000e+03,0.000000000000000000e+00,6.674785052280713966e-04
1.376000000000000000e+03,0.000000000000000000e+00,6.670255625242471446e-04
1.377000000000000000e+03,0.000000000000000000e+00,6.665738504541467244e-04
1.378000000000000000e+03,0.000000000000000000e+00,6.661233627567497879e-04
1.379000000000000000e+03,0.000000000000000000e+00,6.656740910495084242e-04
1.380000000000000000e+03,0.000000000000000000e+00,6.652260229323076271e-04
1.381000000000000000e+03,0.000000000000000000e+00,6.647791513280578313e-04
1.382000000000000000e+03,0.000000000000000000e+00,6.643334694688650659e-04
1.383000000000000000e+03,0.000000000000000000e+00,6.638889660031042873e-04
1.384000000000000000e+03,0.000000000000000000e+00,6.634456329229635255e-04
1.385000000000000000e+03,0.000000000000000000e+00,6.630034645123010278e-04
1.386000000000000000e+03,0.000000000000000000e+00,6.625624512326168131e-04
1.387000000000000000e+03,0.000000000000000000e+00,6.621225845911556628e-04
1.388000000000000000e+03,0.000000000000000000e+00,6.616838591780868986e-04
1.389000000000000000e+03,0.000000000000000000e+00,6.612462672993854162e-04
1.390000000000000000e+03,0.000000000000000000e+00,6.608098004574642498e-04
1.391000000000000000e+03,0.000000000000000000e+00,6.603744527669987282e-04
1.392000000000000000e+03,0.000000000000000000e+00,6.599402177831382305e-04
1.393000000000000000e+03,0.000000000000000000e+00,6.595070876183599818e-04
1.394000000000000000e+03,0.000000000000000000e+00,6.590750558727670938e-04
1.395000000000000000e+03,0.000000000000000000e+00,6.586441166897510739e-04
1.396000000000000000e+03,0.000000000000000000e+00,6.582142631811392728e-04
1.397000000000000000e+03,0.000000000000000000e+00,6.577854889602368065e-04
1.398000000000000000e+03,0.000000000000000000e+00,6.573577883111129082e-04
1.399000000000000000e+03,0.000000000000000000e+00,6.569311551190156438e-04
1.400000000000000000e+03,0.000000000000000000e+00,6.565055834234845896e-04
1.401000000000000000e+03,0.000000000000000000e+00,6.560810676349376714e-04
1.402000000000000000e+03,0.000000000000000000e+00,6.556576020380946437e-04
1.403000000000000000e+03,0.000000000000000000e+00,6.552351810941304654e-04
1.404000000000000000e+03,0.000000000000000000e+00,6.548137994472693095e-04
1.405000000000000000e+03,0.000000000000000000e+00,6.543934516110124422e-04
1.406000000000000000e+03,0.000000000000000000e+00,6.539741323118306374e-04
1.407000000000000000e+03,0.000000000000000000e+00,6.535558364868848582e-04
1.408000000000000000e+03,0.000000000000000000e+00,6.531385589376707173e-04
1.409000000000000000e+03,0.000000000000000000e+00,6.527222946087709752e-04
1.410000000000000000e+03,0.000000000000000000e+00,6.523070387034113262e-04
1.411000000000000000e+03,0.000000000000000000e+00,6.518927863472818302e-04
1.412000000000000000e+03,0.000000000000000000e+00,6.514795327085610207e-04
1.413000000000000000e+03,0.000000000000000000e+00,6.510672732091388713e-04
1.414000000000000000e+03,0.000000000000000000e+00,6.506560032786688937e-04
1.415000000000000000e+03,0.000000000000000000e+00,6.502457183062432949e-04
1.416000000000000000e+03,0.000000000000000000e+00,6.498364138738861075e-04
1.417000000000000000e+03,0.000000000000000000e+00,6.494280856555013177e-04
1.418000000000000000e+03,0.000000000000000000e+00,6.490207292621802014e-04
1.419000000000000000e+03,0.000000000000000000e+00,6.486143404219070745e-04
1.420000000000000000e+03,0.000000000000000000e+00,6.482089150154705633e-04
1.421000000000000000e+03,0.000000000000000000e+00,6.478044488947688837e-04
1.422000000000000000e+03,0.000000000000000000e+00,6.474009379533547572e-04
1.423000000000000000e+03,0.000000000000000000e+00,6.469983782332396245e-04
1.424000000000000000e+03,0.000000000000000000e+00,6.465967657988826818e-04
1.425000000000000000e+03,0.000000000000000000e+00,6.461960967263599177e-04
1.426000000000000000e+03,0.000000000000000000e+00,6.457963672037228542e-04
1.427000000000000000e+03,0.000000000000000000e+00,6.453975734724334140e-04
1.428000000000000000e+03,0.000000000000000000e+00,6.449997117898452134e-04
1.429000000000000000e+03,0.000000000000000000e+00,6.446027784886006022e-04
1.430000000000000000e+03,0.000000000000000000e+00,6.442067699548874229e-04
1.431000000000000000e+03,0.000000000000000000e+00,6.438116826025310239e-04
1.432000000000000000e+03,0.000000000000000000e+00,6.434175129069044175e-04
1.433000000000000000e+03,0.000000000000000000e+00,6.430242573939371799e-04
1.434000000000000000e+03,0.000000000000000000e+00,6.426319126223510158e-04
1.435000000000000000e+03,0.000000000000000000e+00,6.422404752041922706e-04
1.436000000000000000e+03,0.000000000000000000e+00,6.418499417996293864e-04
1.437000000000000000e+03,0.000000000000000000e+00,6.414603091016923223e-04
1.438000000000000000e+03,0.000000000000000000e+00,6.410715738474710625e-04
1.439000000000000000e+03,0.000000000000000000e+00,6.406837328210227955e-04
1.440000000000000000e+03,0.000000000000000000e+00,6.402967828411563166e-04
1.441000000000000000e+03,0.000000000000000000e+00,6.399107207618335083e-04
1.442000000000000000e+03,0.000000000000000000e+00,6.395255434799660549e-04
1.443000000000000000e+03,0.000000000000000000e+00,6.391412479297058167e-04
1.444000000000000000e+03,0.000000000000000000e+00,6.387578310754390412e-04
1.445000000000000000e+03,0.000000000000000000e+00,6.383752899203740030e-04
1.446000000000000000e+03,0.000000000000000000e+00,6.379936215071674559e-04
1.447000000000000000e+03,0.000000000000000000e+00,6.376128229060432952e-04
1.448000000000000000e+03,0.000000000000000000e+00,6.372328912198892831e-04
1.449000000000000000e+03,0.000000000000000000e+00,6.368538235903009343e-04
1.450000000000000000e+03,0.000000000000000000e+00,6.364756171862869481e-04
1.451000000000000000e+03,0.000000000000000000e+00,6.360982692051417742e-04
1.452000000000000000e+03,0.000000000000000000e+00,6.357217768806352424e-04
1.453000000000000000e+03,0.000000000000000000e+00,6.353461374749614938e-04
1.454000000000000000e+03,0.000000000000000000e+00,6.349713482757684841e-04
1.455000000000000000e+03,0.000000000000000000e+00,6.345974066024918925e-04
1.456000000000000000e+03,0.000000000000000000e+00,6.342243098023416219e-04
1.457000000000000000e+03,0.000000000000000000e+00,6.338520552474176048e-04
1.458000000000000000e+03,0.000000000000000000e+00,6.334806403384860788e-04
1.459000000000000000e+03,0.000000000000000000e+00,6.331100625028717897e-04
1.460000000000000000e+03,0.000000000000000000e+00,6.327403191925831888e-04
1.461000000000000000e+03,0.000000000000000000e+00,6.323714078859128240e-04
1.462000000000000000e+03,0.000000000000000000e+00,6.320033260855271919e-04
1.463000000000000000e+03,0.000000000000000000e+00,6.316360713176051231e-04
1.464000000000000000e+03,0.000000000000000000e+00,6.312696411329081058e-04
1.465000000000000000e+03,0.000000000000000000e+00,6.309040331051508389e-04
1.466000000000000000e+03,0.000000000000000000e+00,6.305392448305439154e-04
1.467000000000000000e+03,0.000000000000000000e+00,6.301752739282644742e-04
1.468000000000000000e+03,0.000000000000000000e+00,6.298121180390641935e-04
1.469000000000000000e+03,0.000000000000000000e+00,6.294497748250843256e-04
1.470000000000000000e+03,0.000000000000000000e+00,6.290882419699723570e-04
1.471000000000000000e+03,0.000000000000000000e+00,6.287275171777446806e-04
1.472000000000000000e+03,0.000000000000000000e+00,6.283675981728817882e-04
1.473000000000000000e+03,0.000000000000000000e+00,6.280084827001112136e-04
1.474000000000000000e+03,0.000000000000000000e+00,6.276501685232196807e-04
1.475000000000000000e+03,0.000000000000000000e+00,6.272926534253724009e-04
1.476000000000000000e+03,0.000000000000000000e+00,6.269359352088918957e-04
1.477000000000000000e+03,0.000000000000000000e+00,6.265800116941257648e-04
1.478000000000000000e+03,0.000000000000000000e+00,6.262248807198311437e-04
1.479000000000000000e+03,0.000000000000000000e+00,6.258705401430142423e-04
1.480000000000000000e+03,0.000000000000000000e+00,6.255169878376838372e-04
1.481000000000000000e+03,0.000000000000000000e+00,6.251642216950970606e-04
1.482000000000000000e+03,0.000000000000000000e+00,6.248122396237631949e-04
1.483000000000000000e+03,0.000000000000000000e+00,6.244610395483975260e-04
1.484000000000000000e+03,0.000000000000000000e+00,6.241106194100468942e-04
1.485000000000000000e+03,0.000000000000000000e+00,6.237609771661634193e-04
1.486000000000000000e+03,0.000000000000000000e+00,6.234121107897333449e-04
1.487000000000000000e+03,0.000000000000000000e+00,6.230640182691784840e-04
1.488000000000000000e+03,0.000000000000000000e+00,6.227166976083481961e-04
1.489000000000000000e+03,0.000000000000000000e+00,6.223701468258482656e-04
1.490000000000000000e+03,0.000000000000000000e+00,6.220243639549641410e-04
1.491000000000000000e+03,0.000000000000000000e+00,6.216793470436199516e-04
1.492000000000000000e+03,0.000000000000000000e+00,6.213350941538368401e-04
1.493000000000000000e+03,0.000000000000000000e+00,6.209916033616306140e-04
1.494000000000000000e+03,0.000000000000000000e+00,6.206488727569137338e-04
1.495000000000000000e+03,0.000000000000000000e+00,6.203069004429905085e-04
1.496000000000000000e+03,0.000000000000000000e+00,6.199656845364701421e-04
1.497000000000000000e+03,0.000000000000000000e+00,6.196252231671776130e-04
1.498000000000000000e+03,0.000000000000000000e+00,6.192855144777269314e-04
1.499000000000000000e+03,0.000000000000000000e+00,6.189465566234136950e-04
1.500000000000000000e+03,0.000000000000000000e+00,6.186083477721174024e-04
1.501000000000000000e+03,0.000000000000000000e+00,5.941994933037872580e-04
1.502000000000000000e+03,0.000000000000000000e+00,5.933407187167054342e-04
1.503000000000000000e+03,0.000000000000000000e+00,5.925580792491304521e-04
1.504000000000000000e+03,0.000000000000000000e+00,5.921341669118894945e-04
1.505000000000000000e+03,0.000000000000000000e+00,5.913117116459226013e-04
1.506000000000000000e+03,0.000000000000000000e+00,5.901018450143401782e-04
1.507000000000000000e+03,0.000000000000000000e+00,5.893370984548991802e-04
1.508000000000000000e+03,0.000000000000000000e+00,5.887375849526520558e-04
1.509000000000000000e+03,0.000000000000000000e+00,5.878337836943284614e-04
1.510000000000000000e+03,0.000000000000000000e+00,5.870116510841421340e-04
1.511000000000000000e+03,0.000000000000000000e+00,5.863991241091080081e-04
1.512000000000000000e+03,0.000000000000000000e+00,5.857966922010755112e-04
1.513000000000000000e+03,0.000000000000000000e+00,5.851861253176324825e-04
1.514000000000000000e+03,0.000000000000000000e+00,5.845628216122826081e-04
1.515000000000000000e+03,0.000000000000000000e+00,5.840161059038719623e-04
1.516000000000000000e+03,0.000000000000000000e+00,5.835557269906631230e-04
1.517000000000000000e+03,0.000000000000000000e+00,5.830219962917397277e-04
1.518000000000000000e+03,0.000000000000000000e+00,5.824951218742829492e-04
1.519000000000000000e+03,0.000000000000000000e+00,5.820642772147170858e-04
1.520000000000000000e+03,0.000000000000000000e+00,5.816059172830119299e-04
1.521000000000000000e+03,0.000000000000000000e+00,5.811363661870639621e-04
1.522000000000000000e+03,0.000000000000000000e+00,5.807146578880870765e-04
1.523000000000000000e+03,0.000000000000000000e+00,5.802866888202898223e-04
1.524000000000000000e+03,0.000000000000000000e+00,5.798588776050530181e-04
1.525000000000000000e+03,0.000000000000000000e+00,5.794420835698388741e-04
1.526000000000000000e+03,0.000000000000000000e+00,5.790234636197980587e-04
1.527000000000000000e+03,0.000000000000000000e+00,5.786163590243149479e-04
1.528000000000000000e+03,0.000000000000000000e+00,5.781945656960866273e-04
1.529000000000000000e+03,0.000000000000000000e+00,5.777655753127278453e-04
1.530000000000000000e+03,0.000000000000000000e+00,5.773630793751537019e-04
1.531000000000000000e+03,0.000000000000000000e+00,5.769457350469971591e-04
1.532000000000000000e+03,0.000000000000000000e+00,5.765082269768640518e-04
1.533000000000000000e+03,0.000000000000000000e+00,5.760925471207875310e-04
1.534000000000000000e+03,0.000000000000000000e+00,5.756824847266690630e-04
1.535000000000000000e+03,0.000000000000000000e+00,5.752609806355320514e-04
1.536000000000000000e+03,0.000000000000000000e+00,5.748402540537606324e-04
1.537000000000000000e+03,0.000000000000000000e+00,5.744283653163354333e-04
1.538000000000000000e+03,0.000000000000000000e+00,5.740287640822710601e-04
1.539000000000000000e+03,0.000000000000000000e+00,5.736261815340998587e-04
1.540000000000000000e+03,0.000000000000000000e+00,5.732187831258601799e-04
1.541000000000000000e+03,0.000000000000000000e+00,5.728276848566624113e-04
1.542000000000000000e+03,0.000000000000000000e+00,5.724443306421486124e-04
1.543000000000000000e+03,0.000000000000000000e+00,5.720551529802419969e-04
1.544000000000000000e+03,0.000000000000000000e+00,5.716699224865980870e-04
1.545000000000000000e+03,0.000000000000000000e+00,5.712920352067415389e-04
1.546000000000000000e+03,0.000000000000000000e+00,5.709183227110487587e-04
1.547000000000000000e+03,0.000000000000000000e+00,5.705448067449840534e-04
1.548000000000000000e+03,0.000000000000000000e+00,5.701701362788326715e-04
1.549000000000000000e+03,0.000000000000000000e+00,5.698017472626396669e-04
1.550000000000000000e+03,0.000000000000000000e+00,5.694377368738298608e-04
1.551000000000000000e+03,0.000000000000000000e+00,5.690716488616267416e-04
1.552000000000000000e+03,0.000000000000000000e+00,5.687075735219795838e-04
1.553000000000000000e+03,0.000000000000000000e+00,5.683474656500778210e-04
1.554000000000000000e+03,0.000000000000000000e+00,5.679894154664278348e-04
1.555000000000000000e+03,0.000000000000000000e+00,5.676325448012827435e-04
1.556000000000000000e+03,0.000000000000000000e+00,5.672762096989782555e-04
1.557000000000000000e+03,0.000000000000000000e+00,5.669228110452276996e-04
1.558000000000000000e+03,0.000000000000000000e+00,5.665719961752851454e-04
1.559000000000000000e+03,0.000000000000000000e+00,5.662211837881311969e-04
1.560000000000000000e+03,0.000000000000000000e+00,5.658720506272080794e-04
1.561000000000000000e+03,0.000000000000000000e+00,5.655252033575431433e-04
1.562000000000000000e+03,0.000000000000000000e+00,5.651795902411869445e-04
1.563000000000000000e+03,0.000000000000000000e+00,5.648354144768632807e-04
1.564000000000000000e+03,0.000000000000000000e+00,5.644925472232432701e-04
1.565000000000000000e+03,0.000000000000000000e+00,5.641514656757262106e-04
1.566000000000000000e+03,0.000000000000000000e+00,5.638120515733924904e-04
1.567000000000000000e+03,0.000000000000000000e+00,5.634736711680288050e-04
1.568000000000000000e+03,0.000000000000000000e+00,5.631370595844635693e-04
1.569000000000000000e+03,0.000000000000000000e+00,5.628020566389384900e-04
1.570000000000000000e+03,0.000000000000000000e+00,5.624681899879460526e-04
1.571000000000000000e+03,0.000000000000000000e+00,5.621358665800046516e-04
1.572000000000000000e+03,0.000000000000000000e+00,5.618049781587561992e-04
1.573000000000000000e+03,0.000000000000000000e+00,5.614754509043906215e-04
1.574000000000000000e+03,0.000000000000000000e+00,5.611471968457813330e-04
1.575000000000000000e+03,0.000000000000000000e+00,5.608201311994633629e-04
1.576000000000000000e+03,0.000000000000000000e+00,5.604945587790313233e-04
1.577000000000000000e+03,0.000000000000000000e+00,5.601702270765356604e-04
1.578000000000000000e+03,0.000000000000000000e+00,5.598469605154934425e-04
1.579000000000000000e+03,0.000000000000000000e+00,5.595250040214463233e-04
1.580000000000000000e+03,0.000000000000000000e+00,5.592043079322631246e-04
1.581000000000000000e+03,0.000000000000000000e+00,5.588848194142612136e-04
1.582000000000000000e+03,0.000000000000000000e+00,5.585664432706707438e-04
1.583000000000000000e+03,0.000000000000000000e+00,5.582491869835866285e-04
1.584000000000000000e+03,0.000000000000000000e+00,5.579332083776513285e-04
1.585000000000000000e+03,0.000000000000000000e+00,5.576183551504998968e-04
1.586000000000000000e+03,0.000000000000000000e+00,5.573045482212635269e-04
1.587000000000000000e+03,0.000000000000000000e+00,5.569918660005379434e-04
1.588000000000000000e+03,0.000000000000000000e+00,5.566803082563090855e-04
1.589000000000000000e+03,0.000000000000000000e+00,5.563698642369101438e-04
1.590000000000000000e+03,0.000000000000000000e+00,5.560604374319803259e-04
1.591000000000000000e+03,0.000000000000000000e+00,5.557520421822000761e-04
1.592000000000000000e+03,0.000000000000000000e+00,5.554447526104981095e-04
1.593000000000000000e+03,0.000000000000000000e+00,5.551384970836382993e-04
1.594000000000000000e+03,0.000000000000000000e+00,5.548332437274416766e-04
1.595000000000000000e+03,0.000000000000000000e+00,5.545290000435916522e-04
1.596000000000000000e+03,0.000000000000000000e+00,5.542257821800895649e-04
1.597000000000000000e+03,0.000000000000000000e+00,5.539235880054050026e-04
1.598000000000000000e+03,0.000000000000000000e+00,5.536223601046335371e-04
1.599000000000000000e+03,0.000000000000000000e+00,5.533221111581562192e-04
1.600000000000000000e+03,0.000000000000000000e+00,5.530228569121308987e-04
1.601000000000000000e+03,0.000000000000000000e+00,5.527245708135694689e-04
1.602000000000000000e+03,0.000000000000000000e+00,5.524272409409129204e-04
1.603000000000000000e+03,0.000000000000000000e+00,5.521308538234103716e-04
1.604000000000000000e+03,0.000000000000000000e+00,5.518354175251316334e-04
1.605000000000000000e+03,0.000000000000000000e+00,5.515409227820457574e-04
1.606000000000000000e+03,0.000000000000000000e+00,5.512473469058899083e-04
1.607000000000000000e+03,0.000000000000000000e+00,5.509546929296635018e-04
1.608000000000000000e+03,0.000000000000000000e+00,5.506629532635675230e-04
1.609000000000000000e+03,0.000000000000000000e+00,5.503721213990912277e-04
1.610000000000000000e+03,0.000000000000000000e+00,5.500821891807974613e-04
1.611000000000000000e+03,0.000000000000000000e+00,5.497931474387448333e-04
1.612000000000000000e+03,0.000000000000000000e+00,5.495049967366275089e-04
1.613000000000000000e+03,0.000000000000000000e+00,5.492177264208100707e-04
1.614000000000000000e+03,0.000000000000000000e+00,5.489313304983291231e-04
1.615000000000000000e+03,0.000000000000000000e+00,5.486458051176064301e-04
1.616000000000000000e+03,0.000000000000000000e+00,5.483611427953317963e-04
1.617000000000000000e+03,0.000000000000000000e+00,5.480773394451752059e-04
1.618000000000000000e+03,0.000000000000000000e+00,5.477943867919032959e-04
1.619000000000000000e+03,0.000000000000000000e+00,5.475122813560194274e-04
1.620000000000000000e+03,0.000000000000000000e+00,5.472310185553613685e-04
1.621000000000000000e+03,0.000000000000000000e+00,5.469505907491130792e-04
1.622000000000000000e+03,0.000000000000000000e+00,5.466709938942808638e-04
1.623000000000000000e+03,0.000000000000000000e+00,5.463922226217314158e-04
1.624000000000000000e+03,0.000000000000000000e+00,5.461142732491042207e-04
1.625000000000000000e+03,0.000000000000000000e+00,5.458371399599218788e-04
1.626000000000000000e+03,0.000000000000000000e+00,5.455608169011290452e-04
1.627000000000000000e+03,0.000000000000000000e+00,5.452853011857674691e-04
1.628000000000000000e+03,0.000000000000000000e+00,5.450105880564693655e-04
1.629000000000000000e+03,0.000000000000000000e+00,5.447366729477513261e-04
1.630000000000000000e+03,0.000000000000000000e+00,5.444635506543430000e-04
1.631000000000000000e+03,0.000000000000000000e+00,5.441912173036758888e-04
1.632000000000000000e+03,0.000000000000000000e+00,5.439196696875954386e-04
1.633000000000000000e+03,0.000000000000000000e+00,5.436489026863231336e-04
1.634000000000000000e+03,0.000000000000000000e+00,5.433789120613094666e-04
1.635000000000000000e+03,0.000000000000000000e+00,5.431096938652496065e-04
1.636000000000000000e+03,0.000000000000000000e+00,5.428412447095013220e-04
1.637000000000000000e+03,0.000000000000000000e+00,5.425735606125611180e-04
1.638000000000000000e+03,0.000000000000000000e+00,5.423066370680407850e-04
1.639000000000000000e+03,0.000000000000000000e+00,5.420404707177793515e-04
1.640000000000000000e+03,0.000000000000000000e+00,5.417750579927368970e-04
1.641000000000000000e+03,0.000000000000000000e+00,5.415103952985329859e-04
1.642000000000000000e+03,0.000000000000000000e+00,5.412464787453536916e-04
1.643000000000000000e+03,0.000000000000000000e+00,5.409833047515019006e-04
1.644000000000000000e+03,0.000000000000000000e+00,5.407208701887795000e-04
1.645000000000000000e+03,0.000000000000000000e+00,5.404591715144737088e-04
1.646000000000000000e+03,0.000000000000000000e+00,5.401982053310550903e-04
1.647000000000000000e+03,0.000000000000000000e+00,5.399379682150806919e-04
1.648000000000000000e+03,0.000000000000000000e+00,5.396784570155925033e-04
1.649000000000000000e+03,0.000000000000000000e+00,5.394196685731681481e-04
1.650000000000000000e+03,0.000000000000000000e+00,5.391615995696376687e-04
1.651000000000000000e+03,0.000000000000000000e+00,5.389042468922765772e-04
1.652000000000000000e+03,0.000000000000000000e+00,5.386476074200375079e-04
1.653000000000000000e+03,0.000000000000000000e+00,5.383916781841382310e-04
1.654000000000000000e+03,0.000000000000000000e+00,5.381364561248935374e-04
1.655000000000000000e+03,0.000000000000000000e+00,5.378819382339669001e-04
1.656000000000000000e+03,0.000000000000000000e+00,5.376281216177684376e-04
1.657000000000000000e+03,0.000000000000000000e+00,5.373750033685587794e-04
1.658000000000000000e+03,0.000000000000000000e+00,5.371225806506123475e-04
1.659000000000000000e+03,0.000000000000000000e+00,5.368708505935582088e-04
1.660000000000000000e+03,0.000000000000000000e+00,5.366198104393820603e-04
1.661000000000000000e+03,0.000000000000000000e+00,5.363694574424364425e-04
1.662000000000000000e+03,0.000000000000000000e+00,5.361197888751847345e-04
1.663000000000000000e+03,0.000000000000000000e+00,5.358708020603290996e-04
1.664000000000000000e+03,0.000000000000000000e+00,5.356224943380207427e-04
1.665000000000000000e+03,0.000000000000000000e+00,5.353748631107247379e-04
1.666000000000000000e+03,0.000000000000000000e+00,5.351279057667319506e-04
1.667000000000000000e+03,0.000000000000000000e+00,5.348816197510125169e-04
1.668000000000000000e+03,0.000000000000000000e+00,5.346360025359015106e-04
1.669000000000000000e+03,0.000000000000000000e+00,5.343910516238785120e-04
1.670000000000000000e+03,0.000000000000000000e+00,5.341467645422731236e-04
1.671000000000000000e+03,0.000000000000000000e+00,5.339031388349739678e-04
1.672000000000000000e+03,0.000000000000000000e+00,5.336601720976676426e-04
1.673000000000000000e+03,0.000000000000000000e+00,5.334178619377830891e-04
1.674000000000000000e+03,0.000000000000000000e+00,5.331762059926070923e-04
1.675000000000000000e+03,0.000000000000000000e+00,5.329352019137506991e-04
1.676000000000000000e+03,0.000000000000000000e+00,5.326948473891779303e-04
1.677000000000000000e+03,0.000000000000000000e+00,5.324551401352324489e-04
1.678000000000000000e+03,0.000000000000000000e+00,5.322160778822688457e-04
1.679000000000000000e+03,0.000000000000000000e+00,5.319776583856237898e-04
1.680000000000000000e+03,0.000000000000000000e+00,5.317398794217748081e-04
1.681000000000000000e+03,0.000000000000000000e+00,5.315027388008346319e-04
1.682000000000000000e+03,0.000000000000000000e+00,5.312662343457765814e-04
1.683000000000000000e+03,0.000000000000000000e+00,5.310303639003872977e-04
1.684000000000000000e+03,0.000000000000000000e+00,5.307951253301552465e-04
1.685000000000000000e+03,0.000000000000000000e+00,5.305605165254417919e-04
1.686000000000000000e+03,0.000000000000000000e+00,5.303265353967861681e-04
1.687000000000000000e+03,0.000000000000000000e+00,5.300931798693377757e-04
1.688000000000000000e+03,0.000000000000000000e+00,5.298604478911326555e-04
1.689000000000000000e+03,0.000000000000000000e+00,5.296283374290222017e-04
1.690000000000000000e+03,0.000000000000000000e+00,5.293968464713337931e-04
1.691000000000000000e+03,0.000000000000000000e+00,5.291659730215481604e-04
1.692000000000000000e+03,0.000000000000000000e+00,5.289357151022381839e-04
1.693000000000000000e+03,0.000000000000000000e+00,5.287060707540485512e-04
1.694000000000000000e+03,0.000000000000000000e+00,5.284770380358360525e-04
1.695000000000000000e+03,0.000000000000000000e+00,5.282486150238414674e-04
1.696000000000000000e+03,0.000000000000000000e+00,5.280207998096197140e-04
1.697000000000000000e+03,0.000000000000000000e+00,5.277935905022488033e-04
1.698000000000000000e+03,0.000000000000000000e+00,5.275669852268663820e-04
1.699000000000000000e+03,0.000000000000000000e+00,5.273409821259910507e-04
1.700000000000000000e+03,0.000000000000000000e+00,5.271155793565436261e-04
1.701000000000000000e+03,0.000000000000000000e+00,5.268907750912695063e-04
1.702000000000000000e+03,0.000000000000000000e+00,5.266665675183719933e-04
1.703000000000000000e+03,0.000000000000000000e+00,5.264429548415424341e-04
1.704000000000000000e+03,0.000000000000000000e+00,5.262199352787478657e-04
1.705000000000000000e+03,0.000000000000000000e+00,5.259975070619563866e-04
1.706000000000000000e+03,0.000000000000000000e+00,5.257756684380434416e-04
1.707000000000000000e+03,0.000000000000000000e+00,5.255544176678043303e-04
1.708000000000000000e+03,0.000000000000000000e+00,5.253337530259564840e-04
1.709000000000000000e+03,0.000000000000000000e+00,5.251136728004375531e-04
1.710000000000000000e+03,0.000000000000000000e+00,5.248941752931525311e-04
1.711000000000000000e+03,0.000000000000000000e+00,5.246752588190025258e-04
1.712000000000000000e+03,0.000000000000000000e+00,5.244569217058160215e-04
1.713000000000000000e+03,0.000000000000000000e+00,5.242391622940395556e-04
1.714000000000000000e+03,0.000000000000000000e+00,5.240219789368373571e-04
1.715000000000000000e+03,0.000000000000000000e+00,5.238053699996913842e-04
1.716000000000000000e+03,0.000000000000000000e+00,5.235893338601237687e-04
1.717000000000000000e+03,0.000000000000000000e+00,5.233738689078030679e-04
1.718000000000000000e+03,0.000000000000000000e+00,5.231589735442436148e-04
1.719000000000000000e+03,0.000000000000000000e+00,5.229446461826972072e-04
1.720000000000000000e+03,0.000000000000000000e+00,5.227308852477702749e-04
1.721000000000000000e+03,0.000000000000000000e+00,5.225176891754908844e-04
1.722000000000000000e+03,0.000000000000000000e+00,5.223050564129118117e-04
1.723000000000000000e+03,0.000000000000000000e+00,5.220929854180655482e-04
1.724000000000000000e+03,0.000000000000000000e+00,5.218814746597464846e-04
1.725000000000000000e+03,0.000000000000000000e+00,5.216705226174748068e-04
1.726000000000000000e+03,0.000000000000000000e+00,5.214601277812244695e-04
1.727000000000000000e+03,0.000000000000000000e+00,5.212502886513519645e-04
1.728000000000000000e+03,0.000000000000000000e+00,5.210410037385071989e-04
1.729000000000000000e+03,0.000000000000000000e+00,5.208322715634342188e-04
1.730000000000000000e+03,0.000000000000000000e+00,5.206240906567523091e-04
1.731000000000000000e+03,0.000000000000000000e+00,5.204164595588210099e-04
1.732000000000000000e+03,0.000000000000000000e+00,5.202093768197126869e-04
1.733000000000000000e+03,0.000000000000000000e+00,5.200028409990036047e-04
1.734000000000000000e+03,0.000000000000000000e+00,5.197968506656268015e-04
1.735000000000000000e+03,0.000000000000000000e+00,5.195914043977648607e-04
1.736000000000000000e+03,0.000000000000000000e+00,5.193865007828311550e-04
1.737000000000000000e+03,0.000000000000000000e+00,5.191821384172637388e-04
1.738000000000000000e+03,0.000000000000000000e+00,5.189783159064040264e-04
1.739000000000000000e+03,0.000000000000000000e+00,5.187750318643511837e-04
1.740000000000000000e+03,0.000000000000000000e+00,5.185722849139139893e-04
1.741000000000000000e+03,0.000000000000000000e+00,5.183700736864295562e-04
1.742000000000000000e+03,0.000000000000000000e+00,5.181683968216630430e-04
1.743000000000000000e+03,0.000000000000000000e+00,5.179672529677132198e-04
1.744000000000000000e+03,0.000000000000000000e+00,5.177666407809349480e-04
1.745000000000000000e+03,0.000000000000000000e+00,5.175665589258111356e-04
1.746000000000000000e+03,0.000000000000000000e+00,5.173670060748486541e-04
1.747000000000000000e+03,0.000000000000000000e+00,5.171679809085014687e-04
1.748000000000000000e+03,0.000000000000000000e+00,5.169694821150521346e-04
1.749000000000000000e+03,0.000000000000000000e+00,5.167715083904939445e-04
1.750000000000000000e+03,0.000000000000000000e+00,5.165740584384453851e-04
1.751000000000000000e+03,0.000000000000000000e+00,5.641969822529299163e-04
1.752000000000000000e+03,0.000000000000000000e+00,5.633626094566206730e-04
1.753000000000000000e+03,0.000000000000000000e+00,5.623192794069289437e-04
1.754000000000000000e+03,0.000000000000000000e+00,5.613043250738554120e-04
1.755000000000000000e+03,0.000000000000000000e+00,5.601867596510023192e-04
1.756000000000000000e+03,0.000000000000000000e+00,5.589799622788255542e-04
1.757000000000000000e+03,0.000000000000000000e+00,5.578830077397865794e-04
1.758000000000000000e+03,0.000000000000000000e+00,5.571016708706261460e-04
1.759000000000000000e+03,0.000000000000000000e+00,5.565236720984530205e-04
1.760000000000000000e+03,0.000000000000000000e+00,5.560239540322513101e-04
1.761000000000000000e+03,0.000000000000000000e+00,5.555381289895248509e-04
1.762000000000000000e+03,0.000000000000000000e+00,5.551328771855248024e-04
1.763000000000000000e+03,0.000000000000000000e+00,5.547515920042709377e-04
1.764000000000000000e+03,0.000000000000000000e+00,5.543351754522022300e-04
1.765000000000000000e+03,0.000000000000000000e+00,5.538232508127845493e-04
1.766000000000000000e+03,0.000000000000000000e+00,5.532685441009704309e-04
1.767000000000000000e+03,0.000000000000000000e+00,5.526942565856995775e-04
1.768000000000000000e+03,0.000000000000000000e+00,5.521299766263883203e-04
1.769000000000000000e+03,0.000000000000000000e+00,5.515635939677321267e-04
1.770000000000000000e+03,0.000000000000000000e+00,5.510206154712513765e-04
1.771000000000000000e+03,0.000000000000000000e+00,5.505088128599771452e-04
1.772000000000000000e+03,0.000000000000000000e+00,5.500460525125349005e-04
1.773000000000000000e+03,0.000000000000000000e+00,5.496178697726673747e-04
1.774000000000000000e+03,0.000000000000000000e+00,5.492174156680438863e-04
1.775000000000000000e+03,0.000000000000000000e+00,5.488276078904779677e-04
1.776000000000000000e+03,0.000000000000000000e+00,5.484479549095677350e-04
1.777000000000000000e+03,0.000000000000000000e+00,5.480706980298227478e-04
1.778000000000000000e+03,0.000000000000000000e+00,5.476945180111575601e-04
1.779000000000000000e+03,0.000000000000000000e+00,5.473130177975726700e-04
1.780000000000000000e+03,0.000000000000000000e+00,5.469302571389099334e-04
1.781000000000000000e+03,0.000000000000000000e+00,5.465487951158707128e-04
1.782000000000000000e+03,0.000000000000000000e+00,5.461737863379484805e-04
1.783000000000000000e+03,0.000000000000000000e+00,5.458055951562382126e-04
1.784000000000000000e+03,0.000000000000000000e+00,5.454474661271714857e-04
1.785000000000000000e+03,0.000000000000000000e+00,5.450996432794096187e-04
1.786000000000000000e+03,0.000000000000000000e+00,5.447613888220669345e-04
1.787000000000000000e+03,0.000000000000000000e+00,5.444290983792288369e-04
1.788000000000000000e+03,0.000000000000000000e+00,5.441022037670069323e-04
1.789000000000000000e+03,0.000000000000000000e+00,5.437799768047823362e-04
1.790000000000000000e+03,0.000000000000000000e+00,5.434607214041698581e-04
1.791000000000000000e+03,0.000000000000000000e+00,5.431408128674940260e-04
1.792000000000000000e+03,0.000000000000000000e+00,5.428200422935073027e-04
1.793000000000000000e+03,0.000000000000000000e+00,5.425006427351006157e-04
1.794000000000000000e+03,0.000000000000000000e+00,5.421846334188277225e-04
1.795000000000000000e+03,0.000000000000000000e+00,5.418708253043787258e-04
1.796000000000000000e+03,0.000000000000000000e+00,5.415586386288949190e-04
1.797000000000000000e+03,0.000000000000000000e+00,5.412496510202337557e-04
1.798000000000000000e+03,0.000000000000000000e+00,5.409464503202650668e-04
1.799000000000000000e+03,0.000000000000000000e+00,5.406487121246482223e-04
1.800000000000000000e+03,0.000000000000000000e+00,5.403546335203015909e-04
1.801000000000000000e+03,0.000000000000000000e+00,5.400632144587272756e-04
1.802000000000000000e+03,0.000000000000000000e+00,5.397755874127216965e-04
1.803000000000000000e+03,0.000000000000000000e+00,5.394920918129963647e-04
1.804000000000000000e+03,0.000000000000000000e+00,5.392117202055841333e-04
1.805000000000000000e+03,0.000000000000000000e+00,5.389329729941238524e-04
1.806000000000000000e+03,0.000000000000000000e+00,5.386560902943711426e-04
1.807000000000000000e+03,0.000000000000000000e+00,5.383818505971234378e-04
1.808000000000000000e+03,0.000000000000000000e+00,5.381106289017560402e-04
1.809000000000000000e+03,0.000000000000000000e+00,5.378416897168911874e-04
1.810000000000000000e+03,0.000000000000000000e+00,5.375748071792754322e-04
1.811000000000000000e+03,0.000000000000000000e+00,5.373102344644706697e-04
1.812000000000000000e+03,0.000000000000000000e+00,5.370485363942595607e-04
1.813000000000000000e+03,0.000000000000000000e+00,5.367894844397930491e-04
1.814000000000000000e+03,0.000000000000000000e+00,5.365327280055312304e-04
1.815000000000000000e+03,0.000000000000000000e+00,5.362779445983677749e-04
1.816000000000000000e+03,0.000000000000000000e+00,5.360253150590525012e-04
1.817000000000000000e+03,0.000000000000000000e+00,5.357748176996159550e-04
1.818000000000000000e+03,0.000000000000000000e+00,5.355263714529784379e-04
1.819000000000000000e+03,0.000000000000000000e+00,5.352796908647393815e-04
1.820000000000000000e+03,0.000000000000000000e+00,5.350347751842868651e-04
1.821000000000000000e+03,0.000000000000000000e+00,5.347916429787284839e-04
1.822000000000000000e+03,0.000000000000000000e+00,5.345504065946500485e-04
1.823000000000000000e+03,0.000000000000000000e+00,5.343109911187951880e-04
1.824000000000000000e+03,0.000000000000000000e+00,5.340733628802016167e-04
1.825000000000000000e+03,0.000000000000000000e+00,5.338374555977585265e-04
1.826000000000000000e+03,0.000000000000000000e+00,5.336033057160526321e-04
1.827000000000000000e+03,0.000000000000000000e+00,5.333708863036717551e-04
1.828000000000000000e+03,0.000000000000000000e+00,5.331401564757940002e-04
1.829000000000000000e+03,0.000000000000000000e+00,5.329110161513962544e-04
1.830000000000000000e+03,0.000000000000000000e+00,5.326834107495168058e-04
1.831000000000000000e+03,0.000000000000000000e+00,5.324573065784184286e-04
1.832000000000000000e+03,0.000000000000000000e+00,5.322326848894425727e-04
1.833000000000000000e+03,0.000000000000000000e+00,5.320095053650086923e-04
1.834000000000000000e+03,0.000000000000000000e+00,5.317877240570976268e-04
1.835000000000000000e+03,0.000000000000000000e+00,5.315673244080741221e-04
1.836000000000000000e+03,0.000000000000000000e+00,5.313483020499456654e-04
1.837000000000000000e+03,0.000000000000000000e+00,5.311306587379046023e-04
1.838000000000000000e+03,0.000000000000000000e+00,5.309143714915489547e-04
1.839000000000000000e+03,0.000000000000000000e+00,5.306994283851361027e-04
1.840000000000000000e+03,0.000000000000000000e+00,5.304858118789440927e-04
1.841000000000000000e+03,0.000000000000000000e+00,5.302735159857644744e-04
1.842000000000000000e+03,0.000000000000000000e+00,5.300625125960211660e-04
1.843000000000000000e+03,0.000000000000000000e+00,5.298527798127747193e-04
1.844000000000000000e+03,0.000000000000000000e+00,5.296442903789941922e-04
1.845000000000000000e+03,0.000000000000000000e+00,5.294370296198458621e-04
1.846000000000000000e+03,0.000000000000000000e+00,5.292309721566224555e-04
1.847000000000000000e+03,0.000000000000000000e+00,5.290260952955105640e-04
1.848000000000000000e+03,0.000000000000000000e+00,5.288223768650764448e-04
1.849000000000000000e+03,0.000000000000000000e+00,5.286198053862456794e-04
1.850000000000000000e+03,0.000000000000000000e+00,5.284183688417484932e-04
1.851000000000000000e+03,0.000000000000000000e+00,5.282180513724199934e-04
1.852000000000000000e+03,0.000000000000000000e+00,5.280188364209738219e-04
1.853000000000000000e+03,0.000000000000000000e+00,5.278207112034887048e-04
1.854000000000000000e+03,0.000000000000000000e+00,5.276236684986423606e-04
1.855000000000000000e+03,0.000000000000000000e+00,5.274276965614899289e-04
1.856000000000000000e+03,0.000000000000000000e+00,5.272327811394975777e-04
1.857000000000000000e+03,0.000000000000000000e+00,5.270389052592499039e-04
1.858000000000000000e+03,0.000000000000000000e+00,5.268460578262056061e-04
1.859000000000000000e+03,0.000000000000000000e+00,5.266542278400376245e-04
1.860000000000000000e+03,0.000000000000000000e+00,5.264634040421252957e-04
1.861000000000000000e+03,0.000000000000000000e+00,5.262735714015253329e-04
1.862000000000000000e+03,0.000000000000000000e+00,5.260847167496260270e-04
1.863000000000000000e+03,0.000000000000000000e+00,5.258968292783678528e-04
1.864000000000000000e+03,0.000000000000000000e+00,5.257098999696904230e-04
1.865000000000000000e+03,0.000000000000000000e+00,5.255239188264608421e-04
1.866000000000000000e+03,0.000000000000000000e+00,5.253388744851682831e-04
1.867000000000000000e+03,0.000000000000000000e+00,5.251547566208329427e-04
1.868000000000000000e+03,0.000000000000000000e+00,5.249715559247285050e-04
1.869000000000000000e+03,0.000000000000000000e+00,5.247892643158577272e-04
1.870000000000000000e+03,0.000000000000000000e+00,5.246078724995952101e-04
1.871000000000000000e+03,0.000000000000000000e+00,5.244273710538758290e-04
1.872000000000000000e+03,0.000000000000000000e+00,5.242477503009319905e-04
1.873000000000000000e+03,0.000000000000000000e+00,5.240690016639433426e-04
1.874000000000000000e+03,0.000000000000000000e+00,5.238911167603202326e-04
1.875000000000000000e+03,0.000000000000000000e+00,5.237140872346844221e-04
1.876000000000000000e+03,0.000000000000000000e+00,5.235379045267687242e-04
1.877000000000000000e+03,0.000000000000000000e+00,5.233625601826778946e-04
1.878000000000000000e+03,0.000000000000000000e+00,5.231880463468752910e-04
1.879000000000000000e+03,0.000000000000000000e+00,5.230143554046920353e-04
1.880000000000000000e+03,0.000000000000000000e+00,5.228414800776797757e-04
1.881000000000000000e+03,0.000000000000000000e+00,5.226694128954545004e-04
1.882000000000000000e+03,0.000000000000000000e+00,5.224981466150386156e-04
1.883000000000000000e+03,0.000000000000000000e+00,5.223276740917347444e-04
1.884000000000000000e+03,0.000000000000000000e+00,5.221579885282571706e-04
1.885000000000000000e+03,0.000000000000000000e+00,5.219890832257778786e-04
1.886000000000000000e+03,0.000000000000000000e+00,5.218209515015456192e-04
1.887000000000000000e+03,0.000000000000000000e+00,5.216535867200288584e-04
1.888000000000000000e+03,0.000000000000000000e+00,5.214869823196703093e-04
1.889000000000000000e+03,0.000000000000000000e+00,5.213211319976343312e-04
1.890000000000000000e+03,0.000000000000000000e+00,5.211560295324540060e-04
1.891000000000000000e+03,0.000000000000000000e+00,5.209916688330878173e-04
1.892000000000000000e+03,0.000000000000000000e+00,5.208280438176000286e-04
1.893000000000000000e+03,0.000000000000000000e+00,5.206651485553327654e-04
1.894000000000000000e+03,0.000000000000000000e+00,5.205029772600417142e-04
1.895000000000000000e+03,0.000000000000000000e+00,5.203415242789015535e-04
1.896000000000000000e+03,0.000000000000000000e+00,5.201807840555625236e-04
1.897000000000000000e+03,0.000000000000000000e+00,5.200207510815092141e-04
1.898000000000000000e+03,0.000000000000000000e+00,5.198614199714788600e-04
1.899000000000000000e+03,0.000000000000000000e+00,5.197027854279682481e-04
1.900000000000000000e+03,0.000000000000000000e+00,5.195448422726794838e-04
1.901000000000000000e+03,0.000000000000000000e+00,5.193875853837519492e-04
1.902000000000000000e+03,0.000000000000000000e+00,5.192310097166283160e-04
1.903000000000000000e+03,0.000000000000000000e+00,5.190751103098111170e-04
1.904000000000000000e+03,0.000000000000000000e+00,5.189198822861285521e-04
1.905000000000000000e+03,0.000000000000000000e+00,5.187653208571475164e-04
1.906000000000000000e+03,0.000000000000000000e+00,5.186114212921970768e-04
1.907000000000000000e+03,0.000000000000000000e+00,5.184581789433070735e-04
1.908000000000000000e+03,0.000000000000000000e+00,5.183055892333416357e-04
1.909000000000000000e+03,0.000000000000000000e+00,5.181536476697673563e-04
1.910000000000000000e+03,0.000000000000000000e+00,5.180023498271575221e-04
1.911000000000000000e+03,0.000000000000000000e+00,5.178516913420540789e-04
1.912000000000000000e+03,0.000000000000000000e+00,5.177016679200456290e-04
1.913000000000000000e+03,0.000000000000000000e+00,5.175522753318029376e-04
1.914000000000000000e+03,0.000000000000000000e+00,5.174035094204975857e-04
1.915000000000000000e+03,0.000000000000000000e+00,5.172553660847888871e-04
1.916000000000000000e+03,0.000000000000000000e+00,5.171078412816318632e-04
1.917000000000000000e+03,0.000000000000000000e+00,5.169609310241642412e-04
1.918000000000000000e+03,0.000000000000000000e+00,5.168146313859892701e-04
1.919000000000000000e+03,0.000000000000000000e+00,5.166689385020350588e-04
1.920000000000000000e+03,0.000000000000000000e+00,5.165238485597045594e-04
1.921000000000000000e+03,0.000000000000000000e+00,5.163793577999571671e-04
1.922000000000000000e+03,0.000000000000000000e+00,5.162354625135197588e-04
1.923000000000000000e+03,0.000000000000000000e+00,5.160921590461648063e-04
1.924000000000000000e+03,0.000000000000000000e+00,5.159494437968672326e-04
1.925000000000000000e+03,0.000000000000000000e+00,5.158073132146914503e-04
1.926000000000000000e+03,0.000000000000000000e+00,5.156657637970475314e-04
1.927000000000000000e+03,0.000000000000000000e+00,5.155247920867092170e-04
1.928000000000000000e+03,0.000000000000000000e+00,5.153843946747449500e-04
1.929000000000000000e+03,0.000000000000000000e+00,5.152445681986567334e-04
1.930000000000000000e+03,0.000000000000000000e+00,5.151053093418574364e-04
1.931000000000000000e+03,0.000000000000000000e+00,5.149666148311231361e-04
1.932000000000000000e+03,0.000000000000000000e+00,5.148284814347318678e-04
1.933000000000000000e+03,0.000000000000000000e+00,5.146909059632650673e-04
1.934000000000000000e+03,0.000000000000000000e+00,5.145538852684955044e-04
1.935000000000000000e+03,0.000000000000000000e+00,5.144174162437063639e-04
1.936000000000000000e+03,0.000000000000000000e+00,5.142814958216930608e-04
1.937000000000000000e+03,0.000000000000000000e+00,5.141461209736979034e-04
1.938000000000000000e+03,0.000000000000000000e+00,5.140112887089985302e-04
1.939000000000000000e+03,0.000000000000000000e+00,5.138769960741645807e-04
1.940000000000000000e+03,0.000000000000000000e+00,5.137432401532450454e-04
1.941000000000000000e+03,0.000000000000000000e+00,5.136100180664011959e-04
1.942000000000000000e+03,0.000000000000000000e+00,5.134773269691820120e-04
1.943000000000000000e+03,0.000000000000000000e+00,5.133451640516283054e-04
1.944000000000000000e+03,0.000000000000000000e+00,5.132135265376014908e-04
1.945000000000000000e+03,0.000000000000000000e+00,5.130824116846494694e-04
1.946000000000000000e+03,0.000000000000000000e+00,5.129518167831061994e-04
1.947000000000000000e+03,0.000000000000000000e+00,5.128217391555812531e-04
1.948000000000000000e+03,0.000000000000000000e+00,5.126921761561125139e-04
1.949000000000000000e+03,0.000000000000000000e+00,5.125631251695417830e-04
1.950000000000000000e+03,0.000000000000000000e+00,5.124345836111823642e-04
1.951000000000000000e+03,0.000000000000000000e+00,5.123065489261689753e-04
1.952000000000000000e+03,0.000000000000000000e+00,5.121790185890664603e-04
1.953000000000000000e+03,0.000000000000000000e+00,5.120519901031948731e-04
1.954000000000000000e+03,0.000000000000000000e+00,5.119254610000832564e-04
1.955000000000000000e+03,0.000000000000000000e+00,5.117994288390415990e-04
1.956000000000000000e+03,0.000000000000000000e+00,5.116738912066123380e-04
1.957000000000000000e+03,0.000000000000000000e+00,5.115488457162222207e-04
1.958000000000000000e+03,0.000000000000000000e+00,5.114242900076340246e-04
1.959000000000000000e+03,0.000000000000000000e+00,5.113002217464858792e-04
1.960000000000000000e+03,0.000000000000000000e+00,5.111766386238363350e-04
1.961000000000000000e+03,0.000000000000000000e+00,5.110535383556862304e-04
1.962000000000000000e+03,0.000000000000000000e+00,5.109309186826139658e-04
1.963000000000000000e+03,0.000000000000000000e+00,5.108087773693298968e-04
1.964000000000000000e+03,0.000000000000000000e+00,5.106871122042798417e-04
1.965000000000000000e+03,0.000000000000000000e+00,5.105659209992266870e-04
1.966000000000000000e+03,0.000000000000000000e+00,5.104452015888301516e-04
1.967000000000000000e+03,0.000000000000000000e+00,5.103249518302855302e-04
1.968000000000000000e+03,0.000000000000000000e+00,5.102051696029470413e-04
1.969000000000000000e+03,0.000000000000000000e+00,5.100858528079672220e-04
1.970000000000000000e+03,0.000000000000000000e+00,5.099669993679368640e-04
1.971000000000000000e+03,0.000000000000000000e+00,5.098486072265038084e-04
1.972000000000000000e+03,0.000000000000000000e+00,5.097306743480393369e-04
1.973000000000000000e+03,0.000000000000000000e+00,5.096131987172992494e-04
1.974000000000000000e+03,0.000000000000000000e+00,5.094961783391025074e-04
1.975000000000000000e+03,0.000000000000000000e+00,5.093796112380057561e-04
1.976000000000000000e+03,0.000000000000000000e+00,5.092634954579649447e-04
1.977000000000000000e+03,0.000000000000000000e+00,5.091478290620346774e-04
1.978000000000000000e+03,0.000000000000000000e+00,5.090326101320548791e-04
1.979000000000000000e+03,0.000000000000000000e+00,5.089178367683566510e-04
1.980000000000000000e+03,0.000000000000000000e+00,5.088035070894725721e-04
1.981000000000000000e+03,0.000000000000000000e+00,5.086896192318338811e-04
1.982000000000000000e+03,0.000000000000000000e+00,5.085761713494841392e-04
1.983000000000000000e+03,0.000000000000000000e+00,5.084631616138087212e-04
1.984000000000000000e+03,0.000000000000000000e+00,5.083505882132587778e-04
1.985000000000000000e+03,0.000000000000000000e+00,5.082384493530953638e-04
1.986000000000000000e+03,0.000000000000000000e+00,5.081267432551189300e-04
1.987000000000000000e+03,0.000000000000000000e+00,5.080154681574016329e-04
1.988000000000000000e+03,0.000000000000000000e+00,5.079046223140503292e-04
1.989000000000000000e+03,0.000000000000000000e+00,5.077942039949488598e-04
1.990000000000000000e+03,0.000000000000000000e+00,5.076842114855280915e-04
1.991000000000000000e+03,0.000000000000000000e+00,5.075746430865195856e-04
1.992000000000000000e+03,0.000000000000000000e+00,5.074654971137190253e-04
1.993000000000000000e+03,0.000000000000000000e+00,5.073567718977549552e-04
1.994000000000000000e+03,0.000000000000000000e+00,5.072484657838661950e-04
1.995000000000000000e+03,0.000000000000000000e+00,5.071405771316836973e-04
1.996000000000000000e+03,0.000000000000000000e+00,5.070331043150128406e-04
1.997000000000000000e+03,0.000000000000000000e+00,5.069260457216155039e-04
1.998000000000000000e+03,0.000000000000000000e+00,5.068193997530015754e-04
1.999000000000000000e+03,0.000000000000000000e+00,5.067131648242263146e-04
2.000000000000000000e+03,0.000000000000000000e+00,5.066073393636826190e-04
2.001000000000000000e+03,0.000000000000000000e+00,5.365551928259747801e-04
2.002000000000000000e+03,0.000000000000000000e+00,5.351637717972394662e-04
2.003000000000000000e+03,0.000000000000000000e+00,5.339255005321675608e-04
2.004000000000000000e+03,0.000000000000000000e+00,5.335045725696763164e-04
2.005000000000000000e+03,0.000000000000000000e+00,5.336284204152741753e-04
2.006000000000000000e+03,0.000000000000000000e+00,5.333780419101488961e-04
2.007000000000000000e+03,0.000000000000000000e+00,5.323202256817194866e-04
2.008000000000000000e+03,0.000000000000000000e+00,5.311079235017119064e-04
2.009000000000000000e+03,0.000000000000000000e+00,5.303413227726271311e-04
2.010000000000000000e+03,0.000000000000000000e+00,5.300844024332513303e-04
2.011000000000000000e+03,0.000000000000000000e+00,5.299514813058914860e-04
2.012000000000000000e+03,0.000000000000000000e+00,5.294678228501626185e-04
2.013000000000000000e+03,0.000000000000000000e+00,5.287394083852386788e-04
2.014000000000000000e+03,0.000000000000000000e+00,5.281530850584475459e-04
2.015000000000000000e+03,0.000000000000000000e+00,5.278622406034274087e-04
2.016000000000000000e+03,0.000000000000000000e+00,5.277687513704526923e-04
2.017000000000000000e+03,0.000000000000000000e+00,5.275805718157926738e-04
2.018000000000000000e+03,0.000000000000000000e+00,5.271721595036657146e-04
2.019000000000000000e+03,0.000000000000000000e+00,5.267191993120899814e-04
2.020000000000000000e+03,0.000000000000000000e+00,5.263785592484633829e-04
2.021000000000000000e+03,0.000000000000000000e+00,5.261723958417439213e-04
2.022000000000000000e+03,0.000000000000000000e+00,5.259913396079766816e-04
2.023000000000000000e+03,0.000000000000000000e+00,5.256934382025289874e-04
2.024000000000000000e+03,0.000000000000000000e+00,5.253017832961775309e-04
2.025000000000000000e+03,0.000000000000000000e+00,5.249288085202514272e-04
2.026000000000000000e+03,0.000000000000000000e+00,5.246312088449746379e-04
2.027000000000000000e+03,0.000000000000000000e+00,5.243956428880142909e-04
2.028000000000000000e+03,0.000000000000000000e+00,5.241433109780004301e-04
2.029000000000000000e+03,0.000000000000000000e+00,5.238273849623141260e-04
2.030000000000000000e+03,0.000000000000000000e+00,5.234919300879459572e-04
2.031000000000000000e+03,0.000000000000000000e+00,5.231895907561680183e-04
2.032000000000000000e+03,0.000000000000000000e+00,5.229373090284027050e-04
2.033000000000000000e+03,0.000000000000000000e+00,5.227123623407104337e-04
2.034000000000000000e+03,0.000000000000000000e+00,5.224686367131925859e-04
2.035000000000000000e+03,0.000000000000000000e+00,5.221979008247093837e-04
2.036000000000000000e+03,0.000000000000000000e+00,5.219293999702931831e-04
2.037000000000000000e+03,0.000000000000000000e+00,5.216846238377611947e-04
2.038000000000000000e+03,0.000000000000000000e+00,5.214662687820809540e-04
2.039000000000000000e+03,0.000000000000000000e+00,5.212552749346425259e-04
2.040000000000000000e+03,0.000000000000000000e+00,5.210294340458599110e-04
2.041000000000000000e+03,0.000000000000000000e+00,5.207920012345217727e-04
2.042000000000000000e+03,0.000000000000000000e+00,5.205589043605334670e-04
2.043000000000000000e+03,0.000000000000000000e+00,5.203392583404037363e-04
2.044000000000000000e+03,0.000000000000000000e+00,5.201321423714910883e-04
2.045000000000000000e+03,0.000000000000000000e+00,5.199256512757575738e-04
2.046000000000000000e+03,0.000000000000000000e+00,5.197107927362534276e-04
2.047000000000000000e+03,0.000000000000000000e+00,5.194922446951742582e-04
2.048000000000000000e+03,0.000000000000000000e+00,5.192781675182311365e-04
2.049000000000000000e+03,0.000000000000000000e+00,5.190726102117312760e-04
2.050000000000000000e+03,0.000000000000000000e+00,5.188740569470701126e-04
2.051000000000000000e+03,0.000000000000000000e+00,5.186758286767869297e-04
2.052000000000000000e+03,0.000000000000000000e+00,5.184744881868757951e-04
2.053000000000000000e+03,0.000000000000000000e+00,5.182732544128425484e-04
2.054000000000000000e+03,0.000000000000000000e+00,5.180760637562203735e-04
2.055000000000000000e+03,0.000000000000000000e+00,5.178846192135328017e-04
2.056000000000000000e+03,0.000000000000000000e+00,5.176975811018787611e-04
2.057000000000000000e+03,0.000000000000000000e+00,5.175112916331042886e-04
2.058000000000000000e+03,0.000000000000000000e+00,5.173243411419884601e-04
2.059000000000000000e+03,0.000000000000000000e+00,5.171385205065472546e-04
2.060000000000000000e+03,0.000000000000000000e+00,5.169557098056664322e-04
2.061000000000000000e+03,0.000000000000000000e+00,5.167766407116797158e-04
2.062000000000000000e+03,0.000000000000000000e+00,5.166004371488581081e-04
2.063000000000000000e+03,0.000000000000000000e+00,5.164251618331028434e-04
2.064000000000000000e+03,0.000000000000000000e+00,5.162501783657109803e-04
2.065000000000000000e+03,0.000000000000000000e+00,5.160764332955655211e-04
2.066000000000000000e+03,0.000000000000000000e+00,5.159048803144008826e-04
2.067000000000000000e+03,0.000000000000000000e+00,5.157358964452924766e-04
2.068000000000000000e+03,0.000000000000000000e+00,5.155690248549280215e-04
2.069000000000000000e+03,0.000000000000000000e+00,5.154032684053186939e-04
2.070000000000000000e+03,0.000000000000000000e+00,5.152382904953589984e-04
2.071000000000000000e+03,0.000000000000000000e+00,5.150745631316224100e-04
2.072000000000000000e+03,0.000000000000000000e+00,5.149125799963109266e-04
2.073000000000000000e+03,0.000000000000000000e+00,5.147525523332934080e-04
2.074000000000000000e+03,0.000000000000000000e+00,5.145942704829627960e-04
2.075000000000000000e+03,0.000000000000000000e+00,5.144372187643905759e-04
2.076000000000000000e+03,0.000000000000000000e+00,5.142811765542053964e-04
2.077000000000000000e+03,0.000000000000000000e+00,5.141263489008844785e-04
2.078000000000000000e+03,0.000000000000000000e+00,5.139729816563688410e-04
2.079000000000000000e+03,0.000000000000000000e+00,5.138211895488504913e-04
2.080000000000000000e+03,0.000000000000000000e+00,5.136708866096108489e-04
2.081000000000000000e+03,0.000000000000000000e+00,5.135218086385379306e-04
2.082000000000000000e+03,0.000000000000000000e+00,5.133738007466785106e-04
2.083000000000000000e+03,0.000000000000000000e+00,5.132269339606265919e-04
2.084000000000000000e+03,0.000000000000000000e+00,5.130813265355103035e-04
2.085000000000000000e+03,0.000000000000000000e+00,5.129370392175546444e-04
2.086000000000000000e+03,0.000000000000000000e+00,5.127940433124293911e-04
2.087000000000000000e+03,0.000000000000000000e+00,5.126522099905240441e-04
2.088000000000000000e+03,0.000000000000000000e+00,5.125114347123873974e-04
2.089000000000000000e+03,0.000000000000000000e+00,5.123717285526455849e-04
2.090000000000000000e+03,0.000000000000000000e+00,5.122331461539463265e-04
2.091000000000000000e+03,0.000000000000000000e+00,5.120957186102047167e-04
2.092000000000000000e+03,0.000000000000000000e+00,5.119594384699907661e-04
2.093000000000000000e+03,0.000000000000000000e+00,5.118242460923778372e-04
2.094000000000000000e+03,0.000000000000000000e+00,5.116900738687933268e-04
2.095000000000000000e+03,0.000000000000000000e+00,5.115569073556281657e-04
2.096000000000000000e+03,0.000000000000000000e+00,5.114247671145072394e-04
2.097000000000000000e+03,0.000000000000000000e+00,5.112936669414396961e-04
2.098000000000000000e+03,0.000000000000000000e+00,5.111636036383164407e-04
2.099000000000000000e+03,0.000000000000000000e+00,5.110345496132195735e-04
2.100000000000000000e+03,0.000000000000000000e+00,5.109064628738349545e-04
2.101000000000000000e+03,0.000000000000000000e+00,5.107793205972186367e-04
2.102000000000000000e+03,0.000000000000000000e+00,5.106531244377921202e-04
2.103000000000000000e+03,0.000000000000000000e+00,5.105278784187400765e-04
2.104000000000000000e+03,0.000000000000000000e+00,5.104035789702108432e-04
2.105000000000000000e+03,0.000000000000000000e+00,5.102802122825306382e-04
2.106000000000000000e+03,0.000000000000000000e+00,5.101577537720983560e-04
2.107000000000000000e+03,0.000000000000000000e+00,5.100361817486620802e-04
2.108000000000000000e+03,0.000000000000000000e+00,5.099154881864665116e-04
2.109000000000000000e+03,0.000000000000000000e+00,5.097956712153485547e-04
2.110000000000000000e+03,0.000000000000000000e+00,5.096767264211518860e-04
2.111000000000000000e+03,0.000000000000000000e+00,5.095586452051965778e-04
2.112000000000000000e+03,0.000000000000000000e+00,5.094414134084908341e-04
2.113000000000000000e+03,0.000000000000000000e+00,5.093250144244648031e-04
2.114000000000000000e+03,0.000000000000000000e+00,5.092094367291387976e-04
2.115000000000000000e+03,0.000000000000000000e+00,5.090946745419302078e-04
2.116000000000000000e+03,0.000000000000000000e+00,5.089807226674656054e-04
2.117000000000000000e+03,0.000000000000000000e+00,5.088675741832901934e-04
2.118000000000000000e+03,0.000000000000000000e+00,5.087552199508384165e-04
2.119000000000000000e+03,0.000000000000000000e+00,5.086436484416447011e-04
2.120000000000000000e+03,0.000000000000000000e+00,5.085328485450864256e-04
2.121000000000000000e+03,0.000000000000000000e+00,5.084228123057867813e-04
2.122000000000000000e+03,0.000000000000000000e+00,5.083135336467868451e-04
2.123000000000000000e+03,0.000000000000000000e+00,5.082050061677128965e-04
2.124000000000000000e+03,0.000000000000000000e+00,5.080972226373884487e-04
2.125000000000000000e+03,0.000000000000000000e+00,5.079901747494799079e-04
2.126000000000000000e+03,0.000000000000000000e+00,5.078838534296618900e-04
2.127000000000000000e+03,0.000000000000000000e+00,5.077782504120248452e-04
2.128000000000000000e+03,0.000000000000000000e+00,5.076733589648263316e-04
2.129000000000000000e+03,0.000000000000000000e+00,5.075691729249785138e-04
2.130000000000000000e+03,0.000000000000000000e+00,5.074656858945652323e-04
2.131000000000000000e+03,0.000000000000000000e+00,5.073628911314309337e-04
2.132000000000000000e+03,0.000000000000000000e+00,5.072607814474501976e-04
2.133000000000000000e+03,0.000000000000000000e+00,5.071593495033330408e-04
2.134000000000000000e+03,0.000000000000000000e+00,5.070585885345632159e-04
2.135000000000000000e+03,0.000000000000000000e+00,5.069584924801407138e-04
2.136000000000000000e+03,0.000000000000000000e+00,5.068590554766623469e-04
2.137000000000000000e+03,0.000000000000000000e+00,5.067602715696922777e-04
2.138000000000000000e+03,0.000000000000000000e+00,5.066621346905325531e-04
2.139000000000000000e+03,0.000000000000000000e+00,5.065646386241743054e-04
2.140000000000000000e+03,0.000000000000000000e+00,5.064677771827209851e-04
2.141000000000000000e+03,0.000000000000000000e+00,5.063715445173077971e-04
2.142000000000000000e+03,0.000000000000000000e+00,5.062759351236547668e-04
2.143000000000000000e+03,0.000000000000000000e+00,5.061809436037753660e-04
2.144000000000000000e+03,0.000000000000000000e+00,5.060865645520587399e-04
2.145000000000000000e+03,0.000000000000000000e+00,5.059927925512841800e-04
2.146000000000000000e+03,0.000000000000000000e+00,5.058996221631531119e-04
2.147000000000000000e+03,0.000000000000000000e+00,5.058070480090315823e-04
2.148000000000000000e+03,0.000000000000000000e+00,5.057150649038496615e-04
2.149000000000000000e+03,0.000000000000000000e+00,5.056236678531846138e-04
2.150000000000000000e+03,0.000000000000000000e+00,5.055328519448303807e-04
2.151000000000000000e+03,0.000000000000000000e+00,5.054426122964955593e-04
2.152000000000000000e+03,0.000000000000000000e+00,5.053529440561032931e-04
2.153000000000000000e+03,0.000000000000000000e+00,5.052638423988268460e-04
2.154000000000000000e+03,0.000000000000000000e+00,5.051753025584403926e-04
2.155000000000000000e+03,0.000000000000000000e+00,5.050873198857507929e-04
2.156000000000000000e+03,0.000000000000000000e+00,5.049998898526892634e-04
2.157000000000000000e+03,0.000000000000000000e+00,5.049130080042927128e-04
2.158000000000000000e+03,0.000000000000000000e+00,5.048266699303179204e-04
2.159000000000000000e+03,0.000000000000000000e+00,5.047408712647916997e-04
2.160000000000000000e+03,0.000000000000000000e+00,5.046556076849174812e-04
2.161000000000000000e+03,0.000000000000000000e+00,5.045708749201510603e-04
2.162000000000000000e+03,0.000000000000000000e+00,5.044866687766476213e-04
2.163000000000000000e+03,0.000000000000000000e+00,5.044029851444203991e-04
2.164000000000000000e+03,0.000000000000000000e+00,5.043198199778823948e-04
2.165000000000000000e+03,0.000000000000000000e+00,5.042371692792533113e-04
2.166000000000000000e+03,0.000000000000000000e+00,5.041550290967296375e-04
2.167000000000000000e+03,0.000000000000000000e+00,5.040733955244895270e-04
2.168000000000000000e+03,0.000000000000000000e+00,5.039922647039747584e-04
2.169000000000000000e+03,0.000000000000000000e+00,5.039116328326343928e-04
2.170000000000000000e+03,0.000000000000000000e+00,5.038314961699507689e-04
2.171000000000000000e+03,0.000000000000000000e+00,5.037518510311915715e-04
2.172000000000000000e+03,0.000000000000000000e+00,5.036726937779303264e-04
2.173000000000000000e+03,0.000000000000000000e+00,5.035940208150793728e-04
2.174000000000000000e+03,0.000000000000000000e+00,5.035158285909295452e-04
2.175000000000000000e+03,0.000000000000000000e+00,5.034381135966615236e-04
2.176000000000000000e+03,0.000000000000000000e+00,5.033608723682700750e-04
2.177000000000000000e+03,0.000000000000000000e+00,5.032841014897711240e-04
2.178000000000000000e+03,0.000000000000000000e+00,5.032077975922938417e-04
2.179000000000000000e+03,0.000000000000000000e+00,5.031319573494655219e-04
2.180000000000000000e+03,0.000000000000000000e+00,5.030565774743810201e-04
2.181000000000000000e+03,0.000000000000000000e+00,5.029816547190901418e-04
2.182000000000000000e+03,0.000000000000000000e+00,5.029071858742137271e-04
2.183000000000000000e+03,0.000000000000000000e+00,5.028331677687045836e-04
2.184000000000000000e+03,0.000000000000000000e+00,5.027595972707072595e-04
2.185000000000000000e+03,0.000000000000000000e+00,5.026864712879023853e-04
2.186000000000000000e+03,0.000000000000000000e+00,5.026137867658426409e-04
2.187000000000000000e+03,0.000000000000000000e+00,5.025415406857007593e-04
2.188000000000000000e+03,0.000000000000000000e+00,5.024697300631738315e-04
2.189000000000000000e+03,0.000000000000000000e+00,5.023983519480805255e-04
2.190000000000000000e+03,0.000000000000000000e+00,5.023274034238530295e-04
2.191000000000000000e+03,0.000000000000000000e+00,5.022568816072387875e-04
2.192000000000000000e+03,0.000000000000000000e+00,5.021867836483406150e-04
2.193000000000000000e+03,0.000000000000000000e+00,5.021171067301715253e-04
2.194000000000000000e+03,0.000000000000000000e+00,5.020478480674923569e-04
2.195000000000000000e+03,0.000000000000000000e+00,5.019790049056783478e-04
2.196000000000000000e+03,0.000000000000000000e+00,5.019105745201022251e-04
2.197000000000000000e+03,0.000000000000000000e+00,5.018425542157088724e-04
2.198000000000000000e+03,0.000000000000000000e+00,5.017749413265415329e-04
2.199000000000000000e+03,0.000000000000000000e+00,5.017077332153693867e-04
2.200000000000000000e+03,0.000000000000000000e+00,5.016409272734072841e-04
2.201000000000000000e+03,0.000000000000000000e+00,5.015745209198086644e-04
2.202000000000000000e+03,0.000000000000000000e+00,5.015085116008992415e-04
2.203000000000000000e+03,0.000000000000000000e+00,5.014428967894863677e-04
2.204000000000000000e+03,0.000000000000000000e+00,5.013776739843685401e-04
2.205000000000000000e+03,0.000000000000000000e+00,5.013128407099186334e-04
2.206000000000000000e+03,0.000000000000000000e+00,5.012483945156462079e-04
2.207000000000000000e+03,0.000000000000000000e+00,5.011843329758045940e-04
2.208000000000000000e+03,0.000000000000000000e+00,5.011206536890409121e-04
2.209000000000000000e+03,0.000000000000000000e+00,5.010573542779522003e-04
2.210000000000000000e+03,0.000000000000000000e+00,5.009944323885577328e-04
2.211000000000000000e+03,0.000000000000000000e+00,5.009318856898037570e-04
2.212000000000000000e+03,0.000000000000000000e+00,5.008697118731452076e-04
2.213000000000000000e+03,0.000000000000000000e+00,5.008079086521730668e-04
2.214000000000000000e+03,0.000000000000000000e+00,5.007464737622338092e-04
2.215000000000000000e+03,0.000000000000000000e+00,5.006854049600635917e-04
2.216000000000000000e+03,0.000000000000000000e+00,5.006247000234396831e-04
2.217000000000000000e+03,0.000000000000000000e+00,5.005643567508194242e-04
2.218000000000000000e+03,0.000000000000000000e+00,5.005043729609330019e-04
2.219000000000000000e+03,0.000000000000000000e+00,5.004447464923985570e-04
2.220000000000000000e+03,0.000000000000000000e+00,5.003854752033550738e-04
2.221000000000000000e+03,0.000000000000000000e+00,5.003265569711353843e-04
2.222000000000000000e+03,0.000000000000000000e+00,5.002679896919340775e-04
2.223000000000000000e+03,0.000000000000000000e+00,5.002097712804797446e-04
2.224000000000000000e+03,0.000000000000000000e+00,5.001518996697277165e-04
2.225000000000000000e+03,0.000000000000000000e+00,5.000943728105426093e-04
2.226000000000000000e+03,0.000000000000000000e+00,5.000371886713817372e-04
2.227000000000000000e+03,0.000000000000000000e+00,4.999803452379728876e-04
2.228000000000000000e+03,0.000000000000000000e+00,4.999238405130107445e-04
2.229000000000000000e+03,0.000000000000000000e+00,4.998676725158630700e-04
2.230000000000000000e+03,0.000000000000000000e+00,4.998118392822870765e-04
2.231000000000000000e+03,0.000000000000000000e+00,4.997563388641514375e-04
2.232000000000000000e+03,0.000000000000000000e+00,4.997011693291604668e-04
2.233000000000000000e+03,0.000000000000000000e+00,4.996463287605806824e-04
2.234000000000000000e+03,0.000000000000000000e+00,4.995918152569798392e-04
2.235000000000000000e+03,0.000000000000000000e+00,4.995376269319562034e-04
2.236000000000000000e+03,0.000000000000000000e+00,4.994837619138731404e-04
2.237000000000000000e+03,0.000000000000000000e+00,4.994302183456131089e-04
2.238000000000000000e+03,0.000000000000000000e+00,4.993769943843256922e-04
2.239000000000000000e+03,0.000000000000000000e+00,4.993240882011828943e-04
2.240000000000000000e+03,0.000000000000000000e+00,4.992714979811501558e-04
2.241000000000000000e+03,0.000000000000000000e+00,4.992192219227446857e-04
2.242000000000000000e+03,0.000000000000000000e+00,4.991672582378094049e-04
2.243000000000000000e+03,0.000000000000000000e+00,4.991156051512846137e-04
2.244000000000000000e+03,0.000000000000000000e+00,4.990642609009842117e-04
2.245000000000000000e+03,0.000000000000000000e+00,4.990132237373814603e-04
2.246000000000000000e+03,0.000000000000000000e+00,4.989624919233841185e-04
2.247000000000000000e+03,0.000000000000000000e+00,4.989120637341414553e-04
2.248000000000000000e+03,0.000000000000000000e+00,4.988619374568206873e-04
2.249000000000000000e+03,0.000000000000000000e+00,4.988121113904137732e-04
2.250000000000000000e+03,0.000000000000000000e+00,4.987625838455413910e-04
2.251000000000000000e+03,0.000000000000000000e+00,5.478186277501051991e-04
2.252000000000000000e+03,0.000000000000000000e+00,5.472934229096721457e-04
2.253000000000000000e+03,0.000000000000000000e+00,5.465080362468947199e-04
2.254000000000000000e+03,0.000000000000000000e+00,5.457491523760842934e-04
2.255000000000000000e+03,0.000000000000000000e+00,5.452213125909020864e-04
2.256000000000000000e+03,0.000000000000000000e+00,5.449866187872441170e-04
2.257000000000000000e+03,0.000000000000000000e+00,5.449745121279822102e-04
2.258000000000000000e+03,0.000000000000000000e+00,5.450395287844804872e-04
2.259000000000000000e+03,0.000000000000000000e+00,5.450358773241360030e-04
2.260000000000000000e+03,0.000000000000000000e+00,5.448778171068353535e-04
2.261000000000000000e+03,0.000000000000000000e+00,5.445633682965205294e-04
2.262000000000000000e+03,0.000000000000000000e+00,5.441573777785336900e-04
2.263000000000000000e+03,0.000000000000000000e+00,5.437500148509755550e-04
2.264000000000000000e+03,0.000000000000000000e+00,5.434151015610515613e-04
2.265000000000000000e+03,0.000000000000000000e+00,5.431857731285081106e-04
2.266000000000000000e+03,0.000000000000000000e+00,5.430517449970032311e-04
2.267000000000000000e+03,0.000000000000000000e+00,5.429729886030590803e-04
2.268000000000000000e+03,0.000000000000000000e+00,5.429011364699417230e-04
2.269000000000000000e+03,0.000000000000000000e+00,5.427996271781747968e-04
2.270000000000000000e+03,0.000000000000000000e+00,5.426551589966578139e-04
2.271000000000000000e+03,0.000000000000000000e+00,5.424772237251360499e-04
2.272000000000000000e+03,0.000000000000000000e+00,5.422883293178751979e-04
2.273000000000000000e+03,0.000000000000000000e+00,5.421114394129468526e-04
2.274000000000000000e+03,0.000000000000000000e+00,5.419607375926860067e-04
2.275000000000000000e+03,0.000000000000000000e+00,5.418383619826519677e-04
2.276000000000000000e+03,0.000000000000000000e+00,5.417364212486181461e-04
2.277000000000000000e+03,0.000000000000000000e+00,5.416420885587744111e-04
2.278000000000000000e+03,0.000000000000000000e+00,5.415433824459679225e-04
2.279000000000000000e+03,0.000000000000000000e+00,5.414335054211971004e-04
2.280000000000000000e+03,0.000000000000000000e+00,5.413123024566280587e-04
2.281000000000000000e+03,0.000000000000000000e+00,5.411847167878704873e-04
2.282000000000000000e+03,0.000000000000000000e+00,5.410575252259572972e-04
2.283000000000000000e+03,0.000000000000000000e+00,5.409361971365953502e-04
2.284000000000000000e+03,0.000000000000000000e+00,5.408231581659699678e-04
2.285000000000000000e+03,0.000000000000000000e+00,5.407176929244434304e-04
2.286000000000000000e+03,0.000000000000000000e+00,5.406169924975103404e-04
2.287000000000000000e+03,0.000000000000000000e+00,5.405176695646141637e-04
2.288000000000000000e+03,0.000000000000000000e+00,5.404171568513272414e-04
2.289000000000000000e+03,0.000000000000000000e+00,5.403145428179684890e-04
2.290000000000000000e+03,0.000000000000000000e+00,5.402106091834554770e-04
2.291000000000000000e+03,0.000000000000000000e+00,5.401071680073787993e-04
2.292000000000000000e+03,0.000000000000000000e+00,5.400061068500200357e-04
2.293000000000000000e+03,0.000000000000000000e+00,5.399086214727927919e-04
2.294000000000000000e+03,0.000000000000000000e+00,5.398149122250396528e-04
2.295000000000000000e+03,0.000000000000000000e+00,5.397243291710676800e-04
2.296000000000000000e+03,0.000000000000000000e+00,5.396357756619371386e-04
2.297000000000000000e+03,0.000000000000000000e+00,5.395481642980897189e-04
2.298000000000000000e+03,0.000000000000000000e+00,5.394607771710539269e-04
2.299000000000000000e+03,0.000000000000000000e+00,5.393734394344767633e-04
2.300000000000000000e+03,0.000000000000000000e+00,5.392864720101460700e-04
2.301000000000000000e+03,0.000000000000000000e+00,5.392004654981861003e-04
2.302000000000000000e+03,0.000000000000000000e+00,5.391159892710571666e-04
2.303000000000000000e+03,0.000000000000000000e+00,5.390333666060395396e-04
2.304000000000000000e+03,0.000000000000000000e+00,5.389525933256502071e-04
2.305000000000000000e+03,0.000000000000000000e+00,5.388733951744851917e-04
2.306000000000000000e+03,0.000000000000000000e+00,5.387953640307455508e-04
2.307000000000000000e+03,0.000000000000000000e+00,5.387181056389142705e-04
2.308000000000000000e+03,0.000000000000000000e+00,5.386413524840449581e-04
2.309000000000000000e+03,0.000000000000000000e+00,5.385650183126837985e-04
2.310000000000000000e+03,0.000000000000000000e+00,5.384891878799822566e-04
2.311000000000000000e+03,0.000000000000000000e+00,5.384140525248157401e-04
2.312000000000000000e+03,0.000000000000000000e+00,5.383398197608448010e-04
2.313000000000000000e+03,0.000000000000000000e+00,5.382666335382751445e-04
2.314000000000000000e+03,0.000000000000000000e+00,5.381945331262557924e-04
2.315000000000000000e+03,0.000000000000000000e+00,5.381234573469640629e-04
2.316000000000000000e+03,0.000000000000000000e+00,5.380532810640044610e-04
2.317000000000000000e+03,0.000000000000000000e+00,5.379838628654774356e-04
2.318000000000000000e+03,0.000000000000000000e+00,5.379150864487925983e-04
2.319000000000000000e+03,0.000000000000000000e+00,5.378468860865283970e-04
2.320000000000000000e+03,0.000000000000000000e+00,5.377792530477486102e-04
2.321000000000000000e+03,0.000000000000000000e+00,5.377122243781582833e-04
2.322000000000000000e+03,0.000000000000000000e+00,5.376458595457372187e-04
2.323000000000000000e+03,0.000000000000000000e+00,5.375802138588518103e-04
2.324000000000000000e+03,0.000000000000000000e+00,5.375153180839405001e-04
2.325000000000000000e+03,0.000000000000000000e+00,5.374511701969307553e-04
2.326000000000000000e+03,0.000000000000000000e+00,5.373877394691851678e-04
2.327000000000000000e+03,0.000000000000000000e+00,5.373249784491613678e-04
2.328000000000000000e+03,0.000000000000000000e+00,5.372628369554029257e-04
2.329000000000000000e+03,0.000000000000000000e+00,5.372012735253829619e-04
2.330000000000000000e+03,0.000000000000000000e+00,5.371402620256218730e-04
2.331000000000000000e+03,0.000000000000000000e+00,5.370797929316317981e-04
2.332000000000000000e+03,0.000000000000000000e+00,5.370198699497020275e-04
2.333000000000000000e+03,0.000000000000000000e+00,5.369605035575979179e-04
2.334000000000000000e+03,0.000000000000000000e+00,5.369017037370100737e-04
2.335000000000000000e+03,0.000000000000000000e+00,5.368434742567938399e-04
2.336000000000000000e+03,0.000000000000000000e+00,5.367858100699730330e-04
2.337000000000000000e+03,0.000000000000000000e+00,5.367286980231249661e-04
2.338000000000000000e+03,0.000000000000000000e+00,5.366721198656757355e-04
2.339000000000000000e+03,0.000000000000000000e+00,5.366160560446092340e-04
2.340000000000000000e+03,0.000000000000000000e+00,5.365604889983870834e-04
2.341000000000000000e+03,0.000000000000000000e+00,5.365054052363293566e-04
2.342000000000000000e+03,0.000000000000000000e+00,5.364507960130251909e-04
2.343000000000000000e+03,0.000000000000000000e+00,5.363966567409970531e-04
2.344000000000000000e+03,0.000000000000000000e+00,5.363429854947910063e-04
2.345000000000000000e+03,0.000000000000000000e+00,5.362897811149826060e-04
2.346000000000000000e+03,0.000000000000000000e+00,5.362370414854948988e-04
2.347000000000000000e+03,0.000000000000000000e+00,5.361847624544794234e-04
2.348000000000000000e+03,0.000000000000000000e+00,5.361329376009653282e-04
2.349000000000000000e+03,0.000000000000000000e+00,5.360815587345380126e-04
2.350000000000000000e+03,0.000000000000000000e+00,5.360306168027227777e-04
2.351000000000000000e+03,0.000000000000000000e+00,5.359801028437221736e-04
2.352000000000000000e+03,0.000000000000000000e+00,5.359300087221984194e-04
2.353000000000000000e+03,0.000000000000000000e+00,5.358803275286652939e-04
2.354000000000000000e+03,0.000000000000000000e+00,5.358310536357174629e-04
2.355000000000000000e+03,0.000000000000000000e+00,5.357821824708592241e-04
2.356000000000000000e+03,0.000000000000000000e+00,5.357337101044436049e-04
2.357000000000000000e+03,0.000000000000000000e+00,5.356856327762061533e-04
2.358000000000000000e+03,0.000000000000000000e+00,5.356379464877796936e-04
2.359000000000000000e+03,0.000000000000000000e+00,5.355906467586380327e-04
2.360000000000000000e+03,0.000000000000000000e+00,5.355437285822513662e-04
2.361000000000000000e+03,0.000000000000000000e+00,5.354971865520923632e-04
2.362000000000000000e+03,0.000000000000000000e+00,5.354510150825863776e-04
2.363000000000000000e+03,0.000000000000000000e+00,5.354052086421913883e-04
2.364000000000000000e+03,0.000000000000000000e+00,5.353597619373758314e-04
2.365000000000000000e+03,0.000000000000000000e+00,5.353146700182789819e-04
2.366000000000000000e+03,0.000000000000000000e+00,5.352699283032344131e-04
2.367000000000000000e+03,0.000000000000000000e+00,5.352255325352046943e-04
2.368000000000000000e+03,0.000000000000000000e+00,5.351814786915597231e-04
2.369000000000000000e+03,0.000000000000000000e+00,5.351377628734100417e-04
2.370000000000000000e+03,0.000000000000000000e+00,5.350943812021357856e-04
2.371000000000000000e+03,0.000000000000000000e+00,5.350513297463283706e-04
2.372000000000000000e+03,0.000000000000000000e+00,5.350086044916713569e-04
2.373000000000000000e+03,0.000000000000000000e+00,5.349662013524686616e-04
2.374000000000000000e+03,0.000000000000000000e+00,5.349241162120939742e-04
2.375000000000000000e+03,0.000000000000000000e+00,5.348823449747317025e-04
2.376000000000000000e+03,0.000000000000000000e+00,5.348408836127181189e-04
2.377000000000000000e+03,0.000000000000000000e+00,5.347997281997770355e-04
2.378000000000000000e+03,0.000000000000000000e+00,5.347588749267297853e-04
2.379000000000000000e+03,0.000000000000000000e+00,5.347183201007521102e-04
2.380000000000000000e+03,0.000000000000000000e+00,5.346780601317032387e-04
2.381000000000000000e+03,0.000000000000000000e+00,5.346380915102466862e-04
2.382000000000000000e+03,0.000000000000000000e+00,5.345984107831635137e-04
2.383000000000000000e+03,0.000000000000000000e+00,5.345590145311831035e-04
2.384000000000000000e+03,0.000000000000000000e+00,5.345198993535569144e-04
2.385000000000000000e+03,0.000000000000000000e+00,5.344810618613917222e-04
2.386000000000000000e+03,0.000000000000000000e+00,5.344424986792105457e-04
2.387000000000000000e+03,0.000000000000000000e+00,5.344042064521521826e-04
2.388000000000000000e+03,0.000000000000000000e+00,5.343661818554387884e-04
2.389000000000000000e+03,0.000000000000000000e+00,5.343284216031056553e-04
2.390000000000000000e+03,0.000000000000000000e+00,5.342909224541690216e-04
2.391000000000000000e+03,0.000000000000000000e+00,5.342536812154945452e-04
2.392000000000000000e+03,0.000000000000000000e+00,5.342166947415699467e-04
2.393000000000000000e+03,0.000000000000000000e+00,5.341799599317290179e-04
2.394000000000000000e+03,0.000000000000000000e+00,5.341434737257098626e-04
2.395000000000000000e+03,0.000000000000000000e+00,5.341072330984296922e-04
2.396000000000000000e+03,0.000000000000000000e+00,5.340712350549597660e-04
2.397000000000000000e+03,0.000000000000000000e+00,5.340354766265233838e-04
2.398000000000000000e+03,0.000000000000000000e+00,5.339999548679840065e-04
2.399000000000000000e+03,0.000000000000000000e+00,5.339646668569273703e-04
2.400000000000000000e+03,0.000000000000000000e+00,5.339296096939900003e-04
2.401000000000000000e+03,0.000000000000000000e+00,5.338947805038624225e-04
2.402000000000000000e+03,0.000000000000000000e+00,5.338601764364349486e-04
2.403000000000000000e+03,0.000000000000000000e+00,5.338257946676295846e-04
2.404000000000000000e+03,0.000000000000000000e+00,5.337916323997431807e-04
2.405000000000000000e+03,0.000000000000000000e+00,5.337576868612396979e-04
2.406000000000000000e+03,0.000000000000000000e+00,5.337239553060838578e-04
2.407000000000000000e+03,0.000000000000000000e+00,5.336904350127214501e-04
2.408000000000000000e+03,0.000000000000000000e+00,5.336571232828395475e-04
2.409000000000000000e+03,0.000000000000000000e+00,5.336240174400760884e-04
2.410000000000000000e+03,0.000000000000000000e+00,5.335911148287907167e-04
2.411000000000000000e+03,0.000000000000000000e+00,5.335584128130425961e-04
2.412000000000000000e+03,0.000000000000000000e+00,5.335259087758223613e-04
2.413000000000000000e+03,0.000000000000000000e+00,5.334936001185517588e-04
2.414000000000000000e+03,0.000000000000000000e+00,5.334614842607725890e-04
2.415000000000000000e+03,0.000000000000000000e+00,5.334295586399480805e-04
2.416000000000000000e+03,0.000000000000000000e+00,5.333978207112738054e-04
2.417000000000000000e+03,0.000000000000000000e+00,5.333662679474558514e-04
2.418000000000000000e+03,0.000000000000000000e+00,5.333348978384042094e-04
2.419000000000000000e+03,0.000000000000000000e+00,5.333037078908602416e-04
2.420000000000000000e+03,0.000000000000000000e+00,5.332726956279536766e-04
2.421000000000000000e+03,0.000000000000000000e+00,5.332418585887335836e-04
2.422000000000000000e+03,0.000000000000000000e+00,5.332111943276644350e-04
2.423000000000000000e+03,0.000000000000000000e+00,5.331807004141268314e-04
2.424000000000000000e+03,0.000000000000000000e+00,5.331503744319467412e-04
2.425000000000000000e+03,0.000000000000000000e+00,5.331202139789458817e-04
2.426000000000000000e+03,0.000000000000000000e+00,5.330902166665504307e-04
2.427000000000000000e+03,0.000000000000000000e+00,5.330603801194386607e-04
2.428000000000000000e+03,0.000000000000000000e+00,5.330307019752416990e-04
2.429000000000000000e+03,0.000000000000000000e+00,5.330011798842506851e-04
2.430000000000000000e+03,0.000000000000000000e+00,5.329718115091499481e-04
2.431000000000000000e+03,0.000000000000000000e+00,5.329425945247473657e-04
2.432000000000000000e+03,0.000000000000000000e+00,5.329135266176882437e-04
2.433000000000000000e+03,0.000000000000000000e+00,5.328846054861798194e-04
2.434000000000000000e+03,0.000000000000000000e+00,5.328558288396915889e-04
2.435000000000000000e+03,0.000000000000000000e+00,5.328271943986729806e-04
2.436000000000000000e+03,0.000000000000000000e+00,5.327986998942600780e-04
2.437000000000000000e+03,0.000000000000000000e+00,5.327703430679958966e-04
2.438000000000000000e+03,0.000000000000000000e+00,5.327421216715559713e-04
2.439000000000000000e+03,0.000000000000000000e+00,5.327140334664871727e-04
2.440000000000000000e+03,0.000000000000000000e+00,5.326860762239507508e-04
2.441000000000000000e+03,0.000000000000000000e+00,5.326582477244937858e-04
2.442000000000000000e+03,0.000000000000000000e+00,5.326305457578145658e-04
2.443000000000000000e+03,0.000000000000000000e+00,5.326029681225499758e-04
2.444000000000000000e+03,0.000000000000000000e+00,5.325755126260685226e-04
2.445000000000000000e+03,0.000000000000000000e+00,5.325481770842608676e-04
2.446000000000000000e+03,0.000000000000000000e+00,5.325209593213477057e-04
2.447000000000000000e+03,0.000000000000000000e+00,5.324938571696733337e-04
2.448000000000000000e+03,0.000000000000000000e+00,5.324668684695153722e-04
2.449000000000000000e+03,0.000000000000000000e+00,5.324399910688862488e-04
2.450000000000000000e+03,0.000000000000000000e+00,5.324132228233531116e-04
2.451000000000000000e+03,0.000000000000000000e+00,5.323865615958456006e-04
2.452000000000000000e+03,0.000000000000000000e+00,5.323600052564783636e-04
2.453000000000000000e+03,0.000000000000000000e+00,5.323335516823786678e-04
2.454000000000000000e+03,0.000000000000000000e+00,5.323071987575155300e-04
2.455000000000000000e+03,0.000000000000000000e+00,5.322809443725371945e-04
2.456000000000000000e+03,0.000000000000000000e+00,5.322547864246101289e-04
2.457000000000000000e+03,0.000000000000000000e+00,5.322287228172730908e-04
2.458000000000000000e+03,0.000000000000000000e+00,5.322027514602836046e-04
2.459000000000000000e+03,0.000000000000000000e+00,5.321768702694765815e-04
2.460000000000000000e+03,0.000000000000000000e+00,5.321510771666202290e-04
2.461000000000000000e+03,0.000000000000000000e+00,5.321253700792897418e-04
2.462000000000000000e+03,0.000000000000000000e+00,5.320997469407201747e-04
2.463000000000000000e+03,0.000000000000000000e+00,5.320742056896880486e-04
2.464000000000000000e+03,0.000000000000000000e+00,5.320487442703773426e-04
2.465000000000000000e+03,0.000000000000000000e+00,5.320233606322557866e-04
2.466000000000000000e+03,0.000000000000000000e+00,5.319980527299529973e-04
2.467000000000000000e+03,0.000000000000000000e+00,5.319728185231456605e-04
2.468000000000000000e+03,0.000000000000000000e+00,5.319476559764418477e-04
2.469000000000000000e+03,0.000000000000000000e+00,5.319225630592673906e-04
2.470000000000000000e+03,0.000000000000000000e+00,5.318975377457577872e-04
2.471000000000000000e+03,0.000000000000000000e+00,5.318725780146559608e-04
2.472000000000000000e+03,0.000000000000000000e+00,5.318476818492109959e-04
2.473000000000000000e+03,0.000000000000000000e+00,5.318228472370747049e-04
2.474000000000000000e+03,0.000000000000000000e+00,5.317980721702075201e-04
2.475000000000000000e+03,0.000000000000000000e+00,5.317733546447902387e-04
2.476000000000000000e+03,0.000000000000000000e+00,5.317486926611283971e-04
2.477000000000000000e+03,0.000000000000000000e+00,5.317240842235611969e-04
2.478000000000000000e+03,0.000000000000000000e+00,5.316995273403888646e-04
2.479000000000000000e+03,0.000000000000000000e+00,5.316750200237720363e-04
2.480000000000000000e+03,0.000000000000000000e+00,5.316505602896648636e-04
2.481000000000000000e+03,0.000000000000000000e+00,5.316261461577289271e-04
2.482000000000000000e+03,0.000000000000000000e+00,5.316017756512617879e-04
2.483000000000000000e+03,0.000000000000000000e+00,5.315774467971156724e-04
2.484000000000000000e+03,0.000000000000000000e+00,5.315531576256352390e-04
2.485000000000000000e+03,0.000000000000000000e+00,5.315289061705802745e-04
2.486000000000000000e+03,0.000000000000000000e+00,5.315046904690632441e-04
2.487000000000000000e+03,0.000000000000000000e+00,5.314805085614820708e-04
2.488000000000000000e+03,0.000000000000000000e+00,5.314563584914563845e-04
2.489000000000000000e+03,0.000000000000000000e+00,5.314322383057672400e-04
2.490000000000000000e+03,0.000000000000000000e+00,5.314081460543007389e-04
2.491000000000000000e+03,0.000000000000000000e+00,5.313840797899842781e-04
2.492000000000000000e+03,0.000000000000000000e+00,5.313600375687398212e-04
2.493000000000000000e+03,0.000000000000000000e+00,5.313360174494235078e-04
2.494000000000000000e+03,0.000000000000000000e+00,5.313120174937781661e-04
2.495000000000000000e+03,0.000000000000000000e+00,5.312880357663834390e-04
2.496000000000000000e+03,0.000000000000000000e+00,5.312640703346030923e-04
2.497000000000000000e+03,0.000000000000000000e+00,5.312401192685452245e-04
2.498000000000000000e+03,0.000000000000000000e+00,5.312161806410157540e-04
2.499000000000000000e+03,0.000000000000000000e+00,5.311922525274693054e-04
2.500000000000000000e+03,0.000000000000000000e+00,5.311683330059783093e-04
2.501000000000000000e+03,1.000000000000000000e+00,5.018420189824199761e-04
2.502000000000000000e+03,1.000000000000000000e+00,2.549336655439362644e-03
2.503000000000000000e+03,1.000000000000000000e+00,5.016115758593700687e-04
2.504000000000000000e+03,1.000000000000000000e+00,5.014289472280954911e-04
2.505000000000000000e+03,1.000000000000000000e+00,5.003731470396852524e-04
2.506000000000000000e+03,1.000000000000000000e+00,4.992755382087739682e-04
2.507000000000000000e+03,1.000000000000000000e+00,4.964981430048676612e-04
2.508000000000000000e+03,1.000000000000000000e+00,4.933330560492046532e-04
2.509000000000000000e+03,1.000000000000000000e+00,4.922632891597236715e-04
2.510000000000000000e+03,1.000000000000000000e+00,4.899804699186399107e-04
2.511000000000000000e+03,1.000000000000000000e+00,4.891163948229131303e-04
2.512000000000000000e+03,1.000000000000000000e+00,4.868243167236655910e-04
2.513000000000000000e+03,1.000000000000000000e+00,4.831442145543205120e-04
2.514000000000000000e+03,1.000000000000000000e+00,4.775095503192534766e-04
2.515000000000000000e+03,1.000000000000000000e+00,4.669579742322116627e-04
2.516000000000000000e+03,1.000000000000000000e+00,4.761330601825996297e-04
2.517000000000000000e+03,1.000000000000000000e+00,4.602725573115463726e-04
2.518000000000000000e+03,1.000000000000000000e+00,4.504810116670128137e-04
2.519000000000000000e+03,1.000000000000000000e+00,4.455522925938803776e-04
2.520000000000000000e+03,1.000000000000000000e+00,4.404537512829600435e-04
2.521000000000000000e+03,1.000000000000000000e+00,4.315061566440468667e-04
2.522000000000000000e+03,1.000000000000000000e+00,4.204892689599725852e-04
2.523000000000000000e+03,1.000000000000000000e+00,4.103452110593692028e-04
2.524000000000000000e+03,1.000000000000000000e+00,4.060339172755334501e-04
2.525000000000000000e+03,1.000000000000000000e+00,4.040403629146431487e-04
2.526000000000000000e+03,1.000000000000000000e+00,4.017798851520130500e-04
2.527000000000000000e+03,1.000000000000000000e+00,3.983519463056181976e-04
2.528000000000000000e+03,1.000000000000000000e+00,3.913243934334411766e-04
2.529000000000000000e+03,1.000000000000000000e+00,3.858168870606059394e-04
2.530000000000000000e+03,1.000000000000000000e+00,3.761687291158049705e-04
2.531000000000000000e+03,1.000000000000000000e+00,3.694162214521017344e-04
2.532000000000000000e+03,1.000000000000000000e+00,3.650447869767491993e-04
2.533000000000000000e+03,1.000000000000000000e+00,3.612649971575821752e-04
2.534000000000000000e+03,1.000000000000000000e+00,3.584131944804310257e-04
2.535000000000000000e+03,1.000000000000000000e+00,3.564416802028468317e-04
2.536000000000000000e+03,1.000000000000000000e+00,3.505981452345776532e-04
2.537000000000000000e+03,1.000000000000000000e+00,3.440037108314775074e-04
2.538000000000000000e+03,1.000000000000000000e+00,3.383509227757686773e-04
2.539000000000000000e+03,1.000000000000000000e+00,3.345312335567319508e-04
2.540000000000000000e+03,1.000000000000000000e+00,3.320232335808188874e-04
2.541000000000000000e+03,1.000000000000000000e+00,3.300103464043535996e-04
2.542000000000000000e+03,1.000000000000000000e+00,3.239033313257417505e-04
2.543000000000000000e+03,1.000000000000000000e+00,3.183375819250326547e-04
2.544000000000000000e+03,1.000000000000000000e+00,3.135036564597285598e-04
2.545000000000000000e+03,1.000000000000000000e+00,3.082633462790616580e-04
2.546000000000000000e+03,1.000000000000000000e+00,3.067619716337645071e-04
2.547000000000000000e+03,1.000000000000000000e+00,3.060713534926113666e-04
2.548000000000000000e+03,1.000000000000000000e+00,3.041592614084801752e-04
2.549000000000000000e+03,1.000000000000000000e+00,3.022824515609125401e-04
2.550000000000000000e+03,1.000000000000000000e+00,2.979170186984444590e-04
2.551000000000000000e+03,1.000000000000000000e+00,2.942441406514895164e-04
2.552000000000000000e+03,1.000000000000000000e+00,2.911558290081900846e-04
2.553000000000000000e+03,1.000000000000000000e+00,2.891934282689701810e-04
2.554000000000000000e+03,1.000000000000000000e+00,2.878321859855254472e-04
2.555000000000000000e+03,1.000000000000000000e+00,2.855799666223214086e-04
2.556000000000000000e+03,1.000000000000000000e+00,2.814745410249393492e-04
2.557000000000000000e+03,1.000000000000000000e+00,2.796477108677848850e-04
2.558000000000000000e+03,1.000000000000000000e+00,2.767868652173174990e-04
2.559000000000000000e+03,1.000000000000000000e+00,2.755420820275801888e-04
2.560000000000000000e+03,1.000000000000000000e+00,2.734392677644440764e-04
2.561000000000000000e+03,1.000000000000000000e+00,2.714713669586051210e-04
2.562000000000000000e+03,1.000000000000000000e+00,2.700229766612690816e-04
2.563000000000000000e+03,1.000000000000000000e+00,2.696093661308439859e-04
2.564000000000000000e+03,1.000000000000000000e+00,2.689478928308043637e-04
2.565000000000000000e+03,1.000000000000000000e+00,2.677481039982197025e-04
2.566000000000000000e+03,1.000000000000000000e+00,2.701591422123114389e-04
2.567000000000000000e+03,1.000000000000000000e+00,2.668719710007460221e-04
2.568000000000000000e+03,1.000000000000000000e+00,2.643501922797605831e-04
2.569000000000000000e+03,1.000000000000000000e+00,2.620703614867332231e-04
2.570000000000000000e+03,1.000000000000000000e+00,2.594979826143998126e-04
2.571000000000000000e+03,1.000000000000000000e+00,2.565523380836681093e-04
2.572000000000000000e+03,1.000000000000000000e+00,2.540855405209678595e-04
2.573000000000000000e+03,1.000000000000000000e+00,2.529371147637254945e-04
2.574000000000000000e+03,1.000000000000000000e+00,2.522642370633626291e-04
2.575000000000000000e+03,1.000000000000000000e+00,2.515578615147392311e-04
2.576000000000000000e+03,1.000000000000000000e+00,2.508200611279781818e-04
2.577000000000000000e+03,1.000000000000000000e+00,2.492788479976099786e-04
2.578000000000000000e+03,1.000000000000000000e+00,2.475989364687955453e-04
2.579000000000000000e+03,1.000000000000000000e+00,2.459856571606425777e-04
2.580000000000000000e+03,1.000000000000000000e+00,2.449615410255070840e-04
2.581000000000000000e+03,1.000000000000000000e+00,2.434199001480775852e-04
2.582000000000000000e+03,1.000000000000000000e+00,2.400869046667072199e-04
2.583000000000000000e+03,1.000000000000000000e+00,2.360568823922914007e-04
2.584000000000000000e+03,1.000000000000000000e+00,2.387052393823513156e-04
2.585000000000000000e+03,1.000000000000000000e+00,2.346398719366804921e-04
2.586000000000000000e+03,1.000000000000000000e+00,2.318614542882453493e-04
2.587000000000000000e+03,1.000000000000000000e+00,2.309034983752162261e-04
2.588000000000000000e+03,1.000000000000000000e+00,2.303452652933200449e-04
2.589000000000000000e+03,1.000000000000000000e+00,2.293450653884552778e-04
2.590000000000000000e+03,1.000000000000000000e+00,2.269340624856074605e-04
2.591000000000000000e+03,1.000000000000000000e+00,2.223891202714762920e-04
2.592000000000000000e+03,1.000000000000000000e+00,2.177055708576714670e-04
2.593000000000000000e+03,1.000000000000000000e+00,2.150383045399731244e-04
2.594000000000000000e+03,1.000000000000000000e+00,2.134298084266269711e-04
2.595000000000000000e+03,1.000000000000000000e+00,2.126104762507316265e-04
2.596000000000000000e+03,1.000000000000000000e+00,2.114792675243936824e-04
2.597000000000000000e+03,1.000000000000000000e+00,2.085227023294980464e-04
2.598000000000000000e+03,1.000000000000000000e+00,2.041315526455278928e-04
2.599000000000000000e+03,1.000000000000000000e+00,1.993715033024657569e-04
2.600000000000000000e+03,1.000000000000000000e+00,1.951295521787929188e-04
2.601000000000000000e+03,1.000000000000000000e+00,1.926611153075569638e-04
2.602000000000000000e+03,1.000000000000000000e+00,1.918688175380245148e-04
2.603000000000000000e+03,1.000000000000000000e+00,1.910889003615222196e-04
2.604000000000000000e+03,1.000000000000000000e+00,1.912163156080424066e-04
2.605000000000000000e+03,1.000000000000000000e+00,1.903017962146199313e-04
2.606000000000000000e+03,1.000000000000000000e+00,1.891264755054010774e-04
2.607000000000000000e+03,1.000000000000000000e+00,1.883577732289789186e-04
2.608000000000000000e+03,1.000000000000000000e+00,1.878958978169703348e-04
2.609000000000000000e+03,1.000000000000000000e+00,1.868312381677431370e-04
2.610000000000000000e+03,1.000000000000000000e+00,1.850364457472511979e-04
2.611000000000000000e+03,1.000000000000000000e+00,1.830383312250954790e-04
2.612000000000000000e+03,1.000000000000000000e+00,1.818321980809280061e-04
2.613000000000000000e+03,1.000000000000000000e+00,1.811708295202117723e-04
2.614000000000000000e+03,1.000000000000000000e+00,1.803035874001578500e-04
2.615000000000000000e+03,1.000000000000000000e+00,1.795538053565129443e-04
2.616000000000000000e+03,1.000000000000000000e+00,1.791113000678226132e-04
2.617000000000000000e+03,1.000000000000000000e+00,1.779010091042216657e-04
2.618000000000000000e+03,1.000000000000000000e+00,1.759285604734662492e-04
2.619000000000000000e+03,1.000000000000000000e+00,1.733439115305108590e-04
2.620000000000000000e+03,1.000000000000000000e+00,1.793665914848237156e-04
2.621000000000000000e+03,1.000000000000000000e+00,1.726951642334698946e-04
2.622000000000000000e+03,1.000000000000000000e+00,1.716431563288719629e-04
2.623000000000000000e+03,1.000000000000000000e+00,1.704197267657768142e-04
2.624000000000000000e+03,1.000000000000000000e+00,1.705536435909975443e-04
2.625000000000000000e+03,1.000000000000000000e+00,1.700630029523083210e-04
2.626000000000000000e+03,1.000000000000000000e+00,1.696753987626472421e-04
2.627000000000000000e+03,1.000000000000000000e+00,1.689036542656231299e-04
2.628000000000000000e+03,1.000000000000000000e+00,1.686985708555087003e-04
2.629000000000000000e+03,1.000000000000000000e+00,1.685414269772565819e-04
2.630000000000000000e+03,1.000000000000000000e+00,1.682371640892706360e-04
2.631000000000000000e+03,1.000000000000000000e+00,1.677195578068331515e-04
2.632000000000000000e+03,1.000000000000000000e+00,1.657748630706436417e-04
2.633000000000000000e+03,1.000000000000000000e+00,1.644802100360002539e-04
2.634000000000000000e+03,1.000000000000000000e+00,1.632213366581467418e-04
2.635000000000000000e+03,1.000000000000000000e+00,1.882799949693152348e-04
2.636000000000000000e+03,1.000000000000000000e+00,1.625304707456412838e-04
2.637000000000000000e+03,1.000000000000000000e+00,1.620376423279997564e-04
2.638000000000000000e+03,1.000000000000000000e+00,1.612873850118728904e-04
2.639000000000000000e+03,1.000000000000000000e+00,1.605480137696493697e-04
2.640000000000000000e+03,1.000000000000000000e+00,1.596858433728384037e-04
2.641000000000000000e+03,1.000000000000000000e+00,1.605951142124149194e-04
2.642000000000000000e+03,1.000000000000000000e+00,1.591767268510620810e-04
2.643000000000000000e+03,1.000000000000000000e+00,1.584442630711709293e-04
2.644000000000000000e+03,1.000000000000000000e+00,1.580268716566241797e-04
2.645000000000000000e+03,1.000000000000000000e+00,1.569421073500012597e-04
2.646000000000000000e+03,1.000000000000000000e+00,1.552271506374747938e-04
2.647000000000000000e+03,1.000000000000000000e+00,1.528477865489675678e-04
2.648000000000000000e+03,1.000000000000000000e+00,1.502972294369832209e-04
2.649000000000000000e+03,1.000000000000000000e+00,1.484554342831262527e-04
2.650000000000000000e+03,1.000000000000000000e+00,1.474820933346807452e-04
2.651000000000000000e+03,1.000000000000000000e+00,1.466992506612037881e-04
2.652000000000000000e+03,1.000000000000000000e+00,1.462866231382495253e-04
2.653000000000000000e+03,1.000000000000000000e+00,1.459251097416361983e-04
2.654000000000000000e+03,1.000000000000000000e+00,1.452441924174357926e-04
2.655000000000000000e+03,1.000000000000000000e+00,1.441522857218616280e-04
2.656000000000000000e+03,1.000000000000000000e+00,1.426595156639399379e-04
2.657000000000000000e+03,1.000000000000000000e+00,1.391758982997665030e-04
2.658000000000000000e+03,1.000000000000000000e+00,1.357512630321788100e-04
2.659000000000000000e+03,1.000000000000000000e+00,1.340366682062820022e-04
2.660000000000000000e+03,1.000000000000000000e+00,1.331511672861145665e-04
2.661000000000000000e+03,1.000000000000000000e+00,1.327795813973667706e-04
2.662000000000000000e+03,1.000000000000000000e+00,1.322276467865996809e-04
2.663000000000000000e+03,1.000000000000000000e+00,1.314255791200571219e-04
2.664000000000000000e+03,1.000000000000000000e+00,1.324512855162642325e-04
2.665000000000000000e+03,1.000000000000000000e+00,1.308762389273483229e-04
2.666000000000000000e+03,1.000000000000000000e+00,1.294447938197409141e-04
2.667000000000000000e+03,1.000000000000000000e+00,1.280598337775979366e-04
2.668000000000000000e+03,1.000000000000000000e+00,1.265187717432631506e-04
2.669000000000000000e+03,1.000000000000000000e+00,1.249810758376496925e-04
2.670000000000000000e+03,1.000000000000000000e+00,1.232656007296601688e-04
2.671000000000000000e+03,1.000000000000000000e+00,1.211935726870797957e-04
2.672000000000000000e+03,1.000000000000000000e+00,1.199040153091955981e-04
2.673000000000000000e+03,1.000000000000000000e+00,1.191775612430230179e-04
2.674000000000000000e+03,1.000000000000000000e+00,1.199360972142325254e-04
2.675000000000000000e+03,1.000000000000000000e+00,1.187304239988269303e-04
2.676000000000000000e+03,1.000000000000000000e+00,1.181024585194935208e-04
2.677000000000000000e+03,1.000000000000000000e+00,1.178450822594414671e-04
2.678000000000000000e+03,1.000000000000000000e+00,1.177465962421599409e-04
2.679000000000000000e+03,1.000000000000000000e+00,1.175423290600706352e-04
2.680000000000000000e+03,1.000000000000000000e+00,1.174093514191819625e-04
2.681000000000000000e+03,1.000000000000000000e+00,1.172596987758023546e-04
2.682000000000000000e+03,1.000000000000000000e+00,1.171027472646010459e-04
2.683000000000000000e+03,1.000000000000000000e+00,1.167616036945900342e-04
2.684000000000000000e+03,1.000000000000000000e+00,1.159858776667751753e-04
2.685000000000000000e+03,1.000000000000000000e+00,1.151937742097485499e-04
2.686000000000000000e+03,1.000000000000000000e+00,1.135655311400219259e-04
2.687000000000000000e+03,1.000000000000000000e+00,1.122559492248508228e-04
2.688000000000000000e+03,1.000000000000000000e+00,1.106224673898253822e-04
2.689000000000000000e+03,1.000000000000000000e+00,1.099044892405649679e-04
2.690000000000000000e+03,1.000000000000000000e+00,1.096894462737067771e-04
2.691000000000000000e+03,1.000000000000000000e+00,1.096022428508404423e-04
2.692000000000000000e+03,1.000000000000000000e+00,1.094772357909898374e-04
2.693000000000000000e+03,1.000000000000000000e+00,1.092088133982797361e-04
2.694000000000000000e+03,1.000000000000000000e+00,1.088168432694664855e-04
2.695000000000000000e+03,1.000000000000000000e+00,1.081014474201962840e-04
2.696000000000000000e+03,1.000000000000000000e+00,1.076852281576448189e-04
2.697000000000000000e+03,1.000000000000000000e+00,1.063946857669228059e-04
2.698000000000000000e+03,1.000000000000000000e+00,1.054501482673960973e-04
2.699000000000000000e+03,1.000000000000000000e+00,1.042261900847700284e-04
2.700000000000000000e+03,1.000000000000000000e+00,1.035886814555543644e-04
2.701000000000000000e+03,1.000000000000000000e+00,2.731277240111421793e-04
2.702000000000000000e+03,1.000000000000000000e+00,1.035030525457226981e-04
2.703000000000000000e+03,1.000000000000000000e+00,1.032105846318023297e-04
2.704000000000000000e+03,1.000000000000000000e+00,1.029538019570207171e-04
2.705000000000000000e+03,1.000000000000000000e+00,1.027152838671943939e-04
2.706000000000000000e+03,1.000000000000000000e+00,1.022624608032733103e-04
2.707000000000000000e+03,1.000000000000000000e+00,1.018221185845596542e-04
2.708000000000000000e+03,1.000000000000000000e+00,1.015225141295474965e-04
2.709000000000000000e+03,1.000000000000000000e+00,1.011848974862545702e-04
2.710000000000000000e+03,1.000000000000000000e+00,1.009175690599011801e-04
2.711000000000000000e+03,1.000000000000000000e+00,1.005735621403808352e-04
2.712000000000000000e+03,1.000000000000000000e+00,9.963249517236187885e-05
2.713000000000000000e+03,1.000000000000000000e+00,9.829832362534806365e-05
2.714000000000000000e+03,1.000000000000000000e+00,9.725566517428933680e-05
2.715000000000000000e+03,1.000000000000000000e+00,9.622646920545645352e-05
2.716000000000000000e+03,1.000000000000000000e+00,9.538578206437533223e-05
2.717000000000000000e+03,1.000000000000000000e+00,9.503945232825031795e-05
2.718000000000000000e+03,1.000000000000000000e+00,9.482014157326822178e-05
2.719000000000000000e+03,1.000000000000000000e+00,9.463236682068931370e-05
2.720000000000000000e+03,1.000000000000000000e+00,9.444585648535767431e-05
2.721000000000000000e+03,1.000000000000000000e+00,9.421921029944659910e-05
2.722000000000000000e+03,1.000000000000000000e+00,9.407050484589144933e-05
2.723000000000000000e+03,1.000000000000000000e+00,9.384362119448539318e-05
2.724000000000000000e+03,1.000000000000000000e+00,9.354993430660214554e-05
2.725000000000000000e+03,1.000000000000000000e+00,9.320882078499940766e-05
2.726000000000000000e+03,1.000000000000000000e+00,9.273867010237677767e-05
2.727000000000000000e+03,1.000000000000000000e+00,9.195125984244796082e-05
2.728000000000000000e+03,1.000000000000000000e+00,9.109845919888749307e-05
2.729000000000000000e+03,1.000000000000000000e+00,9.037444572210448783e-05
2.730000000000000000e+03,1.000000000000000000e+00,9.001940523761164860e-05
2.731000000000000000e+03,1.000000000000000000e+00,8.983948460823502902e-05
2.732000000000000000e+03,1.000000000000000000e+00,8.975904054386290979e-05
2.733000000000000000e+03,1.000000000000000000e+00,8.969483626823030863e-05
2.734000000000000000e+03,1.000000000000000000e+00,8.955131737993091352e-05
2.735000000000000000e+03,1.000000000000000000e+00,8.945624617292453917e-05
2.736000000000000000e+03,1.000000000000000000e+00,8.924795509899534286e-05
2.737000000000000000e+03,1.000000000000000000e+00,8.892859428814882936e-05
2.738000000000000000e+03,1.000000000000000000e+00,8.849455146185264680e-05
2.739000000000000000e+03,1.000000000000000000e+00,8.801361893006305680e-05
2.740000000000000000e+03,1.000000000000000000e+00,8.742202240588684253e-05
2.741000000000000000e+03,1.000000000000000000e+00,8.665828370989511829e-05
2.742000000000000000e+03,1.000000000000000000e+00,8.583299887229432681e-05
2.743000000000000000e+03,1.000000000000000000e+00,8.486880060831349212e-05
2.744000000000000000e+03,1.000000000000000000e+00,9.935074337313112023e-05
2.745000000000000000e+03,1.000000000000000000e+00,8.452885407429479520e-05
2.746000000000000000e+03,1.000000000000000000e+00,8.399120663826772459e-05
2.747000000000000000e+03,1.000000000000000000e+00,8.345442910176526007e-05
2.748000000000000000e+03,1.000000000000000000e+00,8.317042604404637418e-05
2.749000000000000000e+03,1.000000000000000000e+00,8.293683506236484472e-05
2.750000000000000000e+03,1.000000000000000000e+00,8.276704961640350374e-05
2.751000000000000000e+03,1.000000000000000000e+00,8.250238085642540764e-05
2.752000000000000000e+03,1.000000000000000000e+00,8.226556126627335239e-05
2.753000000000000000e+03,1.000000000000000000e+00,8.176338125389967623e-05
2.754000000000000000e+03,1.000000000000000000e+00,8.149273536246033536e-05
2.755000000000000000e+03,1.000000000000000000e+00,8.104307542426095624e-05
2.756000000000000000e+03,1.000000000000000000e+00,8.061351635202942077e-05
2.757000000000000000e+03,1.000000000000000000e+00,8.034373052637082716e-05
2.758000000000000000e+03,1.000000000000000000e+00,7.968962711010307929e-05
2.759000000000000000e+03,1.000000000000000000e+00,7.913106150558328546e-05
2.760000000000000000e+03,1.000000000000000000e+00,7.871139117193681441e-05
2.761000000000000000e+03,1.000000000000000000e+00,7.831368043592566957e-05
2.762000000000000000e+03,1.000000000000000000e+00,7.801287338557119254e-05
2.763000000000000000e+03,1.000000000000000000e+00,7.780649031378453488e-05
2.764000000000000000e+03,1.000000000000000000e+00,7.765791622806176881e-05
2.765000000000000000e+03,1.000000000000000000e+00,7.755958903109029534e-05
2.766000000000000000e+03,1.000000000000000000e+00,7.748714720644218424e-05
2.767000000000000000e+03,1.000000000000000000e+00,7.735620943044805024e-05
2.768000000000000000e+03,1.000000000000000000e+00,7.729202591122413942e-05
2.769000000000000000e+03,1.000000000000000000e+00,7.717022847023779976e-05
2.770000000000000000e+03,1.000000000000000000e+00,7.705890253395004811e-05
2.771000000000000000e+03,1.000000000000000000e+00,7.686097877636059879e-05
2.772000000000000000e+03,1.000000000000000000e+00,7.649988776541811791e-05
2.773000000000000000e+03,1.000000000000000000e+00,7.610338323549058280e-05
2.774000000000000000e+03,1.000000000000000000e+00,7.520664457193275952e-05
2.775000000000000000e+03,1.000000000000000000e+00,7.607214666247646083e-05
2.776000000000000000e+03,1.000000000000000000e+00,7.484254798857316478e-05
2.777000000000000000e+03,1.000000000000000000e+00,7.424121625881262504e-05
2.778000000000000000e+03,1.000000000000000000e+00,7.383270333549626929e-05
2.779000000000000000e+03,1.000000000000000000e+00,7.337005284922389569e-05
2.780000000000000000e+03,1.000000000000000000e+00,7.436209151315345013e-05
2.781000000000000000e+03,1.000000000000000000e+00,7.321058581859205320e-05
2.782000000000000000e+03,1.000000000000000000e+00,7.656812268594430588e-05
2.783000000000000000e+03,1.000000000000000000e+00,7.314190035005889499e-05
2.784000000000000000e+03,1.000000000000000000e+00,7.285075531008073789e-05
2.785000000000000000e+03,1.000000000000000000e+00,7.258856413733433038e-05
2.786000000000000000e+03,1.000000000000000000e+00,7.253672961153421897e-05
2.787000000000000000e+03,1.000000000000000000e+00,7.228559292069975100e-05
2.788000000000000000e+03,1.000000000000000000e+00,7.211690658215282610e-05
2.789000000000000000e+03,1.000000000000000000e+00,7.183353066812043705e-05
2.790000000000000000e+03,1.000000000000000000e+00,7.145603566995311750e-05
2.791000000000000000e+03,1.000000000000000000e+00,7.472052764329170562e-05
2.792000000000000000e+03,1.000000000000000000e+00,7.115539002143282611e-05
2.793000000000000000e+03,1.000000000000000000e+00,7.063334555460509833e-05
2.794000000000000000e+03,1.000000000000000000e+00,6.974627418536047082e-05
2.795000000000000000e+03,1.000000000000000000e+00,6.910891425003249451e-05
2.796000000000000000e+03,1.000000000000000000e+00,6.834792190436697514e-05
2.797000000000000000e+03,1.000000000000000000e+00,6.815576476385849661e-05
2.798000000000000000e+03,1.000000000000000000e+00,6.767744489751160867e-05
2.799000000000000000e+03,1.000000000000000000e+00,6.747908773723499385e-05
2.800000000000000000e+03,1.000000000000000000e+00,6.713973501801086068e-05
2.801000000000000000e+03,1.000000000000000000e+00,6.693843385986337504e-05
2.802000000000000000e+03,1.000000000000000000e+00,6.683327047131792475e-05
2.803000000000000000e+03,1.000000000000000000e+00,6.669211274486374253e-05
2.804000000000000000e+03,1.000000000000000000e+00,8.653022241530486922e-05
2.805000000000000000e+03,1.000000000000000000e+00,6.666041742418575447e-05
2.806000000000000000e+03,1.000000000000000000e+00,6.652658912879635803e-05
2.807000000000000000e+03,1.000000000000000000e+00,6.641192082619579607e-05
2.808000000000000000e+03,1.000000000000000000e+00,6.626199348369190092e-05
2.809000000000000000e+03,1.000000000000000000e+00,6.608755712545695310e-05
2.810000000000000000e+03,1.000000000000000000e+00,6.558813137260473963e-05
2.811000000000000000e+03,1.000000000000000000e+00,6.509025503214396465e-05
2.812000000000000000e+03,1.000000000000000000e+00,6.426005369401124423e-05
2.813000000000000000e+03,1.000000000000000000e+00,6.370119699192715703e-05
2.814000000000000000e+03,1.000000000000000000e+00,6.348912290395916039e-05
2.815000000000000000e+03,1.000000000000000000e+00,6.330329007366556791e-05
2.816000000000000000e+03,1.000000000000000000e+00,6.302638007353928069e-05
2.817000000000000000e+03,1.000000000000000000e+00,6.281904056341868175e-05
2.818000000000000000e+03,1.000000000000000000e+00,6.266163164440813934e-05
2.819000000000000000e+03,1.000000000000000000e+00,6.254876300071479959e-05
2.820000000000000000e+03,1.000000000000000000e+00,6.250658955490882623e-05
2.821000000000000000e+03,1.000000000000000000e+00,6.246284591329409597e-05
2.822000000000000000e+03,1.000000000000000000e+00,6.240881087655940980e-05
2.823000000000000000e+03,1.000000000000000000e+00,6.237942732229794223e-05
2.824000000000000000e+03,1.000000000000000000e+00,6.229323018945166876e-05
2.825000000000000000e+03,1.000000000000000000e+00,6.579509058353094045e-05
2.826000000000000000e+03,1.000000000000000000e+00,6.226820990931709507e-05
2.827000000000000000e+03,1.000000000000000000e+00,6.214697642372907292e-05
2.828000000000000000e+03,1.000000000000000000e+00,6.199188371837390638e-05
2.829000000000000000e+03,1.000000000000000000e+00,6.173080380608589410e-05
2.830000000000000000e+03,1.000000000000000000e+00,6.138445356349955047e-05
2.831000000000000000e+03,1.000000000000000000e+00,6.109598827979155012e-05
2.832000000000000000e+03,1.000000000000000000e+00,6.057017274862361756e-05
2.833000000000000000e+03,1.000000000000000000e+00,5.997365203080386436e-05
2.834000000000000000e+03,1.000000000000000000e+00,5.973146528147693581e-05
2.835000000000000000e+03,1.000000000000000000e+00,5.978394766184058141e-05
2.836000000000000000e+03,1.000000000000000000e+00,5.965872633724491741e-05
2.837000000000000000e+03,1.000000000000000000e+00,5.953790231931725544e-05
2.838000000000000000e+03,1.000000000000000000e+00,5.945640652129485884e-05
2.839000000000000000e+03,1.000000000000000000e+00,5.933722386662288259e-05
2.840000000000000000e+03,1.000000000000000000e+00,5.928557506738723617e-05
2.841000000000000000e+03,1.000000000000000000e+00,5.920478193417437625e-05
2.842000000000000000e+03,1.000000000000000000e+00,5.902606566401101280e-05
2.843000000000000000e+03,1.000000000000000000e+00,5.882153620864773294e-05
2.844000000000000000e+03,1.000000000000000000e+00,5.859742711395464541e-05
2.845000000000000000e+03,1.000000000000000000e+00,5.839061097596459280e-05
2.846000000000000000e+03,1.000000000000000000e+00,5.819422674607928179e-05
2.847000000000000000e+03,1.000000000000000000e+00,5.795668991045681279e-05
2.848000000000000000e+03,1.000000000000000000e+00,5.750577547576394508e-05
2.849000000000000000e+03,1.000000000000000000e+00,5.712734749192746868e-05
2.850000000000000000e+03,1.000000000000000000e+00,5.667586965679848759e-05
2.851000000000000000e+03,1.000000000000000000e+00,5.594416135946155054e-05
2.852000000000000000e+03,1.000000000000000000e+00,5.580268466855189372e-05
2.853000000000000000e+03,1.000000000000000000e+00,5.543405739839011616e-05
2.854000000000000000e+03,1.000000000000000000e+00,5.530609267373675579e-05
2.855000000000000000e+03,1.000000000000000000e+00,5.515850594616993839e-05
2.856000000000000000e+03,1.000000000000000000e+00,5.504539052014199342e-05
2.857000000000000000e+03,1.000000000000000000e+00,5.512239336397292396e-05
2.858000000000000000e+03,1.000000000000000000e+00,5.495837669214856814e-05
2.859000000000000000e+03,1.000000000000000000e+00,5.483520952681423307e-05
2.860000000000000000e+03,1.000000000000000000e+00,5.470113253802816355e-05
2.861000000000000000e+03,1.000000000000000000e+00,5.454884692742519774e-05
2.862000000000000000e+03,1.000000000000000000e+00,5.434496576005122184e-05
2.863000000000000000e+03,1.000000000000000000e+00,5.406702931373220998e-05
2.864000000000000000e+03,1.000000000000000000e+00,5.389112359420267169e-05
2.865000000000000000e+03,1.000000000000000000e+00,5.437261035418498628e-05
2.866000000000000000e+03,1.000000000000000000e+00,5.385856663963449741e-05
2.867000000000000000e+03,1.000000000000000000e+00,5.378655191500722975e-05
2.868000000000000000e+03,1.000000000000000000e+00,5.366760739813107247e-05
2.869000000000000000e+03,1.000000000000000000e+00,5.347485087414898094e-05
2.870000000000000000e+03,1.000000000000000000e+00,5.313237255162086561e-05
2.871000000000000000e+03,1.000000000000000000e+00,5.284123882625882943e-05
2.872000000000000000e+03,1.000000000000000000e+00,5.243967043151927140e-05
2.873000000000000000e+03,1.000000000000000000e+00,5.214770979134091054e-05
2.874000000000000000e+03,1.000000000000000000e+00,5.193118132744298449e-05
2.875000000000000000e+03,1.000000000000000000e+00,5.176698690209184650e-05
2.876000000000000000e+03,1.000000000000000000e+00,5.162476061787820347e-05
2.877000000000000000e+03,1.000000000000000000e+00,5.153046703094668797e-05
2.878000000000000000e+03,1.000000000000000000e+00,5.136279022886225951e-05
2.879000000000000000e+03,1.000000000000000000e+00,5.117464851852686597e-05
2.880000000000000000e+03,1.000000000000000000e+00,5.095974716071512465e-05
2.881000000000000000e+03,1.000000000000000000e+00,5.056120698722514953e-05
2.882000000000000000e+03,1.000000000000000000e+00,5.030598008353085317e-05
2.883000000000000000e+03,1.000000000000000000e+00,5.006593458054542232e-05
2.884000000000000000e+03,1.000000000000000000e+00,4.989704369618325501e-05
2.885000000000000000e+03,1.000000000000000000e+00,5.065093749227940218e-05
2.886000000000000000e+03,1.000000000000000000e+00,4.986879766311247311e-05
2.887000000000000000e+03,1.000000000000000000e+00,4.977580351253166774e-05
2.888000000000000000e+03,1.000000000000000000e+00,4.971721243559115710e-05
2.889000000000000000e+03,1.000000000000000000e+00,4.965970752844547930e-05
2.890000000000000000e+03,1.000000000000000000e+00,4.959447660287991024e-05
2.891000000000000000e+03,1.000000000000000000e+00,4.981329781335521345e-05
2.892000000000000000e+03,1.000000000000000000e+00,4.955716720625941770e-05
2.893000000000000000e+03,1.000000000000000000e+00,4.948942588665686655e-05
2.894000000000000000e+03,1.000000000000000000e+00,4.944320737323051993e-05
2.895000000000000000e+03,1.000000000000000000e+00,4.935996330054949602e-05
2.896000000000000000e+03,1.000000000000000000e+00,4.927990940877711122e-05
2.897000000000000000e+03,1.000000000000000000e+00,4.917696449280923221e-05
2.898000000000000000e+03,1.000000000000000000e+00,4.904229022868304168e-05
2.899000000000000000e+03,1.000000000000000000e+00,4.890354970550801696e-05
2.900000000000000000e+03,1.000000000000000000e+00,4.867172117153825391e-05
2.901000000000000000e+03,1.000000000000000000e+00,4.835048409948068595e-05
2.902000000000000000e+03,1.000000000000000000e+00,4.801487170779678438e-05
2.903000000000000000e+03,1.000000000000000000e+00,4.891670145473536518e-05
2.904000000000000000e+03,1.000000000000000000e+00,4.786339706226839890e-05
2.905000000000000000e+03,1.000000000000000000e+00,4.772257759583483695e-05
2.906000000000000000e+03,1.000000000000000000e+00,4.764646044113043824e-05
2.907000000000000000e+03,1.000000000000000000e+00,4.751307462855264312e-05
2.908000000000000000e+03,1.000000000000000000e+00,4.743420208005896506e-05
2.909000000000000000e+03,1.000000000000000000e+00,4.736695299571564680e-05
2.910000000000000000e+03,1.000000000000000000e+00,4.730712753943726279e-05
2.911000000000000000e+03,1.000000000000000000e+00,4.722570707983577245e-05
2.912000000000000000e+03,1.000000000000000000e+00,4.715094771187293464e-05
2.913000000000000000e+03,1.000000000000000000e+00,4.710171100628877928e-05
2.914000000000000000e+03,1.000000000000000000e+00,4.707279664571871822e-05
2.915000000000000000e+03,1.000000000000000000e+00,4.869001204566618472e-05
2.916000000000000000e+03,1.000000000000000000e+00,4.705522440576349858e-05
2.917000000000000000e+03,1.000000000000000000e+00,4.698307422517058649e-05
2.918000000000000000e+03,1.000000000000000000e+00,4.689690425825370401e-05
2.919000000000000000e+03,1.000000000000000000e+00,4.680735194716477204e-05
2.920000000000000000e+03,1.000000000000000000e+00,4.687868020515179409e-05
2.921000000000000000e+03,1.000000000000000000e+00,4.676967160354717488e-05
2.922000000000000000e+03,1.000000000000000000e+00,4.668884904285617405e-05
2.923000000000000000e+03,1.000000000000000000e+00,4.663593075208757465e-05
2.924000000000000000e+03,1.000000000000000000e+00,4.657733909672487972e-05
2.925000000000000000e+03,1.000000000000000000e+00,4.647541600879959763e-05
2.926000000000000000e+03,1.000000000000000000e+00,4.729188896441028126e-05
2.927000000000000000e+03,1.000000000000000000e+00,4.644359151588201386e-05
2.928000000000000000e+03,1.000000000000000000e+00,4.641028477515492538e-05
2.929000000000000000e+03,1.000000000000000000e+00,4.616194993753616456e-05
2.930000000000000000e+03,1.000000000000000000e+00,4.605701191213769504e-05
2.931000000000000000e+03,1.000000000000000000e+00,4.587097452274150851e-05
2.932000000000000000e+03,1.000000000000000000e+00,4.558262414250399490e-05
2.933000000000000000e+03,1.000000000000000000e+00,4.539261022863435565e-05
2.934000000000000000e+03,1.000000000000000000e+00,4.511966530993031621e-05
2.935000000000000000e+03,1.000000000000000000e+00,4.486238858665369091e-05
2.936000000000000000e+03,1.000000000000000000e+00,4.459848732203436535e-05
2.937000000000000000e+03,1.000000000000000000e+00,4.433865772663432743e-05
2.938000000000000000e+03,1.000000000000000000e+00,4.412962547688671877e-05
2.939000000000000000e+03,1.000000000000000000e+00,4.386470594621681978e-05
2.940000000000000000e+03,1.000000000000000000e+00,4.382786793754987363e-05
2.941000000000000000e+03,1.000000000000000000e+00,4.369078971538405939e-05
2.942000000000000000e+03,1.000000000000000000e+00,4.364641219179949332e-05
2.943000000000000000e+03,1.000000000000000000e+00,4.360625884560076498e-05
2.944000000000000000e+03,1.000000000000000000e+00,4.356760473185665667e-05
2.945000000000000000e+03,1.000000000000000000e+00,4.503139215946990565e-05
2.946000000000000000e+03,1.000000000000000000e+00,4.348567012654778010e-05
2.947000000000000000e+03,1.000000000000000000e+00,4.338707022864468697e-05
2.948000000000000000e+03,1.000000000000000000e+00,4.328845678728327395e-05
2.949000000000000000e+03,1.000000000000000000e+00,4.323329753900374091e-05
2.950000000000000000e+03,1.000000000000000000e+00,4.315712496768610870e-05
2.951000000000000000e+03,1.000000000000000000e+00,4.307592953638890410e-05
2.952000000000000000e+03,1.000000000000000000e+00,4.299483455457331105e-05
2.953000000000000000e+03,1.000000000000000000e+00,4.281485332206193050e-05
2.954000000000000000e+03,1.000000000000000000e+00,4.296092552283778062e-05
2.955000000000000000e+03,1.000000000000000000e+00,4.272183954052990941e-05
2.956000000000000000e+03,1.000000000000000000e+00,4.256480623409903492e-05
2.957000000000000000e+03,1.000000000000000000e+00,4.217621009246094271e-05
2.958000000000000000e+03,1.000000000000000000e+00,4.189570016085155605e-05
2.959000000000000000e+03,1.000000000000000000e+00,4.138874507600771082e-05
2.960000000000000000e+03,1.000000000000000000e+00,4.105218371734287879e-05
2.961000000000000000e+03,1.000000000000000000e+00,4.109529301116956622e-05
2.962000000000000000e+03,1.000000000000000000e+00,4.090120745249513075e-05
2.963000000000000000e+03,1.000000000000000000e+00,4.067913949391694777e-05
2.964000000000000000e+03,1.000000000000000000e+00,4.047941273412351999e-05
2.965000000000000000e+03,1.000000000000000000e+00,4.026755233808211750e-05
2.966000000000000000e+03,1.000000000000000000e+00,4.012780554434642753e-05
2.967000000000000000e+03,1.000000000000000000e+00,4.002531087428854150e-05
2.968000000000000000e+03,1.000000000000000000e+00,3.994569553041276246e-05
2.969000000000000000e+03,1.000000000000000000e+00,3.983250102640959752e-05
2.970000000000000000e+03,1.000000000000000000e+00,3.999721528760914096e-05
2.971000000000000000e+03,1.000000000000000000e+00,3.978285835236000043e-05
2.972000000000000000e+03,1.000000000000000000e+00,3.970694343764968783e-05
2.973000000000000000e+03,1.000000000000000000e+00,3.964460684310857545e-05
2.974000000000000000e+03,1.000000000000000000e+00,3.957576199315222397e-05
2.975000000000000000e+03,1.000000000000000000e+00,3.951304913302684286e-05
2.976000000000000000e+03,1.000000000000000000e+00,3.944896642317943065e-05
2.977000000000000000e+03,1.000000000000000000e+00,3.940917959878102565e-05
2.978000000000000000e+03,1.000000000000000000e+00,3.933483910941022418e-05
2.979000000000000000e+03,1.000000000000000000e+00,3.928187229291479877e-05
2.980000000000000000e+03,1.000000000000000000e+00,3.923479088651866725e-05
2.981000000000000000e+03,1.000000000000000000e+00,3.930570373784422072e-05
2.982000000000000000e+03,1.000000000000000000e+00,3.920763953700559404e-05
2.983000000000000000e+03,1.000000000000000000e+00,3.915963132420024280e-05
2.984000000000000000e+03,1.000000000000000000e+00,3.901615023889686495e-05
2.985000000000000000e+03,1.000000000000000000e+00,3.895964991548754071e-05
2.986000000000000000e+03,1.000000000000000000e+00,3.887966673453148144e-05
2.987000000000000000e+03,1.000000000000000000e+00,3.878381662256623807e-05
2.988000000000000000e+03,1.000000000000000000e+00,3.854118598048171605e-05
2.989000000000000000e+03,1.000000000000000000e+00,3.832160826855119051e-05
2.990000000000000000e+03,1.000000000000000000e+00,3.831908489993877422e-05
2.991000000000000000e+03,1.000000000000000000e+00,3.822432336952083596e-05
2.992000000000000000e+03,1.000000000000000000e+00,3.822138965273137127e-05
2.993000000000000000e+03,1.000000000000000000e+00,3.799224131632140218e-05
2.994000000000000000e+03,1.000000000000000000e+00,3.788219177384792840e-05
2.995000000000000000e+03,1.000000000000000000e+00,3.775536297776791253e-05
2.996000000000000000e+03,1.000000000000000000e+00,3.767701225005349566e-05
2.997000000000000000e+03,1.000000000000000000e+00,3.758324949626489810e-05
2.998000000000000000e+03,1.000000000000000000e+00,3.744446562732725234e-05
2.999000000000000000e+03,1.000000000000000000e+00,3.728554151936751428e-05
3.000000000000000000e+03,1.000000000000000000e+00,3.719357547010139589e-05
3.001000000000000000e+03,1.000000000000000000e+00,3.714105656336458343e-05
3.002000000000000000e+03,1.000000000000000000e+00,3.709720447179576473e-05
3.003000000000000000e+03,1.000000000000000000e+00,3.702095871129387295e-05
3.004000000000000000e+03,1.000000000000000000e+00,3.695314072902088120e-05
3.005000000000000000e+03,1.000000000000000000e+00,3.685493493721357525e-05
3.006000000000000000e+03,1.000000000000000000e+00,3.679898561782095638e-05
3.007000000000000000e+03,1.000000000000000000e+00,3.671241241466636563e-05
3.008000000000000000e+03,1.000000000000000000e+00,3.685633232620842979e-05
3.009000000000000000e+03,1.000000000000000000e+00,3.669762938647791678e-05
3.010000000000000000e+03,1.000000000000000000e+00,3.666886097560693905e-05
3.011000000000000000e+03,1.000000000000000000e+00,3.662237458337731934e-05
3.012000000000000000e+03,1.000000000000000000e+00,3.659687309757205762e-05
3.013000000000000000e+03,1.000000000000000000e+00,3.655915626132901744e-05
3.014000000000000000e+03,1.000000000000000000e+00,3.652520477112208982e-05
3.015000000000000000e+03,1.000000000000000000e+00,3.644798370487634370e-05
3.016000000000000000e+03,1.000000000000000000e+00,3.668955695890945348e-05
3.017000000000000000e+03,1.000000000000000000e+00,3.639680786691776673e-05
3.018000000000000000e+03,1.000000000000000000e+00,3.631795154944528155e-05
3.019000000000000000e+03,1.000000000000000000e+00,3.618639093136434266e-05
3.020000000000000000e+03,1.000000000000000000e+00,3.609713629293268607e-05
3.021000000000000000e+03,1.000000000000000000e+00,3.610521588448802814e-05
3.022000000000000000e+03,1.000000000000000000e+00,3.599875022814931524e-05
3.023000000000000000e+03,1.000000000000000000e+00,3.591080970037253289e-05
3.024000000000000000e+03,1.000000000000000000e+00,3.579465485972975312e-05
3.025000000000000000e+03,1.000000000000000000e+00,3.568854326310705446e-05
3.026000000000000000e+03,1.000000000000000000e+00,3.547274092330049801e-05
3.027000000000000000e+03,1.000000000000000000e+00,3.533324626847739419e-05
3.028000000000000000e+03,1.000000000000000000e+00,3.524539303109506795e-05
3.029000000000000000e+03,1.000000000000000000e+00,3.511119798207403648e-05
3.030000000000000000e+03,1.000000000000000000e+00,3.504160364571933304e-05
3.031000000000000000e+03,1.000000000000000000e+00,3.492374804194947309e-05
3.032000000000000000e+03,1.000000000000000000e+00,3.485708693879843381e-05
3.033000000000000000e+03,1.000000000000000000e+00,3.473844397091624251e-05
3.034000000000000000e+03,1.000000000000000000e+00,3.465337736920330450e-05
3.035000000000000000e+03,1.000000000000000000e+00,3.462260594438785458e-05
3.036000000000000000e+03,1.000000000000000000e+00,3.448456610543663395e-05
3.037000000000000000e+03,1.000000000000000000e+00,3.440379043210802721e-05
3.038000000000000000e+03,1.000000000000000000e+00,3.432803829067691104e-05
3.039000000000000000e+03,1.000000000000000000e+00,3.422301924213135373e-05
3.040000000000000000e+03,1.000000000000000000e+00,3.630602282408078828e-05
3.041000000000000000e+03,1.000000000000000000e+00,3.419138327466825418e-05
