# total,u2_scaled,g_scaled,u2_mse,u2_mae,total_mae,u2_initial,u2_boundary,total_initial_mse,total_boundary_mse
2.041596651077270508e+00,1.784860134124755859e+00,2.372582435607910156e+00,1.318998110946267843e-04,8.503918536007404327e-03,8.528184145689010620e-03,0.000000000000000000e+00,1.947835683822631836e-01,1.703105681372107938e-06,1.437661376257892698e-05
2.003030300140380859e+00,1.747872114181518555e+00,2.339496850967407227e+00,1.291664375457912683e-04,8.436049334704875946e-03,8.460314013063907623e-03,0.000000000000000000e+00,2.120849192142486572e-01,1.703105681372107938e-06,1.565498132549691945e-05
1.964883565902709961e+00,1.711205840110778809e+00,2.306817770004272461e+00,1.264568127226084471e-04,8.368980139493942261e-03,8.393252268433570862e-03,0.000000000000000000e+00,2.299592792987823486e-01,1.703105681372107938e-06,1.697568586678244174e-05
1.924591064453125000e+00,1.672568798065185547e+00,2.272615194320678711e+00,1.236015814356505871e-04,8.297357708215713501e-03,8.321636356413364410e-03,0.000000000000000000e+00,2.476067543029785156e-01,1.703105681372107938e-06,1.827961750677786767e-05
1.879403948783874512e+00,1.629518866539001465e+00,2.234858512878417969e+00,1.204202053486369550e-04,8.215372450649738312e-03,8.239676244556903839e-03,0.000000000000000000e+00,2.639929652214050293e-01,1.703105681372107938e-06,1.949033503478858620e-05
1.825743913650512695e+00,1.578899025917053223e+00,2.190974235534667969e+00,1.166794463642872870e-04,8.115160278975963593e-03,8.139483630657196045e-03,0.000000000000000000e+00,2.774757146835327148e-01,1.703105681372107938e-06,2.048646820185240358e-05
1.759062886238098145e+00,1.516726493835449219e+00,2.137807130813598633e+00,1.120849483413621783e-04,7.986241951584815979e-03,8.010580204427242279e-03,0.000000000000000000e+00,2.855567336082458496e-01,1.703105681372107938e-06,2.108339504047762603e-05
1.673485755920410156e+00,1.437906146049499512e+00,2.071501493453979492e+00,1.062601877492852509e-04,7.813899777829647064e-03,7.838231511414051056e-03,0.000000000000000000e+00,2.842950522899627686e-01,1.703105681372107938e-06,2.098986078635789454e-05
1.561452507972717285e+00,1.335914134979248047e+00,1.987482428550720215e+00,9.872303780866786838e-05,7.576741743832826614e-03,7.601080462336540222e-03,0.000000000000000000e+00,2.679009437561035156e-01,1.703105681372107938e-06,1.977798638108652085e-05
1.414189338684082031e+00,1.203111410140991211e+00,1.881225228309631348e+00,8.890902245184406638e-05,7.244133390486240387e-03,7.268493995070457458e-03,0.000000000000000000e+00,2.295541167259216309e-01,1.703105681372107938e-06,1.694371530902571976e-05
1.223413348197937012e+00,1.031770348548889160e+00,1.750226378440856934e+00,7.624703721376135945e-05,6.771417800337076187e-03,6.795830093324184418e-03,0.000000000000000000e+00,1.662040054798126221e-01,1.703105681372107938e-06,1.226154927280731499e-05
9.862500429153442383e-01,8.166238069534301758e-01,1.598761320114135742e+00,6.034788020770065486e-05,6.091842427849769592e-03,6.116265896707773209e-03,0.000000000000000000e+00,9.750121831893920898e-02,1.703105681372107938e-06,7.183548405009787530e-06
7.200248241424560547e-01,5.624957680702209473e-01,1.449978113174438477e+00,4.156800787313841283e-05,5.158575717359781265e-03,5.182902794331312180e-03,0.000000000000000000e+00,1.253120750188827515e-01,1.703105681372107938e-06,9.237510312232188880e-06
4.827668070793151855e-01,3.059704601764678955e-01,1.368836045265197754e+00,2.261098597955424339e-05,3.906437195837497711e-03,3.930747509002685547e-03,0.000000000000000000e+00,3.991276323795318604e-01,1.703105681372107938e-06,2.947113898699171841e-05
3.615092337131500244e-01,1.485418528318405151e-01,1.467848658561706543e+00,1.097712993214372545e-05,2.657518954947590828e-03,2.681830432265996933e-03,0.000000000000000000e+00,6.618251800537109375e-01,1.703105681372107938e-06,4.888412513537332416e-05
4.538797140121459961e-01,2.194946110248565674e-01,1.822018861770629883e+00,1.622048512217588723e-05,2.920813625678420067e-03,2.943483414128422737e-03,0.000000000000000000e+00,5.218322277069091797e-01,1.703105681372107938e-06,3.853913949569687247e-05
5.179287791252136230e-01,3.018632233142852783e-01,1.962875723838806152e+00,2.230746395071037114e-05,3.402576548978686333e-03,3.424150170758366585e-03,0.000000000000000000e+00,1.977800428867340088e-01,1.703105681372107938e-06,1.459230770706199110e-05
4.401255846023559570e-01,2.515233457088470459e-01,1.796661734580993652e+00,1.858738505688961595e-05,3.382364520803093910e-03,3.404387738555669785e-03,0.000000000000000000e+00,8.936037868261337280e-02,1.703105681372107938e-06,6.580476110684685409e-06
3.507833480834960938e-01,1.811872571706771851e-01,1.566593527793884277e+00,1.338960191787919030e-05,3.146393690258264542e-03,3.169544041156768799e-03,0.000000000000000000e+00,1.293674707412719727e-01,1.703105681372107938e-06,9.537146979710087180e-06
3.094232380390167236e-01,1.516264677047729492e-01,1.399155378341674805e+00,1.120508113672258332e-05,2.938930643722414970e-03,2.963117789477109909e-03,0.000000000000000000e+00,1.788125336170196533e-01,1.703105681372107938e-06,1.319130933552514762e-05
3.058263063430786133e-01,1.561501473188400269e-01,1.307125806808471680e+00,1.153937773779034615e-05,2.881438471376895905e-03,2.906080801039934158e-03,0.000000000000000000e+00,1.896357834339141846e-01,1.703105681372107938e-06,1.399147367919795215e-05
3.140360414981842041e-01,1.710137426853179932e-01,1.263607978820800781e+00,1.263778722204733640e-05,2.930228132754564285e-03,2.954972442239522934e-03,0.000000000000000000e+00,1.666150093078613281e-01,1.703105681372107938e-06,1.229071949637727812e-05
3.186420500278472900e-01,1.812763512134552002e-01,1.244947910308837891e+00,1.339618575002532452e-05,2.916238503530621529e-03,2.941097132861614227e-03,0.000000000000000000e+00,1.287091821432113647e-01,1.703105681372107938e-06,9.490082447882741690e-06
3.158946335315704346e-01,1.825106889009475708e-01,1.239047288894653320e+00,1.348740170215023682e-05,2.796469721943140030e-03,2.821322064846754074e-03,0.000000000000000000e+00,9.479238092899322510e-02,1.703105681372107938e-06,6.984335414017550647e-06
3.079971373081207275e-01,1.759499758481979370e-01,1.241670489311218262e+00,1.300256917602382600e-05,2.743234392255544662e-03,2.767741912975907326e-03,0.000000000000000000e+00,7.880115509033203125e-02,1.703105681372107938e-06,5.803361091238912195e-06
2.982139587402343750e-01,1.645334213972091675e-01,1.251500725746154785e+00,1.215889551531290635e-05,2.719203708693385124e-03,2.744086319580674171e-03,0.000000000000000000e+00,8.530481159687042236e-02,1.703105681372107938e-06,6.284782102738972753e-06
2.876352965831756592e-01,1.504495590925216675e-01,1.266742110252380371e+00,1.111810888687614352e-05,2.647490706294775009e-03,2.672850620001554489e-03,0.000000000000000000e+00,1.051152870059013367e-01,1.703105681372107938e-06,7.749536962364800274e-06
2.754212915897369385e-01,1.349599361419677734e-01,1.284828901290893555e+00,9.973437045118771493e-06,2.527894219383597374e-03,2.553572412580251694e-03,0.000000000000000000e+00,1.197847723960876465e-01,1.703105681372107938e-06,8.834263098833616823e-06
2.623096108436584473e-01,1.201606690883636475e-01,1.304557681083679199e+00,8.879782399162650108e-06,2.411576919257640839e-03,2.437349176034331322e-03,0.000000000000000000e+00,1.169316917657852173e-01,1.703105681372107938e-06,8.623906978755258024e-06
2.518765926361083984e-01,1.093760430812835693e-01,1.325655817985534668e+00,8.082806743914261460e-06,2.313354518264532089e-03,2.338916994631290436e-03,0.000000000000000000e+00,9.934948384761810303e-02,1.703105681372107938e-06,7.324871148739475757e-06
2.469666451215744019e-01,1.044732555747032166e-01,1.345568060874938965e+00,7.720494977547787130e-06,2.233568578958511353e-03,2.258670050650835037e-03,0.000000000000000000e+00,7.936580479145050049e-02,1.703105681372107938e-06,5.848177352163475007e-06
2.462901175022125244e-01,1.037229076027870178e-01,1.357596158981323242e+00,7.665043995075393468e-06,2.164291450753808022e-03,2.188872545957565308e-03,0.000000000000000000e+00,6.807594001293182373e-02,1.703105681372107938e-06,5.013795089325867593e-06
2.457657158374786377e-01,1.033045798540115356e-01,1.355259776115417480e+00,7.634129360667429864e-06,2.100586425513029099e-03,2.124816179275512695e-03,0.000000000000000000e+00,6.935147941112518311e-02,1.703105681372107938e-06,5.107884589961031452e-06
2.429106086492538452e-01,1.011064052581787109e-01,1.337828397750854492e+00,7.471686785720521584e-06,2.050329931080341339e-03,2.074479125440120697e-03,0.000000000000000000e+00,8.021350204944610596e-02,1.703105681372107938e-06,5.910360414418391883e-06
2.383740991353988647e-01,9.787831455469131470e-02,1.310324430465698242e+00,7.233133601403096691e-06,2.027932088822126389e-03,2.052122028544545174e-03,0.000000000000000000e+00,9.463322162628173828e-02,1.703105681372107938e-06,6.975752512516919523e-06
2.343146055936813354e-01,9.559642523527145386e-02,1.280081629753112793e+00,7.064503279252676293e-06,2.035738201811909676e-03,2.059778897091746330e-03,0.000000000000000000e+00,1.071001440286636353e-01,1.703105681372107938e-06,7.896875104052014649e-06
2.320085018873214722e-01,9.534167498350143433e-02,1.252486824989318848e+00,7.045677193673327565e-06,2.061719540506601334e-03,2.086041029542684555e-03,0.000000000000000000e+00,1.141815483570098877e-01,1.703105681372107938e-06,8.420080121140927076e-06
2.313082963228225708e-01,9.681195765733718872e-02,1.230254650115966797e+00,7.154330887715332210e-06,2.083439612761139870e-03,2.107976237311959267e-03,0.000000000000000000e+00,1.147086918354034424e-01,1.703105681372107938e-06,8.459016498818527907e-06
2.310763299465179443e-01,9.878276288509368896e-02,1.213762640953063965e+00,7.299971002794336528e-06,2.089615445584058762e-03,2.114279428496956825e-03,0.000000000000000000e+00,1.091729849576950073e-01,1.703105681372107938e-06,8.050003089010715485e-06
2.301313728094100952e-01,9.997932612895965576e-02,1.202238321304321289e+00,7.388397079921560362e-06,2.073871670290827751e-03,2.098609460517764091e-03,0.000000000000000000e+00,9.928213059902191162e-02,1.703105681372107938e-06,7.319235010072588921e-06
2.278451323509216309e-01,9.961917251348495483e-02,1.194807171821594238e+00,7.361781626968877390e-06,2.032716525718569756e-03,2.057486912235617638e-03,0.000000000000000000e+00,8.745230734348297119e-02,1.703105681372107938e-06,6.445263352361507714e-06
2.242836952209472656e-01,9.757274389266967773e-02,1.190836191177368164e+00,7.210551302705425769e-06,1.975839491933584213e-03,2.000429667532444000e-03,0.000000000000000000e+00,7.627331465482711792e-02,1.703105681372107938e-06,5.619458534056320786e-06
2.201316207647323608e-01,9.431388229131698608e-02,1.190079331398010254e+00,6.969724836380919442e-06,1.922709052450954914e-03,1.947042648680508137e-03,0.000000000000000000e+00,6.809803843498229980e-02,1.703105681372107938e-06,5.015678652853239328e-06
2.163279056549072266e-01,9.064609557390213013e-02,1.192391872406005859e+00,6.698677680105902255e-06,1.882765791378915310e-03,1.907008700072765350e-03,0.000000000000000000e+00,6.442625820636749268e-02,1.703105681372107938e-06,4.744735633721575141e-06
2.137357294559478760e-01,8.744313567876815796e-02,1.197457790374755859e+00,6.461981683969497681e-06,1.861880067735910416e-03,1.886335783638060093e-03,0.000000000000000000e+00,6.546817719936370850e-02,1.703105681372107938e-06,4.822135451831854880e-06
2.127384096384048462e-01,8.530112355947494507e-02,1.204430699348449707e+00,6.303688223852077499e-06,1.859786105342209339e-03,1.884412718936800957e-03,0.000000000000000000e+00,6.994219869375228882e-02,1.703105681372107938e-06,5.153139682079199702e-06
2.130657285451889038e-01,8.433082699775695801e-02,1.211920499801635742e+00,6.231984571059001610e-06,1.868085004389286041e-03,1.892831642180681229e-03,0.000000000000000000e+00,7.542850822210311890e-02,1.703105681372107938e-06,5.558896646107314155e-06
2.138929963111877441e-01,8.416224271059036255e-02,1.218008041381835938e+00,6.219526312634116039e-06,1.878416980616748333e-03,1.903213793411850929e-03,0.000000000000000000e+00,7.929949462413787842e-02,1.703105681372107938e-06,5.845204213983379304e-06
2.142251133918762207e-01,8.416174352169036865e-02,1.220787763595581055e+00,6.219489478098694235e-06,1.883406308479607105e-03,1.908202073536813259e-03,0.000000000000000000e+00,7.984587550163269043e-02,1.703105681372107938e-06,5.885733116883784533e-06
2.134190350770950317e-01,8.380703628063201904e-02,1.219154000282287598e+00,6.193276476551545784e-06,1.878881826996803284e-03,1.903631025925278664e-03,0.000000000000000000e+00,7.696597278118133545e-02,1.703105681372107938e-06,5.672970928571885452e-06
2.114679962396621704e-01,8.296627551317214966e-02,1.213118672370910645e+00,6.131144345999928191e-06,1.864984747953712940e-03,1.889683073386549950e-03,0.000000000000000000e+00,7.189851254224777222e-02,1.703105681372107938e-06,5.298471478454302996e-06
2.089257091283798218e-01,8.190280944108963013e-02,1.203732967376708984e+00,6.052555818314431235e-06,1.845252583734691143e-03,1.869876869022846222e-03,0.000000000000000000e+00,6.649599969387054443e-02,1.703105681372107938e-06,4.899151463177986443e-06
2.065355479717254639e-01,8.104204386472702026e-02,1.192602634429931641e+00,5.988944849377730861e-06,1.824781531468033791e-03,1.849350286647677422e-03,0.000000000000000000e+00,6.233244389295578003e-02,1.703105681372107938e-06,4.591350261762272567e-06
2.048507630825042725e-01,8.068905770778656006e-02,1.181396484375000000e+00,5.962860086583532393e-06,1.808128901757299900e-03,1.832653419114649296e-03,0.000000000000000000e+00,6.022060662508010864e-02,1.703105681372107938e-06,4.435155460669193417e-06
2.040094435214996338e-01,8.086460083723068237e-02,1.171301245689392090e+00,5.975832664262270555e-06,1.797283883206546307e-03,1.821815851144492626e-03,0.000000000000000000e+00,6.014716625213623047e-02,1.703105681372107938e-06,4.429601176525466144e-06
2.037817686796188354e-01,8.133275061845779419e-02,1.162977337837219238e+00,6.010428478475660086e-06,1.791995367966592312e-03,1.816558069549500942e-03,0.000000000000000000e+00,6.151270866394042969e-02,1.703105681372107938e-06,4.530405021796468645e-06
2.037596404552459717e-01,8.174914121627807617e-02,1.156634807586669922e+00,6.041199412720743567e-06,1.789534813724458218e-03,1.814141520299017429e-03,0.000000000000000000e+00,6.347012519836425781e-02,1.703105681372107938e-06,4.674977390095591545e-06
2.035523504018783569e-01,8.180937916040420532e-02,1.152220487594604492e+00,6.045650934538571164e-06,1.786820474080741405e-03,1.811456517316401005e-03,0.000000000000000000e+00,6.520909070968627930e-02,1.703105681372107938e-06,4.803441697731614113e-06
2.029514312744140625e-01,8.138693869113922119e-02,1.149487257003784180e+00,6.014432983647566289e-06,1.781827653758227825e-03,1.806465908885002136e-03,0.000000000000000000e+00,6.615765392780303955e-02,1.703105681372107938e-06,4.873536454397253692e-06
2.019509673118591309e-01,8.052562177181243896e-02,1.148180246353149414e+00,5.950782451691338792e-06,1.774249016307294369e-03,1.798834069631993771e-03,0.000000000000000000e+00,6.607325375080108643e-02,1.703105681372107938e-06,4.867335064773214981e-06
2.007112503051757812e-01,7.941651344299316406e-02,1.147926807403564453e+00,5.868819698662264273e-06,1.765372697263956070e-03,1.789826899766921997e-03,0.000000000000000000e+00,6.502056866884231567e-02,1.703105681372107938e-06,4.789616014022612944e-06
1.994322687387466431e-01,7.827134430408477783e-02,1.148289799690246582e+00,5.784193035651696846e-06,1.756897079758346081e-03,1.781222759746015072e-03,0.000000000000000000e+00,6.331934779882431030e-02,1.703105681372107938e-06,4.664003427023999393e-06
1.982597261667251587e-01,7.725287228822708130e-02,1.148655056953430176e+00,5.708927801606478170e-06,1.749897957779467106e-03,1.774113043211400509e-03,0.000000000000000000e+00,6.141345202922821045e-02,1.703105681372107938e-06,4.523292773228604347e-06
1.972155272960662842e-01,7.641020417213439941e-02,1.148317098617553711e+00,5.646656518365489319e-06,1.744370092637836933e-03,1.768521848134696484e-03,0.000000000000000000e+00,5.973614752292633057e-02,1.703105681372107938e-06,4.399491444928571582e-06
1.962263584136962891e-01,7.569907605648040771e-02,1.146685957908630371e+00,5.594104550254996866e-06,1.739685074426233768e-03,1.763888401910662651e-03,0.000000000000000000e+00,5.858683213591575623e-02,1.703105681372107938e-06,4.314717443776316941e-06
1.951965540647506714e-01,7.505725324153900146e-02,1.143332123756408691e+00,5.546673946810187772e-06,1.735243946313858032e-03,1.759533653967082500e-03,0.000000000000000000e+00,5.806095153093338013e-02,1.703105681372107938e-06,4.276012077752966434e-06
1.940780580043792725e-01,7.445894181728363037e-02,1.138143420219421387e+00,5.502459771378198639e-06,1.730474061332643032e-03,1.754878787323832512e-03,0.000000000000000000e+00,5.804771929979324341e-02,1.703105681372107938e-06,4.275181254342896864e-06
1.928948312997817993e-01,7.392627000808715820e-02,1.131389260292053223e+00,5.463095476443413645e-06,1.725303125567734241e-03,1.749831135384738445e-03,0.000000000000000000e+00,5.829634517431259155e-02,1.703105681372107938e-06,4.293682650313712656e-06
1.916981190443038940e-01,7.349412143230438232e-02,1.123515963554382324e+00,5.431160388980060816e-06,1.719981082715094090e-03,1.744606066495180130e-03,0.000000000000000000e+00,5.852399021387100220e-02,1.703105681372107938e-06,4.310608801461057737e-06
1.905133724212646484e-01,7.315144687891006470e-02,1.115091562271118164e+00,5.405836873251246288e-06,1.714173820801079273e-03,1.738883322104811668e-03,0.000000000000000000e+00,5.852765217423439026e-02,1.703105681372107938e-06,4.310958047426538542e-06
1.892897635698318481e-01,7.280690968036651611e-02,1.106590747833251953e+00,5.380375569075113162e-06,1.707267365418374538e-03,1.731993979774415493e-03,0.000000000000000000e+00,5.823770165443420410e-02,1.703105681372107938e-06,4.289585376682225615e-06
1.879447400569915771e-01,7.234124094247817993e-02,1.098318576812744141e+00,5.345963018044130877e-06,1.698313048109412193e-03,1.723052817396819592e-03,0.000000000000000000e+00,5.771636962890625000e-02,1.703105681372107938e-06,4.251093741913791746e-06
1.863812804222106934e-01,7.162868231534957886e-02,1.090426445007324219e+00,5.293305093800881878e-06,1.686229836195707321e-03,1.710939104668796062e-03,0.000000000000000000e+00,5.709941685199737549e-02,1.703105681372107938e-06,4.205522600386757404e-06
1.845518648624420166e-01,7.060699909925460815e-02,1.082917332649230957e+00,5.217804300627904013e-06,1.670549972914159298e-03,1.695206738077104092e-03,0.000000000000000000e+00,5.653131008148193359e-02,1.703105681372107938e-06,4.163556695857550949e-06
1.825035810470581055e-01,6.932935118675231934e-02,1.075634837150573730e+00,5.123386472405400127e-06,1.652253675274550915e-03,1.676846528425812721e-03,0.000000000000000000e+00,5.610737949609756470e-02,1.703105681372107938e-06,4.132249159738421440e-06
1.803158074617385864e-01,6.791175901889801025e-02,1.068199515342712402e+00,5.018627689423738047e-06,1.632720232009887695e-03,1.657244749367237091e-03,0.000000000000000000e+00,5.584110692143440247e-02,1.703105681372107938e-06,4.112604983674827963e-06
1.780332624912261963e-01,6.644720584154129028e-02,1.060178756713867188e+00,4.910398729407461360e-06,1.613257918506860733e-03,1.637711189687252045e-03,0.000000000000000000e+00,5.568175390362739563e-02,1.703105681372107938e-06,4.100880687474273145e-06
1.756408363580703735e-01,6.500101089477539062e-02,1.050858497619628906e+00,4.803525371244177222e-06,1.594306551851332188e-03,1.618675538338720798e-03,0.000000000000000000e+00,5.553975701332092285e-02,1.703105681372107938e-06,4.090466973138973117e-06
1.730262041091918945e-01,6.352752447128295898e-02,1.039661407470703125e+00,4.694635663327062503e-06,1.574536901898682117e-03,1.598846865817904472e-03,0.000000000000000000e+00,5.532537400722503662e-02,1.703105681372107938e-06,4.074734988535055891e-06
1.700845062732696533e-01,6.196395307779312134e-02,1.026244163513183594e+00,4.579089363687671721e-06,1.552519970573484898e-03,1.576756360009312630e-03,0.000000000000000000e+00,5.496145039796829224e-02,1.703105681372107938e-06,4.047989023092668504e-06
1.667773872613906860e-01,6.028798967599868774e-02,1.010489344596862793e+00,4.455237103684339672e-06,1.527117448858916759e-03,1.551326946355402470e-03,0.000000000000000000e+00,5.440461263060569763e-02,1.703105681372107938e-06,4.007028110208921134e-06
1.631556451320648193e-01,5.850542709231376648e-02,9.928705096244812012e-01,4.323506800574250519e-06,1.497929217293858528e-03,1.522129517979919910e-03,0.000000000000000000e+00,5.363171547651290894e-02,1.703105681372107938e-06,3.950146492570638657e-06
1.592485904693603516e-01,5.659413337707519531e-02,9.738847017288208008e-01,4.182263637630967423e-06,1.465306617319583893e-03,1.489577814936637878e-03,0.000000000000000000e+00,5.265980958938598633e-02,1.703105681372107938e-06,3.878609277307987213e-06
1.550025492906570435e-01,5.442959070205688477e-02,9.542031288146972656e-01,4.022305347461951897e-06,1.428983989171683788e-03,1.453327247872948647e-03,0.000000000000000000e+00,5.152639001607894897e-02,1.703105681372107938e-06,3.795190423261374235e-06
1.502888351678848267e-01,5.184597149491310120e-02,9.341338276863098145e-01,3.831378307950217277e-06,1.388515694998204708e-03,1.412886776961386204e-03,0.000000000000000000e+00,5.029486864805221558e-02,1.703105681372107938e-06,3.704582240970921703e-06
1.450747251510620117e-01,4.880198836326599121e-02,9.136884212493896484e-01,3.606430027502938174e-06,1.344111049547791481e-03,1.368427299894392490e-03,0.000000000000000000e+00,4.903886839747428894e-02,1.703105681372107938e-06,3.612225782489986159e-06
1.394840776920318604e-01,4.545757174491882324e-02,8.924850225448608398e-01,3.359280299264355563e-06,1.297140028327703476e-03,1.321308198384940624e-03,0.000000000000000000e+00,4.777994006872177124e-02,1.703105681372107938e-06,3.519715392030775547e-06
1.336620599031448364e-01,4.203502461314201355e-02,8.698478341102600098e-01,3.106356416537892073e-06,1.247203443199396133e-03,1.271112589165568352e-03,0.000000000000000000e+00,4.642251133918762207e-02,1.703105681372107938e-06,3.419989752728724852e-06
1.276172697544097900e-01,3.860169276595115662e-02,8.453605175018310547e-01,2.852636043826350942e-06,1.189729780890047550e-03,1.213334617204964161e-03,0.000000000000000000e+00,4.479525610804557800e-02,1.703105681372107938e-06,3.300390744698233902e-06
1.214217692613601685e-01,3.518305346369743347e-02,8.195809721946716309e-01,2.600001380415051244e-06,1.120037399232387543e-03,1.143446075730025768e-03,0.000000000000000000e+00,4.280612617731094360e-02,1.703105681372107938e-06,3.154122850901330821e-06
1.153346598148345947e-01,3.187184780836105347e-02,7.940678000450134277e-01,2.355305014134501107e-06,1.041830983012914658e-03,1.065040822140872478e-03,0.000000000000000000e+00,4.056029021739959717e-02,1.703105681372107938e-06,2.988974529216648079e-06
1.095062196254730225e-01,2.862902544438838959e-02,7.705353498458862305e-01,2.115663392032729462e-06,9.673063759692013264e-04,9.900717996060848236e-04,0.000000000000000000e+00,3.823652490973472595e-02,1.703105681372107938e-06,2.818178700181306340e-06
1.039883643388748169e-01,2.543205581605434418e-02,7.497033476829528809e-01,1.879409524008224253e-06,9.107097866944968700e-04,9.327019797638058662e-04,0.000000000000000000e+00,3.585973381996154785e-02,1.703105681372107938e-06,2.643598691065562889e-06
9.917321801185607910e-02,2.269805222749710083e-02,7.313330173492431641e-01,1.677368913988175336e-06,8.745567174628376961e-04,8.958083926700055599e-04,0.000000000000000000e+00,3.341861441731452942e-02,1.703105681372107938e-06,2.464397766743786633e-06
9.507505595684051514e-02,2.049604803323745728e-02,7.147290110588073730e-01,1.514642349320638459e-06,8.381566149182617664e-04,8.589497301727533340e-04,0.000000000000000000e+00,3.106104023754596710e-02,1.703105681372107938e-06,2.291480541316559538e-06
9.170229732990264893e-02,1.880487799644470215e-02,6.999902129173278809e-01,1.389666067552752793e-06,8.085485897026956081e-04,8.294518338516354561e-04,0.000000000000000000e+00,2.898395061492919922e-02,1.703105681372107938e-06,2.139379375876160339e-06
8.907207101583480835e-02,1.759461872279644012e-02,6.879698038101196289e-01,1.300229087064508349e-06,7.987333228811621666e-04,8.195232949219644070e-04,0.000000000000000000e+00,2.680465020239353180e-02,1.703105681372107938e-06,1.979835360543802381e-06
8.691271394491195679e-02,1.666015759110450745e-02,6.783702969551086426e-01,1.231173087035131175e-06,7.985577685758471489e-04,8.190757362172007561e-04,0.000000000000000000e+00,2.415532618761062622e-02,1.703105681372107938e-06,1.785675408427778166e-06
8.513560146093368530e-02,1.608634926378726959e-02,6.686719059944152832e-01,1.188768806059670169e-06,7.964860997162759304e-04,8.169495267793536186e-04,0.000000000000000000e+00,2.182061970233917236e-02,1.703105681372107938e-06,1.614770440028223675e-06
8.348625898361206055e-02,1.575681567192077637e-02,6.573735475540161133e-01,1.164416744359186850e-06,7.880461635068058968e-04,8.087338064797222614e-04,0.000000000000000000e+00,1.992085948586463928e-02,1.703105681372107938e-06,1.475941644457634538e-06
8.181580901145935059e-02,1.537822466343641281e-02,6.462579369544982910e-01,1.136439209403761197e-06,7.855892763473093510e-04,8.064443245530128479e-04,0.000000000000000000e+00,1.811791956424713135e-02,1.703105681372107938e-06,1.344306838291231543e-06
8.009120821952819824e-02,1.494257245212793350e-02,6.345484852790832520e-01,1.104244802263565361e-06,7.852264097891747952e-04,8.062470587901771069e-04,0.000000000000000000e+00,1.693781837821006775e-02,1.703105681372107938e-06,1.258693373529240489e-06
7.808265835046768188e-02,1.456353254616260529e-02,6.192092299461364746e-01,1.076234070751524996e-06,7.699594716541469097e-04,7.912587025202810764e-04,0.000000000000000000e+00,1.598198339343070984e-02,1.703105681372107938e-06,1.189453314509592019e-06
7.590040564537048340e-02,1.408176962286233902e-02,6.029906272888183594e-01,1.040632014337461442e-06,7.530637085437774658e-04,7.746445480734109879e-04,0.000000000000000000e+00,1.519566867500543594e-02,1.703105681372107938e-06,1.132660145231056958e-06
7.345800846815109253e-02,1.322697289288043976e-02,5.875642299652099609e-01,9.774634008863358758e-07,7.371344836428761482e-04,7.587889558635652065e-04,0.000000000000000000e+00,1.474615000188350677e-02,1.703105681372107938e-06,1.100757231142779347e-06
7.081137597560882568e-02,1.246107183396816254e-02,5.695373415946960449e-01,9.208637266056030057e-07,7.085853721946477890e-04,7.304889149963855743e-04,0.000000000000000000e+00,1.396569143980741501e-02,1.703105681372107938e-06,1.044102873493102379e-06
6.813860684633255005e-02,1.169631816446781158e-02,5.509743690490722656e-01,8.643490900794859044e-07,6.772967171855270863e-04,6.995536969043314457e-04,0.000000000000000000e+00,1.344852522015571594e-02,1.703105681372107938e-06,1.006690240501484368e-06
6.541500985622406006e-02,1.063319854438304901e-02,5.346589088439941406e-01,7.857852892811933998e-07,6.504390621557831764e-04,6.727688596583902836e-04,0.000000000000000000e+00,1.315924804657697678e-02,1.703105681372107938e-06,9.861490752882673405e-07
6.272885948419570923e-02,9.738137014210224152e-03,5.169784426689147949e-01,7.196409796961233951e-07,6.153930444270372391e-04,6.379396072588860989e-04,0.000000000000000000e+00,1.292876712977886200e-02,1.703105681372107938e-06,9.695970675238640979e-07
6.015715003013610840e-02,8.937036618590354919e-03,4.995492100715637207e-01,6.604403210985765327e-07,5.778553895652294159e-04,6.007145275361835957e-04,0.000000000000000000e+00,1.265191379934549332e-02,1.703105681372107938e-06,9.493876405031187460e-07
5.767457932233810425e-02,8.025243878364562988e-03,4.845378100872039795e-01,5.930594397796085104e-07,5.445227143354713917e-04,5.675681168213486671e-04,0.000000000000000000e+00,1.195554155856370926e-02,1.703105681372107938e-06,8.983073485069326125e-07
5.538118630647659302e-02,7.310802582651376724e-03,4.693328142166137695e-01,5.402627607509202790e-07,5.076406523585319519e-04,5.311592831276357174e-04,0.000000000000000000e+00,1.137101277709007263e-02,1.703105681372107938e-06,8.551692189939785749e-07
5.334290489554405212e-02,6.772358436137437820e-03,4.549463093280792236e-01,5.004721970180980861e-07,4.738613206427544355e-04,4.978638608008623123e-04,0.000000000000000000e+00,1.075917016714811325e-02,1.703105681372107938e-06,8.097756563074653968e-07
5.150526389479637146e-02,6.233340129256248474e-03,4.424157738685607910e-01,4.606390859862585785e-07,4.475023306440562010e-04,4.715559771284461021e-04,0.000000000000000000e+00,1.030344702303409576e-02,1.703105681372107938e-06,7.760693279124097899e-07
4.986760020256042480e-02,5.884218495339155197e-03,4.302306175231933594e-01,4.348392508290999103e-07,4.234284278936684132e-04,4.477800102904438972e-04,0.000000000000000000e+00,9.603189304471015930e-03,1.703105681372107938e-06,7.239270871650660411e-07
4.841211810708045959e-02,5.655848421156406403e-03,4.187103509902954102e-01,4.179628945166768972e-07,4.013889119960367680e-04,4.260849964339286089e-04,0.000000000000000000e+00,8.852345868945121765e-03,1.703105681372107938e-06,6.678098998236237094e-07
4.702401533722877502e-02,5.448159296065568924e-03,4.075445830821990967e-01,4.026148872071644291e-07,4.077159392181783915e-04,4.323965986259281635e-04,0.000000000000000000e+00,8.213976398110389709e-03,1.703105681372107938e-06,6.202212716743815690e-07
4.561731964349746704e-02,5.248938221484422684e-03,3.961228132247924805e-01,3.878925838307623053e-07,4.011963610537350178e-04,4.261178546585142612e-04,0.000000000000000000e+00,7.560998201370239258e-03,1.703105681372107938e-06,5.713486643799114972e-07
4.410157352685928345e-02,4.992825910449028015e-03,3.841563761234283447e-01,3.689660275085770991e-07,3.782687999773770571e-04,4.038736515212804079e-04,0.000000000000000000e+00,6.931120529770851135e-03,1.703105681372107938e-06,5.240839300313382410e-07
4.240867868065834045e-02,4.679811652749776840e-03,3.709248304367065430e-01,3.458345361195824808e-07,3.797436947934329510e-04,4.051402502227574587e-04,0.000000000000000000e+00,6.363841705024242401e-03,1.703105681372107938e-06,4.818236902792705223e-07
4.057584702968597412e-02,4.289636388421058655e-03,3.570252358913421631e-01,3.170008824326941976e-07,3.550905967131257057e-04,3.807218745350837708e-04,0.000000000000000000e+00,5.836841184645891190e-03,1.703105681372107938e-06,4.423206121373368660e-07
3.866516798734664917e-02,3.883465193212032318e-03,3.425493240356445312e-01,2.869851414288859814e-07,3.221355727873742580e-04,3.483299806248396635e-04,0.000000000000000000e+00,5.267688073217868805e-03,1.703105681372107938e-06,3.996220243607240263e-07
3.676117956638336182e-02,3.499639686197042465e-03,3.278478980064392090e-01,2.586207301646936685e-07,3.173197619616985321e-04,3.423125308472663164e-04,0.000000000000000000e+00,4.767499398440122604e-03,1.703105681372107938e-06,3.622950259796198225e-07
3.494428098201751709e-02,3.161881119012832642e-03,3.136369884014129639e-01,2.336606428343657171e-07,2.875273930840194225e-04,3.134903381578624249e-04,0.000000000000000000e+00,4.186997655779123306e-03,1.703105681372107938e-06,3.185701871188939549e-07
3.329411149024963379e-02,2.897547790780663490e-03,3.002537488937377930e-01,2.141265866839603405e-07,2.827689459081739187e-04,3.079027519561350346e-04,0.000000000000000000e+00,3.711869008839130402e-03,1.703105681372107938e-06,2.829834784279228188e-07
3.180407360196113586e-02,2.716351533308625221e-03,2.875537276268005371e-01,2.007363377742876764e-07,2.800929942168295383e-04,3.058925212826579809e-04,0.000000000000000000e+00,3.323470707982778549e-03,1.703105681372107938e-06,2.536218062232364900e-07
3.043260984122753143e-02,2.581940265372395515e-03,2.755464613437652588e-01,1.908034334974217927e-07,2.802537346724420786e-04,3.061259631067514420e-04,0.000000000000000000e+00,2.960223238915205002e-03,1.703105681372107938e-06,2.262137286379584111e-07
2.911656349897384644e-02,2.430559601634740829e-03,2.642392814159393311e-01,1.796165065570676234e-07,2.755473251454532146e-04,3.009448118973523378e-04,0.000000000000000000e+00,2.620739396661520004e-03,1.703105681372107938e-06,2.007547266202891478e-07
2.781728655099868774e-02,2.345809713006019592e-03,2.523295283317565918e-01,1.733535697212573723e-07,2.762202348094433546e-04,3.021910088136792183e-04,0.000000000000000000e+00,2.385230502113699913e-03,1.703105681372107938e-06,1.826174127472768305e-07
2.659524232149124146e-02,2.123425481840968132e-03,2.425933778285980225e-01,1.569195404726997367e-07,2.522571594454348087e-04,2.767186961136758327e-04,0.000000000000000000e+00,2.124800812453031540e-03,1.703105681372107938e-06,1.635576722947007511e-07
2.576243877410888672e-02,2.573886886239051819e-03,2.296015620231628418e-01,1.902082971128038480e-07,3.049407969228923321e-04,3.319042734801769257e-04,0.000000000000000000e+00,2.283961977809667587e-03,1.703105681372107938e-06,1.735977690486834035e-07
2.627369202673435211e-02,3.385237418115139008e-03,2.264997065067291260e-01,2.501664653209445532e-07,4.007803217973560095e-04,4.236365784890949726e-04,0.000000000000000000e+00,2.384836319833993912e-03,1.703105681372107938e-06,1.835695684349047951e-07
2.660976536571979523e-02,4.890619777143001556e-03,2.129555642604827881e-01,3.614131003359943861e-07,4.703767481260001659e-04,4.972086753696203232e-04,0.000000000000000000e+00,4.235902335494756699e-03,1.703105681372107938e-06,3.161030122100783046e-07
2.265224047005176544e-02,2.008307026699185371e-03,2.051286846399307251e-01,1.484123828277006396e-07,2.809196885209530592e-04,3.038914292119443417e-04,0.000000000000000000e+00,1.310638152062892914e-03,1.703105681372107938e-06,1.034630230378752458e-07
2.186243049800395966e-02,1.999219181016087532e-03,1.972800642251968384e-01,1.477407920447149081e-07,2.797028282657265663e-04,3.029098734259605408e-04,0.000000000000000000e+00,1.352046616375446320e-03,1.703105681372107938e-06,1.068850821184241795e-07
2.298262342810630798e-02,3.766132518649101257e-03,1.900817006826400757e-01,2.783143600026960485e-07,3.990192490164190531e-04,4.261267022229731083e-04,0.000000000000000000e+00,2.083193976432085037e-03,1.703105681372107938e-06,1.580199580075714039e-07
1.983922347426414490e-02,1.549894222989678383e-03,1.817471385002136230e-01,1.145360073451229255e-07,2.332166477572172880e-04,2.594754914753139019e-04,0.000000000000000000e+00,1.146160066127777100e-03,1.703105681372107938e-06,9.220535446274880087e-08
1.968449354171752930e-02,1.884766621515154839e-03,1.760891675949096680e-01,1.392828323787398404e-07,2.739572082646191120e-04,2.974390517920255661e-04,0.000000000000000000e+00,1.908121630549430847e-03,1.703105681372107938e-06,1.494952215352896019e-07
2.014583535492420197e-02,3.175826510414481163e-03,1.679698824882507324e-01,2.346911571748933056e-07,3.567835956346243620e-04,3.843827871605753899e-04,0.000000000000000000e+00,1.730197924189269543e-03,1.703105681372107938e-06,1.331741259491536766e-07
1.739386841654777527e-02,1.130299177020788193e-03,1.616792678833007812e-01,8.352825631163796061e-08,2.048553724307566881e-04,2.323982917005196214e-04,0.000000000000000000e+00,9.564189822413027287e-04,1.703105681372107938e-06,7.869725493492296664e-08
1.771556772291660309e-02,1.633463893085718155e-03,1.586340665817260742e-01,1.207117321655459818e-07,2.588360512163490057e-04,2.820545050781220198e-04,0.000000000000000000e+00,2.186967059969902039e-03,1.703105681372107938e-06,1.705901979676127667e-07
1.792101934552192688e-02,2.864859299734234810e-03,1.483872532844543457e-01,2.117109403343420126e-07,3.425811009947210550e-04,3.702861140482127666e-04,0.000000000000000000e+00,2.174348337575793266e-03,1.703105681372107938e-06,1.657778341268567601e-07
1.552510727196931839e-02,9.364549187012016773e-04,1.449759304523468018e-01,6.920330974935495760e-08,1.920411596074700356e-04,2.192696265410631895e-04,0.000000000000000000e+00,9.105871431529521942e-04,1.703105681372107938e-06,7.426223902484707651e-08
1.572147384285926819e-02,1.278957235626876354e-03,1.426717340946197510e-01,9.451397176007958478e-08,2.254135033581405878e-04,2.485785516910254955e-04,0.000000000000000000e+00,1.753420569002628326e-03,1.703105681372107938e-06,1.367300654919745284e-07
1.597285270690917969e-02,2.590387128293514252e-03,1.321740895509719849e-01,1.914276595016417559e-07,3.289703454356640577e-04,3.552189737092703581e-04,0.000000000000000000e+00,1.650566118769347668e-03,1.703105681372107938e-06,1.248879470949759707e-07
1.384443882852792740e-02,8.067435119301080704e-04,1.298964023590087891e-01,5.961774007801068365e-08,1.752549142111092806e-04,2.018428058363497257e-04,0.000000000000000000e+00,4.805491771548986435e-04,1.703105681372107938e-06,3.979157625622065098e-08
1.379936747252941132e-02,1.013308879919350147e-03,1.269281804561614990e-01,7.488276310141372960e-08,1.924756506923586130e-04,2.161022275686264038e-04,0.000000000000000000e+00,9.324062266387045383e-04,1.703105681372107938e-06,7.277793656612630002e-08
1.420261804014444351e-02,2.174457767978310585e-03,1.185697913169860840e-01,1.606907744644558989e-07,3.081181785091757774e-04,3.341279225423932076e-04,0.000000000000000000e+00,1.711807562969624996e-03,1.703105681372107938e-06,1.266159586066351039e-07
1.244114525616168976e-02,7.583359838463366032e-04,1.162717565894126892e-01,5.604046293683495605e-08,1.656246313359588385e-04,1.909761485876515508e-04,0.000000000000000000e+00,5.563349695876240730e-04,1.703105681372107938e-06,4.275440801393415313e-08
1.218891236931085587e-02,8.410838781856000423e-04,1.126542985439300537e-01,6.215545766963259666e-08,1.736218400765210390e-04,1.978395594051107764e-04,0.000000000000000000e+00,8.239892194978892803e-04,1.703105681372107938e-06,6.224038884283800144e-08
1.264658663421869278e-02,1.846790662966668606e-03,1.061238944530487061e-01,1.364764301570176031e-07,2.799098147079348564e-04,3.058529109694063663e-04,0.000000000000000000e+00,1.874059671536087990e-03,1.703105681372107938e-06,1.371145827988584642e-07
1.124418713152408600e-02,7.328321225941181183e-04,1.042893379926681519e-01,5.415573411937657511e-08,1.683960581431165338e-04,1.925727265188470483e-04,0.000000000000000000e+00,8.242026669904589653e-04,1.703105681372107938e-06,6.170580491016153246e-08
1.060588099062442780e-02,5.668150261044502258e-04,9.978751093149185181e-02,4.188720126307998726e-08,1.478195626987144351e-04,1.723178720567375422e-04,0.000000000000000000e+00,6.031429511494934559e-04,1.703105681372107938e-06,4.510409468139187084e-08
1.100532896816730499e-02,1.420964254066348076e-03,9.432473033666610718e-02,1.050081905873412325e-07,2.470424806233495474e-04,2.725881640799343586e-04,0.000000000000000000e+00,1.518916920758783817e-03,1.703105681372107938e-06,1.111575116397034435e-07
1.028990931808948517e-02,7.383427582681179047e-04,9.454814344644546509e-02,5.456297103023644013e-08,1.736388076096773148e-04,1.957551285158842802e-04,0.000000000000000000e+00,9.675143519416451454e-04,1.703105681372107938e-06,7.296385717836528784e-08
9.357809089124202728e-03,4.736443224828690290e-04,8.837530761957168579e-02,3.500195688843632524e-08,1.361366594210267067e-04,1.606322184670716524e-04,0.000000000000000000e+00,4.663330619223415852e-04,1.703105681372107938e-06,3.492908717817044817e-08
9.351224638521671295e-03,8.213372784666717052e-04,8.449739962816238403e-02,6.069620184234736371e-08,1.901797804748639464e-04,2.147865598089993000e-04,0.000000000000000000e+00,8.014751947484910488e-04,1.703105681372107938e-06,5.921672396880239830e-08
9.401177056133747101e-03,7.119060028344392776e-04,8.551410585641860962e-02,5.260931246198197186e-08,1.762431638780981302e-04,1.972116006072610617e-04,0.000000000000000000e+00,1.378612709231674671e-03,1.703105681372107938e-06,1.038761823224376712e-07
8.804470300674438477e-03,8.622555760666728020e-04,7.851135730743408203e-02,6.372003014121219167e-08,1.977088541025295854e-04,2.223159535787999630e-04,0.000000000000000000e+00,9.107828373089432716e-04,1.703105681372107938e-06,6.714522271522582741e-08
8.077965117990970612e-03,3.332274500280618668e-04,7.687763124704360962e-02,2.462525650059887994e-08,1.143213958130218089e-04,1.376086729578673840e-04,0.000000000000000000e+00,5.697474116459488869e-04,1.703105681372107938e-06,4.287612398456985829e-08
7.941619493067264557e-03,3.793382784351706505e-04,7.485332340002059937e-02,2.803281518026778940e-08,1.224934821948409081e-04,1.455047458875924349e-04,0.000000000000000000e+00,7.694908999837934971e-04,1.703105681372107938e-06,5.775756051207281416e-08
7.995256222784519196e-03,8.200984448194503784e-04,7.067120820283889771e-02,6.060464841084467480e-08,1.960741938091814518e-04,2.212013932876288891e-04,0.000000000000000000e+00,1.080363523215055466e-03,1.703105681372107938e-06,7.893618203524965793e-08
7.632292341440916061e-03,4.927508998662233353e-04,7.033329457044601440e-02,3.641392254394304473e-08,1.453143486287444830e-04,1.648255129111930728e-04,0.000000000000000000e+00,1.062121707946062088e-03,1.703105681372107938e-06,7.917342514929259778e-08
7.101171649992465973e-03,4.294757964089512825e-04,6.602426618337631226e-02,3.173794027588883182e-08,1.379724562866613269e-04,1.622023410163819790e-04,0.000000000000000000e+00,6.926942151039838791e-04,1.703105681372107938e-06,5.034557659655547468e-08
6.756451446563005447e-03,2.966963220387697220e-04,6.402159482240676880e-02,2.192563286484983109e-08,1.115130580728873610e-04,1.336679561063647270e-04,0.000000000000000000e+00,5.759524065069854259e-04,1.703105681372107938e-06,4.198077618866591365e-08
6.676192395389080048e-03,3.124673967249691486e-04,6.284068524837493896e-02,2.309110413989401422e-08,1.133748082793317735e-04,1.333381660515442491e-04,0.000000000000000000e+00,7.965620607137680054e-04,1.703105681372107938e-06,5.890606047387336730e-08
6.655773613601922989e-03,5.897288792766630650e-04,5.961657688021659851e-02,4.358052052566563361e-08,1.731615775497630239e-04,1.982419344130903482e-04,0.000000000000000000e+00,1.043867669068276882e-03,1.703105681372107938e-06,7.585073547033971408e-08
6.463381461799144745e-03,4.068444541189819574e-04,5.957664549350738525e-02,3.006549675887981721e-08,1.415073784301057458e-04,1.593540946487337351e-04,0.000000000000000000e+00,9.887265041470527649e-04,1.703105681372107938e-06,7.349961350655576098e-08
6.161346565932035446e-03,4.786336212418973446e-04,5.590232461690902710e-02,3.537065751402224123e-08,1.581710675964131951e-04,1.827383675845339894e-04,0.000000000000000000e+00,9.248030837625265121e-04,1.703105681372107938e-06,6.738667934769182466e-08
5.790127441287040710e-03,2.199334994656965137e-04,5.505378171801567078e-02,1.625292078699658305e-08,9.520233288640156388e-05,1.137130384449847043e-04,0.000000000000000000e+00,6.481553427875041962e-04,1.703105681372107938e-06,4.810300424651359208e-08
5.499743856489658356e-03,1.755955599946901202e-04,5.268500000238418579e-02,1.297637819419605876e-08,8.342046203324571252e-05,1.054134118021465838e-04,0.000000000000000000e+00,5.564787425100803375e-04,1.703105681372107938e-06,4.095112160484859487e-08
5.332384258508682251e-03,1.842375349951907992e-04,5.091121047735214233e-02,1.361501489327565650e-08,8.663885091664269567e-05,1.093316386686637998e-04,0.000000000000000000e+00,5.702558555640280247e-04,1.703105681372107938e-06,4.191661417962677660e-08
5.273608025163412094e-03,1.926720724441111088e-04,5.009013786911964417e-02,1.423831896829597099e-08,9.330130706075578928e-05,1.108624564949423075e-04,0.000000000000000000e+00,7.192228222265839577e-04,1.703105681372107938e-06,5.358585042358754436e-08
5.286020692437887192e-03,4.157041839789599180e-04,4.785975068807601929e-02,3.072022636274596152e-08,1.485297398176044226e-04,1.737600396154448390e-04,0.000000000000000000e+00,8.434155024588108063e-04,1.703105681372107938e-06,6.167925192812617752e-08
5.305773112922906876e-03,4.043197841383516788e-04,4.786185547709465027e-02,2.987892600003760890e-08,1.450100680813193321e-04,1.625373552087694407e-04,0.000000000000000000e+00,1.152677694335579872e-03,1.703105681372107938e-06,8.602886225617112359e-08
5.397395230829715729e-03,7.114892359822988510e-04,4.555740579962730408e-02,5.257851753981412912e-08,1.987556461244821548e-04,2.244426723336800933e-04,0.000000000000000000e+00,1.301652868278324604e-03,1.703105681372107938e-06,9.518745969216979574e-08
5.448983516544103622e-03,6.742071127519011497e-04,4.597520828247070312e-02,4.982339518733169825e-08,1.895548775792121887e-04,2.069760521408170462e-04,0.000000000000000000e+00,1.772554591298103333e-03,1.703105681372107938e-06,1.322116816027119057e-07
5.649959668517112732e-03,1.079318113625049591e-03,4.374220594763755798e-02,7.976078819638132700e-08,2.456797228660434484e-04,2.713794820010662079e-04,0.000000000000000000e+00,1.964209135621786118e-03,1.703105681372107938e-06,1.438794043906455045e-07
5.613053217530250549e-03,9.635745082050561905e-04,4.430548474192619324e-02,7.120743106270310818e-08,2.277046587551012635e-04,2.450879255775362253e-04,0.000000000000000000e+00,2.189296297729015350e-03,1.703105681372107938e-06,1.632941462048620451e-07
5.618073511868715286e-03,1.219361554831266403e-03,4.177139326930046082e-02,9.010989998614604701e-08,2.623274922370910645e-04,2.880739048123359680e-04,0.000000000000000000e+00,2.215725369751453400e-03,1.703105681372107938e-06,1.624673870992410230e-07
5.139813292771577835e-03,7.855865987949073315e-04,4.169825091958045959e-02,5.805425118410312280e-08,2.043478743871673942e-04,2.216420398326590657e-04,0.000000000000000000e+00,1.844017650000751019e-03,1.703105681372107938e-06,1.377146503500625840e-07
4.670041147619485855e-03,6.516126450151205063e-04,3.887391090393066406e-02,4.815368370714168123e-08,1.899092312669381499e-04,2.157037379220128059e-04,0.000000000000000000e+00,1.310375519096851349e-03,1.703105681372107938e-06,9.611885332105885027e-08
4.161819815635681152e-03,2.559749409556388855e-04,3.820251673460006714e-02,1.891635470485653059e-08,1.160250030807219446e-04,1.331976673100143671e-04,0.000000000000000000e+00,8.559321286156773567e-04,1.703105681372107938e-06,6.422052223342689103e-08
3.854588605463504791e-03,1.578656228957697749e-04,3.643197193741798401e-02,1.166614893577389012e-08,8.352047734661027789e-05,1.077801862265914679e-04,0.000000000000000000e+00,5.352575681172311306e-04,1.703105681372107938e-06,3.975794271582344663e-08
3.721525426954030991e-03,1.145597125287167728e-04,3.558400645852088928e-02,8.465876000229854981e-09,6.624512752750888467e-05,8.815080946078523993e-05,0.000000000000000000e+00,4.856505547650158405e-04,1.703105681372107938e-06,3.637844869786022173e-08
3.732185345143079758e-03,1.522789098089560866e-04,3.516305238008499146e-02,1.125329696094468090e-08,8.729328692425042391e-05,1.049412821885198355e-04,0.000000000000000000e+00,6.360123516060411930e-04,1.703105681372107938e-06,4.813019316429745231e-08
3.861135803163051605e-03,3.731033939402550459e-04,3.402127325534820557e-02,2.757205663783679483e-08,1.409662363585084677e-04,1.666823663981631398e-04,0.000000000000000000e+00,8.590492652729153633e-04,1.703105681372107938e-06,6.367120164441075758e-08
4.059975966811180115e-03,4.733980458695441484e-04,3.457452729344367981e-02,3.498375988897350908e-08,1.591603795532137156e-04,1.757950230967253447e-04,0.000000000000000000e+00,1.291248714551329613e-03,1.703105681372107938e-06,9.733336270301151671e-08
4.437774419784545898e-03,9.367835009470582008e-04,3.333856537938117981e-02,6.922758188920852263e-08,2.295697195222601295e-04,2.558876585680991411e-04,0.000000000000000000e+00,1.671343343332409859e-03,1.703105681372107938e-06,1.234241153724724427e-07
4.704730119556188583e-03,1.030477462336421013e-03,3.438746929168701172e-02,7.615150110495960689e-08,2.363568492000922561e-04,2.520601847209036350e-04,0.000000000000000000e+00,2.355058677494525909e-03,1.703105681372107938e-06,1.765896939787126030e-07
5.130159668624401093e-03,1.544103841297328472e-03,3.321658447384834290e-02,1.141080971933661203e-07,2.953587390948086977e-04,3.217010525986552238e-04,0.000000000000000000e+00,2.643971238285303116e-03,1.703105681372107938e-06,1.950297701114322990e-07
4.893233533948659897e-03,1.288707950152456760e-03,3.336936980485916138e-02,9.523453314841390238e-08,2.629253722261637449e-04,2.782154188025742769e-04,0.000000000000000000e+00,2.675886033102869987e-03,1.703105681372107938e-06,2.005003238991776016e-07
4.598389379680156708e-03,1.230423105880618095e-03,3.149812296032905579e-02,9.092734387650125427e-08,2.635325945448130369e-04,2.895893412642180920e-04,0.000000000000000000e+00,2.181540010496973991e-03,1.703105681372107938e-06,1.610797966122845537e-07
3.759064013138413429e-03,6.028524949215352535e-04,3.024129197001457214e-02,4.455034030570459436e-08,1.784278865670785308e-04,1.953161699930205941e-04,0.000000000000000000e+00,1.320821698755025864e-03,1.703105681372107938e-06,9.984911741867108503e-08
3.162977285683155060e-03,2.637262805365025997e-04,2.841802872717380524e-02,1.948917294214425056e-08,1.159667008323594928e-04,1.401350746164098382e-04,0.000000000000000000e+00,5.744804511778056622e-04,1.703105681372107938e-06,4.337888981353898998e-08
2.926787128672003746e-03,1.192166091641411185e-04,2.766423486173152924e-02,8.810017604332642804e-09,7.160975656006485224e-05,9.503745968686416745e-05,0.000000000000000000e+00,4.114701005164533854e-04,1.703105681372107938e-06,3.183070163004231290e-08
3.057736903429031372e-03,2.128280175384134054e-04,2.774748578667640686e-02,1.572782970526986901e-08,1.085183685063384473e-04,1.247041655005887151e-04,0.000000000000000000e+00,7.016015006229281425e-04,1.703105681372107938e-06,5.403804692605262971e-08
3.407252021133899689e-03,5.881061661057174206e-04,2.707351930439472198e-02,4.346059867543772270e-08,1.802918850444257259e-04,2.061958948615938425e-04,0.000000000000000000e+00,1.117938547395169735e-03,1.703105681372107938e-06,8.352984792736606323e-08
3.665046766400337219e-03,6.815616507083177567e-04,2.828785404562950134e-02,5.036688932591459888e-08,1.918751077027991414e-04,2.069381880573928356e-04,0.000000000000000000e+00,1.546995714306831360e-03,1.703105681372107938e-06,1.173255981257170788e-07
3.874934511259198189e-03,1.036149566061794758e-03,2.672844566404819489e-02,7.657067158106656279e-08,2.420491946395486593e-04,2.676536969374865294e-04,0.000000000000000000e+00,1.659405068494379520e-03,1.703105681372107938e-06,1.234126614235719899e-07
3.610555315390229225e-03,7.323178579099476337e-04,2.722865343093872070e-02,5.411773429386812495e-08,1.991392782656475902e-04,2.143265010090544820e-04,0.000000000000000000e+00,1.553720794618129730e-03,1.703105681372107938e-06,1.178870689955147100e-07
3.257692325860261917e-03,6.294353515841066837e-04,2.522719465196132660e-02,4.651479201811525854e-08,1.874599984148517251e-04,2.128722117049619555e-04,0.000000000000000000e+00,1.055375440046191216e-03,1.703105681372107938e-06,7.905816801212495193e-08
2.756362315267324448e-03,2.299985062563791871e-04,2.462185733020305634e-02,1.699671514643341652e-08,1.119504668167792261e-04,1.281431905226781964e-04,0.000000000000000000e+00,6.417811382561922073e-04,1.703105681372107938e-06,4.988881130429945188e-08
2.482333453372120857e-03,8.971262286650016904e-05,2.357889339327812195e-02,6.629694571103073031e-09,5.889606836717575788e-05,8.359138882951810956e-05,0.000000000000000000e+00,3.473126271273940802e-04,1.703105681372107938e-06,2.749795413592437399e-08
2.489553298801183701e-03,1.336659770458936691e-04,2.317881956696510315e-02,9.877813234027144063e-09,7.740459113847464323e-05,1.023379954858683050e-04,0.000000000000000000e+00,3.800529520958662033e-04,1.703105681372107938e-06,2.983799873845782713e-08
2.667513210326433182e-03,2.664188796188682318e-04,2.337265014648437500e-02,1.968815332986650901e-08,1.206312226713635027e-04,1.369142264593392611e-04,0.000000000000000000e+00,6.382946157827973366e-04,1.703105681372107938e-06,4.985581369965075282e-08
2.890735631808638573e-03,5.156514816917479038e-04,2.288514003157615662e-02,3.810625415212598455e-08,1.686842879280447960e-04,1.940625370480120182e-04,0.000000000000000000e+00,8.657026337459683418e-04,1.703105681372107938e-06,6.544293285060120979e-08
2.952991984784603119e-03,5.095058004371821880e-04,2.336980588734149933e-02,3.765208944628284371e-08,1.656880776863545179e-04,1.808187225833535194e-04,0.000000000000000000e+00,1.065056072548031807e-03,1.703105681372107938e-06,8.198661305414134404e-08
2.948205219581723213e-03,6.259235669858753681e-04,2.222612313926219940e-02,4.625527338930623955e-08,1.867505925474688411e-04,2.124149032169952989e-04,0.000000000000000000e+00,9.966951329261064529e-04,1.703105681372107938e-06,7.525220269144483609e-08
2.726414240896701813e-03,3.952844708692282438e-04,2.235255576670169830e-02,2.921122188581648516e-08,1.464793313061818480e-04,1.611191109986975789e-04,0.000000000000000000e+00,9.587396052666008472e-04,1.703105681372107938e-06,7.423643211268426967e-08
2.511877333745360374e-03,3.500467573758214712e-04,2.100671455264091492e-02,2.586818936833878979e-08,1.374349667457863688e-04,1.635860389797016978e-04,0.000000000000000000e+00,6.115930154919624329e-04,1.703105681372107938e-06,4.714702228625355929e-08
2.289738506078720093e-03,1.636415836401283741e-04,2.079203538596630096e-02,1.209298883253495660e-08,9.579824836691841483e-05,1.114188489736989141e-04,0.000000000000000000e+00,4.689339548349380493e-04,1.703105681372107938e-06,3.770469447772484273e-08
2.153738634660840034e-03,1.291568041779100895e-04,1.997082307934761047e-02,9.544589119059310178e-09,7.814258424332365394e-05,1.036779431160539389e-04,0.000000000000000000e+00,2.749972627498209476e-04,1.703105681372107938e-06,2.270386545433211722e-08
2.089302288368344307e-03,9.978324669646099210e-05,1.966150291264057159e-02,7.373906818486375414e-09,6.904698966536670923e-05,9.081468306249007583e-05,0.000000000000000000e+00,2.336879551876336336e-04,1.703105681372107938e-06,1.989909570454528875e-08
2.074961783364415169e-03,1.133356126956641674e-04,1.935781538486480713e-02,8.375415916361816926e-09,7.628684397786855698e-05,9.627340477891266346e-05,0.000000000000000000e+00,2.584466419648379087e-04,1.703105681372107938e-06,2.189682746234211663e-08
2.086452906951308250e-03,1.609128812560811639e-04,1.897944696247577667e-02,1.189134213319675837e-08,8.950910705607384443e-05,1.144727211794815958e-04,0.000000000000000000e+00,2.759531780611723661e-04,1.703105681372107938e-06,2.274820154468670808e-08
2.108217449858784676e-03,1.715130929369479418e-04,1.895443722605705261e-02,1.267468618948441872e-08,9.733167826198041439e-05,1.136057107942178845e-04,0.000000000000000000e+00,4.126052081119269133e-04,1.703105681372107938e-06,3.365395073728905118e-08
2.155983354896306992e-03,2.653635747265070677e-04,1.847321726381778717e-02,1.961016948825999862e-08,1.184135544463060796e-04,1.445623347535729408e-04,0.000000000000000000e+00,4.329810908529907465e-04,1.703105681372107938e-06,3.419982164132306934e-08
2.202952513471245766e-03,2.753471198957413435e-04,1.866121776401996613e-02,2.034794555072494404e-08,1.234665687661617994e-04,1.381732727168127894e-04,0.000000000000000000e+00,6.148364045657217503e-04,1.703105681372107938e-06,4.890059557283166214e-08
2.315045101568102837e-03,4.388761590234935284e-04,1.812190003693103790e-02,3.243261659235940897e-08,1.554134796606376767e-04,1.818102755350992084e-04,0.000000000000000000e+00,6.397875258699059486e-04,1.703105681372107938e-06,4.935020569973858073e-08
2.420914126560091972e-03,4.788396472577005625e-04,1.852651312947273254e-02,3.538589155027693778e-08,1.612367341294884682e-04,1.751504023559391499e-04,0.000000000000000000e+00,8.942295098677277565e-04,1.703105681372107938e-06,6.981543521078492631e-08
2.649585949257016182e-03,7.389374077320098877e-04,1.812055148184299469e-02,5.460691454572952352e-08,2.037628728430718184e-04,2.301336789969354868e-04,0.000000000000000000e+00,9.859334677457809448e-04,1.703105681372107938e-06,7.469621721156727290e-08
2.775118919089436531e-03,7.836025324650108814e-04,1.856904476881027222e-02,5.790763069057902612e-08,2.066833694698289037e-04,2.198898146161809564e-04,0.000000000000000000e+00,1.346120610833168030e-03,1.703105681372107938e-06,1.034612751027452759e-07
3.036873880773782730e-03,1.060984679497778416e-03,1.835715956985950470e-02,7.840596794039811357e-08,2.451863838359713554e-04,2.715692389756441116e-04,0.000000000000000000e+00,1.401734771206974983e-03,1.703105681372107938e-06,1.051568432330896030e-07
2.947416156530380249e-03,9.578555473126471043e-04,1.831199228763580322e-02,7.078480024347300059e-08,2.281778142787516117e-04,2.410297747701406479e-04,0.000000000000000000e+00,1.583613455295562744e-03,1.703105681372107938e-06,1.211130609135580016e-07
2.922103740274906158e-03,9.985236683860421181e-04,1.785559207201004028e-02,7.379013311492599314e-08,2.374726609559729695e-04,2.638635633047670126e-04,0.000000000000000000e+00,1.380208064801990986e-03,1.703105681372107938e-06,1.035376016034206259e-07
2.522587776184082031e-03,6.981224287301301956e-04,1.711418107151985168e-02,5.159072102856043784e-08,1.936456101248040795e-04,2.074985968647524714e-04,0.000000000000000000e+00,1.130472868680953979e-03,1.703105681372107938e-06,8.741460533201461658e-08
2.214958658441901207e-03,5.287187523208558559e-04,1.622924394905567169e-02,3.907191725716074870e-08,1.729536888888105750e-04,1.986007846426218748e-04,0.000000000000000000e+00,6.331555196084082127e-04,1.703105681372107938e-06,4.878139492348054773e-08
1.889787148684263229e-03,2.982744190376251936e-04,1.555340830236673355e-02,2.204225246771329694e-08,1.279583229916170239e-04,1.450405543437227607e-04,0.000000000000000000e+00,3.617181209847331047e-04,1.703105681372107938e-06,3.012968363691470586e-08
1.716264989227056503e-03,2.087418251903727651e-04,1.495861168950796127e-02,1.542586325342654163e-08,1.020489798975177109e-04,1.259944256162270904e-04,0.000000000000000000e+00,1.166188740171492100e-04,1.703105681372107938e-06,1.137164495901288319e-08
1.645907643251121044e-03,1.733160315779969096e-04,1.463089417666196823e-02,1.280792361058047391e-08,8.786196121945977211e-05,1.120922170230187476e-04,0.000000000000000000e+00,9.502146713202819228e-05,1.703105681372107938e-06,9.964193026235079742e-09
1.632246887311339378e-03,1.508137065684422851e-04,1.460384950041770935e-02,1.114501824162061894e-08,8.793728920863941312e-05,1.053280793712474406e-04,0.000000000000000000e+00,2.104826853610575199e-04,1.703105681372107938e-06,1.899778467873147747e-08
1.687216805294156075e-03,2.335215831408277154e-04,1.426330860704183578e-02,1.725706866295695363e-08,1.118403597502037883e-04,1.382361660944297910e-04,0.000000000000000000e+00,2.736434107646346092e-04,1.703105681372107938e-06,2.283605660124976566e-08
1.774440985172986984e-03,2.681094047147780657e-04,1.456455513834953308e-02,1.981308095366784983e-08,1.210178961628116667e-04,1.357267028652131557e-04,0.000000000000000000e+00,4.987608408555388451e-04,1.703105681372107938e-06,4.068949976954172598e-08
1.931942068040370941e-03,4.542658862192183733e-04,1.428062934428453445e-02,3.356990418978966773e-08,1.602049451321363449e-04,1.858621690189465880e-04,0.000000000000000000e+00,4.961331724189221859e-04,1.703105681372107938e-06,3.902532341726328013e-08
2.022280357778072357e-03,5.070907063782215118e-04,1.448327768594026566e-02,3.747362242734197935e-08,1.673137885518372059e-04,1.823838392738252878e-04,0.000000000000000000e+00,6.686189444735646248e-04,1.703105681372107938e-06,5.332650232503510779e-08
2.113050781190395355e-03,6.266984273679554462e-04,1.426913496106863022e-02,4.631253602838114602e-08,1.900477218441665173e-04,2.153803507098928094e-04,0.000000000000000000e+00,5.943882279098033905e-04,1.703105681372107938e-06,4.610495807355619036e-08
1.989541342481970787e-03,5.297235329635441303e-04,1.396115217357873917e-02,3.914617252576135797e-08,1.705706235952675343e-04,1.859468320617452264e-04,0.000000000000000000e+00,6.370242917910218239e-04,1.703105681372107938e-06,5.089885846132347069e-08
1.857221825048327446e-03,4.489893617574125528e-04,1.360906846821308136e-02,3.317997254725923995e-08,1.600494870217517018e-04,1.856990274973213673e-04,0.000000000000000000e+00,4.732560191769152880e-04,1.703105681372107938e-06,3.718728436297169537e-08
1.642229268327355385e-03,2.879959938582032919e-04,1.309098117053508759e-02,2.128268761225626804e-08,1.242653961526229978e-04,1.397154846927151084e-04,0.000000000000000000e+00,4.513510793913155794e-04,1.703105681372107938e-06,3.701769202280047466e-08
1.500474056228995323e-03,2.119939890690147877e-04,1.264062151312828064e-02,1.566619545201319852e-08,1.070994767360389233e-04,1.337962166871875525e-04,0.000000000000000000e+00,2.441785763949155807e-04,1.703105681372107938e-06,2.052737890778644214e-08
1.394615974277257919e-03,1.363919727737084031e-04,1.238497346639633179e-02,1.007926275775616887e-08,8.493808127241209149e-05,1.020628915284760296e-04,0.000000000000000000e+00,1.972673635464161634e-04,1.703105681372107938e-06,1.804065341559635272e-08
1.335704931989312172e-03,1.290104410145431757e-04,1.198289077728986740e-02,9.533772882264202053e-09,7.816277502570301294e-05,1.040814095176756382e-04,0.000000000000000000e+00,8.405380503972992301e-05,1.703105681372107938e-06,9.081150054157660634e-09
1.277138944715261459e-03,8.808485290501266718e-05,1.182250026613473892e-02,6.509404126830986570e-09,6.466587365139275789e-05,8.586235344409942627e-05,0.000000000000000000e+00,6.804063741583377123e-05,1.703105681372107938e-06,8.268314921622277325e-09
1.227376633323729038e-03,6.253756146179512143e-05,1.158853713423013687e-02,4.621478311150895024e-09,5.490234616445377469e-05,7.755202386761084199e-05,0.000000000000000000e+00,5.985220195725560188e-05,1.703105681372107938e-06,7.624325171207146923e-09
1.204987638629972935e-03,6.297616346273571253e-05,1.135303173214197159e-02,4.653891050310221544e-09,5.530528142116963863e-05,8.096999226836487651e-05,0.000000000000000000e+00,6.708304863423109055e-05,1.703105681372107938e-06,7.896716169852879830e-09
1.229567336849868298e-03,7.812619878677651286e-05,1.136386208236217499e-02,5.773466593694820403e-09,6.568562093889340758e-05,8.273539424408227205e-05,0.000000000000000000e+00,1.505491381976753473e-04,1.703105681372107938e-06,1.455026144014937017e-08
1.305227517150342464e-03,1.682052097748965025e-04,1.119317300617694855e-02,1.243023639574403205e-08,9.495093399891629815e-05,1.214758449350483716e-04,0.000000000000000000e+00,1.770491799106821418e-04,1.703105681372107938e-06,1.565305574047215487e-08
1.408020034432411194e-03,2.380084042670205235e-04,1.135015022009611130e-02,1.758864165424256498e-08,1.133658806793391705e-04,1.284343597944825888e-04,0.000000000000000000e+00,3.499651502352207899e-04,1.703105681372107938e-06,2.946567079220585583e-08
1.567201572470366955e-03,3.875910770148038864e-04,1.136902812868356705e-02,2.864268822122539859e-08,1.471530122216790915e-04,1.735667319735512137e-04,0.000000000000000000e+00,4.270769422873854637e-04,1.703105681372107938e-06,3.375116719439574808e-08
1.702627865597605705e-03,4.787103680428117514e-04,1.156228594481945038e-02,3.537633830319464323e-08,1.616828521946445107e-04,1.752030657371506095e-04,0.000000000000000000e+00,6.768887978978455067e-04,1.703105681372107938e-06,5.386560530951101100e-08
1.975805964320898056e-03,7.084389799274504185e-04,1.183013990521430969e-02,5.235310496232159494e-08,2.003659756155684590e-04,2.266749797854572535e-04,0.000000000000000000e+00,8.435294730588793755e-04,1.703105681372107938e-06,6.418883202741199057e-08
2.185805467888712883e-03,8.459760574623942375e-04,1.218710839748382568e-02,6.251698891901469324e-08,2.160919102607294917e-04,2.281498454976826906e-04,0.000000000000000000e+00,1.211185706779360771e-03,1.703105681372107938e-06,9.368537234877294395e-08
2.679515164345502853e-03,1.254748553037643433e-03,1.278837025165557861e-02,9.272496725998280453e-08,2.674983988981693983e-04,2.936090459115803242e-04,0.000000000000000000e+00,1.459292834624648094e-03,1.703105681372107938e-06,1.093417836273147259e-07
2.850859425961971283e-03,1.363839022815227509e-03,1.308926008641719818e-02,1.007866643476518220e-07,2.755650493782013655e-04,2.866275317501276731e-04,0.000000000000000000e+00,1.780944061465561390e-03,1.703105681372107938e-06,1.360586452392453793e-07
3.304420039057731628e-03,1.739680068567395210e-03,1.369199436157941818e-02,1.285610267132142326e-07,3.164575609844177961e-04,3.422864247113466263e-04,0.000000000000000000e+00,1.955403946340084076e-03,1.703105681372107938e-06,1.457292597706327797e-07
2.864369191229343414e-03,1.419908949173986912e-03,1.272287964820861816e-02,1.049302014166642039e-07,2.810847945511341095e-04,2.923522260971367359e-04,0.000000000000000000e+00,1.721721841022372246e-03,1.703105681372107938e-06,1.315845281624206109e-07
2.464259741827845573e-03,1.124662812799215317e-03,1.218504365533590317e-02,8.311172194908067468e-08,2.547941403463482857e-04,2.805863041430711746e-04,0.000000000000000000e+00,1.210926682688295841e-03,1.703105681372107938e-06,9.097545472513957066e-08
1.582854776643216610e-03,4.883472574874758720e-04,1.029838528484106064e-02,3.608849752367859764e-08,1.627706660656258464e-04,1.770701783243566751e-04,0.000000000000000000e+00,6.466891500167548656e-04,1.703105681372107938e-06,5.147412096562220540e-08
1.051800558343529701e-03,1.016112437355332077e-04,9.396942332386970520e-03,7.508993427052246261e-09,7.278779230546206236e-05,9.937242430169135332e-05,0.000000000000000000e+00,1.049505881383083761e-04,1.703105681372107938e-06,1.022666129557592285e-08
9.688970167189836502e-04,5.369024074752815068e-05,9.113010019063949585e-03,3.967667971949140338e-09,5.216348290559835732e-05,7.731700316071510315e-05,0.000000000000000000e+00,3.905770790879614651e-05,1.703105681372107938e-06,5.663403523925580885e-09
1.245338935405015945e-03,2.611342060845345259e-04,9.563126601278781891e-03,1.929762305508120335e-08,1.209087131428532302e-04,1.368806988466531038e-04,0.000000000000000000e+00,2.789208374451845884e-04,1.703105681372107938e-06,2.420193112584456685e-08
1.664868788793683052e-03,6.133001879788935184e-04,9.912170469760894775e-03,4.532241959509519802e-08,1.871909917099401355e-04,2.128790074493736029e-04,0.000000000000000000e+00,6.035162368789315224e-04,1.703105681372107938e-06,4.678798148916030186e-08
1.844031037762761116e-03,6.923140026628971100e-04,1.060588192194700241e-02,5.116148571460144012e-08,1.972704922081902623e-04,2.096559474011883140e-04,0.000000000000000000e+00,9.112881962209939957e-04,1.703105681372107938e-06,7.159792403399478644e-08
1.920306589454412460e-03,8.132910006679594517e-04,1.021758187562227249e-02,6.010159125935388147e-08,2.151104999938979745e-04,2.412015164736658335e-04,0.000000000000000000e+00,8.525748853571712971e-04,1.703105681372107938e-06,6.503548632963429554e-08
1.587291597388684750e-03,5.312723806127905846e-04,9.810849092900753021e-03,3.926062674963759491e-08,1.715325779514387250e-04,1.843859936343505979e-04,0.000000000000000000e+00,7.493427838198840618e-04,1.703105681372107938e-06,5.946181858007548726e-08
1.278720679692924023e-03,3.353894571773707867e-04,9.084240533411502838e-03,2.478502558744821727e-08,1.370577083434909582e-04,1.634767104405909777e-04,0.000000000000000000e+00,3.490718663670122623e-04,1.703105681372107938e-06,2.810614319059823174e-08
9.985294891521334648e-04,1.388924720231443644e-04,8.458765223622322083e-03,1.026404827797477992e-08,8.367253030883148313e-05,1.024122539092786610e-04,0.000000000000000000e+00,1.376048312522470951e-04,1.703105681372107938e-06,1.350784462061938029e-08
9.089417872019112110e-04,8.501603588229045272e-05,8.210562169551849365e-03,6.282621090036855094e-09,6.226478581083938479e-05,8.659603918204084039e-05,0.000000000000000000e+00,2.869546005968004465e-05,1.703105681372107938e-06,5.068895525539574010e-09
9.707404533401131630e-04,1.340101734967902303e-04,8.280036970973014832e-03,9.903249775788935949e-09,8.601959416409954429e-05,1.112111858674325049e-04,0.000000000000000000e+00,8.726590021979063749e-05,1.703105681372107938e-06,9.091317920706387667e-09
1.094561186619102955e-03,2.230911923106759787e-04,8.430068381130695343e-03,1.648627012684755755e-08,1.108705037040635943e-04,1.267475454369559884e-04,0.000000000000000000e+00,2.846316783688962460e-04,1.703105681372107938e-06,2.463231751903549593e-08
1.233190880157053471e-03,3.473285760264843702e-04,8.492011576890945435e-03,2.566732071329624887e-08,1.398748281644657254e-04,1.660925481701269746e-04,0.000000000000000000e+00,3.666117554530501366e-04,1.703105681372107938e-06,2.942617882695230946e-08
1.258640084415674210e-03,3.431476361583918333e-04,8.668824099004268646e-03,2.535835008643516630e-08,1.381418114760890603e-04,1.515901531092822552e-04,0.000000000000000000e+00,4.861007910221815109e-04,1.703105681372107938e-06,3.981335439107169805e-08
1.260667806491255760e-03,3.941478789784014225e-04,8.278426714241504669e-03,2.912723218173596251e-08,1.482235529692843556e-04,1.745643676258623600e-04,0.000000000000000000e+00,3.867726773023605347e-04,1.703105681372107938e-06,3.092040401497797575e-08
1.132437726482748985e-03,2.753307344391942024e-04,8.228699676692485809e-03,2.034673052264679427e-08,1.220435733557678759e-04,1.363487535854801536e-04,0.000000000000000000e+00,3.423710586503148079e-04,1.703105681372107938e-06,2.901269979815879196e-08
9.939505252987146378e-04,2.049619943136349320e-04,7.714483421295881271e-03,1.514653646950137045e-08,1.048519334290176630e-04,1.312003150815144181e-04,0.000000000000000000e+00,1.754020340740680695e-04,1.703105681372107938e-06,1.546487027326293173e-08
8.394717588089406490e-04,8.169099601218476892e-05,7.476041093468666077e-03,6.036902533423926798e-09,6.428466440411284566e-05,8.256699220510199666e-05,0.000000000000000000e+00,1.017662289086729288e-04,1.703105681372107938e-06,1.076768274543837833e-08
7.486792746931314468e-04,2.354803291382268071e-05,7.221760228276252747e-03,1.740181776455074214e-09,3.197193291271105409e-05,5.873230475117452443e-05,0.000000000000000000e+00,2.955189120257273316e-05,1.703105681372107938e-06,4.989900048713025171e-09
7.341156597249209881e-04,1.906449506350327283e-05,7.121135015040636063e-03,1.408851701967250847e-09,2.862493784050457180e-05,5.564381717704236507e-05,0.000000000000000000e+00,2.937641693279147148e-05,1.703105681372107938e-06,4.957930954674338864e-09
7.796957506798207760e-04,5.718248576158657670e-05,7.139200344681739807e-03,4.225742866736936776e-09,5.451697506941854954e-05,7.341164018725976348e-05,0.000000000000000000e+00,8.593189704697579145e-05,1.703105681372107938e-06,9.500001674211944191e-09
8.538480033166706562e-04,1.297082926612347364e-04,7.125022355467081070e-03,9.585344074025670125e-09,8.333619916811585426e-05,1.097027707146480680e-04,0.000000000000000000e+00,1.163752313004806638e-04,1.703105681372107938e-06,1.111350833582491759e-08
9.114380809478461742e-04,1.651421916903927922e-04,7.254211697727441788e-03,1.220388234912661574e-08,9.372000931762158871e-05,1.093641840270720422e-04,0.000000000000000000e+00,2.087472967104986310e-04,1.703105681372107938e-06,1.885539191448515339e-08
9.560464532114565372e-04,2.241661713924258947e-04,7.105010095983743668e-03,1.656571058106237615e-08,1.115123377530835569e-04,1.378540473524481058e-04,0.000000000000000000e+00,2.137926931027323008e-04,1.703105681372107938e-06,1.819982031747713336e-08
9.352092747576534748e-04,1.883110235212370753e-04,7.195893675088882446e-03,1.391604165235094115e-08,1.014603112707845867e-04,1.161705222330056131e-04,0.000000000000000000e+00,2.730885753408074379e-04,1.703105681372107938e-06,2.371177032500781934e-08
9.040519362315535545e-04,1.943431561812758446e-04,6.896281614899635315e-03,1.436181129577107640e-08,1.044218734023161232e-04,1.307256025029346347e-04,0.000000000000000000e+00,2.008058072533458471e-04,1.703105681372107938e-06,1.724649933976252214e-08
8.441525278612971306e-04,1.349120866507291794e-04,6.883396301418542862e-03,9.969901348938492447e-09,8.598373096901923418e-05,1.016325986711308360e-04,0.000000000000000000e+00,2.090079942718148232e-04,1.703105681372107938e-06,1.884804667895423336e-08
8.000567904673516750e-04,1.260981516679748893e-04,6.614275742322206497e-03,9.318557481208245008e-09,8.410336158704012632e-05,1.099063229048624635e-04,0.000000000000000000e+00,1.253107475349679589e-04,1.703105681372107938e-06,1.173788710673306923e-08
7.535117911174893379e-04,8.992830407805740833e-05,6.525063421577215195e-03,6.645633376933801628e-09,7.054786692606285214e-05,8.943939610617235303e-05,0.000000000000000000e+00,1.107716670958325267e-04,1.703105681372107938e-06,1.136309002447433159e-08
7.232283242046833038e-04,8.246235665865242481e-05,6.355814635753631592e-03,6.093905824400280835e-09,6.727993604727089405e-05,9.225211397279053926e-05,0.000000000000000000e+00,5.184448673389852047e-05,1.703105681372107938e-06,6.458036772016839677e-09
6.954250857234001160e-04,6.411950016627088189e-05,6.260651163756847382e-03,4.738382575197874758e-09,5.692352351616136730e-05,7.865615771152079105e-05,0.000000000000000000e+00,5.240416794549673796e-05,1.703105681372107938e-06,6.873797531170566799e-09
6.676717312075197697e-04,5.152923040441237390e-05,6.131653208285570145e-03,3.807971271641008570e-09,5.075557419331744313e-05,7.505124813178554177e-05,0.000000000000000000e+00,2.977230542455799878e-05,1.703105681372107938e-06,4.973848444222994658e-09
6.398856639862060547e-04,3.296457362012006342e-05,6.037414073944091797e-03,2.436056689703036682e-09,3.943669071304611862e-05,6.303799455054104328e-05,0.000000000000000000e+00,3.179636405548080802e-05,1.703105681372107938e-06,5.266893143840434277e-09
6.156484014354646206e-04,1.900040115287993103e-05,5.937448702752590179e-03,1.404115157477292541e-09,3.009626561834011227e-05,5.362130468711256981e-05,0.000000000000000000e+00,2.903192944359034300e-05,1.703105681372107938e-06,5.043359507794775709e-09
5.995708634145557880e-04,1.174432600237196311e-05,5.849477834999561310e-03,8.678967544639704101e-10,2.266819865326397121e-05,4.806141078006476164e-05,0.000000000000000000e+00,2.878719897125847638e-05,1.703105681372107938e-06,5.011350001637993046e-09
5.920113180764019489e-04,9.665933248470537364e-06,5.788898095488548279e-03,7.143051150571011476e-10,2.043928725470323116e-05,4.392488335724920034e-05,0.000000000000000000e+00,3.455594560364261270e-05,1.703105681372107938e-06,5.521679558029291002e-09
5.915286601521074772e-04,1.789506677596364170e-05,5.707473959773778915e-03,1.322431830708126199e-09,2.931262861238792539e-05,5.437759682536125183e-05,0.000000000000000000e+00,2.886139918700791895e-05,1.703105681372107938e-06,4.964305411192526662e-09
5.965361488051712513e-04,2.462200973241124302e-05,5.678012967109680176e-03,1.819547956749545392e-09,3.585648300941102207e-05,5.819715806865133345e-05,0.000000000000000000e+00,4.112838360015302896e-05,1.703105681372107938e-06,6.030600019357734709e-09
6.067669601179659367e-04,4.244778392603620887e-05,5.606596358120441437e-03,3.136859438868100369e-09,4.755158806801773608e-05,7.266202737810090184e-05,0.000000000000000000e+00,3.659563299152068794e-05,1.703105681372107938e-06,5.419885873436669499e-09
6.225259858183562756e-04,5.562973456108011305e-05,5.602650810033082962e-03,4.110995543982198797e-09,5.491806223290041089e-05,7.554874173365533352e-05,0.000000000000000000e+00,6.631104770349338651e-05,1.703105681372107938e-06,7.955046399388265854e-09
6.544778589159250259e-04,9.072120883502066135e-05,5.571207962930202484e-03,6.704229171816677990e-09,7.157780783018097281e-05,9.679333743406459689e-05,0.000000000000000000e+00,6.635766476392745972e-05,1.703105681372107938e-06,7.466788076726516010e-09
7.119515212252736092e-04,1.303331082453951240e-04,5.662105511873960495e-03,9.631516917352200835e-09,8.515276567777618766e-05,1.027808102662675083e-04,0.000000000000000000e+00,1.540786033729091287e-04,1.703105681372107938e-06,1.463185128613986308e-08
8.431694586761295795e-04,2.425772981951013207e-04,5.786391440778970718e-03,1.792627912777788879e-08,1.185197615996003151e-04,1.441663043806329370e-04,0.000000000000000000e+00,2.195304259657859802e-04,1.703105681372107938e-06,1.850925634983013879e-08
1.071619219146668911e-03,3.989331016782671213e-04,6.250880658626556396e-03,2.948085331411220977e-08,1.503916137153282762e-04,1.637578679947182536e-04,0.000000000000000000e+00,4.759798757731914520e-04,1.703105681372107938e-06,3.881611476685975504e-08
1.617138623259961605e-03,8.273296989500522614e-04,7.072942331433296204e-03,6.113903339155513095e-08,2.181987510994076729e-04,2.441477263346314430e-04,0.000000000000000000e+00,8.251463877968490124e-04,1.703105681372107938e-06,6.270970231980754761e-08
2.428522566333413124e-03,1.403688453137874603e-03,8.592323400080204010e-03,1.037315158214369148e-07,2.813240862451493740e-04,2.903541608247905970e-04,0.000000000000000000e+00,1.656016334891319275e-03,1.703105681372107938e-06,1.267377598423991003e-07
4.470592364668846130e-03,2.917769365012645721e-03,1.245936844497919083e-02,2.156209433223921224e-07,4.088600690010935068e-04,4.348589282017201185e-04,0.000000000000000000e+00,3.068860154598951340e-03,1.703105681372107938e-06,2.274197612450734596e-07
5.850642919540405273e-03,3.990570548921823502e-03,1.405001524835824966e-02,2.949001611796120415e-07,4.708885389845818281e-04,4.761492309626191854e-04,0.000000000000000000e+00,4.550706129521131516e-03,1.703105681372107938e-06,3.415575804410764249e-07
8.886834606528282166e-03,6.046662572771310806e-03,2.198833972215652466e-02,4.468437566629290814e-07,5.885577993467450142e-04,6.145223742350935936e-04,0.000000000000000000e+00,6.413383409380912781e-03,1.703105681372107938e-06,4.733925607069977559e-07
5.301194731146097183e-03,3.719265805557370186e-03,1.180936302989721298e-02,2.748509189132164465e-07,4.465417878236621618e-04,4.531591839622706175e-04,0.000000000000000000e+00,4.009924829006195068e-03,1.703105681372107938e-06,3.011107310157967731e-07
2.271862467750906944e-03,1.178984646685421467e-03,9.701262228190898895e-03,8.712607524330451270e-08,2.603539323899894953e-04,2.866220893338322639e-04,0.000000000000000000e+00,1.227515167556703091e-03,1.703105681372107938e-06,9.159832359273423208e-08
6.052405806258320808e-04,7.205960719147697091e-05,5.260895937681198120e-03,5.325150098656195041e-09,6.183751247590407729e-05,8.646796777611598372e-05,0.000000000000000000e+00,7.091350562404841185e-05,1.703105681372107938e-06,7.540219115753643564e-09
2.127473475411534309e-03,1.273095258511602879e-03,7.316898088902235031e-03,9.408077517036872450e-08,2.682312624529004097e-04,2.790482540149241686e-04,0.000000000000000000e+00,1.226883963681757450e-03,1.703105681372107938e-06,9.452537597098853439e-08
4.693862516433000565e-03,3.094043815508484840e-03,1.271626166999340057e-02,2.286474938273386215e-07,4.183480923529714346e-04,4.442684585228562355e-04,0.000000000000000000e+00,3.281923010945320129e-03,1.703105681372107938e-06,2.431763164167932700e-07
3.330799285322427750e-03,2.097247401252388954e-03,1.018242724239826202e-02,1.549850026094645727e-07,3.393275837879627943e-04,3.465675690677016973e-04,0.000000000000000000e+00,2.153092529624700546e-03,1.703105681372107938e-06,1.640362654597993242e-07
1.368159544654190540e-03,6.872730446048080921e-04,6.211091298609972000e-03,5.078895881638345600e-08,1.995871716644614935e-04,2.257491869386285543e-04,0.000000000000000000e+00,5.977725377306342125e-04,1.703105681372107938e-06,4.643425199901685119e-08
5.296694580465555191e-04,4.961362355970777571e-05,4.780413582921028137e-03,3.666408954217104110e-09,4.956940392730757594e-05,7.514107710449025035e-05,0.000000000000000000e+00,2.014447454712353647e-05,1.703105681372107938e-06,4.651637741659442327e-09
1.750195748172700405e-03,9.177459287457168102e-04,7.200626656413078308e-03,6.782072858868559706e-08,2.310920681338757277e-04,2.412311587249860168e-04,0.000000000000000000e+00,1.123871654272079468e-03,1.703105681372107938e-06,8.755934999271630659e-08
3.065209137275815010e-03,1.920129638165235519e-03,9.494481608271598816e-03,1.418961232957371976e-07,3.273650654591619968e-04,3.532947739586234093e-04,0.000000000000000000e+00,1.956312218680977821e-03,1.703105681372107938e-06,1.460244334339222405e-07
1.716869766823947430e-03,9.693349711596965790e-04,6.636568345129489899e-03,7.163311721569698420e-08,2.300715277669951320e-04,2.413106994936242700e-04,0.000000000000000000e+00,8.387797279283404350e-04,1.703105681372107938e-06,6.620877002205816098e-08
5.359631613828241825e-04,4.227808312862180173e-05,4.892978817224502563e-03,3.124318137537329676e-09,4.746434569824486971e-05,7.386782817775383592e-05,0.000000000000000000e+00,4.387162698549218476e-05,1.703105681372107938e-06,5.985119955198570096e-09
9.474311955273151398e-04,3.356610541231930256e-04,5.867633968591690063e-03,2.480509664337660070e-08,1.383107155561447144e-04,1.643315918045118451e-04,0.000000000000000000e+00,2.500671835150569677e-04,1.703105681372107938e-06,2.075597649309202097e-08
1.730824122205376625e-03,9.751100442372262478e-04,6.436073221266269684e-03,7.205989760450393078e-08,2.346949331695213914e-04,2.460987016092985868e-04,0.000000000000000000e+00,1.121067325584590435e-03,1.703105681372107938e-06,8.707657173090410652e-08
1.585233490914106369e-03,8.159896242432296276e-04,6.910426076501607895e-03,6.030101928899966879e-08,2.142790181096643209e-04,2.403040998615324497e-04,0.000000000000000000e+00,7.820128230378031731e-04,1.703105681372107938e-06,5.972594863123958930e-08
6.097705918364226818e-04,1.262566802324727178e-04,4.729130771011114120e-03,9.330273442742509360e-09,8.252287079812958837e-05,1.000102347461506724e-04,0.000000000000000000e+00,1.060083013726398349e-04,1.703105681372107938e-06,1.133409988085531950e-08
6.193018634803593159e-04,1.273997477255761623e-04,4.787319339811801910e-03,9.414745427704929170e-09,8.166976476786658168e-05,9.784288704395294189e-05,0.000000000000000000e+00,1.317020505666732788e-04,1.703105681372107938e-06,1.332945309684419044e-08
1.322792842984199524e-03,6.838547415100038052e-04,5.791698116809129715e-03,5.053634666296602518e-08,1.953418977791443467e-04,2.214288542745634913e-04,0.000000000000000000e+00,5.976832471787929535e-04,1.703105681372107938e-06,4.640411077616590774e-08
1.261156518012285233e-03,5.800549988634884357e-04,6.101450417190790176e-03,4.286562926836268161e-08,1.826156803872436285e-04,1.936860207933932543e-04,0.000000000000000000e+00,7.095647742971777916e-04,1.703105681372107938e-06,5.663939361966185970e-08
7.033481961116194725e-04,2.164198667742311954e-04,4.705223254859447479e-03,1.599326537871093024e-08,1.095395273296162486e-04,1.354376436211168766e-04,0.000000000000000000e+00,1.640599512029439211e-04,1.703105681372107938e-06,1.474577082660744054e-08
4.518271598499268293e-04,2.046147528744768351e-05,4.292318597435951233e-03,1.512087566268860428e-09,3.131778066745027900e-05,5.785690518678165972e-05,0.000000000000000000e+00,2.133800444426015019e-05,1.703105681372107938e-06,4.497602290598479158e-09
8.126067696139216423e-04,2.829492150340229273e-04,4.988719709217548370e-03,2.090973083568314905e-08,1.246608590008690953e-04,1.384576607961207628e-04,0.000000000000000000e+00,3.078555164393037558e-04,1.703105681372107938e-06,2.633824536246720527e-08
1.088343211449682713e-03,4.939798382110893726e-04,5.477017257362604141e-03,3.650473701100054313e-08,1.668183831498026848e-04,1.929035497596487403e-04,0.000000000000000000e+00,4.666166787501424551e-04,1.703105681372107938e-06,3.646330526407837169e-08
7.254310185089707375e-04,2.325257810298353434e-04,4.681869875639677048e-03,1.718347775181428005e-08,1.137909348472021520e-04,1.288355560973286629e-04,0.000000000000000000e+00,2.471821499057114124e-04,1.703105681372107938e-06,2.163585577363846824e-08
4.315200494602322578e-04,1.307046568399528041e-05,4.167704842984676361e-03,9.658974731152625282e-10,2.343751293665263802e-05,4.917825208394788206e-05,0.000000000000000000e+00,1.679095475992653519e-05,1.703105681372107938e-06,3.952981497690188917e-09
5.713674472644925117e-04,1.213107316289097071e-04,4.396473988890647888e-03,8.964770259467513824e-09,8.370386785827577114e-05,1.102593887480907142e-04,0.000000000000000000e+00,1.040926581481471658e-04,1.703105681372107938e-06,1.007422323340279036e-08
7.852011476643383503e-04,2.737810718826949596e-04,4.798055626451969147e-03,2.023221234992433892e-08,1.233940565725788474e-04,1.370578975183889270e-04,0.000000000000000000e+00,3.161450149491429329e-04,1.703105681372107938e-06,2.685377786804110656e-08
7.271781796589493752e-04,2.505367447156459093e-04,4.526785109192132950e-03,1.851447528622429672e-08,1.189987888210453093e-04,1.450564595870673656e-04,0.000000000000000000e+00,2.396293566562235355e-04,1.703105681372107938e-06,1.997617005145002622e-08
4.640723636839538813e-04,4.266179530532099307e-05,4.145501647144556046e-03,3.152674121764675874e-09,4.768598955706693232e-05,6.546991062350571156e-05,0.000000000000000000e+00,6.860420398879796267e-05,1.703105681372107938e-06,8.227080350309279311e-09
4.312618693802505732e-04,2.203448639193084091e-05,4.042251035571098328e-03,1.628331913750002968e-09,3.310914325993508101e-05,5.295371374813839793e-05,0.000000000000000000e+00,5.002291800337843597e-05,1.703105681372107938e-06,6.787410633535273519e-09
6.187862600199878216e-04,1.823650673031806946e-04,4.211725667119026184e-03,1.347664024820005579e-08,1.009586485452018678e-04,1.273330126423388720e-04,0.000000000000000000e+00,1.524861290818080306e-04,1.703105681372107938e-06,1.367664204110496939e-08
6.816155510023236275e-04,2.040249673882499337e-04,4.508267156779766083e-03,1.507729052718786988e-08,1.070299913408234715e-04,1.209904730785638094e-04,0.000000000000000000e+00,2.676388539839535952e-04,1.703105681372107938e-06,2.322834546930607758e-08
5.470743053592741489e-04,1.274185779038816690e-04,4.084768239408731461e-03,9.416137203288599267e-09,8.498585521010681987e-05,1.111919991672039032e-04,0.000000000000000000e+00,1.117890133173204958e-04,1.703105681372107938e-06,1.065369570341090366e-08
3.971583209931850433e-04,1.148152023233706132e-05,3.827078035101294518e-03,8.484756230942025468e-10,2.268215393996797502e-05,4.444110891199670732e-05,0.000000000000000000e+00,2.968988883367273957e-05,1.703105681372107938e-06,5.042983364234032706e-09
4.369174712337553501e-04,4.267262193025089800e-05,3.875502850860357285e-03,3.153474592565430612e-09,4.782046016771346331e-05,6.761289114365354180e-05,0.000000000000000000e+00,6.694548937957733870e-05,1.703105681372107938e-06,7.890998965365270124e-09
5.570770008489489555e-04,1.382964546792209148e-04,4.060438368469476700e-03,1.022000351014185071e-08,8.733520371606573462e-05,1.135539641836658120e-04,0.000000000000000000e+00,1.273668603971600533e-04,1.703105681372107938e-06,1.165268859182333472e-08
5.435894709080457687e-04,1.257034164154902101e-04,4.022067412734031677e-03,9.289387037370033795e-09,8.373840682907029986e-05,9.981888433685526252e-05,0.000000000000000000e+00,1.567928411532193422e-04,1.703105681372107938e-06,1.471462951485591475e-08
4.307080234866589308e-04,4.971210728399455547e-05,3.759520128369331360e-03,3.673686910232731861e-09,5.264177525532431901e-05,7.890284177847206593e-05,0.000000000000000000e+00,5.043899727752432227e-05,1.703105681372107938e-06,6.183186851416166974e-09
3.727038565557450056e-04,7.685194759687874466e-06,3.629849525168538094e-03,5.679300918437490964e-10,1.848387728387024254e-05,4.357465513749048114e-05,0.000000000000000000e+00,2.033708551607560366e-05,1.703105681372107938e-06,4.219637084190708265e-09
4.308070929255336523e-04,4.798380177817307413e-05,3.750269068405032158e-03,3.545966853479853853e-09,5.137668995303101838e-05,6.977607699809595942e-05,0.000000000000000000e+00,7.796358841005712748e-05,1.703105681372107938e-06,8.781858795714470034e-09
5.006227293051779270e-04,1.141788816312327981e-04,3.760733874514698982e-03,8.437733178823236813e-09,7.912194996606558561e-05,1.052080115186981857e-04,0.000000000000000000e+00,1.037045221892185509e-04,1.703105681372107938e-06,1.003570915258933383e-08
4.704354214482009411e-04,7.990773883648216724e-05,3.787586931139230728e-03,5.905121724936179817e-09,6.678012141492217779e-05,8.331698336405679584e-05,0.000000000000000000e+00,1.176898658741265535e-04,1.703105681372107938e-06,1.181215125711787550e-08
3.940578899346292019e-04,3.617487891460768878e-05,3.540684701874852180e-03,2.673296251032297732e-09,4.445157173904590309e-05,7.060592179186642170e-05,0.000000000000000000e+00,3.814560477621853352e-05,1.703105681372107938e-06,5.363616661924197615e-09
3.540164616424590349e-04,5.713966402254300192e-06,3.462270367890596390e-03,4.222577842938335380e-10,1.561782664794009179e-05,4.049291601404547691e-05,0.000000000000000000e+00,2.075464180961716920e-05,1.703105681372107938e-06,4.261346830958245846e-09
3.854798851534724236e-04,2.958555523946415633e-05,3.503323765471577644e-03,2.186350211985654823e-09,3.970395118813030422e-05,5.985548705211840570e-05,0.000000000000000000e+00,5.561950456467457116e-05,1.703105681372107938e-06,7.021059733602896813e-09
4.370747192297130823e-04,7.459271728293970227e-05,3.559260861948132515e-03,5.512345691016662386e-09,6.399484118446707726e-05,9.001181024359539151e-05,0.000000000000000000e+00,6.555928848683834076e-05,1.703105681372107938e-06,7.230070320218828783e-09
4.356885910965502262e-04,7.075189205352216959e-05,3.550173947587609291e-03,5.228511401611513065e-09,6.238387140911072493e-05,8.047772280406206846e-05,0.000000000000000000e+00,9.919289004756137729e-05,1.703105681372107938e-06,1.033308905107332976e-08
3.899049479514360428e-04,4.291822551749646664e-05,3.422901034355163574e-03,3.171624740616607596e-09,4.861470733885653317e-05,7.473900041077286005e-05,0.000000000000000000e+00,4.696601172327063978e-05,1.703105681372107938e-06,5.931042768025918122e-09
3.446468908805400133e-04,9.804059118323493749e-06,3.322193399071693420e-03,7.245125610566560681e-10,2.160811891371849924e-05,4.470875501283444464e-05,0.000000000000000000e+00,2.623485124786384404e-05,1.703105681372107938e-06,4.722103597032401012e-09
3.402838483452796936e-04,8.548574442102108151e-06,3.288454608991742134e-03,6.317331657790248300e-10,1.936423177539836615e-05,4.180115502094849944e-05,0.000000000000000000e+00,2.889805909944698215e-05,1.703105681372107938e-06,4.942246611960854352e-09
3.663562529254704714e-04,3.358095636940561235e-05,3.294328460469841957e-03,2.481607142001962529e-09,4.144035119679756463e-05,6.786918675061315298e-05,0.000000000000000000e+00,3.342430500197224319e-05,1.703105681372107938e-06,5.011065340454479156e-09
3.811360220424830914e-04,4.029728734167292714e-05,3.336453810334205627e-03,2.977938784454181587e-09,4.664630614570342004e-05,6.551918340846896172e-05,0.000000000000000000e+00,7.193368946900591254e-05,1.703105681372107938e-06,8.304636089917494246e-09
3.669657453428953886e-04,3.794273288804106414e-05,3.243991872295737267e-03,2.803939080919803928e-09,4.543382237898185849e-05,7.182142144301906228e-05,0.000000000000000000e+00,4.623844870366156101e-05,1.703105681372107938e-06,5.932077051795658917e-09
3.363179566804319620e-04,1.386330677632940933e-05,3.190976101905107498e-03,1.024487827905318227e-09,2.577050145191606134e-05,4.696280666394159198e-05,0.000000000000000000e+00,3.357015521032735705e-05,1.703105681372107938e-06,5.335439645648420992e-09
3.208118141628801823e-04,6.039532308932393789e-06,3.127912757918238640e-03,4.463168445933973771e-10,1.636619890632573515e-05,4.251443169778212905e-05,0.000000000000000000e+00,1.980976230697706342e-05,1.703105681372107938e-06,4.184362634163107941e-09
3.266426501795649529e-04,1.332734973402693868e-05,3.113768296316266060e-03,9.848810655910256173e-10,2.544374183344189078e-05,5.154026803211309016e-05,0.000000000000000000e+00,1.938449531735386699e-05,1.703105681372107938e-06,4.060364489077983308e-09
3.370869380887597799e-04,2.074919393635354936e-05,3.120704321190714836e-03,1.533349780480364188e-09,3.327707236167043447e-05,5.433123078546486795e-05,0.000000000000000000e+00,4.267297845217399299e-05,1.703105681372107938e-06,6.015288711580524250e-09
3.391206846572458744e-04,2.660630525497253984e-05,3.093204228207468987e-03,1.966185658730523755e-09,3.757235390366986394e-05,6.355808000080287457e-05,0.000000000000000000e+00,3.193955853930674493e-05,1.703105681372107938e-06,4.888635718458544943e-09
3.282688849139958620e-04,1.833518581406679004e-05,3.062961855903267860e-03,1.354956147281427548e-09,3.080670649069361389e-05,5.214682823861949146e-05,0.000000000000000000e+00,3.637523695942945778e-05,1.703105681372107938e-06,5.528276503241613682e-09
3.130148106720298529e-04,1.089442957891151309e-05,3.000854747369885445e-03,8.050900501821445232e-10,2.241328002128284425e-05,4.892652577836997807e-05,0.000000000000000000e+00,2.034895078395493329e-05,1.703105681372107938e-06,4.117062690767170352e-09
3.029770450666546822e-04,4.514914962783223018e-06,2.964532002806663513e-03,3.336488307859042379e-10,1.352218441752484068e-05,3.913612090400420129e-05,0.000000000000000000e+00,2.008908631978556514e-05,1.703105681372107938e-06,4.213474014136409096e-09
3.038498980458825827e-04,6.466810191341210157e-06,2.948223846033215523e-03,4.778923923254296824e-10,1.685549796093255281e-05,4.019443076686002314e-05,0.000000000000000000e+00,2.560687062214128673e-05,1.703105681372107938e-06,4.682207510597891087e-09
3.107906668446958065e-04,1.573214467498473823e-05,2.927420195192098618e-03,1.162593465942052262e-09,2.782056253636255860e-05,5.423644324764609337e-05,0.000000000000000000e+00,2.316528116352856159e-05,1.703105681372107938e-06,4.319948843090060109e-09
3.147476527374237776e-04,1.737028469506185502e-05,2.934884279966354370e-03,1.283650852279549781e-09,2.980822500830981880e-05,5.094475636724382639e-05,0.000000000000000000e+00,3.888942228513769805e-05,1.703105681372107938e-06,5.742320841051196112e-09
3.114733844995498657e-04,2.025194226007442921e-05,2.885072957724332809e-03,1.496603285744413370e-09,3.221105362172238529e-05,5.833337127114646137e-05,0.000000000000000000e+00,2.714157199079636484e-05,1.703105681372107938e-06,4.579256085435190471e-09
3.024756733793765306e-04,1.257061649084789678e-05,2.867533359676599503e-03,9.289590208183540199e-10,2.540008426876738667e-05,4.742616874864324927e-05,0.000000000000000000e+00,3.151711280224844813e-05,1.703105681372107938e-06,5.155865068218190572e-09
2.927834866568446159e-04,9.269409929402172565e-06,2.816740889102220535e-03,6.850023881455058472e-10,2.100702477036975324e-05,4.679415724240243435e-05,0.000000000000000000e+00,1.839990000007674098e-05,1.703105681372107938e-06,4.009075293964770026e-09
2.867144939955323935e-04,5.738956588174914941e-06,2.790074096992611885e-03,4.241045570285706390e-10,1.637359855521935970e-05,4.191924745100550354e-05,0.000000000000000000e+00,1.968125798157416284e-05,1.703105681372107938e-06,4.176078594042564873e-09
2.858989464584738016e-04,6.839525212853914127e-06,2.769264392554759979e-03,5.054357488099014972e-10,1.745285044307820499e-05,4.108794382773339748e-05,0.000000000000000000e+00,2.132994268322363496e-05,1.703105681372107938e-06,4.322590285710248281e-09
2.888237359002232552e-04,1.182351297757122666e-05,2.749912906438112259e-03,8.737486845156183790e-10,2.315579877176787704e-05,5.038724339101463556e-05,0.000000000000000000e+00,2.008933915931265801e-05,1.703105681372107938e-06,4.103273276712116058e-09
2.919845865108072758e-04,1.488757425249787048e-05,2.741934964433312416e-03,1.100180391233607224e-09,2.645524000399746001e-05,4.818353772861883044e-05,0.000000000000000000e+00,2.903506901930086315e-05,1.703105681372107938e-06,4.954249455124681845e-09
2.956447715405374765e-04,2.175466215703636408e-05,2.717305440455675125e-03,1.607653121737939728e-09,3.152710269205272198e-05,5.837618664372712374e-05,0.000000000000000000e+00,2.159534415113739669e-05,1.703105681372107938e-06,4.191601288283663962e-09
2.999560674652457237e-04,2.561688961577601731e-05,2.710394794121384621e-03,1.893068812819365121e-09,3.410437057027593255e-05,5.583707388723269105e-05,0.000000000000000000e+00,3.299684613011777401e-05,1.703105681372107938e-06,5.269513714267759497e-09
3.102111222688108683e-04,3.911435123882256448e-05,2.689369721338152885e-03,2.890520711673616461e-09,4.165443169767968357e-05,6.761161057511344552e-05,0.000000000000000000e+00,2.159785981348250061e-05,1.703105681372107938e-06,4.201224701461114819e-09
3.291090833954513073e-04,5.636820787913165987e-05,2.699357224628329277e-03,4.165567890623833591e-09,4.859959517489187419e-05,7.068157719913870096e-05,0.000000000000000000e+00,2.805148687912151217e-05,1.703105681372107938e-06,4.882119597482414974e-09
3.704804694280028343e-04,9.712643077364191413e-05,2.713662339374423027e-03,7.177569205651934681e-09,6.238006608327850699e-05,8.738649921724572778e-05,0.000000000000000000e+00,1.987801442737691104e-05,1.703105681372107938e-06,4.079562465619801515e-09
4.388702509459108114e-04,1.585175923537462950e-04,2.778306603431701660e-03,1.171432995050736281e-08,7.924665987957268953e-05,1.013688379316590726e-04,0.000000000000000000e+00,2.522005706850904971e-05,1.703105681372107938e-06,4.644971074441173187e-09
5.752060096710920334e-04,2.828024153131991625e-04,2.905305707827210426e-03,2.089888262446493172e-08,1.042175645125098526e-04,1.279530115425586700e-04,0.000000000000000000e+00,1.873029032140038908e-05,1.703105681372107938e-06,3.993770647525707318e-09
7.445957162417471409e-04,4.331985255703330040e-04,3.090461017563939095e-03,3.201304465960674861e-08,1.299057621508836746e-04,1.514562172815203667e-04,0.000000000000000000e+00,2.351037437620107085e-05,1.703105681372107938e-06,4.503259543042759105e-09
9.935561101883649826e-04,6.585093797184526920e-04,3.330609994009137154e-03,4.866334890607504349e-08,1.572397159179672599e-04,1.798029261408373713e-04,0.000000000000000000e+00,1.985638664336875081e-05,1.703105681372107938e-06,4.049232948943881638e-09
1.031234860420227051e-03,6.875423714518547058e-04,3.415719140321016312e-03,5.080886111841209640e-08,1.650346821406856179e-04,1.864011137513443828e-04,0.000000000000000000e+00,2.120640056091360748e-05,1.703105681372107938e-06,4.305697132167551899e-09
9.150236146524548531e-04,5.932768690399825573e-04,3.199956612661480904e-03,4.384271079516111058e-08,1.502076047472655773e-04,1.728221541270613670e-04,0.000000000000000000e+00,1.751101808622479439e-05,1.703105681372107938e-06,3.901930778482665119e-09
5.205463385209441185e-04,2.369186549913138151e-04,2.818466397002339363e-03,1.750810874057151523e-08,9.940558811649680138e-05,1.221023267135024071e-04,0.000000000000000000e+00,1.781028731784317642e-05,1.703105681372107938e-06,3.995674902057544386e-09
2.697521995287388563e-04,1.976037128770258278e-05,2.477356931194663048e-03,1.460276566334073323e-09,3.122466659988276660e-05,5.592085290118120611e-05,0.000000000000000000e+00,2.256138213851954788e-05,1.703105681372107938e-06,4.395711350468900491e-09
3.265092091169208288e-04,7.291229121619835496e-05,2.517120912671089172e-03,5.388163248909449976e-09,5.623076503979973495e-05,8.195257396437227726e-05,0.000000000000000000e+00,1.884831362986005843e-05,1.703105681372107938e-06,3.990605623727105922e-09
5.320060881786048412e-04,2.518797700759023428e-04,2.771344967186450958e-03,1.861372389555526752e-08,1.008563704090192914e-04,1.224078878294676542e-04,0.000000000000000000e+00,2.991828296217136085e-05,1.703105681372107938e-06,5.013865322922583800e-09
6.194232264533638954e-04,3.358312533237040043e-04,2.814653329551219940e-03,2.481767502615639387e-08,1.144561683759093285e-04,1.380038884235545993e-04,0.000000000000000000e+00,2.126698018400929868e-05,1.703105681372107938e-06,4.172511225419839320e-09
4.263514420017600060e-04,1.635369408177211881e-04,2.606538124382495880e-03,1.208525635121304731e-08,8.262791379820555449e-05,1.051668950822204351e-04,0.000000000000000000e+00,2.160674557671882212e-05,1.703105681372107938e-06,4.346932591658969613e-09
2.550761855673044920e-04,1.427688766852952540e-05,2.386895241215825081e-03,1.055051157550224161e-09,2.666312138899229467e-05,5.161555964150466025e-05,0.000000000000000000e+00,2.109761226165574044e-05,1.703105681372107938e-06,4.284096188911235004e-09
2.961755089927464724e-04,5.301073906593956053e-05,2.411947352811694145e-03,3.917453472723764207e-09,4.908041228190995753e-05,7.476060272892937064e-05,0.000000000000000000e+00,1.970041557797230780e-05,1.703105681372107938e-06,4.052419289024555837e-09
4.267174808774143457e-04,1.669670164119452238e-04,2.564195776358246803e-03,1.233873536676810545e-08,8.307533425977453589e-05,1.046973848133347929e-04,0.000000000000000000e+00,3.330884646857157350e-05,1.703105681372107938e-06,5.253482981970591936e-09
4.435757291503250599e-04,1.873770961537957191e-04,2.536445157602429390e-03,1.384702486006972322e-08,8.663455082569271326e-05,1.111438032239675522e-04,0.000000000000000000e+00,2.554122875153552741e-05,1.703105681372107938e-06,4.404438591620873922e-09
3.065289929509162903e-04,6.483140896307304502e-05,2.390044741332530975e-03,4.790992047531972275e-09,5.354733730200678110e-05,7.567163265775889158e-05,0.000000000000000000e+00,2.693092937988694757e-05,1.703105681372107938e-06,4.738839542994810472e-09
2.368045825278386474e-04,6.769393166905501857e-06,2.282508881762623787e-03,5.002529501751951102e-10,1.778026125975884497e-05,4.387539229355752468e-05,0.000000000000000000e+00,1.784294727258384228e-05,1.703105681372107938e-06,3.925280100958161711e-09
2.993598172906786203e-04,6.350998592097312212e-05,2.337266923859715462e-03,4.693340382999622307e-09,5.309234984451904893e-05,7.719789573457092047e-05,0.000000000000000000e+00,2.123155536537524313e-05,1.703105681372107938e-06,4.255055863211509859e-09
3.592629800550639629e-04,1.182955893455073237e-04,2.391793765127658844e-03,8.741954715674182808e-09,7.183936395449563861e-05,9.535346180200576782e-05,0.000000000000000000e+00,1.788032204785849899e-05,1.703105681372107938e-06,3.969323536523461371e-09
3.194915188942104578e-04,8.385397813981398940e-05,2.337016630917787552e-03,6.196745339082099235e-09,5.925525329075753689e-05,8.297631575260311365e-05,0.000000000000000000e+00,1.935875116032548249e-05,1.703105681372107938e-06,4.103513084885435092e-09
2.423125260975211859e-04,1.819504905142821372e-05,2.222214825451374054e-03,1.344600319974631475e-09,3.062736868741922081e-05,5.544685700442641973e-05,0.000000000000000000e+00,1.896000685519538820e-05,1.703105681372107938e-06,4.006086573582479105e-09
2.418520598439499736e-04,1.752638854668475688e-05,2.214324427768588066e-03,1.295186957683824858e-09,2.787481025734450668e-05,5.022049299441277981e-05,0.000000000000000000e+00,2.893223063438199461e-05,1.703105681372107938e-06,4.897127148240087990e-09
2.950366178993135691e-04,6.737675721524283290e-05,2.257372951135039330e-03,4.979091805523694347e-09,5.357478949008509517e-05,7.901711796876043081e-05,0.000000000000000000e+00,1.922572300827596337e-05,1.703105681372107938e-06,3.966674988475915598e-09
3.001196018885821104e-04,7.174492202466353774e-05,2.252324949949979782e-03,5.301895811271606362e-09,5.587242776528000832e-05,7.774532423354685307e-05,0.000000000000000000e+00,3.142188143101520836e-05,1.703105681372107938e-06,5.085552423622630158e-09
2.533787628635764122e-04,3.277774885646067560e-05,2.182649681344628334e-03,2.422250622302613010e-09,3.919744631275534630e-05,6.501493044197559357e-05,0.000000000000000000e+00,2.336052421014755964e-05,1.703105681372107938e-06,4.250378715653368999e-09
2.234110288554802537e-04,7.422429007419850677e-06,2.137417905032634735e-03,5.485118470538452584e-10,1.841154335124883801e-05,4.101512240595184267e-05,0.000000000000000000e+00,2.246816256956662983e-05,1.703105681372107938e-06,4.371991213503179097e-09
2.450163883622735739e-04,2.917090932896826416e-05,2.142145298421382904e-03,2.155707834461395578e-09,3.739465319085866213e-05,6.219414353836327791e-05,0.000000000000000000e+00,1.630932092666625977e-05,1.703105681372107938e-06,3.812267390657098076e-09
2.698215248528867960e-04,5.146484545548446476e-05,2.162300283089280128e-03,3.803213299846675000e-09,4.781554162036627531e-05,7.181117689469829202e-05,0.000000000000000000e+00,2.126633080479223281e-05,1.703105681372107938e-06,4.258366104181732226e-09
2.522234281059354544e-04,3.824735540547408164e-05,2.122819656506180763e-03,2.826450407056313452e-09,4.263631490175612271e-05,6.717639189446344972e-05,0.000000000000000000e+00,1.694107777439057827e-05,1.703105681372107938e-06,3.868802167517060298e-09
2.211010578321292996e-04,1.117307965614600107e-05,2.079221652820706367e-03,8.256820782648333079e-10,2.378670797043014318e-05,4.786157660419121385e-05,0.000000000000000000e+00,2.005812530114781111e-05,1.703105681372107938e-06,4.187895363827465189e-09
2.192519168602302670e-04,1.148302544606849551e-05,2.058363053947687149e-03,8.485868674412699875e-10,2.288080031576100737e-05,5.040249379817396402e-05,0.000000000000000000e+00,1.932596933329477906e-05,1.703105681372107938e-06,4.006861509253667464e-09
2.399684308329597116e-04,2.881180080294143409e-05,2.077091019600629807e-03,2.129170395548385386e-09,3.698757791426032782e-05,5.888107989449054003e-05,0.000000000000000000e+00,3.447519338806159794e-05,1.703105681372107938e-06,5.343952835801246692e-09
2.487703168299049139e-04,3.941197792300954461e-05,2.070484915748238564e-03,2.912515340014465437e-09,4.284493479644879699e-05,6.895848491694778204e-05,0.000000000000000000e+00,2.309860428795218468e-05,1.703105681372107938e-06,4.241308637631391321e-09
2.361705701332539320e-04,2.664901512616779655e-05,2.056139288470149040e-03,1.969342022789533075e-09,3.615430250647477806e-05,5.705803050659596920e-05,0.000000000000000000e+00,3.907619975507259369e-05,1.703105681372107938e-06,5.707981642899540020e-09
2.339953061891719699e-04,2.631515235407277942e-05,2.041690284386277199e-03,1.944669758557893147e-09,3.745380672626197338e-05,6.374594522640109062e-05,0.000000000000000000e+00,3.511126124067232013e-05,1.703105681372107938e-06,5.065448505092717824e-09
2.603845496196299791e-04,4.577315849019214511e-05,2.086926018819212914e-03,3.382601754253755644e-09,5.068052632850594819e-05,7.064773672027513385e-05,0.000000000000000000e+00,5.918793613091111183e-05,1.703105681372107938e-06,7.248510236479432933e-09
3.133170830551534891e-04,9.143441275227814913e-05,2.159012947231531143e-03,6.756933679241683421e-09,7.237184036057442427e-05,9.778799721971154213e-05,0.000000000000000000e+00,5.981379945296794176e-05,1.703105681372107938e-06,6.784781625412961148e-09
3.826587344519793987e-04,1.388626405969262123e-04,2.290636533871293068e-03,1.026184470731550391e-08,8.875102503225207329e-05,1.053797532222233713e-04,0.000000000000000000e+00,1.473243028158321977e-04,1.703105681372107938e-06,1.394817950028937048e-08
5.313426954671740532e-04,2.519177214708179235e-04,2.572533907368779182e-03,1.861652876300468051e-08,1.201202467200346291e-04,1.461283391108736396e-04,0.000000000000000000e+00,2.217157161794602871e-04,1.703105681372107938e-06,1.844937358441711694e-08
7.944277604110538960e-04,4.390869289636611938e-04,3.076295601204037666e-03,3.244819524184094917e-08,1.574091584188863635e-04,1.690625649644061923e-04,0.000000000000000000e+00,4.771124222315847874e-04,1.703105681372107938e-06,3.870599840638533351e-08
1.441481173969805241e-03,9.191006538458168507e-04,4.353980068117380142e-03,6.792083695472683758e-08,2.290997072122991085e-04,2.552932710386812687e-04,0.000000000000000000e+00,8.698251331225037575e-04,1.703105681372107938e-06,6.575201894065685337e-08
2.337465062737464905e-03,1.585108693689107895e-03,5.856871139258146286e-03,1.171383345877075044e-07,2.980887365993112326e-04,3.046537458430975676e-04,0.000000000000000000e+00,1.666693715378642082e-03,1.703105681372107938e-06,1.273229770504258340e-07
4.608931951224803925e-03,3.217690158635377884e-03,1.089643500745296478e-02,2.377848602463927818e-07,4.290077777113765478e-04,4.550784360617399216e-04,0.000000000000000000e+00,3.015981055796146393e-03,1.703105681372107938e-06,2.232874862784228753e-07
5.921851843595504761e-03,4.313794430345296860e-03,1.180022116750478745e-02,3.187861352671461646e-07,4.896481405012309551e-04,4.921503714285790920e-04,0.000000000000000000e+00,4.280355758965015411e-03,1.703105681372107938e-06,3.212996944057522342e-07
9.533679112792015076e-03,6.672110408544540405e-03,2.238870784640312195e-02,4.930639079248066992e-07,6.189822452142834663e-04,6.448892527259886265e-04,0.000000000000000000e+00,6.226985715329647064e-03,1.703105681372107938e-06,4.594458573592419270e-07
5.770492367446422577e-03,4.371727816760540009e-03,9.882940910756587982e-03,3.230673542020667810e-07,4.848722892347723246e-04,4.890447016805410385e-04,0.000000000000000000e+00,4.104702267795801163e-03,1.703105681372107938e-06,3.079288717344752513e-07
2.911864779889583588e-03,1.775494660250842571e-03,9.774693287909030914e-03,1.312077131387923146e-07,3.202192601747810841e-04,3.461909072939306498e-04,0.000000000000000000e+00,1.589008374139666557e-03,1.703105681372107938e-06,1.179006829943318735e-07
3.676544292829930782e-04,1.356683496851474047e-04,2.173906657844781876e-03,1.002578819964128343e-08,7.956222543725743890e-05,1.038494301610626280e-04,0.000000000000000000e+00,1.459540799260139465e-04,1.703105681372107938e-06,1.319059883542195166e-08
1.290201791562139988e-03,8.840702939778566360e-04,3.371176542714238167e-03,6.533213081638677977e-08,2.222818147856742144e-04,2.340455685043707490e-04,0.000000000000000000e+00,6.901377346366643906e-04,1.703105681372107938e-06,5.436363892385998042e-08
4.121702630072832108e-03,2.851634984835982323e-03,9.923635050654411316e-03,2.107336456447228556e-07,4.012435383629053831e-04,4.271190846338868141e-04,0.000000000000000000e+00,2.777042333036661148e-03,1.703105681372107938e-06,2.059215375993517227e-07
3.872265107929706573e-03,2.700247336179018021e-03,9.172969497740268707e-03,1.995462355353083694e-07,3.874795802403241396e-04,3.915896231774240732e-04,0.000000000000000000e+00,2.547207986935973167e-03,1.703105681372107938e-06,1.932418740580033045e-07
2.682682359591126442e-03,1.888842904008924961e-03,6.472501438111066818e-03,1.395840740769926924e-07,3.292759647592902184e-04,3.552663547452539206e-04,0.000000000000000000e+00,1.465892419219017029e-03,1.703105681372107938e-06,1.099529924886155641e-07
4.885015659965574741e-04,2.039562823483720422e-04,2.524770330637693405e-03,1.507221369934086397e-08,1.043528100126422942e-04,1.188495371025055647e-04,0.000000000000000000e+00,3.206823603250086308e-04,1.703105681372107938e-06,2.745537486248394998e-08
5.733418511226773262e-04,2.804149989970028400e-04,2.628910820931196213e-03,2.072245663953253825e-08,1.281338627450168133e-04,1.419415639247745275e-04,0.000000000000000000e+00,3.003573510795831680e-04,1.703105681372107938e-06,2.585463576565416588e-08
2.167976694181561470e-03,1.422852161340415478e-03,6.051225587725639343e-03,1.051476914426530129e-07,2.797352499328553677e-04,3.056609712075442076e-04,0.000000000000000000e+00,1.400020322762429714e-03,1.703105681372107938e-06,1.049069737746322062e-07
2.143006073310971260e-03,1.523922081105411053e-03,5.021096672862768173e-03,1.126166822018603852e-07,2.900671097449958324e-04,2.984777092933654785e-04,0.000000000000000000e+00,1.169744529761373997e-03,1.703105681372107938e-06,9.059711203462939011e-08
1.149111660197377205e-03,6.346045993268489838e-04,4.567897412925958633e-03,4.689679755642828241e-08,1.947839627973735332e-04,2.208448568126186728e-04,0.000000000000000000e+00,5.771735450252890587e-04,1.703105681372107938e-06,4.439557699242868694e-08
2.355076721869409084e-04,2.725328704400453717e-05,2.031699288636445999e-03,2.013997191241401197e-09,3.529945752234198153e-05,5.927537131356075406e-05,0.000000000000000000e+00,5.084447184344753623e-05,1.703105681372107938e-06,6.606475366766062507e-09
7.901544449850916862e-04,4.703192098531872034e-04,2.689067972823977470e-03,3.475623344684208860e-08,1.629863400012254715e-04,1.769205846358090639e-04,0.000000000000000000e+00,5.092843202874064445e-04,1.703105681372107938e-06,4.119934970958638587e-08
1.713548554107546806e-03,1.094738370738923550e-03,5.182452499866485596e-03,8.090033531971130287e-08,2.449108578730374575e-04,2.709887048695236444e-04,0.000000000000000000e+00,1.005649566650390625e-03,1.703105681372107938e-06,7.591134476570005063e-08
1.161864493042230606e-03,7.328391657210886478e-04,3.726222319528460503e-03,5.415624926286000118e-08,2.034323842963203788e-04,2.134471578756347299e-04,0.000000000000000000e+00,5.640306626446545124e-04,1.703105681372107938e-06,4.559453969932292239e-08
3.667577402666211128e-04,1.376295113004744053e-04,2.150705549865961075e-03,1.017071671327585136e-08,8.948228060035035014e-05,1.155873906100168824e-04,0.000000000000000000e+00,1.405765942763537169e-04,1.703105681372107938e-06,1.297811014211447400e-08
2.777652116492390633e-04,7.792762335157021880e-05,1.956258434802293777e-03,5.758792553933744784e-09,6.500673043774440885e-05,9.131200931733474135e-05,0.000000000000000000e+00,4.211744089843705297e-05,1.703105681372107938e-06,5.909429390271725424e-09
8.129195775836706161e-04,4.311985976528376341e-04,3.277407260611653328e-03,3.186524821785496897e-08,1.572116161696612835e-04,1.679680426605045795e-04,0.000000000000000000e+00,5.398027715273201466e-04,1.703105681372107938e-06,4.375314688331854995e-08
1.112651079893112183e-03,7.088215788826346397e-04,3.468295093625783920e-03,5.238137035235013172e-08,1.975249469978734851e-04,2.236385189462453127e-04,0.000000000000000000e+00,5.699998000636696815e-04,1.703105681372107938e-06,4.407779385928733973e-08
5.704519571736454964e-04,2.859591913875192404e-04,2.604104578495025635e-03,2.113216801546968782e-08,1.261025463463738561e-04,1.394037535646930337e-04,0.000000000000000000e+00,2.408234286122024059e-04,1.703105681372107938e-06,2.120519937420795031e-08
1.931898586917668581e-04,7.179324256867403165e-06,1.847704173997044563e-03,5.305467176697220566e-10,1.843731479311827570e-05,4.502330921241082251e-05,0.000000000000000000e+00,1.240111578226787969e-05,1.703105681372107938e-06,3.536837489548361191e-09
4.164661804679781199e-04,1.681087742326781154e-04,2.353265415877103806e-03,1.242310965210435825e-08,9.799163672141730785e-05,1.243001897819340229e-04,0.000000000000000000e+00,1.303086755797266960e-04,1.703105681372107938e-06,1.178516129130002810e-08
7.115260232239961624e-04,3.988759708590805531e-04,2.708090003579854965e-03,2.947663091390495538e-08,1.490740833105519414e-04,1.619540416868403554e-04,0.000000000000000000e+00,4.184105491731315851e-04,1.703105681372107938e-06,3.428538875027697941e-08
6.242676172405481339e-04,3.216303884983062744e-04,2.762448275461792946e-03,2.376824070893235330e-08,1.344794145552441478e-04,1.605774596100673079e-04,0.000000000000000000e+00,2.639238082338124514e-04,1.703105681372107938e-06,2.146627409160828392e-08
2.575088001322001219e-04,5.899975803913548589e-05,1.928242389112710953e-03,4.360037220152435111e-09,5.610053267446346581e-05,7.501522486563771963e-05,0.000000000000000000e+00,5.684788993676193058e-05,1.703105681372107938e-06,7.116874201074097073e-09
2.271610283059999347e-04,3.459388244664296508e-05,1.884946366772055626e-03,2.556461708991264459e-09,4.347151116235181689e-05,6.278244836721569300e-05,0.000000000000000000e+00,4.072516094311140478e-05,1.703105681372107938e-06,5.925310020415963663e-09
4.764120676554739475e-04,2.349353017052635550e-04,2.227728953585028648e-03,1.736154153775260056e-08,1.154878700617700815e-04,1.417712337570264935e-04,0.000000000000000000e+00,1.870388223323971033e-04,1.703105681372107938e-06,1.604538546473577298e-08
5.266972584649920464e-04,2.402797108516097069e-04,2.585579408332705498e-03,1.775648783564065525e-08,1.165207795565947890e-04,1.293589302804321051e-04,0.000000000000000000e+00,2.785956021398305893e-04,1.703105681372107938e-06,2.400646792466432089e-08
3.474287514109164476e-04,1.396323204971849918e-04,1.978827640414237976e-03,1.031872187695626053e-08,8.806384721538051963e-05,1.141559405368752778e-04,0.000000000000000000e+00,9.913661051541566849e-05,1.703105681372107938e-06,9.727902039458058425e-09
1.840038457885384560e-04,6.441272489610128105e-06,1.755797653459012508e-03,4.760051797170206100e-10,1.748599970596842468e-05,4.153537884121760726e-05,0.000000000000000000e+00,1.982805224542971700e-05,1.703105681372107938e-06,4.272623144174758636e-09
2.663093619048595428e-04,6.440775177907198668e-05,1.937674358487129211e-03,4.759684202326752711e-09,6.034278339939191937e-05,7.795631245244294405e-05,0.000000000000000000e+00,8.134158997563645244e-05,1.703105681372107938e-06,9.004065937290306465e-09
4.256049287505447865e-04,1.903328666230663657e-04,2.198237692937254906e-03,1.406545635518341442e-08,1.043382435454986989e-04,1.304643083130940795e-04,0.000000000000000000e+00,1.544827973702922463e-04,1.703105681372107938e-06,1.355384071644039068e-08
3.784882428590208292e-04,1.539462246000766754e-04,2.080006059259176254e-03,1.137650951221758078e-08,9.187687101075425744e-05,1.078151690308004618e-04,0.000000000000000000e+00,1.654141233302652836e-04,1.703105681372107938e-06,1.527474680074192293e-08
2.283583016833290458e-04,4.306855043978430331e-05,1.822991645894944668e-03,3.182733188111797062e-09,4.862949572270736098e-05,7.477081089746206999e-05,0.000000000000000000e+00,2.990598659380339086e-05,1.703105681372107938e-06,4.562781263928172848e-09
1.799575838958844543e-04,8.368725502805318683e-06,1.702109351754188538e-03,6.184424639066321561e-10,1.943021743500139564e-05,4.676646858570165932e-05,0.000000000000000000e+00,1.377920489176176488e-05,1.703105681372107938e-06,3.496281930637223923e-09
2.701938501559197903e-04,7.572671893285587430e-05,1.868455205112695694e-03,5.596146657182998752e-09,6.482900789706036448e-05,8.268880628747865558e-05,0.000000000000000000e+00,7.621600525453686714e-05,1.703105681372107938e-06,8.513066696025362035e-09
3.389318299014121294e-04,1.296309055760502815e-04,1.975774066522717476e-03,9.579625981359640718e-09,8.645151683595031500e-05,1.124125774367712438e-04,0.000000000000000000e+00,1.172350603155791759e-04,1.703105681372107938e-06,1.086764633839720773e-08
2.695076109375804663e-04,7.317610288737341762e-05,1.872075372375547886e-03,5.407658765221867725e-09,6.328385643428191543e-05,8.073101344052702188e-05,0.000000000000000000e+00,9.123970812652260065e-05,1.703105681372107938e-06,9.717360249794637639e-09
1.825921353884041309e-04,1.569620326336007565e-05,1.653396757319569588e-03,1.159937590422543963e-09,2.822646456479560584e-05,5.467878509080037475e-05,0.000000000000000000e+00,1.556251663714647293e-05,1.703105681372107938e-06,3.732526288047210983e-09
1.798591547412797809e-04,1.413732661603717133e-05,1.640052767470479012e-03,1.044737740762968770e-09,2.647872315719723701e-05,5.308978870743885636e-05,0.000000000000000000e+00,1.716550104902125895e-05,1.703105681372107938e-06,3.846308160859734926e-09
2.405579434707760811e-04,5.526731547433882952e-05,1.789707690477371216e-03,4.084212523736141520e-09,5.551935100811533630e-05,7.354909030254930258e-05,0.000000000000000000e+00,6.319860403891652822e-05,1.703105681372107938e-06,7.592769968312040874e-09
2.702204219531267881e-04,8.231611718656495214e-05,1.800199621357023716e-03,6.083098913478579561e-09,6.833975203335285187e-05,9.427536133443936706e-05,0.000000000000000000e+00,7.884335354901850224e-05,1.703105681372107938e-06,8.132618134482072492e-09
2.206679782830178738e-04,4.365165295894257724e-05,1.711046323180198669e-03,3.225824052321968338e-09,4.864884976996108890e-05,6.791632040403783321e-05,0.000000000000000000e+00,5.911683547310531139e-05,1.703105681372107938e-06,7.224048026444052084e-09
1.688004995230585337e-04,6.899743311805650592e-06,1.606071018613874912e-03,5.098858557595065122e-10,1.824633363867178559e-05,4.531993181444704533e-05,0.000000000000000000e+00,1.293654531764332205e-05,1.703105681372107938e-06,3.503353607214876320e-09
1.743919419823214412e-04,1.152948971139267087e-05,1.614301465451717377e-03,8.520205652118306716e-10,2.414910159131977707e-05,5.033646084484644234e-05,0.000000000000000000e+00,1.432294811820611358e-05,1.703105681372107938e-06,3.567887096878052944e-09
2.141220757039263844e-04,4.241580245434306562e-05,1.662815106101334095e-03,3.134495774048673411e-09,4.836013977183029056e-05,6.801963172620162368e-05,0.000000000000000000e+00,5.424751725513488054e-05,1.703105681372107938e-06,6.830261245482915911e-09
2.258889580843970180e-04,5.165760376257821918e-05,1.691149314865469933e-03,3.817457905341825608e-09,5.370190046960487962e-05,7.979750080266967416e-05,0.000000000000000000e+00,5.116407191962935030e-05,1.703105681372107938e-06,6.122633067207061686e-09
1.913436426548287272e-04,2.569406569818966091e-05,1.620600116439163685e-03,1.898772028496864550e-09,3.722290057339705527e-05,5.753534424002282321e-05,0.000000000000000000e+00,3.589558036765083671e-05,1.703105681372107938e-06,5.437078343106804823e-09
1.605467841727659106e-04,4.832343165617203340e-06,1.543083344586193562e-03,3.571064555174530142e-10,1.442244320060126483e-05,4.189329047221690416e-05,0.000000000000000000e+00,1.406105002388358116e-05,1.703105681372107938e-06,3.627885769574845654e-09
1.654802035773172975e-04,9.742254405864514410e-06,1.542808953672647476e-03,7.199451590444994054e-10,2.218346526206005365e-05,4.808219091501086950e-05,0.000000000000000000e+00,1.457044527342077345e-05,1.703105681372107938e-06,3.655852065520548422e-09
1.840840996010228992e-04,2.123053491231985390e-05,1.586276572197675705e-03,1.568920549033236966e-09,3.398815897526219487e-05,5.426393545349128544e-05,0.000000000000000000e+00,4.225901284371502697e-05,1.703105681372107938e-06,5.947172532216882246e-09
1.871995482360944152e-04,2.815151128743309528e-05,1.561921206302940845e-03,2.080375649526899906e-09,3.884505713358521461e-05,6.519711314467713237e-05,0.000000000000000000e+00,2.855909588106442243e-05,1.703105681372107938e-06,4.566032885122695006e-09
1.703096640994772315e-04,1.345438977295998484e-05,1.542534213513135910e-03,9.942692225095584035e-10,2.665024294401519001e-05,4.779053051606751978e-05,0.000000000000000000e+00,2.601843516458757222e-05,1.703105681372107938e-06,4.661318886434173692e-09
1.553896436234936118e-04,4.224643362249480560e-06,1.497896970249712467e-03,3.121979064157898165e-10,1.338951096840901300e-05,4.041046486236155033e-05,0.000000000000000000e+00,1.375294596073217690e-05,1.703105681372107938e-06,3.575495455265809142e-09
1.564062258694320917e-04,5.694436822523130104e-06,1.494116382673382759e-03,4.208145498729720657e-10,1.627688288863282651e-05,4.238293695379979908e-05,0.000000000000000000e+00,1.300145049754064530e-05,1.703105681372107938e-06,3.507787393886019345e-09
1.672498183324933052e-04,1.323983087786473334e-05,1.507341861724853516e-03,9.784134613610717679e-10,2.636273711686953902e-05,4.814776548300869763e-05,0.000000000000000000e+00,3.275789640611037612e-05,1.703105681372107938e-06,5.154084270486691821e-09
1.713079836918041110e-04,1.840100776462350041e-05,1.508635003119707108e-03,1.359820478441520208e-09,3.131425546598620713e-05,5.786186738987453282e-05,0.000000000000000000e+00,2.043469430645927787e-05,1.703105681372107938e-06,3.966588835169204685e-09
1.615904038771986961e-04,1.087275904865236953e-05,1.483889645896852016e-03,8.034887200025764287e-10,2.364272040722426027e-05,4.538137727649882436e-05,0.000000000000000000e+00,2.328688060515560210e-05,1.703105681372107938e-06,4.431909506052988945e-09
1.508534769527614117e-04,4.215800345264142379e-06,1.451786723919212818e-03,3.115444568990710650e-10,1.327681729890173301e-05,4.053824159200303257e-05,0.000000000000000000e+00,1.458995575376320630e-05,1.703105681372107938e-06,3.639752943485063952e-09
1.485102984588593245e-04,3.162972689096932299e-06,1.439804094843566418e-03,2.337413040898184136e-10,1.148773571912897751e-05,3.827607361017726362e-05,0.000000000000000000e+00,1.366904962196713313e-05,1.703105681372107938e-06,3.616438259967935664e-09
1.535798801342025399e-04,6.231249699339969084e-06,1.449080300517380238e-03,4.604846226552439248e-10,1.726978734950534999e-05,3.990528057329356670e-05,0.000000000000000000e+00,2.440601383568719029e-05,1.703105681372107938e-06,4.534363995389867341e-09
1.578280789544805884e-04,1.219035220856312662e-05,1.439557177945971489e-03,9.008577217528568326e-10,2.488631071173585951e-05,5.163927926332689822e-05,0.000000000000000000e+00,1.681996218394488096e-05,1.703105681372107938e-06,3.784133895123886759e-09
1.549763983348384500e-04,8.867133146850392222e-06,1.438009785488247871e-03,6.552745013266303431e-10,2.085147571051493287e-05,4.269945929991081357e-05,0.000000000000000000e+00,2.308287912455853075e-05,1.703105681372107938e-06,4.444369317013752152e-09
1.483122177887707949e-04,5.764738034486072138e-06,1.410225871950387955e-03,4.260097830055542545e-10,1.619216345716267824e-05,4.344131230027414858e-05,0.000000000000000000e+00,1.524887557025067508e-05,1.703105681372107938e-06,3.692931516141584325e-09
1.437314931536093354e-04,2.472867208780371584e-06,1.397809712216258049e-03,1.827430151646325385e-10,1.012081884255167097e-05,3.590648702811449766e-05,0.000000000000000000e+00,1.477659679949283600e-05,1.703105681372107938e-06,3.733220843571416481e-09
1.435139129171147943e-04,2.835276291079935618e-06,1.390557037666440010e-03,2.095247586542114959e-10,1.091713511414127424e-05,3.550741894287057221e-05,0.000000000000000000e+00,1.622935269551817328e-05,1.703105681372107938e-06,3.853833696609854087e-09
1.464946544729173183e-04,6.044592282705707476e-06,1.390464953146874905e-03,4.466907954636667455e-10,1.677451109571848065e-05,4.373165575088933110e-05,0.000000000000000000e+00,1.403557507728692144e-05,1.703105681372107938e-06,3.586210883810281302e-09
1.489980350015684962e-04,8.039030035433825105e-06,1.388082746416330338e-03,5.940782310531744770e-10,1.991006683965679258e-05,4.224724398227408528e-05,0.000000000000000000e+00,2.150732871086802334e-05,1.703105681372107938e-06,4.289990140904365035e-09
1.494712487328797579e-04,9.747145668370649219e-06,1.380561152473092079e-03,7.203065921501661251e-10,2.206802128057461232e-05,4.905699461232870817e-05,0.000000000000000000e+00,1.667989090492483228e-05,1.703105681372107938e-06,3.744912380199139079e-09
1.461014762753620744e-04,6.894107173138763756e-06,1.370924757793545723e-03,5.094693000806671535e-10,1.841553785197902471e-05,4.102481398149393499e-05,0.000000000000000000e+00,2.114903691108338535e-05,1.703105681372107938e-06,4.266856645784855573e-09
1.415728620486333966e-04,5.024829079047776759e-06,1.352235907688736916e-03,3.713310492425847542e-10,1.482943207520293072e-05,4.164838901488110423e-05,0.000000000000000000e+00,1.324424738413654268e-05,1.703105681372107938e-06,3.554057048660297369e-09
1.380383182549849153e-04,2.543021082601626404e-06,1.340324990451335907e-03,1.879273126004221695e-10,1.046952820615842938e-05,3.579977419576607645e-05,0.000000000000000000e+00,1.462808450014563277e-05,1.703105681372107938e-06,3.727654629415155796e-09
1.375348219880834222e-04,2.586402615634142421e-06,1.334793400019407272e-03,1.911331926063297715e-10,1.017836893879575655e-05,3.524711064528673887e-05,0.000000000000000000e+00,1.469072958570905030e-05,1.703105681372107938e-06,3.736333908932465420e-09
1.388158707413822412e-04,4.653415999200660735e-06,1.327595324255526066e-03,3.438839213387723248e-10,1.428263658453943208e-05,4.170483589405193925e-05,0.000000000000000000e+00,1.402922225679503754e-05,1.703105681372107938e-06,3.610046039881353863e-09
1.403697388013824821e-04,5.535589934879681095e-06,1.328569254837930202e-03,4.090758842778541293e-10,1.622129639144986868e-05,3.915626803063787520e-05,0.000000000000000000e+00,1.977212923520710319e-05,1.703105681372107938e-06,4.163658751110688172e-09
1.407299860147759318e-04,7.425903731927974150e-06,1.318919239565730095e-03,5.487685861282898259e-10,1.868846629804465920e-05,4.535557673079892993e-05,0.000000000000000000e+00,1.412163692293688655e-05,1.703105681372107938e-06,3.597180331382787699e-09
1.393351121805608273e-04,5.962192517472431064e-06,1.313378917984664440e-03,4.406014997293539182e-10,1.704087480902671814e-05,4.005383743788115680e-05,0.000000000000000000e+00,2.035023499047383666e-05,1.703105681372107938e-06,4.201489822719395306e-09
1.367686490993946791e-04,5.434097147372085601e-06,1.299521652981638908e-03,4.015756338571208062e-10,1.574301495566032827e-05,4.283615999156609178e-05,0.000000000000000000e+00,1.382395566906780005e-05,1.703105681372107938e-06,3.573457529881807204e-09
1.341365277767181396e-04,3.389660378161352128e-06,1.291907625272870064e-03,2.504933482860849381e-10,1.205980606755474582e-05,3.605411620810627937e-05,0.000000000000000000e+00,1.556094139232300222e-05,1.703105681372107938e-06,3.803822146153379435e-09
1.319915318163111806e-04,2.707455678319092840e-06,1.279854914173483849e-03,2.000789256495494328e-10,1.043517750076716766e-05,3.737125371117144823e-05,0.000000000000000000e+00,1.298579718422843143e-05,1.703105681372107938e-06,3.554164962338290934e-09
1.308169448748230934e-04,2.411469040453084745e-06,1.270372653380036354e-03,1.782057140742310253e-10,1.008864910545526072e-05,3.592231223592534661e-05,0.000000000000000000e+00,1.368201810691971332e-05,1.703105681372107938e-06,3.634292866649957432e-09
1.304919278481975198e-04,2.509407750039827079e-06,1.265229657292366028e-03,1.854433412384892677e-10,1.036960838973755017e-05,3.609895065892487764e-05,0.000000000000000000e+00,1.459554368921089917e-05,1.703105681372107938e-06,3.719788033151871787e-09
1.302481978200376034e-04,3.148222049276228063e-06,1.257834723219275475e-03,2.326512038575145880e-10,1.162100670626387000e-05,3.813111834460869431e-05,0.000000000000000000e+00,1.316492671321611851e-05,1.703105681372107938e-06,3.567065753884435253e-09
1.298070565098896623e-04,2.950846464955247939e-06,1.253179390914738178e-03,2.180653158045942064e-10,1.122707999456906691e-05,3.571287015802226961e-05,0.000000000000000000e+00,1.538275319035165012e-05,1.703105681372107938e-06,3.793210634484012189e-09
1.287362392758950591e-04,3.113947968813590705e-06,1.243000035174190998e-03,2.301183965602859871e-10,1.127061204897472635e-05,3.846791878459043801e-05,0.000000000000000000e+00,1.322282605542568490e-05,1.703105681372107938e-06,3.568429995937094645e-09
1.274127280339598656e-04,2.360743565077427775e-06,1.235700212419033051e-03,1.744571709316744546e-10,9.832175237534102052e-06,3.506571010802872479e-05,0.000000000000000000e+00,1.481973322370322421e-05,1.703105681372107938e-06,3.739403897640158903e-09
1.263273879885673523e-04,2.249344788651796989e-06,1.227274653501808643e-03,1.662248533262911110e-10,9.613359907234553248e-06,3.603022923925891519e-05,0.000000000000000000e+00,1.350579350400948897e-05,1.703105681372107938e-06,3.617313559800550138e-09
1.260076969629153609e-04,2.503263885955675505e-06,1.221981365233659744e-03,1.849893155325688099e-10,1.012892516882857308e-05,3.672022285172715783e-05,0.000000000000000000e+00,1.306301601289305836e-05,1.703105681372107938e-06,3.567440121088338856e-09
1.260474091395735741e-04,2.795190539472969249e-06,1.217514043673872948e-03,2.065624615799066532e-10,1.077519755199318752e-05,3.538326927809976041e-05,0.000000000000000000e+00,1.500815051258541644e-05,1.703105681372107938e-06,3.753551247598352347e-09
1.263442100025713444e-04,3.947925051761558279e-06,1.210811897180974483e-03,2.917486530140678269e-10,1.294849789701402187e-05,4.036578320665284991e-05,0.000000000000000000e+00,1.315099143539555371e-05,1.703105681372107938e-06,3.535348236383129006e-09
1.267176412511616945e-04,4.139071734243771061e-06,1.208439934998750687e-03,3.058742426009786186e-10,1.375921692670090124e-05,3.714669946930371225e-05,0.000000000000000000e+00,1.734579200274311006e-05,1.703105681372107938e-06,3.947060012166048182e-09
1.269658823730424047e-04,5.580712240771390498e-06,1.200191210955381393e-03,4.124104113767401714e-10,1.593305023561697453e-05,4.306592018110677600e-05,0.000000000000000000e+00,1.366042306472081691e-05,1.703105681372107938e-06,3.556933192427891299e-09
1.271157088922336698e-04,5.326226528268307447e-06,1.199194695800542831e-03,3.936040937624341041e-10,1.583007724548224360e-05,3.877401104546152055e-05,0.000000000000000000e+00,1.870015148597303778e-05,1.703105681372107938e-06,4.062873593113636161e-09
1.265900646103546023e-04,6.388843303284374997e-06,1.187698333524167538e-03,4.721306678945325075e-10,1.738917308102827519e-05,4.440961856744252145e-05,0.000000000000000000e+00,1.431390228390228003e-05,1.703105681372107938e-06,3.599847087087937325e-09
1.256660325452685356e-04,5.181202141102403402e-06,1.185769215226173401e-03,3.828868888611225429e-10,1.577487637405283749e-05,3.879866926581598818e-05,0.000000000000000000e+00,1.907899786601774395e-05,1.703105681372107938e-06,4.093196892540618137e-09
1.237834658240899444e-04,5.175757451070239767e-06,1.172527903690934181e-03,3.824845440369983862e-10,1.516712472948711365e-05,4.221659764880314469e-05,0.000000000000000000e+00,1.354911546513903886e-05,1.703105681372107938e-06,3.559206263048508845e-09
1.215565935126505792e-04,3.316245283713215031e-06,1.166203990578651428e-03,2.450680214316491856e-10,1.212596816912991926e-05,3.625424506026320159e-05,0.000000000000000000e+00,1.619947761355433613e-05,1.703105681372107938e-06,3.858701802528230473e-09
1.194915457745082676e-04,2.820883537424379028e-06,1.153882942162454128e-03,2.084611649966205960e-10,1.091537887987215072e-05,3.788037429330870509e-05,0.000000000000000000e+00,1.282365519728045911e-05,1.703105681372107938e-06,3.536521298030947946e-09
1.182175547000952065e-04,2.101877271343255416e-06,1.147454022429883480e-03,1.553271261611754994e-10,9.194477570417802781e-06,3.513862247928045690e-05,0.000000000000000000e+00,1.370275276713073254e-05,1.703105681372107938e-06,3.638950918372074739e-09
1.175802754005417228e-04,2.080674448734498583e-06,1.141483080573379993e-03,1.537602822843098238e-10,9.193750884151086211e-06,3.514742275001481175e-05,0.000000000000000000e+00,1.351288483419921249e-05,1.703105681372107938e-06,3.619432309420744787e-09
1.174921344500035048e-04,2.635452119648107328e-06,1.135868369601666927e-03,1.947579320038528294e-10,1.034502929542213678e-05,3.725854185177013278e-05,0.000000000000000000e+00,1.269842505280394107e-05,1.703105681372107938e-06,3.524973646307216768e-09
1.177876401925459504e-04,2.952096565422834828e-06,1.133071491494774818e-03,2.181577141158186350e-10,1.134936428570654243e-05,3.584618389140814543e-05,0.000000000000000000e+00,1.528394568595103920e-05,1.703105681372107938e-06,3.775951995521609206e-09
1.183233180199749768e-04,4.156808245170395821e-06,1.128684962168335915e-03,3.071849441482754628e-10,1.354641699435887858e-05,4.056583566125482321e-05,0.000000000000000000e+00,1.298014649364631623e-05,1.703105681372107938e-06,3.519233793269904709e-09
1.183662679977715015e-04,4.177901246293913573e-06,1.124841510318219662e-03,3.087437527860004138e-10,1.389053522871108726e-05,3.738430314115248621e-05,0.000000000000000000e+00,1.704215901554562151e-05,1.703105681372107938e-06,3.926980962631887451e-09
1.184143693535588682e-04,5.333078206604113802e-06,1.117562060244381428e-03,3.941104109728144067e-10,1.559488009661436081e-05,4.253344377502799034e-05,0.000000000000000000e+00,1.325084667769260705e-05,1.703105681372107938e-06,3.530067571588801911e-09
1.180310355266556144e-04,4.748755145556060597e-06,1.114784739911556244e-03,3.509294244086191839e-10,1.502576924394816160e-05,3.833770460914820433e-05,0.000000000000000000e+00,1.803803388611413538e-05,1.703105681372107938e-06,4.008346987660615923e-09
1.174540302599780262e-04,5.529904683498898521e-06,1.105847186408936977e-03,4.086557758853359701e-10,1.591953332535922527e-05,4.292123776394873857e-05,0.000000000000000000e+00,1.339411574008408934e-05,1.703105681372107938e-06,3.538699999694472353e-09
1.167465525213629007e-04,4.662988885684171692e-06,1.103421091102063656e-03,3.445913554500634746e-10,1.482338939240435138e-05,3.805890082730911672e-05,0.000000000000000000e+00,1.741454070725012571e-05,1.703105681372107938e-06,3.960861416629768428e-09
1.159001767518930137e-04,5.171389148017624393e-06,1.093893079087138176e-03,3.821617466925886220e-10,1.534550756332464516e-05,4.244211595505475998e-05,0.000000000000000000e+00,1.339482514595147222e-05,1.703105681372107938e-06,3.538528137170260379e-09
1.151086471509188414e-04,4.278096184862079099e-06,1.090744975954294205e-03,3.161480521818305078e-10,1.406203045917209238e-05,3.733792254934087396e-05,0.000000000000000000e+00,1.756048732204362750e-05,1.703105681372107938e-06,3.970368922523448418e-09
1.146054128184914589e-04,4.965228072251193225e-06,1.083400216884911060e-03,3.669266279704430644e-10,1.493385843787109479e-05,4.239991540089249611e-05,0.000000000000000000e+00,1.300160056416643783e-05,1.703105681372107938e-06,3.511798185584780185e-09
1.142711771535687149e-04,4.515963155427016318e-06,1.080156886018812656e-03,3.337262688418718426e-10,1.454376979381777346e-05,3.752770135179162025e-05,0.000000000000000000e+00,1.739528124744538218e-05,1.703105681372107938e-06,3.959243155549074800e-09
1.140606327680870891e-04,5.405786396295297891e-06,1.072939252480864525e-03,3.994834740783659299e-10,1.578033152327407151e-05,4.308817005949094892e-05,0.000000000000000000e+00,1.360916940029710531e-05,1.703105681372107938e-06,3.551033023185823367e-09
1.140813619713298976e-04,5.099009285913780332e-06,1.071240287274122238e-03,3.768129419601251584e-10,1.559856355015654117e-05,3.841758007183670998e-05,0.000000000000000000e+00,1.858313044067472219e-05,1.703105681372107938e-06,4.056215807679564023e-09
1.145580608863383532e-04,6.771165317331906408e-06,1.063898671418428421e-03,5.003840120032521099e-10,1.798437915567774326e-05,4.517719207797199488e-05,0.000000000000000000e+00,1.397028609062545002e-05,1.703105681372107938e-06,3.567075967936261804e-09
1.156635407824069262e-04,7.021222700132057071e-06,1.065976219251751900e-03,5.188630081143230655e-10,1.876470923889428377e-05,4.098721910850144923e-05,0.000000000000000000e+00,2.044691791525110602e-05,1.703105681372107938e-06,4.208324799748197620e-09
1.176426303572952747e-04,9.886351108434610069e-06,1.061634044162929058e-03,7.305938631851915943e-10,2.236765612906310707e-05,4.918075137538835406e-05,0.000000000000000000e+00,1.592874468769878149e-05,1.703105681372107938e-06,3.686778882183716632e-09
1.206429151352494955e-04,1.132452234742231667e-05,1.067580538801848888e-03,8.368736259534159672e-10,2.439669151499401778e-05,4.605879075825214386e-05,0.000000000000000000e+00,2.560333450674079359e-05,1.703105681372107938e-06,4.617011661878223094e-09
1.265942701138556004e-04,1.749241891957353801e-05,1.070945989340543747e-03,1.292676521380542454e-09,3.061723691644147038e-05,5.699158282368443906e-05,0.000000000000000000e+00,2.007246621360536665e-05,1.703105681372107938e-06,3.951846849759022007e-09
1.353218394797295332e-04,2.290785414515994489e-05,1.088181510567665100e-03,1.692873063952049506e-09,3.541240948834456503e-05,5.585165126831270754e-05,0.000000000000000000e+00,3.595833550207316875e-05,1.703105681372107938e-06,5.430307759013430768e-09
1.501690276199951768e-04,3.597447721404023468e-05,1.108907046727836132e-03,2.658486542017612919e-09,4.498087946558371186e-05,7.108761928975582123e-05,0.000000000000000000e+00,3.303841731394641101e-05,1.703105681372107938e-06,4.846970380611992368e-09
1.704247115412726998e-04,4.923898086417466402e-05,1.151166623458266258e-03,3.638723322652026582e-09,5.260467878542840481e-05,7.141691457945853472e-05,0.000000000000000000e+00,6.069061055313795805e-05,1.703105681372107938e-06,7.338242902221736585e-09
2.069335896521806717e-04,7.922579243313521147e-05,1.214275136590003967e-03,5.854725593223975011e-09,6.721106183249503374e-05,9.324471466243267059e-05,0.000000000000000000e+00,6.280289380811154842e-05,1.703105681372107938e-06,6.944703478950486897e-09
2.592001692391932011e-04,1.154018536908552051e-04,1.316396868787705898e-03,8.528110662098242756e-09,8.061122935032472014e-05,9.712325845612213016e-05,0.000000000000000000e+00,1.215863012475892901e-04,1.703105681372107938e-06,1.197393117990941391e-08
3.602674114517867565e-04,1.930213620653375983e-04,1.516570220701396465e-03,1.426413387406455513e-08,1.051976578310132027e-04,1.313125248998403549e-04,0.000000000000000000e+00,1.558903168188408017e-04,1.703105681372107938e-06,1.363311241675546626e-08
4.942053928971290588e-04,2.893684140872210264e-04,1.768195070326328278e-03,2.138410337693130714e-08,1.278019917663186789e-04,1.411447738064453006e-04,0.000000000000000000e+00,2.801750088110566139e-04,1.703105681372107938e-06,2.392103581883020524e-08
7.740619475953280926e-04,4.964157706126570702e-04,2.370982896536588669e-03,3.668474946039168572e-08,1.685284514678642154e-04,1.946723787114024162e-04,0.000000000000000000e+00,4.054784658364951611e-04,1.703105681372107938e-06,3.175204454919366981e-08
1.107059651985764503e-03,7.459960179403424263e-04,2.917571226134896278e-03,5.512854173161940707e-08,2.049907052423804998e-04,2.145360485883429646e-04,0.000000000000000000e+00,6.930646486580371857e-04,1.703105681372107938e-06,5.480322329276532400e-08
1.891794265247881413e-03,1.307631842792034149e-03,4.749766550958156586e-03,9.663300204465485876e-08,2.737820905167609453e-04,2.998842683155089617e-04,0.000000000000000000e+00,1.091857673600316048e-03,1.703105681372107938e-06,8.194015066464999109e-08
2.531284466385841370e-03,1.820442499592900276e-03,5.448372568935155869e-03,1.345293156873594853e-07,3.195512399543076754e-04,3.250866429880261421e-04,0.000000000000000000e+00,1.660047564655542374e-03,1.703105681372107938e-06,1.267790281644920469e-07
4.213985055685043335e-03,2.966012805700302124e-03,9.945212863385677338e-03,2.191861057099231402e-07,4.123756953049451113e-04,4.383952473290264606e-04,0.000000000000000000e+00,2.534512896090745926e-03,1.703105681372107938e-06,1.878105706509813899e-07
4.303406924009323120e-03,3.205647692084312439e-03,8.109214715659618378e-03,2.368949196807079716e-07,4.214851651340723038e-04,4.248631885275244713e-04,0.000000000000000000e+00,2.868375508114695549e-03,1.703105681372107938e-06,2.164776162771886447e-07
5.436015781015157700e-03,3.772958880290389061e-03,1.344320178031921387e-02,2.788188169233762892e-07,4.652313946280628443e-04,4.912326694466173649e-04,0.000000000000000000e+00,3.187366528436541557e-03,1.703105681372107938e-06,2.356761115152039565e-07
3.232353832572698593e-03,2.457928145304322243e-03,5.585894454270601273e-03,1.816390238218446029e-07,3.656880871858447790e-04,3.716291394084692001e-04,0.000000000000000000e+00,2.158364281058311462e-03,1.703105681372107938e-06,1.636018538420103141e-07
1.715039950795471668e-03,1.067150849848985672e-03,5.546062253415584564e-03,7.886163189141370822e-08,2.473285712767392397e-04,2.734270819928497076e-04,0.000000000000000000e+00,9.328281739726662636e-04,1.703105681372107938e-06,7.004521762610238511e-08
3.151799028273671865e-04,1.792804687283933163e-04,1.214528107084333897e-03,1.324869192131927775e-08,9.791054617380723357e-05,1.169621973531320691e-04,0.000000000000000000e+00,1.444660883862525225e-04,1.703105681372107938e-06,1.354140621856458893e-08
2.680624893400818110e-04,1.349548838334158063e-04,1.232028705999255180e-03,9.973065040469464293e-09,8.773388981353491545e-05,1.056172259268350899e-04,0.000000000000000000e+00,9.904734906740486622e-05,1.703105681372107938e-06,1.032576246728922342e-08
1.278526382520794868e-03,8.726211381144821644e-04,3.314572386443614960e-03,6.448604494835308287e-08,2.212930849054828286e-04,2.473207423463463783e-04,0.000000000000000000e+00,7.444801158271729946e-04,1.703105681372107938e-06,5.681535597545916971e-08
2.185310237109661102e-03,1.496036071330308914e-03,5.499210674315690994e-03,1.105559235270447971e-07,2.903564600273966789e-04,2.958511176984757185e-04,0.000000000000000000e+00,1.393531449139118195e-03,1.703105681372107938e-06,1.074683950719190761e-07
3.044813405722379684e-03,2.219802467152476311e-03,6.512884050607681274e-03,1.640417224280099617e-07,3.548091917764395475e-04,3.808139008469879627e-04,0.000000000000000000e+00,1.737224869430065155e-03,1.703105681372107938e-06,1.297802043609408429e-07
1.975069520995020866e-03,1.376288710162043571e-03,4.678113386034965515e-03,1.017067035036234302e-07,2.780422801151871681e-04,2.847380237653851509e-04,0.000000000000000000e+00,1.309693674556910992e-03,1.703105681372107938e-06,1.011312207310766098e-07
9.757148800417780876e-04,6.191220600157976151e-04,3.089506411924958229e-03,4.575264966888425988e-08,1.871781423687934875e-04,2.132318331860005856e-04,0.000000000000000000e+00,4.764212644658982754e-04,1.703105681372107938e-06,3.707544493636305560e-08
1.823595957830548286e-04,6.806792953284457326e-05,1.093536848202347755e-03,5.030167837816179599e-09,6.023554306011646986e-05,8.188316860469058156e-05,0.000000000000000000e+00,4.937989069730974734e-05,1.703105681372107938e-06,6.469708768719328873e-09
3.206455730833113194e-04,1.842391648096963763e-04,1.235244330018758774e-03,1.361513390918389632e-08,9.888622298603877425e-05,1.174794815597124398e-04,0.000000000000000000e+00,1.288195780944079161e-04,1.703105681372107938e-06,1.245948055839107838e-08
9.938371367752552032e-04,5.999067216180264950e-04,3.401863621547818184e-03,4.433264777503609366e-08,1.853880239650607109e-04,2.114757808158174157e-04,0.000000000000000000e+00,5.374400643631815910e-04,1.703105681372107938e-06,4.136674647270410787e-08
1.196281053125858307e-03,8.445793646387755871e-04,2.787606092169880867e-03,6.241376837579082348e-08,2.159238210879266262e-04,2.262554480694234371e-04,0.000000000000000000e+00,7.294107927009463310e-04,1.703105681372107938e-06,5.763276433867758897e-08
1.010329811833798885e-03,6.622718647122383118e-04,2.986091189086437225e-03,4.894139138400532829e-08,1.949016441358253360e-04,2.210181701229885221e-04,0.000000000000000000e+00,4.944882821291685104e-04,1.703105681372107938e-06,3.844635898531123530e-08
3.887744387611746788e-04,2.059670805465430021e-04,1.615241286344826221e-03,1.522080950167037372e-08,1.082775052054785192e-04,1.223306753672659397e-04,0.000000000000000000e+00,2.128322958014905453e-04,1.703105681372107938e-06,1.917818437391360931e-08
1.102562891901470721e-04,8.439280463790055364e-06,1.003991812467575073e-03,6.236565153194817412e-10,1.955603511305525899e-05,4.531292142928577960e-05,0.000000000000000000e+00,1.417823114024940878e-05,1.703105681372107938e-06,3.966887263118223927e-09
2.757755282800644636e-04,1.416309532942250371e-04,1.215797965414822102e-03,1.046641973090345346e-08,8.755667658988386393e-05,1.137692233896814287e-04,0.000000000000000000e+00,1.256479881703853607e-04,1.703105681372107938e-06,1.181184927645517746e-08
6.003303569741547108e-04,3.504048800095915794e-04,2.171560423448681831e-03,2.589465353253217472e-08,1.405617949785664678e-04,1.519452489446848631e-04,0.000000000000000000e+00,3.276944335084408522e-04,1.703105681372107938e-06,2.781006003260699799e-08
8.151957881636917591e-04,5.402477108873426914e-04,2.346756169572472572e-03,3.992389352447389683e-08,1.763212203513830900e-04,2.024660789174959064e-04,0.000000000000000000e+00,4.027242539450526237e-04,1.703105681372107938e-06,3.174798379745880084e-08
5.736858583986759186e-04,3.521768085192888975e-04,1.862609409727156162e-03,2.602559945330540359e-08,1.395670551573857665e-04,1.525010593468323350e-04,0.000000000000000000e+00,3.524810599628835917e-04,1.703105681372107938e-06,2.944538834981358377e-08
2.642299223225563765e-04,1.149734162027016282e-04,1.413279911503195763e-03,8.496448877792772691e-09,8.115753735182806849e-05,1.071737424354068935e-04,0.000000000000000000e+00,7.928483682917430997e-05,1.703105681372107938e-06,8.091211256555652653e-09
1.095988118322566152e-04,8.121829523588530719e-06,1.006112899631261826e-03,6.001970587199423335e-10,1.859795156633481383e-05,4.529074067249894142e-05,0.000000000000000000e+00,8.656875252199824899e-06,1.703105681372107938e-06,3.190524733298616411e-09
2.305305533809587359e-04,1.044861419359222054e-04,1.178628066554665565e-03,7.721446593222935917e-09,7.551888120360672474e-05,9.314809722127392888e-05,0.000000000000000000e+00,8.181593148037791252e-05,1.703105681372107938e-06,8.954367025637566258e-09
4.560982633847743273e-04,2.615507983136922121e-04,1.721431617625057697e-03,1.932840376639433089e-08,1.226517924806103110e-04,1.488928974140435457e-04,0.000000000000000000e+00,2.240430621895939112e-04,1.703105681372107938e-06,1.859188891728535964e-08
4.939081845805048943e-04,2.856604405678808689e-04,1.802193699404597282e-03,2.111008967631278210e-08,1.259293203474953771e-04,1.389037497574463487e-04,0.000000000000000000e+00,2.802838571369647980e-04,1.703105681372107938e-06,2.405083066037150274e-08
3.843451268039643764e-04,2.254674909636378288e-04,1.438685227185487747e-03,1.666187898763382691e-08,1.131250464823096991e-04,1.393782586092129350e-04,0.000000000000000000e+00,1.500911166658625007e-04,1.703105681372107938e-06,1.334953836362728907e-08
1.874771114671602845e-04,5.919396062381565571e-05,1.207813853397965431e-03,4.374389295236369435e-09,5.768366099800914526e-05,7.465472299372777343e-05,0.000000000000000000e+00,7.501764775952324271e-05,1.703105681372107938e-06,8.617414337663831247e-09
1.042940930346958339e-04,6.957770438020816073e-06,9.604183724150061607e-04,5.141739811698187168e-10,1.887392318167258054e-05,4.328235081629827619e-05,0.000000000000000000e+00,1.294481899094535038e-05,1.703105681372107938e-06,3.718245267236852669e-09
1.539645891170948744e-04,4.806129800272174180e-05,1.017254660837352276e-03,3.551693605885475336e-09,5.101552233099937439e-05,7.754269608994945884e-05,0.000000000000000000e+00,4.177824303042143583e-05,1.703105681372107938e-06,5.577722284044739354e-09
2.534810628276318312e-04,1.130258460761979222e-04,1.281692297197878361e-03,8.352524893950885598e-09,7.929308776510879397e-05,9.521546598989516497e-05,0.000000000000000000e+00,1.228598994202911854e-04,1.703105681372107938e-06,1.215041045554698940e-08
3.196207399014383554e-04,1.668473851168528199e-04,1.407290692441165447e-03,1.232989443877841040e-08,9.792603668756783009e-05,1.242033758899196982e-04,0.000000000000000000e+00,1.204430736834183335e-04,1.703105681372107938e-06,1.106617286694699942e-08
2.717819588724523783e-04,1.337217108812183142e-04,1.245998893864452839e-03,9.881935270072972344e-09,8.574256207793951035e-05,1.022433716570958495e-04,0.000000000000000000e+00,1.346037606708705425e-04,1.703105681372107938e-06,1.293864571039193834e-08
1.857242896221578121e-04,6.613682489842176437e-05,1.149466377682983875e-03,4.887461546587701378e-09,6.188199768075719476e-05,8.781587530393153429e-05,0.000000000000000000e+00,4.640821862267330289e-05,1.703105681372107938e-06,5.707340378080516530e-09
1.146876820712350309e-04,1.757640166033525020e-05,9.551587281748652458e-04,1.298882779110499541e-09,3.075450149481184781e-05,5.346247053239494562e-05,0.000000000000000000e+00,1.595407593413256109e-05,1.703105681372107938e-06,3.827222094798798935e-09
1.078981731552630663e-04,1.254898506886092946e-05,9.385296725668013096e-04,9.273605217074987195e-10,2.446065991534851491e-05,4.703498780145309865e-05,0.000000000000000000e+00,1.496218555985251442e-05,1.703105681372107938e-06,3.781825519411086134e-09
1.487098197685554624e-04,4.343469845480285585e-05,1.014381763525307178e-03,3.209791543667961378e-09,4.917265687254257500e-05,7.567607099190354347e-05,0.000000000000000000e+00,3.836954056168906391e-05,1.703105681372107938e-06,5.248766310472774421e-09
1.917699846671894193e-04,6.960959581192582846e-05,1.135560451075434685e-03,5.144096704157163913e-09,6.221490912139415741e-05,7.930186984594911337e-05,0.000000000000000000e+00,8.604345202911645174e-05,1.703105681372107938e-06,9.355817454093084962e-09
2.105383900925517082e-04,9.344303543912246823e-05,1.104164635762572289e-03,6.905369165366437301e-09,7.224442379083484411e-05,9.855310781858861446e-05,0.000000000000000000e+00,6.678896170342341065e-05,1.703105681372107938e-06,7.302241922246821559e-09
1.795066200429573655e-04,6.217519694473594427e-05,1.102524343878030777e-03,4.594699287707726398e-09,5.906974911340512335e-05,7.666396413696929812e-05,0.000000000000000000e+00,7.078998896759003401e-05,1.703105681372107938e-06,8.196360923307111079e-09
1.347881334368139505e-04,3.498008663882501423e-05,9.725904092192649841e-04,2.585001990240698433e-09,4.445122976903803647e-05,7.005143561400473118e-05,0.000000000000000000e+00,2.549007513152901083e-05,1.703105681372107938e-06,4.364094863262835133e-09
1.019028495647944510e-04,9.813079486775677651e-06,9.079176816157996655e-04,7.251791389606410121e-10,2.207718171121086925e-05,4.611683471011929214e-05,0.000000000000000000e+00,1.298004463023971766e-05,1.703105681372107938e-06,3.625038047516682127e-09
1.023389486363157630e-04,9.859509191301185638e-06,9.070649975910782814e-04,7.286102832182450584e-10,2.229597157565876842e-05,4.483900920604355633e-05,0.000000000000000000e+00,1.772931864252313972e-05,1.703105681372107938e-06,3.992020936038898071e-09
1.263800368178635836e-04,2.671551919775083661e-05,9.716752101667225361e-04,1.974256536030338793e-09,3.850712892017327249e-05,6.523740739794448018e-05,0.000000000000000000e+00,2.496999513823539019e-05,1.703105681372107938e-06,4.243667639514114853e-09
1.467895053792744875e-04,4.373654155642725527e-05,9.776271181181073189e-04,3.232097034455705398e-09,4.892067227046936750e-05,6.829881021985784173e-05,0.000000000000000000e+00,5.290246554068289697e-05,1.703105681372107938e-06,6.727746360013497906e-09
1.493470917921513319e-04,4.491928484640084207e-05,1.008510589599609375e-03,3.319500896381555322e-09,5.053017594036646187e-05,7.670991908526048064e-05,0.000000000000000000e+00,3.576748713385313749e-05,1.703105681372107938e-06,5.006793202255721553e-09
1.296750124311074615e-04,3.072015533689409494e-05,9.536378202028572559e-04,2.270196253206790971e-09,4.194349094177596271e-05,6.207649130374193192e-05,0.000000000000000000e+00,3.591077984310686588e-05,1.703105681372107938e-06,5.440503603182378356e-09
1.081585360225290060e-04,1.706634247966576368e-05,8.964669541455805302e-04,1.261189486179148389e-09,3.020626900251954794e-05,5.570566281676292419e-05,0.000000000000000000e+00,1.445499765395652503e-05,1.703105681372107938e-06,3.595770348141513750e-09
9.653429879108443856e-05,7.878518772486131638e-06,8.754745940677821636e-04,5.822166082580793045e-10,1.951716694748029113e-05,4.488565173232927918e-05,0.000000000000000000e+00,1.108324340748367831e-05,1.703105681372107938e-06,3.458476616202688092e-09
9.965465869754552841e-05,9.447138836549129337e-06,8.837877539917826653e-04,6.981364930602751429e-10,2.117745680152438581e-05,4.322935274103656411e-05,0.000000000000000000e+00,1.828737549658399075e-05,1.703105681372107938e-06,4.080990656518679316e-09
1.093657556339167058e-04,1.876316309790126979e-05,8.882366237230598927e-04,1.386583403650831769e-09,3.154933438054285944e-05,5.837786011397838593e-05,0.000000000000000000e+00,1.778937257768120617e-05,1.703105681372107938e-06,3.818386051790412239e-09
1.142333057941868901e-04,1.988439544220454991e-05,9.100042516365647316e-04,1.469441568424656452e-09,3.278220174252055585e-05,5.308931577019393444e-05,0.000000000000000000e+00,3.348480822751298547e-05,1.703105681372107938e-06,5.264849001207494439e-09
1.116628991439938545e-04,1.990810051211155951e-05,8.982511935755610466e-04,1.471193722402119874e-09,3.307740553282201290e-05,5.938930917182005942e-05,0.000000000000000000e+00,1.929669087985530496e-05,1.703105681372107938e-06,3.886547084164249100e-09
1.020595227601006627e-04,1.259213149751303717e-05,8.740880875848233700e-04,9.305489712119197065e-10,2.633737312862649560e-05,4.822725168196484447e-05,0.000000000000000000e+00,2.058590325759723783e-05,1.703105681372107938e-06,4.221597293962986441e-09
9.366712765768170357e-05,7.026281764410668984e-06,8.560321875847876072e-04,5.192368757178655869e-10,1.900376446428708732e-05,4.490848004934377968e-05,0.000000000000000000e+00,1.037624861055519432e-05,1.703105681372107938e-06,3.300986373133696361e-09
9.030769433593377471e-05,4.908795744995586574e-06,8.440392557531595230e-04,3.627562694674679733e-10,1.533461181679740548e-05,4.144485501456074417e-05,0.000000000000000000e+00,9.949719242285937071e-06,1.703105681372107938e-06,3.325498987294395192e-09
9.128755482379347086e-05,5.747711384174181148e-06,8.411041926592588425e-04,4.247515117405953333e-10,1.617620546312537044e-05,3.973908314947038889e-05,0.000000000000000000e+00,1.429423718946054578e-05,1.703105681372107938e-06,3.720991292865960531e-09
9.330111060990020633e-05,7.776709026074968278e-06,8.434271439909934998e-04,5.746929043759507749e-10,1.967175194295123219e-05,4.693506707553751767e-05,0.000000000000000000e+00,1.181678271677810699e-05,1.703105681372107938e-06,3.415185023669664588e-09
9.293131734011694789e-05,6.685020707664079964e-06,8.442295948043465614e-04,4.940179376689002311e-10,1.835766124713700265e-05,4.040392013848759234e-05,0.000000000000000000e+00,1.823338425310794264e-05,1.703105681372107938e-06,4.065284553433912151e-09
9.101627802010625601e-05,6.658997335762251168e-06,8.307093521580100060e-04,4.920948648567957662e-10,1.811348010960500687e-05,4.513479143497534096e-05,0.000000000000000000e+00,1.286339011130621657e-05,1.703105681372107938e-06,3.503778600588702830e-09
8.833749598124995828e-05,3.978963377448963001e-06,8.289995603263378143e-04,2.940423460273677847e-10,1.391495516145369038e-05,3.739305611816234887e-05,0.000000000000000000e+00,1.458578117308206856e-05,1.703105681372107938e-06,3.767768319562492252e-09
8.647733193356543779e-05,3.627051910370937549e-06,8.183441823348402977e-04,2.680363986318212710e-10,1.326394340139813721e-05,3.946809010813012719e-05,0.000000000000000000e+00,1.015863199427258223e-05,1.703105681372107938e-06,3.347874200088085672e-09
8.543954027118161321e-05,2.966386318803415634e-06,8.135625394061207771e-04,2.192137305012664683e-10,1.187888483400456607e-05,3.785582885029725730e-05,0.000000000000000000e+00,1.116896964958868921e-05,1.703105681372107938e-06,3.460224107243448088e-09
8.505336154485121369e-05,2.980926865348010324e-06,8.102047140710055828e-04,2.202882321000743104e-10,1.202502789965365082e-05,3.700203160406090319e-05,0.000000000000000000e+00,1.051965409715194255e-05,1.703105681372107938e-06,3.396614545181364520e-09
8.473644265905022621e-05,3.140599574180669151e-06,8.061541011556982994e-04,2.320879322059710148e-10,1.183346921607153490e-05,3.886186095769517124e-05,0.000000000000000000e+00,9.804265573620796204e-06,1.703105681372107938e-06,3.308895824005730901e-09
8.448366133961826563e-05,3.008575959029258229e-06,8.033838821575045586e-04,2.223315004323822563e-10,1.167484515463002026e-05,3.602258220780640841e-05,0.000000000000000000e+00,1.136693572334479541e-05,1.703105681372107938e-06,3.472438336871164211e-09
8.406364213442429900e-05,3.140043190796859562e-06,7.993728504516184330e-04,2.320468123206964606e-10,1.155317568191094324e-05,3.938319787266664207e-05,0.000000000000000000e+00,9.863158993539400399e-06,1.703105681372107938e-06,3.298521678019028514e-09
8.389339200221002102e-05,2.829779532476095483e-06,7.973350002430379391e-04,2.091185558050767668e-10,1.119454282161314040e-05,3.495473720249719918e-05,0.000000000000000000e+00,1.330113809672184289e-05,1.703105681372107938e-06,3.647068425038924033e-09
8.359502680832520127e-05,3.337508587719639763e-06,7.924469537101686001e-04,2.466393478339767853e-10,1.224138850375311449e-05,3.953383202315308154e-05,0.000000000000000000e+00,1.012819666357245296e-05,1.703105681372107938e-06,3.328029851701330699e-09
8.340222848346456885e-05,3.106308213318698108e-06,7.904535741545259953e-04,2.295538342744762872e-10,1.208133562613511458e-05,3.647695484687574208e-05,0.000000000000000000e+00,1.250565219379495829e-05,1.703105681372107938e-06,3.587438790475516726e-09
8.339962369063869119e-05,3.874335561704356223e-06,7.849275134503841400e-04,2.863104753281220383e-10,1.373143550154054537e-05,3.986285446444526315e-05,0.000000000000000000e+00,1.032529235089896247e-05,1.703105681372107938e-06,3.356057654002597701e-09
8.330294076586142182e-05,3.898196609952719882e-06,7.822471088729798794e-04,2.880737592914073275e-10,1.388457621942507103e-05,3.916570494766347110e-05,0.000000000000000000e+00,1.180032722913892940e-05,1.703105681372107938e-06,3.522303337888388342e-09
8.324662485392764211e-05,4.382359293231274933e-06,7.785501657053828239e-04,3.238530554838803255e-10,1.478996910009300336e-05,4.010845077573321760e-05,0.000000000000000000e+00,1.009250081551726907e-05,1.703105681372107938e-06,3.357442546203515121e-09
8.316713501699268818e-05,4.704772891273023561e-06,7.742350571788847446e-04,3.476790799705753443e-10,1.505276486568618566e-05,4.097290366189554334e-05,0.000000000000000000e+00,1.038854043144965544e-05,1.703105681372107938e-06,3.384960312047269326e-09
8.307022653752937913e-05,4.865457412961404771e-06,7.716516847722232342e-04,3.595536368639073999e-10,1.534178409201558679e-05,4.012847421108745039e-05,0.000000000000000000e+00,1.039606013364391401e-05,1.703105681372107938e-06,3.387056857206971472e-09
8.270776015706360340e-05,4.889203410129994154e-06,7.682910654693841934e-04,3.613084276210543067e-10,1.500445159763330594e-05,4.140827149967662990e-05,0.000000000000000000e+00,9.894522008835338056e-06,1.703105681372107938e-06,3.326985353879763352e-09
8.191503002308309078e-05,4.391381935420213267e-06,7.643853314220905304e-04,3.245197721657433476e-10,1.445785983378300443e-05,3.910148734576068819e-05,0.000000000000000000e+00,1.085114308807533234e-05,1.703105681372107938e-06,3.428818118322851660e-09
8.098674152279272676e-05,3.879144969687331468e-06,7.611436303704977036e-04,2.866658577183045509e-10,1.344640986644662917e-05,4.010821430711075664e-05,0.000000000000000000e+00,9.932256034517195076e-06,1.703105681372107938e-06,3.326160680217071786e-09
7.979887595865875483e-05,3.113229467999190092e-06,7.558625075034797192e-04,2.300653140219210968e-10,1.205901480716420338e-05,3.677882341435179114e-05,0.000000000000000000e+00,1.099395831261062995e-05,1.703105681372107938e-06,3.444905249949670178e-09
7.887223910074681044e-05,2.666795808181632310e-06,7.519464124925434589e-04,1.970741903001282935e-10,1.085358871932839975e-05,3.797005410888232291e-05,0.000000000000000000e+00,1.010799496725667268e-05,1.703105681372107938e-06,3.349080568426643367e-09
7.791620737407356501e-05,2.030915538853150792e-06,7.477645995095372200e-04,1.500831126044488428e-10,9.523352673568297178e-06,3.459804065641947091e-05,0.000000000000000000e+00,1.108828382712090388e-05,1.703105681372107938e-06,3.454639685429583551e-09
7.725536852376535535e-05,1.807352077776158694e-06,7.443348877131938934e-04,1.335619531639409274e-10,8.686897672305349261e-06,3.592532448237761855e-05,0.000000000000000000e+00,1.014520785247441381e-05,1.703105681372107938e-06,3.358680444875972171e-09
7.668101170565932989e-05,1.509731987425766420e-06,7.412054692395031452e-04,1.115680395291640536e-10,7.734269274806138128e-06,3.384701994946226478e-05,0.000000000000000000e+00,1.050727041729260236e-05,1.703105681372107938e-06,3.397768733037764832e-09
7.631838525412604213e-05,1.491176703893870581e-06,7.380723836831748486e-04,1.101968447048129462e-10,7.643225217179860920e-06,3.448378629400394857e-05,0.000000000000000000e+00,1.019968385662650689e-05,1.703105681372107938e-06,3.364552192408609699e-09
7.610316242789849639e-05,1.537464640932739712e-06,7.354505360126495361e-04,1.136174626603647653e-10,7.868871762184426188e-06,3.477816790109500289e-05,0.000000000000000000e+00,1.020645413518650457e-05,1.703105681372107938e-06,3.365132839050488656e-09
7.581150566693395376e-05,1.604554313416883815e-06,7.317336276173591614e-04,1.185753439880699034e-10,8.129919478960800916e-06,3.427162664593197405e-05,0.000000000000000000e+00,1.033583794196601957e-05,1.703105681372107938e-06,3.378895607752951946e-09
7.557168282801285386e-05,1.719908595987362787e-06,7.284378516487777233e-04,1.270999416824736272e-10,8.502869604853913188e-06,3.565171937225386500e-05,0.000000000000000000e+00,1.007992341328645125e-05,1.703105681372107938e-06,3.351480648561278031e-09
7.542512321379035711e-05,1.819496787902608048e-06,7.256472599692642689e-04,1.344594435792600962e-10,8.947953574534039944e-06,3.447662675171159208e-05,0.000000000000000000e+00,1.040895949699915946e-05,1.703105681372107938e-06,3.387234936980121347e-09
7.531640585511922836e-05,2.052328454738017172e-06,7.226466550491750240e-04,1.516655134814470784e-10,9.444946044823154807e-06,3.655824548332020640e-05,0.000000000000000000e+00,9.994103493227157742e-06,1.703105681372107938e-06,3.341396492828607734e-09
7.524748070864006877e-05,2.170303105231141672e-06,7.202234119176864624e-04,1.603837618269210452e-10,9.944987141352612525e-06,3.514596028253436089e-05,0.000000000000000000e+00,1.054839958669617772e-05,1.703105681372107938e-06,3.402690129661323226e-09
7.512841693824157119e-05,2.438892124700942077e-06,7.168776355683803558e-04,1.802322735500183626e-10,1.053838514053495601e-05,3.742587796295993030e-05,0.000000000000000000e+00,1.001764030661433935e-05,1.703105681372107938e-06,3.345312471481065586e-09
7.507231930503621697e-05,2.566526291047921404e-06,7.145183626562356949e-04,1.896643397891750737e-10,1.105229785025585443e-05,3.615464811446145177e-05,0.000000000000000000e+00,1.053949654306052253e-05,1.703105681372107938e-06,3.402352399817232254e-09
7.506940164603292942e-05,2.916225184890208766e-06,7.115161861293017864e-04,2.155068207221333410e-10,1.163888555311132222e-05,3.823732913588173687e-05,0.000000000000000000e+00,1.001555574475787580e-05,1.703105681372107938e-06,3.344153842732566773e-09
7.511726289521902800e-05,3.184481784046511166e-06,7.089686114341020584e-04,2.353308103941742502e-10,1.241801510332152247e-05,3.730906973942182958e-05,0.000000000000000000e+00,1.035911736835259944e-05,1.703105681372107938e-06,3.383606728135646335e-09
7.533717871410772204e-05,3.722157089214306325e-06,7.061970536597073078e-04,2.750645822224839776e-10,1.321157924394356087e-05,3.958721572416834533e-05,0.000000000000000000e+00,9.953121661965269595e-06,1.703105681372107938e-06,3.338438414601796467e-09
7.560513040516525507e-05,4.139323664276162162e-06,7.043771911412477493e-04,3.058928665922167056e-10,1.415730184817221016e-05,3.904169352608732879e-05,0.000000000000000000e+00,1.028088809107430279e-05,1.703105681372107938e-06,3.376826818168865429e-09
7.582178659504279494e-05,4.702904334408231080e-06,7.012389251030981541e-04,3.475410792486144373e-10,1.495338710810756311e-05,4.109185465495102108e-05,0.000000000000000000e+00,9.949871127901133150e-06,1.703105681372107938e-06,3.339172272021073695e-09
7.632073538843542337e-05,5.312980192684335634e-06,7.000030600465834141e-04,3.926252101216221035e-10,1.599801544216461480e-05,4.095364420209079981e-05,0.000000000000000000e+00,1.007454102364135906e-05,1.703105681372107938e-06,3.356320110725619088e-09
7.711571379331871867e-05,6.247676083148689941e-06,6.985478685237467289e-04,4.616985405103690709e-10,1.717029954306781292e-05,4.299396459828130901e-05,0.000000000000000000e+00,1.013247856462839991e-05,1.703105681372107938e-06,3.360359990267625108e-09
7.838968303985893726e-05,7.607607585669029504e-06,6.979623576626181602e-04,5.621964560553749379e-10,1.904899727378506213e-05,4.403789353091269732e-05,0.000000000000000000e+00,9.858329576672986150e-06,1.703105681372107938e-06,3.335017151329111584e-09
8.037428779061883688e-05,9.578548088029492646e-06,6.974813295528292656e-04,7.078475028343689246e-10,2.113520167768001556e-05,4.644651926355436444e-05,0.000000000000000000e+00,1.047599653247743845e-05,1.703105681372107938e-06,3.395031811237458896e-09
8.394803444389253855e-05,1.298497227253392339e-05,6.999598117545247078e-04,9.595796379713306123e-10,2.483279422449413687e-05,4.987303327652625740e-05,0.000000000000000000e+00,9.670786312199197710e-06,1.703105681372107938e-06,3.309242657678623800e-09
9.058099385583773255e-05,1.865160265879239887e-05,7.073792512528598309e-04,1.378339109514570282e-09,2.957727519969921559e-05,5.381797018344514072e-05,0.000000000000000000e+00,1.191462251881603152e-05,1.703105681372107938e-06,3.525364444811884823e-09
1.033751104841940105e-04,2.990399298141710460e-05,7.246336317621171474e-04,2.209882277171004716e-09,3.807545726886019111e-05,6.293746992014348507e-05,0.000000000000000000e+00,1.007758510240819305e-05,1.703105681372107938e-06,3.298633810544515654e-09
1.270458014914765954e-04,4.932555748382583261e-05,7.585845887660980225e-04,3.645121315898336434e-09,4.921327126794494689e-05,7.121499220374971628e-05,0.000000000000000000e+00,1.861789314716588706e-05,1.703105681372107938e-06,4.080344950807557325e-09
1.727531634969636798e-04,8.764027734287083149e-05,8.308924734592437744e-04,6.476550407086278938e-09,6.767737795598804951e-05,9.221790969604626298e-05,0.000000000000000000e+00,2.023629895120393485e-05,1.703105681372107938e-06,3.954228500191447893e-09
2.523643779568374157e-04,1.517987693659961224e-04,9.574322029948234558e-04,1.121781334489924120e-08,8.892691403161734343e-05,1.079774592653848231e-04,0.000000000000000000e+00,4.822398477699607611e-05,1.703105681372107938e-06,6.390404649891934241e-09
4.011979908682405949e-04,2.721954660955816507e-04,1.221408136188983917e-03,2.011504030008381960e-08,1.219644182128831744e-04,1.465215464122593403e-04,0.000000000000000000e+00,6.861680594738572836e-05,1.703105681372107938e-06,7.354900244394002584e-09
6.308644078671932220e-04,4.572297038976103067e-04,1.576907350681722164e-03,3.378892543537403981e-08,1.574699999764561653e-04,1.726119662635028362e-04,0.000000000000000000e+00,1.594392815604805946e-04,1.703105681372107938e-06,1.483411882219343170e-08
1.078755711205303669e-03,8.004554547369480133e-04,2.506241900846362114e-03,5.915304868153725693e-08,2.128074265783652663e-04,2.374244941165670753e-04,0.000000000000000000e+00,2.767595869954675436e-04,1.703105681372107938e-06,2.238729734926891979e-08
1.584701007232069969e-03,1.212186645716428757e-03,3.191189840435981750e-03,8.957967168043978745e-08,2.608090289868414402e-04,2.710726403165608644e-04,0.000000000000000000e+00,5.339538329280912876e-04,1.703105681372107938e-06,4.290778576887532836e-08
2.618422731757164001e-03,1.937494147568941116e-03,5.841665901243686676e-03,1.431793634765199386e-07,3.352627099957317114e-04,3.601806820370256901e-04,0.000000000000000000e+00,9.676197660155594349e-04,1.703105681372107938e-06,7.283530578661157051e-08
3.055566223338246346e-03,2.327511552721261978e-03,5.776716861873865128e-03,1.720013500516870408e-07,3.639536735136061907e-04,3.696381754707545042e-04,0.000000000000000000e+00,1.503829844295978546e-03,1.703105681372107938e-06,1.151639992258424172e-07
4.536446649581193924e-03,3.214403754100203514e-03,1.090236380696296692e-02,2.375419967393099796e-07,4.311770317144691944e-04,4.568069707602262497e-04,0.000000000000000000e+00,2.318065147846937180e-03,1.703105681372107938e-06,1.718858584354165941e-07
4.093891009688377380e-03,3.094514599069952965e-03,7.264913059771060944e-03,2.286822819996814360e-07,4.129542503505945206e-04,4.169391759205609560e-04,0.000000000000000000e+00,2.728849183768033981e-03,1.703105681372107938e-06,2.061381678686302621e-07
5.149519070982933044e-03,3.598934737965464592e-03,1.260775234550237656e-02,2.659585618403070839e-07,4.514849279075860977e-04,4.777928697876632214e-04,0.000000000000000000e+00,2.898091915994882584e-03,1.703105681372107938e-06,2.144163886441674549e-07
3.608876606449484825e-03,2.838679822161793709e-03,5.550654605031013489e-03,2.097762887842691271e-07,3.877280396409332752e-04,3.946579236071556807e-04,0.000000000000000000e+00,2.151314169168472290e-03,1.703105681372107938e-06,1.631736807894412777e-07
2.821780275553464890e-03,2.042652340605854988e-03,6.599287502467632294e-03,1.509504556906904327e-07,3.236485354136675596e-04,3.493961994536221027e-04,0.000000000000000000e+00,1.191991381347179413e-03,1.703105681372107938e-06,8.911448645676500746e-08
7.861168123781681061e-04,6.154745933599770069e-04,1.440107007510960102e-03,4.548310883478734468e-08,1.734863908495754004e-04,1.904362579807639122e-04,0.000000000000000000e+00,2.663149498403072357e-04,1.703105681372107938e-06,2.283664102264992835e-08
1.231859932886436582e-04,3.733248377102427185e-05,8.409461006522178650e-04,2.758842265748739919e-09,4.520864968071691692e-05,6.690943700959905982e-05,0.000000000000000000e+00,1.758911457727663219e-05,1.703105681372107938e-06,4.142915344118591747e-09
9.785145521163940430e-04,6.952897529117763042e-04,2.377448137849569321e-03,5.138139158589183353e-08,1.923320960486307740e-04,2.180927258450537920e-04,0.000000000000000000e+00,4.547994176391512156e-04,1.703105681372107938e-06,3.565144623962623882e-08
1.896882546134293079e-03,1.375204534269869328e-03,4.168848972767591476e-03,1.016265613884570485e-07,2.729732368607074022e-04,2.805186668410897255e-04,0.000000000000000000e+00,1.047930913046002388e-03,1.703105681372107938e-06,8.170889032044215128e-08
2.520528854802250862e-03,1.892880420200526714e-03,4.942616447806358337e-03,1.398824451825930737e-07,3.231317678000777960e-04,3.494038246572017670e-04,0.000000000000000000e+00,1.333867199718952179e-03,1.703105681372107938e-06,1.000951286300733045e-07
1.739690080285072327e-03,1.216020667925477028e-03,4.110265057533979416e-03,8.986300770175148500e-08,2.589509240351617336e-04,2.659729798324406147e-04,0.000000000000000000e+00,1.126429182477295399e-03,1.703105681372107938e-06,8.743175783365586540e-08
1.432454911991953850e-03,1.009029336273670197e-03,3.701222129166126251e-03,7.456650052972690901e-08,2.429900923743844032e-04,2.681363839656114578e-04,0.000000000000000000e+00,5.330329295247793198e-04,1.703105681372107938e-06,4.115594265385880135e-08
7.434203289449214935e-04,5.836530472151935101e-04,1.475459663197398186e-03,4.313151436008411110e-08,1.727182680042460561e-04,1.902799704112112522e-04,0.000000000000000000e+00,1.222128339577466249e-04,1.703105681372107938e-06,1.194248611113835068e-08
2.331321593374013901e-04,1.279067655559629202e-04,1.029532402753829956e-03,9.452212346161559253e-09,8.014064223971217871e-05,1.027141988743096590e-04,0.000000000000000000e+00,2.272146230097860098e-05,1.703105681372107938e-06,4.225765071197429279e-09
4.010981647297739983e-04,2.073113719234243035e-04,1.761623658239841461e-03,1.532015225791383273e-08,1.090572695829905570e-04,1.350186939816921949e-04,0.000000000000000000e+00,1.762440952006727457e-04,1.703105681372107938e-06,1.501397584036112676e-08
9.792725322768092155e-04,7.335712434723973274e-04,2.106748288497328758e-03,5.421036064490181161e-08,2.003232657443732023e-04,2.135617687599733472e-04,0.000000000000000000e+00,3.502647159621119499e-04,1.703105681372107938e-06,2.926491937671471533e-08
1.245447434484958649e-03,9.022443555295467377e-04,3.018786665052175522e-03,6.667517737923844834e-08,2.276667801197618246e-04,2.529792836867272854e-04,0.000000000000000000e+00,4.132439789827913046e-04,1.703105681372107938e-06,3.249747493327959091e-08
7.044196827337145805e-04,4.517528868746012449e-04,2.121510682627558708e-03,3.338419674037140794e-08,1.622017443878576159e-04,1.735704718157649040e-04,0.000000000000000000e+00,4.051573923788964748e-04,1.703105681372107938e-06,3.360354838832790847e-08
3.774974029511213303e-04,2.414639748167246580e-04,1.173177966848015785e-03,1.784400538440422679e-08,1.146911454270593822e-04,1.410000113537535071e-04,0.000000000000000000e+00,1.871562999440357089e-04,1.703105681372107938e-06,1.627452661523420829e-08
2.418950316496193409e-04,1.442696811864152551e-04,9.401891729794442654e-04,1.066142107930545535e-08,7.586216088384389877e-05,9.571816190145909786e-05,0.000000000000000000e+00,3.606428072089329362e-05,1.703105681372107938e-06,5.821580106868395887e-09
1.914205931825563312e-04,9.219230560120195150e-05,9.480348671786487103e-04,6.812941322209553618e-09,7.052089495118707418e-05,8.942290151026099920e-05,0.000000000000000000e+00,4.424795770319178700e-05,1.703105681372107938e-06,6.378741979062851897e-09
3.461711457930505276e-04,2.147340856026858091e-04,1.189584727399051189e-03,1.586868592085011187e-08,1.093664395739324391e-04,1.358931331196799874e-04,0.000000000000000000e+00,1.247859618160873652e-04,1.703105681372107938e-06,1.154603967989942248e-08
5.511671770364046097e-04,3.591583226807415485e-04,1.596069661900401115e-03,2.654152631009765173e-08,1.401197368977591395e-04,1.533741160528734326e-04,0.000000000000000000e+00,3.240189689677208662e-04,1.703105681372107938e-06,2.733168003032915294e-08
5.413521430455148220e-04,3.443509922362864017e-04,1.704054535366594791e-03,2.544727806252922164e-08,1.411012490279972553e-04,1.674850209383293986e-04,0.000000000000000000e+00,2.659572055563330650e-04,1.703105681372107938e-06,2.161848300374913379e-08
2.527146425563842058e-04,1.428622636012732983e-04,9.786805603653192520e-04,1.055741361000173129e-08,8.785934187471866608e-05,1.046974284690804780e-04,0.000000000000000000e+00,1.198430836666375399e-04,1.703105681372107938e-06,1.182507780583819113e-08
1.447171671316027641e-04,5.969877020106650889e-05,8.395258337259292603e-04,4.411694565220614095e-09,5.527764733415096998e-05,7.976416236488148570e-05,0.000000000000000000e+00,1.065807464328827336e-05,1.703105681372107938e-06,3.233269207925104638e-09
1.652718492550775409e-04,7.954027387313544750e-05,8.364023524336516857e-04,5.877965225664638638e-09,5.916520967730320990e-05,8.481433178531005979e-05,0.000000000000000000e+00,2.091331225528847426e-05,1.703105681372107938e-06,3.952308702537266072e-09
2.072321221930906177e-04,1.018000621115788817e-04,9.664413519203662872e-04,7.522947598204154929e-09,7.427929813275113702e-05,9.066394704859703779e-05,0.000000000000000000e+00,8.787921979092061520e-05,1.703105681372107938e-06,9.509257381523639197e-09
3.304810379631817341e-04,2.030528412433341146e-04,1.135082915425300598e-03,1.500545110388884495e-08,1.080376532627269626e-04,1.337782305199652910e-04,0.000000000000000000e+00,1.391989208059385419e-04,1.703105681372107938e-06,1.255268600175440952e-08
3.632621665019541979e-04,2.125948522007092834e-04,1.358113251626491547e-03,1.571059726757084718e-08,1.106141207856126130e-04,1.253106020158156753e-04,0.000000000000000000e+00,1.485598622821271420e-04,1.703105681372107938e-06,1.417629569289147184e-08
2.614855184219777584e-04,1.562186371302232146e-04,9.778033709153532982e-04,1.154443918238712286e-08,9.385323210153728724e-05,1.195354416267946362e-04,0.000000000000000000e+00,7.486557296942919493e-05,1.703105681372107938e-06,7.932976942015557142e-09
1.353232801193371415e-04,4.521738082985393703e-05,8.390416041947901249e-04,3.341530163680772603e-09,5.017530565964989364e-05,6.794525688746944070e-05,0.000000000000000000e+00,6.201733049238100648e-05,1.703105681372107938e-06,7.585267525200833916e-09
1.121247478295117617e-04,3.943907358916476369e-05,7.155560306273400784e-04,2.914517738261679369e-09,4.342065585660748184e-05,6.884604954393580556e-05,0.000000000000000000e+00,1.130072087107691914e-05,1.703105681372107938e-06,3.447275576107244888e-09
1.133295008912682533e-04,3.573788126232102513e-05,7.636601221747696400e-04,2.641002749825815954e-09,4.424520739121362567e-05,6.891584052937105298e-05,0.000000000000000000e+00,1.225604137289337814e-05,1.703105681372107938e-06,3.437852003074226559e-09
1.529749133624136448e-04,6.345050496747717261e-05,8.215812849812209606e-04,4.688944343911316537e-09,5.945538214291445911e-05,7.774175173835828900e-05,0.000000000000000000e+00,7.366284262388944626e-05,1.703105681372107938e-06,8.334186674119337113e-09
2.316960162715986371e-04,1.211841154145076871e-04,1.016171067021787167e-03,8.955414187994392705e-09,8.244654600275680423e-05,1.090318473870866001e-04,0.000000000000000000e+00,8.894789789337664843e-05,1.703105681372107938e-06,8.778091142858102103e-09
2.239816385554149747e-04,1.213461073348298669e-04,9.187010582536458969e-04,8.967385944913530693e-09,8.051103941397741437e-05,9.738506923895329237e-05,0.000000000000000000e+00,1.076543994713574648e-04,1.703105681372107938e-06,1.093900614534959459e-08
1.587197330081835389e-04,6.719856901327148080e-05,8.582144510000944138e-04,4.965923228184010441e-09,6.173681322252377868e-05,8.808095299173146486e-05,0.000000000000000000e+00,5.699707253370434046e-05,1.703105681372107938e-06,6.533285024090673687e-09
1.108829092117957771e-04,3.303732228232547641e-05,7.495895260944962502e-04,2.441433055722086465e-09,4.348034781287424266e-05,6.387571193045005202e-05,0.000000000000000000e+00,2.886635411414317787e-05,1.703105681372107938e-06,4.928161878581249766e-09
8.993257506517693400e-05,2.152621163986623287e-05,6.751683540642261505e-04,1.590770626336279747e-09,3.156689490424469113e-05,5.623216929961927235e-05,0.000000000000000000e+00,8.895323844626545906e-06,1.703105681372107938e-06,3.304670759263217406e-09
7.948919665068387985e-05,1.130912551161600277e-05,6.680042133666574955e-04,8.357357583754776442e-10,2.451847285556141287e-05,5.090759441372938454e-05,0.000000000000000000e+00,1.379654349875636399e-05,1.703105681372107938e-06,3.599426534606209316e-09
1.056850596796721220e-04,2.877633050957228988e-05,7.361369207501411438e-04,2.126549158987245391e-09,3.970805119024589658e-05,5.936920933891087770e-05,0.000000000000000000e+00,3.295030546723864973e-05,1.703105681372107938e-06,5.276040049295716017e-09
1.452553988201543689e-04,6.401027349056676030e-05,7.820087485015392303e-04,4.730310365630430169e-09,6.002147711114957929e-05,8.551852806704118848e-05,0.000000000000000000e+00,3.044246295758057386e-05,1.703105681372107938e-06,4.684148180444935861e-09
1.384440547553822398e-04,5.472674456541426480e-05,7.833149284124374390e-04,4.044264922953288988e-09,5.553864320972934365e-05,7.434079452650621533e-05,0.000000000000000000e+00,5.385810800362378359e-05,1.703105681372107938e-06,6.848911215939779140e-09
1.141895700129680336e-04,3.664384348667226732e-05,7.453032303601503372e-04,2.707952306835181844e-09,4.560704110190272331e-05,7.206909504020586610e-05,0.000000000000000000e+00,3.015396214323118329e-05,1.703105681372107938e-06,4.627243033183958687e-09
9.445887553738430142e-05,2.372079870838206261e-05,6.806730525568127632e-04,1.752949008171356127e-09,3.470265801297500730e-05,5.552590300794690847e-05,0.000000000000000000e+00,2.670769390533678234e-05,1.703105681372107938e-06,4.721749657932150512e-09
7.532820018241181970e-05,9.602708814782090485e-06,6.488962681032717228e-04,7.096329079914198701e-10,2.035926081589423120e-05,4.743033059639856219e-05,0.000000000000000000e+00,8.358635568583849818e-06,1.703105681372107938e-06,3.147065052999664658e-09
6.826815661042928696e-05,3.665839585664798506e-06,6.379480473697185516e-04,2.709028001923741158e-10,1.291263015446020290e-05,4.094495670869946480e-05,0.000000000000000000e+00,8.075155164988245815e-06,1.703105681372107938e-06,3.146739757653449487e-09
8.521184645360335708e-05,1.681197682046331465e-05,6.621266948059201241e-04,1.242392300149219864e-09,2.931362541858106852e-05,5.025690188631415367e-05,0.000000000000000000e+00,2.187205245718359947e-05,1.703105681372107938e-06,4.360362293454045357e-09
1.008275794447399676e-04,2.883062188629992306e-05,6.943294429220259190e-04,2.130561282953635782e-09,4.028573675896041095e-05,6.679375655949115753e-05,0.000000000000000000e+00,2.564011083450168371e-05,1.703105681372107938e-06,4.346858872850134503e-09
9.697653149487450719e-05,2.372031849517952651e-05,6.962468032725155354e-04,1.752913370012265659e-09,3.636501423898153007e-05,5.600059375865384936e-05,0.000000000000000000e+00,3.631530125858262181e-05,1.703105681372107938e-06,5.510768730232484813e-09
9.157840395346283913e-05,2.350416980334557593e-05,6.638736813329160213e-04,1.736940369312378607e-09,3.582215867936611176e-05,6.198660412337630987e-05,0.000000000000000000e+00,1.686858558969106525e-05,1.703105681372107938e-06,3.750013632952686748e-09
8.275530126411467791e-05,1.531896850792691112e-05,6.561814807355403900e-04,1.132060112318811207e-09,2.890702489821705967e-05,5.088514080853201449e-05,0.000000000000000000e+00,1.818185228330548853e-05,1.703105681372107938e-06,4.082737703470229462e-09
6.937724538147449493e-05,5.998408596497029066e-06,6.242041126824915409e-04,4.432778311080909361e-10,1.781450009730178863e-05,4.349629671196453273e-05,0.000000000000000000e+00,9.584242434357292950e-06,1.703105681372107938e-06,3.286669603141945117e-09
6.371829658746719360e-05,1.550217689327837434e-06,6.128735840320587158e-04,1.145599171081812528e-10,8.075261575868353248e-06,3.431089135119691491e-05,0.000000000000000000e+00,8.807162885204888880e-06,1.703105681372107938e-06,3.268414427992638593e-09
7.016122981440275908e-05,7.042938250378938392e-06,6.187913822941482067e-04,5.204677799852674980e-10,1.901088035083375871e-05,4.323785105952993035e-05,0.000000000000000000e+00,1.239156972587807104e-05,1.703105681372107938e-06,3.571317019890329902e-09
7.552154420409351587e-05,1.101548332371748984e-05,6.351592019200325012e-04,8.140359497588178783e-10,2.457726805005222559e-05,5.048428283771499991e-05,0.000000000000000000e+00,9.901408702717162669e-06,1.703105681372107938e-06,3.246837021464443751e-09
7.692167127970606089e-05,1.193847674585413188e-05,6.300817476585507393e-04,8.822443331446550019e-10,2.519763256714213639e-05,4.675004674936644733e-05,0.000000000000000000e+00,1.975018676603212953e-05,1.703105681372107938e-06,4.174032675052785635e-09
7.827045919839292765e-05,1.324350341747049242e-05,6.349253817461431026e-04,9.786849108905926187e-10,2.683285129023715854e-05,5.364117896533571184e-05,0.000000000000000000e+00,1.534419061499647796e-05,1.703105681372107938e-06,3.615728827455200189e-09
7.439564797095954418e-05,1.027009511744836345e-05,6.227491539902985096e-04,7.589522899031919678e-10,2.334965211048256606e-05,4.487442492973059416e-05,0.000000000000000000e+00,1.850642001954838634e-05,1.703105681372107938e-06,4.086702976024980671e-09
6.698653305647894740e-05,5.454965958051616326e-06,6.055627018213272095e-04,4.031178169050519955e-10,1.633274405321571976e-05,4.403544153319671750e-05,0.000000000000000000e+00,9.752964615472592413e-06,1.703105681372107938e-06,3.276996007883781203e-09
6.313061021501198411e-05,2.328564278286648914e-06,5.974107189103960991e-04,1.720791287240786005e-10,1.043745305651100352e-05,3.561536505003459752e-05,0.000000000000000000e+00,1.060972499544732273e-05,1.703105681372107938e-06,3.443023643967535463e-09
6.326739821815863252e-05,2.993041562149301171e-06,5.932363565079867840e-04,2.211834881915564210e-10,1.196219272969756275e-05,3.698759610415436327e-05,0.000000000000000000e+00,9.507167305855546147e-06,1.703105681372107938e-06,3.343151089296725331e-09
6.318515806924551725e-05,3.196707211827742867e-06,5.910557811148464680e-04,2.362342266248873557e-10,1.175042507384205237e-05,3.987446689279749990e-05,0.000000000000000000e+00,8.828706995700486004e-06,1.703105681372107938e-06,3.234938983354140873e-09
6.418741395464166999e-05,3.498644900901126675e-06,5.941960844211280346e-04,2.585472391736232112e-10,1.319141210842644796e-05,3.667183773359283805e-05,0.000000000000000000e+00,1.269157928618369624e-05,1.703105681372107938e-06,3.609726739739471668e-09
6.672245945082977414e-05,6.161672445159638301e-06,5.963215953670442104e-04,4.553429300280242842e-10,1.794636591512244195e-05,4.412579801282845438e-05,0.000000000000000000e+00,9.286337444791570306e-06,1.703105681372107938e-06,3.232992096258158199e-09
6.692613533232361078e-05,6.295994808169780299e-06,5.928262253291904926e-04,4.652692398021684994e-10,1.799858546291943640e-05,4.127627107664011419e-05,0.000000000000000000e+00,1.347522629657760262e-05,1.703105681372107938e-06,3.667372627802478746e-09
6.432150985347107053e-05,4.605285994330188259e-06,5.883317789994180202e-04,3.403271553459319421e-10,1.513495590188540518e-05,4.197863745503127575e-05,0.000000000000000000e+00,8.830484148347750306e-06,1.703105681372107938e-06,3.197532683074655324e-09
6.207895785337314010e-05,2.763995780696859583e-06,5.816692719236016273e-04,2.042571944915749782e-10,1.147209968621609733e-05,3.522441693348810077e-05,0.000000000000000000e+00,1.148035062215058133e-05,1.703105681372107938e-06,3.498756839803718321e-09
6.088906229706481099e-05,2.343709638807922602e-06,5.770037532784044743e-04,1.731983584329910286e-10,1.024353605316719040e-05,3.765373548958450556e-05,0.000000000000000000e+00,8.449735105386935174e-06,1.703105681372107938e-06,3.204663645561822705e-09
5.995445098960772157e-05,1.795971002138685435e-06,5.729097174480557442e-04,1.327208898338483323e-10,8.901678484107833356e-06,3.468907380010932684e-05,0.000000000000000000e+00,8.675040589878335595e-06,1.703105681372107938e-06,3.251974689533199125e-09
5.990031786495819688e-05,1.656820700191019569e-06,5.720836343243718147e-04,1.224377960129530152e-10,8.339085070474538952e-06,3.336705412948504090e-05,0.000000000000000000e+00,1.035136483551468700e-05,1.703105681372107938e-06,3.412700122495948563e-09
6.112333358032628894e-05,3.098655724897980690e-06,5.714218714274466038e-04,2.289883282990956559e-10,1.166813672170974314e-05,3.999600812676362693e-05,0.000000000000000000e+00,8.824879841995425522e-06,1.703105681372107938e-06,3.230273826204665966e-09
6.193781882757321000e-05,3.401736421437817626e-06,5.729933036491274834e-04,2.513857177977030233e-10,1.277087449125247076e-05,3.591296263039112091e-05,0.000000000000000000e+00,1.236749267263803631e-05,1.703105681372107938e-06,3.589898156519666372e-09
6.167516403365880251e-05,3.796110149778542109e-06,5.694883293472230434e-04,2.805296550612013107e-10,1.341458755632629618e-05,4.087964407517574728e-05,0.000000000000000000e+00,9.302229955210350454e-06,1.703105681372107938e-06,3.252222713356900385e-09
6.137334275990724564e-05,3.421790324864559807e-06,5.671741673722863197e-04,2.528677267576995291e-10,1.302840610151179135e-05,3.672246020869351923e-05,0.000000000000000000e+00,1.234133014804683626e-05,1.703105681372107938e-06,3.582331320473031155e-09
6.108429079176858068e-05,3.718653488249401562e-06,5.650408565998077393e-04,2.748056504575657755e-10,1.338777929049683735e-05,4.027687464258633554e-05,0.000000000000000000e+00,8.615479600848630071e-06,1.703105681372107938e-06,3.205337772982375100e-09
5.985919779050163925e-05,2.710921762627549469e-06,5.606169579550623894e-04,2.003350957346938799e-10,1.143737790698651224e-05,3.601141361286863685e-05,0.000000000000000000e+00,1.086580869014142081e-05,1.703105681372107938e-06,3.450638663693439412e-09
5.852362301084212959e-05,1.993540308831143193e-06,5.568563938140869141e-04,1.473211136415741862e-10,9.104847777052782476e-06,3.674636900541372597e-05,0.000000000000000000e+00,8.444449122180230916e-06,1.703105681372107938e-06,3.203184828493021996e-09
5.777897968073375523e-05,1.474483610763854813e-06,5.534671363420784473e-04,1.089632134521067997e-10,7.752865712973289192e-06,3.291873872512951493e-05,0.000000000000000000e+00,9.577815035299863666e-06,1.703105681372107938e-06,3.338780141248776090e-09
5.733570287702605128e-05,1.425058144377544522e-06,5.504811997525393963e-04,1.053107254178620167e-10,7.617180017405189574e-06,3.524943531374447048e-05,0.000000000000000000e+00,8.625260306871496141e-06,1.703105681372107938e-06,3.243393331686661440e-09
5.704679279006086290e-05,1.400005317009345163e-06,5.479569663293659687e-04,1.034593452575727213e-10,7.534456926805432886e-06,3.489954906399361789e-05,0.000000000000000000e+00,8.510860425303690135e-06,1.703105681372107938e-06,3.230523848429811551e-09
5.732698264182545245e-05,1.586793587193824351e-06,5.476529477164149284e-04,1.172628383283580433e-10,8.072860509855672717e-06,3.302879486000165343e-05,0.000000000000000000e+00,9.748941010911948979e-06,1.703105681372107938e-06,3.356765310158493776e-09
5.801002407679334283e-05,2.465102625137660652e-06,5.467885057441890240e-04,1.821692102721428341e-10,1.032442287396406755e-05,3.838573684333823621e-05,0.000000000000000000e+00,8.660716048325411975e-06,1.703105681372107938e-06,3.211807708680680662e-09
5.876777140656486154e-05,2.780823251669062302e-06,5.478840903379023075e-04,2.055007414236698082e-10,1.155138306785374880e-05,3.506858047330752015e-05,0.000000000000000000e+00,1.198538484459277242e-05,1.703105681372107938e-06,3.547621307831150261e-09
5.934461660217493773e-05,3.827994532912271097e-06,5.463585839606821537e-04,2.828858813863632804e-10,1.346725639450596645e-05,4.104789695702493191e-05,0.000000000000000000e+00,8.807621270534582436e-06,1.703105681372107938e-06,3.208138421584294520e-09
6.010217475704848766e-05,4.076482127857161686e-06,5.472957273013889790e-04,3.012489424580877539e-10,1.434733803762355819e-05,3.760641993721947074e-05,0.000000000000000000e+00,1.296118352911435068e-05,1.703105681372107938e-06,3.630381328889598080e-09
6.075289638829417527e-05,5.125382358528440818e-06,5.467837909236550331e-04,3.787618829687033895e-10,1.617460293346084654e-05,4.287465344532392919e-05,0.000000000000000000e+00,9.491335731581784785e-06,1.703105681372107938e-06,3.247508040260527196e-09
6.042475433787330985e-05,4.641731266019633040e-06,5.445692804642021656e-04,3.430204453813701093e-10,1.555188828206155449e-05,3.870064028888009489e-05,0.000000000000000000e+00,1.326094843534519896e-05,1.703105681372107938e-06,3.653656488467049712e-09
5.939346738159656525e-05,4.427034582477062941e-06,5.402768147177994251e-04,3.271545256922081535e-10,1.472881285735638812e-05,4.201660703984089196e-05,0.000000000000000000e+00,9.387516911374405026e-06,1.703105681372107938e-06,3.240179458074976537e-09
5.804349348181858659e-05,3.138436795779853128e-06,5.366964614950120449e-04,2.319281017237884157e-10,1.236543448612792417e-05,3.572913556126877666e-05,0.000000000000000000e+00,1.235410672961734235e-05,1.703105681372107938e-06,3.577788731945474865e-09
5.666463766829110682e-05,2.676616077224025503e-06,5.312904249876737595e-04,1.977999014579623349e-10,1.089054967451374978e-05,3.896606358466669917e-05,0.000000000000000000e+00,8.589785466028843075e-06,1.703105681372107938e-06,3.204287724045684627e-09
5.551732101594097912e-05,1.652174205446499400e-06,5.285152001306414604e-04,1.220944456647998777e-10,8.342673027073033154e-06,3.312432090751826763e-05,0.000000000000000000e+00,1.013628298096591607e-05,1.703105681372107938e-06,3.389915237406171400e-09
5.468320523505099118e-05,1.399067855345492717e-06,5.244480562396347523e-04,1.033900534630483037e-10,7.373672360699856654e-06,3.531642505549825728e-05,0.000000000000000000e+00,8.393297321163117886e-06,1.703105681372107938e-06,3.215082644558719949e-09
5.434720151242800057e-05,1.209687297887285240e-06,5.225799395702779293e-04,8.939497753157610305e-11,6.986415428400505334e-06,3.373203435330651700e-05,0.000000000000000000e+00,8.795218491286505014e-06,1.703105681372107938e-06,3.263497472261178700e-09
5.413791586761362851e-05,1.196797938973759301e-06,5.206572241149842739e-04,8.844246862649285390e-11,6.857788321212865412e-06,3.342198033351451159e-05,0.000000000000000000e+00,8.753952897677663714e-06,1.703105681372107938e-06,3.259619463236163028e-09
5.392386447056196630e-05,1.244145778400707059e-06,5.183391622267663479e-04,9.194141975532588162e-11,6.934363682375987992e-06,3.468597424216568470e-05,0.000000000000000000e+00,8.458018783130683005e-06,1.703105681372107938e-06,3.226675815426460758e-09
5.399854853749275208e-05,1.291366629629919771e-06,5.175899714231491089e-04,9.543101031628253850e-11,7.206607733678538352e-06,3.307619772385805845e-05,0.000000000000000000e+00,9.481833330937661231e-06,1.703105681372107938e-06,3.328962439042015831e-09
5.415908526629209518e-05,1.708277977741090581e-06,5.162407760508358479e-04,1.262404486501722545e-10,8.349268682650290430e-06,3.608319093473255634e-05,0.000000000000000000e+00,8.267280463769566268e-06,1.703105681372107938e-06,3.193913800103587164e-09
5.449015588965266943e-05,1.889237069008231629e-06,5.160697619430720806e-04,1.396131821262969197e-10,9.169460099656134844e-06,3.406878022360615432e-05,0.000000000000000000e+00,9.939380106516182423e-06,1.703105681372107938e-06,3.372398582612845530e-09
5.487103044288232923e-05,2.576375891294446774e-06,5.145627073943614960e-04,1.903922436374827498e-10,1.068503479473292828e-05,3.835350435110740364e-05,0.000000000000000000e+00,8.383824024349451065e-06,1.703105681372107938e-06,3.190364417093860538e-09
5.548988337977789342e-05,2.771486151686985977e-06,5.154987447895109653e-04,2.048107378138652734e-10,1.153637094830628484e-05,3.530479807523079216e-05,0.000000000000000000e+00,1.168524067907128483e-05,1.703105681372107938e-06,3.522216740492467579e-09
5.647231591865420341e-05,4.041181909997249022e-06,5.152567755430936813e-04,2.986402791727016393e-10,1.397433516103774309e-05,4.143771366216242313e-05,0.000000000000000000e+00,9.054525435203686357e-06,1.703105681372107938e-06,3.218449506903198198e-09
5.825613698107190430e-05,5.031746241002110764e-06,5.181519081816077232e-04,3.718421959231221763e-10,1.606036676093935966e-05,3.874704270856454968e-05,0.000000000000000000e+00,1.409200649504782632e-05,1.703105681372107938e-06,3.723000574495927140e-09
6.159532495075836778e-05,8.202645403798669577e-06,5.226422799751162529e-04,6.061692814363084381e-10,2.076808596029877663e-05,4.761005402542650700e-05,0.000000000000000000e+00,1.128452095144893974e-05,1.703105681372107938e-06,3.345511867536288264e-09
6.740180106135085225e-05,1.182772848551394418e-05,5.347625701688230038e-04,8.740601575851769667e-10,2.540914829296525568e-05,4.672789509641006589e-05,0.000000000000000000e+00,2.097812284773681313e-05,1.703105681372107938e-06,4.276212717257976692e-09
7.806916255503892899e-05,2.079537262034136802e-05,5.537990364246070385e-04,1.536762272991154532e-09,3.399845445528626442e-05,6.040341759216971695e-05,0.000000000000000000e+00,1.893885200843214989e-05,1.703105681372107938e-06,3.852571595075460209e-09
9.604640217730775476e-05,3.289193773525767028e-05,5.912077031098306179e-04,2.430689649557393750e-09,4.283675662009045482e-05,6.228259007912129164e-05,0.000000000000000000e+00,4.033693403471261263e-05,1.703105681372107938e-06,5.791915391739621555e-09
1.298724528169259429e-04,5.930715269641950727e-05,6.598984473384916782e-04,4.382753715503895364e-09,5.815149415866471827e-05,8.449499728158116341e-05,0.000000000000000000e+00,4.575449929689057171e-05,1.703105681372107938e-06,5.718765017093119241e-09
1.816684962250292301e-04,9.602320642443373799e-05,7.611081236973404884e-04,7.096041532150820785e-09,7.324549369513988495e-05,9.006929758470505476e-05,0.000000000000000000e+00,9.534465789329260588e-05,1.703105681372107938e-06,9.999583383546450932e-09
2.800337970256805420e-04,1.702794252196326852e-04,9.703595424070954323e-04,1.258352000377271906e-08,9.832481737248599529e-05,1.246280880877748132e-04,0.000000000000000000e+00,1.271842920687049627e-04,1.703105681372107938e-06,1.154381212842281457e-08
4.133669426664710045e-04,2.669027016963809729e-04,1.221140497364103794e-03,1.972390606397311785e-08,1.225243904627859592e-04,1.359119924018159509e-04,0.000000000000000000e+00,2.435017959214746952e-04,1.703105681372107938e-06,2.118336084322436363e-08
6.885376060381531715e-04,4.670212510973215103e-04,1.848702668212354183e-03,3.451251728847637423e-08,1.635864609852433205e-04,1.898013433674350381e-04,0.000000000000000000e+00,3.664608811959624290e-04,1.703105681372107938e-06,2.890611661143793754e-08
1.023860531859099865e-03,7.214706274680793285e-04,2.398344920948147774e-03,5.331613905923404673e-08,2.013486955547705293e-04,2.106437459588050842e-04,0.000000000000000000e+00,6.255543557927012444e-04,1.703105681372107938e-06,4.977742307232801977e-08
1.834206515923142433e-03,1.297012087889015675e-03,4.359431099146604538e-03,9.584820048758047051e-08,2.721181081142276525e-04,2.982467121910303831e-04,0.000000000000000000e+00,1.012512482702732086e-03,1.703105681372107938e-06,7.611394892137468560e-08
2.555341226980090141e-03,1.875965972431004047e-03,5.206601694226264954e-03,1.386324584018439054e-07,3.244460385758429766e-04,3.293210465926676989e-04,0.000000000000000000e+00,1.587150502018630505e-03,1.703105681372107938e-06,1.213845877146013663e-07
4.532700404524803162e-03,3.216556506231427193e-03,1.059683505445718765e-02,2.377010872578466660e-07,4.292007070034742355e-04,4.552250029519200325e-04,0.000000000000000000e+00,2.564600436016917229e-03,1.703105681372107938e-06,1.900034192203747807e-07
4.690043162554502487e-03,3.545016516000032425e-03,8.469779975712299347e-03,2.619740371301304549e-07,4.425230144988745451e-04,4.448812687769532204e-04,0.000000000000000000e+00,2.980490215122699738e-03,1.703105681372107938e-06,2.248298471840826096e-07
6.307553034275770187e-03,4.393271170556545258e-03,1.565434224903583527e-02,3.246594246775202919e-07,5.015661590732634068e-04,5.275629810057580471e-04,0.000000000000000000e+00,3.488478250801563263e-03,1.703105681372107938e-06,2.578001101483096136e-07
3.714804304763674736e-03,2.898120554164052010e-03,5.791334435343742371e-03,2.141689208201569272e-07,3.959823516197502613e-04,4.009889089502394199e-04,0.000000000000000000e+00,2.375503536313772202e-03,1.703105681372107938e-06,1.797502875433565350e-07
2.067262306809425354e-03,1.305746729485690594e-03,6.540128961205482483e-03,9.649369303588173352e-08,2.728905528783798218e-04,2.989822241943329573e-04,0.000000000000000000e+00,1.075026346370577812e-03,1.703105681372107938e-06,8.044076338364902767e-08
3.621020587161183357e-04,2.607536443974822760e-04,8.250809041783213615e-04,1.926949444452930038e-08,1.179857717943377793e-04,1.365131756756454706e-04,0.000000000000000000e+00,1.884030207293108106e-04,1.703105681372107938e-06,1.685980066667980282e-08
2.085481683025136590e-04,1.288028433918952942e-04,7.206741720438003540e-04,9.518432264599141490e-09,8.524805889464914799e-05,1.040253046085126698e-04,0.000000000000000000e+00,7.677893154323101044e-05,1.703105681372107938e-06,8.685761443416595284e-09
1.292129512876272202e-03,8.990462520159780979e-04,3.174182027578353882e-03,6.643883665446992381e-08,2.243823255412280560e-04,2.504131989553570747e-04,0.000000000000000000e+00,7.566509884782135487e-04,1.703105681372107938e-06,5.777975431442428089e-08
2.327062422409653664e-03,1.630785409361124039e-03,5.526965484023094177e-03,1.205138033810726483e-07,3.028057399205863476e-04,3.074581327382475138e-04,0.000000000000000000e+00,1.435803133063018322e-03,1.703105681372107938e-06,1.107492551000177627e-07
3.445115638896822929e-03,2.557378495112061501e-03,7.058160845190286636e-03,1.889883094463584712e-07,3.801153507083654404e-04,4.061135987285524607e-04,0.000000000000000000e+00,1.819210126996040344e-03,1.703105681372107938e-06,1.358916108529228950e-07
2.265522954985499382e-03,1.614884706214070320e-03,5.044598598033189774e-03,1.193387504372367403e-07,3.011406224686652422e-04,3.065763157792389393e-04,0.000000000000000000e+00,1.461783889681100845e-03,1.703105681372107938e-06,1.125534794255145243e-07
1.198394922539591789e-03,8.075209334492683411e-04,3.313595661893486977e-03,5.967518035276953015e-08,2.136039547622203827e-04,2.396115014562383294e-04,0.000000000000000000e+00,5.951446946710348129e-04,1.703105681372107938e-06,4.578387091669355868e-08
1.913173036882653832e-04,1.147747534560039639e-04,6.974423304200172424e-04,8.481767288515129621e-09,7.895761518739163876e-05,9.902897727442905307e-05,0.000000000000000000e+00,6.798322283430024981e-05,1.703105681372107938e-06,7.899100040731354966e-09
2.613775141071528196e-04,1.745735207805410028e-04,7.626417209394276142e-04,1.290085194227685861e-08,9.604904334992170334e-05,1.153906341642141342e-04,0.000000000000000000e+00,1.053979358403012156e-04,1.703105681372107938e-06,1.063394261535677288e-08
1.039140392094850540e-03,6.464234320446848869e-04,3.403654787689447403e-03,4.777020023993827635e-08,1.920780196087434888e-04,2.181159507017582655e-04,0.000000000000000000e+00,5.235144635662436485e-04,1.703105681372107938e-06,4.028339972705907712e-08
1.341527560725808144e-03,1.004345365799963474e-03,2.590884920209646225e-03,7.422035963600137620e-08,2.344729000469669700e-04,2.442290424369275570e-04,0.000000000000000000e+00,7.809369126334786415e-04,1.703105681372107938e-06,6.145828734815950156e-08
1.220367383211851120e-03,8.357719634659588337e-04,3.253387752920389175e-03,6.176291833526192931e-08,2.190052327932789922e-04,2.451135078445076942e-04,0.000000000000000000e+00,5.925666191615164280e-04,1.703105681372107938e-06,4.559996114039677195e-08
4.633679054677486420e-04,2.944342559203505516e-04,1.414390397258102894e-03,2.175846880447807052e-08,1.296832633670419455e-04,1.424295478500425816e-04,0.000000000000000000e+00,2.749462146311998367e-04,1.703105681372107938e-06,2.389335662655867054e-08
7.496676698792725801e-05,1.653442996030207723e-05,5.661082686856389046e-04,1.221881817947689797e-09,2.706853047129698098e-05,5.435838102130219340e-05,0.000000000000000000e+00,1.821506157284602523e-05,1.703105681372107938e-06,4.252778573743398738e-09
2.182198222726583481e-04,1.326829515164718032e-04,7.495215395465493202e-04,9.805170009258290520e-09,8.397823694394901395e-05,1.101664965972304344e-04,0.000000000000000000e+00,1.058470952557399869e-04,1.703105681372107938e-06,1.046783992819655396e-08
6.062480388209223747e-04,3.800060367211699486e-04,1.928259269334375858e-03,2.808215882055264956e-08,1.465410314267501235e-04,1.572039182065054774e-04,0.000000000000000000e+00,3.341606934554874897e-04,1.703105681372107938e-06,2.839364832141200168e-08
8.921268163248896599e-04,6.357769016176462173e-04,2.128372667357325554e-03,4.698343047948583262e-08,1.911065919557586312e-04,2.172807289753109217e-04,0.000000000000000000e+00,4.351268580649048090e-04,1.703105681372107938e-06,3.417656913029532006e-08
6.137681775726377964e-04,4.106461128685623407e-04,1.647072611376643181e-03,3.034643469845832442e-08,1.503948442405089736e-04,1.623055723030120134e-04,0.000000000000000000e+00,3.841480938717722893e-04,1.703105681372107938e-06,3.188522512687086419e-08
2.514662046451121569e-04,1.367635850328952074e-04,1.056717243045568466e-03,1.010672612267171644e-08,8.778957271715626121e-05,1.141424945672042668e-04,0.000000000000000000e+00,9.030877845361828804e-05,1.703105681372107938e-06,8.893498382178677275e-09
6.524037598865106702e-05,7.048634415696142241e-06,5.752983852289617062e-04,5.208887210450541261e-10,1.663859984546434134e-05,4.286938201403245330e-05,0.000000000000000000e+00,6.618990482820663601e-06,1.703105681372107938e-06,3.042441409917273631e-09
2.070979389827698469e-04,1.209965557791292667e-04,7.762068998999893665e-04,8.941554163754972251e-09,8.100380364339798689e-05,9.829793998505920172e-05,0.000000000000000000e+00,8.480688848067075014e-05,1.703105681372107938e-06,9.171548853714739380e-09
4.566901770886033773e-04,2.890772884711623192e-04,1.446483656764030457e-03,2.136259347196300951e-08,1.291261432925239205e-04,1.553664624225348234e-04,0.000000000000000000e+00,2.296451275469735265e-04,1.703105681372107938e-06,1.897509704917865747e-08
4.610974865499883890e-04,2.956020471174269915e-04,1.389669720083475113e-03,2.184476421973613469e-08,1.275884569622576237e-04,1.405475486535578966e-04,0.000000000000000000e+00,2.652845578268170357e-04,1.703105681372107938e-06,2.293485579230036819e-08
3.104347269982099533e-04,1.998076913878321648e-04,9.805017616599798203e-04,1.476563848967771264e-08,1.068834681063890457e-04,1.331716048298403621e-04,0.000000000000000000e+00,1.257687399629503489e-04,1.703105681372107938e-06,1.161159612905748872e-08
1.101361485780216753e-04,3.419851782382465899e-05,7.112363236956298351e-04,2.527244635786018989e-09,4.404949140734970570e-05,6.180610216688364744e-05,0.000000000000000000e+00,4.814002386410720646e-05,1.703105681372107938e-06,6.602458135773758841e-09
6.347637099679559469e-05,4.439333679329138249e-06,5.739415064454078674e-04,3.280633542601663066e-10,1.493904983362881467e-05,3.650509461294859648e-05,0.000000000000000000e+00,1.642890492803417146e-05,1.703105681372107938e-06,4.108716034068038425e-09
1.690999488346278667e-04,9.298685472458600998e-05,6.935536512173712254e-04,6.871657909357509197e-09,7.192490011220797896e-05,9.829253394855186343e-05,0.000000000000000000e+00,6.757739174645394087e-05,1.703105681372107938e-06,7.456584683041000972e-09
2.760105417110025883e-04,1.578685187269002199e-04,1.027672318741679192e-03,1.166636387495145755e-08,9.391304047312587500e-05,1.086022166418842971e-04,0.000000000000000000e+00,1.537480857223272324e-04,1.703105681372107938e-06,1.454818843171779008e-08
2.863149275071918964e-04,1.731908268993720412e-04,1.021289848722517490e-03,1.279867056780403800e-08,1.002019416773691773e-04,1.264476595679298043e-04,0.000000000000000000e+00,1.099510263884440064e-04,1.703105681372107938e-06,1.032904251019317599e-08
1.706434995867311954e-04,8.951850759331136942e-05,7.227876340039074421e-04,6.615349601446496308e-09,7.003440259722992778e-05,8.765386155573651195e-05,0.000000000000000000e+00,8.846227137837558985e-05,1.703105681372107938e-06,9.451749605204895488e-09
7.355015259236097336e-05,1.347638408333295956e-05,5.870887544006109238e-04,9.958945890176096327e-10,2.659433448570780456e-05,5.348033664631657302e-05,0.000000000000000000e+00,1.364892887067981064e-05,1.703105681372107938e-06,3.417192750987396721e-09
6.357452366501092911e-05,7.112005278031574562e-06,5.545468884520232677e-04,5.255717527852254989e-10,1.908455124066676944e-05,4.531739250523969531e-05,0.000000000000000000e+00,1.007828177534975111e-05,1.703105681372107938e-06,3.194141839912845171e-09
1.247440668521448970e-04,5.570952271227724850e-05,6.400067941285669804e-04,4.116891716421378078e-09,5.561787838814780116e-05,7.429149991367012262e-05,0.000000000000000000e+00,5.033861816627904773e-05,1.703105681372107938e-06,6.552176134988485501e-09
1.836980518419295549e-04,9.821677667787298560e-05,7.843035855330526829e-04,7.258145640065549742e-09,7.521927182096987963e-05,1.015218440443277359e-04,0.000000000000000000e+00,7.050912245176732540e-05,1.703105681372107938e-06,7.503726529023424519e-09
1.698409323580563068e-04,8.385140245081856847e-05,7.720105932094156742e-04,6.196554380721863708e-09,6.803939322708174586e-05,8.469555905321612954e-05,0.000000000000000000e+00,8.788461855147033930e-05,1.703105681372107938e-06,9.515751742128486512e-09
1.139460000558756292e-04,4.969119254383258522e-05,6.054649129509925842e-04,3.672141257737848719e-09,5.244741259957663715e-05,7.881400233600288630e-05,0.000000000000000000e+00,3.708317672135308385e-05,1.703105681372107938e-06,5.213504294943049899e-09
6.200372445164248347e-05,7.029753305687336251e-06,5.335350870154798031e-04,5.194934482588564606e-10,1.911447725433390588e-05,4.069763599545694888e-05,0.000000000000000000e+00,1.620463262952398509e-05,1.703105681372107938e-06,3.991734054409334931e-09
5.672887709806673229e-05,4.000393346359487623e-06,5.138883716426789761e-04,2.956259959052687236e-10,1.421271463186712936e-05,3.664922041934914887e-05,0.000000000000000000e+00,1.339646769338287413e-05,1.703105681372107938e-06,3.741135401469364297e-09
8.937531674746423960e-05,2.973929258587304503e-05,5.743219517171382904e-04,2.197711346241248975e-09,4.085128239239566028e-05,6.735663191648200154e-05,0.000000000000000000e+00,2.203826079494319856e-05,1.703105681372107938e-06,4.098272388119994503e-09
1.192112758872099221e-04,5.137536936672404408e-05,6.222515949048101902e-04,3.796600811512007567e-09,5.301503188093192875e-05,7.163578266045078635e-05,0.000000000000000000e+00,5.610746666206978261e-05,1.703105681372107938e-06,7.017936010100811473e-09
1.207086825161240995e-04,5.036765651311725378e-05,6.655417964793741703e-04,3.722131491912250567e-09,5.389518628362566233e-05,8.016488573048263788e-05,0.000000000000000000e+00,3.786846355069428682e-05,1.703105681372107938e-06,5.139269010356883882e-09
9.005100582726299763e-05,3.143923095194622874e-05,5.535098025575280190e-04,2.323335523968239613e-09,4.150586755713447928e-05,6.168185063870623708e-05,0.000000000000000000e+00,3.260796802351251245e-05,1.703105681372107938e-06,5.162198668529072165e-09
5.994508683215826750e-05,7.243685558933066204e-06,5.176303093321621418e-04,5.353029131072162272e-10,1.947396776813548058e-05,4.611906842910684645e-05,0.000000000000000000e+00,9.383691576658748090e-06,1.703105681372107938e-06,3.178265650660705433e-09
5.131363650434650481e-05,1.576914200995815918e-06,4.904912202619016171e-04,1.165327695451523482e-10,7.950744475238025188e-06,3.590017513488419354e-05,0.000000000000000000e+00,6.875985491205938160e-06,1.703105681372107938e-06,3.077832211317854672e-09
6.555757863679900765e-05,1.182866071758326143e-05,5.174998077563941479e-04,8.741290469238549576e-10,2.536940337449777871e-05,4.666892345994710922e-05,0.000000000000000000e+00,1.978936052182689309e-05,1.703105681372107938e-06,4.194171676630276124e-09
8.215154957724735141e-05,2.606014095363207161e-05,5.395738407969474792e-04,1.925824610893300814e-09,3.835101597360335290e-05,6.470824882853776217e-05,0.000000000000000000e+00,2.134023634425830096e-05,1.703105681372107938e-06,4.041716739067169328e-09
8.141517901094630361e-05,2.226214746769983321e-05,5.617167335003614426e-04,1.645155789375962740e-09,3.527590888552367687e-05,5.489454269991256297e-05,0.000000000000000000e+00,2.981360194098670036e-05,1.703105681372107938e-06,5.010779347003335715e-09
6.721138197463005781e-05,1.507998513261554763e-05,5.056011723354458809e-04,1.114399461599191454e-09,2.863193003577180207e-05,5.507620517164468765e-05,0.000000000000000000e+00,1.571277425682637841e-05,1.703105681372107938e-06,3.674803572550899844e-09
5.226593202678486705e-05,2.609249804663704708e-06,4.852679267060011625e-04,1.928215781488162861e-10,1.116116163757396862e-05,3.490594463073648512e-05,0.000000000000000000e+00,1.129890097217867151e-05,1.703105681372107938e-06,3.518018099057940162e-09
5.091508501209318638e-05,1.955664174602134153e-06,4.791115061379969120e-04,1.445221026186160884e-10,9.404769116372335702e-06,3.408956399653106928e-05,0.000000000000000000e+00,1.048270587489241734e-05,1.703105681372107938e-06,3.432939266190260241e-09
6.090074748499318957e-05,9.922480785462539643e-06,4.994260962121188641e-04,7.332638940482638645e-10,2.331283758394420147e-05,4.996050483896397054e-05,0.000000000000000000e+00,1.035654895531479269e-05,1.703105681372107938e-06,3.267325965339296090e-09
6.890883378218859434e-05,1.576798240421339869e-05,5.085074226371943951e-04,1.165241902967295573e-09,2.919256075983867049e-05,5.029836756875738502e-05,0.000000000000000000e+00,2.290108932356815785e-05,1.703105681372107938e-06,4.415022569759230464e-09
6.730762106599286199e-05,1.434125260857399553e-05,5.144008318893611431e-04,1.059807575032323257e-09,2.821032467181794345e-05,5.465787035063840449e-05,0.000000000000000000e+00,1.526285268482752144e-05,1.703105681372107938e-06,3.578287444128136485e-09
5.812380913994275033e-05,8.006801181181799620e-06,4.861182824242860079e-04,5.916965806207485912e-10,2.067848254228010774e-05,4.293257006793282926e-05,0.000000000000000000e+00,1.505176533100893721e-05,1.703105681372107938e-06,3.796309044901136076e-09
5.018925730837509036e-05,2.382016873525572009e-06,4.706399340648204088e-04,1.760292744901192918e-10,1.030857947625918314e-05,3.857344563584774733e-05,0.000000000000000000e+00,7.432448910549283028e-06,1.703105681372107938e-06,3.119241753779533610e-09
4.856182204093784094e-05,1.304778493249614257e-06,4.648583999369293451e-04,9.642214110483493528e-11,7.283049853867851198e-06,3.538199962349608541e-05,0.000000000000000000e+00,7.712009391980245709e-06,1.703105681372107938e-06,3.183826091657238067e-09
5.228129884926602244e-05,3.637238478404469788e-06,4.737554991152137518e-04,2.687891853536683584e-10,1.350378352071857080e-05,3.670405203592963517e-05,0.000000000000000000e+00,1.268512460228521377e-05,1.703105681372107938e-06,3.634422540699233650e-09
5.706732918042689562e-05,8.399514626944437623e-06,4.758943687193095684e-04,6.207178104844501831e-10,2.110935929522383958e-05,4.784975317306816578e-05,0.000000000000000000e+00,1.078376772056799382e-05,1.703105681372107938e-06,3.341257048816714814e-09
5.898661038372665644e-05,8.586308467783965170e-06,4.874599690083414316e-04,6.345217684611270670e-10,2.155298534489702433e-05,4.309202631702646613e-05,0.000000000000000000e+00,1.654304833209607750e-05,1.703105681372107938e-06,3.952848715016443748e-09
5.678036177414469421e-05,8.282849194074515253e-06,4.743063764180988073e-04,6.120962625644210675e-10,2.093481089104898274e-05,4.765883204527199268e-05,0.000000000000000000e+00,1.066874665411887690e-05,1.703105681372107938e-06,3.318811003794053249e-09
5.210025119595229626e-05,4.255942712916294113e-06,4.656322707887738943e-04,3.145109450652938676e-10,1.472712483518989757e-05,3.768438909901306033e-05,0.000000000000000000e+00,1.281076038139872253e-05,1.703105681372107938e-06,3.630009182131743728e-09
4.831171099795028567e-05,1.861444275164103601e-06,4.573669575620442629e-04,1.375593389196794192e-10,8.874526429281104356e-06,3.706494680955074728e-05,0.000000000000000000e+00,7.135724445106461644e-06,1.703105681372107938e-06,3.103421075678625130e-09
4.709253335022367537e-05,1.049546312970051076e-06,4.530730366241186857e-04,7.756067316178061333e-11,6.230848157429136336e-06,3.382636350579559803e-05,0.000000000000000000e+00,7.356840342254145071e-06,1.703105681372107938e-06,3.139921211925411626e-09
4.831355909118428826e-05,2.099916400766232982e-06,4.530204751063138247e-04,1.551822281786741087e-10,9.950834282790310681e-06,3.434665268287062645e-05,0.000000000000000000e+00,9.115922694036271423e-06,1.703105681372107938e-06,3.307582430167599341e-09
5.040731412009336054e-05,3.768207307075499557e-06,4.582358233164995909e-04,2.784676933487162387e-10,1.342896848655072972e-05,4.098359568160958588e-05,0.000000000000000000e+00,8.155207069648895413e-06,1.703105681372107938e-06,3.144993154791109191e-09
5.144346505403518677e-05,4.493121650739340112e-06,4.574228369165211916e-04,3.320382857552317546e-10,1.518076987849781290e-05,3.808485053014010191e-05,0.000000000000000000e+00,1.208058347401674837e-05,1.703105681372107938e-06,3.569974538208953163e-09
5.101929491502232850e-05,4.665960659622214735e-06,4.552768659777939320e-04,3.448109853199099462e-10,1.541130950499791652e-05,4.257443652022629976e-05,0.000000000000000000e+00,8.256487490143626928e-06,1.703105681372107938e-06,3.168056483815462343e-09
4.956235352437943220e-05,3.175549863954074681e-06,4.521175869740545750e-04,2.346707272948833634e-10,1.252179481525672600e-05,3.597679824451915920e-05,0.000000000000000000e+00,1.175044053525198251e-05,1.703105681372107938e-06,3.553971339442796307e-09
4.780700692208483815e-05,2.508673105694469996e-06,4.451128479558974504e-04,1.853890513325850975e-10,1.060987142409430817e-05,3.856464536511339247e-05,0.000000000000000000e+00,7.870466106396634132e-06,1.703105681372107938e-06,3.172675899776322694e-09
4.647332752938382328e-05,1.317187752647441812e-06,4.425820952747017145e-04,9.733917838428141067e-11,7.392741281364578754e-06,3.287056097178719938e-05,0.000000000000000000e+00,8.979312042356468737e-06,1.703105681372107938e-06,3.314585939051539754e-09
4.575345155899412930e-05,1.042986127686162945e-06,4.393006965983659029e-04,7.707588733918413482e-11,6.336189017019933090e-06,3.409116106922738254e-05,0.000000000000000000e+00,7.803936568961944431e-06,1.703105681372107938e-06,3.194932318706378283e-09
4.571085082716308534e-05,1.114471388063975610e-06,4.383845080155879259e-04,8.235859910721288202e-11,6.543043582496466115e-06,3.425624163355678320e-05,0.000000000000000000e+00,7.579271368740592152e-06,1.703105681372107938e-06,3.167578199736453826e-09
4.594531492330133915e-05,1.350560069113271311e-06,4.371635441202670336e-04,9.980536536113859825e-11,7.562667178717674688e-06,3.318462404422461987e-05,0.000000000000000000e+00,8.784002602624241263e-06,1.703105681372107938e-06,3.282564886575300989e-09
4.624332359526306391e-05,1.739546632961719297e-06,4.377374716568738222e-04,1.285511697091124006e-10,8.461540346615947783e-06,3.664070027298294008e-05,0.000000000000000000e+00,7.300305696844588965e-06,1.703105681372107938e-06,3.115572244638542543e-09
4.607150185620412230e-05,1.677237833064282313e-06,4.348893417045474052e-04,1.239466029812064107e-10,8.632550816400907934e-06,3.342941636219620705e-05,0.000000000000000000e+00,9.053285793925169855e-06,1.703105681372107938e-06,3.304839957252170279e-09
4.575201455736532807e-05,1.591065824868564960e-06,4.341969033703207970e-04,1.175785580009858222e-10,8.030440767470281571e-06,3.634895256254822016e-05,0.000000000000000000e+00,7.412566446873825043e-06,1.703105681372107938e-06,3.127479830666857197e-09
4.508845449890941381e-05,1.165940716418845113e-06,4.306927730794996023e-04,8.616213298395791753e-11,6.782137916161445901e-06,3.264050974394194782e-05,0.000000000000000000e+00,8.532379979442339391e-06,1.703105681372107938e-06,3.260544501060280709e-09
4.473938679439015687e-05,1.054727704286051448e-06,4.291471559554338455e-04,7.794358214407992591e-11,6.299540473264642060e-06,3.441402441239915788e-05,0.000000000000000000e+00,7.699437446717638522e-06,1.703105681372107938e-06,3.176890750467009639e-09
4.448014806257560849e-05,9.501083013674360700e-07,4.273256636224687099e-04,7.021228043413429987e-11,5.965853688394417986e-06,3.330867912154644728e-05,0.000000000000000000e+00,7.974707841640338302e-06,1.703105681372107938e-06,3.208405097154809482e-09
4.438693576958030462e-05,9.619485581424669363e-07,4.261337744537740946e-04,7.108727495541700137e-11,6.046008820703718811e-06,3.301090328022837639e-05,0.000000000000000000e+00,8.116114258882589638e-06,1.703105681372107938e-06,3.222464961538662465e-09
4.441359124029986560e-05,1.134938088398484979e-06,4.251239006407558918e-04,8.387106981144754059e-11,6.558130735356826335e-06,3.476966958260163665e-05,0.000000000000000000e+00,7.662622920179273933e-06,1.703105681372107938e-06,3.169497997390635646e-09
4.436730159795843065e-05,1.126140432461397722e-06,4.237649263814091682e-04,8.322092320822704892e-11,6.698707238683709875e-06,3.266423300374299288e-05,0.000000000000000000e+00,8.646692549518775195e-06,1.703105681372107938e-06,3.271108051094984148e-09
4.430846092873252928e-05,1.301416205023997463e-06,4.226019082125276327e-04,9.617366625302992134e-11,7.082498996169306338e-06,3.550818655639886856e-05,0.000000000000000000e+00,7.468517651432193816e-06,1.703105681372107938e-06,3.144337679117370499e-09
4.411058034747838974e-05,1.162748390015622135e-06,4.208876343909651041e-04,8.592622446901287958e-11,6.815513188485056162e-06,3.260226367274299264e-05,0.000000000000000000e+00,8.590692232246510684e-06,1.703105681372107938e-06,3.263677550435772901e-09
4.390468529891222715e-05,1.195689947053324431e-06,4.196162335574626923e-04,8.836058273953284470e-11,6.711099558742716908e-06,3.507939618430100381e-05,0.000000000000000000e+00,7.473703590221703053e-06,1.703105681372107938e-06,3.142605065065140479e-09
4.370103124529123306e-05,1.080599190572684165e-06,4.178701492492109537e-04,7.985546945921129236e-11,6.539692094520432875e-06,3.287576328148134053e-05,0.000000000000000000e+00,8.334160156664438546e-06,1.703105681372107938e-06,3.239287282852387762e-09
4.354702105047181249e-05,1.121204036280687433e-06,4.166771250311285257e-04,8.285612473901693420e-11,6.527732239192118868e-06,3.459925574134103954e-05,0.000000000000000000e+00,7.581021236546803266e-06,1.703105681372107938e-06,3.159361661175807967e-09
4.331229138188064098e-05,9.727936003400827758e-07,4.152146866545081139e-04,7.188871026242438234e-11,6.098895482864463702e-06,3.287030631327070296e-05,0.000000000000000000e+00,8.180272743629757315e-06,1.703105681372107938e-06,3.226924061294766943e-09
4.310860094847157598e-05,9.527411748422309756e-07,4.137832729611545801e-04,7.040684701919985855e-11,5.956145741947693750e-06,3.376241511432453990e-05,0.000000000000000000e+00,7.775318408675957471e-06,1.703105681372107938e-06,3.184474017814409308e-09
4.291009463486261666e-05,9.395516826771199703e-07,4.119056393392384052e-04,6.943214753141191409e-11,5.903342298552161083e-06,3.366045348229818046e-05,0.000000000000000000e+00,7.799795639584772289e-06,1.703105681372107938e-06,3.187619057598567451e-09
4.282681766198948026e-05,9.544415888740331866e-07,4.105806001462042332e-04,7.053251038779961846e-11,6.063011824153363705e-06,3.298504816484637558e-05,0.000000000000000000e+00,8.143137165461666882e-06,1.703105681372107938e-06,3.223061817436700949e-09
4.273526064935140312e-05,1.075876070899539627e-06,4.090023576281964779e-04,7.950642227916304705e-11,6.344392204482574016e-06,3.425960676395334303e-05,0.000000000000000000e+00,7.591475878143683076e-06,1.703105681372107938e-06,3.163045825260724087e-09
4.260535934008657932e-05,1.030962835102400277e-06,4.074799071531742811e-04,7.618738279147052594e-11,6.314633537840563804e-06,3.282507532276213169e-05,0.000000000000000000e+00,8.264050848083570600e-06,1.703105681372107938e-06,3.233556977733087479e-09
4.248019467922858894e-05,1.095044694920943584e-06,4.063879896420985460e-04,8.092297665296399600e-11,6.413312348740873858e-06,3.463462053332477808e-05,0.000000000000000000e+00,7.463495876436354592e-06,1.703105681372107938e-06,3.146186200453371384e-09
4.223302312311716378e-05,9.793449180506286211e-07,4.044211236760020256e-04,7.237284382899389357e-11,6.076645604480290785e-06,3.257160642533563077e-05,0.000000000000000000e+00,8.115664059005212039e-06,1.703105681372107938e-06,3.218786126524264546e-09
4.212081330479122698e-05,9.935085927281761542e-07,4.037181206513196230e-04,7.341953434103487552e-11,6.027129984431667253e-06,3.412047226447612047e-05,0.000000000000000000e+00,7.554928288300288841e-06,1.703105681372107938e-06,3.157758943217459091e-09
4.193863787804730237e-05,9.238695497515436728e-07,4.021659260615706444e-04,6.827325510494475225e-11,5.865783805347746238e-06,3.282416219008155167e-05,0.000000000000000000e+00,7.981773705978412181e-06,1.703105681372107938e-06,3.205576692977274433e-09
4.178162998869083822e-05,9.211233873429591767e-07,4.009082040283828974e-04,6.807032715272498535e-11,5.825907464895863086e-06,3.368933539604768157e-05,0.000000000000000000e+00,7.696870852669235319e-06,1.703105681372107938e-06,3.175398388677308503e-09
4.165514837950468063e-05,9.023859774970333092e-07,3.996975719928741455e-04,6.668562924083687449e-11,5.765567038906738162e-06,3.335202200105413795e-05,0.000000000000000000e+00,7.830060894775670022e-06,1.703105681372107938e-06,3.191018116410759831e-09
4.146412175032310188e-05,9.074681202037027106e-07,3.976694424636662006e-04,6.706121075117366104e-11,5.786376732430653647e-06,3.294410635135136545e-05,0.000000000000000000e+00,7.897058821981772780e-06,1.703105681372107938e-06,3.198396214543208771e-09
4.139804150327108800e-05,9.435102583665866405e-07,3.968255768995732069e-04,6.972469823729454674e-11,5.928129212406929582e-06,3.393668885109946132e-05,0.000000000000000000e+00,7.719710993114858866e-06,1.703105681372107938e-06,3.178457497199360660e-09
4.128399086766876280e-05,9.088072943086444866e-07,3.955813590437173843e-04,6.716017325603118593e-11,5.831860107718966901e-06,3.286503488197922707e-05,0.000000000000000000e+00,8.170467481249943376e-06,1.703105681372107938e-06,3.224373656962598034e-09
4.125109990127384663e-05,1.012372422337648459e-06,3.948040539398789406e-04,7.481354424854202989e-11,6.108381967351306230e-06,3.437154737184755504e-05,0.000000000000000000e+00,7.583218575746286660e-06,1.703105681372107938e-06,3.161074513258199659e-09
4.117203206988051534e-05,9.853820301941595972e-07,3.937374858651310205e-04,7.281898695143951272e-11,6.140874120319494978e-06,3.264627957832999527e-05,0.000000000000000000e+00,8.128982699417974800e-06,1.703105681372107938e-06,3.220637090350919607e-09
4.112123860977590084e-05,1.095095058190054260e-06,3.928444348275661469e-04,8.092668896120258637e-11,6.423716058634454384e-06,3.466195630608126521e-05,0.000000000000000000e+00,7.417015694954898208e-06,1.703105681372107938e-06,3.141118476435167395e-09
4.106959386263042688e-05,1.035465174936689436e-06,3.920718154404312372e-04,7.652009581526897364e-11,6.360146471706684679e-06,3.276216011727228761e-05,0.000000000000000000e+00,8.269484169431962073e-06,1.703105681372107938e-06,3.232140777242875629e-09
4.096325210412032902e-05,1.145222768172970973e-06,3.907394420821219683e-04,8.463108686074249931e-11,6.575614861503709108e-06,3.489116716082207859e-05,0.000000000000000000e+00,7.440868103003595024e-06,1.703105681372107938e-06,3.143225679735905942e-09
4.081786028109490871e-05,1.051024923981458414e-06,3.893168177455663681e-04,7.766994686297934436e-11,6.402825874829431996e-06,3.246817504987120628e-05,0.000000000000000000e+00,8.351532414963003248e-06,1.703105681372107938e-06,3.240854695718553558e-09
4.076842742506414652e-05,1.180519120680401102e-06,3.884408797603100538e-04,8.723947259037245772e-11,6.650059731327928603e-06,3.516375363687984645e-05,0.000000000000000000e+00,7.438182365149259567e-06,1.703105681372107938e-06,3.140968152237633149e-09
4.060657738591544330e-05,1.071292217602604069e-06,3.869195352308452129e-04,7.916767935656210398e-11,6.478557224909309298e-06,3.249314613640308380e-05,0.000000000000000000e+00,8.433325092482846230e-06,1.703105681372107938e-06,3.250616886774082559e-09
4.050948336953297257e-05,1.185701307804265525e-06,3.857970004901289940e-04,8.762243014492909765e-11,6.762780685676261783e-06,3.501402170513756573e-05,0.000000000000000000e+00,7.440845365636050701e-06,1.703105681372107938e-06,3.144427385137760211e-09
4.042757063871249557e-05,1.101433781514060684e-06,3.848855849355459213e-04,8.139512674976145945e-11,6.648190719715785235e-06,3.273016409366391599e-05,0.000000000000000000e+00,8.375768629775848240e-06,1.703105681372107938e-06,3.244973401095307963e-09
4.035176971228793263e-05,1.256173391084303148e-06,3.835456736851483583e-04,9.283026430884078195e-11,6.982452759984880686e-06,3.525696229189634323e-05,0.000000000000000000e+00,7.410319085465744138e-06,1.703105681372107938e-06,3.138857618267820726e-09
4.017645187559537590e-05,1.080726747204607818e-06,3.825787280220538378e-04,7.986489941602670228e-11,6.585517439816612750e-06,3.267090141889639199e-05,0.000000000000000000e+00,8.378522579732816666e-06,1.703105681372107938e-06,3.245029578380353996e-09
3.991062112618237734e-05,1.065769538399763405e-06,3.810505440924316645e-04,7.875956137270989643e-11,6.300578661466715857e-06,3.465556073933839798e-05,0.000000000000000000e+00,7.397961780952755362e-06,1.703105681372107938e-06,3.142015092549854671e-09
3.964843199355527759e-05,9.069899533642455935e-07,3.794367366936057806e-04,6.702587096452106152e-11,5.790112027170835063e-06,3.258512151660397649e-05,0.000000000000000000e+00,7.977641871548257768e-06,1.703105681372107938e-06,3.207976106978094322e-09
3.948784797103144228e-05,8.973426020020269789e-07,3.783257561735808849e-04,6.631294124925801725e-11,5.748144758399575949e-06,3.377455141162499785e-05,0.000000000000000000e+00,7.579286375403171405e-06,1.703105681372107938e-06,3.165600226395781647e-09
3.935779750463552773e-05,8.912812177186424378e-07,3.770261537283658981e-04,6.586500789218519003e-11,5.709485321858664975e-06,3.347713573020882905e-05,0.000000000000000000e+00,7.639004252268932760e-06,1.703105681372107938e-06,3.172605955725771310e-09
3.934616688638925552e-05,9.131121032623923384e-07,3.763870918191969395e-04,6.747828684705581281e-11,5.874564067198662087e-06,3.281376848462969065e-05,0.000000000000000000e+00,7.943443961266893893e-06,1.703105681372107938e-06,3.205313348075833346e-09
3.943151386920362711e-05,1.159925886895507574e-06,3.753277705982327461e-04,8.571764825715533220e-11,6.634646524616982788e-06,3.497961370158009231e-05,0.000000000000000000e+00,7.388126505247782916e-06,1.703105681372107938e-06,3.139173365696024121e-09
3.998774991487152874e-05,1.491628381700138561e-06,3.757092054001986980e-04,1.102302069067029322e-10,8.056022124947048724e-06,3.285465936642140150e-05,0.000000000000000000e+00,9.252003110304940492e-06,1.703105681372107938e-06,3.326077635534829824e-09
4.176323636784218252e-05,3.147674306092085317e-06,3.783208376262336969e-04,2.326107501060548088e-10,1.234249066328629851e-05,4.014358637505210936e-05,0.000000000000000000e+00,7.834784810256678611e-06,1.703105681372107938e-06,3.139802640106381659e-09
4.574318518280051649e-05,5.699089342670049518e-06,3.861795121338218451e-04,4.211583581881228611e-10,1.750060255290009081e-05,3.986441151937469840e-05,0.000000000000000000e+00,1.426142443960998207e-05,1.703105681372107938e-06,3.745432408663873503e-09
5.350449646357446909e-05,1.210128539241850376e-05,4.008506075479090214e-04,8.942758200625178233e-10,2.578112980700097978e-05,5.246835644356906414e-05,0.000000000000000000e+00,1.318147224083077163e-05,1.703105681372107938e-06,3.463280329185636219e-09
6.759496318409219384e-05,2.169072831748053432e-05,4.298123240005224943e-04,1.602928567656647374e-09,3.473058677627705038e-05,5.491421325132250786e-05,0.000000000000000000e+00,2.923007559729740024e-05,1.703105681372107938e-06,4.931353991821652016e-09
9.445521573070436716e-05,4.243422881700098515e-05,4.866127273999154568e-04,3.135857573610678628e-09,4.912433360004797578e-05,7.552868191851302981e-05,0.000000000000000000e+00,3.359714901307597756e-05,1.703105681372107938e-06,4.864059821585442478e-09
1.368711818940937519e-04,7.250720955198630691e-05,5.697775050066411495e-04,5.358227639362667105e-09,6.367760943248867989e-05,8.122347207972779870e-05,0.000000000000000000e+00,7.386218203464522958e-05,1.703105681372107938e-06,8.365574011293119838e-09
2.138359413947910070e-04,1.304071774939075112e-04,7.376775611191987991e-04,9.636990760952812707e-09,8.627985516795888543e-05,1.126126953749917448e-04,0.000000000000000000e+00,9.661009244155138731e-05,1.703105681372107938e-06,9.343349205437334604e-09
3.149683179799467325e-04,2.038939710473641753e-04,9.268759749829769135e-04,1.506761115876997792e-08,1.071558799594640732e-04,1.214468429679982364e-04,0.000000000000000000e+00,1.838674943428486586e-04,1.703105681372107938e-06,1.669327787112706574e-08
5.102739669382572174e-04,3.466993512120097876e-04,1.375978114083409309e-03,2.562081569124075031e-08,1.407716335961595178e-04,1.670316560193896294e-04,0.000000000000000000e+00,2.597682178020477295e-04,1.703105681372107938e-06,2.113803354575338744e-08
7.384713389910757542e-04,5.191994132474064827e-04,1.755714998580515385e-03,3.836844086890778271e-08,1.707706105662509799e-04,1.814039715100079775e-04,0.000000000000000000e+00,4.370037640910595655e-04,1.703105681372107938e-06,3.569327944319411472e-08
1.236063195392489433e-03,8.726689266040921211e-04,2.980507677420973778e-03,6.448957634574981057e-08,2.231467078672721982e-04,2.493242209311574697e-04,0.000000000000000000e+00,6.534342537634074688e-04,1.703105681372107938e-06,4.982834411748626735e-08
1.655485713854432106e-03,1.209563110023736954e-03,3.462767694145441055e-03,8.938579298956028651e-08,2.605413610581308603e-04,2.674750576261430979e-04,0.000000000000000000e+00,9.964584605768322945e-04,1.703105681372107938e-06,7.743398100501508452e-08
2.783245639875531197e-03,1.975836232304573059e-03,6.562181748449802399e-03,1.460127947439104901e-07,3.362968272995203733e-04,3.623771190177649260e-04,0.000000000000000000e+00,1.511911046691238880e-03,1.703105681372107938e-06,1.127068856021651300e-07
3.257299307733774185e-03,2.440256997942924500e-03,6.204571109265089035e-03,1.803331315386458300e-07,3.688142751343548298e-04,3.725716378539800644e-04,0.000000000000000000e+00,1.965851057320833206e-03,1.703105681372107938e-06,1.495265280482271919e-07
5.048020742833614349e-03,3.560543060302734375e-03,1.216757670044898987e-02,2.631214215398358647e-07,4.511869628913700581e-04,4.771889653056859970e-04,0.000000000000000000e+00,2.707200590521097183e-03,1.703105681372107938e-06,2.004337460448368802e-07
4.178064409643411636e-03,3.213416319340467453e-03,7.086574099957942963e-03,2.374690240003474173e-07,4.198302049189805984e-04,4.231914936099201441e-04,0.000000000000000000e+00,2.559907734394073486e-03,1.703105681372107938e-06,1.935876099423694541e-07
4.290895070880651474e-03,2.928558504208922386e-03,1.138023473322391510e-02,2.164182575370432460e-07,4.093541065230965614e-04,4.353736294433474541e-04,0.000000000000000000e+00,2.243134193122386932e-03,1.703105681372107938e-06,1.662415343162138015e-07
1.988286385312676430e-03,1.564603066071867943e-03,3.021918237209320068e-03,1.156229743060066539e-07,2.915154909715056419e-04,3.002183511853218079e-04,0.000000000000000000e+00,1.214915770106017590e-03,1.703105681372107938e-06,9.354533858640934341e-08
6.195718306116759777e-04,3.491541137918829918e-04,2.410200890153646469e-03,2.580222435710766149e-08,1.396220177412033081e-04,1.658822147874161601e-04,0.000000000000000000e+00,2.939758996944874525e-04,1.703105681372107938e-06,2.354332906406852999e-08
6.047786882845684886e-05,8.262716619356069714e-06,5.181735032238066196e-04,6.106085082002721265e-10,2.067119203275069594e-05,4.644107320928014815e-05,0.000000000000000000e+00,3.978013864980312064e-06,1.703105681372107938e-06,2.992661451983735788e-09
5.184471956454217434e-04,3.583194920793175697e-04,1.339084352366626263e-03,2.647953678547310119e-08,1.431495038559660316e-04,1.559399242978543043e-04,0.000000000000000000e+00,2.621923340484499931e-04,1.703105681372107938e-06,2.293776901751698460e-08
1.645586453378200531e-03,1.203637919388711452e-03,3.532739821821451187e-03,8.894792813407548238e-08,2.596570411697030067e-04,2.857162326108664274e-04,0.000000000000000000e+00,8.867444121278822422e-04,1.703105681372107938e-06,6.743188407654088223e-08
2.251784317195415497e-03,1.577903749421238899e-03,5.340395960956811905e-03,1.166058822832383157e-07,2.978555567096918821e-04,3.025148471351712942e-04,0.000000000000000000e+00,1.398407621309161186e-03,1.703105681372107938e-06,1.079515783430906595e-07
2.902285661548376083e-03,2.133696107193827629e-03,6.195069756358861923e-03,1.576785280121839605e-07,3.469516814220696688e-04,3.730237949639558792e-04,0.000000000000000000e+00,1.490826485678553581e-03,1.703105681372107938e-06,1.116207357654275256e-07
1.763350213877856731e-03,1.298852614127099514e-03,3.595065791159868240e-03,9.598421968348702649e-08,2.698211756069213152e-04,2.771212020888924599e-04,0.000000000000000000e+00,1.049909740686416626e-03,1.703105681372107938e-06,8.167683773763201316e-08
8.314061560668051243e-04,5.225103814154863358e-04,2.681940328329801559e-03,3.861312336539413081e-08,1.723085006233304739e-04,1.984281843760982156e-04,0.000000000000000000e+00,4.070177965331822634e-04,1.703105681372107938e-06,3.183838614972955838e-08
1.313232205575332046e-04,7.270431524375453591e-05,5.388490390032529831e-04,5.372793765445749159e-09,5.986190808471292257e-05,8.225701458286494017e-05,0.000000000000000000e+00,4.734004323836416006e-05,1.703105681372107938e-06,6.145877140539823813e-09
2.444564306642860174e-04,1.707179617369547486e-04,6.254929467104375362e-04,1.261592785795073723e-08,9.429073543287813663e-05,1.133369296439923346e-04,0.000000000000000000e+00,1.118917207350023091e-04,1.703105681372107938e-06,1.110360692280210060e-08
8.730890112929046154e-04,5.614807014353573322e-04,2.677498152479529381e-03,4.149300281142132008e-08,1.787360670277848840e-04,2.048760070465505123e-04,0.000000000000000000e+00,4.385849460959434509e-04,1.703105681372107938e-06,3.415104643522681727e-08
1.174905453808605671e-03,8.541104034520685673e-04,2.531633479520678520e-03,6.311810807346773800e-08,2.185073099099099636e-04,2.275348233524709940e-04,0.000000000000000000e+00,6.763174314983189106e-04,1.703105681372107938e-06,5.379334311328420881e-08
1.216051401570439339e-03,8.791375439614057541e-04,2.764591481536626816e-03,6.496759397123241797e-08,2.235274150734767318e-04,2.496537927072495222e-04,0.000000000000000000e+00,6.045474437996745110e-04,1.703105681372107938e-06,4.661965391505873413e-08
6.137812160886824131e-04,3.943408664781600237e-04,1.831606728956103325e-03,2.914149277444266772e-08,1.498126803198829293e-04,1.603505370439961553e-04,0.000000000000000000e+00,3.627969708759337664e-04,1.703105681372107938e-06,3.057485642443680263e-08
1.661351707298308611e-04,1.028392580337822437e-04,5.663231131620705128e-04,7.599743945263526257e-09,7.379943417618051171e-05,9.995071741286665201e-05,0.000000000000000000e+00,6.663591193500906229e-05,1.703105681372107938e-06,7.634183063487398613e-09
6.165263766888529062e-05,1.717654777166899294e-05,4.266517062205821276e-04,1.269333860243193612e-09,2.917077290476299822e-05,5.580284778261557221e-05,0.000000000000000000e+00,1.810917456168681383e-05,1.703105681372107938e-06,4.159514066515157538e-09
2.937623648904263973e-04,1.779832382453605533e-04,1.001439173705875874e-03,1.315282549541052504e-08,9.999901521950960159e-05,1.140652457252144814e-04,0.000000000000000000e+00,1.563522382639348507e-04,1.703105681372107938e-06,1.486355927227123175e-08
5.981180584058165550e-04,4.083969397470355034e-04,1.620802795514464378e-03,3.018022454170932178e-08,1.533409958938136697e-04,1.795356365619227290e-04,0.000000000000000000e+00,2.764082746580243111e-04,1.703105681372107938e-06,2.245253938326641219e-08
5.745113012380897999e-04,4.044283123221248388e-04,1.368911121971905231e-03,2.988694802752434043e-08,1.488449051976203918e-04,1.615322107682004571e-04,0.000000000000000000e+00,3.319188836030662060e-04,1.703105681372107938e-06,2.785050412512646290e-08
3.774819488171488047e-04,2.326466055819764733e-04,1.288041821680963039e-03,1.719240749764594511e-08,1.154832280008122325e-04,1.416902960045263171e-04,0.000000000000000000e+00,1.603116834303364158e-04,1.703105681372107938e-06,1.388645642919072998e-08
1.119813387049362063e-04,5.659580347128212452e-05,5.115107633173465729e-04,4.182386881268485013e-09,5.459457315737381577e-05,7.422715862048789859e-05,0.000000000000000000e+00,4.234463995089754462e-05,1.703105681372107938e-06,5.923221024772828969e-09
5.457223960547707975e-05,1.055050324794137850e-05,4.300857253838330507e-04,7.796741585686106646e-10,2.290691008965950459e-05,4.536312189884483814e-05,0.000000000000000000e+00,1.013163819152396172e-05,1.703105681372107938e-06,3.446076757285254644e-09
1.903824595501646399e-04,1.126813949667848647e-04,6.935290293768048286e-04,8.327069700442280009e-09,8.028205047594383359e-05,1.065706674125976861e-04,0.000000000000000000e+00,8.348161645699292421e-05,1.703105681372107938e-06,8.503308279728116759e-09
3.330437175463885069e-04,2.031301119131967425e-04,1.114936196245253086e-03,1.501116031477067736e-08,1.067507255356758833e-04,1.202014027512632310e-04,0.000000000000000000e+00,1.841998891904950142e-04,1.703105681372107938e-06,1.691070750098333519e-08
3.829413617495447397e-04,2.687158994376659393e-04,9.765300783328711987e-04,1.985790198943959695e-08,1.234006340382620692e-04,1.496789773227646947e-04,0.000000000000000000e+00,1.657245156820863485e-04,1.703105681372107938e-06,1.454055542637888720e-08
2.510869235266000032e-04,1.406644878443330526e-04,9.541955078020691872e-04,1.039499952781852699e-08,8.957167301559820771e-05,1.038050977513194084e-04,0.000000000000000000e+00,1.500288781244307756e-04,1.703105681372107938e-06,1.434996832472279493e-08
1.087494820239953697e-04,5.493240678333677351e-05,5.012388573959469795e-04,4.059462987981987681e-09,5.493922799360007048e-05,8.154920215019956231e-05,0.000000000000000000e+00,3.693189501063898206e-05,1.703105681372107938e-06,5.246479695131256449e-09
4.276017352822236717e-05,1.771051529431133531e-06,4.028157563880085945e-04,1.308793629029025851e-10,9.149693141807802022e-06,3.461531014181673527e-05,0.000000000000000000e+00,7.075469056871952489e-06,1.703105681372107938e-06,3.223108002714525355e-09
8.635003177914768457e-05,3.529282912495546043e-05,4.767213831655681133e-04,2.608113502944320317e-09,4.386203363537788391e-05,6.357119127642363310e-05,0.000000000000000000e+00,3.385062882443889976e-05,1.703105681372107938e-06,5.304642503034529000e-09
1.715262769721448421e-04,9.257185593014582992e-05,7.248680922202765942e-04,6.840990440792893423e-09,7.310858927667140961e-05,9.940018207998946309e-05,0.000000000000000000e+00,6.467611819971352816e-05,1.703105681372107938e-06,7.003148283502014237e-09
1.930177095346152782e-04,1.178939855890348554e-04,6.497931899502873421e-04,8.712275345601483423e-09,8.026720752241089940e-05,9.718519868329167366e-05,0.000000000000000000e+00,1.014440204016864300e-04,1.703105681372107938e-06,1.041485120367724448e-08
1.499329373473301530e-04,7.745626498945057392e-05,6.661200895905494690e-04,5.723958640402315723e-09,6.617089093197137117e-05,9.267579298466444016e-05,0.000000000000000000e+00,5.864662671228870749e-05,1.703105681372107938e-06,6.580709754899771724e-09
7.394920248771086335e-05,2.622690954012796283e-05,4.493406740948557854e-04,1.938148752600454827e-09,3.842073783744126558e-05,5.825761400046758354e-05,0.000000000000000000e+00,2.788229176076129079e-05,1.703105681372107938e-06,4.836838485289263190e-09
4.094488394912332296e-05,1.325371044913481455e-06,3.895419358741492033e-04,9.794391686579473344e-11,7.549006568297045305e-06,3.520837344694882631e-05,0.000000000000000000e+00,6.653205673501361161e-06,1.703105681372107938e-06,3.129600134599286321e-09
6.316872895695269108e-05,1.930080907186493278e-05,4.215925873722881079e-04,1.426315177077697172e-09,3.258507422287948430e-05,5.902826160308904946e-05,0.000000000000000000e+00,1.708654963294975460e-05,1.703105681372107938e-06,3.811027937672406551e-09
1.054751264746300876e-04,4.532279854174703360e-05,5.474599893204867840e-04,3.349320598644567326e-09,5.002332545700483024e-05,6.782472337363287807e-05,0.000000000000000000e+00,5.406328273238614202e-05,1.703105681372107938e-06,6.953694953182321115e-09
1.301810552831739187e-04,7.114299660315737128e-05,5.428298027254641056e-04,5.257413615566974840e-09,6.304513954091817141e-05,8.947785681812092662e-05,0.000000000000000000e+00,4.755066765937954187e-05,1.703105681372107938e-06,5.930623103722609812e-09
1.108561846194788814e-04,5.117892578709870577e-05,5.396031192503869534e-04,3.782083979331218870e-09,5.356393012334592640e-05,7.153242768254131079e-05,0.000000000000000000e+00,5.716943269362673163e-05,1.703105681372107938e-06,7.149202119194342231e-09
7.316401752177625895e-05,2.593899262137711048e-05,4.524178220890462399e-04,1.916871772422723552e-09,3.810026828432455659e-05,6.470956577686592937e-05,0.000000000000000000e+00,1.983235051739029586e-05,1.703105681372107938e-06,3.916499125011796423e-09
4.345202614786103368e-05,4.088892637810204178e-06,3.835294337477535009e-04,3.021660976987305958e-10,1.428002269676653668e-05,3.798387479037046432e-05,0.000000000000000000e+00,1.010189225780777633e-05,1.703105681372107938e-06,3.392263359103253606e-09
4.431926208781078458e-05,5.014317139284685254e-06,3.823057923000305891e-04,3.705542539478301478e-10,1.579221680003684014e-05,3.928796650143340230e-05,0.000000000000000000e+00,1.074363353836815804e-05,1.703105681372107938e-06,3.422998773316976440e-09
6.630790448980405927e-05,1.976960083993617445e-05,4.484663950279355049e-04,1.460958576338100556e-09,3.323694181744940579e-05,5.979189518257044256e-05,0.000000000000000000e+00,1.691660872893407941e-05,1.703105681372107938e-06,3.655852731654363197e-09
8.328110561706125736e-05,3.417936750338412821e-05,4.549381847027689219e-04,2.525829545518831765e-09,4.347469803178682923e-05,6.297564686974510550e-05,0.000000000000000000e+00,3.607913822634145617e-05,1.703105681372107938e-06,5.438145933567284374e-09
8.448168955510482192e-05,3.484919943730346859e-05,4.698543052654713392e-04,2.575329283160954219e-09,4.447500032256357372e-05,7.090102735674008727e-05,0.000000000000000000e+00,2.647058863658457994e-05,1.703105681372107938e-06,4.351105253874720802e-09
6.830318307038396597e-05,2.160195435862988234e-05,4.399001190904527903e-04,1.596367926737229936e-09,3.459122308413498104e-05,5.446989234769716859e-05,0.000000000000000000e+00,2.711211709538474679e-05,1.703105681372107938e-06,4.782237716938197991e-09
5.005273487768135965e-05,1.034102479025023058e-05,3.862694720737636089e-04,7.641938748470522569e-10,2.364685497013852000e-05,5.031967521063052118e-05,0.000000000000000000e+00,1.084761242964304984e-05,1.703105681372107938e-06,3.336591891667239906e-09
3.953144914703443646e-05,1.375549800286535174e-06,3.724918060470372438e-04,1.016520825847244680e-10,7.686921890126541257e-06,3.268564614700153470e-05,0.000000000000000000e+00,9.067191058420576155e-06,1.703105681372107938e-06,3.334646336838886782e-09
4.005834853160195053e-05,1.879314027064538095e-06,3.722481778822839260e-04,1.388798936963198116e-10,9.389164915774017572e-06,3.366216333233751357e-05,0.000000000000000000e+00,9.542148291075136513e-06,1.703105681372107938e-06,3.373073376167212700e-09
4.870538032264448702e-05,9.200486601912416518e-06,3.848107007797807455e-04,6.799089624642817853e-10,2.240277899545617402e-05,4.901394640910439193e-05,0.000000000000000000e+00,1.023826280288631096e-05,1.703105681372107938e-06,3.279167160030738160e-09
5.849733497598208487e-05,1.572088149259798229e-05,4.048962146043777466e-04,1.161761020718188320e-09,2.933494579338002950e-05,5.019534000894054770e-05,0.000000000000000000e+00,2.286830749653745443e-05,1.703105681372107938e-06,4.429087319124391797e-09
6.217495683813467622e-05,1.877886461443267763e-05,4.190175968687981367e-04,1.387743808756169983e-09,3.243804167141206563e-05,5.903093187953345478e-05,0.000000000000000000e+00,1.494332900620065629e-05,1.703105681372107938e-06,3.549324389950925251e-09
5.579794014920480549e-05,1.446300484531093389e-05,3.923131444025784731e-04,1.068805044468490451e-09,2.802368362608831376e-05,4.931519288220442832e-05,0.000000000000000000e+00,2.103622318827547133e-05,1.703105681372107938e-06,4.267363351573294494e-09
4.590014577843248844e-05,6.828239293099613860e-06,3.812324721366167068e-04,5.046017492738030796e-10,1.910415448946878314e-05,4.600565080181695521e-05,0.000000000000000000e+00,9.486559974902775139e-06,1.703105681372107938e-06,3.198771914014741924e-09
3.870394721161574125e-05,1.800606128199433442e-06,3.606807440519332886e-04,1.330634352703086165e-10,9.168751603283453733e-06,3.411093348404392600e-05,0.000000000000000000e+00,8.352651093446183950e-06,1.703105681372107938e-06,3.246984903171323822e-09
3.768322858377359807e-05,1.090453338292718399e-06,3.577499592211097479e-04,8.058367167995683644e-11,6.622643468290334567e-06,3.287549407104961574e-05,0.000000000000000000e+00,8.177785275620408356e-06,1.703105681372107938e-06,3.240239632162911221e-09
4.157308649155311286e-05,4.471251031645806506e-06,3.632763109635561705e-04,3.304220508315580673e-10,1.515101303084520623e-05,4.260116111254319549e-05,0.000000000000000000e+00,7.742055458948016167e-06,1.703105681372107938e-06,3.140371740428804515e-09
4.611127224052324891e-05,6.978269539104076102e-06,3.761386324185878038e-04,5.156888804869197429e-10,1.928061101352795959e-05,4.118632568861357868e-05,0.000000000000000000e+00,1.519139277661452070e-05,1.703105681372107938e-06,3.846964968801103169e-09
4.775515117216855288e-05,9.451735422771889716e-06,3.719362430274486542e-04,6.984760547723567470e-10,2.243359631393104792e-05,4.930551585857756436e-05,0.000000000000000000e+00,1.109789263864513487e-05,1.703105681372107938e-06,3.350210775465711777e-09
4.501940202317200601e-05,6.523153842863393947e-06,3.710566670633852482e-04,4.820561727569838695e-10,1.872962093329988420e-05,4.074692333233542740e-05,0.000000000000000000e+00,1.390580200677504763e-05,1.703105681372107938e-06,3.732583131466071791e-09
4.029585034004412591e-05,3.719939513757708482e-06,3.584224032238125801e-04,2.749007133040493045e-10,1.369736219203332439e-05,4.116610216442495584e-05,0.000000000000000000e+00,7.336709131777752191e-06,1.703105681372107938e-06,3.095856460078039163e-09
3.689770528580993414e-05,1.077710408026177902e-06,3.504489723127335310e-04,7.964198051046977866e-11,6.521040177176473662e-06,3.247410131734795868e-05,0.000000000000000000e+00,7.750967597530689090e-06,1.703105681372107938e-06,3.193712849736130011e-09
3.699845547089353204e-05,1.301354814131627791e-06,3.492138930596411228e-04,9.616913515531066992e-11,7.472653123841155320e-06,3.301077231299132109e-05,0.000000000000000000e+00,7.757098501315340400e-06,1.703105681372107938e-06,3.189694730565406644e-09
3.953689883928745985e-05,3.167379418300697580e-06,3.566041123121976852e-04,2.340669325029409720e-10,1.241978134203236550e-05,4.009393160231411457e-05,0.000000000000000000e+00,7.091083716659341007e-06,1.703105681372107938e-06,3.062859299518549960e-09
4.138559233979322016e-05,4.647984042094321921e-06,3.559619071893393993e-04,3.434825202042190995e-10,1.569985215610358864e-05,3.856644980260170996e-05,0.000000000000000000e+00,1.141415123129263520e-05,1.703105681372107938e-06,3.510703727727104706e-09
4.113023896934464574e-05,4.699068540503503755e-06,3.563889767974615097e-04,3.472576115548520193e-10,1.553932816023007035e-05,4.290329161449335515e-05,0.000000000000000000e+00,7.922724762465804815e-06,1.703105681372107938e-06,3.124287495381850022e-09
3.895704867318272591e-05,2.877538918255595490e-06,3.502778708934783936e-04,2.126479409225723316e-10,1.191807041323045269e-05,3.535174619173631072e-05,0.000000000000000000e+00,1.051722574629820883e-05,1.703105681372107938e-06,3.448021423935188068e-09
3.666381599032320082e-05,1.575853957547224127e-06,3.439641732256859541e-04,1.164544155551894278e-10,8.135512871376704425e-06,3.693475082400254905e-05,0.000000000000000000e+00,6.915486665093339980e-06,1.703105681372107938e-06,3.104807522191777025e-09
3.574230140657164156e-05,8.439008638561062980e-07,3.415997198317199945e-04,6.236363508937969868e-11,5.655832865159027278e-06,3.311101681902073324e-05,0.000000000000000000e+00,7.384242962871212512e-06,1.703105681372107938e-06,3.171355178466228608e-09
3.619319613790139556e-05,1.174362182609911542e-06,3.418912237975746393e-04,8.678448931709326075e-11,7.018968972261063755e-06,3.264554834458976984e-05,0.000000000000000000e+00,8.297087333630770445e-06,1.703105681372107938e-06,3.259158720680943588e-09
3.714937702170573175e-05,2.146674887626431882e-06,3.430258075240999460e-04,1.586376585649418303e-10,9.932597095030359924e-06,3.819831908913329244e-05,0.000000000000000000e+00,7.001191988820210099e-06,1.703105681372107938e-06,3.096788603329514444e-09
3.724816633621230721e-05,2.097512378895771690e-06,3.419249842409044504e-04,1.550045924947340836e-10,1.000331849354552105e-05,3.411258512642234564e-05,0.000000000000000000e+00,9.581515769241377711e-06,1.703105681372107938e-06,3.363535228118053055e-09
3.664759424282237887e-05,1.888861334009561688e-06,3.407470067031681538e-04,1.395854126728934830e-10,9.138558198173996061e-06,3.766619556699879467e-05,0.000000000000000000e+00,6.840323749202070758e-06,1.703105681372107938e-06,3.074270171765647319e-09
3.578237010515294969e-05,1.250380478268198203e-06,3.373421786818653345e-04,9.240216924943922550e-11,7.317191375477705151e-06,3.248054053983651102e-05,0.000000000000000000e+00,7.977726454555522650e-06,1.703105681372107938e-06,3.214806643114798135e-09
3.510821625241078436e-05,9.046183322425349616e-07,3.352771745994687080e-04,6.685060838229617275e-11,5.679294645233312622e-06,3.430584547459147871e-05,0.000000000000000000e+00,6.758768904546741396e-06,1.703105681372107938e-06,3.088672428930294700e-09
3.491718962322920561e-05,7.944914273139147554e-07,3.342196578159928322e-04,5.871231972820467604e-11,5.324689936969662085e-06,3.327562444610521197e-05,0.000000000000000000e+00,7.007313797657843679e-06,1.703105681372107938e-06,3.120309122195408236e-09
3.494188786135055125e-05,8.562906259612645954e-07,3.332310589030385017e-04,6.327922907889416138e-11,5.634997251036111265e-06,3.237509736209176481e-05,0.000000000000000000e+00,7.624907993886154145e-06,1.703105681372107938e-06,3.185115948767247573e-09
3.518058292684145272e-05,1.189025169878732413e-06,3.329748578835278749e-04,8.786806698912741354e-11,6.819404916313942522e-06,3.555314469849690795e-05,0.000000000000000000e+00,6.940700586710590869e-06,1.703105681372107938e-06,3.105571577677324058e-09
3.529096284182742238e-05,1.202075736728147604e-06,3.325691504869610071e-04,8.883248303614976749e-11,7.098473815858596936e-06,3.237571581848897040e-05,0.000000000000000000e+00,8.319734661199618131e-06,1.703105681372107938e-06,3.254067681979222471e-09
3.530916728777810931e-05,1.477826913287572097e-06,3.313244669698178768e-04,1.092102935862371282e-10,7.842539162083994597e-06,3.656975968624465168e-05,0.000000000000000000e+00,6.988917448325082660e-06,1.703105681372107938e-06,3.105789181390150588e-09
3.501655373838730156e-05,1.155567929345124867e-06,3.302175609860569239e-04,8.539559337439328601e-11,6.981447768339421600e-06,3.244863546569831669e-05,0.000000000000000000e+00,8.392318704864010215e-06,1.703105681372107938e-06,3.258987302245941464e-09
3.474293043836951256e-05,1.149308673120685853e-06,3.290712775196880102e-04,8.493303976786492626e-11,6.681978902634000406e-06,3.527055014274083078e-05,0.000000000000000000e+00,6.864888746349606663e-06,1.703105681372107938e-06,3.100722789639576149e-09
3.446184200583957136e-05,9.151428912446135655e-07,3.277901560068130493e-04,6.762836818330342226e-11,5.982937182125169784e-06,3.269854278187267482e-05,0.000000000000000000e+00,7.676819222979247570e-06,1.703105681372107938e-06,3.188230124351321138e-09
3.420182474656030536e-05,8.938858968576823827e-07,3.262123500462621450e-04,6.605748587018567264e-11,5.793346190330339596e-06,3.399433990125544369e-05,0.000000000000000000e+00,6.867045158287510276e-06,1.703105681372107938e-06,3.101452428211359802e-09
3.407290932955220342e-05,8.149269206114695407e-07,3.254770417697727680e-04,6.022247978076933350e-11,5.517152203537989408e-06,3.316234142403118312e-05,0.000000000000000000e+00,7.102775725797982886e-06,1.703105681372107938e-06,3.128875825098020869e-09
3.389941412024199963e-05,7.790977747390570585e-07,3.241290978621691465e-04,5.757473317546946134e-11,5.258405053609749302e-06,3.316304719191975892e-05,0.000000000000000000e+00,7.074035693221958354e-06,1.703105681372107938e-06,3.125998349062797388e-09
3.381100759725086391e-05,7.567903139715781435e-07,3.233860479667782784e-04,5.592623239514260547e-11,5.167531526240054518e-06,3.317156733828596771e-05,0.000000000000000000e+00,7.156115316320210695e-06,1.703105681372107938e-06,3.135646853280604773e-09
3.373796425876207650e-05,7.637219709977216553e-07,3.225442778784781694e-04,5.643847542091684488e-11,5.237144705461105332e-06,3.308032682980410755e-05,0.000000000000000000e+00,7.198127150331856683e-06,1.703105681372107938e-06,3.140671278600848382e-09
3.364352232892997563e-05,8.044077048907638527e-07,3.212944720871746540e-04,5.944511549671460671e-11,5.399939709604950622e-06,3.334234497742727399e-05,0.000000000000000000e+00,7.096695298969279975e-06,1.703105681372107938e-06,3.130351533542352627e-09
3.356860906933434308e-05,7.903129244368756190e-07,3.204003733117133379e-04,5.840352507169299656e-11,5.460241936816601083e-06,3.292539986432529986e-05,0.000000000000000000e+00,7.382545845757704228e-06,1.703105681372107938e-06,3.162162531822332312e-09
3.352820567670278251e-05,8.422060773227713071e-07,3.197418700437992811e-04,6.223839499330807712e-11,5.543449788092402741e-06,3.374582593096420169e-05,0.000000000000000000e+00,7.118096618796698749e-06,1.703105681372107938e-06,3.133611592431861936e-09
3.344612196087837219e-05,8.052728617258253507e-07,3.187575493939220905e-04,5.950905046514520791e-11,5.492564014275558293e-06,3.270884189987555146e-05,0.000000000000000000e+00,7.650934094272088259e-06,1.703105681372107938e-06,3.186525932008521522e-09
3.340751209179870784e-05,9.403265721630305052e-07,3.177998587489128113e-04,6.948942810058866826e-11,5.842498012498253956e-06,3.440293221501633525e-05,0.000000000000000000e+00,6.872011908853892237e-06,1.703105681372107938e-06,3.099503320669327877e-09
3.361886774655431509e-05,1.090532919079123531e-06,3.175307647325098515e-04,8.058954892309344586e-11,6.693071100016823038e-06,3.228530476917512715e-05,0.000000000000000000e+00,7.752609235467389226e-06,1.703105681372107938e-06,3.194257525152011112e-09
3.431721052038483322e-05,1.754231107042869553e-06,3.187862166669219732e-04,1.296363572045322599e-10,8.774119123700074852e-06,3.732887125806882977e-05,0.000000000000000000e+00,6.843589289928786457e-06,1.703105681372107938e-06,3.075406818098258555e-09
3.607156759244389832e-05,2.904975872297654860e-06,3.209142887499183416e-04,2.146755134768696394e-10,1.230592715728562325e-05,3.574713991838507354e-05,0.000000000000000000e+00,1.075161890184972435e-05,1.703105681372107938e-06,3.454099228861196025e-09
3.977774395025335252e-05,5.985500592942116782e-06,3.292539913672953844e-04,4.423239274853330016e-10,1.792754665075335652e-05,4.486602119868621230e-05,0.000000000000000000e+00,8.668421287438832223e-06,1.703105681372107938e-06,3.171726881134873111e-09
4.645713852369226515e-05,1.050098126142984256e-05,3.421397705096751451e-04,7.760145859236899923e-10,2.397257230768445879e-05,4.546438503894023597e-05,0.000000000000000000e+00,1.742178574204444885e-05,1.703105681372107938e-06,4.003468667690412985e-09
5.909148239879868925e-05,2.061478517134673893e-05,3.672541060950607061e-04,1.523417059168252763e-09,3.399152410565875471e-05,6.048927752999588847e-05,0.000000000000000000e+00,1.751286799844820052e-05,1.703105681372107938e-06,3.750716182082669548e-09
7.897083560237661004e-05,3.419877975829876959e-05,4.099048674106597900e-04,2.527263953666647467e-09,4.379456004244275391e-05,6.302297697402536869e-05,0.000000000000000000e+00,3.781566920224577188e-05,1.703105681372107938e-06,5.602897701351139403e-09
1.127456853282637894e-04,6.049601870472542942e-05,4.801128234248608351e-04,4.470610104334582502e-09,5.869397864444181323e-05,8.502985292579978704e-05,0.000000000000000000e+00,4.238384281052276492e-05,1.703105681372107938e-06,5.478292042226939884e-09
1.563633122714236379e-04,9.109033999266102910e-05,5.667254445143043995e-04,6.731506907442508236e-09,7.154958439059555531e-05,8.841240924084559083e-05,0.000000000000000000e+00,8.600432192906737328e-05,1.703105681372107938e-06,9.292627112245099852e-09
2.267330564791336656e-04,1.439568150090053678e-04,7.255274686031043530e-04,1.063829913050540199e-08,9.070750093087553978e-05,1.169846145785413682e-04,0.000000000000000000e+00,1.022349024424329400e-04,1.703105681372107938e-06,9.743498452507992624e-09
3.027726197615265846e-04,2.002354303840547800e-04,8.568968041799962521e-04,1.479724787145642040e-08,1.061124057741835713e-04,1.204932777909561992e-04,0.000000000000000000e+00,1.684750022832304239e-04,1.703105681372107938e-06,1.553642015039713442e-08
4.437214229255914688e-04,3.015705151483416557e-04,1.207366003654897213e-03,2.228583184660237748e-08,1.312474050791934133e-04,1.574933266965672374e-04,0.000000000000000000e+00,2.141429868061095476e-04,1.703105681372107938e-06,1.781660152744279912e-08
5.658332374878227711e-04,3.962158225476741791e-04,1.364539028145372868e-03,2.928004860791588726e-08,1.492809096816927195e-04,1.611423504073172808e-04,0.000000000000000000e+00,3.316350630484521389e-04,1.703105681372107938e-06,2.779386321094534651e-08
7.980959489941596985e-04,5.569919594563543797e-04,2.006133319810032845e-03,4.116127882980435970e-08,1.785193890100345016e-04,2.047151501756161451e-04,0.000000000000000000e+00,4.049062845297157764e-04,1.703105681372107938e-06,3.168546314213926962e-08
9.011947549879550934e-04,6.507396465167403221e-04,1.986713847145438194e-03,4.808916287402098533e-08,1.910135033540427685e-04,2.008609444601461291e-04,0.000000000000000000e+00,5.178375286050140858e-04,1.703105681372107938e-06,4.173175227606407134e-08
1.168535789474844933e-03,8.215029374696314335e-04,2.875804668292403221e-03,6.070845159911186784e-08,2.165835030609741807e-04,2.427252038614824414e-04,0.000000000000000000e+00,5.945241427980363369e-04,1.703105681372107938e-06,4.551414889419902465e-08
1.144416164606809616e-03,8.390063303522765636e-04,2.383884275332093239e-03,6.200193070071691182e-08,2.168541832361370325e-04,2.257909654872491956e-04,0.000000000000000000e+00,6.702147657051682472e-04,1.703105681372107938e-06,5.310782569267757935e-08
1.301988027989864349e-03,9.086228674277663231e-04,3.273041918873786926e-03,6.714654432471434120e-08,2.281615306856110692e-04,2.542723668739199638e-04,0.000000000000000000e+00,6.606096867471933365e-04,1.703105681372107938e-06,5.034556238570075948e-08
1.078497385606169701e-03,7.963086827658116817e-04,2.195875858888030052e-03,5.884660936317231972e-08,2.109877532348036766e-04,2.204285119660198689e-04,0.000000000000000000e+00,6.260116933844983578e-04,1.703105681372107938e-06,4.981320600450089842e-08
1.007639104500412941e-03,6.928866496309638023e-04,2.641561208292841911e-03,5.120379142908859649e-08,1.989818847505375743e-04,2.251240948680788279e-04,0.000000000000000000e+00,5.059633404016494751e-04,1.703105681372107938e-06,3.906180978674456128e-08
6.891632219776511192e-04,5.023583071306347847e-04,1.470199436880648136e-03,3.712389329280085803e-08,1.677270920481532812e-04,1.793854607967659831e-04,0.000000000000000000e+00,3.978494787588715553e-04,1.703105681372107938e-06,3.278997695588259376e-08
4.984305123798549175e-04,3.301357792224735022e-04,1.442695385776460171e-03,2.439678148391521972e-08,1.373149279970675707e-04,1.635384105611592531e-04,0.000000000000000000e+00,2.402518584858626127e-04,1.703105681372107938e-06,1.976744101739313919e-08
2.830733719747513533e-04,1.903589436551555991e-04,7.686306489631533623e-04,1.406738192599732429e-08,1.035530731314793229e-04,1.186555891763418913e-04,0.000000000000000000e+00,1.585137215442955494e-04,1.703105681372107938e-06,1.487509315722945757e-08
1.547307765576988459e-04,8.900486864149570465e-05,5.943217547610402107e-04,6.577392852591401606e-09,7.060275675030425191e-05,9.696745837572962046e-05,0.000000000000000000e+00,6.293733895290642977e-05,1.703105681372107938e-06,7.039387739382618747e-09
7.216064841486513615e-05,2.956120079034008086e-05,3.931447572540491819e-04,2.184550318418132520e-09,4.077624180354177952e-05,6.022108209435828030e-05,0.000000000000000000e+00,3.284967533545568585e-05,1.703105681372107938e-06,5.351008081078134637e-09
3.762683991226367652e-05,4.775369689014041796e-06,3.213752352166920900e-04,3.528962122523182643e-10,1.471699670219095424e-05,4.223893120069988072e-05,0.000000000000000000e+00,7.139457011362537742e-06,1.703105681372107938e-06,3.204576604076692092e-09
3.572690548026002944e-05,3.509089538056286983e-06,3.159500774927437305e-04,2.593190662203426200e-10,1.223984236276010051e-05,4.062883817823603749e-05,0.000000000000000000e+00,6.228072379599325359e-06,1.703105681372107938e-06,3.131729320315912446e-09
5.664095078827813268e-05,1.809991226764395833e-05,3.616519097704440355e-04,1.337569832671192671e-09,3.187846596119925380e-05,5.203917316976003349e-05,0.000000000000000000e+00,2.375846815994009376e-05,1.703105681372107938e-06,4.600682057542826442e-09
9.278322977479547262e-05,4.549488585325889289e-05,4.400236648507416248e-04,3.362037537257833719e-09,5.039467941969633102e-05,7.683371950406581163e-05,0.000000000000000000e+00,3.285973798483610153e-05,1.703105681372107938e-06,4.855281066085126440e-09
1.315264671575278044e-04,7.493083830922842026e-05,4.991726018488407135e-04,5.537331926319666309e-09,6.457935523940250278e-05,8.210476516978815198e-05,0.000000000000000000e+00,6.678366480628028512e-05,1.703105681372107938e-06,7.870482932048616931e-09
1.808280212571844459e-04,1.086018601199612021e-04,6.464725011028349400e-04,8.025595299443466502e-09,7.885864761192351580e-05,1.052231236826628447e-04,0.000000000000000000e+00,7.578916847705841064e-05,1.703105681372107938e-06,7.854216832470228837e-09
2.202737377956509590e-04,1.407233794452622533e-04,6.745417485944926739e-04,1.039935071389663790e-08,8.871594764059409499e-05,1.044691089191474020e-04,0.000000000000000000e+00,1.209619731525890529e-04,1.703105681372107938e-06,1.196291243843461416e-08
2.778837515506893396e-04,1.804791681934148073e-04,8.471750188618898392e-04,1.333727350782965004e-08,1.016583337332122028e-04,1.279127318412065506e-04,0.000000000000000000e+00,1.268708729185163975e-04,1.703105681372107938e-06,1.153658235608645555e-08
3.110935504082590342e-04,2.059374819509685040e-04,8.797584450803697109e-04,1.521862635911475081e-08,1.076503249350935221e-04,1.218419347424060106e-04,0.000000000000000000e+00,1.718022394925355911e-04,1.703105681372107938e-06,1.583192599241556309e-08
3.728041483554989100e-04,2.539164270274341106e-04,1.016773283481597900e-03,1.876422928148713254e-08,1.204657892230898142e-04,1.467005786253139377e-04,0.000000000000000000e+00,1.721041771816089749e-04,1.703105681372107938e-06,1.482913702943733369e-08
3.823922597803175449e-04,2.563856251072138548e-04,1.046265359036624432e-03,1.894670376145768387e-08,1.201868726639077067e-04,1.334137778030708432e-04,0.000000000000000000e+00,2.138008712790906429e-04,1.703105681372107938e-06,1.901624813172020367e-08
4.211888590361922979e-04,2.893493801821023226e-04,1.119620632380247116e-03,2.138270183138502034e-08,1.287035556742921472e-04,1.548993895994499326e-04,0.000000000000000000e+00,1.987743016798049212e-04,1.703105681372107938e-06,1.676867000810489117e-08
3.933973493985831738e-04,2.659054589457809925e-04,1.051840721629559994e-03,1.965021212413375906e-08,1.223607105202972889e-04,1.355688727926462889e-04,0.000000000000000000e+00,2.230782120022922754e-04,1.703105681372107938e-06,1.970378171733955242e-08
4.013663856312632561e-04,2.725047525018453598e-04,1.101978588849306107e-03,2.013789490717954322e-08,1.247340842382982373e-04,1.510047732153907418e-04,0.000000000000000000e+00,1.866376551333814859e-04,1.703105681372107938e-06,1.585960873740077659e-08
3.546411171555519104e-04,2.402938553132116795e-04,9.408647310920059681e-04,1.775753410981906200e-08,1.159276871476322412e-04,1.297469862038269639e-04,0.000000000000000000e+00,2.026076545007526875e-04,1.703105681372107938e-06,1.813625161162235599e-08
3.425098839215934277e-04,2.259261091239750385e-04,1.003001932986080647e-03,1.669577009977274429e-08,1.137648068834096193e-04,1.400711771566420794e-04,0.000000000000000000e+00,1.628358295420184731e-04,1.703105681372107938e-06,1.412054917437899348e-08
2.913633943535387516e-04,1.945303956745192409e-04,8.024634444154798985e-04,1.437564911555000435e-08,1.042391668306663632e-04,1.188795649795792997e-04,0.000000000000000000e+00,1.658666151342913508e-04,1.703105681372107938e-06,1.535903493277146481e-08
2.703929203562438488e-04,1.744079781929031014e-04,8.349529234692454338e-04,1.288861728454548938e-08,9.965970093617215753e-05,1.260299031855538487e-04,0.000000000000000000e+00,1.248964981641620398e-04,1.703105681372107938e-06,1.138407057510448794e-08
2.250880061183124781e-04,1.437994069419801235e-04,6.856305990368127823e-04,1.062666754592100915e-08,8.986244210973381996e-05,1.053754822351038456e-04,0.000000000000000000e+00,1.272553054150193930e-04,1.703105681372107938e-06,1.245555392159758412e-08
1.979076332645490766e-04,1.228217006428167224e-04,6.638523191213607788e-04,9.076430274035374168e-09,8.372135926038026810e-05,1.100693407352082431e-04,0.000000000000000000e+00,8.700696344021707773e-05,1.703105681372107938e-06,8.683735508441259299e-09
1.585926947882398963e-04,9.382707503391429782e-05,5.603447207249701023e-04,6.933750018589535102e-09,7.258627738337963820e-05,8.930826879804953933e-05,0.000000000000000000e+00,8.731146226637065411e-05,1.703105681372107938e-06,9.439286685619663331e-09
1.343522453680634499e-04,7.703821029281243682e-05,5.195823032408952713e-04,5.693065130429886267e-09,6.613268487853929400e-05,9.249872528016567230e-05,0.000000000000000000e+00,5.355802568374201655e-05,1.703105681372107938e-06,6.305412192375570157e-09
1.079035209841094911e-04,5.687062730430625379e-05,4.551511083263903856e-04,4.202695969013348076e-09,5.661011891788803041e-05,7.470541459042578936e-05,0.000000000000000000e+00,5.517778481589630246e-05,1.703105681372107938e-06,6.981584199650114897e-09
8.937728125602006912e-05,4.374284981167875230e-05,4.258490516804158688e-04,3.232563550170652888e-09,4.960656224284321070e-05,7.597376679768785834e-05,0.000000000000000000e+00,3.049531005672179163e-05,1.703105681372107938e-06,4.666028452504633606e-09
7.114449545042589307e-05,3.037810529349371791e-05,3.737321530934423208e-04,2.244919139471335257e-09,4.113626346224918962e-05,6.075366036384366453e-05,0.000000000000000000e+00,3.393180668354034424e-05,1.703105681372107938e-06,5.327800423060580215e-09
5.873291593161411583e-05,2.085734195134136826e-05,3.616736794356256723e-04,1.541341942967733303e-09,3.426967305131256580e-05,6.082678373786620796e-05,0.000000000000000000e+00,1.708203308226075023e-05,1.703105681372107938e-06,3.723306996050723683e-09
4.898675979347899556e-05,1.414953567291377112e-05,3.282300313003361225e-04,1.045639907992779172e-09,2.819569272105582058e-05,4.910041388939134777e-05,0.000000000000000000e+00,2.014216261159162968e-05,1.703105681372107938e-06,4.234342654285683238e-09
4.329697912908159196e-05,9.849901289271656424e-06,3.235824406147003174e-04,7.279002400828460395e-10,2.327926631551235914e-05,5.017521471017971635e-05,0.000000000000000000e+00,1.088834051188314334e-05,1.703105681372107938e-06,3.311805496508668512e-09
3.963448398280888796e-05,7.313303285627625883e-06,3.097793087363243103e-04,5.404475755810267401e-10,1.995955244638025761e-05,4.172619082964956760e-05,0.000000000000000000e+00,1.343250551144592464e-05,1.703105681372107938e-06,3.703801709775689233e-09
3.727238799910992384e-05,5.914820576435886323e-06,3.056618152186274529e-04,4.371007722436814902e-10,1.763344698701985180e-05,4.501401781453751028e-05,0.000000000000000000e+00,7.913848094176501036e-06,1.703105681372107938e-06,3.134514425795487114e-09
3.550540350261144340e-05,4.158995579928159714e-06,3.020328585989773273e-04,3.073466481318121168e-10,1.488510406488785520e-05,3.727484727278351784e-05,0.000000000000000000e+00,1.143121244240319356e-05,1.703105681372107938e-06,3.543349613721602509e-09
3.443259629420936108e-05,3.955597094318363816e-06,2.974376548081636429e-04,2.923156161571682787e-10,1.433490433555562049e-05,4.189829633105546236e-05,0.000000000000000000e+00,7.332359928113874048e-06,1.703105681372107938e-06,3.111251700715911284e-09
3.413874583202414215e-05,3.165317139064427465e-06,2.990604843944311142e-04,2.339145543928111692e-10,1.286787028220715001e-05,3.577181269065476954e-05,0.000000000000000000e+00,1.067380617314483970e-05,1.703105681372107938e-06,3.474739607156607235e-09
3.493949770927429199e-05,4.361979335953947157e-06,2.982635633088648319e-04,3.223469269286738381e-10,1.516860083938809112e-05,4.238234760123305023e-05,0.000000000000000000e+00,7.511632247769739479e-06,1.703105681372107938e-06,3.110852020427046227e-09
3.704429764184169471e-05,5.371374300011666492e-06,3.041207673959434032e-04,3.969405082404620089e-10,1.703978705336339772e-05,3.966662552556954324e-05,0.000000000000000000e+00,1.260847420780919492e-05,1.703105681372107938e-06,3.620580724117417049e-09
4.078977144672535360e-05,8.821136361802928150e-06,3.102304181084036827e-04,6.518752204698330388e-10,2.230878089903853834e-05,4.869515760219655931e-05,0.000000000000000000e+00,9.455952749704010785e-06,1.703105681372107938e-06,3.213083576980579892e-09
4.559979061014018953e-05,1.181781135528581217e-05,3.199077327735722065e-04,8.733272993666219008e-10,2.568453601270448416e-05,4.713276939583010972e-05,0.000000000000000000e+00,1.791206523193977773e-05,1.703105681372107938e-06,4.038124945537902022e-09
5.161466106073930860e-05,1.710377364361193031e-05,3.312671324238181114e-04,1.263955828889606892e-09,3.095416468568146229e-05,5.733953003073111176e-05,0.000000000000000000e+00,1.384169627272058278e-05,1.703105681372107938e-06,3.488590749611830688e-09
5.687069278792478144e-05,2.008479168580379337e-05,3.430554934311658144e-04,1.484250833350131416e-09,3.339495378895662725e-05,5.369709106162190437e-05,0.000000000000000000e+00,2.480347757227718830e-05,1.703105681372107938e-06,4.583938562063849531e-09
6.334475619951263070e-05,2.594330726424232125e-05,3.534624120220541954e-04,1.917190850520000822e-09,3.842060323222540319e-05,6.489131192211061716e-05,0.000000000000000000e+00,2.055202639894559979e-05,1.703105681372107938e-06,3.949171656358885230e-09
7.021627243375405669e-05,2.972454421978909522e-05,3.698974323924630880e-04,2.196621329275671997e-09,4.057759360875934362e-05,6.003918679198250175e-05,0.000000000000000000e+00,3.501983155729249120e-05,1.703105681372107938e-06,5.384595880286724423e-09
8.253192208940163255e-05,4.046403046231716871e-05,3.911766689270734787e-04,2.990261371849101124e-09,4.772946704179048538e-05,7.432231359416618943e-05,0.000000000000000000e+00,2.950215457531157881e-05,1.703105681372107938e-06,4.566933942129480783e-09
9.748581942403689027e-05,4.983534381608478725e-05,4.243975563440471888e-04,3.682794291748336946e-09,5.269263783702626824e-05,7.094266038620844483e-05,0.000000000000000000e+00,5.210719245951622725e-05,1.703105681372107938e-06,6.704420130176913517e-09
1.233738003065809608e-04,7.022522913757711649e-05,4.790287348441779613e-04,5.189590535081833877e-09,6.318413215922191739e-05,8.972250361694023013e-05,0.000000000000000000e+00,5.245689317234791815e-05,1.703105681372107938e-06,6.185900680577560706e-09
1.519784564152359962e-04,9.029708598973229527e-05,5.297906463965773582e-04,6.672885799474670421e-09,7.103175448719412088e-05,8.776700997259467840e-05,0.000000000000000000e+00,8.702311606612056494e-05,1.703105681372107938e-06,9.371051490347781510e-09
2.028197777690365911e-04,1.283919846173375845e-04,6.530774990096688271e-04,9.488070773500112409e-09,8.539006375940516591e-05,1.118453074013814330e-04,0.000000000000000000e+00,9.120055619860067964e-05,1.703105681372107938e-06,8.944187612769383122e-09
2.592216187622398138e-04,1.704476308077573776e-04,7.375350105576217175e-04,1.259595094893484202e-08,9.761688852449879050e-05,1.124660848290659487e-04,0.000000000000000000e+00,1.502048544352874160e-04,1.703105681372107938e-06,1.415710215724175214e-08
3.714621707331389189e-04,2.505222801119089127e-04,1.028534490615129471e-03,1.851340414305013837e-08,1.194881406263448298e-04,1.458328333683311939e-04,0.000000000000000000e+00,1.808642700780183077e-04,1.703105681372107938e-06,1.540567673430359719e-08
4.924432723782956600e-04,3.440206055529415607e-04,1.200553029775619507e-03,2.542286026141482580e-08,1.390139514114707708e-04,1.512908056611195207e-04,0.000000000000000000e+00,2.836737257894128561e-04,1.703105681372107938e-06,2.420585687445964140e-08
7.494852761738002300e-04,5.244199419394135475e-04,1.870684442110359669e-03,3.875423360000240791e-08,1.730906806187704206e-04,1.993195910472422838e-04,0.000000000000000000e+00,3.799686674028635025e-04,1.703105681372107938e-06,2.987065528259336133e-08
9.661070653237402439e-04,6.990667898207902908e-04,2.105828141793608665e-03,5.166051053606679488e-08,1.981213717954233289e-04,2.074877702398225665e-04,0.000000000000000000e+00,5.645748460665345192e-04,1.703105681372107938e-06,4.523301555536818341e-08
1.486702938564121723e-03,1.054717344231903553e-03,3.557419404387474060e-03,7.794281486894760747e-08,2.454999485053122044e-04,2.716453163884580135e-04,0.000000000000000000e+00,7.624363643117249012e-04,1.703105681372107938e-06,5.779005718409280234e-08
1.738404389470815659e-03,1.288258587010204792e-03,3.499887185171246529e-03,9.520132948637183290e-08,2.686596708372235298e-04,2.754324814304709435e-04,0.000000000000000000e+00,1.001571305096149445e-03,1.703105681372107938e-06,7.782078625950816786e-08
2.520829439163208008e-03,1.783812884241342545e-03,6.067963782697916031e-03,1.318224036594983772e-07,3.193232114426791668e-04,3.453933750279247761e-04,0.000000000000000000e+00,1.302201417274773121e-03,1.703105681372107938e-06,9.730764105597700109e-08
2.405026461929082870e-03,1.815080060623586178e-03,4.488009493798017502e-03,1.341330460036260774e-07,3.176587924826890230e-04,3.231828450225293636e-04,0.000000000000000000e+00,1.411455217748880386e-03,1.703105681372107938e-06,1.083101608401193516e-07
2.849987009540200233e-03,1.988748088479042053e-03,7.156966719776391983e-03,1.469669683729080134e-07,3.372710489202290773e-04,3.633394953794777393e-04,0.000000000000000000e+00,1.455421093851327896e-03,1.703105681372107938e-06,1.085099938791245222e-07
2.008296782150864601e-03,1.539315213449299335e-03,3.513139439746737480e-03,1.137542255946755176e-07,2.915197110269218683e-04,2.986064064316451550e-04,0.000000000000000000e+00,1.176676247268915176e-03,1.703105681372107938e-06,9.081932006438364624e-08
1.553011941723525524e-03,1.045464421622455120e-03,4.290245473384857178e-03,7.725903117261623265e-08,2.440413518343120813e-04,2.701876801438629627e-04,0.000000000000000000e+00,7.852299604564905167e-04,1.703105681372107938e-06,5.942339953435293864e-08
6.809897604398429394e-04,5.153251113370060921e-04,1.264009042643010616e-03,3.808213833167428675e-08,1.691109064267948270e-04,1.817272423068061471e-04,0.000000000000000000e+00,3.926375065930187702e-04,1.703105681372107938e-06,3.240430501705304778e-08
1.909982529468834400e-04,1.037907495629042387e-04,7.902985671535134315e-04,7.670058366215926071e-09,7.615528011228889227e-05,1.026504105539061129e-04,0.000000000000000000e+00,8.177650306606665254e-05,1.703105681372107938e-06,8.382062155476432963e-09
3.986717274528928101e-05,5.782595053460681811e-06,3.351828781887888908e-04,4.273293940926237156e-10,1.723101377137936652e-05,4.367137808003462851e-05,0.000000000000000000e+00,5.662881903845118359e-06,1.703105681372107938e-06,3.218498578760886630e-09
2.137815463356673717e-04,1.301048032473772764e-04,7.241802522912621498e-04,9.614646856448416656e-09,8.592312224209308624e-05,1.013243672787211835e-04,0.000000000000000000e+00,1.125870840041898191e-04,1.703105681372107938e-06,1.161681417727322696e-08
6.035963306203484535e-04,4.360777384135872126e-04,1.383319729939103127e-03,3.222581312911643181e-08,1.555349299451336265e-04,1.817233278416097164e-04,0.000000000000000000e+00,2.918662794400006533e-04,1.703105681372107938e-06,2.379547225928035914e-08
9.232084848918020725e-04,6.414834642782807350e-04,2.285904949530959129e-03,4.740513759315945208e-08,1.905607350636273623e-04,1.996605133172124624e-04,0.000000000000000000e+00,5.313453730195760727e-04,1.703105681372107938e-06,4.304517275954822253e-08
1.296592527069151402e-03,9.331228793598711491e-04,2.977936062961816788e-03,6.895707826970465248e-08,2.299372135894373059e-04,2.561230212450027466e-04,0.000000000000000000e+00,6.567605887539684772e-04,1.703105681372107938e-06,5.025066940333999810e-08
1.134213758632540703e-03,8.363378001376986504e-04,2.331365365535020828e-03,6.180472666983405361e-08,2.158227434847503901e-04,2.249932149425148964e-04,0.000000000000000000e+00,6.473936373367905617e-04,1.703105681372107938e-06,5.148465476167984889e-08
9.669287828728556633e-04,6.499679875560104847e-04,2.693602815270423889e-03,4.803214181947623729e-08,1.926938421092927456e-04,2.189192164223641157e-04,0.000000000000000000e+00,4.760044976137578487e-04,1.703105681372107938e-06,3.680522553395348950e-08
4.804749623872339725e-04,3.591378626879304647e-04,9.435668471269309521e-04,2.654001285407048272e-08,1.398659514961764216e-04,1.541045348858460784e-04,0.000000000000000000e+00,2.698042080737650394e-04,1.703105681372107938e-06,2.305055346596418531e-08
1.571920001879334450e-04,7.598938100272789598e-05,7.486089598387479782e-04,5.615557796545544988e-09,6.471861706813797355e-05,9.118727757595479488e-05,0.000000000000000000e+00,6.341718835756182671e-05,1.703105681372107938e-06,6.881356373611424715e-09
3.541178739396855235e-05,2.420263854219228961e-06,3.260947705712169409e-04,1.788556663884222075e-10,1.011580297927139327e-05,3.801414641202427447e-05,0.000000000000000000e+00,3.820476194960065186e-06,1.703105681372107938e-06,2.896653805706250751e-09
1.413478603353723884e-04,8.052725752349942923e-05,5.364494863897562027e-04,5.950903325668832622e-09,6.739157834090292454e-05,8.421398524660617113e-05,0.000000000000000000e+00,7.175655628088861704e-05,1.703105681372107938e-06,8.378505000905533961e-09
3.975218860432505608e-04,2.843250404112040997e-04,9.393392247147858143e-04,2.101140417209990119e-08,1.266161270905286074e-04,1.529079163447022438e-04,0.000000000000000000e+00,1.926292607095092535e-04,1.703105681372107938e-06,1.654437298270750034e-08
6.113162962719798088e-04,3.958782181143760681e-04,1.781841623596847057e-03,2.925509967610651074e-08,1.500480721006169915e-04,1.601257390575483441e-04,0.000000000000000000e+00,3.725388087332248688e-04,1.703105681372107938e-06,3.119282965258207696e-08
8.261880720965564251e-04,6.126558873802423477e-04,1.718166051432490349e-03,4.527480967908559251e-08,1.860984339145943522e-04,2.123262383975088596e-04,0.000000000000000000e+00,4.171558539383113384e-04,1.703105681372107938e-06,3.287988903366567683e-08
7.433727732859551907e-04,5.106675671413540840e-04,1.905486453324556351e-03,3.773794787775841542e-08,1.696428516879677773e-04,1.795492571545764804e-04,0.000000000000000000e+00,4.215654917061328888e-04,1.703105681372107938e-06,3.474009702131297672e-08
6.414657109417021275e-04,4.464591911528259516e-04,1.650945283472537994e-03,3.299300033177132718e-08,1.598265225766226649e-04,1.860138436313718557e-04,0.000000000000000000e+00,2.991195942740887403e-04,1.703105681372107938e-06,2.403390197969201836e-08
3.569595864973962307e-04,2.535604871809482574e-04,8.388520218431949615e-04,1.873792676576613303e-08,1.179762257379479706e-04,1.327737991232424974e-04,0.000000000000000000e+00,1.951389422174543142e-04,1.703105681372107938e-06,1.748633948750466516e-08
1.547768333693966269e-04,7.892277062637731433e-05,7.033149595372378826e-04,5.832332394817285603e-09,6.708769797114655375e-05,9.307077561970800161e-05,0.000000000000000000e+00,5.522574065253138542e-05,1.703105681372107938e-06,6.260543194969159231e-09
4.720392826129682362e-05,1.395879917254205793e-05,3.235171607229858637e-04,1.031544627494440647e-09,2.598569699330255389e-05,5.042034899815917015e-05,0.000000000000000000e+00,8.934104698710143566e-06,1.703105681372107938e-06,3.223118216766351907e-09
6.253505853237584233e-05,2.613378455862402916e-05,3.413112426642328501e-04,1.931266924160013332e-09,3.761065818252973258e-05,5.825391053804196417e-05,0.000000000000000000e+00,2.270152253913693130e-05,1.703105681372107938e-06,4.424617561227250917e-09
1.672001817496493459e-04,1.028602564474567771e-04,5.711784469895064831e-04,7.601294704784322676e-09,7.619705138495191932e-05,1.026557656587101519e-04,0.000000000000000000e+00,7.222073327284306288e-05,1.703105681372107938e-06,7.682309899337269599e-09
2.819512155838310719e-04,1.734731922624632716e-04,9.215440950356423855e-04,1.281953743159647274e-08,9.923559991875663400e-05,1.129270240198820829e-04,0.000000000000000000e+00,1.632361527299508452e-04,1.703105681372107938e-06,1.532981386276333069e-08
3.927896614186465740e-04,2.835719787981361151e-04,9.128703386522829533e-04,2.095575624139200954e-08,1.261892030015587807e-04,1.524372491985559464e-04,0.000000000000000000e+00,1.793062256183475256e-04,1.703105681372107938e-06,1.552580819463855732e-08
3.904507611878216267e-04,2.494799846317619085e-04,1.187846763059496880e-03,1.843638131049374351e-08,1.194634241983294487e-04,1.318591966992244124e-04,0.000000000000000000e+00,2.218607696704566479e-04,1.703105681372107938e-06,1.975180197177905939e-08
3.603860677685588598e-04,2.508149773348122835e-04,9.389639599248766899e-04,1.853503661664035462e-08,1.193783900816924870e-04,1.454172888770699501e-04,0.000000000000000000e+00,1.567467552376911044e-04,1.703105681372107938e-06,1.378158032139253919e-08
2.412601897958666086e-04,1.590314932400360703e-04,6.966352812014520168e-04,1.175230757155532046e-08,9.459210559725761414e-05,1.101013913284987211e-04,0.000000000000000000e+00,1.256516843568533659e-04,1.703105681372107938e-06,1.232648827453886042e-08
1.402172201778739691e-04,7.542040839325636625e-05,6.007691845297813416e-04,5.573510986067731210e-09,6.603245856240391731e-05,9.198937914334237576e-05,0.000000000000000000e+00,4.719891148852184415e-05,1.703105681372107938e-06,5.741626285526990614e-09
6.022705929353833199e-05,2.578950079623609781e-05,3.237759810872375965e-04,1.905824609238493395e-09,3.673730316222645342e-05,5.880912794964388013e-05,0.000000000000000000e+00,2.059958569589070976e-05,1.703105681372107938e-06,4.158795086084410286e-09
3.409339115023612976e-05,3.090991185672464781e-06,3.041194286197423935e-04,2.284218925119319010e-10,1.218120996782090515e-05,3.726141949300654233e-05,0.000000000000000000e+00,5.904552381252869964e-06,1.703105681372107938e-06,2.970849344308135187e-09
6.111462425906211138e-05,2.107595355482771993e-05,3.821643185801804066e-04,1.557497020243658881e-09,3.456322156125679612e-05,6.094494528952054679e-05,0.000000000000000000e+00,1.822239391913171858e-05,1.703105681372107938e-06,3.756464028725758908e-09
1.126434945035725832e-04,6.110112735768780112e-05,4.609438474290072918e-04,4.515327223231224707e-09,5.857232463313266635e-05,7.646101585123687983e-05,0.000000000000000000e+00,5.447982039186172187e-05,1.703105681372107938e-06,6.935070295810419339e-09
1.635526859899982810e-04,1.043472220771946013e-04,5.271095433272421360e-04,7.711180138869622169e-09,7.646650919923558831e-05,1.026426689350046217e-04,0.000000000000000000e+00,6.494510307675227523e-05,1.703105681372107938e-06,7.178572403176985972e-09
1.770662347553297877e-04,1.019678093143738806e-04,6.597209139727056026e-04,7.535343904407909577e-09,7.630112668266519904e-05,9.199457417707890272e-05,0.000000000000000000e+00,9.126338409259915352e-05,1.703105681372107938e-06,9.826301550219795899e-09
1.692572841420769691e-04,1.100024310289882123e-04,5.271839327178895473e-04,8.129096507047961495e-09,7.888249092502519488e-05,1.048645281116478145e-04,0.000000000000000000e+00,6.536458386108279228e-05,1.703105681372107938e-06,7.231708121224755814e-09
1.258651318494230509e-04,6.880895671201869845e-05,5.062781274318695068e-04,5.084928922372000670e-09,6.233553722267970443e-05,7.959430513437837362e-05,0.000000000000000000e+00,6.428368214983493090e-05,1.703105681372107938e-06,7.711220106898508675e-09
8.184520265785977244e-05,3.962163827964104712e-05,3.990678815171122551e-04,2.928008946412319347e-09,4.754212204716168344e-05,7.361457392107695341e-05,0.000000000000000000e+00,2.316774953214917332e-05,1.703105681372107938e-06,4.135874309696419004e-09
4.507899575401097536e-05,1.297845392400631681e-05,3.041464951820671558e-04,9.590979122009457569e-10,2.651651448104530573e-05,4.845025978283956647e-05,0.000000000000000000e+00,1.685889947111718357e-05,1.703105681372107938e-06,3.924392366627671436e-09
3.090158497798256576e-05,1.305572027376911137e-06,2.906348963733762503e-04,9.648079557500466308e-11,7.026810635579749942e-06,3.494613702059723437e-05,0.000000000000000000e+00,5.325226084096357226e-06,1.703105681372107938e-06,2.916453079038205942e-09
3.834201561403460801e-05,6.153146841825218871e-06,3.141636261716485023e-04,4.547128784615495078e-10,1.828635140554979444e-05,4.464695666683837771e-05,0.000000000000000000e+00,7.725078830844722688e-06,1.703105681372107938e-06,3.027101680430632769e-09
5.778745253337547183e-05,2.247785960207693279e-05,3.297028597444295883e-04,1.661096926675043051e-09,3.531976108206436038e-05,5.621251330012455583e-05,0.000000000000000000e+00,2.339308048249222338e-05,1.703105681372107938e-06,4.435892542176134157e-09
7.973398896865546703e-05,3.856733019347302616e-05,3.856943803839385509e-04,2.850096381123989886e-09,4.705967876361683011e-05,7.320925942622125149e-05,0.000000000000000000e+00,2.597220191091764718e-05,1.703105681372107938e-06,4.317784796370460754e-09
9.134610445471480489e-05,4.431756678968667984e-05,4.265153547748923302e-04,3.275034909933083327e-09,5.015699207433499396e-05,6.846130418125540018e-05,0.000000000000000000e+00,4.377002915134653449e-05,1.703105681372107938e-06,6.096339877359469028e-09
9.302144462708383799e-05,5.085394877824001014e-05,3.870373766403645277e-04,3.758068078951737334e-09,5.339094059308990836e-05,7.978120265761390328e-05,0.000000000000000000e+00,3.463758912403136492e-05,1.703105681372107938e-06,4.985429846726674441e-09
7.902341167209669948e-05,3.443014429649338126e-05,4.053807642776519060e-04,2.544361610290479803e-09,4.402046761242672801e-05,6.256213237065821886e-05,0.000000000000000000e+00,4.055190947838127613e-05,1.703105681372107938e-06,5.863852070575603648e-09
6.173871952341869473e-05,2.628840229590423405e-05,3.345871227793395519e-04,1.942693117484850518e-09,3.851732617476955056e-05,6.507999205496162176e-05,0.000000000000000000e+00,1.991602221096400172e-05,1.703105681372107938e-06,3.945405335770146849e-09
4.491182698984630406e-05,1.193940443044994026e-05,3.096788132097572088e-04,8.823128894164256053e-10,2.574282370915170759e-05,4.671564238378778100e-05,0.000000000000000000e+00,2.004538509936537594e-05,1.703105681372107938e-06,4.219423921369980235e-09
3.411734360270202160e-05,4.721912773675285280e-06,2.870175521820783615e-04,3.489457889305214167e-10,1.558808071422390640e-05,4.334931145422160625e-05,0.000000000000000000e+00,6.936750651220791042e-06,1.703105681372107938e-06,3.030109274604342318e-09
2.997004776261746883e-05,1.751286504259041976e-06,2.759628114290535450e-04,1.294187396139179214e-10,9.132253580901306123e-06,3.471729723969474435e-05,0.000000000000000000e+00,6.224790922715328634e-06,1.703105681372107938e-06,3.038362450524800806e-09
3.227970228181220591e-05,3.700012030094512738e-06,2.774517633952200413e-04,2.734280857286108812e-10,1.407075342285679653e-05,3.857210685964673758e-05,0.000000000000000000e+00,8.345114110852591693e-06,1.703105681372107938e-06,3.227768718971901762e-09
3.923080657841637731e-05,8.203394827432930470e-06,3.018085844814777374e-04,6.062246815652372334e-10,2.145822691090870649e-05,4.792004256159998477e-05,0.000000000000000000e+00,8.465513019473291934e-06,1.703105681372107938e-06,3.113728608283850008e-09
4.860234184889122844e-05,1.543282451166305691e-05,3.108835080638527870e-04,1.140474159555537881e-09,2.927839159383438528e-05,5.016919749323278666e-05,0.000000000000000000e+00,2.081165075651369989e-05,1.703105681372107938e-06,4.271455633642062821e-09
5.990726276650093496e-05,2.447361839585937560e-05,3.343324933666735888e-04,1.808581950868415333e-09,3.706431743921712041e-05,6.364763976307585835e-05,0.000000000000000000e+00,2.000392123591154814e-05,1.703105681372107938e-06,3.928064984393131454e-09
6.914505502209067345e-05,2.943412982858717442e-05,3.619910858105868101e-04,2.175159830031248021e-09,4.047621405334211886e-05,5.959493864793330431e-05,0.000000000000000000e+00,3.511813702061772346e-05,1.703105681372107938e-06,5.420792703603183327e-09
7.726365583948791027e-05,3.842874139081686735e-05,3.597335889935493469e-04,2.839854795766427742e-09,4.658742545871064067e-05,7.320352597162127495e-05,0.000000000000000000e+00,2.861555185518227518e-05,1.703105681372107938e-06,4.540408049535926693e-09
7.868884131312370300e-05,3.650971484603360295e-05,3.785016597248613834e-04,2.698040235671328446e-09,4.513981912168674171e-05,6.388733163475990295e-05,0.000000000000000000e+00,4.328962313593365252e-05,1.703105681372107938e-06,6.045073774885167950e-09
7.810290844645351171e-05,3.829939669230952859e-05,3.696641942951828241e-04,2.830296663702824844e-09,4.643633656087331474e-05,7.306647603400051594e-05,0.000000000000000000e+00,2.837090141838416457e-05,1.703105681372107938e-06,4.491732763511890880e-09
7.226903107948601246e-05,3.337370071676559746e-05,3.527661610860377550e-04,2.466291171288048645e-09,4.308716233936138451e-05,6.237952766241505742e-05,0.000000000000000000e+00,3.618710979935713112e-05,1.703105681372107938e-06,5.464234398289136152e-09
6.749126623617485166e-05,2.911912815761752427e-05,3.600931086111813784e-04,2.151881339784722513e-09,4.070666182087734342e-05,6.739023228874430060e-05,0.000000000000000000e+00,2.362833583902101964e-05,1.703105681372107938e-06,4.130888964226642202e-09
6.176193710416555405e-05,2.618612052174285054e-05,3.261698002461344004e-04,1.935134719133202452e-09,3.804463995038531721e-05,5.800609505968168378e-05,0.000000000000000000e+00,2.958834738819859922e-05,1.703105681372107938e-06,4.935702513364503830e-09
5.980008427286520600e-05,2.363200474064797163e-05,3.428409982006996870e-04,1.746387257028914064e-09,3.667543205665424466e-05,6.321607361314818263e-05,0.000000000000000000e+00,1.883978802652563900e-05,1.703105681372107938e-06,3.804704995502561360e-09
5.877695002709515393e-05,2.347290865145623684e-05,3.248693828936666250e-04,1.734630106220436119e-09,3.615722380345687270e-05,5.626020720228552818e-05,0.000000000000000000e+00,2.817100903484970331e-05,1.703105681372107938e-06,4.844597611963763484e-09
6.120150646893307567e-05,2.578305065981112421e-05,3.343097050674259663e-04,1.905347879471719352e-09,3.815115269389934838e-05,6.457239942392334342e-05,0.000000000000000000e+00,1.987488576560281217e-05,1.703105681372107938e-06,3.909700119208991964e-09
6.381544517353177071e-05,2.662785300344694406e-05,3.415840619709342718e-04,1.967778162637046080e-09,3.872065644827671349e-05,5.837358912685886025e-05,0.000000000000000000e+00,3.029183426406234503e-05,1.703105681372107938e-06,5.036939754177183204e-09
6.945747736608609557e-05,3.259121876908466220e-05,3.454939287621527910e-04,2.408466759362681842e-09,4.303722744225524366e-05,6.929561641300097108e-05,0.000000000000000000e+00,2.316862082807347178e-05,1.703105681372107938e-06,4.155582544740354933e-09
7.429597462760284543e-05,3.427842602832242846e-05,3.620445495471358299e-04,2.533149467964790347e-09,4.388186789583414793e-05,6.302283873083069921e-05,0.000000000000000000e+00,3.813088551396504045e-05,1.703105681372107938e-06,5.644371192659036751e-09
8.286037336802110076e-05,4.223763244226574898e-05,3.772755444515496492e-04,3.121329195110433830e-09,4.893738514510914683e-05,7.526219269493594766e-05,0.000000000000000000e+00,2.895180659834295511e-05,1.703105681372107938e-06,4.539340459075447143e-09
8.999506826512515545e-05,4.669516783906146884e-05,3.873660170938819647e-04,3.450737695587235976e-09,5.117908222018741071e-05,6.978063174756243825e-05,0.000000000000000000e+00,4.563299444271251559e-05,1.703105681372107938e-06,6.206323455160145386e-09
1.018549010041169822e-04,5.513526775757782161e-05,4.278903943486511707e-04,4.074454551528106094e-09,5.609677100437693298e-05,8.248550147982314229e-05,0.000000000000000000e+00,3.930592720280401409e-05,1.703105681372107938e-06,5.243570022628318839e-09
1.096315172617323697e-04,6.183562072692438960e-05,4.191609914414584637e-04,4.569606026905148610e-09,5.864276317879557610e-05,7.671605271752923727e-05,0.000000000000000000e+00,5.879798482055775821e-05,1.703105681372107938e-06,7.203301066738276859e-09
1.215998054249212146e-04,6.945863424334675074e-05,4.716635157819837332e-04,5.132940295027310640e-09,6.304091220954433084e-05,8.945462468545883894e-05,0.000000000000000000e+00,4.974821786163374782e-05,1.703105681372107938e-06,5.975432593174900830e-09
1.254404924111440778e-04,7.312973320949822664e-05,4.538102657534182072e-04,5.404231728789454792e-09,6.390617636498063803e-05,8.137123222695663571e-05,0.000000000000000000e+00,6.929725350346416235e-05,1.703105681372107938e-06,8.014467312023043633e-09
1.364494964946061373e-04,8.113993681035935879e-05,4.945191321894526482e-04,5.996178664702256356e-09,6.800451956223696470e-05,9.442606824450194836e-05,0.000000000000000000e+00,5.857634823769330978e-05,1.703105681372107938e-06,6.618654957435410324e-09
1.426820963388308883e-04,8.511574560543522239e-05,4.965041298419237137e-04,6.289989418206687333e-09,6.908500654390081763e-05,8.596164843766018748e-05,0.000000000000000000e+00,7.915931928437203169e-05,1.703105681372107938e-06,8.781640303823223803e-09
1.615406945347785950e-04,1.003641955321654677e-04,5.413854960352182388e-04,7.416837810581000667e-09,7.561626262031495571e-05,1.020140116452239454e-04,0.000000000000000000e+00,7.037948671495541930e-05,1.703105681372107938e-06,7.470766227868352871e-09
1.764784392435103655e-04,1.099097207770682871e-04,5.655179847963154316e-04,8.122245986896814429e-09,7.853288843762129545e-05,9.468658390687778592e-05,0.000000000000000000e+00,1.001693162834271789e-04,1.703105681372107938e-06,1.038247177120865672e-08
2.105995663441717625e-04,1.361141185043379664e-04,6.518904701806604862e-04,1.005872984904954137e-08,8.805522520560771227e-05,1.143884001066908240e-04,0.000000000000000000e+00,9.296400094171985984e-05,1.703105681372107938e-06,9.081823293399793329e-09
2.313633303856477141e-04,1.518145581940189004e-04,6.667631096206605434e-04,1.121897952316430747e-08,9.234320896212011576e-05,1.076489861588925123e-04,0.000000000000000000e+00,1.287246122956275940e-04,1.703105681372107938e-06,1.253798664890837244e-08
2.752957807388156652e-04,1.819395547499880195e-04,8.066876325756311417e-04,1.344519517942899256e-08,1.019677874865010381e-04,1.282551384065300226e-04,0.000000000000000000e+00,1.268747291760519147e-04,1.703105681372107938e-06,1.150902839697209856e-08
2.925482112914323807e-04,1.985392882488667965e-04,7.757662679068744183e-04,1.467190191561940082e-08,1.055291068041697145e-04,1.200574552058242261e-04,0.000000000000000000e+00,1.643228752072900534e-04,1.703105681372107938e-06,1.522144543741887901e-08
3.368112666066735983e-04,2.261750487377867103e-04,9.510370437055826187e-04,1.671416427484473388e-08,1.136911450885236263e-04,1.399399188812822104e-04,0.000000000000000000e+00,1.553251640871167183e-04,1.703105681372107938e-06,1.355580092621266886e-08
3.426104667596518993e-04,2.361319202464073896e-04,8.722469792701303959e-04,1.744997035757478443e-08,1.151630494860000908e-04,1.290712098125368357e-04,0.000000000000000000e+00,1.925383548950776458e-04,1.703105681372107938e-06,1.735225474419621605e-08
3.872146771755069494e-04,2.628859947435557842e-04,1.060541835613548756e-03,1.942707505975249660e-08,1.225650194101035595e-04,1.488118286943063140e-04,0.000000000000000000e+00,1.827448577387258410e-04,1.703105681372107938e-06,1.554798600977846945e-08
3.882160817738622427e-04,2.698183234315365553e-04,9.656795300543308258e-04,1.993936749045133183e-08,1.231521309819072485e-04,1.365262432955205441e-04,0.000000000000000000e+00,2.182978641940280795e-04,1.703105681372107938e-06,1.930600390664949373e-08
4.404404899105429649e-04,3.020431031472980976e-04,1.173741882666945457e-03,2.232075679842182581e-08,1.312825916102156043e-04,1.575150236021727324e-04,0.000000000000000000e+00,2.102321886923164129e-04,1.703105681372107938e-06,1.755120138113852590e-08
4.403761704452335835e-04,3.086152428295463324e-04,1.066763186827301979e-03,2.280643229823908769e-08,1.317862770520150661e-04,1.446624664822593331e-04,0.000000000000000000e+00,2.508457982912659645e-04,1.703105681372107938e-06,2.175904789680771501e-08
5.013020709156990051e-04,3.456131962593644857e-04,1.314263674430549145e-03,2.554055278380928939e-08,1.404975773766636848e-04,1.667172327870503068e-04,0.000000000000000000e+00,2.426252758596092463e-04,1.703105681372107938e-06,1.990351705671855598e-08
4.914969904348254204e-04,3.480665618553757668e-04,1.155363162979483604e-03,2.572185309190899716e-08,1.398607564624398947e-04,1.523487590020522475e-04,0.000000000000000000e+00,2.789410646073520184e-04,1.703105681372107938e-06,2.387158026806446287e-08
5.418270011432468891e-04,3.739999665413051844e-04,1.417801831848919392e-03,2.763831830066010298e-08,1.460506318835541606e-04,1.722619490465149283e-04,0.000000000000000000e+00,2.604682813398540020e-04,1.703105681372107938e-06,2.119510256193279929e-08
5.006147548556327820e-04,3.560142940841615200e-04,1.160661922767758369e-03,2.630918771728829597e-08,1.414213766111060977e-04,1.539072545710951090e-04,0.000000000000000000e+00,2.853426267392933369e-04,1.703105681372107938e-06,2.434894419423017098e-08
5.192010430619120598e-04,3.559340548235923052e-04,1.380189904011785984e-03,2.630325823815837794e-08,1.426322414772585034e-04,1.688619086053222418e-04,0.000000000000000000e+00,2.524795709177851677e-04,1.703105681372107938e-06,2.061756099180911406e-08
4.572485922835767269e-04,3.241841041017323732e-04,1.071147387847304344e-03,2.395696085955023591e-08,1.348279183730483055e-04,1.477160258218646049e-04,0.000000000000000000e+00,2.594974357634782791e-04,1.703105681372107938e-06,2.241348617815219768e-08
4.527888668235391378e-04,3.083638148382306099e-04,1.226760679855942726e-03,2.278784982934212167e-08,1.326185592915862799e-04,1.588773884577676654e-04,0.000000000000000000e+00,2.174896944779902697e-04,1.703105681372107938e-06,1.808752259080392832e-08
3.868949715979397297e-04,2.701587800402194262e-04,9.448302444070577621e-04,1.996452958508143638e-08,1.232728827744722366e-04,1.367400691378861666e-04,0.000000000000000000e+00,2.225315547548234463e-04,1.703105681372107938e-06,1.964692231126718980e-08
3.662886738311499357e-04,2.470734470989555120e-04,1.016590162180364132e-03,1.825853956916034804e-08,1.186520166811533272e-04,1.449396368116140366e-04,0.000000000000000000e+00,1.755621196934953332e-04,1.703105681372107938e-06,1.506682067997644481e-08
3.048325888812541962e-04,2.077418612316250801e-04,7.972904131747782230e-04,1.535196680890749121e-08,1.080054425983689725e-04,1.223014842253178358e-04,0.000000000000000000e+00,1.736170088406652212e-04,1.703105681372107938e-06,1.597720711288275197e-08
2.796289045363664627e-04,1.852527784649282694e-04,8.139347191900014877e-04,1.369004021256614578e-08,1.027180769597180188e-04,1.290503569180145860e-04,0.000000000000000000e+00,1.298264687648043036e-04,1.703105681372107938e-06,1.177047526113028653e-08
2.318037732038646936e-04,1.527064596302807331e-04,6.592952413484454155e-04,1.128489213186867346e-08,9.266070264857262373e-05,1.079218855011276901e-04,0.000000000000000000e+00,1.316779089393094182e-04,1.703105681372107938e-06,1.281265227248695737e-08
2.102491125697270036e-04,1.350287056993693113e-04,6.565727526322007179e-04,9.978519344144842762e-09,8.767280087340623140e-05,1.140542517532594502e-04,0.000000000000000000e+00,9.563121420796960592e-05,1.703105681372107938e-06,9.309935045109796192e-09
1.788224763004109263e-04,1.133393307100050151e-04,5.545277381315827370e-04,8.375692139850343665e-09,7.977525092428550124e-05,9.592375135980546474e-05,0.000000000000000000e+00,1.003037978080101311e-04,1.703105681372107938e-06,1.042961450536949997e-08
1.669355260673910379e-04,1.037102483678609133e-04,5.602590390481054783e-04,7.664108458982354932e-09,7.681493298150599003e-05,1.032449581543914974e-04,0.000000000000000000e+00,7.199373794719576836e-05,1.703105681372107938e-06,7.607406260490279237e-09
1.481378421885892749e-04,9.051469533005729318e-05,4.927151021547615528e-04,6.688967157941760888e-09,7.122162060113623738e-05,8.798141061561182141e-05,0.000000000000000000e+00,8.351635187864303589e-05,1.703105681372107938e-06,9.144370594071915548e-09
1.430546690244227648e-04,8.636592974653467536e-05,5.053717177361249924e-04,6.382376849245474659e-09,7.010012632235884666e-05,9.655434405431151390e-05,0.000000000000000000e+00,6.151567504275590181e-05,1.703105681372107938e-06,6.856097023444363003e-09
1.331906678387895226e-04,7.933293818496167660e-05,4.664840816985815763e-04,5.862644592014021327e-09,6.656834011664614081e-05,8.364308450836688280e-05,0.000000000000000000e+00,7.209320028778165579e-05,1.703105681372107938e-06,8.275057972184640676e-09
1.338733127340674400e-04,8.049305324675515294e-05,4.781791940331459045e-04,5.948375125797156215e-09,6.757833034498617053e-05,9.404854063177481294e-05,0.000000000000000000e+00,5.562337901210412383e-05,1.703105681372107938e-06,6.436184030178537796e-09
1.296596019528806210e-04,7.614627247676253319e-05,4.634026554413139820e-04,5.627151633547100573e-09,6.526087963720783591e-05,8.238235750468447804e-05,0.000000000000000000e+00,7.173063931986689568e-05,1.703105681372107938e-06,8.243688398579251952e-09
1.365264033665880561e-04,8.270788384834304452e-05,4.816814907826483250e-04,6.112050421336334693e-09,6.864156603114679456e-05,9.505485650151968002e-05,0.000000000000000000e+00,5.650371167575940490e-05,1.703105681372107938e-06,6.495968207786972926e-09
1.404272334184497595e-04,8.399643411394208670e-05,4.880608175881206989e-04,6.207273361980014670e-09,6.852256046840921044e-05,8.542146679246798158e-05,0.000000000000000000e+00,7.624715362908318639e-05,1.703105681372107938e-06,8.582911270593740483e-09
1.593966590007767081e-04,9.966106881620362401e-05,5.300765042193233967e-04,7.364877596671703941e-09,7.538219506386667490e-05,1.017369722831062973e-04,0.000000000000000000e+00,6.727951404172927141e-05,1.703105681372107938e-06,7.258777134921956531e-09
1.784105552360415459e-04,1.123671754612587392e-04,5.642758333124220371e-04,8.303849163837639935e-09,7.940494833746924996e-05,9.553627023706212640e-05,0.000000000000000000e+00,9.615789167582988739e-05,1.703105681372107938e-06,1.009033390175773093e-08
2.223858173238113523e-04,1.460506318835541606e-04,6.677647470496594906e-04,1.079303224571503961e-08,9.126812801696360111e-05,1.175148063339293003e-04,0.000000000000000000e+00,9.558705642120912671e-05,1.703105681372107938e-06,9.274438106388060987e-09
2.584109315648674965e-04,1.722329034237191081e-04,7.202744018286466599e-04,1.272788097139709862e-08,9.845885506365448236e-05,1.133284895331598818e-04,0.000000000000000000e+00,1.415058068232610822e-04,1.703105681372107938e-06,1.351771494739750779e-08
3.257823118474334478e-04,2.208687219535931945e-04,9.013276430778205395e-04,1.632203172619028919e-08,1.124890986829996109e-04,1.386766671203076839e-04,0.000000000000000000e+00,1.478082704124972224e-04,1.703105681372107938e-06,1.303059882218349230e-08
3.586032544262707233e-04,2.476196386851370335e-04,9.135626023635268211e-04,1.829890194926520053e-08,1.180365507025271654e-04,1.316666894126683474e-04,0.000000000000000000e+00,1.962735404958948493e-04,1.703105681372107938e-06,1.764652779456810094e-08
4.322091117501258850e-04,2.978527918457984924e-04,1.143050845712423325e-03,2.201109694510705594e-08,1.304243487538769841e-04,1.566248829476535320e-04,0.000000000000000000e+00,2.005121787078678608e-04,1.703105681372107938e-06,1.683723205303522263e-08
4.520849906839430332e-04,3.179208142682909966e-04,1.086607226170599461e-03,2.349410799240558845e-08,1.337364956270903349e-04,1.465053355786949396e-04,0.000000000000000000e+00,2.550345379859209061e-04,1.703105681372107938e-06,2.206477134336637391e-08
5.340576753951609135e-04,3.700348897837102413e-04,1.384063740260899067e-03,2.734529935821683466e-08,1.454928860766813159e-04,1.717008271953091025e-04,0.000000000000000000e+00,2.561645815148949623e-04,1.703105681372107938e-06,2.087546135953743942e-08
5.394277395680546761e-04,3.847702173516154289e-04,1.244652899913489819e-03,2.843422919340810040e-08,1.469112758059054613e-04,1.589870225870981812e-04,0.000000000000000000e+00,3.019216819666326046e-04,1.703105681372107938e-06,2.558940082053595688e-08
6.224872195161879063e-04,4.330877563916146755e-04,1.594019820913672447e-03,3.200485920729079226e-08,1.571655448060482740e-04,1.833835995057597756e-04,0.000000000000000000e+00,2.999749558512121439e-04,1.703105681372107938e-06,2.405638710456514673e-08
5.996695253998041153e-04,4.304203030187636614e-04,1.347077894024550915e-03,3.180773688882254646e-08,1.555441704113036394e-04,1.672028884058818221e-04,0.000000000000000000e+00,3.454139223322272301e-04,1.703105681372107938e-06,2.885064809277082531e-08
6.636633770540356636e-04,4.606687289196997881e-04,1.704140799120068550e-03,3.404306880838703364e-08,1.622529671294614673e-04,1.884861121652647853e-04,0.000000000000000000e+00,3.258054784964770079e-04,1.703105681372107938e-06,2.594034143044154916e-08
6.120040197856724262e-04,4.413704155012965202e-04,1.358103356324136257e-03,3.261694203615661536e-08,1.572103792568668723e-04,1.688141492195427418e-04,0.000000000000000000e+00,3.482327447272837162e-04,1.703105681372107938e-06,2.907035323573836649e-08
6.471890374086797237e-04,4.482952354010194540e-04,1.667931675910949707e-03,3.312868201987839711e-08,1.598159724380820990e-04,1.860888733062893152e-04,0.000000000000000000e+00,3.210065769962966442e-04,1.703105681372107938e-06,2.559740508445429441e-08
5.670290556736290455e-04,4.077877383679151535e-04,1.265354803763329983e-03,3.013520455397156184e-08,1.511895679868757725e-04,1.631082996027544141e-04,0.000000000000000000e+00,3.270585730206221342e-04,1.703105681372107938e-06,2.749161609472139389e-08
5.641597090288996696e-04,3.887677739840000868e-04,1.479369238950312138e-03,2.872964444122771965e-08,1.486644177930429578e-04,1.749767980072647333e-04,0.000000000000000000e+00,2.745504898484796286e-04,1.703105681372107938e-06,2.222771655624455889e-08
4.729200445581227541e-04,3.367744502611458302e-04,1.087303040549159050e-03,2.488737749217762030e-08,1.373299164697527885e-04,1.499810023233294487e-04,0.000000000000000000e+00,2.741528151091188192e-04,1.703105681372107938e-06,2.353568362423175131e-08
4.442086792550981045e-04,3.027935163117945194e-04,1.195719931274652481e-03,2.237621110623422283e-08,1.312547246925532818e-04,1.576256327098235488e-04,0.000000000000000000e+00,2.184316981583833694e-04,1.703105681372107938e-06,1.816666284071288828e-08
3.628331178333610296e-04,2.535737003199756145e-04,8.850839803926646709e-04,1.873890553838464257e-08,1.192183117382228374e-04,1.328688376815989614e-04,0.000000000000000000e+00,2.075099764624610543e-04,1.703105681372107938e-06,1.853266162754607649e-08
3.323925775475800037e-04,2.233708364656195045e-04,9.312994661740958691e-04,1.650693270960346126e-08,1.125468988902866840e-04,1.389559620292857289e-04,0.000000000000000000e+00,1.589179155416786671e-04,1.703105681372107938e-06,1.386738368580608949e-08
2.742517099250108004e-04,1.860895135905593634e-04,7.237548124976456165e-04,1.375187341778882910e-08,1.021680582198314369e-04,1.168289600173011422e-04,0.000000000000000000e+00,1.578669907758012414e-04,1.703105681372107938e-06,1.479570954643349978e-08
2.523030561860650778e-04,1.663157163420692086e-04,7.434120052494108677e-04,1.229060586638297536e-08,9.720898378873243928e-05,1.236514945048838854e-04,0.000000000000000000e+00,1.164613495348021388e-04,1.703105681372107938e-06,1.080900524641492666e-08
2.179396833525970578e-04,1.432263088645413518e-04,6.251777522265911102e-04,1.058431564615602838e-08,8.956593956099823117e-05,1.049682978191412985e-04,0.000000000000000000e+00,1.219559489982202649e-04,1.703105681372107938e-06,1.207958710836010141e-08
2.105810272041708231e-04,1.362026378046721220e-04,6.489298539236187935e-04,1.006527305946747219e-08,8.801734657026827335e-05,1.143952686106786132e-04,0.000000000000000000e+00,9.485408372711390257e-05,1.703105681372107938e-06,9.255245458916760981e-09
1.925560354720801115e-04,1.238697295775637031e-04,5.796681507490575314e-04,9.153879432233225089e-09,8.350277494173496962e-05,9.940130985341966152e-05,0.000000000000000000e+00,1.071949445758946240e-04,1.703105681372107938e-06,1.094997337247605174e-08
1.928294514073058963e-04,1.238602126250043511e-04,6.063521723262965679e-04,9.153175106746402889e-09,8.402680396102368832e-05,1.103295871871523559e-04,0.000000000000000000e+00,8.334012090926989913e-05,1.703105681372107938e-06,8.422866848434296116e-09
1.814219576772302389e-04,1.159710591309703887e-04,5.580628057941794395e-04,8.570173015698401286e-09,8.077691018115729094e-05,9.700651571620255709e-05,0.000000000000000000e+00,9.644610690884292126e-05,1.703105681372107938e-06,1.012775818765021540e-08
1.857356692198663950e-04,1.195176882902160287e-04,5.872831679880619049e-04,8.832267361924550642e-09,8.301717753056436777e-05,1.090244841179810464e-04,0.000000000000000000e+00,7.489663403248414397e-05,1.703105681372107938e-06,7.812643865179325076e-09
1.774369884515181184e-04,1.138350344263017178e-04,5.490956827998161316e-04,8.412322394235616230e-09,8.032568439375609159e-05,9.689978469396010041e-05,0.000000000000000000e+00,8.692376286489889026e-05,1.703105681372107938e-06,9.399721889735701552e-09
1.833378337323665619e-04,1.192947165691293776e-04,5.741600180044770241e-04,8.815788987703854218e-09,8.309390250360593200e-05,1.089551005861721933e-04,0.000000000000000000e+00,6.627116817981004715e-05,1.703105681372107938e-06,7.196761409034024837e-09
1.782448089215904474e-04,1.155984136858023703e-04,5.453567719087004662e-04,8.542635043795598904e-09,8.128781337291002274e-05,9.804391447687521577e-05,0.000000000000000000e+00,8.110717317322269082e-05,1.703105681372107938e-06,8.954305741326606949e-09
1.880478666862472892e-04,1.240388228325173259e-04,5.767002585344016552e-04,9.166375214419986150e-09,8.495525253238156438e-05,1.105809569708071649e-04,0.000000000000000000e+00,6.339022365864366293e-05,1.703105681372107938e-06,6.994330448151231394e-09
1.871644635684788227e-04,1.234815572388470173e-04,5.576449912041425705e-04,9.125194821990589844e-09,8.395517215831205249e-05,1.008292892947793007e-04,0.000000000000000000e+00,7.918415940366685390e-05,1.703105681372107938e-06,8.806005702410857339e-09
2.035492070717737079e-04,1.365951320622116327e-04,6.049556541256606579e-04,1.009427652576277978e-08,8.910666656447574496e-05,1.146249996963888407e-04,0.000000000000000000e+00,6.458509596996009350e-05,1.703105681372107938e-06,7.075553032365178296e-09
2.055350050795823336e-04,1.382490736432373524e-04,5.876626237295567989e-04,1.021650142263297312e-08,8.883536793291568756e-05,1.055166430887766182e-04,0.000000000000000000e+00,8.519661059835925698e-05,1.703105681372107938e-06,9.258382505095141823e-09
2.233285485999658704e-04,1.510510483058169484e-04,6.504105986095964909e-04,1.116255798905285701e-08,9.381567360833287239e-05,1.193220232380554080e-04,0.000000000000000000e+00,7.236455712700262666e-05,1.703105681372107938e-06,7.624185727195254003e-09
2.219995512859895825e-04,1.508281857240945101e-04,6.173138972371816635e-04,1.114609027297319699e-08,9.279685036744922400e-05,1.091374651878140867e-04,0.000000000000000000e+00,9.439971472602337599e-05,1.703105681372107938e-06,9.950513302214858413e-09
2.385752741247415543e-04,1.615720830159261823e-04,6.894885445944964886e-04,1.194005427862521174e-08,9.689967555459588766e-05,1.224809384439140558e-04,0.000000000000000000e+00,8.054345380514860153e-05,1.703105681372107938e-06,8.199481094095517619e-09
2.347358677070587873e-04,1.600272662471979856e-04,6.414862000383436680e-04,1.182589492998431524e-08,9.556755685480311513e-05,1.115323539124801755e-04,0.000000000000000000e+00,1.055997272487729788e-04,1.703105681372107938e-06,1.079545342008714215e-08
2.509390469640493393e-04,1.691695215413346887e-04,7.258904515765607357e-04,1.250150116760551100e-08,9.912234236253425479e-05,1.248694898094981909e-04,0.000000000000000000e+00,9.180471533909440041e-05,1.703105681372107938e-06,9.003571221910533495e-09
2.441725810058414936e-04,1.659769477555528283e-04,6.646143738180398941e-04,1.226557166944530763e-08,9.728269651532173157e-05,1.129265801864676178e-04,0.000000000000000000e+00,1.173421187559142709e-04,1.703105681372107938e-06,1.168614982560711724e-08
2.602522145025432110e-04,1.747369533404707909e-04,7.526061381213366985e-04,1.291292850424952121e-08,1.004689402179792523e-04,1.263654557988047600e-04,0.000000000000000000e+00,1.025463279802352190e-04,1.703105681372107938e-06,9.774032250220443530e-09
2.526874304749071598e-04,1.715434773359447718e-04,6.820703856647014618e-04,1.267693150452942064e-08,9.857911209110170603e-05,1.139220330514945090e-04,0.000000000000000000e+00,1.293692330364137888e-04,1.703105681372107938e-06,1.260080662035534260e-08
2.712180721573531628e-04,1.814469869714230299e-04,7.816744036972522736e-04,1.340879585143284203e-08,1.020588751998730004e-04,1.280915894312784076e-04,0.000000000000000000e+00,1.160362444352358580e-04,1.703105681372107938e-06,1.074550315394162681e-08
2.671691472642123699e-04,1.810726680560037494e-04,7.138731889426708221e-04,1.338113175819444223e-08,1.010451378533616662e-04,1.159228268079459667e-04,0.000000000000000000e+00,1.470915885875001550e-04,1.703105681372107938e-06,1.393808091165738006e-08
2.912879281211644411e-04,1.950315636349841952e-04,8.284962968900799751e-04,1.441268526747307988e-08,1.054807216860353947e-04,1.317620626650750637e-04,0.000000000000000000e+00,1.340675080427899957e-04,1.703105681372107938e-06,1.204291155687542414e-08
2.869956661015748978e-04,1.955950720002874732e-04,7.507629925385117531e-04,1.445432751268072025e-08,1.047220357577316463e-04,1.191779738292098045e-04,0.000000000000000000e+00,1.632427738513797522e-04,1.703105681372107938e-06,1.515846825839162193e-08
3.153057768940925598e-04,2.125796600012108684e-04,8.769388077780604362e-04,1.570947638640518562e-08,1.100293302442878485e-04,1.364461204502731562e-04,0.000000000000000000e+00,1.503225648775696754e-04,1.703105681372107938e-06,1.321031639633929444e-08
3.168832627125084400e-04,2.182050084229558706e-04,8.013497572392225266e-04,1.612518474303215044e-08,1.105513802031055093e-04,1.246082538273185492e-04,0.000000000000000000e+00,1.854325819294899702e-04,1.703105681372107938e-06,1.682872508013133483e-08
3.585276426747441292e-04,2.445098944008350372e-04,9.633394074626266956e-04,1.806909644130882953e-08,1.178766033262945712e-04,1.443200744688510895e-04,0.000000000000000000e+00,1.768381189322099090e-04,1.703105681372107938e-06,1.512649916435293562e-08
3.637956106103956699e-04,2.547179174143821001e-04,8.788674022071063519e-04,1.882346012394009449e-08,1.193271600641310215e-04,1.329175865976139903e-04,0.000000000000000000e+00,2.119097771355882287e-04,1.703105681372107938e-06,1.882405875619497237e-08
4.120267112739384174e-04,2.858735970221459866e-04,1.059816218912601471e-03,2.112584596147826232e-08,1.272027584491297603e-04,1.536244235467165709e-04,0.000000000000000000e+00,2.017148362938314676e-04,1.703105681372107938e-06,1.692455597890329955e-08
4.106008564122021198e-04,2.916500088758766651e-04,9.536289144307374954e-04,2.155271516812717891e-08,1.273760281037539244e-04,1.406196679454296827e-04,0.000000000000000000e+00,2.358796191401779652e-04,1.703105681372107938e-06,2.063150894571208482e-08
4.584311973303556442e-04,3.219560312572866678e-04,1.141742221079766750e-03,2.379230679139254789e-08,1.347783545497804880e-04,1.611259940546005964e-04,0.000000000000000000e+00,2.230093523394316435e-04,1.703105681372107938e-06,1.846986741327327763e-08
4.434246511664241552e-04,3.185489040333777666e-04,9.993060957640409470e-04,2.354052242026227759e-08,1.329138467554003000e-04,1.460280036553740501e-04,0.000000000000000000e+00,2.494512882549315691e-04,1.703105681372107938e-06,2.165050361213616270e-08
4.823446215596050024e-04,3.415103710722178221e-04,1.178838545456528664e-03,2.523735886938993644e-08,1.384340575896203518e-04,1.647560711717233062e-04,0.000000000000000000e+00,2.295036683790385723e-04,1.703105681372107938e-06,1.894007439773304213e-08
4.508012789301574230e-04,3.253892355132848024e-04,1.001998200081288815e-03,2.404601495697988867e-08,1.340269373031333089e-04,1.471882133046165109e-04,0.000000000000000000e+00,2.521220594644546509e-04,1.703105681372107938e-06,2.185209879712601833e-08
4.681777500081807375e-04,3.305285063106566668e-04,1.153829740360379219e-03,2.442580715467101982e-08,1.363109186058863997e-04,1.626334851607680321e-04,0.000000000000000000e+00,2.226626820629462600e-04,1.703105681372107938e-06,1.844561481334494601e-08
4.133793700020760298e-04,2.959934063255786896e-04,9.424448362551629543e-04,2.187369041450892837e-08,1.280761789530515671e-04,1.414942526025697589e-04,0.000000000000000000e+00,2.314147131983190775e-04,1.703105681372107938e-06,2.029760715061001974e-08
4.040896310470998287e-04,2.816087799146771431e-04,1.030749408528208733e-03,2.081067229653399409e-08,1.259527780348435044e-04,1.523508835816755891e-04,0.000000000000000000e+00,1.940591755555942655e-04,1.703105681372107938e-06,1.637633140205707605e-08
3.422105510253459215e-04,2.397664065938442945e-04,8.270368562079966068e-04,1.771855551169210230e-08,1.155257850768975914e-04,1.294765243073925376e-04,0.000000000000000000e+00,1.974044862436130643e-04,1.703105681372107938e-06,1.774354174699510622e-08
3.188329865224659443e-04,2.166109916288405657e-04,8.696982404217123985e-04,1.600738741558416223e-08,1.109446166083216667e-04,1.374201237922534347e-04,0.000000000000000000e+00,1.525216357549652457e-04,1.703105681372107938e-06,1.338190180888432224e-08
2.671382681000977755e-04,1.807123335311189294e-04,7.086343830451369286e-04,1.335450416917183247e-08,1.007020400720648468e-04,1.153881748905405402e-04,0.000000000000000000e+00,1.556247589178383350e-04,1.703105681372107938e-06,1.459954646065853012e-08
2.498311223462224007e-04,1.652932260185480118e-04,7.304062019102275372e-04,1.221504408732698721e-08,9.701895032776519656e-05,1.234138326253741980e-04,0.000000000000000000e+00,1.149726449511945248e-04,1.703105681372107938e-06,1.068193622444368884e-08
2.201062743552029133e-04,1.460068742744624615e-04,6.242856034077703953e-04,1.078979838808891145e-08,9.070762462215498090e-05,1.062590454239398241e-04,0.000000000000000000e+00,1.167083391919732094e-04,1.703105681372107938e-06,1.166269747443493543e-08
2.210398379247635603e-04,1.461240462958812714e-04,6.633406155742704868e-04,1.079845635132414827e-08,9.180571214528754354e-05,1.177401500171981752e-04,0.000000000000000000e+00,8.581735164625570178e-05,1.703105681372107938e-06,8.592540012841709540e-09
2.100632264045998454e-04,1.411361736245453358e-04,5.946829332970082760e-04,1.042985697807807810e-08,8.998069824883714318e-05,1.062399023794569075e-04,0.000000000000000000e+00,9.458759450353682041e-05,1.703105681372107938e-06,9.982230153582349885e-09
2.200455201091244817e-04,1.486046967329457402e-04,6.449372158385813236e-04,1.098177460079341472e-08,9.288089495385065675e-05,1.183890053653158247e-04,0.000000000000000000e+00,6.947098881937563419e-05,1.703105681372107938e-06,7.426630865836614248e-09
2.133088710252195597e-04,1.464957749703899026e-04,5.857086507603526115e-04,1.082592682166705345e-08,9.127693920163437724e-05,1.080548827303573489e-04,0.000000000000000000e+00,8.242234616773203015e-05,1.703105681372107938e-06,9.055614924591282033e-09
2.225605858257040381e-04,1.513196039013564587e-04,6.462299497798085213e-04,1.118240433584105631e-08,9.365371079184114933e-05,1.190674811368808150e-04,0.000000000000000000e+00,6.617988401558250189e-05,1.703105681372107938e-06,7.188095008103800865e-09
2.123844315065070987e-04,1.454488374292850494e-04,5.850900779478251934e-04,1.074856026406223464e-08,9.115777356782928109e-05,1.078542918548919261e-04,0.000000000000000000e+00,8.426595013588666916e-05,1.703105681372107938e-06,9.191725602875067125e-09
2.191895182477310300e-04,1.471832219976931810e-04,6.491190288215875626e-04,1.087672973909548091e-08,9.247411799151450396e-05,1.180149192805401981e-04,0.000000000000000000e+00,7.094397733453661203e-05,1.703105681372107938e-06,7.523127010244934354e-09
2.097860560752451420e-04,1.410585682606324553e-04,5.915435613133013248e-04,1.042412112184365469e-08,8.967780013335868716e-05,1.059165806509554386e-04,0.000000000000000000e+00,9.573125134920701385e-05,1.703105681372107938e-06,1.006232963618458598e-08
2.198061119997873902e-04,1.455384917790070176e-04,6.587856332771480083e-04,1.075518341053793847e-08,9.186677925754338503e-05,1.177586818812415004e-04,0.000000000000000000e+00,8.389048161916434765e-05,1.703105681372107938e-06,8.448957977691406995e-09
2.118087722919881344e-04,1.399702159687876701e-04,6.081940373405814171e-04,1.034369390140454925e-08,8.904744754545390606e-05,1.048250996973365545e-04,0.000000000000000000e+00,1.101915404433384538e-04,1.703105681372107938e-06,1.115853009991951694e-08
2.231654798379167914e-04,1.465890236431732774e-04,6.697787321172654629e-04,1.083281642166866732e-08,9.149817196885123849e-05,1.177173326141200960e-04,0.000000000000000000e+00,9.598577162250876427e-05,1.703105681372107938e-06,9.312056903354459791e-09
2.163524623028934002e-04,1.423659850843250751e-04,6.177391042001545429e-04,1.052073805851705401e-08,8.935572986956685781e-05,1.048192716552875936e-04,0.000000000000000000e+00,1.221256970893591642e-04,1.703105681372107938e-06,1.205961197570104559e-08
2.286778035340830684e-04,1.502887171227484941e-04,6.787754828110337257e-04,1.110622260824811747e-08,9.261977538699284196e-05,1.190279363072477281e-04,0.000000000000000000e+00,1.051153667503967881e-04,1.703105681372107938e-06,9.962695557419465331e-09
2.200875023845583200e-04,1.452286669518798590e-04,6.218579364940524101e-04,1.073228883541332834e-08,9.024301107274368405e-05,1.055351895047351718e-04,0.000000000000000000e+00,1.267303596250712872e-04,1.703105681372107938e-06,1.240453162409949073e-08
2.291229611728340387e-04,1.506462576799094677e-04,6.772799533791840076e-04,1.113264413987735679e-08,9.263960964744910598e-05,1.191164337797090411e-04,0.000000000000000000e+00,1.074871688615530729e-04,1.703105681372107938e-06,1.012975836545138009e-08
2.154545800294727087e-04,1.422350178472697735e-04,6.075646379031240940e-04,1.051106135463442115e-08,8.921167318476364017e-05,1.046033357852138579e-04,0.000000000000000000e+00,1.246310712303966284e-04,1.703105681372107938e-06,1.224367807139969955e-08
2.171152009395882487e-04,1.422634086338803172e-04,6.488887593150138855e-04,1.051315745570491345e-08,8.993046503746882081e-05,1.164113782579079270e-04,0.000000000000000000e+00,9.962925105355679989e-05,1.703105681372107938e-06,9.560324087942717597e-09
1.997461804421618581e-04,1.305254700127989054e-04,5.790889845229685307e-04,9.645733989316340740e-09,8.546774915885180235e-05,1.010718260658904910e-04,0.000000000000000000e+00,1.131181270466186106e-04,1.703105681372107938e-06,1.137218497149206087e-08
2.013135381275787950e-04,1.304799661738798022e-04,6.160508492030203342e-04,9.642371345819356065e-09,8.625220652902498841e-05,1.126702409237623215e-04,0.000000000000000000e+00,9.228488488588482141e-05,1.703105681372107938e-06,9.037282033830251748e-09
1.924324460560455918e-04,1.246445317519828677e-04,5.699601024389266968e-04,9.211137630416033062e-09,8.365888061234727502e-05,9.938657603925094008e-05,0.000000000000000000e+00,1.079189969459548593e-04,1.703105681372107938e-06,1.097946267236693529e-08
2.041031548287719488e-04,1.330702216364443302e-04,6.216521724127233028e-04,9.833788006119448255e-09,8.710202382644638419e-05,1.134249978349544108e-04,0.000000000000000000e+00,8.867706492310389876e-05,1.703105681372107938e-06,8.776778415153785318e-09
2.033724886132404208e-04,1.331503444816917181e-04,5.908305174671113491e-04,9.839711268000428390e-09,8.652445103507488966e-05,1.021854332066141069e-04,0.000000000000000000e+00,1.113910402636975050e-04,1.703105681372107938e-06,1.124100368343761147e-08
2.235192514490336180e-04,1.473235024604946375e-04,6.661267834715545177e-04,1.088709478125338137e-08,9.191311983158811927e-05,1.180476174340583384e-04,0.000000000000000000e+00,9.583073551766574383e-05,1.703105681372107938e-06,9.288745772551010305e-09
2.275872247992083430e-04,1.520422956673428416e-04,6.363170105032622814e-04,1.123580961603920514e-08,9.271033195545896888e-05,1.081053997040726244e-04,0.000000000000000000e+00,1.191322880913503468e-04,1.703105681372107938e-06,1.182324993465044827e-08
2.545542083680629730e-04,1.701951550785452127e-04,7.374646957032382488e-04,1.257729387305062119e-08,9.891224181046709418e-05,1.249190099770203233e-04,0.000000000000000000e+00,1.061258881236426532e-04,1.703105681372107938e-06,1.002086946755298413e-08
2.602046588435769081e-04,1.774783449945971370e-04,6.930191884748637676e-04,1.311551667271260158e-08,1.001162963802926242e-04,1.151681062765419483e-04,0.000000000000000000e+00,1.342441537417471409e-04,1.703105681372107938e-06,1.296487361912568304e-08
2.947557368315756321e-04,1.995522179640829563e-04,8.285896037705242634e-04,1.474675670465330768e-08,1.072266823030076921e-04,1.332043611910194159e-04,0.000000000000000000e+00,1.234456867678090930e-04,1.703105681372107938e-06,1.126716853150355746e-08
3.002019366249442101e-04,2.072169154416769743e-04,7.722242153249680996e-04,1.531317472824866854e-08,1.083943279809318483e-04,1.229140907526016235e-04,0.000000000000000000e+00,1.576262002345174551e-04,1.703105681372107938e-06,1.473086008729751484e-08
3.388871555216610432e-04,2.315836027264595032e-04,9.275167249143123627e-04,1.711385344549398724e-08,1.154650526586920023e-04,1.414410799043253064e-04,0.000000000000000000e+00,1.455190067645162344e-04,1.703105681372107938e-06,1.286418616075479804e-08
3.423612797632813454e-04,2.393432077951729298e-04,8.524139411747455597e-04,1.768728274953446089e-08,1.162647531600669026e-04,1.302503951592370868e-04,0.000000000000000000e+00,1.777667202986776829e-04,1.703105681372107938e-06,1.625557821682832582e-08
3.896566631738096476e-04,2.684836508706212044e-04,1.040864503011107445e-03,1.984073705330047233e-08,1.240691199200227857e-04,1.500875659985467792e-04,0.000000000000000000e+00,1.708655618131160736e-04,1.703105681372107938e-06,1.469564026024272607e-08
3.922728355973958969e-04,2.763280645012855530e-04,9.492224780842661858e-04,2.042043512062718946e-08,1.249701890628784895e-04,1.383745402563363314e-04,0.000000000000000000e+00,2.102251746691763401e-04,1.703105681372107938e-06,1.870018273564255651e-08
4.437506431713700294e-04,3.066221543122082949e-04,1.171015901491045952e-03,2.265914744725705532e-08,1.324945915257558227e-04,1.585802237968891859e-04,0.000000000000000000e+00,2.002690453082323074e-04,1.703105681372107938e-06,1.682655259571674833e-08
4.320847219787538052e-04,3.064461343456059694e-04,1.018761191517114639e-03,2.264613918612212728e-08,1.313439424848183990e-04,1.443665096303448081e-04,0.000000000000000000e+00,2.376245683990418911e-04,1.703105681372107938e-06,2.076203742262805463e-08
4.727056075353175402e-04,3.266513813287019730e-04,1.239610952325165272e-03,2.413928967825995642e-08,1.364880590699613094e-04,1.627095916774123907e-04,0.000000000000000000e+00,2.209313388448208570e-04,1.703105681372107938e-06,1.832098206477894564e-08
4.429207765497267246e-04,3.146920353174209595e-04,1.034991699270904064e-03,2.325550418902366800e-08,1.328818470938131213e-04,1.457656762795522809e-04,0.000000000000000000e+00,2.472958294674754143e-04,1.703105681372107938e-06,2.149269739959436265e-08
4.668365290854126215e-04,3.210690047126263380e-04,1.232185633853077888e-03,2.372675744766183925e-08,1.353270054096356034e-04,1.616120134713128209e-04,0.000000000000000000e+00,2.254899154650047421e-04,1.703105681372107938e-06,1.865766208197783271e-08
4.217176756355911493e-04,2.983761660289019346e-04,9.887354681268334389e-04,2.204977178621447820e-08,1.293400855502113700e-04,1.423368812538683414e-04,0.000000000000000000e+00,2.446795697323977947e-04,1.703105681372107938e-06,2.130002130229513568e-08
4.242286668159067631e-04,2.908541646320372820e-04,1.128242234699428082e-03,2.149389999317463662e-08,1.286739134229719639e-04,1.550449815113097429e-04,0.000000000000000000e+00,2.055027580354362726e-04,1.703105681372107938e-06,1.721092601769669272e-08
3.663950483314692974e-04,2.567730261944234371e-04,8.842656970955431461e-04,1.897533330463829770e-08,1.199727121274918318e-04,1.334526459686458111e-04,0.000000000000000000e+00,2.119543205481022596e-04,1.703105681372107938e-06,1.884845524102729541e-08
3.526767250150442123e-04,2.395471528870984912e-04,9.589586989022791386e-04,1.770235513731677202e-08,1.166989386547356844e-04,1.431142445653676987e-04,0.000000000000000000e+00,1.723371678963303566e-04,1.703105681372107938e-06,1.481976497075265797e-08
3.031685773748904467e-04,2.091561473207548261e-04,7.644413853995501995e-04,1.545648053991044435e-08,1.082380986190401018e-04,1.224287989316508174e-04,0.000000000000000000e+00,1.756829442456364632e-04,1.703105681372107938e-06,1.612194466815708438e-08
2.903030836023390293e-04,1.958421489689499140e-04,8.079284452833235264e-04,1.447258579645449572e-08,1.054451131494715810e-04,1.319006842095404863e-04,0.000000000000000000e+00,1.366810174658894539e-04,1.703105681372107938e-06,1.224398893384659459e-08
2.519924892112612724e-04,1.705819449853152037e-04,6.688200519420206547e-04,1.260587545459657122e-08,9.767498704604804516e-05,1.125321214203722775e-04,0.000000000000000000e+00,1.452853612136095762e-04,1.703105681372107938e-06,1.382707992547693721e-08
2.407381252851337194e-04,1.597080263309180737e-04,6.969585083425045013e-04,1.180230313480024051e-08,9.529729140922427177e-05,1.217580429511144757e-04,0.000000000000000000e+00,1.133425976149737835e-04,1.703105681372107938e-06,1.056478460270682262e-08
2.111254580086097121e-04,1.397695014020428061e-04,5.930402548983693123e-04,1.032885954543871776e-08,8.852509199641644955e-05,1.039738272083923221e-04,0.000000000000000000e+00,1.205193038913421333e-04,1.703105681372107938e-06,1.194887833122493248e-08
2.015162754105404019e-04,1.312389795202761889e-04,6.111671100370585918e-04,9.698460701201838674e-09,8.636011625640094280e-05,1.128239382524043322e-04,0.000000000000000000e+00,9.160592162515968084e-05,1.703105681372107938e-06,8.998116030056735326e-09
1.777141296770423651e-04,1.148245719377882779e-04,5.283229402266442776e-04,8.485448788064786640e-09,8.010415331227704883e-05,9.614137525204569101e-05,0.000000000000000000e+00,1.005727244773879647e-04,1.703105681372107938e-06,1.043129049804747410e-08
1.686453470028936863e-04,1.071519291144795716e-04,5.414516199380159378e-04,7.918447231247682794e-09,7.812344119884073734e-05,1.044993259711191058e-04,0.000000000000000000e+00,7.348245708271861076e-05,1.703105681372107938e-06,7.698660375865529204e-09
1.487768313381820917e-04,9.325519931735470891e-05,4.750156658701598644e-04,6.891488713023363744e-09,7.229074253700673580e-05,8.903162961360067129e-05,0.000000000000000000e+00,8.020065433811396360e-05,1.703105681372107938e-06,8.880711277470254572e-09
1.414535072399303317e-04,8.797828922979533672e-05,4.775952256750315428e-04,6.501529536961925260e-09,7.085441029630601406e-05,9.708083234727382660e-05,0.000000000000000000e+00,5.715688530472107232e-05,1.703105681372107938e-06,6.539061292443193452e-09
1.282235607504844666e-04,7.815474964445456862e-05,4.340943414717912674e-04,5.775576461530818051e-09,6.636519538005813956e-05,8.379237988265231252e-05,0.000000000000000000e+00,6.659374048467725515e-05,1.703105681372107938e-06,7.844221272534923628e-09
1.249387278221547604e-04,7.670850754948332906e-05,4.364078922662883997e-04,5.668700620020672432e-09,6.643274537054821849e-05,9.244457032764330506e-05,0.000000000000000000e+00,4.589422314893454313e-05,1.703105681372107938e-06,5.743713504813285908e-09
1.166323199868202209e-04,7.003984501352533698e-05,4.095069307368248701e-04,5.175890827047169296e-09,6.296071660472080112e-05,8.089807670330628753e-05,0.000000000000000000e+00,5.641778261633589864e-05,1.703105681372107938e-06,7.063588380873397909e-09
1.171106196125037968e-04,7.140616071410477161e-05,4.166565777268260717e-04,5.276860726155518933e-09,6.413757364498451352e-05,9.008352935779839754e-05,0.000000000000000000e+00,4.038802580907940865e-05,1.703105681372107938e-06,5.352511323053477099e-09
1.134597841883078218e-04,6.809431943111121655e-05,4.009643162135034800e-04,5.032118721715050924e-09,6.215271423570811749e-05,8.024782437132671475e-05,0.000000000000000000e+00,5.269027315080165863e-05,1.703105681372107938e-06,6.772679306266127242e-09
1.170632822322659194e-04,7.137392094591632485e-05,4.172708431724458933e-04,5.274478187544673347e-09,6.415088864741846919e-05,9.007837070384994149e-05,0.000000000000000000e+00,3.962275877711363137e-05,1.703105681372107938e-06,5.291080018565708087e-09
1.139490559580735862e-04,6.852971273474395275e-05,3.996783925686031580e-04,5.064293873147107661e-09,6.227544508874416351e-05,8.036180224735289812e-05,0.000000000000000000e+00,5.451504330267198384e-05,1.703105681372107938e-06,6.904427252152345318e-09
1.160166793852113187e-04,7.014990114839747548e-05,4.170404863543808460e-04,5.184024765014783043e-09,6.356748053804039955e-05,8.955584053182974458e-05,0.000000000000000000e+00,4.162725963396951556e-05,1.703105681372107938e-06,5.426268767649844449e-09
1.102349051507189870e-04,6.546645454363897443e-05,3.924686461687088013e-04,4.837920730693667792e-09,6.074828343116678298e-05,7.882177305873483419e-05,0.000000000000000000e+00,5.521583079826086760e-05,1.703105681372107938e-06,6.954723463792333860e-09
1.085889743990264833e-04,6.434115493902936578e-05,4.015615850221365690e-04,4.754761917524774617e-09,6.061177191440947354e-05,8.674063428770750761e-05,0.000000000000000000e+00,4.091655137017369270e-05,1.703105681372107938e-06,5.373305356215496431e-09
1.003176657832227647e-04,5.763637454947456717e-05,3.738721134141087532e-04,4.259284480667702155e-09,5.674212661688216031e-05,7.486391405109316111e-05,0.000000000000000000e+00,5.294084257911890745e-05,1.703105681372107938e-06,6.778696715059595590e-09
9.559483441989868879e-05,5.452978075481951237e-05,3.737568331416696310e-04,4.029709899100453185e-09,5.576751209446229041e-05,8.217499271268025041e-05,0.000000000000000000e+00,3.689367440529167652e-05,1.703105681372107938e-06,5.088986121393190842e-09
8.574318781029433012e-05,4.666117092710919678e-05,3.439461288508027792e-04,3.448225260882509247e-09,5.103119110572151840e-05,6.951946124900132418e-05,0.000000000000000000e+00,4.687407636083662510e-05,1.703105681372107938e-06,6.310172384615952978e-09
7.990808080649003386e-05,4.308595816837623715e-05,3.369664191268384457e-04,3.184019492508127769e-09,4.931355942972004414e-05,7.591322355438023806e-05,0.000000000000000000e+00,3.125482544419355690e-05,1.703105681372107938e-06,4.689637123078682635e-09
7.168957381509244442e-05,3.649801146821118891e-05,3.130247932858765125e-04,2.697175593979750374e-09,4.506209734245203435e-05,6.402481812983751297e-05,0.000000000000000000e+00,3.889083745889365673e-05,1.703105681372107938e-06,5.692401217061160423e-09
6.679408397758379579e-05,3.357374589540995657e-05,3.069387166760861874e-04,2.481074456994747379e-09,4.357298530521802604e-05,7.026495586615055799e-05,0.000000000000000000e+00,2.526469324948266149e-05,1.703105681372107938e-06,4.271414777434756616e-09
6.070308882044628263e-05,2.856681203411426395e-05,2.882764383684843779e-04,2.111065988685822958e-09,3.985142029705457389e-05,5.934250657446682453e-05,0.000000000000000000e+00,3.308634040877223015e-05,1.703105681372107938e-06,5.237274613989484351e-09
5.687033262802287936e-05,2.645910717546939850e-05,2.840562374331057072e-04,1.955307693535246472e-09,3.853853195323608816e-05,6.524668424390256405e-05,0.000000000000000000e+00,2.005602436838671565e-05,1.703105681372107938e-06,3.907351775467304833e-09
5.182829045224934816e-05,2.239486639155074954e-05,2.685122017282992601e-04,1.654963721620106298e-09,3.515481512295082211e-05,5.516409873962402344e-05,0.000000000000000000e+00,2.582199886091984808e-05,1.703105681372107938e-06,4.670573261478239147e-09
4.790734965354204178e-05,1.994852755160536617e-05,2.636178978718817234e-04,1.474181110516781246e-09,3.334357461426407099e-05,6.010858487570658326e-05,0.000000000000000000e+00,1.597031405253801495e-05,1.703105681372107938e-06,3.627688816010277151e-09
4.326919588493183255e-05,1.608984166523441672e-05,2.507262397557497025e-04,1.189027321046864927e-09,2.975862298626452684e-05,5.036429138272069395e-05,0.000000000000000000e+00,2.106730244122445583e-05,1.703105681372107938e-06,4.292396216243332674e-09
3.995381484855897725e-05,1.408031221217243001e-05,2.468102611601352692e-04,1.040524444384516300e-09,2.794756073853932321e-05,5.479101309902034700e-05,0.000000000000000000e+00,1.192474337585736066e-05,1.703105681372107938e-06,3.357603528542085769e-09
3.686999116325750947e-05,1.129946667788317427e-05,2.384891122346743941e-04,8.350219959929461311e-10,2.496540946594905108e-05,4.608111339621245861e-05,0.000000000000000000e+00,1.721611624816432595e-05,1.703105681372107938e-06,3.986138974454433992e-09
3.472357275313697755e-05,1.013794735627016053e-05,2.355027245357632637e-04,7.491867126674378596e-10,2.363480416534002870e-05,5.064423021394759417e-05,0.000000000000000000e+00,1.035353398037841544e-05,1.703105681372107938e-06,3.256810376939256457e-09
3.244394247303716838e-05,8.004089067981112748e-06,2.299736806889995933e-04,5.914960188313500566e-10,2.096622847602702677e-05,4.265929965185932815e-05,0.000000000000000000e+00,1.442483062419341877e-05,1.703105681372107938e-06,3.760628253246522945e-09
3.066684803343378007e-05,7.102383278834167868e-06,2.272305573569610715e-04,5.248606549379530861e-10,1.972236532310489565e-05,4.675428135669790208e-05,0.000000000000000000e+00,8.414115654886700213e-06,1.703105681372107938e-06,3.132502257585656480e-09
2.905766450567170978e-05,5.549266461457591504e-06,2.229002857347950339e-04,4.100865758083216406e-10,1.741465712257195264e-05,3.980711335316300392e-05,0.000000000000000000e+00,1.218369561684085056e-05,1.703105681372107938e-06,3.574924356541941961e-09
2.783504896797239780e-05,5.074838099972112104e-06,2.202822652179747820e-04,3.750266486246545128e-10,1.658412111282814294e-05,4.362807521829381585e-05,0.000000000000000000e+00,7.319838914554566145e-06,1.703105681372107938e-06,3.064789755313768183e-09
2.714240144996438175e-05,4.308938059693900868e-06,2.180067385779693723e-04,3.184272290290834917e-10,1.539358891022857279e-05,3.850279244943521917e-05,0.000000000000000000e+00,1.032789896271424368e-05,1.703105681372107938e-06,3.419710292718036726e-09
2.717361167015042156e-05,4.680525762523757294e-06,2.180990122724324465e-04,3.458873187867084198e-10,1.602817064849659801e-05,4.275715764379128814e-05,0.000000000000000000e+00,6.831851351307705045e-06,1.703105681372107938e-06,3.036863649441556845e-09
2.764453893178142607e-05,4.803384854312753305e-06,2.178509312216192484e-04,3.549664728819124093e-10,1.636676825000904500e-05,3.952693441533483565e-05,0.000000000000000000e+00,1.056058863468933851e-05,1.703105681372107938e-06,3.437765627722910722e-09
2.871590550057590008e-05,5.974121449980884790e-06,2.201104362029582262e-04,4.414830445664819081e-10,1.825212711992207915e-05,4.471923966775648296e-05,0.000000000000000000e+00,7.307401119760470465e-06,1.703105681372107938e-06,3.065820486369830178e-09
3.050820123462472111e-05,7.000897312536835670e-06,2.230212267022579908e-04,5.173609873843076912e-10,1.984089794859755784e-05,4.240917405695654452e-05,0.000000000000000000e+00,1.205181251862086356e-05,1.703105681372107938e-06,3.561231975979239905e-09
3.382980503374710679e-05,9.858789780992083251e-06,2.306388341821730137e-04,7.285569925130630509e-10,2.358176243433263153e-05,4.984102997696027160e-05,0.000000000000000000e+00,9.071291060536168516e-06,1.703105681372107938e-06,3.171674700652715728e-09
3.879332871292717755e-05,1.310268362431088462e-05,2.395189803792163730e-04,9.682783463915711764e-10,2.721185046539176255e-05,4.861360139329917729e-05,0.000000000000000000e+00,1.738745413604192436e-05,1.703105681372107938e-06,3.992387753726234223e-09
4.815117063117213547e-05,2.057069104921538383e-05,2.604462497401982546e-04,1.520158443568675466e-09,3.428115815040655434e-05,6.046471389709040523e-05,0.000000000000000000e+00,1.535854971734806895e-05,1.703105681372107938e-06,3.586940078292855105e-09
6.326253060251474380e-05,3.113849743385799229e-05,2.887120062950998545e-04,2.301111301505898155e-09,4.172947956249117851e-05,6.139719334896653891e-05,0.000000000000000000e+00,3.252836904721334577e-05,1.703105681372107938e-06,5.182979379014795995e-09
9.123518248088657856e-05,5.249527384876273572e-05,3.524809726513922215e-04,3.879360832570455386e-09,5.471340773510746658e-05,8.094415534287691116e-05,0.000000000000000000e+00,3.491814277367666364e-05,1.703105681372107938e-06,4.936625774831782110e-09
1.349402155028656125e-04,8.406539564020931721e-05,4.350966482888907194e-04,6.212369285663044138e-09,6.879319698782637715e-05,8.586374315200373530e-05,0.000000000000000000e+00,7.365147757809609175e-05,1.703105681372107938e-06,8.341833890312955191e-09
2.245223731733858585e-04,1.502344675827771425e-04,6.418092525564134121e-04,1.110221337086159110e-08,9.255659824702888727e-05,1.188126771012321115e-04,0.000000000000000000e+00,1.010697014862671494e-04,1.703105681372107938e-06,9.644491427707180264e-09
3.589936241041868925e-04,2.498743124306201935e-04,8.907990995794534683e-04,1.846552244444410462e-08,1.185170476674102247e-04,1.319590228376910090e-04,0.000000000000000000e+00,2.003940753638744354e-04,1.703105681372107938e-06,1.793441839481602074e-08
6.470719818025827408e-04,4.587727889884263277e-04,1.570251653902232647e-03,3.390296754446353589e-08,1.617478264961391687e-04,1.879418268799781799e-04,0.000000000000000000e+00,3.127403906546533108e-04,1.703105681372107938e-06,2.496734907708741957e-08
1.010707463137805462e-03,7.364125922322273254e-04,2.181320684030652046e-03,5.442033312874627882e-08,2.035180223174393177e-04,2.125014434568583965e-04,0.000000000000000000e+00,5.616282578557729721e-04,1.703105681372107938e-06,4.500685335528942232e-08
1.895209890790283680e-03,1.359840738587081432e-03,4.404912237077951431e-03,1.004911993618406996e-07,2.785501128528267145e-04,3.046389028895646334e-04,0.000000000000000000e+00,9.487788192927837372e-04,1.703105681372107938e-06,7.141338898009053082e-08
2.632521325722336769e-03,1.967338612303137779e-03,5.168339237570762634e-03,1.453848454957551439e-07,3.316077054478228092e-04,3.360562550369650126e-04,0.000000000000000000e+00,1.483487081713974476e-03,1.703105681372107938e-06,1.136880598551215371e-07
4.757384769618511200e-03,3.395177423954010010e-03,1.121567189693450928e-02,2.509010528228827752e-07,4.397736629471182823e-04,4.657724348362535238e-04,0.000000000000000000e+00,2.406402258202433586e-03,1.703105681372107938e-06,1.783331100568830152e-07
4.832002334296703339e-03,3.712510457262396812e-03,8.426521904766559601e-03,2.743517200087808305e-07,4.514637112151831388e-04,4.535267944447696209e-04,0.000000000000000000e+00,2.768398262560367584e-03,1.703105681372107938e-06,2.091203867848889786e-07
6.628468632698059082e-03,4.621235188096761703e-03,1.677522063255310059e-02,3.415057676647847984e-07,5.128866760060191154e-04,5.388723802752792835e-04,0.000000000000000000e+00,3.297117073088884354e-03,1.703105681372107938e-06,2.436972579289431451e-07
3.778476966544985771e-03,3.009279025718569756e-03,5.431758705526590347e-03,2.223834201231511543e-07,4.016757011413574219e-04,4.068243142683058977e-04,0.000000000000000000e+00,2.260219305753707886e-03,1.703105681372107938e-06,1.712450625745987054e-07
2.095462288707494736e-03,1.323613920249044895e-03,6.719561759382486343e-03,9.781406618003529729e-08,2.727198589127510786e-04,2.989296917803585529e-04,0.000000000000000000e+00,9.989237878471612930e-04,1.703105681372107938e-06,7.489040854125050828e-08
3.959213208872824907e-04,3.139087057206779718e-04,6.466944469138979912e-04,2.319761627234129264e-08,1.296892442042008042e-04,1.484713575337082148e-04,0.000000000000000000e+00,1.734317629598081112e-04,1.703105681372107938e-06,1.585354070243738533e-08
2.907644666265696287e-04,2.207559300586581230e-04,6.512296968139708042e-04,1.631369528354298382e-08,1.118513682740740478e-04,1.309513172600418329e-04,0.000000000000000000e+00,4.885579255642369390e-05,1.703105681372107938e-06,6.691504239597634296e-09
1.434243866242468357e-03,1.045913319103419781e-03,3.272776724770665169e-03,7.729220641294887173e-08,2.422188990749418736e-04,2.677841403055936098e-04,0.000000000000000000e+00,6.105281645432114601e-04,1.703105681372107938e-06,4.721045243627486343e-08
2.459780545905232430e-03,1.759143429808318615e-03,5.708735901862382889e-03,1.299993641623586882e-07,3.173841396346688271e-04,3.219950594939291477e-04,0.000000000000000000e+00,1.297635026276111603e-03,1.703105681372107938e-06,1.005754768357292050e-07
3.740721615031361580e-03,2.812112681567668915e-03,7.621265016496181488e-03,2.078130023619451094e-07,3.982990747317671776e-04,4.239871050231158733e-04,0.000000000000000000e+00,1.664824783802032471e-03,1.703105681372107938e-06,1.245838774366347934e-07
2.441914053633809090e-03,1.795670366846024990e-03,5.121318157762289047e-03,1.326986875938018784e-07,3.180017229169607162e-04,3.232517046853899956e-04,0.000000000000000000e+00,1.341118826530873775e-03,1.703105681372107938e-06,1.035788415038041421e-07
1.367918215692043304e-03,9.289277950301766396e-04,3.764793276786804199e-03,6.864706136866516317e-08,2.282736386405304074e-04,2.543934679124504328e-04,0.000000000000000000e+00,6.251110462471842766e-04,1.703105681372107938e-06,4.785955809438746655e-08
2.602488675620406866e-04,1.893795852083712816e-04,5.869747838005423546e-04,1.399500781928963988e-08,1.010829510050825775e-04,1.201098275487311184e-04,0.000000000000000000e+00,1.217180542880669236e-04,1.703105681372107938e-06,1.184574927037829184e-08
3.147480310872197151e-04,2.462413976900279522e-04,6.153793656267225742e-04,1.819705275352134777e-08,1.138252700911834836e-04,1.346646313322708011e-04,0.000000000000000000e+00,6.968673551455140114e-05,1.703105681372107938e-06,7.787228639699605992e-09
1.116888481192290783e-03,7.416168809868395329e-04,3.333228174597024918e-03,5.480492504261746944e-08,2.068961184704676270e-04,2.322731161257252097e-04,0.000000000000000000e+00,4.194878856651484966e-04,1.703105681372107938e-06,3.266243453481365577e-08
1.357077970169484615e-03,1.042668591253459454e-03,2.552015939727425575e-03,7.705242666133926832e-08,2.423268742859363556e-04,2.521403075661510229e-04,0.000000000000000000e+00,5.920778494328260422e-04,1.703105681372107938e-06,4.741925607731900527e-08
1.196168945170938969e-03,8.643751498311758041e-04,2.833591075614094734e-03,6.387666928731050575e-08,2.224230556748807430e-04,2.482851559761911631e-04,0.000000000000000000e+00,4.843471106141805649e-04,1.703105681372107938e-06,3.778574253487931855e-08
4.237737739458680153e-04,2.718949981499463320e-04,1.257095718756318092e-03,2.009283406323447707e-08,1.245310122612863779e-04,1.366908545605838299e-04,0.000000000000000000e+00,2.616921847220510244e-04,1.703105681372107938e-06,2.301472790122716106e-08
8.903254638426005840e-05,5.078452159068547189e-05,3.579943731892853975e-04,3.752937960399549411e-09,4.918139529763720930e-05,7.444419316016137600e-05,0.000000000000000000e+00,2.448586019454523921e-05,1.703105681372107938e-06,4.799364905494485356e-09
2.793222956825047731e-04,2.094730589305981994e-04,6.316146464087069035e-04,1.547989825212425785e-08,1.054679960361681879e-04,1.299900613958016038e-04,0.000000000000000000e+00,6.687770655844360590e-05,1.703105681372107938e-06,7.712277039217951824e-09
6.270037847571074963e-04,4.346593632362782955e-04,1.690104138106107712e-03,3.212099741745078063e-08,1.598614326212555170e-04,1.713408855721354485e-04,0.000000000000000000e+00,2.333396987523883581e-04,1.703105681372107938e-06,2.078542848948927713e-08
8.327144896611571312e-04,6.093202973715960979e-04,1.923114527016878128e-03,4.502831529862305615e-08,1.876448804978281260e-04,2.132952213287353516e-04,0.000000000000000000e+00,3.108271339442580938e-04,1.703105681372107938e-06,2.504302365480270964e-08
5.170885124243795872e-04,3.673737228382378817e-04,1.204002648591995239e-03,2.714863889252683293e-08,1.414502330590039492e-04,1.543438556836917996e-04,0.000000000000000000e+00,2.931449271272867918e-04,1.703105681372107938e-06,2.497372619814086647e-08
2.299254119861871004e-04,1.393106213072314858e-04,8.217927534133195877e-04,1.029494978155298668e-08,8.767811232246458530e-05,1.141854299930855632e-04,0.000000000000000000e+00,8.435510972049087286e-05,1.703105681372107938e-06,8.374811955036420841e-09
1.451833959436044097e-04,9.796029917197301984e-05,4.632661875803023577e-04,7.239191912589149069e-09,6.495592242572456598e-05,8.808632264845073223e-05,0.000000000000000000e+00,8.964754670159891248e-06,1.703105681372107938e-06,3.212021315590618542e-09
2.667929220478981733e-04,1.980027736863121390e-04,6.635182071477174759e-04,1.463225540732082663e-08,1.022180294967256486e-04,1.209833862958475947e-04,0.000000000000000000e+00,2.438329102005809546e-05,1.703105681372107938e-06,4.529734809466390288e-09
3.899019211530685425e-04,2.792397863231599331e-04,9.885857580229640007e-04,2.063560877729742060e-08,1.263542217202484608e-04,1.516385382274165750e-04,0.000000000000000000e+00,1.180354520329274237e-04,1.703105681372107938e-06,1.094385027045063907e-08
3.210825088899582624e-04,2.061837731162086129e-04,9.724459960125386715e-04,1.523682513493440638e-08,1.077486449503339827e-04,1.215218144352547824e-04,0.000000000000000000e+00,1.765412016538903117e-04,1.703105681372107938e-06,1.632588286781810893e-08
2.231270045740529895e-04,1.581186224939301610e-04,5.718104657717049122e-04,1.168484686786541715e-08,9.328437590738758445e-05,1.198324898723512888e-04,0.000000000000000000e+00,7.827331137377768755e-05,1.703105681372107938e-06,8.262716733042907435e-09
1.603836863068863750e-04,9.711585153127089143e-05,5.706535885110497475e-04,7.176787608642598570e-09,6.839844718342646956e-05,8.607387280790135264e-05,0.000000000000000000e+00,6.202470831340178847e-05,1.703105681372107938e-06,7.713241600981746160e-09
1.712284283712506294e-04,1.239604607690125704e-04,4.616092774085700512e-04,9.160584291123541334e-09,7.250958151416853070e-05,9.559599857311695814e-05,0.000000000000000000e+00,1.107040407077874988e-05,1.703105681372107938e-06,3.576510643199526385e-09
1.708192867226898670e-04,1.204963409691117704e-04,4.886164097115397453e-04,8.904588177927053039e-09,7.908118277555331588e-05,1.028985861921682954e-04,0.000000000000000000e+00,1.461297233618097380e-05,1.703105681372107938e-06,3.671373427494017960e-09
1.387448864988982677e-04,8.547942707082256675e-05,4.769891093019396067e-04,6.316865253097603272e-09,7.008983811829239130e-05,8.827634155750274658e-05,0.000000000000000000e+00,5.566539039136841893e-05,1.703105681372107938e-06,6.995221291106190620e-09
1.300306466873735189e-04,7.163360714912414551e-05,5.403616814874112606e-04,5.293669502748343803e-09,6.370000483002513647e-05,9.030882210936397314e-05,0.000000000000000000e+00,4.360869206720963120e-05,1.703105681372107938e-06,5.472718722643321598e-09
1.469942653784528375e-04,1.003767029033042490e-04,4.140429082326591015e-04,7.417761960226698648e-09,7.012291462160646915e-05,8.957579848356544971e-05,0.000000000000000000e+00,5.213267286308109760e-05,1.703105681372107938e-06,6.601718283150148636e-09
1.645503507461398840e-04,1.119572552852332592e-04,4.999177763238549232e-04,8.273556062476927764e-09,7.214157812995836139e-05,9.726216376293450594e-05,0.000000000000000000e+00,2.601318556116893888e-05,1.703105681372107938e-06,4.217435289888271654e-09
1.215382726513780653e-04,8.280726615339517593e-05,3.815989184658974409e-04,6.119394324599625179e-09,5.876852810615673661e-05,8.202055323636159301e-05,0.000000000000000000e+00,5.711108315153978765e-06,1.703105681372107938e-06,3.001985993122957552e-09
6.403391307685524225e-05,3.114894570899195969e-05,3.192209405824542046e-04,2.301883350597222488e-09,4.003700087196193635e-05,6.253796163946390152e-05,0.000000000000000000e+00,9.628711268305778503e-06,1.703105681372107938e-06,3.390880021214570661e-09
5.147824413143098354e-05,2.012196455325465649e-05,3.017256385646760464e-04,1.486997858179961440e-09,3.352300700498744845e-05,5.982161746942438185e-05,0.000000000000000000e+00,1.183714630315080285e-05,1.703105681372107938e-06,3.421661176616908051e-09
9.068619692698121071e-05,4.879705011262558401e-05,3.820323327090591192e-04,3.606065224204257902e-09,5.005262937629595399e-05,6.954005948500707746e-05,0.000000000000000000e+00,3.685916090034879744e-05,1.703105681372107938e-06,5.626440646722130623e-09
1.291391963604837656e-04,8.864938718033954501e-05,3.782954008784145117e-04,6.551122755382721152e-09,6.496644346043467522e-05,9.021929145092144608e-05,0.000000000000000000e+00,2.660266363818664104e-05,1.703105681372107938e-06,4.486572002804223303e-09
1.049704442266374826e-04,6.537535955430939794e-05,3.743135603144764900e-04,4.831189670539970393e-09,5.415357009042054415e-05,7.510280556743964553e-05,0.000000000000000000e+00,2.163727549486793578e-05,1.703105681372107938e-06,4.421687016531450354e-09
5.218798469286412001e-05,2.297174614795949310e-05,2.851485915016382933e-04,1.697594620431175372e-09,3.221919541829265654e-05,5.837385469931177795e-05,0.000000000000000000e+00,7.013801678112940863e-06,1.703105681372107938e-06,3.085655730927783225e-09
2.675460928003303707e-05,9.478067681811808143e-07,2.512795326765626669e-04,7.004220814454953370e-11,6.248333647818071768e-06,3.464358815108425915e-05,0.000000000000000000e+00,6.788492100895382464e-06,1.703105681372107938e-06,3.091783273845294389e-09
4.966324195265769958e-05,2.105017665599007159e-05,2.742838405538350344e-04,1.555592210600309500e-09,3.139581895084120333e-05,5.484469147631898522e-05,0.000000000000000000e+00,1.184677148557966575e-05,1.703105681372107938e-06,3.483750177224465006e-09
8.253405394498258829e-05,4.676152093452401459e-05,3.428655909374356270e-04,3.455640662508585592e-09,4.737498238682746887e-05,7.303828897420316935e-05,0.000000000000000000e+00,1.485970460635144264e-05,1.703105681372107938e-06,3.471022358425557286e-09
7.996658678166568279e-05,4.710455323220230639e-05,3.128242387901991606e-04,3.480990828919061641e-09,4.641593477572314441e-05,6.799055699957534671e-05,0.000000000000000000e+00,1.579607669555116445e-05,1.703105681372107938e-06,3.806994719468548283e-09
5.337917536962777376e-05,2.273364771099295467e-05,2.947959001176059246e-04,1.679999361847706041e-09,3.434791506151668727e-05,6.058905273675918579e-05,0.000000000000000000e+00,1.165934008895419538e-05,1.703105681372107938e-06,3.281084959283475655e-09
3.383034709258936346e-05,6.071833468013210222e-06,2.616932906676083803e-04,4.487038518519170793e-10,1.809928471629973501e-05,3.989059769082814455e-05,0.000000000000000000e+00,1.589183921169023961e-05,1.703105681372107938e-06,3.850953333994766581e-09
3.779186590691097081e-05,1.117987085308413953e-05,2.596377744339406490e-04,8.261840100942663412e-10,2.375385702180210501e-05,4.908052142127417028e-05,0.000000000000000000e+00,6.482183380285277963e-06,1.703105681372107938e-06,3.067927023536753950e-09
4.891243588645011187e-05,2.122329351550433785e-05,2.689172397367656231e-04,1.568385199490762716e-09,3.080877286265604198e-05,5.642655742121860385e-05,0.000000000000000000e+00,7.974165782798081636e-06,1.703105681372107938e-06,3.173878937445806514e-09
4.933698801323771477e-05,1.987368341360706836e-05,2.832961909007281065e-04,1.468650201452703641e-09,3.028994251508265734e-05,5.255077121546491981e-05,0.000000000000000000e+00,1.133684418164193630e-05,1.703105681372107938e-06,3.535619796934952319e-09
4.370334499981254339e-05,1.623870957701001316e-05,2.637784346006810665e-04,1.200028187930968215e-09,2.921103805419988930e-05,5.591979788732714951e-05,0.000000000000000000e+00,1.086789870896609500e-05,1.703105681372107938e-06,3.309364782211332567e-09
4.232934952597133815e-05,1.283389974560122937e-05,2.712569839786738157e-04,9.484154572803049632e-10,2.666532418515998870e-05,4.757073475047945976e-05,0.000000000000000000e+00,2.369750836805906147e-05,1.703105681372107938e-06,4.484047799735435547e-09
4.602558692567981780e-05,1.664674709900282323e-05,2.846996940206736326e-04,1.230182067324392392e-09,3.091602775384671986e-05,5.673780469805933535e-05,0.000000000000000000e+00,9.088711522053927183e-06,1.703105681372107938e-06,3.140131266121670706e-09
4.501429793890565634e-05,1.737147249514237046e-05,2.656184078659862280e-04,1.283738670920797631e-09,3.071935498155653477e-05,5.344956662156619132e-05,0.000000000000000000e+00,1.080980109691154212e-05,1.703105681372107938e-06,3.429841299862346204e-09
3.619485869421623647e-05,9.903449608827941120e-06,2.567459014244377613e-04,7.318574635206687162e-10,2.273418795084580779e-05,4.837631058762781322e-05,0.000000000000000000e+00,6.168193976918701082e-06,1.703105681372107938e-06,2.964482881395724689e-09
2.674973075045272708e-05,2.667030685188365169e-06,2.349976275581866503e-04,1.970915514126758694e-10,1.168539529317058623e-05,3.849729910143651068e-05,0.000000000000000000e+00,5.829376732435775921e-06,1.703105681372107938e-06,3.001244808231717798e-09
2.647598012117668986e-05,2.210849061157205142e-06,2.332415606360882521e-04,1.633800733591428411e-10,1.042645635607186705e-05,3.496926728985272348e-05,0.000000000000000000e+00,9.409744052391033620e-06,1.703105681372107938e-06,3.338425313970105890e-09
3.442119850660674274e-05,8.741166311665438116e-06,2.497948589734733105e-04,6.459655588209045618e-10,2.217024484707508236e-05,4.815174906980246305e-05,0.000000000000000000e+00,7.005468432907946408e-06,1.703105681372107938e-06,3.065245168798469422e-09
4.013739453512243927e-05,1.265586251975037158e-05,2.617532154545187950e-04,9.352586483046820831e-10,2.648403642524499446e-05,4.852562778978608549e-05,0.000000000000000000e+00,1.306213198404293507e-05,1.703105681372107938e-06,3.672352200112527498e-09
3.810428461292758584e-05,1.188108217320404947e-05,2.522443537600338459e-04,8.780029481236795164e-10,2.583443165349308401e-05,5.168975258129648864e-05,0.000000000000000000e+00,9.987677003664430231e-06,1.703105681372107938e-06,3.266584336358846485e-09
3.091182225034572184e-05,5.516315013665007427e-06,2.428980951663106680e-04,4.076515514039869004e-10,1.733241515466943383e-05,3.991353878518566489e-05,0.000000000000000000e+00,1.105698538594879210e-05,1.703105681372107938e-06,3.499717848853833857e-09
2.631694769661407918e-05,2.606702992125065066e-06,2.311952557647600770e-04,1.926333675905667064e-10,1.118975524150300771e-05,3.985122384619899094e-05,0.000000000000000000e+00,5.907179911446291953e-06,1.703105681372107938e-06,2.996323189563554479e-09
2.621557905513327569e-05,2.698731805139686912e-06,2.285293012391775846e-04,1.994342191391496044e-10,1.138545030698878691e-05,3.690133598865941167e-05,0.000000000000000000e+00,6.639191269641742110e-06,1.703105681372107938e-06,3.098449496974353679e-09
2.776280234684236348e-05,4.118925517104798928e-06,2.302559732925146818e-04,3.043854890361075149e-10,1.444013105356134474e-05,4.009126496384851635e-05,0.000000000000000000e+00,6.182800916576525196e-06,1.703105681372107938e-06,3.049447139247263294e-09
2.821922680595889688e-05,4.115183855901705101e-06,2.352817973587661982e-04,3.041089879918246197e-10,1.496052664151648059e-05,4.132076719542965293e-05,0.000000000000000000e+00,5.758630322816316038e-06,1.703105681372107938e-06,2.959157585635807663e-09
2.753721673798281699e-05,3.703778247654554434e-06,2.291242562932893634e-04,2.737064186408844080e-10,1.410315962857566774e-05,3.788581670960411429e-05,0.000000000000000000e+00,9.210129974235314876e-06,1.703105681372107938e-06,3.317619512444025531e-09
2.750339990598149598e-05,3.663625648187007755e-06,2.319779741810634732e-04,2.707391533185443677e-10,1.377812350256135687e-05,4.180146061116829515e-05,0.000000000000000000e+00,6.419760211429093033e-06,1.703105681372107938e-06,3.010864446650884929e-09
2.799751382553949952e-05,4.158423053013393655e-06,2.285718073835596442e-04,3.073043208789982828e-10,1.453078766644466668e-05,3.776692756218835711e-05,0.000000000000000000e+00,9.819105798669625074e-06,1.703105681372107938e-06,3.392888414666117569e-09
2.776532892312388867e-05,4.511137831286760047e-06,2.260468900203704834e-04,3.333696652063622423e-10,1.482620427850633860e-05,4.250116762705147266e-05,0.000000000000000000e+00,6.495035904663382098e-06,1.703105681372107938e-06,3.056348507612938192e-09
2.592772762000095099e-05,2.755774175966507755e-06,2.240356843685731292e-04,2.036495971857732457e-10,1.158710620074998587e-05,3.636277688201516867e-05,0.000000000000000000e+00,7.683843250561039895e-06,1.703105681372107938e-06,3.214409183271982329e-09
2.373113966314122081e-05,1.179618038804619573e-06,2.191866078646853566e-04,8.717286614778885223e-11,7.284017101483186707e-06,3.567689054762013257e-05,0.000000000000000000e+00,6.328613380901515484e-06,1.703105681372107938e-06,3.076160215442769186e-09
2.306849819433409721e-05,6.733857276230992284e-07,2.178151044063270092e-04,4.976269396550492274e-11,4.920173523714765906e-06,3.392940925550647080e-05,0.000000000000000000e+00,6.136014235380571336e-06,1.703105681372107938e-06,3.053260311247640857e-09
2.425066668365616351e-05,1.656007498240796849e-06,2.189334918512031436e-04,1.223776913139573708e-10,8.942014574131462723e-06,3.382443901500664651e-05,0.000000000000000000e+00,7.013087724772049114e-06,1.703105681372107938e-06,3.137554660526120642e-09
2.581916305643972009e-05,3.033389930351404473e-06,2.220238384325057268e-04,2.241652141687922040e-10,1.197631354443728924e-05,3.989250035374425352e-05,0.000000000000000000e+00,5.833884642925113440e-06,1.703105681372107938e-06,2.982797342454546197e-09
2.618068901938386261e-05,3.319624738651327789e-06,2.205621713073924184e-04,2.453177661010386146e-10,1.289170631935121492e-05,3.680270310724154115e-05,0.000000000000000000e+00,8.048465133470017463e-06,1.703105681372107938e-06,3.219277289190358715e-09
2.540660170780029148e-05,2.688354243218782358e-06,2.211677201557904482e-04,1.986673325848897775e-10,1.170374252978945151e-05,3.973577258875593543e-05,0.000000000000000000e+00,6.014760856487555429e-06,1.703105681372107938e-06,2.986899172441326300e-09
2.439023046463262290e-05,1.817639486034750007e-06,2.176569541916251183e-04,1.343221783800530034e-10,9.599749319022521377e-06,3.370847844053059816e-05,0.000000000000000000e+00,8.068946044659242034e-06,1.703105681372107938e-06,3.226880984641411487e-09
2.390427653153892606e-05,1.672947632869181689e-06,2.163769095204770565e-04,1.236295649187368895e-10,9.038762073032557964e-06,3.731689139385707676e-05,0.000000000000000000e+00,5.936369234404992312e-06,1.703105681372107938e-06,3.006316973142020288e-09
2.380646037636324763e-05,1.552451180941716302e-06,2.152983797714114189e-04,1.147249586996856863e-10,9.003845661936793476e-06,3.483828186290338635e-05,0.000000000000000000e+00,7.241714229166973382e-06,1.703105681372107938e-06,3.160077977071296118e-09
2.350655267946422100e-05,1.505829914094647393e-06,2.138182899216189981e-04,1.112796937929871888e-10,8.651419193483889103e-06,3.549542816472239792e-05,0.000000000000000000e+00,6.188927727635018528e-06,1.703105681372107938e-06,3.057144981610804280e-09
2.286396920680999756e-05,1.023382537823636085e-06,2.121063444064930081e-04,7.562719200882028758e-11,6.752730769221670926e-06,3.505497443256899714e-05,0.000000000000000000e+00,6.299520919128553942e-06,1.703105681372107938e-06,3.068794107718986197e-09
2.257842243125196546e-05,7.261911605382920243e-07,2.115922688972204924e-04,5.366497871084341398e-11,5.382578819990158081e-06,3.199820275767706335e-05,0.000000000000000000e+00,6.930044946784619242e-06,1.703105681372107938e-06,3.134154935580113488e-09
2.290289558004587889e-05,1.108035689867392648e-06,2.120241551892831922e-04,8.188300731903908058e-11,6.995754574745660648e-06,3.573148569557815790e-05,0.000000000000000000e+00,5.924447577854152769e-06,1.703105681372107938e-06,3.017214478262530974e-09
2.336743818887043744e-05,1.443848304916173220e-06,2.116666291840374470e-04,1.066992952325485078e-10,8.563421943108551204e-06,3.390712663531303406e-05,0.000000000000000000e+00,7.569278295704862103e-06,1.703105681372107938e-06,3.181596985868395677e-09
2.356894765398465097e-05,1.692400701358565129e-06,2.129320782842114568e-04,1.250671233243849656e-10,9.151285667030606419e-06,3.675989864859730005e-05,0.000000000000000000e+00,5.833397153764963150e-06,1.703105681372107938e-06,2.990150349546638608e-09
2.297914943483192474e-05,1.288153725909069180e-06,2.101020363625138998e-04,9.519357524467864096e-11,8.060869731707498431e-06,3.374994412297382951e-05,0.000000000000000000e+00,6.807916179241146892e-06,1.703105681372107938e-06,3.110185442523061283e-09
2.222565490228589624e-05,7.661979566364607308e-07,2.087736502289772034e-04,5.662144711426897459e-11,5.418844011728651822e-06,3.419674249016679823e-05,0.000000000000000000e+00,5.820920250698691234e-06,1.703105681372107938e-06,3.005146798074065373e-09
2.187144491472281516e-05,5.428952363217831589e-07,2.069623005809262395e-04,4.011954657379135369e-11,4.124627594137564301e-06,3.235618714825250208e-05,0.000000000000000000e+00,6.323188245005439967e-06,1.703105681372107938e-06,3.067449183546955283e-09
2.203086478402838111e-05,7.184301011875504628e-07,2.066748129436746240e-04,5.309144443521596202e-11,5.437297659227624536e-06,3.348531026858836412e-05,0.000000000000000000e+00,6.449534339481033385e-06,1.703105681372107938e-06,3.081472854660205485e-09
2.230910104117356241e-05,1.025875349114357959e-06,2.067721216008067131e-04,7.581140576418121668e-11,6.933815711818169802e-06,3.466424459475092590e-05,0.000000000000000000e+00,6.060123268980532885e-06,1.703105681372107938e-06,3.039383855707455950e-09
2.243648850708268583e-05,1.063123477251792792e-06,2.069537440547719598e-04,7.856402334249779074e-11,7.198800631158519536e-06,3.353354622959159315e-05,0.000000000000000000e+00,6.779908744647400454e-06,1.703105681372107938e-06,3.117109459438438535e-09
2.232523547718301415e-05,1.088268390958546661e-06,2.063462889054790139e-04,8.042221055770681915e-11,7.044148787826998159e-06,3.541843398124910891e-05,0.000000000000000000e+00,6.023380592523608357e-06,1.703105681372107938e-06,3.025276917867358861e-09
2.208584737672936171e-05,8.362088692592806183e-07,2.052946219919249415e-04,6.179520090077161854e-11,5.977484761388041079e-06,3.200722130713984370e-05,0.000000000000000000e+00,7.201757398433983326e-06,1.703105681372107938e-06,3.152995420308002394e-09
2.209164085797965527e-05,9.871362181002041325e-07,2.051729243248701096e-04,7.294861242845840366e-11,6.437422143790172413e-06,3.575424489099532366e-05,0.000000000000000000e+00,5.872114343219436705e-06,1.703105681372107938e-06,3.010559801452927786e-09
2.217813380411826074e-05,1.057524968928191811e-06,2.044526045210659504e-04,7.815028485458341834e-11,6.804305485275108367e-06,3.262335667386651039e-05,0.000000000000000000e+00,6.753470643161563203e-06,1.703105681372107938e-06,3.108575619137354806e-09
2.212016079283785075e-05,1.125888843489519786e-06,2.040086692431941628e-04,8.320233391145848145e-11,7.014335551502881572e-06,3.552884663804434240e-05,0.000000000000000000e+00,5.934059572609839961e-06,1.703105681372107938e-06,3.016238370179280537e-09
2.183767537644598633e-05,9.258214959118049592e-07,2.029596071224659681e-04,6.841750777031307962e-11,6.375870725605636835e-06,3.333038694108836353e-05,0.000000000000000000e+00,6.158923497423529625e-06,1.703105681372107938e-06,3.047330388028512971e-09
2.156166010536253452e-05,6.979790327932278160e-07,2.022887201746925712e-04,5.158012211792240009e-11,5.315860107657499611e-06,3.329553510411642492e-05,0.000000000000000000e+00,6.348085207719122991e-06,1.703105681372107938e-06,3.066764175940761561e-09
2.145251164620276541e-05,6.927334084139147308e-07,2.015873906202614307e-04,5.119247387108671887e-11,5.014172074879752472e-06,3.424274473218247294e-05,0.000000000000000000e+00,6.010398919897852466e-06,1.703105681372107938e-06,3.029298589751761028e-09
2.160197982448153198e-05,7.823385317351494450e-07,2.012135519180446863e-04,5.781422215966891542e-11,5.670639438903890550e-06,3.177911275997757912e-05,0.000000000000000000e+00,6.982865670579485595e-06,1.703105681372107938e-06,3.131372050546588071e-09
2.183891592721920460e-05,1.106805598283244763e-06,2.013116318266838789e-04,8.179210087000399199e-11,6.873387064842972904e-06,3.609631312428973615e-05,0.000000000000000000e+00,6.009461230860324576e-06,1.703105681372107938e-06,3.019153149708131423e-09
2.188426333304960281e-05,1.093246055461349897e-06,2.009753952734172344e-04,8.079006214023465304e-11,7.099677077349042520e-06,3.251470479881390929e-05,0.000000000000000000e+00,6.934780685696750879e-06,1.703105681372107938e-06,3.128058034818081978e-09
2.173855318687856197e-05,1.112269728764658794e-06,2.002981636906042695e-04,8.219589592295406533e-11,7.003966402407968417e-06,3.598149123718030751e-05,0.000000000000000000e+00,5.964674073766218498e-06,1.703105681372107938e-06,3.019367200707279153e-09
2.147712075384333730e-05,8.277633014586172067e-07,1.994491613004356623e-04,6.117108208858468288e-11,5.939940365351503715e-06,3.198304329998791218e-05,0.000000000000000000e+00,7.044405720080249012e-06,1.703105681372107938e-06,3.136362503042278149e-09
2.123297417711000890e-05,7.686209073654026724e-07,1.987134455703198910e-04,5.680050527145930062e-11,5.395661901275161654e-06,3.489533992251381278e-05,0.000000000000000000e+00,5.930091447226004675e-06,1.703105681372107938e-06,3.016892291540784754e-09
2.107662658090703189e-05,6.307128046501020435e-07,1.979544613277539611e-04,4.660919913912486834e-11,4.823869403480784968e-06,3.204141103196889162e-05,0.000000000000000000e+00,6.504675184260122478e-06,1.703105681372107938e-06,3.083548971716254528e-09
2.095882882713340223e-05,6.201078690537542570e-07,1.974096085177734494e-04,4.582550311438282620e-11,4.649903985409764573e-06,3.355458466103300452e-05,0.000000000000000000e+00,5.977606633678078651e-06,1.703105681372107938e-06,3.026558337282381217e-09
2.090165980916935951e-05,5.918002443650038913e-07,1.968215219676494598e-04,4.373358966636153866e-11,4.610978976415935904e-06,3.324805220472626388e-05,0.000000000000000000e+00,6.277052307268604636e-06,1.703105681372107938e-06,3.060526942988417431e-09
2.084109837596770376e-05,5.853115681020426564e-07,1.962277019629254937e-04,4.325408434202593355e-11,4.537972017715219408e-06,3.248558277846314013e-05,0.000000000000000000e+00,6.330169981083599851e-06,1.703105681372107938e-06,3.067821108260204710e-09
2.078848046949133277e-05,6.203733278198342305e-07,1.956733030965551734e-04,4.584511589800221998e-11,4.605989033734658733e-06,3.395529347471892834e-05,0.000000000000000000e+00,6.007755473547149450e-06,1.703105681372107938e-06,3.031056960978162351e-09
2.073963878501672298e-05,5.750275704485829920e-07,1.951819140231236815e-04,4.249409851775354241e-11,4.394462393975118175e-06,3.195659883203916252e-05,0.000000000000000000e+00,6.464194939326262102e-06,1.703105681372107938e-06,3.083884703158901175e-09
2.068633875751402229e-05,6.087815904720628168e-07,1.947600685525685549e-04,4.498850250667096873e-11,4.464504399948054925e-06,3.395707972231321037e-05,0.000000000000000000e+00,6.015515282342676073e-06,1.703105681372107938e-06,3.033621798209651388e-09
2.059919643215835094e-05,5.363881427911110222e-07,1.941241935128346086e-04,3.963868122625058277e-11,4.162121967965504155e-06,3.222045779693871737e-05,0.000000000000000000e+00,6.503867098217597231e-06,1.703105681372107938e-06,3.088469924250603071e-09
2.050255170615855604e-05,5.352845278139284346e-07,1.935971667990088463e-04,3.955712146730405721e-11,4.034425728605128825e-06,3.321574695291928947e-05,0.000000000000000000e+00,6.075496912671951577e-06,1.703105681372107938e-06,3.041446428042604566e-09
2.042990308837033808e-05,5.109347398501995485e-07,1.930609869305044413e-04,3.775768933622636325e-11,3.902202024619327858e-06,3.286797800683416426e-05,0.000000000000000000e+00,6.128698259999509901e-06,1.703105681372107938e-06,3.046949803575671467e-09
2.040988874796312302e-05,5.135783567311591469e-07,1.927584526129066944e-04,3.795305389409087127e-11,3.905749053956242278e-06,3.242659659008495510e-05,0.000000000000000000e+00,6.204641067597549409e-06,1.703105681372107938e-06,3.055557806774800156e-09
2.044145003310404718e-05,5.878937940906325821e-07,1.925925753312185407e-04,4.344490392438338233e-11,4.324620476836571470e-06,3.379647750989533961e-05,0.000000000000000000e+00,5.942988536844495684e-06,1.703105681372107938e-06,3.024215544655817212e-09
2.053291063930373639e-05,6.397329457286105026e-07,1.922630035551264882e-04,4.727577704310981233e-11,4.891149274044437334e-06,3.186337926308624446e-05,0.000000000000000000e+00,6.668764399364590645e-06,1.703105681372107938e-06,3.101498835533789133e-09
2.061345912807155401e-05,7.949809059937251732e-07,1.923291274579241872e-04,5.874848524323184051e-11,5.531441729544894770e-06,3.485480920062400401e-05,0.000000000000000000e+00,5.855653398612048477e-06,1.703105681372107938e-06,3.009227533823377598e-09
2.062713792838621885e-05,7.644520110261510126e-07,1.917206973303109407e-04,5.649242532101972358e-11,5.628884082398144528e-06,3.193089651176705956e-05,0.000000000000000000e+00,6.906157068442553282e-06,1.703105681372107938e-06,3.124159153600203354e-09
2.060827318928204477e-05,8.795744292910967488e-07,1.913916203193366528e-04,6.499988741692774852e-11,5.905507350689731538e-06,3.517817822284996510e-05,0.000000000000000000e+00,5.895361937291454524e-06,1.703105681372107938e-06,3.009575699763900047e-09
2.056019366136752069e-05,7.758321203255036380e-07,1.908486010506749153e-04,5.733340885383242380e-11,5.719641649193363264e-06,3.179465420544147491e-05,0.000000000000000000e+00,6.995007424848154187e-06,1.703105681372107938e-06,3.132590187249206792e-09
2.045954352070111781e-05,8.428937690041493624e-07,1.902927615446969867e-04,6.228920851336638975e-11,5.760141448263311759e-06,3.518697121762670577e-05,0.000000000000000000e+00,5.873734153283294290e-06,1.703105681372107938e-06,3.010832916316985575e-09
2.039736864389851689e-05,7.392623615487536881e-07,1.897599722724407911e-04,5.463092478397157947e-11,5.454978236230090261e-06,3.173845834680832922e-05,0.000000000000000000e+00,6.821080660301959142e-06,1.703105681372107938e-06,3.117150981779559515e-09
2.035939724009949714e-05,8.337841563843539916e-07,1.893907901830971241e-04,6.161601090459711827e-11,5.721758952859090641e-06,3.509019370540045202e-05,0.000000000000000000e+00,5.865322691533947363e-06,1.703105681372107938e-06,3.008235438528572558e-09
2.040271465375553817e-05,7.843701723686535843e-07,1.892794389277696609e-04,5.796435900706775612e-11,5.757088274549460039e-06,3.174868470523506403e-05,0.000000000000000000e+00,6.904014298925176263e-06,1.703105681372107938e-06,3.122098135577289213e-09
2.038083039224147797e-05,9.265816061088116840e-07,1.887223334051668644e-04,6.847367811646520863e-11,6.128148925199639052e-06,3.546638254192657769e-05,0.000000000000000000e+00,5.820150818180991337e-06,1.703105681372107938e-06,3.000534931629772473e-09
2.043156746367458254e-05,8.650514473629300483e-07,1.887199468910694122e-04,6.392664175791651360e-11,6.137744094303343445e-06,3.186124740750528872e-05,0.000000000000000000e+00,6.945203949726419523e-06,1.703105681372107938e-06,3.125684600036038319e-09
2.038754064415115863e-05,9.879354365693870932e-07,1.881933130789548159e-04,7.300766935447455808e-11,6.455022230511531234e-06,3.563066638889722526e-05,0.000000000000000000e+00,5.802746272820513695e-06,1.703105681372107938e-06,2.996931591781049065e-09
2.051207593467552215e-05,9.496824873167497572e-07,1.883455261122435331e-04,7.018081255028008059e-11,6.582915375474840403e-06,3.208422640454955399e-05,0.000000000000000000e+00,7.278414159372914582e-06,1.703105681372107938e-06,3.156015893068797595e-09
2.062793464574497193e-05,1.220549052050046157e-06,1.881942007457837462e-04,9.019764796169837950e-11,7.400078175123780966e-06,3.628273043432272971e-05,0.000000000000000000e+00,5.879640411876607686e-06,1.703105681372107938e-06,2.998807646648060654e-09
2.088423934765160084e-05,1.317637952524819411e-06,1.880058116512373090e-04,9.737244344165674192e-11,8.023562259040772915e-06,3.280586315668188035e-05,0.000000000000000000e+00,7.660205483261961490e-06,1.703105681372107938e-06,3.191935160629100210e-09
2.150651744159404188e-05,1.975039140234002843e-06,1.892046566354110837e-04,1.459539017423239216e-10,9.949956620403099805e-06,3.818588811554946005e-05,0.000000000000000000e+00,6.110122740210499614e-06,1.703105681372107938e-06,3.004805959605505450e-09
2.270503500767517835e-05,2.667643684617360123e-06,1.910474238684400916e-04,1.971368485120805758e-10,1.195603908854536712e-05,3.545310755725950003e-05,0.000000000000000000e+00,9.326486178906634450e-06,1.703105681372107938e-06,3.334406972754777598e-09
2.520769339753314853e-05,4.810940481547731906e-06,1.967466814676299691e-04,3.555248595521476318e-10,1.610945582797285169e-05,4.339230872574262321e-05,0.000000000000000000e+00,7.220842235255986452e-06,1.703105681372107938e-06,3.056620290209366431e-09
2.959473749797325581e-05,7.726034709776286036e-06,2.045736619038507342e-04,5.709481776250413532e-10,2.073070572805590928e-05,4.253255974617786705e-05,0.000000000000000000e+00,1.411337325407657772e-05,1.703105681372107938e-06,3.729637043647926475e-09
3.734912388608790934e-05,1.386299391015199944e-05,2.222707116743549705e-04,1.024464624244103561e-09,2.789691461657639593e-05,5.464363130158744752e-05,0.000000000000000000e+00,1.259056716662598774e-05,1.703105681372107938e-06,3.395930203708985573e-09
4.968547364114783704e-05,2.244559436803683639e-05,2.449821040499955416e-04,1.658712389662753139e-09,3.532840491971001029e-05,5.529869667952880263e-05,0.000000000000000000e+00,2.741666685324162245e-05,1.703105681372107938e-06,4.782756413135302864e-09
7.157790969358757138e-05,3.932016988983377814e-05,2.940382400993257761e-04,2.905730767110981105e-09,4.721547156805172563e-05,7.386985089397057891e-05,0.000000000000000000e+00,2.853911973943468183e-05,1.703105681372107938e-06,4.484398630211217096e-09
1.031037245411425829e-04,6.197756010806187987e-05,3.523134801071137190e-04,4.580094969952597239e-09,5.876104478375054896e-05,7.647823076695203781e-05,0.000000000000000000e+00,5.894821515539661050e-05,1.703105681372107938e-06,7.220385178641208768e-09
1.557130308356136084e-04,1.015416346490383148e-04,4.706429608631879091e-04,7.503849985823762836e-09,7.579206430818885565e-05,1.023446238832548261e-04,0.000000000000000000e+00,7.107098645064979792e-05,1.703105681372107938e-06,7.492947595721943799e-09
2.164846810046583414e-04,1.461493084207177162e-04,5.782258231192827225e-04,1.080032419054077764e-08,9.036035044118762016e-05,1.055910179275088012e-04,0.000000000000000000e+00,1.251278736162930727e-04,1.703105681372107938e-06,1.225700163587362113e-08
3.185138048138469458e-04,2.212151739513501525e-04,8.190458174794912338e-04,1.634763080460288620e-08,1.120342203648760915e-04,1.385034702252596617e-04,0.000000000000000000e+00,1.539403165224939585e-04,1.703105681372107938e-06,1.344521383117580626e-08
4.106287378817796707e-04,2.918031241279095411e-04,9.484625770710408688e-04,2.156403233755099791e-08,1.276564144063740969e-04,1.405568764312192798e-04,0.000000000000000000e+00,2.397933567408472300e-04,1.703105681372107938e-06,2.089873873956094030e-08
5.925450823269784451e-04,4.205420264042913914e-04,1.421824330464005470e-03,3.107773949295733473e-08,1.545341801829636097e-04,1.809247478377074003e-04,0.000000000000000000e+00,2.982060541398823261e-04,1.703105681372107938e-06,2.389997355578543647e-08
7.332851528190076351e-04,5.352391744963824749e-04,1.552431145682930946e-03,3.955376826070278184e-08,1.731574302539229393e-04,1.837378513300791383e-04,0.000000000000000000e+00,4.280281136743724346e-04,1.703105681372107938e-06,3.500883849483216181e-08
1.063278992660343647e-03,7.599737728014588356e-04,2.480721101164817810e-03,5.616148968101697392e-08,2.078949182759970427e-04,2.342039952054619789e-04,0.000000000000000000e+00,5.523314466699957848e-04,1.703105681372107938e-06,4.241829287821019534e-08
1.219147234223783016e-03,9.067081264220178127e-04,2.417260082438588142e-03,6.700503973888771725e-08,2.246416115667670965e-04,2.330566931050270796e-04,0.000000000000000000e+00,7.071315194480121136e-04,1.703105681372107938e-06,5.586635865029165871e-08
1.681715482845902443e-03,1.203886931762099266e-03,3.916266374289989471e-03,8.896632408550431137e-08,2.613750111777335405e-04,2.876253274735063314e-04,0.000000000000000000e+00,8.620197186246514320e-04,1.703105681372107938e-06,6.504862426481849980e-08
1.677261199802160263e-03,1.261444063857197762e-03,3.182114101946353912e-03,9.321975369402935030e-08,2.647415094543248415e-04,2.718160394579172134e-04,0.000000000000000000e+00,9.760577231645584106e-04,1.703105681372107938e-06,7.591353323732619174e-08
2.068598754703998566e-03,1.465928624384105206e-03,4.958802368491888046e-03,1.083310081639865530e-07,2.886482980102300644e-04,3.148612449876964092e-04,0.000000000000000000e+00,1.067898236215114594e-03,1.703105681372107938e-06,8.012199259610497393e-08
1.714365091174840927e-03,1.301412237808108330e-03,3.133499063551425934e-03,9.617338037060108036e-08,2.683447382878512144e-04,2.755977038759738207e-04,0.000000000000000000e+00,9.960292372852563858e-04,1.703105681372107938e-06,7.740393925814714748e-08
1.677501364611089230e-03,1.169881667010486126e-03,4.228373058140277863e-03,8.645336890822363785e-08,2.577176201157271862e-04,2.839537919498980045e-04,0.000000000000000000e+00,8.478235686197876930e-04,1.703105681372107938e-06,6.401256769095198251e-08
1.062980387359857559e-03,8.085640147328376770e-04,1.939311856403946877e-03,5.975226002874478581e-08,2.116027317242696881e-04,2.213607804151251912e-04,0.000000000000000000e+00,6.048518698662519455e-04,1.703105681372107938e-06,4.826020116865947784e-08
6.806601886637508869e-04,4.579676024150103331e-04,1.899560331366956234e-03,3.384345959034362750e-08,1.611801999388262630e-04,1.874397712526842952e-04,0.000000000000000000e+00,3.273656475357711315e-04,1.703105681372107938e-06,2.608182469998610031e-08
2.698476891964673996e-04,1.931156293721869588e-04,6.207676487974822521e-04,1.427109896923184351e-08,1.042929507093504071e-04,1.197172896354459226e-04,0.000000000000000000e+00,1.465529785491526127e-04,1.703105681372107938e-06,1.399101723364992722e-08
6.545540236402302980e-05,3.110925536020658910e-05,3.252835304010659456e-04,2.298950363410767750e-09,4.156542490818537772e-05,6.761667464161291718e-05,0.000000000000000000e+00,1.817795055103488266e-05,1.703105681372107938e-06,3.934164993779631914e-09
3.937509609386324883e-05,1.473330939916195348e-05,2.366671687923371792e-04,1.088780510194453655e-09,2.598588253022171557e-05,5.333601075108163059e-05,0.000000000000000000e+00,9.750676326802931726e-06,1.703105681372107938e-06,3.422242489392601783e-09
1.442252105334773660e-04,8.767670806264504790e-05,4.835293511860072613e-04,6.479242475876390017e-09,6.999770266702398658e-05,8.628276555100455880e-05,0.000000000000000000e+00,8.195565897040069103e-05,1.703105681372107938e-06,9.199739636756021355e-09
3.230982692912220955e-04,2.291689743287861347e-04,7.883940706960856915e-04,1.693541484826255328e-08,1.127738723880611360e-04,1.392077974742278457e-04,0.000000000000000000e+00,1.508987916167825460e-04,1.703105681372107938e-06,1.342221089828399272e-08
4.711343499366194010e-04,3.285945858806371689e-04,1.164443674497306347e-03,2.428289391787075147e-08,1.359869056614115834e-04,1.480963401263579726e-04,0.000000000000000000e+00,2.609538496471941471e-04,1.703105681372107938e-06,2.264103571292253037e-08
6.370404735207557678e-04,4.502016527112573385e-04,1.560303266160190105e-03,3.326956132809755218e-08,1.600693358341231942e-04,1.863239740487188101e-04,0.000000000000000000e+00,3.080848255194723606e-04,1.703105681372107938e-06,2.469530535620378942e-08
6.007046322338283062e-04,4.389988607726991177e-04,1.295075984671711922e-03,3.244168311766770785e-08,1.563203259138390422e-04,1.681518042460083961e-04,0.000000000000000000e+00,3.219815262127667665e-04,1.703105681372107938e-06,2.708492807812490355e-08
5.558298435062170029e-04,3.790056798607110977e-04,1.516913063824176788e-03,2.800823395432416874e-08,1.472453586757183075e-04,1.734100078465417027e-04,0.000000000000000000e+00,2.513284271117299795e-04,1.703105681372107938e-06,2.046545866107862821e-08
3.550312540028244257e-04,2.591618685983121395e-04,7.731192745268344879e-04,1.915186587098105520e-08,1.197405217681080103e-04,1.341437455266714096e-04,0.000000000000000000e+00,1.855744048953056335e-04,1.703105681372107938e-06,1.678976424557276914e-08
1.974206534214317799e-04,1.237625838257372379e-04,6.573748541995882988e-04,9.145963097978437872e-09,8.434132905676960945e-05,1.104485636460594833e-04,0.000000000000000000e+00,7.920573989395052195e-05,1.703105681372107938e-06,8.078794522248244903e-09
7.173621997935697436e-05,3.912797183147631586e-05,2.924350264947861433e-04,2.891527461912346553e-09,4.646444722311571240e-05,6.601271888939663768e-05,0.000000000000000000e+00,3.364742224221117795e-05,1.703105681372107938e-06,5.349124698739160522e-09
2.276640225318260491e-05,2.079509840768878348e-06,2.007215807680040598e-04,1.536741983665379507e-10,1.031420651997905225e-05,3.838820339296944439e-05,0.000000000000000000e+00,6.147327439975924790e-06,1.703105681372107938e-06,3.163363349045766881e-09
4.185685247648507357e-05,1.835428702179342508e-05,2.204684424214065075e-04,1.356367906879540897e-09,3.142683999612927437e-05,5.814033283968456089e-05,0.000000000000000000e+00,1.455723941035103053e-05,1.703105681372107938e-06,3.733940268091373582e-09
1.098622524295933545e-04,5.849642184330150485e-05,4.520080983638763428e-04,4.322841196113813567e-09,5.764584420830942690e-05,7.426119555020704865e-05,0.000000000000000000e+00,6.165020749904215336e-05,1.703105681372107938e-06,7.614778141373790277e-09
2.070861810352653265e-04,1.463123335270211101e-04,5.164810572750866413e-04,1.081237144262559013e-08,9.090636740438640118e-05,1.170992036350071430e-04,0.000000000000000000e+00,9.125741780735552311e-05,1.703105681372107938e-06,9.107436582667105540e-09
2.766453835647553205e-04,1.829584070947021246e-04,7.894795271568000317e-04,1.352048695224539188e-08,1.016511596390046179e-04,1.156203143182210624e-04,0.000000000000000000e+00,1.473902957513928413e-04,1.703105681372107938e-06,1.403687210910220529e-08
3.396060783416032791e-04,2.356715267524123192e-04,8.887582225725054741e-04,1.741594779502975143e-08,1.161233158200047910e-04,1.422797504346817732e-04,0.000000000000000000e+00,1.505871769040822983e-04,1.703105681372107938e-06,1.322579823437308733e-08
3.155535669066011906e-04,2.235332503914833069e-04,7.522399537265300751e-04,1.651893910548096756e-08,1.111256715375930071e-04,1.254830131074413657e-04,0.000000000000000000e+00,1.679632114246487617e-04,1.703105681372107938e-06,1.545669903180169058e-08
2.841198293026536703e-04,1.864533551270142198e-04,8.498851093463599682e-04,1.377876213126683069e-08,1.033844237099401653e-04,1.296739355893805623e-04,0.000000000000000000e+00,1.267793704755604267e-04,1.703105681372107938e-06,1.142051164748636438e-08
1.991660246858373284e-04,1.380157191306352615e-04,5.032085464335978031e-04,1.019925655043607549e-08,8.701154001755639911e-05,1.032275031320750713e-04,0.000000000000000000e+00,1.082944363588467240e-04,1.703105681372107938e-06,1.092567813998357451e-08
1.293421082664281130e-04,7.739152351859956980e-05,4.655426018871366978e-04,5.719175799612230549e-09,6.629434210481122136e-05,9.276188939111307263e-05,0.000000000000000000e+00,5.396318738348782063e-05,1.703105681372107938e-06,6.256321682940324536e-09
6.568664684891700745e-05,3.366051896591670811e-05,2.839473017957061529e-04,2.487486883140377358e-09,4.342701504356227815e-05,6.253846368053928018e-05,0.000000000000000000e+00,3.631399522419087589e-05,1.703105681372107938e-06,5.520566226380196895e-09
3.046789970539975911e-05,8.630300726508721709e-06,2.094877418130636215e-04,6.377726124995319879e-10,2.159573523385915905e-05,4.893861114396713674e-05,0.000000000000000000e+00,8.888240699889138341e-06,1.703105681372107938e-06,3.248750601869687671e-09
2.203862823080271482e-05,1.816869485082861502e-06,1.950072764884680510e-04,1.342652794500409641e-10,9.106707693717908114e-06,3.733815537998452783e-05,0.000000000000000000e+00,7.210284820757806301e-06,1.703105681372107938e-06,3.228129319410300013e-09
3.578138421289622784e-05,1.002718545350944623e-05,2.392687893006950617e-04,7.410014268849351993e-10,2.338187550776638091e-05,4.408444510772824287e-05,0.000000000000000000e+00,1.827320738811977208e-05,1.703105681372107938e-06,4.161915256872816826e-09
6.222450610948726535e-05,3.323484270367771387e-05,2.668521774467080832e-04,2.456030046005253098e-09,4.298614658182486892e-05,6.950695387786254287e-05,0.000000000000000000e+00,2.304448207723908126e-05,1.703105681372107938e-06,4.177792334303376265e-09
8.878521475708112121e-05,5.031991895521059632e-05,3.360682167112827301e-04,3.718604091318411520e-09,5.291491834213957191e-05,7.106878183549270034e-05,0.000000000000000000e+00,4.858468673774041235e-05,1.703105681372107938e-06,6.448851230800300982e-09
1.126081988331861794e-04,6.721173849655315280e-05,4.072982410434633493e-04,4.966896671732001778e-09,6.190460408106446266e-05,8.839433576213195920e-05,0.000000000000000000e+00,4.666632958105765283e-05,1.703105681372107938e-06,5.728471030863602209e-09
1.158527884399518371e-04,7.398692832794040442e-05,3.568328684195876122e-04,5.467577945950097273e-09,6.373495125444605947e-05,8.159491699188947678e-05,0.000000000000000000e+00,6.182571087265387177e-05,1.703105681372107938e-06,7.389057365969620150e-09
1.091143421945162117e-04,6.252723687794059515e-05,4.197698435746133327e-04,4.620715365888372617e-09,5.967867036815732718e-05,8.614711987320333719e-05,0.000000000000000000e+00,4.610116229741834104e-05,1.703105681372107938e-06,5.650094170306374508e-09
8.291430276585742831e-05,4.904593879473395646e-05,2.961401769425719976e-04,3.624457844964013020e-09,5.196441270527429879e-05,7.083176751621067524e-05,0.000000000000000000e+00,4.254347368259914219e-05,1.703105681372107938e-06,5.918078471722765244e-09
5.659052476403303444e-05,2.694418071769177914e-05,2.770384016912430525e-04,1.991154574554343526e-09,3.896193811669945717e-05,6.549600220751017332e-05,0.000000000000000000e+00,1.942502058227546513e-05,1.703105681372107938e-06,3.835706863242194231e-09
3.360423215781338513e-05,1.035734840115765110e-05,2.162751770811155438e-04,7.654001876744587207e-10,2.398792094027157873e-05,4.535816333373077214e-05,0.000000000000000000e+00,1.619364775251597166e-05,1.703105681372107938e-06,3.921102553761102172e-09
2.177441092499066144e-05,2.253463662782451138e-06,1.886913814814761281e-04,1.665292487240677133e-10,1.063070976670132950e-05,3.888791979989036918e-05,0.000000000000000000e+00,6.518082045658957213e-06,1.703105681372107938e-06,3.093631129047480499e-09
2.165599653380922973e-05,2.154940375476144254e-06,1.880082563729956746e-04,1.592484755175149758e-10,1.019410592562053353e-05,3.925635610357858241e-05,0.000000000000000000e+00,7.002301572356373072e-06,1.703105681372107938e-06,3.137873738623397912e-09
3.040637420781422406e-05,7.406355052808066830e-06,2.144157188013195992e-04,5.473240194397988034e-10,1.999943197006359696e-05,4.151252142037265003e-05,0.000000000000000000e+00,1.558446092531085014e-05,1.703105681372107938e-06,3.893826594492111326e-09
4.398800592753104866e-05,1.940416768775321543e-05,2.313132426934316754e-04,1.433953289442513324e-09,3.294325870228931308e-05,5.966677053947933018e-05,0.000000000000000000e+00,1.452513242838904262e-05,1.703105681372107938e-06,3.545950200134484476e-09
5.734019214287400246e-05,2.780887734843418002e-05,2.639206068124622107e-04,2.055055015048878886e-09,3.935530185117386281e-05,5.890323518542572856e-05,0.000000000000000000e+00,3.139257023576647043e-05,1.703105681372107938e-06,5.084820564604797255e-09
7.044200901873409748e-05,3.742710759979672730e-05,3.033876128029078245e-04,2.765834894447039005e-09,4.619253013515844941e-05,7.274788367794826627e-05,0.000000000000000000e+00,2.676139411050826311e-05,1.703105681372107938e-06,4.318106761047602049e-09
7.546188862761482596e-05,4.285590330255217850e-05,2.875378995668143034e-04,3.167018869376647672e-09,4.840107430936768651e-05,6.743255653418600559e-05,0.000000000000000000e+00,3.852197551168501377e-05,1.703105681372107938e-06,5.595850893769238610e-09
7.696660759393125772e-05,4.175064168521203101e-05,3.219000936951488256e-04,3.085340871677999530e-09,4.870787233812734485e-05,7.520496001234278083e-05,0.000000000000000000e+00,3.025954538316000253e-05,1.703105681372107938e-06,4.546610643529902518e-09
7.077672489685937762e-05,3.876781920553185046e-05,2.832784957718104124e-04,2.864912529432217525e-09,4.641475607058964670e-05,6.550677790073677897e-05,0.000000000000000000e+00,3.681056477944366634e-05,1.703105681372107938e-06,5.478334230701875640e-09
6.472853419836610556e-05,3.411440775380469859e-05,2.820450463332235813e-04,2.521028941160352588e-09,4.401024489197880030e-05,7.046719110803678632e-05,0.000000000000000000e+00,2.409619992249645293e-05,1.703105681372107938e-06,4.161206490493896126e-09
5.488588794833049178e-05,2.608056456665508449e-05,2.592607343103736639e-04,1.927334070117581177e-09,3.792896313825622201e-05,5.753251389251090586e-05,0.000000000000000000e+00,2.879250678233802319e-05,1.703105681372107938e-06,4.904393779980864565e-09
4.591175820678472519e-05,2.109023080265615135e-05,2.324861416127532721e-04,1.558552287228565092e-09,3.436750193941406906e-05,6.096621291362680495e-05,0.000000000000000000e+00,1.572913970449008048e-05,1.703105681372107938e-06,3.632687928245559306e-09
3.634503082139417529e-05,1.227302345796488225e-05,2.215645072283223271e-04,9.069671680350666065e-10,2.617323843878693879e-05,4.702841761172749102e-05,0.000000000000000000e+00,1.915554457809776068e-05,1.703105681372107938e-06,4.160939592878776239e-09
2.889198003686033189e-05,8.034025995584670454e-06,1.999425876419991255e-04,5.937084157636718373e-10,2.096743082802277058e-05,4.784326301887631416e-05,0.000000000000000000e+00,8.636970960651524365e-06,1.703105681372107938e-06,3.165844919550409031e-09
2.341442996112164110e-05,3.518727226037299260e-06,1.886536920210346580e-04,2.600312742906396579e-10,1.370835707348305732e-05,3.685073897941038013e-05,0.000000000000000000e+00,1.030332350637763739e-05,1.703105681372107938e-06,3.427609751582849640e-09
2.046154986601322889e-05,1.518812155154591892e-06,1.840432669268921018e-04,1.122390652641414022e-10,8.397115379921160638e-06,3.765351721085608006e-05,0.000000000000000000e+00,5.384099949878873304e-06,1.703105681372107938e-06,2.950334199169901694e-09
1.932903069246094674e-05,7.268316153385967482e-07,1.802245824364945292e-04,5.371230543671501323e-11,5.367822268453892320e-06,3.210322392988018692e-05,0.000000000000000000e+00,5.797416633868124336e-06,1.703105681372107938e-06,3.012135429969475808e-09
1.950832847796846181e-05,9.107693017540441360e-07,1.802415645215660334e-04,6.730516838304723137e-11,6.401545306289335713e-06,3.310307874926365912e-05,0.000000000000000000e+00,5.734011665481375530e-06,1.703105681372107938e-06,3.002903259385902857e-09
2.069503352686297148e-05,1.747280180097732227e-06,1.841836347011849284e-04,1.291226847666138156e-10,9.288080036640167236e-06,3.711710087372921407e-05,0.000000000000000000e+00,5.293899448588490486e-06,1.703105681372107938e-06,2.928409958968813953e-09
2.280832268297672272e-05,3.342407808304415084e-06,1.859433104982599616e-04,2.470014470734582801e-10,1.358284316665958613e-05,3.703601760207675397e-05,0.000000000000000000e+00,8.715837793715763837e-06,1.703105681372107938e-06,3.276807492014199852e-09
2.560073517088312656e-05,5.677674835169455037e-06,1.918704365380108356e-04,4.195759017999733942e-10,1.755571611283812672e-05,4.441149212652817369e-05,0.000000000000000000e+00,7.360154086200054735e-06,1.703105681372107938e-06,3.060369735408130509e-09
2.873248013202100992e-05,7.471026037819683552e-06,1.998630905291065574e-04,5.521031409827514835e-10,2.020340070885140449e-05,4.199378963676281273e-05,0.000000000000000000e+00,1.275144950341200456e-05,1.703105681372107938e-06,3.630492573236665521e-09
3.272533285780809820e-05,1.125711787608452141e-05,2.045814180746674538e-04,8.318925548422839711e-10,2.497378409316297621e-05,5.172536475583910942e-05,0.000000000000000000e+00,1.010072355711599812e-05,1.703105681372107938e-06,3.241914736662465657e-09
3.662489325506612659e-05,1.311973210249561816e-05,2.157827984774485230e-04,9.695382274799158040e-10,2.707370549615006894e-05,4.792818799614906311e-05,0.000000000000000000e+00,1.926881122926715761e-05,1.703105681372107938e-06,4.150290333626571737e-09
4.083444218849763274e-05,1.702715235296636820e-05,2.243979542981833220e-04,1.258293580441716131e-09,3.094269777648150921e-05,5.759873965871520340e-05,0.000000000000000000e+00,1.367495042359223589e-05,1.703105681372107938e-06,3.466940734497825360e-09
4.394238931126892567e-05,1.902262374642305076e-05,2.261052868561819196e-04,1.405757399375318073e-09,3.242165257688611746e-05,5.281551784719340503e-05,0.000000000000000000e+00,2.309235060238279402e-05,1.703105681372107938e-06,4.442047618624656025e-09
4.801595059689134359e-05,2.198772926931269467e-05,2.431370958220213652e-04,1.624876455608159631e-09,3.532970731612294912e-05,6.199380004545673728e-05,0.000000000000000000e+00,1.714515019557438791e-05,1.703105681372107938e-06,3.686512428657806595e-09
5.091375351184979081e-05,2.433175905025564134e-05,2.378298668190836906e-04,1.798098447913787368e-09,3.673504397738724947e-05,5.675201828125864267e-05,0.000000000000000000e+00,2.799010690068826079e-05,1.703105681372107938e-06,4.816257170858762038e-09
5.442495603347197175e-05,2.678995770111214370e-05,2.567381307017058134e-04,1.979757691117356444e-09,3.891054075211286545e-05,6.549371755681931973e-05,0.000000000000000000e+00,1.961184534593485296e-05,1.703105681372107938e-06,3.853470431636196736e-09
5.533180956263095140e-05,2.744393532339017838e-05,2.489643811713904142e-04,2.028085921423894433e-09,3.905545236193574965e-05,5.870226959814317524e-05,0.000000000000000000e+00,2.991437577293254435e-05,1.703105681372107938e-06,4.975649670058146512e-09
5.753049481427296996e-05,2.949805275420658290e-05,2.580640430096536875e-04,2.179883829001028062e-09,4.093844472663477063e-05,6.750396278221160173e-05,0.000000000000000000e+00,2.226036303909495473e-05,1.703105681372107938e-06,4.049792057259082867e-09
5.813350071548484266e-05,2.906771442212630063e-05,2.588690549600869417e-04,2.148081934549850303e-09,4.023582368972711265e-05,5.966787284705787897e-05,0.000000000000000000e+00,3.178881888743489981e-05,1.703105681372107938e-06,5.129732638664563638e-09
6.123135244706645608e-05,3.246990672778338194e-05,2.639170270413160324e-04,2.399501708438833703e-09,4.293118763598613441e-05,6.940798630239441991e-05,0.000000000000000000e+00,2.369740650465246290e-05,1.703105681372107938e-06,4.157295396822746625e-09
6.372138886945322156e-05,3.319593088235706091e-05,2.693974238354712725e-04,2.453154346326869018e-09,4.324386463849805295e-05,6.239549111342057586e-05,0.000000000000000000e+00,3.585713056963868439e-05,1.703105681372107938e-06,5.443340000965690706e-09
7.004985673120245337e-05,3.893205575877800584e-05,2.844929986167699099e-04,2.877049709582024661e-09,4.695648749475367367e-05,7.344118057517334819e-05,0.000000000000000000e+00,2.668504203029442579e-05,1.703105681372107938e-06,4.352263882623219615e-09
7.677745452383533120e-05,4.351937604951672256e-05,2.916736702900379896e-04,3.216049204723958610e-09,4.920419451082125306e-05,6.791185296606272459e-05,0.000000000000000000e+00,4.090707807336002588e-05,1.703105681372107938e-06,5.829130955703476502e-09
9.131285332841798663e-05,5.402972965384833515e-05,3.356211527716368437e-04,3.992755459591990075e-09,5.560896534007042646e-05,8.199457079172134399e-05,0.000000000000000000e+00,3.721008033608086407e-05,1.703105681372107938e-06,5.083893306334630324e-09
1.083548268070444465e-04,6.688298890367150307e-05,3.540785401128232479e-04,4.942602327417944252e-09,6.123879575170576572e-05,7.890576671343296766e-05,0.000000000000000000e+00,6.063983528292737901e-05,1.703105681372107938e-06,7.339570728959188273e-09
1.402487541781738400e-04,9.005432366393506527e-05,4.434816073626279831e-04,6.654946815842777141e-09,7.151190220611169934e-05,9.790475451154634356e-05,0.000000000000000000e+00,5.846280691912397742e-05,1.703105681372107938e-06,6.583472877963458814e-09
1.732558594085276127e-04,1.149152958532795310e-04,4.869670956395566463e-04,8.492153646955102886e-09,8.020144741749390960e-05,9.625795792089775205e-05,0.000000000000000000e+00,9.643851080909371376e-05,1.703105681372107938e-06,1.007594452318016920e-08
2.333864104002714157e-04,1.579773525008931756e-04,6.447234773077070713e-04,1.167440633054184218e-08,9.500236046733334661e-05,1.213382856803946197e-04,0.000000000000000000e+00,1.093671307899057865e-04,1.703105681372107938e-06,1.024064744115094072e-08
2.899599203374236822e-04,2.008642914006486535e-04,7.265162421390414238e-04,1.484371914273197035e-08,1.062124429154209793e-04,1.203362116939388216e-04,0.000000000000000000e+00,1.644402218516916037e-04,1.703105681372107938e-06,1.522932535635845852e-08
4.091143491677939892e-04,2.865167334675788879e-04,1.033198437653481960e-03,2.117337238871641603e-08,1.276611146749928594e-04,1.539706863695755601e-04,0.000000000000000000e+00,1.927777484524995089e-04,1.703105681372107938e-06,1.625746648414860829e-08
5.230628303252160549e-04,3.749259922187775373e-04,1.185775501653552055e-03,2.770674711882747943e-08,1.450913550797849894e-04,1.569285232108086348e-04,0.000000000000000000e+00,2.955929958261549473e-04,1.703105681372107938e-06,2.509403174144608784e-08
7.844339706934988499e-04,5.563127924688160419e-04,1.895352499559521675e-03,4.111108609095026623e-08,1.779894082574173808e-04,2.042379346676170826e-04,0.000000000000000000e+00,3.858589625451713800e-04,1.703105681372107938e-06,3.028080186595616397e-08
9.830881608650088310e-04,7.225499721243977547e-04,2.054234733805060387e-03,5.339589037589576037e-08,2.010741882259026170e-04,2.102292928611859679e-04,0.000000000000000000e+00,5.511472700163722038e-04,1.703105681372107938e-06,4.421686838895766414e-08
1.481769839301705360e-03,1.054916647262871265e-03,3.530482063069939613e-03,7.795753731443255674e-08,2.451184263918548822e-04,2.712971181608736515e-04,0.000000000000000000e+00,7.380498573184013367e-04,1.703105681372107938e-06,5.598697683240061451e-08
1.663029426708817482e-03,1.243530423380434513e-03,3.265684004873037338e-03,9.189595573388942285e-08,2.632921386975795031e-04,2.701795892789959908e-04,0.000000000000000000e+00,9.293068433180451393e-04,1.703105681372107938e-06,7.243299648962420179e-08
2.313099568709731102e-03,1.639835885725915432e-03,5.588151980191469193e-03,1.211826372582436306e-07,3.055428387597203255e-04,3.316606453154236078e-04,0.000000000000000000e+00,1.144486013799905777e-03,1.703105681372107938e-06,8.573010745749343187e-08
2.119585406035184860e-03,1.608287100680172443e-03,3.907435107976198196e-03,1.188511973282402323e-07,2.987050684168934822e-04,3.047754871658980846e-04,0.000000000000000000e+00,1.205548294819891453e-03,1.703105681372107938e-06,9.299749592628359096e-08
2.394932555034756660e-03,1.672430778853595257e-03,6.045569665729999542e-03,1.235913771324703703e-07,3.086125652771443129e-04,3.347108431626111269e-04,0.000000000000000000e+00,1.179448910988867283e-03,1.703105681372107938e-06,8.828791919768264052e-08
1.649313722737133503e-03,1.269402448087930679e-03,2.877821214497089386e-03,9.380788412727270043e-08,2.647725923452526331e-04,2.726716629695147276e-04,0.000000000000000000e+00,9.212908335030078888e-04,1.703105681372107938e-06,7.183435712931895978e-08
1.244713203050196171e-03,8.425874402746558189e-04,3.424925031140446663e-03,6.226657944807811873e-08,2.186862693633884192e-04,2.448450250085443258e-04,0.000000000000000000e+00,5.963326548226177692e-04,1.703105681372107938e-06,4.565053046690081828e-08
5.664526834152638912e-04,4.307724302634596825e-04,1.048674224875867367e-03,3.183375696380608133e-08,1.548241416458040476e-04,1.677760301390662789e-04,0.000000000000000000e+00,3.081282484345138073e-04,1.703105681372107938e-06,2.612161154047498712e-08
1.780808670446276665e-04,1.044239106704480946e-04,6.615393212996423244e-04,7.716847605365728668e-09,7.614229980390518904e-05,1.025574238155968487e-04,0.000000000000000000e+00,7.503031520172953606e-05,1.703105681372107938e-06,7.923959266520341771e-09
2.590501753729768097e-05,3.230149559385608882e-06,2.192617102991789579e-04,2.387056108332785698e-10,1.252435231435811147e-05,3.671838931040838361e-05,0.000000000000000000e+00,7.486955382773885503e-06,1.703105681372107938e-06,3.417083282997168681e-09
1.167943628388457000e-04,6.747778388671576977e-05,4.315637634135782719e-04,4.986556945141273900e-09,6.152305286377668381e-05,7.855467265471816063e-05,0.000000000000000000e+00,6.160198972793295979e-05,1.703105681372107938e-06,7.704681337372676353e-09
3.807174507528543472e-04,2.743693476077169180e-04,8.857859647832810879e-04,2.027568690721182065e-08,1.233780494658276439e-04,1.496283512096852064e-04,0.000000000000000000e+00,1.776950666680932045e-04,1.703105681372107938e-06,1.545437555705575505e-08
6.358313257806003094e-04,4.432379209902137518e-04,1.579410512931644917e-03,3.275494364629594202e-08,1.583711127750575542e-04,1.690372737357392907e-04,0.000000000000000000e+00,3.465233894530683756e-04,1.703105681372107938e-06,2.914065788672814961e-08
9.183225338347256184e-04,6.634893361479043961e-04,2.115090843290090561e-03,4.903136030520727218e-08,1.935019827215000987e-04,2.197036810684949160e-04,0.000000000000000000e+00,4.332411917857825756e-04,1.703105681372107938e-06,3.385569868896709522e-08
8.526567835360765457e-04,6.292948382906615734e-04,1.772308722138404846e-03,4.650441098874580348e-08,1.871313288575038314e-04,1.973502075998112559e-04,0.000000000000000000e+00,4.613107885234057903e-04,1.703105681372107938e-06,3.752987254301842768e-08
7.709998171776533127e-04,5.260279285721480846e-04,2.080843085423111916e-03,3.887306476713092707e-08,1.735921105137094855e-04,1.998237712541595101e-04,0.000000000000000000e+00,3.688759170472621918e-04,1.703105681372107938e-06,2.898240225590598129e-08
4.378482117317616940e-04,3.283727855887264013e-04,8.599558495916426182e-04,2.426649814424308715e-08,1.339584996458142996e-04,1.477772311773151159e-04,0.000000000000000000e+00,2.347983827348798513e-04,1.703105681372107938e-06,2.043233493509433174e-08
1.868040562840178609e-04,1.102809328585863113e-04,6.854378152638673782e-04,8.149677377389252797e-09,7.858528260840103030e-05,1.050179489539004862e-04,0.000000000000000000e+00,7.979341899044811726e-05,1.703105681372107938e-06,8.060377254537343106e-09
3.767558519029989839e-05,1.426427206752123311e-05,2.199907175963744521e-04,1.054118792254143955e-09,2.718652103794738650e-05,4.908213304588571191e-05,0.000000000000000000e+00,1.412241363141220063e-05,1.703105681372107938e-06,3.789577540658228827e-09
4.546477794065140188e-05,1.783337211236357689e-05,2.565788163337856531e-04,1.317872699857502994e-09,3.169391493429429829e-05,5.219928425503894687e-05,0.000000000000000000e+00,1.973524194909259677e-05,1.703105681372107938e-06,4.338790215996368715e-09
1.677694381214678288e-04,1.176719160866923630e-04,4.289062344469130039e-04,8.695864472940684209e-09,8.104007429210469127e-05,1.073779421858489513e-04,0.000000000000000000e+00,7.206888403743505478e-05,1.703105681372107938e-06,7.818714564677975432e-09
3.144750371575355530e-04,1.978149521164596081e-04,9.858913253992795944e-04,1.461837584315617278e-08,1.061472648871131241e-04,1.188449532492086291e-04,0.000000000000000000e+00,1.807095977710559964e-04,1.703105681372107938e-06,1.672039218192367116e-08
4.704534367192536592e-04,3.497879952192306519e-04,9.878688724711537361e-04,2.584906688696264609e-08,1.403620117343962193e-04,1.666131865931674838e-04,0.000000000000000000e+00,2.187853096984326839e-04,1.703105681372107938e-06,1.838425411904154316e-08
4.886764800176024437e-04,3.340009716339409351e-04,1.272973720915615559e-03,2.468241788733394060e-08,1.371548569295555353e-04,1.487421832280233502e-04,0.000000000000000000e+00,2.737814211286604404e-04,1.703105681372107938e-06,2.360389750322156033e-08
4.857285821344703436e-04,3.419196582399308681e-04,1.213906682096421719e-03,2.526760489729440451e-08,1.397339365212246776e-04,1.660400739638134837e-04,0.000000000000000000e+00,2.241824549855664372e-04,1.703105681372107938e-06,1.856273712519396213e-08
3.376786771696060896e-04,2.439248928567394614e-04,7.571032037958502769e-04,1.802586524490834563e-08,1.155805803136900067e-04,1.299243594985455275e-04,0.000000000000000000e+00,1.804347848519682884e-04,1.703105681372107938e-06,1.637952351529747830e-08
2.021981199504807591e-04,1.227967004524543881e-04,7.052230066619813442e-04,9.074583751100817608e-09,8.366147812921553850e-05,1.100548615795560181e-04,0.000000000000000000e+00,8.879124652594327927e-05,1.703105681372107938e-06,8.654683192332868202e-09
7.671798812225461006e-05,4.642464409698732197e-05,2.664540661498904228e-04,3.430745909582810782e-09,4.974184048478491604e-05,6.951018440304324031e-05,0.000000000000000000e+00,3.647935955086722970e-05,1.703105681372107938e-06,5.410369485758792507e-09
2.315016354259569198e-05,2.065242370008490980e-06,2.067503373837098479e-04,1.526198473156270552e-10,9.716058229969348758e-06,3.839635246549732983e-05,0.000000000000000000e+00,4.098867520951898769e-06,1.703105681372107938e-06,2.838832724449957823e-09
4.141019962844438851e-05,1.667485230427701026e-05,2.355984761379659176e-04,1.232259072558861135e-09,3.056936475331895053e-05,5.703909846488386393e-05,0.000000000000000000e+00,1.175501802208600566e-05,1.703105681372107938e-06,3.408995308262774415e-09
1.027675971272401512e-04,5.656832217937335372e-05,4.049178096465766430e-04,4.180356061311840676e-09,5.648301157634705305e-05,7.358652510447427630e-05,0.000000000000000000e+00,5.707491072826087475e-05,1.703105681372107938e-06,7.218576403289489463e-09
1.773176918504759669e-04,1.248677144758403301e-04,4.528967838268727064e-04,9.227630215491444687e-09,8.305475785164162517e-05,1.094244144042022526e-04,0.000000000000000000e+00,7.160296081565320492e-05,1.703105681372107938e-06,7.704950455433845491e-09
2.186894125770777464e-04,1.377495063934475183e-04,6.849238998256623745e-04,1.017958339843971771e-08,8.830573642626404762e-05,1.027360849548131227e-04,0.000000000000000000e+00,1.244749873876571655e-04,1.703105681372107938e-06,1.235205004945783003e-08
2.453795168548822403e-04,1.710593351162970066e-04,6.354561191983520985e-04,1.264115478960547989e-08,9.827019675867632031e-05,1.246136816916987300e-04,0.000000000000000000e+00,1.077454653568565845e-04,1.703105681372107938e-06,1.020216089386849490e-08
2.122800360666587949e-04,1.441582426195964217e-04,5.653701373375952244e-04,1.065318500081957609e-08,8.950943447416648269e-05,1.050045611918903887e-04,0.000000000000000000e+00,1.158478335128165781e-04,1.703105681372107938e-06,1.155681594866564410e-08
1.704682217678055167e-04,1.055884713423438370e-04,5.761643988080322742e-04,7.802908541520992003e-09,7.770449883537366986e-05,1.041178329614922404e-04,0.000000000000000000e+00,7.263310544658452272e-05,1.703105681372107938e-06,7.531600232368873549e-09
1.079624489648267627e-04,7.079069473547860980e-05,3.166369860991835594e-04,5.231379329728724770e-09,6.217162444954738021e-05,8.072314085438847542e-05,0.000000000000000000e+00,5.508058166014961898e-05,1.703105681372107938e-06,6.825944254273963452e-09
6.069104347261600196e-05,2.641041646711528301e-05,3.206854744348675013e-04,1.951709682757041264e-09,3.852244844892993569e-05,6.516303255921229720e-05,0.000000000000000000e+00,2.212080653407610953e-05,1.703105681372107938e-06,3.946132753895881251e-09
2.954204137495253235e-05,8.741355486563406885e-06,1.972845348063856363e-04,6.459795476310148388e-10,2.165434125345200300e-05,4.395304131321609020e-05,0.000000000000000000e+00,1.072232589649502188e-05,1.703105681372107938e-06,3.426127159755765206e-09
2.044202483375556767e-05,1.238152890437049791e-06,1.866001548478379846e-04,9.149856566859071449e-11,7.700439709878992289e-06,3.518837183946743608e-05,0.000000000000000000e+00,5.438567313831299543e-06,1.703105681372107938e-06,3.016701111135944302e-09
2.968830631289165467e-05,9.009221685118973255e-06,1.978209184017032385e-04,6.657747131377789174e-10,2.200846574851311743e-05,4.858514876104891300e-05,0.000000000000000000e+00,8.969928785518277436e-06,1.703105681372107938e-06,3.257996983307975825e-09
5.000876262784004211e-05,1.997245635720901191e-05,2.719657204579561949e-04,1.475949251705799270e-09,3.349893813719972968e-05,5.297912503010593355e-05,0.000000000000000000e+00,2.839731678250245750e-05,1.703105681372107938e-06,4.959602950549424349e-09
7.522164378315210342e-05,4.531296872301027179e-05,2.714860602281987667e-04,3.348594068697252624e-09,4.997492942493408918e-05,7.641680713277310133e-05,0.000000000000000000e+00,2.760070492513477802e-05,1.703105681372107938e-06,4.531429009801968277e-09
9.460999717703089118e-05,5.294372022035531700e-05,3.623046504799276590e-04,3.912500989855516309e-09,5.448681258712895215e-05,7.206044392660260201e-05,0.000000000000000000e+00,5.435808634501881897e-05,1.703105681372107938e-06,6.921552220262583432e-09
1.105578630813397467e-04,6.855493847979232669e-05,3.746713628061115742e-04,5.066158603739268074e-09,6.245015538297593594e-05,8.895310020307078958e-05,0.000000000000000000e+00,4.535787593340501189e-05,1.703105681372107938e-06,5.663740587635857082e-09
1.084701943909749389e-04,6.789297913201153278e-05,3.464590117800980806e-04,5.017239512739024576e-09,6.113185372669249773e-05,7.897465548012405634e-05,0.000000000000000000e+00,5.931318082730285823e-05,1.703105681372107938e-06,7.197995977037408011e-09
1.001848286250606179e-04,5.724132643081247807e-05,3.886647464241832495e-04,4.230090944190578739e-09,5.703208807972259820e-05,8.367883128812536597e-05,0.000000000000000000e+00,4.077027188031934202e-05,1.703105681372107938e-06,5.251830081931530003e-09
7.876313611632212996e-05,4.696512041846290231e-05,2.771766739897429943e-04,3.470687071072120489e-09,5.060490366304293275e-05,6.970162939978763461e-05,0.000000000000000000e+00,4.080346843693405390e-05,1.703105681372107938e-06,5.742142317188836387e-09
5.862073521711863577e-05,2.875105019484180957e-05,2.769045531749725342e-04,2.124680653636801253e-09,4.030344280181452632e-05,6.703873077640309930e-05,0.000000000000000000e+00,2.179230796173214912e-05,1.703105681372107938e-06,3.950521243467619570e-09
3.994898361270315945e-05,1.655006053624674678e-05,2.160676667699590325e-04,1.223037005004812272e-09,2.984703496622387320e-05,5.082374264020472765e-05,0.000000000000000000e+00,1.792157308955211192e-05,1.703105681372107938e-06,4.020406674243304224e-09
2.870738899218849838e-05,8.817756679491139948e-06,1.914347958518192172e-04,6.516255868227460724e-10,2.107505497406236827e-05,4.799068119609728456e-05,0.000000000000000000e+00,7.461532732122577727e-06,1.703105681372107938e-06,3.096803924407254272e-09
2.672600021469406784e-05,7.171395736804697663e-06,1.885958772618323565e-04,5.299606864461736677e-10,1.879812043625861406e-05,4.401923797558993101e-05,0.000000000000000000e+00,6.950172974029555917e-06,1.703105681372107938e-06,3.157733186043287787e-09
3.235370604670606554e-05,1.037030324368970469e-05,2.082396385958418250e-04,7.663575884997442245e-10,2.373073402850423008e-05,4.676086973631754518e-05,0.000000000000000000e+00,1.159438579634297639e-05,1.703105681372107938e-06,3.571681173042406954e-09
4.074125172337517142e-05,1.836569754232186824e-05,2.138223790097981691e-04,1.357210899222138778e-09,3.224914689781144261e-05,5.802055602543987334e-05,0.000000000000000000e+00,9.933141882356721908e-06,1.703105681372107938e-06,3.272326409842207795e-09
4.680959318648092449e-05,2.129369204340036958e-05,2.339580532861873507e-04,1.573587593561853737e-09,3.470206138445064425e-05,5.544508530874736607e-05,0.000000000000000000e+00,2.120093995472416282e-05,1.703105681372107938e-06,4.309562484650086844e-09
5.003944897907786071e-05,2.351455805182922632e-05,2.504069998394697905e-04,1.737707977511604440e-09,3.671649028547108173e-05,6.278423097683116794e-05,0.000000000000000000e+00,1.484190124756423756e-05,1.703105681372107938e-06,3.523415559314457823e-09
4.781121606356464326e-05,2.319213490409310907e-05,2.238909073639661074e-04,1.713881370157821493e-09,3.559787000995129347e-05,5.638986476697027683e-05,0.000000000000000000e+00,2.229990968771744519e-05,1.703105681372107938e-06,4.347084470168738335e-09
4.221749622956849635e-05,1.679495835560373962e-05,2.411451714579015970e-04,1.241134861551529411e-09,3.095528882113285363e-05,5.746492024627514184e-05,0.000000000000000000e+00,1.308020546275656670e-05,1.703105681372107938e-06,3.374869717021056204e-09
3.379819463589228690e-05,1.230571888299891725e-05,1.988838193938136101e-04,9.093832908924071035e-10,2.594407669676002115e-05,4.743167301057837903e-05,0.000000000000000000e+00,1.604092358320485801e-05,1.703105681372107938e-06,3.852511198942920601e-09
2.671448601176962256e-05,6.495037268905434757e-06,1.947558921528980136e-04,4.799783348552466578e-10,1.865104241005610675e-05,4.603070556186139584e-05,0.000000000000000000e+00,7.438584361807443202e-06,1.703105681372107938e-06,3.039551943473384199e-09
2.214042433479335159e-05,3.251706857554381713e-06,1.805114879971370101e-04,2.402986976068888225e-10,1.291647458856459707e-05,3.623712109401822090e-05,0.000000000000000000e+00,8.375684046768583357e-06,1.703105681372107938e-06,3.264897241450626098e-09
2.070307164103724062e-05,2.482888476151856594e-06,1.762428582878783345e-04,1.834835755554209413e-10,1.085400253941770643e-05,3.854312308249063790e-05,0.000000000000000000e+00,5.958966539765242487e-06,1.703105681372107938e-06,3.036246809529075108e-09
2.182410389650613070e-05,3.494789552860311233e-06,1.772209798218682408e-04,2.582623004343531647e-10,1.348677233181660995e-05,3.965443829656578600e-05,0.000000000000000000e+00,6.072144060453865677e-06,1.703105681372107938e-06,3.055148578567923323e-09
2.450264582876116037e-05,5.059194791101617739e-06,1.855999726103618741e-04,3.738706566558391842e-10,1.663358671066816896e-05,4.061276922584511340e-05,0.000000000000000000e+00,8.834525942802429199e-06,1.703105681372107938e-06,3.311866336730417970e-09
2.778317139018326998e-05,8.171085937647148967e-06,1.895546156447380781e-04,6.038370914396296030e-10,2.133646012225653976e-05,4.740711665363050997e-05,0.000000000000000000e+00,6.566249794559553266e-06,1.703105681372107938e-06,3.016710437009351153e-09
3.063825715798884630e-05,9.966668585548177361e-06,1.948733988683670759e-04,7.365292264971401437e-10,2.369359208387322724e-05,4.600898319040425122e-05,0.000000000000000000e+00,1.184248412755550817e-05,1.703105681372107938e-06,3.536752668509279829e-09
3.285301863797940314e-05,1.127961149904876947e-05,2.068250614684075117e-04,8.335547252436015242e-10,2.546677933423779905e-05,5.159205466043204069e-05,0.000000000000000000e+00,8.909019015845842659e-06,1.703105681372107938e-06,3.123058256448985048e-09
3.361815470270812511e-05,1.243152564711635932e-05,1.969488366739824414e-04,9.186803540117693956e-10,2.611194759083446115e-05,4.799282760359346867e-05,0.000000000000000000e+00,1.491745024395640939e-05,1.703105681372107938e-06,3.768893197531042460e-09
3.363143332535400987e-05,1.179625814984319732e-05,2.089067565975710750e-04,8.717345734154946513e-10,2.572336597950197756e-05,5.213980693952180445e-05,0.000000000000000000e+00,9.445011528441682458e-06,1.703105681372107938e-06,3.155202321636352281e-09
3.236917473259381950e-05,1.111363690142752603e-05,1.970907906070351601e-04,8.212893143344501823e-10,2.479372597008477896e-05,4.630038529285229743e-05,0.000000000000000000e+00,1.546459134260658175e-05,1.703105681372107938e-06,3.831135853005207537e-09
3.078510417253710330e-05,1.014347435557283461e-05,1.963453978532925248e-04,7.495950526958949922e-10,2.381001104367896914e-05,5.058338865637779236e-05,0.000000000000000000e+00,1.007087303150910884e-05,1.703105681372107938e-06,3.232414780285353118e-09
2.869960917450953275e-05,7.907779036031570286e-06,1.934835891006514430e-04,5.843789341319904906e-10,2.081992533931042999e-05,4.241115675540640950e-05,0.000000000000000000e+00,1.443471683160169050e-05,1.703105681372107938e-06,3.768981571283802623e-09
2.679091267054900527e-05,7.589733741042437032e-06,1.835368020692840219e-04,5.608755682118271579e-10,2.030435462074819952e-05,4.753513348987326026e-05,0.000000000000000000e+00,8.474975402350537479e-06,1.703105681372107938e-06,3.149678517999632277e-09
2.498183130228426307e-05,5.418599357653874904e-06,1.837735471781343222e-04,4.004303832960687259e-10,1.705998874967917800e-05,3.926168938050977886e-05,0.000000000000000000e+00,1.185877044918015599e-05,1.703105681372107938e-06,3.559688988019615863e-09
2.390793815720826387e-05,5.459338808577740565e-06,1.777259749360382557e-04,4.034410028275203786e-10,1.691804936854168773e-05,4.435687878867611289e-05,0.000000000000000000e+00,6.760013548046117648e-06,1.703105681372107938e-06,3.030454998054210591e-09
2.353290074097458273e-05,5.001356839784421027e-06,1.765826309565454721e-04,3.695964923000616409e-10,1.599304414412472397e-05,3.927669240511022508e-05,0.000000000000000000e+00,8.732798960409127176e-06,1.703105681372107938e-06,3.282238258961456268e-09
2.365629552514292300e-05,5.348905233404366300e-06,1.773092808434739709e-04,3.952800586848326247e-10,1.620557122805621475e-05,4.346418063505552709e-05,0.000000000000000000e+00,5.764613888459280133e-06,1.703105681372107938e-06,2.950933497558594354e-09
2.375181065872311592e-05,5.506074103323044255e-06,1.748642971506342292e-04,4.068947401236755468e-10,1.624915785214398056e-05,4.037650069221854210e-05,0.000000000000000000e+00,7.593055670440662652e-06,1.703105681372107938e-06,3.168856510527007231e-09
2.367448541917838156e-05,5.579092885454883799e-06,1.756710262270644307e-04,4.122907293346855795e-10,1.612033702258486301e-05,4.338866710895672441e-05,0.000000000000000000e+00,5.282884558255318552e-06,1.703105681372107938e-06,2.928248976630243305e-09
2.339051025046501309e-05,5.365591732697794214e-06,1.738379942253232002e-04,3.965131278871325549e-10,1.578957744641229510e-05,4.059753700857982039e-05,0.000000000000000000e+00,6.411184585886076093e-06,1.703105681372107938e-06,3.074855037255019852e-09
2.306783608219120651e-05,5.235163826000643894e-06,1.727117196423932910e-04,3.868746156765467958e-10,1.561025601404253393e-05,4.237474422552622855e-05,0.000000000000000000e+00,5.615003829007036984e-06,1.703105681372107938e-06,2.985786728970651893e-09
2.262846646772231907e-05,4.815117790712974966e-06,1.720045547699555755e-04,3.558335293085690409e-10,1.507617434981511906e-05,4.057232581544667482e-05,0.000000000000000000e+00,6.128921995696146041e-06,1.703105681372107938e-06,3.057757824720397366e-09
2.213580410170834512e-05,4.344697572378208861e-06,1.716447877697646618e-04,3.210698651390231362e-10,1.451520074624568224e-05,4.065263419761322439e-05,0.000000000000000000e+00,6.266269338084384799e-06,1.703105681372107938e-06,3.068428178210069746e-09
2.170819061575457454e-05,4.094856194569729269e-06,1.704697933746501803e-04,3.026067729727799360e-10,1.449103729100897908e-05,4.058503691339865327e-05,0.000000000000000000e+00,5.663559477397939190e-06,1.703105681372107938e-06,2.999435144701578793e-09
2.179156399506609887e-05,3.914779881597496569e-06,1.715651887934654951e-04,2.892992512215641909e-10,1.446175883756950498e-05,3.923774056602269411e-05,0.000000000000000000e+00,7.202659617178142071e-06,1.703105681372107938e-06,3.154499328417159631e-09
2.256973675685003400e-05,4.586987415677867830e-06,1.738510618451982737e-04,3.389748759463628858e-10,1.595209869265090674e-05,4.234721927787177265e-05,0.000000000000000000e+00,5.976434295007493347e-06,1.703105681372107938e-06,2.976682234034910834e-09
2.416921415715478361e-05,5.563712420553201810e-06,1.758877915563061833e-04,4.111541662688011911e-10,1.762743704603053629e-05,4.076234836247749627e-05,0.000000000000000000e+00,1.016722126223612577e-05,1.703105681372107938e-06,3.396778636144404118e-09
2.765160934359300882e-05,8.204415280488319695e-06,1.869416446425020695e-04,6.063000657086092815e-10,2.144371865142602473e-05,4.785903365700505674e-05,0.000000000000000000e+00,7.530293260060716420e-06,1.703105681372107938e-06,3.049899444107495583e-09
3.442269735387526453e-05,1.309994240727974102e-05,1.965571427717804909e-04,9.680757306895770853e-10,2.703365862544160336e-05,4.836475636693648994e-05,0.000000000000000000e+00,1.667042670305818319e-05,1.703105681372107938e-06,3.924230274066076163e-09
4.648918184102512896e-05,2.212150502600707114e-05,2.265941875521093607e-04,1.634762436530934337e-09,3.544472565408796072e-05,6.188889528857544065e-05,0.000000000000000000e+00,1.708261152089107782e-05,1.703105681372107938e-06,3.686009719672256324e-09
6.270910671446472406e-05,3.363011273904703557e-05,2.565102768130600452e-04,2.485239791738536042e-09,4.328454451751895249e-05,6.251934246392920613e-05,0.000000000000000000e+00,3.427961928537115455e-05,1.703105681372107938e-06,5.314078066476213280e-09
8.794204768491908908e-05,5.308975596562959254e-05,3.130676050204783678e-04,3.923292801744082681e-09,5.488351962412707508e-05,8.130717469612136483e-05,0.000000000000000000e+00,3.545532308635301888e-05,1.703105681372107938e-06,4.967320332838198738e-09
1.185511791845783591e-04,7.442563219228759408e-05,3.730702446773648262e-04,5.499997790536781395e-09,6.464736361522227526e-05,8.186705235857516527e-05,0.000000000000000000e+00,6.818521069362759590e-05,1.703105681372107938e-06,7.925609502024144604e-09
1.707347255432978272e-04,1.136841892730444670e-04,4.933483432978391647e-04,8.401175755068379658e-09,8.044327114475890994e-05,1.068131241481751204e-04,0.000000000000000000e+00,7.715705578448250890e-05,1.703105681372107938e-06,7.925931910790495749e-09
2.298095350852236152e-04,1.570479653310030699e-04,6.000855355523526669e-04,1.160572526970327090e-08,9.384188888361677527e-05,1.088241115212440491e-04,0.000000000000000000e+00,1.275302201975136995e-04,1.703105681372107938e-06,1.243271618989183480e-08
3.365814045537263155e-04,2.341570652788504958e-04,8.688865345902740955e-04,1.730402843236333865e-08,1.155174686573445797e-04,1.417942839907482266e-04,0.000000000000000000e+00,1.553568872623145580e-04,1.703105681372107938e-06,1.354012191256970254e-08
4.359913000371307135e-04,3.112354315817356110e-04,1.004039775580167770e-03,2.300006407551791199e-08,1.321927702520042658e-04,1.448250550311058760e-04,0.000000000000000000e+00,2.435190690448507667e-04,1.703105681372107938e-06,2.116765962512090482e-08
6.403392762877047062e-04,4.533727478701621294e-04,1.565639628097414970e-03,3.350390542777859082e-08,1.607302256161347032e-04,1.869360567070543766e-04,0.000000000000000000e+00,3.040255978703498840e-04,1.703105681372107938e-06,2.431649193113116780e-08
7.964679389260709286e-04,5.840567755512893200e-04,1.697484403848648071e-03,4.316135004955867771e-08,1.809322275221347809e-04,1.910874998429790139e-04,0.000000000000000000e+00,4.266274045221507549e-04,1.703105681372107938e-06,3.490123745564233104e-08
1.183293526992201805e-03,8.438413497060537338e-04,2.836936153471469879e-03,6.235924132624859340e-08,2.193998516304418445e-04,2.454908972140401602e-04,0.000000000000000000e+00,5.575852119363844395e-04,1.703105681372107938e-06,4.279124610206963553e-08
1.368878525681793690e-03,1.020150142721831799e-03,2.745030447840690613e-03,7.538831425790704088e-08,2.391219313722103834e-04,2.469877654220908880e-04,0.000000000000000000e+00,7.422540220431983471e-04,1.703105681372107938e-06,5.847991957352860481e-08
1.954985782504081726e-03,1.392566715367138386e-03,4.698121454566717148e-03,1.029096310389832070e-07,2.818740904331207275e-04,3.078680601902306080e-04,0.000000000000000000e+00,9.260689839720726013e-04,1.703105681372107938e-06,6.974281063776288647e-08
1.935195992700755596e-03,1.467636204324662685e-03,3.653748193755745888e-03,1.084571934484301892e-07,2.858143998309969902e-04,2.923152642324566841e-04,0.000000000000000000e+00,1.021849340759217739e-03,1.703105681372107938e-06,7.933210355304254335e-08
2.383596962317824364e-03,1.680802903138101101e-03,5.911231506615877151e-03,1.242100466924966895e-07,3.094052663072943687e-04,3.353783686179667711e-04,0.000000000000000000e+00,1.116709085181355476e-03,1.703105681372107938e-06,8.369923421014391351e-08
1.832233858294785023e-03,1.407211530022323132e-03,3.247467800974845886e-03,1.039918586798194156e-07,2.793017192743718624e-04,2.866094291675835848e-04,0.000000000000000000e+00,1.002755365334451199e-03,1.703105681372107938e-06,7.790819012143401778e-08
1.633691368624567986e-03,1.123321941122412682e-03,4.346383735537528992e-03,8.301263676457892871e-08,2.527045726310461760e-04,2.787708071991801262e-04,0.000000000000000000e+00,7.573104230687022209e-04,1.703105681372107938e-06,5.740435327084014716e-08
9.069029474630951881e-04,6.976131116971373558e-04,1.598340808413922787e-03,5.155308002713354654e-08,1.967684074770659208e-04,2.076954406220465899e-04,0.000000000000000000e+00,4.945573746226727962e-04,1.703105681372107938e-06,4.004429143833476701e-08
4.670791677199304104e-04,3.031688684131950140e-04,1.417259569279849529e-03,2.240395069463829714e-08,1.307182683376595378e-04,1.570581080159172416e-04,0.000000000000000000e+00,2.218433655798435211e-04,1.703105681372107938e-06,1.846105313063617359e-08
1.402755151502788067e-04,9.534342825645580888e-05,3.751032636500895023e-04,7.045807493000211252e-09,7.300482684513553977e-05,9.078958828467875719e-05,0.000000000000000000e+00,7.421763439197093248e-05,1.703105681372107938e-06,8.573435295033959846e-09
5.301300916471518576e-05,2.711053639359306544e-05,2.532154030632227659e-04,2.003448296150622809e-09,3.551052213879302144e-05,6.091010436648502946e-05,0.000000000000000000e+00,5.809316007798770443e-06,1.703105681372107938e-06,3.231851231078053388e-09
1.545324630569666624e-04,1.091357553377747536e-04,4.203748248983174562e-04,8.065049961203385465e-09,7.672356150578707457e-05,1.018052425934001803e-04,0.000000000000000000e+00,3.359221227583475411e-05,1.703105681372107938e-06,5.109618061993614901e-09
3.590841661207377911e-04,2.499693946447223425e-04,9.521988686174154282e-04,1.847254793574393261e-08,1.203262218041345477e-04,1.342659379588440061e-04,0.000000000000000000e+00,1.389486133120954037e-04,1.703105681372107938e-06,1.354443313061892695e-08
6.400841521099209785e-04,4.740596632473170757e-04,1.421535038389265537e-03,3.503265233462116157e-08,1.646891614655032754e-04,1.902391377370804548e-04,0.000000000000000000e+00,2.387096465099602938e-04,1.703105681372107938e-06,1.976334473852148221e-08
7.584240520372986794e-04,5.569250788539648056e-04,1.668347278609871864e-03,4.115634055779082701e-08,1.779885351425036788e-04,1.888721744762733579e-04,0.000000000000000000e+00,3.466423950158059597e-04,1.703105681372107938e-06,2.900783258041883528e-08
8.919625543057918549e-04,6.335240905173122883e-04,2.217595931142568588e-03,4.681694676378356235e-08,1.908332487801089883e-04,2.166258491342887282e-04,0.000000000000000000e+00,3.667887067422270775e-04,1.703105681372107938e-06,2.887755634617406031e-08
6.985262734815478325e-04,5.265237996354699135e-04,1.370950834825634956e-03,3.890971456144143303e-08,1.706813636701554060e-04,1.824261853471398354e-04,0.000000000000000000e+00,3.490734088700264692e-04,1.703105681372107938e-06,2.903616902472094807e-08
5.332580767571926117e-04,3.554402210284024477e-04,1.534505165182054043e-03,2.626676121053606039e-08,1.424126094207167625e-04,1.686335308477282524e-04,0.000000000000000000e+00,2.436737559037283063e-04,1.703105681372107938e-06,1.986418673993739503e-08
2.777375630103051662e-04,2.025336434599012136e-04,6.021187873557209969e-04,1.496708357251463894e-08,1.053303203661926091e-04,1.206213419209234416e-04,0.000000000000000000e+00,1.499205827713012695e-04,1.703105681372107938e-06,1.410444028238089231e-08
1.332084211753681302e-04,8.449999586446210742e-05,4.401924088597297668e-04,6.244485373230190817e-09,6.796513480367138982e-05,9.440955909667536616e-05,0.000000000000000000e+00,4.689173147198744118e-05,1.703105681372107938e-06,5.818133530510749551e-09
8.510678890161216259e-05,5.701063855667598546e-05,2.657601435203105211e-04,4.213042359424434835e-09,5.001607132726348937e-05,7.189712050603702664e-05,0.000000000000000000e+00,1.520139721833402291e-05,1.703105681372107938e-06,3.976586171461349295e-09
1.203120918944478035e-04,8.024485578062012792e-05,3.856101538985967636e-04,5.930034685519558479e-09,6.207787373568862677e-05,8.311716374009847641e-05,0.000000000000000000e+00,1.506224725744687021e-05,1.703105681372107938e-06,4.001166065137340411e-09
1.920918875839561224e-04,1.475805911468341947e-04,4.112059541512280703e-04,1.090609380582918675e-08,8.894053462427109480e-05,1.136269929702393711e-04,0.000000000000000000e+00,3.390699566807597876e-05,1.703105681372107938e-06,5.133490965647524717e-09
2.513796498533338308e-04,1.688060001470148563e-04,7.356799906119704247e-04,1.247463554676642161e-08,9.850221977103501558e-05,1.138774823630228639e-04,0.000000000000000000e+00,9.005652100313454866e-05,1.703105681372107938e-06,9.794099753435148159e-09
3.100425819866359234e-04,2.263193018734455109e-04,7.330800872296094894e-04,1.672482596859481419e-08,1.142239343607798219e-04,1.397881569573655725e-04,0.000000000000000000e+00,1.041526265908032656e-04,1.703105681372107938e-06,9.991167004841372545e-09
3.027184866368770599e-04,2.104551676893606782e-04,7.682400173507630825e-04,1.555247663986847328e-08,1.086002957890741527e-04,1.228439359692856669e-04,0.000000000000000000e+00,1.543931284686550498e-04,1.703105681372107938e-06,1.450020903348558932e-08
3.045683552045375109e-04,2.040366962319239974e-04,8.681115577928721905e-04,1.507815738932549721e-08,1.078489876817911863e-04,1.342980103800073266e-04,0.000000000000000000e+00,1.372050901409238577e-04,1.703105681372107938e-06,1.217991396629258816e-08
2.610239316709339619e-04,1.883103395812213421e-04,5.882814875803887844e-04,1.391599191435943794e-08,1.015024390653707087e-04,1.169827373814769089e-04,0.000000000000000000e+00,1.388543169014155865e-04,1.703105681372107938e-06,1.320495801593324359e-08
2.460101677570492029e-04,1.662897266214713454e-04,6.968812085688114166e-04,1.228868562463958369e-08,9.615712042432278395e-05,1.224772277055308223e-04,0.000000000000000000e+00,1.003233119263313711e-04,1.703105681372107938e-06,9.498910102934132738e-09
2.104384620906785131e-04,1.579590752953663468e-04,4.456224560271948576e-04,1.167305541116547829e-08,8.956313104135915637e-05,1.076045446097850800e-04,0.000000000000000000e+00,7.917149196146056056e-05,1.703105681372107938e-06,8.736652290508573060e-09
1.867799146566540003e-04,1.369408855680376291e-04,4.625792207662016153e-04,1.011982675436229329e-08,8.159166463883593678e-05,1.067714911187067628e-04,0.000000000000000000e+00,3.581107011996209621e-05,1.703105681372107938e-06,5.021013826933540258e-09
1.369391975458711386e-04,1.018244511215016246e-04,3.297321964055299759e-04,7.524749712217726483e-09,6.708125874865800142e-05,8.808034908724948764e-05,0.000000000000000000e+00,2.141522054444067180e-05,1.703105681372107938e-06,4.413702736627556078e-09
9.142186900135129690e-05,6.163862417452037334e-05,2.902761043515056372e-04,4.555047006249424157e-09,5.168494317331351340e-05,7.583620754303410649e-05,0.000000000000000000e+00,7.556347100035054609e-06,1.703105681372107938e-06,3.242336177322613366e-09
5.804219472338445485e-05,3.404659219086170197e-05,2.325238456251099706e-04,2.516017616471799556e-09,4.180517862550914288e-05,6.646847759839147329e-05,0.000000000000000000e+00,7.432182883349014446e-06,1.703105681372107938e-06,3.204377208021469414e-09
5.234728814684785903e-05,2.352178671571891755e-05,2.605334739200770855e-04,1.738241994786449141e-09,3.641843068180605769e-05,5.617309579974971712e-05,0.000000000000000000e+00,2.772155858110636473e-05,1.703105681372107938e-06,4.880297943543610018e-09
7.524537795688956976e-05,4.341025851317681372e-05,2.912124618887901306e-04,3.207985432851501173e-09,4.920061110169626772e-05,7.591766916448250413e-05,0.000000000000000000e+00,2.713871799642220140e-05,1.703105681372107938e-06,4.396900621372878959e-09
1.074529718607664108e-04,6.979837780818343163e-05,3.263918915763497353e-04,5.158047766684603630e-09,6.122863851487636566e-05,7.987667777342721820e-05,0.000000000000000000e+00,5.015404531150124967e-05,1.703105681372107938e-06,6.511695183064603043e-09
1.382222253596410155e-04,9.210269490722566843e-05,4.150656459387391806e-04,6.806319508001479335e-09,6.974907591938972473e-05,9.585911902831867337e-05,0.000000000000000000e+00,4.612965494743548334e-05,1.703105681372107938e-06,5.644904099710856826e-09
1.371648395434021950e-04,9.920071897795423865e-05,3.341133706271648407e-04,7.330857698661930044e-09,7.084508251864463091e-05,9.025381586980074644e-05,0.000000000000000000e+00,4.552778045763261616e-05,1.703105681372107938e-06,6.117640172220717432e-09
1.186170266009867191e-04,7.886369712650775909e-05,3.678967768792062998e-04,5.827967886062879188e-09,6.334759382298216224e-05,8.905959111871197820e-05,0.000000000000000000e+00,2.963650149467866868e-05,1.703105681372107938e-06,4.499272066027515393e-09
7.659916445845738053e-05,4.915966201224364340e-05,2.491672930773347616e-04,3.632862011215820530e-09,4.895153324468992651e-05,6.979401950957253575e-05,0.000000000000000000e+00,2.522773320379201323e-05,1.703105681372107938e-06,4.605338332908104348e-09
4.083601743332110345e-05,1.861844611994456500e-05,2.114051312673836946e-04,1.375889069343827487e-09,3.122629641438834369e-05,5.749351839767768979e-05,0.000000000000000000e+00,1.077056549547705799e-05,1.703105681372107938e-06,3.312359941887166315e-09
2.136000148311723024e-05,2.239891500721569173e-06,1.815399737097322941e-04,1.655263009991969625e-10,1.083637107512913644e-05,3.484000626485794783e-05,0.000000000000000000e+00,9.661117474024649709e-06,1.703105681372107938e-06,3.413207494418202259e-09
2.218312511104159057e-05,3.287966137577313930e-06,1.804943458409979939e-04,2.429781653656704066e-10,1.290659110964043066e-05,3.838289558188989758e-05,0.000000000000000000e+00,8.457244803139474243e-06,1.703105681372107938e-06,3.308108897925876590e-09
3.613127046264708042e-05,1.637137211218941957e-05,1.903796073747798800e-04,1.209832012349920660e-09,2.754361958068329841e-05,5.413702456280589104e-05,0.000000000000000000e+00,7.219347935460973531e-06,1.703105681372107938e-06,3.112882840383690564e-09
5.153113670530728996e-05,2.695400144148152322e-05,2.290051634190604091e-04,1.991880438367843453e-09,3.617450784076936543e-05,5.776635953225195408e-05,0.000000000000000000e+00,1.676617830526083708e-05,1.703105681372107938e-06,3.955098026864334315e-09
6.085490531404502690e-05,3.579809708753600717e-05,2.361134975217282772e-04,2.645452079619303731e-09,4.219545735395513475e-05,6.832285725977271795e-05,0.000000000000000000e+00,1.445459020033013076e-05,1.703105681372107938e-06,3.487969246762645525e-09
5.810824950458481908e-05,3.271043533459305763e-05,2.311913849553093314e-04,2.417276601107687384e-09,4.111907037440687418e-05,6.190949352458119392e-05,0.000000000000000000e+00,2.278676765854470432e-05,1.703105681372107938e-06,4.368585493352838967e-09
5.139495260664261878e-05,2.503562791389413178e-05,2.464102290105074644e-04,1.850113950929710427e-09,3.730574826477095485e-05,6.384201697073876858e-05,0.000000000000000000e+00,1.718302155495621264e-05,1.703105681372107938e-06,3.626843714243932482e-09
4.308382631279528141e-05,1.975996201508678496e-05,2.121195866493508220e-04,1.460246146223198593e-09,3.285712227807380259e-05,5.336691538104787469e-05,0.000000000000000000e+00,2.111904905177652836e-05,1.703105681372107938e-06,4.234595341046087924e-09
3.845551327685825527e-05,1.553513720864430070e-05,2.161561424145475030e-04,1.148034889375537659e-09,2.968535773106850684e-05,5.624776531476527452e-05,0.000000000000000000e+00,1.304761826759204268e-05,1.703105681372107938e-06,3.386704472418955447e-09
3.532671689754351974e-05,1.331465045950608328e-05,2.056369266938418150e-04,9.839425940683099725e-10,2.741637945291586220e-05,4.885790986008942127e-05,0.000000000000000000e+00,1.448374405299546197e-05,1.703105681372107938e-06,3.757092414957696747e-09
3.247271524742245674e-05,1.244222403329331428e-05,1.926902041304856539e-04,9.194708883164537383e-10,2.649667658261023462e-05,5.217789293965324759e-05,0.000000000000000000e+00,7.614738933625631034e-06,1.703105681372107938e-06,3.102787804465378940e-09
2.757588481472339481e-05,8.296672604046761990e-06,1.836742885643616319e-04,6.131178897916811366e-10,2.071654489554930478e-05,4.496508336160331964e-05,0.000000000000000000e+00,9.117830813920591027e-06,1.703105681372107938e-06,3.343307186653987628e-09
2.311305797775276005e-05,4.808922767551848665e-06,1.763558684615418315e-04,3.553757565999404733e-10,1.556279312353581190e-05,4.106766209588386118e-05,0.000000000000000000e+00,6.685476364509668201e-06,1.703105681372107938e-06,3.127875292108228678e-09
2.152854358428157866e-05,3.865654434775933623e-06,1.706980547169223428e-04,2.856689329533423916e-10,1.357264864054741338e-05,4.169292878941632807e-05,0.000000000000000000e+00,5.930825864197686315e-06,1.703105681372107938e-06,3.009183791036207367e-09
2.321728788956534117e-05,4.679043286159867421e-06,1.752356765791773796e-04,3.457777397741779168e-10,1.567264735058415681e-05,3.856373587041161954e-05,0.000000000000000000e+00,1.014678400679258630e-05,1.703105681372107938e-06,3.408111126645962941e-09
2.717536335694603622e-05,7.273218216141685843e-06,1.912761072162538767e-04,5.374852785067218974e-10,1.997964136535301805e-05,4.698225166066549718e-05,0.000000000000000000e+00,7.745356924715451896e-06,1.703105681372107938e-06,3.056737307716161922e-09
3.087197183049283922e-05,1.063484160113148391e-05,1.881037751445546746e-04,7.859067840954025996e-10,2.430631320748943835e-05,4.624649227480404079e-05,0.000000000000000000e+00,1.426750895916484296e-05,1.703105681372107938e-06,3.718115149098366601e-09
3.313391425763256848e-05,1.179119408334372565e-05,2.039659448200836778e-04,8.713603172338935110e-10,2.594005491118878126e-05,5.217386933509260416e-05,0.000000000000000000e+00,9.461249646847136319e-06,1.703105681372107938e-06,3.155488315087495721e-09
3.290133463451638818e-05,1.217907902173465118e-05,1.931337465066462755e-04,9.000248324397830402e-10,2.604017754492815584e-05,4.761165837408043444e-05,0.000000000000000000e+00,1.408881871611811221e-05,1.703105681372107938e-06,3.714809126975637810e-09
3.152573481202125549e-05,1.109864570025820285e-05,1.945334515767171979e-04,8.201815338004792011e-10,2.493880128895398229e-05,5.129968849360011518e-05,0.000000000000000000e+00,9.737418622535187751e-06,1.703105681372107938e-06,3.196384490422587987e-09
2.915337972808629274e-05,8.739038094063289464e-06,1.897533657029271126e-04,6.458082957294664084e-10,2.227791628683917224e-05,4.388190791360102594e-05,0.000000000000000000e+00,1.439004336134530604e-05,1.703105681372107938e-06,3.754604183114906846e-09
2.702009260246995836e-05,8.003594302863348275e-06,1.816574513213708997e-04,5.914596590272935828e-10,2.100148594763595611e-05,4.787595389643684030e-05,0.000000000000000000e+00,8.507548955094534904e-06,1.703105681372107938e-06,3.138785897860429941e-09
2.491243321856018156e-05,5.767716174887027591e-06,1.792794209904968739e-04,4.262298847201861918e-10,1.766124114510603249e-05,3.972202102886512876e-05,0.000000000000000000e+00,1.216774398926645517e-05,1.703105681372107938e-06,3.583013219454755927e-09
2.332642179680988193e-05,5.286648502078605816e-06,1.733454264467582107e-04,3.906793222263615917e-10,1.680078457866329700e-05,4.444165097083896399e-05,0.000000000000000000e+00,7.052301498333690688e-06,1.703105681372107938e-06,3.041060292474639937e-09
2.201281313318759203e-05,4.051120413350872695e-06,1.699293352430686355e-04,2.993746917034911803e-10,1.473438715038355440e-05,3.775750883505679667e-05,0.000000000000000000e+00,9.687601050245575607e-06,1.703105681372107938e-06,3.363507250497832501e-09
2.106884858221746981e-05,3.455380692685139365e-06,1.703198067843914032e-04,2.553499633961564541e-10,1.349754984403261915e-05,4.130871457164175808e-05,0.000000000000000000e+00,5.814858923258725554e-06,1.703105681372107938e-06,2.954289701762036202e-09
2.011608921748120338e-05,2.925979970314074308e-06,1.642949937377125025e-04,2.162277162875980707e-10,1.202470048156101257e-05,3.603226650739088655e-05,0.000000000000000000e+00,7.606077815580647439e-06,1.703105681372107938e-06,3.178899588007766397e-09
1.921930561366025358e-05,2.183105380026972853e-06,1.651122584007680416e-04,1.613298244995675645e-10,1.014506597130093724e-05,3.849530548905022442e-05,0.000000000000000000e+00,5.249737114354502410e-06,1.703105681372107938e-06,2.935120591018858249e-09
1.838696880440693349e-05,1.603235546099313069e-06,1.616922527318820357e-04,1.184778941620834303e-10,8.693801646586507559e-06,3.445489346631802619e-05,0.000000000000000000e+00,6.145080533315194771e-06,1.703105681372107938e-06,3.050438124319043709e-09
1.778029400156810880e-05,1.186000758934824262e-06,1.602806878508999944e-04,8.764455827758865780e-11,7.461739187419880182e-06,3.535898940754123032e-05,0.000000000000000000e+00,5.662242074322421104e-06,1.703105681372107938e-06,3.003083559605101982e-09
1.747596979839727283e-05,9.073536375581170432e-07,1.600228861207142472e-04,6.705274530061089422e-11,6.609253887290833518e-06,3.418286360101774335e-05,0.000000000000000000e+00,5.663270712830126286e-06,1.703105681372107938e-06,3.004037019138650066e-09
1.743596658343449235e-05,7.798057595209684223e-07,1.600451505510136485e-04,5.762705590495187380e-11,5.933815828029764816e-06,3.252194073866121471e-05,0.000000000000000000e+00,6.516455869132187217e-06,1.703105681372107938e-06,3.093069578241625095e-09
1.773726944520603865e-05,1.202436919811589178e-06,1.597411610418930650e-04,8.885918389989200250e-11,7.517412086599506438e-06,3.642138108261860907e-05,0.000000000000000000e+00,5.607154889730736613e-06,1.703105681372107938e-06,2.979180457884922362e-09
1.835815783124417067e-05,1.491847569923265837e-06,1.611824700376018882e-04,1.102464022850746517e-10,8.641288332000840455e-06,3.285680941189639270e-05,0.000000000000000000e+00,7.480637577828019857e-06,1.703105681372107938e-06,3.176496843337872633e-09
1.920130125654395670e-05,2.373724328208481893e-06,1.625834120204672217e-04,1.754164313805262054e-10,1.090199111786205322e-05,3.933603511541150510e-05,0.000000000000000000e+00,5.692339982488192618e-06,1.703105681372107938e-06,2.959006817349063567e-09
1.999540836550295353e-05,2.884576133510563523e-06,1.628057798370718956e-04,2.131679693873067549e-10,1.230071939062327147e-05,3.579926487873308361e-05,0.000000000000000000e+00,8.302514288516249508e-06,1.703105681372107938e-06,3.241580337487448560e-09
2.074237818305846304e-05,3.492394625936867669e-06,1.664681767579168081e-04,2.580853308842279148e-10,1.360145688522607088e-05,4.141953832004219294e-05,0.000000000000000000e+00,6.031651992088882253e-06,1.703105681372107938e-06,2.965541590072007239e-09
2.145557300536893308e-05,3.983932856499450281e-06,1.649213372729718685e-04,2.944096078039137865e-10,1.459675968362716958e-05,3.753848068299703300e-05,0.000000000000000000e+00,9.795066944207064807e-06,1.703105681372107938e-06,3.366206868804511032e-09
2.231880534964147955e-05,4.751177584694232792e-06,1.689538621576502919e-04,3.511084478713399903e-10,1.595164940226823092e-05,4.355960481916554272e-05,0.000000000000000000e+00,6.722420039295684546e-06,1.703105681372107938e-06,3.006364046598264395e-09
2.323575790796894580e-05,5.169641553948167711e-06,1.695121172815561295e-04,3.820325722436734850e-10,1.694611455604899675e-05,3.930199818569235504e-05,0.000000000000000000e+00,1.114903352572582662e-05,1.703105681372107938e-06,3.484696087241445639e-09
2.428725929348729551e-05,6.295071216300129890e-06,1.720642467262223363e-04,4.652009888417296679e-10,1.859232543210964650e-05,4.566265124594792724e-05,0.000000000000000000e+00,7.857634955144021660e-06,1.703105681372107938e-06,3.085090627408249020e-09
2.529995981603860855e-05,6.651469902863027528e-06,1.740135921863839030e-04,4.915385876103073315e-10,1.919115493365097791e-05,4.127683860133402050e-05,0.000000000000000000e+00,1.247129512194078416e-05,1.703105681372107938e-06,3.595589825877709700e-09
2.684589162527117878e-05,8.363278539036400616e-06,1.766249624779447913e-04,6.180400080602055368e-10,2.160681833629496396e-05,4.830181205761618912e-05,0.000000000000000000e+00,8.201164746424183249e-06,1.703105681372107938e-06,3.105173895789903327e-09
2.872160075639840215e-05,9.298018085246440023e-06,1.802421320462599397e-04,6.871164193178458390e-10,2.286016933794599026e-05,4.465007077669724822e-05,0.000000000000000000e+00,1.399368647980736569e-05,1.703105681372107938e-06,3.715038054963315517e-09
3.151342389173805714e-05,1.175410761788953096e-05,1.873689907370135188e-04,8.686196206753038496e-10,2.586670416349079460e-05,5.219824015512131155e-05,0.000000000000000000e+00,1.022418473439756781e-05,1.703105681372107938e-06,3.227630385183033468e-09
3.489420123514719307e-05,1.394445735058980063e-05,1.920179784065112472e-04,1.030484808595133472e-09,2.800215406750794500e-05,4.916917168884538114e-05,0.000000000000000000e+00,1.747946225805208087e-05,1.703105681372107938e-06,3.988871455362641427e-09
4.105162952328100801e-05,1.878135662991553545e-05,2.088734909193590283e-04,1.387928216800560222e-09,3.267727151978760958e-05,5.908934326726011932e-05,0.000000000000000000e+00,1.382923437631689012e-05,1.703105681372107938e-06,3.459628583613039154e-09
5.017383227823302150e-05,2.525201307435054332e-05,2.218108566012233496e-04,1.866104826220293944e-09,3.748052404262125492e-05,5.736861930927261710e-05,0.000000000000000000e+00,2.740733179962262511e-05,1.703105681372107938e-06,4.771035122530520312e-09
6.636275065829977393e-05,3.737774022738449275e-05,2.640118764247745275e-04,2.762186701588120741e-09,4.607824303093366325e-05,7.255709351738914847e-05,0.000000000000000000e+00,2.583822424639947712e-05,1.703105681372107938e-06,4.285379162638491835e-09
8.905214053811505437e-05,5.364960816223174334e-05,3.042411408387124538e-04,3.964665928890553914e-09,5.482835695147514343e-05,7.288349297596141696e-05,0.000000000000000000e+00,4.978422657586634159e-05,1.703105681372107938e-06,6.509649708164033655e-09
1.321285963058471680e-04,8.580680878367275000e-05,4.042047075927257538e-04,6.341057900982605133e-09,6.981784099480137229e-05,9.628514817450195551e-05,0.000000000000000000e+00,5.901305121369659901e-05,1.703105681372107938e-06,6.629675475267049478e-09
1.917419576784595847e-04,1.294030371354892850e-04,5.136032123118638992e-04,9.562787006700546044e-09,8.498415991198271513e-05,1.004836594802327454e-04,0.000000000000000000e+00,1.097859058063477278e-04,1.703105681372107938e-06,1.108783642678190517e-08
3.052650135941803455e-04,2.131328365067020059e-04,7.788027869537472725e-04,1.575035568635030359e-08,1.098620487027801573e-04,1.362787734251469374e-04,0.000000000000000000e+00,1.425192313035950065e-04,1.703105681372107938e-06,1.261805238073065993e-08
4.397640586830675602e-04,3.137328021693974733e-04,1.008139923214912415e-03,2.318461511663372221e-08,1.325787598034366965e-04,1.449947449145838618e-04,0.000000000000000000e+00,2.521723508834838867e-04,1.703105681372107938e-06,2.182430591801676201e-08
7.190773612819612026e-04,5.124639137648046017e-04,1.702296198345720768e-03,3.787069857708047493e-08,1.706828043097630143e-04,1.970229204744100571e-04,0.000000000000000000e+00,3.638378693722188473e-04,1.703105681372107938e-06,2.867474435674921551e-08
9.841753635555505753e-04,7.231256458908319473e-04,2.055037533864378929e-03,5.343844122762675397e-08,2.010634052567183971e-04,2.100805722875520587e-04,0.000000000000000000e+00,5.554589442908763885e-04,1.703105681372107938e-06,4.453545443539042026e-08
1.604665652848780155e-03,1.150848809629678726e-03,3.733295248821377754e-03,8.504685666821387713e-08,2.556405670475214720e-04,2.818985667545348406e-04,0.000000000000000000e+00,8.048738236539065838e-04,1.703105681372107938e-06,6.086093407020598534e-08
1.943750074133276939e-03,1.456119120121002197e-03,3.760773455724120140e-03,1.076060911486820260e-07,2.845343551598489285e-04,2.905741275753825903e-04,0.000000000000000000e+00,1.115535618737339973e-03,1.703105681372107938e-06,8.629389469660964096e-08
2.983384300023317337e-03,2.124299993738532066e-03,7.065890822559595108e-03,1.569841714399444754e-07,3.474984259810298681e-04,3.736683866009116173e-04,0.000000000000000000e+00,1.524951308965682983e-03,1.703105681372107938e-06,1.136124154754725168e-07
2.903470303863286972e-03,2.218458568677306175e-03,5.201213527470827103e-03,1.639424027644054149e-07,3.496257704682648182e-04,3.540483885444700718e-04,0.000000000000000000e+00,1.648903824388980865e-03,1.703105681372107938e-06,1.259692936628198368e-07
3.655298380181193352e-03,2.565749688073992729e-03,9.072020649909973145e-03,1.896069363738206448e-07,3.813114890363067389e-04,4.074417520314455032e-04,0.000000000000000000e+00,1.823465805500745773e-03,1.703105681372107938e-06,1.354837309008871671e-07
2.508493373170495033e-03,1.955535495653748512e-03,4.094559699296951294e-03,1.445125690224813297e-07,3.267640713602304459e-04,3.328341117594391108e-04,0.000000000000000000e+00,1.435019774362444878e-03,1.703105681372107938e-06,1.100455975233671779e-07
1.889420207589864731e-03,1.272959983907639980e-03,5.253103561699390411e-03,9.407078493950393749e-08,2.683956117834895849e-04,2.945619053207337856e-04,0.000000000000000000e+00,9.114989079535007477e-04,1.703105681372107938e-06,6.864026147468393901e-08
7.022966165095567703e-04,5.494632059708237648e-04,1.146861701272428036e-03,4.060491676227684366e-08,1.741927990224212408e-04,1.869315601652488112e-04,0.000000000000000000e+00,3.814729279838502407e-04,1.703105681372107938e-06,3.157382266749664268e-08
1.151619217125698924e-04,5.340721691027283669e-05,5.749879055656492710e-04,3.946753146522041789e-09,5.402318492997437716e-05,8.032761252252385020e-05,0.000000000000000000e+00,4.255914609530009329e-05,1.703105681372107938e-06,5.626210608511428291e-09
7.826490036677569151e-05,3.847140396828763187e-05,3.686437266878783703e-04,2.843007829156363186e-09,4.392638584249652922e-05,7.076038309605792165e-05,0.000000000000000000e+00,2.929123547801282257e-05,1.703105681372107938e-06,4.838176970167751278e-09
4.497375339269638062e-04,3.070911916438490152e-04,1.164436689577996731e-03,2.269380594555059361e-08,1.315976405749097466e-04,1.437479950254783034e-04,0.000000000000000000e+00,2.620267332531511784e-04,1.703105681372107938e-06,2.296535939194654929e-08
1.033335807733237743e-03,7.708147168159484863e-04,2.124024555087089539e-03,5.696261951015912928e-08,2.067874302156269550e-04,2.330701972823590040e-04,0.000000000000000000e+00,5.011868197470903397e-04,1.703105681372107938e-06,3.909752166464386391e-08
1.276459428481757641e-03,9.086835780180990696e-04,2.966201864182949066e-03,6.715102074394962983e-08,2.257212472613900900e-04,2.332453295821323991e-04,0.000000000000000000e+00,7.115574553608894348e-04,1.703105681372107938e-06,5.653986789866394247e-08
1.528976019471883774e-03,1.109269447624683380e-03,3.454525256529450417e-03,8.197417145083818468e-08,2.501140697859227657e-04,2.763389493338763714e-04,0.000000000000000000e+00,7.425395306199789047e-04,1.703105681372107938e-06,5.648150036563492904e-08
1.046094461344182491e-03,7.891117129474878311e-04,2.030140487477183342e-03,5.831475746731484833e-08,2.087523025693371892e-04,2.185652119806036353e-04,0.000000000000000000e+00,5.396875203587114811e-04,1.703105681372107938e-06,4.337111292329609569e-08
6.342343403957784176e-04,4.141417739447206259e-04,1.927500125020742416e-03,3.060475961547126644e-08,1.540530647616833448e-04,1.800672471290454268e-04,0.000000000000000000e+00,2.734253648668527603e-04,1.703105681372107938e-06,2.197802473347110208e-08
1.920176873682066798e-04,1.448910479666665196e-04,4.009581170976161957e-04,1.070733901542553212e-08,8.791928121354430914e-05,1.070361613528802991e-04,0.000000000000000000e+00,7.030827691778540611e-05,1.703105681372107938e-06,7.929743972567848687e-09
7.262505096150562167e-05,4.295321923564188182e-05,2.843340043909847736e-04,3.174210227996354661e-09,4.503894160734489560e-05,6.847115582786500454e-05,0.000000000000000000e+00,1.238431013916851953e-05,1.703105681372107938e-06,3.540323145756474332e-09
2.512510691303759813e-04,1.692101795924827456e-04,7.089725695550441742e-04,1.250450321066409742e-08,9.744430280989035964e-05,1.239265984622761607e-04,0.000000000000000000e+00,1.114362021326087415e-04,1.703105681372107938e-06,1.049227549287934380e-08
5.101839778944849968e-04,3.482090542092919350e-04,1.325808814726769924e-03,2.573238511160980124e-08,1.402017805958166718e-04,1.513818860985338688e-04,0.000000000000000000e+00,2.939405967481434345e-04,1.703105681372107938e-06,2.525120734730990080e-08
7.635961519554257393e-04,5.768635310232639313e-04,1.515312236733734608e-03,4.262977881808183156e-08,1.801347389118745923e-04,2.063647843897342682e-04,0.000000000000000000e+00,3.520134487189352512e-04,1.703105681372107938e-06,2.819599842496245401e-08
6.893635727465152740e-04,4.600910469889640808e-04,1.907780533656477928e-03,3.400037940082256682e-08,1.620292314328253269e-04,1.715429243631660938e-04,0.000000000000000000e+00,3.849448403343558311e-04,1.703105681372107938e-06,3.215507859977151384e-08
5.692816339433193207e-04,4.287907213438302279e-04,1.178146689198911190e-03,3.168730700053856708e-08,1.558576186653226614e-04,1.816490112105384469e-04,0.000000000000000000e+00,2.267624076921492815e-04,1.703105681372107938e-06,1.898934343103064748e-08
2.951007627416402102e-04,2.089532645186409354e-04,7.623590063303709030e-04,1.544148986454274564e-08,1.090288642444647849e-04,1.242067519342526793e-04,0.000000000000000000e+00,9.911587403621524572e-05,1.703105681372107938e-06,1.041286612490921470e-08
1.245903840754181147e-04,8.177982090273872018e-05,4.161817196290940046e-04,6.043467060123930423e-09,6.640417996095493436e-05,9.088552178582176566e-05,0.000000000000000000e+00,1.192389572679530829e-05,1.703105681372107938e-06,3.330325792916255523e-09
7.633270433871075511e-05,4.449284460861235857e-05,3.089176898356527090e-04,3.287987215827570253e-09,4.652977804653346539e-05,7.219556573545560241e-05,0.000000000000000000e+00,9.480953849561046809e-06,1.703105681372107938e-06,3.098185263894492891e-09
1.382899354211986065e-04,9.429064812138676643e-05,3.711239842232316732e-04,6.968007504326578783e-09,7.092419400578364730e-05,8.897346560843288898e-05,0.000000000000000000e+00,6.886888877488672733e-05,1.703105681372107938e-06,7.907559052000578959e-09
2.463825803715735674e-04,1.609227765584364533e-04,7.453767466358840466e-04,1.189207043950091247e-08,9.564479114487767220e-05,1.220251360791735351e-04,0.000000000000000000e+00,1.092212914954870939e-04,1.703105681372107938e-06,1.021040496596015146e-08
2.852729230653494596e-04,1.981245732167735696e-04,7.381803006865084171e-04,1.464125443106922830e-08,1.056776527548208833e-04,1.202383864438161254e-04,0.000000000000000000e+00,1.333030813839286566e-04,1.703105681372107938e-06,1.295673524026597079e-08
2.799717476591467857e-04,2.042679698206484318e-04,6.690722075290977955e-04,1.509524771847736702e-08,1.082474409486167133e-04,1.338051370112225413e-04,0.000000000000000000e+00,8.796534530119970441e-05,1.703105681372107938e-06,8.853058730551310873e-09
1.864710939116775990e-04,1.228058390552178025e-04,5.717711756005883217e-04,9.075258766699789703e-09,8.352287841262295842e-05,1.002923308988101780e-04,0.000000000000000000e+00,6.488127110060304403e-05,1.703105681372107938e-06,7.850378125340284896e-09
9.887960186460986733e-05,6.762905832147225738e-05,3.005151229444891214e-04,4.997736446910039376e-09,5.968332334305159748e-05,8.423432882409542799e-05,0.000000000000000000e+00,1.199023972731083632e-05,1.703105681372107938e-06,3.535191916981261784e-09
4.285628529032692313e-05,2.015485006268136203e-05,2.210383245255798101e-04,1.489428136380865908e-09,3.011368789884727448e-05,5.526748645934276283e-05,0.000000000000000000e+00,5.976042302791029215e-06,1.703105681372107938e-06,3.133758141871112457e-09
4.334923505666665733e-05,1.778055957402102649e-05,2.351128350710496306e-04,1.313969821836735719e-09,3.160940832458436489e-05,5.168612915440462530e-05,0.000000000000000000e+00,2.057389974652323872e-05,1.703105681372107938e-06,4.297625366689317161e-09
8.816299668978899717e-05,4.951944356434978545e-05,3.579109616111963987e-04,3.659449632209543779e-09,5.331961074261926115e-05,7.936261681606993079e-05,0.000000000000000000e+00,2.852448233170434833e-05,1.703105681372107938e-06,4.445905865679833369e-09
1.319873845204710960e-04,9.026195766637101769e-05,3.672393795568495989e-04,6.670290542132306655e-09,7.086228288244456053e-05,8.929831528803333640e-05,0.000000000000000000e+00,5.001486715627834201e-05,1.703105681372107938e-06,6.469811353326804237e-09
1.503910170868039131e-04,9.723575931275263429e-05,4.940974758937954903e-04,7.185648964735946720e-09,7.506020483560860157e-05,1.002787685138173401e-04,0.000000000000000000e+00,3.745511639863252640e-05,1.703105681372107938e-06,5.029797467415164647e-09
1.164642453659325838e-04,7.976988126756623387e-05,3.393256047274917364e-04,5.894933874373009530e-09,6.614381709368899465e-05,8.572988008381798863e-05,0.000000000000000000e+00,2.761806536000221968e-05,1.703105681372107938e-06,4.751965931859558623e-09
6.829965423094108701e-05,3.950288373744115233e-05,2.766984689515084028e-04,2.919233521581077184e-09,4.654493750422261655e-05,7.155066123232245445e-05,0.000000000000000000e+00,1.126919050875585526e-05,1.703105681372107938e-06,3.289596595124066880e-09
2.986438266816549003e-05,9.297779797634575516e-06,1.984991104109212756e-04,6.870989333052079928e-10,2.181868512707296759e-05,4.592337063513696194e-05,0.000000000000000000e+00,7.166919203882571310e-06,1.703105681372107938e-06,3.189310371354281415e-09
2.177878195652738214e-05,1.949312945725978352e-06,1.883955119410529733e-04,1.440527558349558035e-10,9.982450137613341212e-06,3.372930950718000531e-05,0.000000000000000000e+00,9.899178621708415449e-06,1.703105681372107938e-06,3.445821405989590858e-09
4.101442391402088106e-05,1.886439895315561444e-05,2.115233655786141753e-04,1.394064641502268387e-09,3.234233736293390393e-05,5.814403994008898735e-05,0.000000000000000000e+00,9.976916771847754717e-06,1.703105681372107938e-06,3.311188656596186775e-09
6.778269744245335460e-05,3.687905700644478202e-05,2.845893031917512417e-04,2.725334180553318220e-09,4.535914558800868690e-05,6.552426202688366175e-05,0.000000000000000000e+00,2.444709571136627346e-05,1.703105681372107938e-06,4.609940873478990397e-09
8.339792111655697227e-05,5.217468060436658561e-05,2.953138027805835009e-04,3.855669117314164396e-09,5.450952448882162571e-05,7.978241046657785773e-05,0.000000000000000000e+00,1.691854231467004865e-05,1.703105681372107938e-06,3.709941243101866348e-09
7.455630839103832841e-05,4.449197513167746365e-05,2.757133624982088804e-04,3.287923266981351844e-09,4.971328598912805319e-05,7.007821113802492619e-05,0.000000000000000000e+00,2.492998646630439907e-05,1.703105681372107938e-06,4.569476352855872392e-09
5.389777652453631163e-05,2.684097125893458724e-05,2.590399526525288820e-04,1.983527564419773626e-09,3.921459938283078372e-05,6.481556920334696770e-05,0.000000000000000000e+00,1.152811819338239729e-05,1.703105681372107938e-06,3.255001601587537152e-09
3.139104592264629900e-05,1.087979126168647781e-05,1.931875740410760045e-04,8.040083043781010019e-10,2.423042496957350522e-05,4.671828719438053668e-05,0.000000000000000000e+00,1.192497620650101453e-05,1.703105681372107938e-06,3.481011479067319669e-09
2.135891918442212045e-05,2.446450025672675110e-06,1.835141592891886830e-04,1.807907989981316632e-10,1.096755659091286361e-05,3.913129330612719059e-05,0.000000000000000000e+00,5.610528205579612404e-06,1.703105681372107938e-06,2.880503835456238448e-09
2.486748417140915990e-05,5.915120254940120503e-06,1.844687212724238634e-04,4.371228934374471464e-10,1.697013613011222333e-05,4.247925971867516637e-05,0.000000000000000000e+00,5.054911071056267247e-06,1.703105681372107938e-06,2.902658557957238372e-09
3.457477578194811940e-05,1.356278880848549306e-05,2.013468183577060699e-04,1.002279814699136296e-09,2.665566717041656375e-05,5.001523095415905118e-05,0.000000000000000000e+00,8.773070476308930665e-06,1.703105681372107938e-06,3.273219251198611346e-09
4.319200525060296059e-05,2.102320831909310073e-05,2.126536564901471138e-04,1.553599138226502419e-09,3.432507219258695841e-05,5.971261271042749286e-05,0.000000000000000000e+00,9.034298273036256433e-06,1.703105681372107938e-06,3.177798912901153017e-09
4.592839468386955559e-05,2.038157617789693177e-05,2.366092376178130507e-04,1.506183067156996458e-09,3.382714203326031566e-05,5.458610758068971336e-05,0.000000000000000000e+00,1.885894380393438041e-05,1.703105681372107938e-06,4.132208353269106738e-09
4.428680040291510522e-05,2.108068474626634270e-05,2.179856091970577836e-04,1.557846740496415805e-09,3.441260923864319921e-05,6.060736996005289257e-05,0.000000000000000000e+00,1.407550735166296363e-05,1.703105681372107938e-06,3.516768432021422086e-09
3.922284304280765355e-05,1.537796015327330679e-05,2.173246321035549045e-04,1.136419625069606809e-09,2.929385118477512151e-05,4.979659934178926051e-05,0.000000000000000000e+00,2.112419315380975604e-05,1.703105681372107938e-06,4.294843591878816369e-09
3.384822048246860504e-05,1.223400249728001654e-05,2.056384255411103368e-04,9.040836412843589187e-10,2.613921060401480645e-05,5.308446270646527410e-05,0.000000000000000000e+00,1.050374976330203936e-05,1.703105681372107938e-06,3.237751400320121320e-09
2.745538404269609600e-05,8.045692084124311805e-06,1.819291646825149655e-04,5.945707259868981964e-10,2.048815440502949059e-05,4.307794370106421411e-05,0.000000000000000000e+00,1.216774762724526227e-05,1.703105681372107938e-06,3.548263904917803302e-09
2.214548658230341971e-05,3.756219257411430590e-06,1.788084337022155523e-04,2.775817353750653638e-10,1.351739319943590090e-05,4.149040614720433950e-05,0.000000000000000000e+00,5.084233634988777339e-06,1.703105681372107938e-06,2.886275218827449862e-09
1.958979919436387718e-05,1.915396751428488642e-06,1.716289843898266554e-04,1.415463718457132813e-10,9.799109648156445473e-06,3.629969069152139127e-05,0.000000000000000000e+00,5.115043677506037056e-06,1.703105681372107938e-06,2.932138309930110154e-09
2.093256625812500715e-05,3.006271299454965629e-06,1.716316619422286749e-04,2.221611783426169495e-10,1.264312231796793640e-05,3.670377554954029620e-05,0.000000000000000000e+00,7.631272637809161097e-06,1.703105681372107938e-06,3.178737273401566199e-09
2.519962072256021202e-05,6.100091013649944216e-06,1.832959678722545505e-04,4.507920980945101519e-10,1.823900129238609225e-05,4.542797978501766920e-05,0.000000000000000000e+00,7.699307388975284994e-06,1.703105681372107938e-06,3.074116072809829348e-09
2.944259358628187329e-05,8.773977242526598275e-06,1.919346686918288469e-04,6.483902859066859037e-10,2.196036984969396144e-05,4.330843876232393086e-05,0.000000000000000000e+00,1.475149019825039431e-05,1.703105681372107938e-06,3.792212766029479099e-09
3.209780697943642735e-05,1.188364331028424203e-05,1.916729379445314407e-04,8.781921301270756430e-10,2.557064544816967100e-05,5.247497392701916397e-05,0.000000000000000000e+00,1.046873785526258871e-05,1.703105681372107938e-06,3.268495696318041155e-09
3.169878618791699409e-05,1.041920768329873681e-05,1.964347320608794689e-04,7.699715864895040340e-10,2.406898238405119628e-05,4.502595766098238528e-05,0.000000000000000000e+00,1.636104207136668265e-05,1.703105681372107938e-06,3.921658553451834450e-09
2.960754682135302573e-05,9.726448297442402691e-06,1.889057020889595151e-04,7.187771489114425094e-10,2.322059117432218045e-05,5.015115675632841885e-05,0.000000000000000000e+00,9.905282240652013570e-06,1.703105681372107938e-06,3.215902877329313014e-09
2.664109342731535435e-05,7.196826118160970509e-06,1.821465411921963096e-04,5.318400164711079015e-10,1.995487582462374121e-05,4.188970706309191883e-05,0.000000000000000000e+00,1.229613189934752882e-05,1.703105681372107938e-06,3.572422802022856558e-09
2.454650166328065097e-05,5.670050995831843466e-06,1.821958139771595597e-04,4.190124636149761272e-10,1.775700729922391474e-05,4.455954695004038513e-05,0.000000000000000000e+00,6.568694516317918897e-06,1.703105681372107938e-06,2.979207325282118290e-09
2.270565528306178749e-05,4.703808372141793370e-06,1.711333752609789371e-04,3.476078591635456405e-10,1.601344047230668366e-05,3.952786573790945113e-05,0.000000000000000000e+00,8.885081115295179188e-06,1.703105681372107938e-06,3.278688653907124717e-09
2.093994044116698205e-05,3.264998213126091287e-06,1.715575490379706025e-04,2.412809119167746985e-10,1.327482459601014853e-05,4.012511999462731183e-05,0.000000000000000000e+00,5.191874151933006942e-06,1.703105681372107938e-06,2.908300489323778493e-09
1.930038706632331014e-05,2.189186488976702094e-06,1.648668257985264063e-04,1.617792011465724045e-10,1.079921821656171232e-05,3.645213655545376241e-05,0.000000000000000000e+00,6.245170879992656410e-06,1.703105681372107938e-06,3.060243614072533092e-09
1.807145963539369404e-05,1.257970552615006454e-06,1.626376324566081166e-04,9.296307473816156630e-11,7.932800144772045314e-06,3.495284181553870440e-05,0.000000000000000000e+00,5.497244728758232668e-06,1.703105681372107938e-06,2.991586978140503561e-09
1.741437336022499949e-05,7.702578272983373608e-07,1.607221784070134163e-04,5.692146753943916337e-11,5.729599251935724169e-06,3.477369318716228008e-05,0.000000000000000000e+00,5.718968623114051297e-06,1.703105681372107938e-06,3.017890382039922770e-09
1.748108297761064023e-05,6.604381610486598220e-07,1.613808708498254418e-04,4.880588294620125112e-11,5.168416919332230464e-06,3.202527295798063278e-05,0.000000000000000000e+00,6.825575383118120953e-06,1.703105681372107938e-06,3.131226833374967100e-09
1.812248956412076950e-05,1.425464802196074743e-06,1.612725027371197939e-04,1.053407638895720311e-10,8.355658792424947023e-06,3.669129364425316453e-05,0.000000000000000000e+00,5.697738743037916720e-06,1.703105681372107938e-06,2.996029646595843587e-09
1.911745312099810690e-05,2.022451781158451922e-06,1.637462992221117020e-04,1.494576684635262609e-10,1.045098179019987583e-05,3.515220305416733027e-05,0.000000000000000000e+00,7.203705536085180938e-06,1.703105681372107938e-06,3.159201122926447169e-09
2.018328996200580150e-05,3.038747763639548793e-06,1.658706460148096085e-04,2.245611613327369582e-10,1.288382918573915958e-05,3.979988468927331269e-05,0.000000000000000000e+00,5.574791430262848735e-06,1.703105681372107938e-06,2.955215183675363733e-09
2.088457222271244973e-05,3.489239816190092824e-06,1.656430104048922658e-04,2.578521562934810163e-10,1.399127449985826388e-05,3.789844413404352963e-05,0.000000000000000000e+00,8.310304110636934638e-06,1.703105681372107938e-06,3.240131718484917656e-09
2.147020313714165241e-05,3.923111762560438365e-06,1.696065010037273169e-04,2.899149809110213027e-10,1.477500518376473337e-05,4.158633964834734797e-05,0.000000000000000000e+00,5.864405466127209365e-06,1.703105681372107938e-06,2.951506150594696010e-09
2.196691821154672652e-05,4.339903625805163756e-06,1.671181089477613568e-04,3.207156207274408644e-10,1.540532866783905774e-05,3.861898949253372848e-05,0.000000000000000000e+00,9.152046914095990360e-06,1.703105681372107938e-06,3.311559915175621427e-09
2.273804057040251791e-05,4.931462171953171492e-06,1.713959500193595886e-04,3.644312907002955626e-10,1.641137168917339295e-05,4.359770900919102132e-05,0.000000000000000000e+00,6.669842150586191565e-06,1.703105681372107938e-06,3.001960902082601024e-09
2.365097680012695491e-05,5.398367648012936115e-06,1.711458462523296475e-04,3.989353014599572589e-10,1.731587144604418427e-05,3.971286423620767891e-05,0.000000000000000000e+00,1.138023981184232980e-05,1.703105681372107938e-06,3.504079693072981172e-09
2.504091753507964313e-05,6.896023933222750202e-06,1.737003331072628498e-04,5.096109645386093234e-10,1.950026853592135012e-05,4.656397140934132040e-05,0.000000000000000000e+00,7.748603820800781250e-06,1.703105681372107938e-06,3.081311872321634837e-09
2.703195423237048090e-05,7.845283107599243522e-06,1.781210303306579590e-04,5.797604618607010707e-10,2.077127646771259606e-05,4.241133501636795700e-05,0.000000000000000000e+00,1.374567546008620411e-05,1.703105681372107938e-06,3.705935114339808933e-09
3.045448102056980133e-05,1.099873406928963959e-05,1.839508768171072006e-04,8.127980510863608288e-10,2.481785486452281475e-05,5.170459917280822992e-05,0.000000000000000000e+00,1.060658178175799549e-05,1.703105681372107938e-06,3.265207881852916216e-09
3.483434920781292021e-05,1.358909048576606438e-05,1.936968765221536160e-04,1.004223482148347557e-09,2.762106123554985970e-05,4.840994006372056901e-05,0.000000000000000000e+00,1.875571069831494242e-05,1.703105681372107938e-06,4.101208261886313267e-09
4.148442167206667364e-05,1.904382588691078126e-05,2.096665557473897934e-04,1.407324479174576481e-09,3.275293420301750302e-05,5.941763811279088259e-05,0.000000000000000000e+00,1.473939391871681437e-05,1.703105681372107938e-06,3.527205860720528108e-09
4.937786434311419725e-05,2.447855331411119550e-05,2.219182788394391537e-04,1.808946659132004697e-09,3.694225961226038635e-05,5.678418528987094760e-05,0.000000000000000000e+00,2.707480234676040709e-05,1.703105681372107938e-06,4.747297666085614765e-09
6.008755372022278607e-05,3.256961645092815161e-05,2.520504058338701725e-04,2.406870036608665941e-09,4.317470666137523949e-05,6.967714580241590738e-05,0.000000000000000000e+00,2.312896322109736502e-05,1.703105681372107938e-06,4.094646843810778591e-09
6.960744212847203016e-05,3.961596667068079114e-05,2.623251348268240690e-04,2.927589948242825812e-09,4.698540215031243861e-05,6.588617543457075953e-05,0.000000000000000000e+00,3.758960883715189993e-05,1.703105681372107938e-06,5.562348803778149886e-09
8.171411172952502966e-05,4.853198697674088180e-05,2.996457333210855722e-04,3.586477115291586415e-09,5.259934550849720836e-05,7.895836461102589965e-05,0.000000000000000000e+00,3.217551784473471344e-05,1.703105681372107938e-06,4.725177582542983146e-09
8.917521336115896702e-05,5.394071195041760802e-05,3.035571426153182983e-04,3.986177610215690947e-09,5.514463191502727568e-05,7.332459790632128716e-05,0.000000000000000000e+00,4.878782783634960651e-05,1.703105681372107938e-06,6.431822185959390481e-09
9.936461719917133451e-05,6.191771535668522120e-05,3.349693433847278357e-04,4.575672729600910316e-09,5.944577060290612280e-05,8.574311505071818829e-05,0.000000000000000000e+00,3.949961319449357688e-05,1.703105681372107938e-06,5.246183043539076607e-09
1.020856798277236521e-04,6.371001654770225286e-05,3.296308277640491724e-04,4.708122336438691491e-09,5.973087536403909326e-05,7.752796955173835158e-05,0.000000000000000000e+00,5.412580503616482019e-05,1.703105681372107938e-06,6.849951272869247987e-09
1.085026888176798820e-04,6.860981375211849809e-05,3.553918213583528996e-04,5.070213138225199145e-09,6.264881812967360020e-05,8.890240860637277365e-05,0.000000000000000000e+00,4.353694384917616844e-05,1.703105681372107938e-06,5.535642166876186820e-09
1.064256721292622387e-04,6.689742440357804298e-05,3.374266379978507757e-04,4.943669029700004103e-09,6.143724749563261867e-05,7.909779378678649664e-05,0.000000000000000000e+00,5.785587563877925277e-05,1.703105681372107938e-06,7.132860968539489477e-09
1.088808130589313805e-04,6.864075112389400601e-05,3.584978403523564339e-04,5.072499309477507268e-09,6.254661275306716561e-05,8.882969996193423867e-05,0.000000000000000000e+00,4.390277172205969691e-05,1.703105681372107938e-06,5.557072135786711442e-09
1.040081551764160395e-04,6.554296851390972733e-05,3.286570718046277761e-04,4.843576206781108340e-09,6.061391104594804347e-05,7.838233432266861200e-05,0.000000000000000000e+00,5.599474025075323880e-05,1.703105681372107938e-06,6.989782974642366753e-09
1.040547213051468134e-04,6.489444058388471603e-05,3.491062088869512081e-04,4.795650099254089582e-09,6.093630508985370398e-05,8.725967927603051066e-05,0.000000000000000000e+00,4.249655466992408037e-05,1.703105681372107938e-06,5.457271967657106870e-09
9.807383321458473802e-05,6.101403778302483261e-05,3.164943482261151075e-04,4.508891038312867749e-09,5.851601599715650082e-05,7.644975994480773807e-05,0.000000000000000000e+00,5.410359153756871819e-05,1.703105681372107938e-06,6.843751343410531263e-09
9.781772678252309561e-05,6.055429912521503866e-05,3.334484645165503025e-04,4.474916881491708409e-09,5.873741611139848828e-05,8.506810991093516350e-05,0.000000000000000000e+00,3.918586298823356628e-05,1.703105681372107938e-06,5.225600840930155755e-09
9.315170609625056386e-05,5.732199861085973680e-05,3.080980386584997177e-04,4.236052397743605979e-09,5.675694774254225194e-05,7.481677312171086669e-05,0.000000000000000000e+00,5.019901800551451743e-05,1.703105681372107938e-06,6.549709219427768403e-09
9.395187953487038612e-05,5.800777216791175306e-05,3.216882760170847178e-04,4.286730526104065575e-09,5.747796967625617981e-05,8.380090002901852131e-05,0.000000000000000000e+00,3.775278310058638453e-05,1.703105681372107938e-06,5.129759728106364491e-09
9.048686479218304157e-05,5.530889757210388780e-05,3.026767808478325605e-04,4.087285621068303954e-09,5.568281994783319533e-05,7.384536002064123750e-05,0.000000000000000000e+00,4.910292409476824105e-05,1.703105681372107938e-06,6.466794655324292762e-09
9.200745989801362157e-05,5.671120379702188075e-05,3.168957191519439220e-04,4.190915614543655465e-09,5.687748853233642876e-05,8.314139267895370722e-05,0.000000000000000000e+00,3.606688187574036419e-05,1.703105681372107938e-06,5.011161263723806769e-09
8.909025200409814715e-05,5.434595368569716811e-05,2.992725931107997894e-04,4.016125210171139770e-09,5.529239206225611269e-05,7.351907697739079595e-05,0.000000000000000000e+00,4.817040462512522936e-05,1.703105681372107938e-06,6.390924234267458814e-09
9.058075374923646450e-05,5.557732583838514984e-05,3.140081244055181742e-04,4.107122641983096401e-09,5.629937004414387047e-05,8.256320143118500710e-05,0.000000000000000000e+00,3.602619108278304338e-05,1.703105681372107938e-06,5.005888592535256976e-09
8.774479647399857640e-05,5.356301699066534638e-05,2.947172906715422869e-04,3.958265715198194812e-09,5.479266110341995955e-05,7.309742795769125223e-05,0.000000000000000000e+00,4.710049688583239913e-05,1.703105681372107938e-06,6.308772171337295731e-09
8.977061952464282513e-05,5.500324186868965626e-05,3.126943192910403013e-04,4.064697911587700219e-09,5.603075260296463966e-05,8.229067316278815269e-05,0.000000000000000000e+00,3.497942088870331645e-05,1.703105681372107938e-06,4.930803321201437939e-09
8.788562263362109661e-05,5.362942465580999851e-05,2.952941285911947489e-04,3.963173345056247854e-09,5.486073132487945259e-05,7.312378147616982460e-05,0.000000000000000000e+00,4.726778570329770446e-05,1.703105681372107938e-06,6.320121315184223931e-09
9.086765930987894535e-05,5.590302680502645671e-05,3.136846062261611223e-04,4.131191833067759944e-09,5.640278322971425951e-05,8.270550461020320654e-05,0.000000000000000000e+00,3.596169699449092150e-05,1.703105681372107938e-06,5.000696745582899894e-09
9.076431888388469815e-05,5.568797496380284429e-05,3.016379196196794510e-04,4.115299212514855753e-09,5.583858728641644120e-05,7.395820284727960825e-05,0.000000000000000000e+00,4.912552321911789477e-05,1.703105681372107938e-06,6.467617552630144928e-09
9.673790918895974755e-05,6.032832607161253691e-05,3.249696746934205294e-04,4.458217794933716505e-09,5.860551027581095695e-05,8.494502981193363667e-05,0.000000000000000000e+00,3.912611646228469908e-05,1.703105681372107938e-06,5.226182597795059337e-09
9.940864401869475842e-05,6.188015686348080635e-05,3.205800312571227551e-04,4.572896727950137574e-09,5.887449151487089694e-05,7.667043973924592137e-05,0.000000000000000000e+00,5.470489850267767906e-05,1.703105681372107938e-06,6.897751703149879177e-09
1.101577508961781859e-04,7.019748591119423509e-05,3.543937928043305874e-04,5.187541063378375839e-09,6.323647539829835296e-05,8.957162208389490843e-05,0.000000000000000000e+00,4.520887523540295660e-05,1.703105681372107938e-06,5.654605228500031444e-09
1.178040256490930915e-04,7.569195440737530589e-05,3.571402339730411768e-04,5.593578045193225989e-09,6.514027336379513144e-05,8.241042814915999770e-05,0.000000000000000000e+00,6.398044934030622244e-05,1.703105681372107938e-06,7.608307761586274864e-09
1.371194666717201471e-04,8.989823982119560242e-05,4.149317974224686623e-04,6.643412042706131615e-09,7.153415936045348644e-05,9.782225242815911770e-05,0.000000000000000000e+00,5.728048563469201326e-05,1.703105681372107938e-06,6.505977534487783487e-09
1.523735554656013846e-04,1.016637106658890843e-04,4.245702875778079033e-04,7.512872102211076708e-09,7.550335431005805731e-05,9.199099440593272448e-05,0.000000000000000000e+00,8.252810948761180043e-05,1.703105681372107938e-06,9.019458957482129335e-09
1.846989180194213986e-04,1.247952459380030632e-04,5.206186906434595585e-04,9.222273611442233232e-09,8.435097697656601667e-05,1.105700066545978189e-04,0.000000000000000000e+00,7.841808837838470936e-05,1.703105681372107938e-06,8.012867702689163707e-09
2.100716228596866131e-04,1.448395632905885577e-04,5.404136609286069870e-04,1.070353317089711709e-08,9.018476703204214573e-05,1.056244873325340450e-04,0.000000000000000000e+00,1.119068328989669681e-04,1.703105681372107938e-06,1.125287241166006424e-08
2.689421235118061304e-04,1.863132783910259604e-04,7.100232178345322609e-04,1.376840952360680603e-08,1.030515777529217303e-04,1.292224333155900240e-04,0.000000000000000000e+00,1.162651897175237536e-04,1.703105681372107938e-06,1.072816413483224096e-08
3.173799777869135141e-04,2.251366531709209085e-04,7.548513822257518768e-04,1.663742743573948246e-08,1.124848131439648569e-04,1.264044403797015548e-04,0.000000000000000000e+00,1.675818930380046368e-04,1.703105681372107938e-06,1.546330707924425951e-08
4.226657911203801632e-04,2.980675490107387304e-04,1.056501874700188637e-03,2.202696336439657898e-08,1.303022872889414430e-04,1.564577687531709671e-04,0.000000000000000000e+00,1.894805172923952341e-04,1.703105681372107938e-06,1.601601518075312924e-08
4.907416878268122673e-04,3.550608525983989239e-04,1.095361774787306786e-03,2.623872852325348504e-08,1.412151468684896827e-04,1.534443581476807594e-04,0.000000000000000000e+00,2.614464610815048218e-04,1.703105681372107938e-06,2.252794928381263162e-08
6.500037852674722672e-04,4.614723438862711191e-04,1.587494160048663616e-03,3.410245597024186281e-08,1.621999253984540701e-04,1.883360237115994096e-04,0.000000000000000000e+00,2.978201082441955805e-04,1.703105681372107938e-06,2.387673703196924180e-08
7.059670751914381981e-04,5.192100652493536472e-04,1.491492846980690956e-03,3.836922601863079763e-08,1.705380418570712209e-04,1.813300041249021888e-04,0.000000000000000000e+00,3.760775434784591198e-04,1.703105681372107938e-06,3.112685220685307286e-08
8.868877775967121124e-04,6.301976973190903664e-04,2.157088834792375565e-03,4.657113095163367689e-08,1.892998989205807447e-04,2.154274989152327180e-04,0.000000000000000000e+00,4.098119970876723528e-04,1.703105681372107938e-06,3.202366372079268331e-08
8.762157522141933441e-04,6.509317317977547646e-04,1.784728607162833214e-03,4.810336662330882973e-08,1.908108679344877601e-04,2.007449365919455886e-04,0.000000000000000000e+00,4.681115387938916683e-04,1.703105681372107938e-06,3.801697090466404916e-08
1.019845250993967056e-03,7.207736489363014698e-04,2.515334635972976685e-03,5.326462826360511826e-08,2.025935391429811716e-04,2.287172537762671709e-04,0.000000000000000000e+00,4.753819666802883148e-04,1.703105681372107938e-06,3.681022775481324061e-08
9.049692889675498009e-04,6.765278521925210953e-04,1.797857927158474922e-03,4.999489178203475603e-08,1.942172675626352429e-04,2.041472034761682153e-04,0.000000000000000000e+00,4.865564114879816771e-04,1.703105681372107938e-06,3.940931136980907468e-08
9.345759754069149494e-04,6.565431831404566765e-04,2.346719382330775261e-03,4.851804646932578180e-08,1.930955768330022693e-04,2.192620449932292104e-04,0.000000000000000000e+00,4.336088895797729492e-04,1.703105681372107938e-06,3.377812873850416509e-08
7.328977226279675961e-04,5.467433365993201733e-04,1.465371460653841496e-03,4.040391843318502652e-08,1.747797068674117327e-04,1.857205497799441218e-04,0.000000000000000000e+00,3.961726033594459295e-04,1.703105681372107938e-06,3.267063775069800613e-08
6.446908228099346161e-04,4.483150551095604897e-04,1.664001843892037868e-03,3.313014218520038412e-08,1.593444321770220995e-04,1.855725422501564026e-04,0.000000000000000000e+00,2.997552219312638044e-04,1.703105681372107938e-06,2.406411780953021662e-08
4.415255680214613676e-04,3.234653850086033344e-04,9.401213028468191624e-04,2.390384601369532902e-08,1.344930496998131275e-04,1.474596647312864661e-04,0.000000000000000000e+00,2.404805563855916262e-04,1.703105681372107938e-06,2.102680340954066196e-08
3.158244362566620111e-04,2.153616369469091296e-04,8.621567976661026478e-04,1.591506126885633421e-08,1.103252507164143026e-04,1.366706856060773134e-04,0.000000000000000000e+00,1.424710499122738838e-04,1.703105681372107938e-06,1.270015026477722131e-08
1.775055716279894114e-04,1.212383940583094954e-04,4.640437546186149120e-04,8.959425201737758471e-09,8.248277299571782351e-05,9.853007213678210974e-05,0.000000000000000000e+00,9.862789738690480590e-05,1.703105681372107938e-06,1.034240426633914467e-08
8.971438364824280143e-05,5.367634003050625324e-05,3.249178407713770866e-04,3.966640793606757143e-09,5.466900984174571931e-05,8.118153346003964543e-05,0.000000000000000000e+00,3.546258085407316685e-05,1.703105681372107938e-06,5.054920038105592539e-09
3.553244459908455610e-05,1.433578017895342782e-05,1.952742022695019841e-04,1.059403342829057237e-09,2.833473627106286585e-05,4.885559246758930385e-05,0.000000000000000000e+00,1.669244738877750933e-05,1.703105681372107938e-06,4.034012235365480592e-09
1.688128213572781533e-05,8.255245802502031438e-07,1.566024729982018471e-04,6.100563804123382283e-11,5.552464699576376006e-06,3.475164703559130430e-05,0.000000000000000000e+00,3.955102783947950229e-06,1.703105681372107938e-06,2.940633292425332002e-09
2.622791907924693078e-05,8.094130862446036190e-06,1.743657630868256092e-04,5.981501405294409324e-10,2.087281063722912222e-05,4.780964809469878674e-05,0.000000000000000000e+00,6.972128176130354404e-06,1.703105681372107938e-06,3.070593113108088801e-09
5.459707972477190197e-05,2.798521381919272244e-05,2.372423041379079223e-04,2.068086146778114198e-09,3.962480332120321691e-05,5.882702316739596426e-05,0.000000000000000000e+00,2.887634764192625880e-05,1.703105681372107938e-06,4.942776854477415327e-09
9.415702515980228782e-05,5.844277984579093754e-05,3.185885143466293812e-04,4.318876811737482058e-09,5.766440153820440173e-05,8.413413888774812222e-05,0.000000000000000000e+00,3.855393151752650738e-05,1.703105681372107938e-06,5.205278874598207040e-09
1.307262718910351396e-04,8.418096695095300674e-05,3.952809202019125223e-04,6.220910453436090393e-09,6.840212154202163219e-05,8.512293425155803561e-05,0.000000000000000000e+00,7.017203461145982146e-05,1.703105681372107938e-06,8.099641846115446242e-09
1.700276916380971670e-04,1.145232527051120996e-04,4.811052349396049976e-04,8.463181266904484801e-09,8.058202365646138787e-05,1.069785430445335805e-04,0.000000000000000000e+00,7.393921987386420369e-05,1.703105681372107938e-06,7.703338411602089764e-09
1.863808865891769528e-04,1.249661727342754602e-04,5.116148386150598526e-04,9.234906173105628113e-09,8.342925139004364610e-05,9.902021702146157622e-05,0.000000000000000000e+00,1.025324090733192861e-04,1.703105681372107938e-06,1.056012166600339697e-08
2.079119003610685468e-04,1.426515955245122313e-04,5.618696450255811214e-04,1.054184473048280779e-08,9.021446749102324247e-05,1.165285138995386660e-04,0.000000000000000000e+00,9.073331602849066257e-05,1.703105681372107938e-06,8.917873550728927512e-09
2.015523059526458383e-04,1.357982837362214923e-04,5.475248326547443867e-04,1.003538940835824178e-08,8.702252671355381608e-05,1.023433433147147298e-04,0.000000000000000000e+00,1.100154040614143014e-04,1.703105681372107938e-06,1.113922110107523622e-08
2.058584068436175585e-04,1.414468861185014248e-04,5.538292462006211281e-04,1.045281727840574604e-08,8.980950951809063554e-05,1.161029649665579200e-04,0.000000000000000000e+00,9.028594649862498045e-05,1.703105681372107938e-06,8.900912895626333921e-09
1.869472907856106758e-04,1.252353249583393335e-04,5.149287171661853790e-04,9.254796040636392718e-09,8.380374492844566703e-05,9.940160089172422886e-05,0.000000000000000000e+00,1.021910356939770281e-04,1.703105681372107938e-06,1.055187404119806160e-08
1.796888391254469752e-04,1.218909237650223076e-04,5.025992868468165398e-04,9.007647072678537370e-09,8.325384260388091207e-05,1.095443003578111529e-04,0.000000000000000000e+00,7.537996862083673477e-05,1.703105681372107938e-06,7.828957038213957276e-09
1.545124978292733431e-04,1.021505449898540974e-04,4.390540707390755415e-04,7.548848657279449981e-09,7.554046896984800696e-05,9.186982060782611370e-05,0.000000000000000000e+00,8.456535579171031713e-05,1.703105681372107938e-06,9.203153794601348636e-09
1.396736042806878686e-04,9.148965909844264388e-05,4.235936794430017471e-04,6.761016635437044897e-09,7.223650754895061255e-05,9.858032717602327466e-05,0.000000000000000000e+00,5.824584513902664185e-05,1.703105681372107938e-06,6.594013335359250050e-09
1.124845439335331321e-04,7.206129521364346147e-05,3.438152780290693045e-04,5.325274887724162909e-09,6.330598989734426141e-05,8.076003723544999957e-05,0.000000000000000000e+00,6.041724554961547256e-05,1.703105681372107938e-06,7.349402864065268659e-09
9.092741674976423383e-05,5.531082570087164640e-05,3.203407104592770338e-04,4.087428617793875674e-09,5.603410318144597113e-05,8.244520722655579448e-05,0.000000000000000000e+00,3.582513454603031278e-05,1.703105681372107938e-06,4.997604108325504058e-09
6.614164158236235380e-05,3.748984090634621680e-05,2.502040879335254431e-04,2.770470741708663809e-09,4.589186573866754770e-05,6.489950465038418770e-05,0.000000000000000000e+00,3.631391882663592696e-05,1.703105681372107938e-06,5.485680354411215376e-09
4.695790630648843944e-05,2.313537152076605707e-05,2.221650211140513420e-04,1.709686392459275339e-09,3.613720036810263991e-05,6.268100696615874767e-05,0.000000000000000000e+00,1.606033401913009584e-05,1.703105681372107938e-06,3.624450739536655419e-09
3.101724723819643259e-05,1.158898976427735761e-05,1.789221569197252393e-04,8.564176035008586041e-10,2.529543053242377937e-05,4.643481952371075749e-05,0.000000000000000000e+00,1.536041600047610700e-05,1.703105681372107938e-06,3.845894713805364518e-09
2.154780850105453283e-05,4.605237791110994294e-06,1.632039347896352410e-04,3.403235748766775259e-10,1.576040995132643729e-05,4.326021007727831602e-05,0.000000000000000000e+00,6.221772309800144285e-06,1.703105681372107938e-06,2.986201952381861702e-09
1.696567233011592180e-05,1.215292627421149518e-06,1.510918373242020607e-04,8.980920868095765286e-11,7.790470590407494456e-06,3.261694291722960770e-05,0.000000000000000000e+00,6.411960384866688401e-06,1.703105681372107938e-06,3.098455270134081729e-09
1.615928522369358689e-05,7.041597882562200539e-07,1.493434101575985551e-04,5.203687133970014145e-11,5.562945716519607231e-06,3.322201519040390849e-05,0.000000000000000000e+00,5.207842150412034243e-06,1.703105681372107938e-06,2.981723312700523820e-09
1.843579775595571846e-05,2.491532995918532833e-06,1.543928665341809392e-04,1.841224117615780642e-10,1.143552071880549192e-05,3.888598075718618929e-05,0.000000000000000000e+00,5.049775154475355521e-06,1.703105681372107938e-06,2.916208385883578558e-09
2.346432847843971103e-05,6.104730346123687923e-06,1.632320054341107607e-04,4.511349627200900159e-10,1.837544368754606694e-05,4.082336454303003848e-05,0.000000000000000000e+00,1.036396952258655801e-05,1.703105681372107938e-06,3.422647054662775190e-09
3.143378489767201245e-05,1.209199308505048975e-05,1.835575531003996730e-04,8.935891471217871640e-10,2.623565160320140421e-05,5.269064422463998199e-05,0.000000000000000000e+00,9.860365025815553963e-06,1.703105681372107938e-06,3.195958164781131927e-09
4.174472996965050697e-05,1.943160350492689759e-05,2.010556199820712209e-04,1.435980667707781322e-09,3.301577817182987928e-05,5.326161772245541215e-05,0.000000000000000000e+00,2.207563738920725882e-05,1.703105681372107938e-06,4.354447469268052373e-09
5.568756387219764292e-05,2.998331547132693231e-05,2.357464545639231801e-04,2.215744254741025543e-09,4.132282629143446684e-05,6.777024100301787257e-05,0.000000000000000000e+00,2.129602944478392601e-05,1.703105681372107938e-06,3.967370432178540796e-09
6.931531970622017980e-05,3.967452357755973935e-05,2.583901223260909319e-04,2.931917375548209748e-09,4.694439121522009373e-05,6.569360266439616680e-05,0.000000000000000000e+00,3.801780621870420873e-05,1.703105681372107938e-06,5.598891572589081989e-09
8.612653618911281228e-05,5.268023960525169969e-05,2.994392707478255033e-04,3.893029898449640314e-09,5.473680721479468048e-05,8.123183943098410964e-05,0.000000000000000000e+00,3.502369145280681551e-05,1.703105681372107938e-06,4.922992680178595037e-09
9.866447362583130598e-05,6.099691381677985191e-05,3.203918167855590582e-04,4.507625384064795071e-09,5.826671622344292700e-05,7.588112930534407496e-05,0.000000000000000000e+00,5.628375947708263993e-05,1.703105681372107938e-06,7.009876235031242686e-09
1.176461519207805395e-04,7.581257523270323873e-05,3.668338758870959282e-04,5.602491359724126596e-09,6.569965626113116741e-05,9.218182822223752737e-05,0.000000000000000000e+00,5.150181459612213075e-05,1.703105681372107938e-06,6.090148829684949305e-09
1.315657573286443949e-04,8.520629489794373512e-05,3.869839420076459646e-04,6.296680510331498226e-09,6.904508336447179317e-05,8.572784281568601727e-05,0.000000000000000000e+00,7.661056588403880596e-05,1.703105681372107938e-06,8.559551289977207489e-09
1.582073164172470570e-04,1.054306558216921985e-04,4.558191867545247078e-04,7.791245870691909658e-09,7.741461740806698799e-05,1.039194394252263010e-04,0.000000000000000000e+00,7.194747740868479013e-05,1.703105681372107938e-06,7.542241498015300749e-09
1.796901487978175282e-04,1.214263538713566959e-04,4.804763593710958958e-04,8.973315424043448729e-09,8.231243555201217532e-05,9.799686085898429155e-05,0.000000000000000000e+00,1.021616335492581129e-04,1.703105681372107938e-06,1.050415754377809208e-08
2.219045563833788037e-04,1.516572956461459398e-04,5.996170220896601677e-04,1.120736037307779043e-08,9.287821012549102306e-05,1.193447897094301879e-04,0.000000000000000000e+00,1.028555270750075579e-04,1.703105681372107938e-06,9.750422691467974801e-09
2.457709051668643951e-04,1.709157222649082541e-04,6.068227230571210384e-04,1.263054194566848309e-08,9.775818034540861845e-05,1.124144255300052464e-04,0.000000000000000000e+00,1.417290914105251431e-04,1.703105681372107938e-06,1.349493317093219957e-08
2.948265173472464085e-04,2.041927655227482319e-04,7.669783080928027630e-04,1.508969127428372303e-08,1.077212000382132828e-04,1.341628085356205702e-04,0.000000000000000000e+00,1.393589627696201205e-04,1.703105681372107938e-06,1.237760649530628143e-08
3.111599362455308437e-04,2.205976343248039484e-04,7.294104434549808502e-04,1.630199797375553317e-08,1.110914090531878173e-04,1.249253837158903480e-04,0.000000000000000000e+00,1.762127794791013002e-04,1.703105681372107938e-06,1.610146682651247829e-08
3.643536474555730820e-04,2.541556023061275482e-04,9.279755176976323128e-04,1.878190936110968323e-08,1.201335107907652855e-04,1.465534005546942353e-04,0.000000000000000000e+00,1.740047737257555127e-04,1.703105681372107938e-06,1.488473699851056153e-08
3.773769130930304527e-04,2.709977270569652319e-04,8.519306429661810398e-04,2.002652799149018392e-08,1.229719637194648385e-04,1.361200702376663685e-04,0.000000000000000000e+00,2.118613774655386806e-04,1.703105681372107938e-06,1.879525868275777611e-08
4.448820254765450954e-04,3.122713533230125904e-04,1.114688697271049023e-03,2.307661617351186578e-08,1.330792001681402326e-04,1.594611530890688300e-04,0.000000000000000000e+00,2.114181115757673979e-04,1.703105681372107938e-06,1.759990553296120197e-08
4.596473881974816322e-04,3.327103331685066223e-04,1.009958330541849136e-03,2.458703995955602295e-08,1.363972551189363003e-04,1.487994450144469738e-04,0.000000000000000000e+00,2.594122197479009628e-04,1.703105681372107938e-06,2.238028962153748580e-08
5.461897817440330982e-04,3.849188215099275112e-04,1.350621460005640984e-03,2.844521240774611215e-08,1.476839534007012844e-04,1.740165025694295764e-04,0.000000000000000000e+00,2.620882587507367134e-04,1.703105681372107938e-06,2.128656895195035759e-08
5.500379484146833420e-04,4.017683677375316620e-04,1.178367878310382366e-03,2.969037993238998752e-08,1.497173798270523548e-04,1.614565262570977211e-04,0.000000000000000000e+00,3.043277829419821501e-04,1.703105681372107938e-06,2.575972501972501050e-08
6.388496258296072483e-04,4.508193233050405979e-04,1.575971604324877262e-03,3.331520659344278101e-08,1.598661474417895079e-04,1.861537457443773746e-04,0.000000000000000000e+00,3.043310716748237610e-04,1.703105681372107938e-06,2.435780466214509943e-08
6.138909957371652126e-04,4.510035214480012655e-04,1.290963962674140930e-03,3.332881703954626573e-08,1.586521830176934600e-04,1.700240391073748469e-04,0.000000000000000000e+00,3.379106638021767139e-04,1.703105681372107938e-06,2.828024392442785029e-08
6.783789722248911858e-04,4.782085015904158354e-04,1.685375347733497620e-03,3.533924797238796600e-08,1.645951415412127972e-04,1.908264239318668842e-04,0.000000000000000000e+00,3.163298242725431919e-04,1.703105681372107938e-06,2.523191966474769288e-08
6.072800606489181519e-04,4.476605390664190054e-04,1.269350643269717693e-03,3.308177554117719410e-08,1.580211537657305598e-04,1.695424871286377311e-04,0.000000000000000000e+00,3.268448344897478819e-04,1.703105681372107938e-06,2.745747273991128168e-08
6.194176967255771160e-04,4.348680959083139896e-04,1.561147975735366344e-03,3.213642330024413241e-08,1.571209140820428729e-04,1.833217975217849016e-04,0.000000000000000000e+00,2.843477413989603519e-04,1.703105681372107938e-06,2.291491085770758218e-08
5.103697185404598713e-04,3.751392650883644819e-04,1.083514885976910591e-03,2.772250873306347785e-08,1.447181712137535214e-04,1.570260501466691494e-04,0.000000000000000000e+00,2.687898231670260429e-04,1.703105681372107938e-06,2.311417723888098408e-08
4.658623074647039175e-04,3.252940659876912832e-04,1.198745332658290863e-03,2.403898591296638187e-08,1.357382570859044790e-04,1.619265240151435137e-04,0.000000000000000000e+00,2.069370966637507081e-04,1.703105681372107938e-06,1.731551790840057947e-08
3.468262730166316032e-04,2.500746923033148050e-04,7.839461904950439930e-04,1.848033015505734511e-08,1.184494831250049174e-04,1.321973541053012013e-04,0.000000000000000000e+00,1.835695875342935324e-04,1.703105681372107938e-06,1.671920735191179119e-08
2.724278019741177559e-04,1.865144731709733605e-04,7.414222345687448978e-04,1.378327851853100583e-08,1.029007762554101646e-04,1.291264052269980311e-04,0.000000000000000000e+00,1.177109224954620004e-04,1.703105681372107938e-06,1.088961099071639183e-08
1.794127892935648561e-04,1.228707697009667754e-04,4.709403729066252708e-04,9.080055818344590080e-09,8.310774865094572306e-05,9.912461973726749420e-05,0.000000000000000000e+00,9.447970660403370857e-05,1.703105681372107938e-06,9.995827277009539102e-09
1.210469927173107862e-04,7.753728277748450637e-05,3.870663349516689777e-04,5.729945851129514267e-09,6.621636566706001759e-05,9.255068289348855615e-05,0.000000000000000000e+00,4.803078627446666360e-05,1.703105681372107938e-06,5.912217382331164117e-09
7.208473107311874628e-05,4.180140240350738168e-05,2.645051863510161638e-04,3.089092093233603009e-09,4.849357355851680040e-05,6.714199844282120466e-05,0.000000000000000000e+00,3.832804941339418292e-05,1.703105681372107938e-06,5.697838645346564590e-09
4.134514165343716741e-05,1.955680454557295889e-05,2.041164261754602194e-04,1.445233044350402452e-09,3.305599238956347108e-05,5.964851879980415106e-05,0.000000000000000000e+00,1.376694308419246227e-05,1.703105681372107938e-06,3.517258928553701480e-09
2.363735075050499290e-05,5.971111932012718171e-06,1.661037531448528171e-04,4.412606391390738736e-10,1.823560705815907568e-05,4.002112837042659521e-05,0.000000000000000000e+00,1.055864140653284267e-05,1.703105681372107938e-06,3.498946243851719373e-09
1.716450424282811582e-05,1.641399762775108684e-06,1.509597059339284897e-04,1.212982075893265232e-10,8.894077836885116994e-06,3.739411113201640546e-05,0.000000000000000000e+00,4.271335455996450037e-06,1.703105681372107938e-06,2.910501173403190478e-09
1.732636883389204741e-05,1.835115540416154545e-06,1.506642438471317291e-04,1.356136591912360245e-10,9.703049727249890566e-06,3.629331331467255950e-05,0.000000000000000000e+00,4.248293407727032900e-06,1.703105681372107938e-06,2.916027197485959732e-09
2.245891664642840624e-05,5.472986231325194240e-06,1.620364346308633685e-04,4.044495571786654864e-10,1.743796201481018215e-05,4.076118057128041983e-05,0.000000000000000000e+00,7.822864063200540841e-06,1.703105681372107938e-06,3.241369395112769780e-09
3.167293107253499329e-05,1.303975204791640863e-05,1.786451612133532763e-04,9.636276221414163956e-10,2.736218266363721341e-05,5.324439916876144707e-05,0.000000000000000000e+00,7.686603566980920732e-06,1.703105681372107938e-06,3.080191657289788054e-09
4.345428169472143054e-05,2.095930358336772770e-05,2.065005974145606160e-04,1.548876693568956853e-09,3.429165008128620684e-05,5.495249934028834105e-05,0.000000000000000000e+00,1.844916914706118405e-05,1.703105681372107938e-06,4.097271855130202312e-09
5.877943476662039757e-05,3.382597424206323922e-05,2.320935745956376195e-04,2.499713769310574207e-09,4.411983536556363106e-05,7.005532097537070513e-05,0.000000000000000000e+00,1.744105975376442075e-05,1.703105681372107938e-06,3.727660402574883847e-09
7.560707308584824204e-05,4.453668225323781371e-05,2.764285018201917410e-04,3.291227290702636310e-09,5.004440754419192672e-05,6.890629447298124433e-05,0.000000000000000000e+00,3.427533374633640051e-05,1.703105681372107938e-06,5.337311037578729156e-09
1.009749976219609380e-04,6.542092160088941455e-05,3.204666427336633205e-04,4.834556754929053568e-09,6.132863927632570267e-05,8.731626439839601517e-05,0.000000000000000000e+00,3.507408109726384282e-05,1.703105681372107938e-06,4.955753585278444007e-09
1.251438807230442762e-04,8.086102752713486552e-05,3.797797835431993008e-04,5.975568928562324800e-09,6.750257307430729270e-05,8.468313899356871843e-05,0.000000000000000000e+00,6.304876296781003475e-05,1.703105681372107938e-06,7.548088376552186674e-09
1.602869306225329638e-04,1.086654083337634802e-04,4.528278368525207043e-04,8.030291098748421064e-09,7.882832142058759928e-05,1.049225684255361557e-04,0.000000000000000000e+00,6.338748062262311578e-05,1.703105681372107938e-06,6.952475484212072843e-09
1.848129177233204246e-04,1.254820526810362935e-04,4.967728164047002792e-04,9.273028567235996888e-09,8.385091496165841818e-05,9.962566400645300746e-05,0.000000000000000000e+00,9.653576125856488943e-05,1.703105681372107938e-06,1.009131089801940107e-08
2.284976508235558867e-04,1.568874722579494119e-04,6.172290304675698280e-04,1.159386631144343482e-08,9.467644122196361423e-05,1.209346810355782509e-04,0.000000000000000000e+00,9.887284249998629093e-05,1.703105681372107938e-06,9.480213059021025401e-09
2.574307727627456188e-04,1.799359743017703295e-04,6.343926070258021355e-04,1.329713139597288318e-08,1.003177894745022058e-04,1.148939190898090601e-04,0.000000000000000000e+00,1.405554357916116714e-04,1.703105681372107938e-06,1.341905520035879817e-08
3.213565796613693237e-04,2.234530984424054623e-04,8.313237340189516544e-04,1.651301495542156772e-08,1.127015857491642237e-04,1.390617544529959559e-04,0.000000000000000000e+00,1.477108889957889915e-04,1.703105681372107938e-06,1.298844498620610466e-08
3.574090951588004827e-04,2.549956843722611666e-04,8.218935108743607998e-04,1.884398947993304319e-08,1.195252261823043227e-04,1.328505459241569042e-04,0.000000000000000000e+00,2.022405824391171336e-04,1.703105681372107938e-06,1.807011607013464527e-08
4.450569977052509785e-04,3.125734801869839430e-04,1.111519639380276203e-03,2.309894320262628753e-08,1.332890824414789677e-04,1.596638903720304370e-04,0.000000000000000000e+00,2.133154339389875531e-04,1.703105681372107938e-06,1.773611657540641318e-08
4.739892610814422369e-04,3.440359432715922594e-04,1.034634653478860855e-03,2.542399535343520256e-08,1.384911010973155499e-04,1.507832639617845416e-04,0.000000000000000000e+00,2.648984082043170929e-04,1.703105681372107938e-06,2.278773614250440005e-08
5.729160620830953121e-04,4.053879238199442625e-04,1.398080028593540192e-03,2.995786019255319843e-08,1.515099429525434971e-04,1.778897276381030679e-04,0.000000000000000000e+00,2.772013540379703045e-04,1.703105681372107938e-06,2.236970786384517851e-08
5.762487417086958885e-04,4.224998410791158676e-04,1.211036345921456814e-03,3.122242375752648513e-08,1.535425253678113222e-04,1.651460624998435378e-04,0.000000000000000000e+00,3.264523693360388279e-04,1.703105681372107938e-06,2.740641136256272148e-08
6.557695451192557812e-04,4.637529782485216856e-04,1.602053525857627392e-03,3.427099670716415858e-08,1.620847615413367748e-04,1.884483790490776300e-04,0.000000000000000000e+00,3.181125503033399582e-04,1.703105681372107938e-06,2.534491372330194281e-08
6.007812335155904293e-04,4.432960413396358490e-04,1.238308730535209179e-03,3.275923887713361182e-08,1.570641761645674706e-04,1.685968454694375396e-04,0.000000000000000000e+00,3.365432203281670809e-04,1.703105681372107938e-06,2.816589628196197737e-08
6.173664005473256111e-04,4.343992623034864664e-04,1.528608263470232487e-03,3.210177723644846992e-08,1.567999424878507853e-04,1.831696135923266411e-04,0.000000000000000000e+00,3.010630316566675901e-04,1.703105681372107938e-06,2.411031374549565953e-08
5.138984415680170059e-04,3.778226091526448727e-04,1.072329818271100521e-03,2.792080522340256721e-08,1.451582065783441067e-04,1.573493791511282325e-04,0.000000000000000000e+00,2.884282730519771576e-04,1.703105681372107938e-06,2.456680192608473590e-08
4.804032796528190374e-04,3.352314524818211794e-04,1.223372993990778923e-03,2.477334959394283942e-08,1.376530854031443596e-04,1.640345581108704209e-04,0.000000000000000000e+00,2.283453650306910276e-04,1.703105681372107938e-06,1.884368217019982694e-08
3.782066632993519306e-04,2.738502807915210724e-04,8.332380093634128571e-04,2.023732825762181164e-08,1.235549862030893564e-04,1.368397788610309362e-04,0.000000000000000000e+00,2.103258448187261820e-04,1.703105681372107938e-06,1.871769583772220358e-08
3.327101876493543386e-04,2.297187456861138344e-04,8.744751103222370148e-04,1.697604190553647641e-08,1.140637177741155028e-04,1.404658105457201600e-04,0.000000000000000000e+00,1.554392074467614293e-04,1.703105681372107938e-06,1.359060419758861826e-08
2.605097542982548475e-04,1.832040725275874138e-04,6.286554853431880474e-04,1.353864220732248214e-08,1.013225992210209370e-04,1.158727172878570855e-04,0.000000000000000000e+00,1.444013614673167467e-04,1.703105681372107938e-06,1.376273672804018133e-08
2.313287259312346578e-04,1.579444506205618382e-04,6.324116257019340992e-04,1.167197449802870324e-08,9.438977576792240143e-05,1.207474779221229255e-04,0.000000000000000000e+00,1.014310400933027267e-04,1.703105681372107938e-06,9.709379966693632014e-09
1.948832941707223654e-04,1.333710679318755865e-04,5.114512750878930092e-04,9.856020000142962090e-09,8.650979725643992424e-05,1.021039352053776383e-04,0.000000000000000000e+00,1.036710164044052362e-04,1.703105681372107938e-06,1.067695176715233174e-08
1.896892063086852431e-04,1.286502229049801826e-04,5.329124396666884422e-04,9.507154175025789300e-09,8.549293124815449119e-05,1.116974090109579265e-04,0.000000000000000000e+00,7.747738709440454841e-05,1.703105681372107938e-06,7.983898875352224422e-09
1.810146932257339358e-04,1.237928809132426977e-04,4.834331048186868429e-04,9.148200419417662488e-09,8.345053356606513262e-05,9.950539242709055543e-05,0.000000000000000000e+00,8.878507651388645172e-05,1.703105681372107938e-06,9.531442302090908925e-09
1.986038405448198318e-04,1.361269678454846144e-04,5.498197278939187527e-04,1.005967931178020081e-08,8.842918032314628363e-05,1.143773843068629503e-04,0.000000000000000000e+00,7.494899909943342209e-05,1.703105681372107938e-06,7.791952860713990958e-09
2.096010284731164575e-04,1.465859968448057771e-04,5.355253233574330807e-04,1.083259348888532259e-08,9.115284774452447891e-05,1.069752761395648122e-04,0.000000000000000000e+00,9.462505113333463669e-05,1.703105681372107938e-06,9.963476266250381741e-09
2.486925513949245214e-04,1.748173963278532028e-04,6.525219068862497807e-04,1.291887219423415445e-08,1.003087236313149333e-04,1.260818535229191184e-04,0.000000000000000000e+00,8.622979657957330346e-05,1.703105681372107938e-06,8.589482902721101709e-09
2.689854882191866636e-04,1.924879034049808979e-04,6.500978488475084305e-04,1.422471029854932567e-08,1.046050383592955768e-04,1.196919256472028792e-04,0.000000000000000000e+00,1.148781157098710537e-04,1.703105681372107938e-06,1.150161299534602222e-08
3.217197954654693604e-04,2.300264313817024231e-04,8.061527623794972897e-04,1.699877927308079961e-08,1.152869081124663353e-04,1.409333344781771302e-04,0.000000000000000000e+00,1.107809366658329964e-04,1.703105681372107938e-06,1.035893681944344280e-08
3.358469984959810972e-04,2.440962125547230244e-04,7.769290241412818432e-04,1.803852534010275122e-08,1.177742306026630104e-04,1.321387098869308829e-04,0.000000000000000000e+00,1.405787479598075151e-04,1.703105681372107938e-06,1.345220823623094475e-08
3.825948806479573250e-04,2.754518645815551281e-04,9.394637309014797211e-04,2.035568158476053213e-08,1.260845892829820514e-04,1.516930497018620372e-04,0.000000000000000000e+00,1.319664734182879329e-04,1.703105681372107938e-06,1.188728937506766670e-08
3.721857792697846889e-04,2.727594110183417797e-04,8.372272714041173458e-04,2.015671540789298888e-08,1.243893348146229982e-04,1.384131901431828737e-04,0.000000000000000000e+00,1.570365566294640303e-04,1.703105681372107938e-06,1.469855703817302128e-08
3.987135714851319790e-04,2.858224324882030487e-04,9.904926409944891930e-04,2.112205876869666099e-08,1.283248711843043566e-04,1.539834483992308378e-04,0.000000000000000000e+00,1.384187489748001099e-04,1.703105681372107938e-06,1.235037672131511499e-08
3.622333169914782047e-04,2.648021618369966745e-04,8.138313423842191696e-04,1.956867912156212697e-08,1.225595769938081503e-04,1.366163778584450483e-04,0.000000000000000000e+00,1.604803546797484159e-04,1.703105681372107938e-06,1.495613588531341520e-08
3.619877388700842857e-04,2.555647515691816807e-04,9.281647508032619953e-04,1.888604295174900471e-08,1.212626448250375688e-04,1.470940187573432922e-04,0.000000000000000000e+00,1.360649475827813148e-04,1.703105681372107938e-06,1.218069112240982577e-08
3.104761417489498854e-04,2.235719148302450776e-04,7.194866193458437920e-04,1.652179371092188376e-08,1.122211178881116211e-04,1.266223553102463484e-04,0.000000000000000000e+00,1.495556061854586005e-04,1.703105681372107938e-06,1.413331940369744189e-08
2.959127596113830805e-04,2.047128800768405199e-04,7.905481033958494663e-04,1.512812630721782625e-08,1.079942521755583584e-04,1.341056049568578601e-04,0.000000000000000000e+00,1.214505682582966983e-04,1.703105681372107938e-06,1.112849368212209811e-08
2.526857715565711260e-04,1.775486307451501489e-04,6.145220831967890263e-04,1.312070985193258821e-08,9.969244274543598294e-05,1.145123678725212812e-04,0.000000000000000000e+00,1.368493831250816584e-04,1.703105681372107938e-06,1.317561171276793175e-08
2.413915644865483046e-04,1.647222088649868965e-04,6.579384207725524902e-04,1.217284673060703426e-08,9.655503527028486133e-05,1.229933550348505378e-04,0.000000000000000000e+00,1.087552082026377320e-04,1.703105681372107938e-06,1.022119633375950798e-08
2.132807130692526698e-04,1.477631449233740568e-04,5.355160683393478394e-04,1.091958523602443165e-08,9.082807810045778751e-05,1.060895956470631063e-04,0.000000000000000000e+00,1.196596786030568182e-04,1.703105681372107938e-06,1.187559739435073425e-08
2.131491928594186902e-04,1.457152538932859898e-04,5.761417560279369354e-04,1.076824673873488791e-08,9.085678175324574113e-05,1.173655982711352408e-04,0.000000000000000000e+00,9.819764818530529737e-05,1.703105681372107938e-06,9.458858585276175290e-09
2.028259768849238753e-04,1.412111305398866534e-04,5.030792090110480785e-04,1.043539565870332808e-08,8.888108277460560203e-05,1.044629752868786454e-04,0.000000000000000000e+00,1.130693199229426682e-04,1.703105681372107938e-06,1.136524119260684529e-08
2.174991532228887081e-04,1.512331509729847312e-04,5.678877350874245167e-04,1.117601478028973361e-08,9.223552478943020105e-05,1.186150038847699761e-04,0.000000000000000000e+00,9.477221465203911066e-05,1.703105681372107938e-06,9.199048633945494657e-09
2.162546006729826331e-04,1.532087480882182717e-04,5.170907243154942989e-04,1.132201088438478109e-08,9.210282587446272373e-05,1.077066408470273018e-04,0.000000000000000000e+00,1.133677287725731730e-04,1.703105681372107938e-06,1.137863669953276258e-08
2.342383231734856963e-04,1.641068229218944907e-04,5.983891314826905727e-04,1.212737021916154845e-08,9.608172695152461529e-05,1.224041770910844207e-04,0.000000000000000000e+00,1.029257837217301130e-04,1.703105681372107938e-06,9.773245324140589219e-09
2.270453114761039615e-04,1.610299223102629185e-04,5.393561441451311111e-04,1.189998943829095879e-08,9.451161895412951708e-05,1.099173459806479514e-04,0.000000000000000000e+00,1.207977402373217046e-04,1.703105681372107938e-06,1.193311582881051436e-08
2.371744340052828193e-04,1.658454857533797622e-04,6.085302447900176048e-04,1.225585677389062766e-08,9.674981993157416582e-05,1.231163623742759228e-04,0.000000000000000000e+00,1.047592013492248952e-04,1.703105681372107938e-06,9.902848319143231492e-09
2.204608754254877567e-04,1.545211998745799065e-04,5.375904729589819908e-04,1.141899996781603477e-08,9.272963507100939751e-05,1.079833018593490124e-04,0.000000000000000000e+00,1.218062097905203700e-04,1.703105681372107938e-06,1.201290977803637361e-08
2.207317593274638057e-04,1.525374682387337089e-04,5.819129291921854019e-04,1.127240434328768970e-08,9.288422006648033857e-05,1.193481220980174839e-04,0.000000000000000000e+00,1.000299525912851095e-04,1.703105681372107938e-06,9.566617720224712684e-09
1.986119896173477173e-04,1.365890639135614038e-04,5.092730280011892319e-04,1.009382888383925092e-08,8.712187991477549076e-05,1.025375022436492145e-04,0.000000000000000000e+00,1.109561781049706042e-04,1.703105681372107938e-06,1.119608583621811704e-08
1.942964736372232437e-04,1.322073949268087745e-04,5.331669235602021217e-04,9.770026565547595965e-09,8.656956924824044108e-05,1.130729724536649883e-04,0.000000000000000000e+00,8.772390719968825579e-05,1.703105681372107938e-06,8.689309716203297285e-09
1.749116781866177917e-04,1.179014943772926927e-04,4.709568747784942389e-04,8.712831345292215701e-09,8.109241753118112683e-05,9.687841520644724369e-05,0.000000000000000000e+00,9.914499969454482198e-05,1.703105681372107938e-06,1.029959584286643803e-08
1.706324983388185501e-04,1.145684509538114071e-04,4.878710024058818817e-04,8.466521705940976972e-09,8.057803643168881536e-05,1.070014186552725732e-04,0.000000000000000000e+00,7.276952965185046196e-05,1.703105681372107938e-06,7.617980912755228928e-09
1.521647645859047771e-04,1.015544476103968918e-04,4.251144418958574533e-04,7.504796784019163169e-09,7.519018981838598847e-05,9.158084139926359057e-05,0.000000000000000000e+00,8.098874241113662720e-05,1.703105681372107938e-06,8.919959881836803106e-09
1.431068812962621450e-04,9.436907566851004958e-05,4.290496290195733309e-04,6.973802868515122100e-09,7.325485785258933902e-05,9.955473069567233324e-05,0.000000000000000000e+00,5.832843453390523791e-05,1.703105681372107938e-06,6.587575818173263542e-09
1.230460038641467690e-04,8.038061787374317646e-05,3.637332119978964329e-04,5.940066660770071394e-09,6.717802170896902680e-05,8.440909005003049970e-05,0.000000000000000000e+00,6.292062607826665044e-05,1.703105681372107938e-06,7.535308377271121572e-09
1.120534288929775357e-04,7.190096948761492968e-05,3.604702069424092770e-04,5.313427475783782938e-09,6.393899093382060528e-05,9.010716166812926531e-05,0.000000000000000000e+00,4.105434345547109842e-05,1.703105681372107938e-06,5.361280308591176436e-09
9.515459532849490643e-05,5.977553519187495112e-05,3.057277353946119547e-04,4.417366916698028945e-09,5.789906208519823849e-05,7.602020195918157697e-05,0.000000000000000000e+00,4.806290235137566924e-05,1.703105681372107938e-06,6.397330221119545968e-09
8.403605897910892963e-05,5.127013719175010920e-05,2.965958847198635340e-04,3.788823921269113271e-09,5.407843855209648609e-05,8.029076707316562533e-05,0.000000000000000000e+00,3.106330404989421368e-05,1.703105681372107938e-06,4.662418007228552597e-09
7.000344339758157730e-05,4.086221088073216379e-05,2.561798901297152042e-04,3.019686722893766273e-09,4.790563980350270867e-05,6.678979116259142756e-05,0.000000000000000000e+00,3.523241684888489544e-05,1.703105681372107938e-06,5.407389203071488737e-09
6.030790609656833112e-05,3.365086377016268671e-05,2.452138287480920553e-04,2.486773453824753233e-09,4.365400309325195849e-05,7.004193321336060762e-05,0.000000000000000000e+00,2.135658178303856403e-05,1.703105681372107938e-06,3.987806529437420977e-09
5.100333146401681006e-05,2.654173113114666194e-05,2.165792975574731827e-04,1.961414142215289758e-09,3.847462721751071513e-05,5.809840149595402181e-05,0.000000000000000000e+00,2.803670577122829854e-05,1.703105681372107938e-06,4.844554091221198178e-09
4.665887536248192191e-05,2.368150489928666502e-05,2.129082276951521635e-04,1.750045219850449030e-09,3.651286897365935147e-05,6.320242391666397452e-05,0.000000000000000000e+00,1.686544965195935220e-05,1.703105681372107938e-06,3.676392301699138443e-09
4.429462933330796659e-05,2.177030728489626199e-05,2.015583013417199254e-04,1.608809085951179441e-09,3.464434121269732714e-05,5.459468229673802853e-05,0.000000000000000000e+00,2.368490095250308514e-05,1.703105681372107938e-06,4.501972572512613624e-09
4.587320290738716722e-05,2.340521314181387424e-05,2.079469995805993676e-04,1.729627552293777626e-09,3.631131039583124220e-05,6.307415605988353491e-05,0.000000000000000000e+00,1.673286533332429826e-05,1.703105681372107938e-06,3.664599734776174955e-09
4.859805630985647440e-05,2.512375976948533207e-05,2.080159028992056847e-04,1.856626630214464058e-09,3.737756560440175235e-05,5.713585051125846803e-05,0.000000000000000000e+00,2.672706432349514216e-05,1.703105681372107938e-06,4.732203073842811136e-09
5.401123416959308088e-05,2.996210241690278053e-05,2.209051017416641116e-04,2.214176841874859747e-09,4.096019620192237198e-05,6.761583790648728609e-05,0.000000000000000000e+00,1.958619577635545284e-05,1.703105681372107938e-06,3.854391472657425766e-09
5.782397056464105844e-05,3.241109880036674440e-05,2.238072484033182263e-04,2.395155851431240990e-09,4.212343992548994720e-05,6.148785178083926439e-05,0.000000000000000000e+00,3.032145832548849285e-05,1.703105681372107938e-06,5.013958137567442463e-09
6.324316200334578753e-05,3.688357901410199702e-05,2.389607252553105354e-04,2.725668801772940242e-09,4.561420064419507980e-05,7.222087151603773236e-05,0.000000000000000000e+00,2.463510827510617673e-05,1.703105681372107938e-06,4.203324355245285915e-09
6.668754213023930788e-05,3.879007272189483047e-05,2.422927500447258353e-04,2.866556991776292307e-09,4.639722465071827173e-05,6.531731924042105675e-05,0.000000000000000000e+00,3.668196586659178138e-05,1.703105681372107938e-06,5.503234312698168651e-09
7.428788376273587346e-05,4.500148497754707932e-05,2.634465054143220186e-04,3.325575814727699253e-09,5.041979966335929930e-05,7.702631410211324692e-05,0.000000000000000000e+00,2.941748425655532628e-05,1.703105681372107938e-06,4.533939446105250681e-09
8.124775195028632879e-05,4.935784818371757865e-05,2.731797285377979279e-04,3.647507407222860820e-09,5.231485920376144350e-05,7.055615424178540707e-05,0.000000000000000000e+00,4.571930912788957357e-05,1.703105681372107938e-06,6.201580582398946717e-09
9.455949475523084402e-05,5.952075298409909010e-05,3.094454586971551180e-04,4.398538422378805990e-09,5.816418706672266126e-05,8.476393122691661119e-05,0.000000000000000000e+00,4.094197356607764959e-05,1.703105681372107938e-06,5.344097608883657813e-09
1.055623870342969894e-04,6.700670928694307804e-05,3.251814341638237238e-04,4.951745680159547192e-09,6.111289985710754991e-05,7.852536509744822979e-05,0.000000000000000000e+00,6.037527782609686255e-05,1.703105681372107938e-06,7.323188722097029313e-09
1.259761920664459467e-04,8.236352005042135715e-05,3.818888508249074221e-04,6.086601889165876855e-09,6.826452590757980943e-05,9.479842265136539936e-05,0.000000000000000000e+00,5.423785478342324495e-05,1.703105681372107938e-06,6.280073794329155135e-09
1.427717797923833132e-04,9.469556971453130245e-05,4.006557282991707325e-04,6.997930679375485852e-09,7.260942220455035567e-05,8.908412564778700471e-05,0.000000000000000000e+00,8.010643068701028824e-05,1.703105681372107938e-06,8.829551312317107659e-09
1.738842693157494068e-04,1.170401737908832729e-04,4.916732432320713997e-04,8.649180038844406226e-09,8.154964598361402750e-05,1.079772628145292401e-04,0.000000000000000000e+00,7.676774112042039633e-05,1.703105681372107938e-06,7.886701069992341218e-09
1.960039371624588966e-04,1.344474585494026542e-04,5.084315780550241470e-04,9.935566147589725006e-09,8.663422340760007501e-05,1.021289572236128151e-04,0.000000000000000000e+00,1.071332953870296478e-04,1.703105681372107938e-06,1.088504664181755288e-08
2.417723590042442083e-04,1.665581803536042571e-04,6.456553237512707710e-04,1.230852486600042539e-08,9.720115485833957791e-05,1.235446106875315309e-04,0.000000000000000000e+00,1.064866082742810249e-04,1.703105681372107938e-06,1.001678917589288176e-08
2.705858787521719933e-04,1.906627003336325288e-04,6.531987455673515797e-04,1.408982885919840555e-08,1.032420113915577531e-04,1.176605292130261660e-04,0.000000000000000000e+00,1.460331259295344353e-04,1.703105681372107938e-06,1.383197467674790460e-08
3.389125631656497717e-04,2.369441353948786855e-04,8.681355975568294525e-04,1.750999345517811889e-08,1.159358434961177409e-04,1.422395434929057956e-04,0.000000000000000000e+00,1.515485928393900394e-04,1.703105681372107938e-06,1.326325360651026131e-08
3.775161458179354668e-04,2.711882407311350107e-04,8.588586933910846710e-04,2.004060561944243091e-08,1.231586938956752419e-04,1.363688934361562133e-04,0.000000000000000000e+00,2.044202119577676058e-04,1.703105681372107938e-06,1.823346806872905290e-08
4.742893797811120749e-04,3.339938411954790354e-04,1.183110522106289864e-03,2.468189030935263872e-08,1.378212182316929102e-04,1.640684640733525157e-04,0.000000000000000000e+00,2.198447764385491610e-04,1.703105681372107938e-06,1.821073070118472970e-08
5.085903685539960861e-04,3.704171103890985250e-04,1.108762109652161598e-03,2.737354343196329864e-08,1.439287007087841630e-04,1.560062810312956572e-04,0.000000000000000000e+00,2.729701227508485317e-04,1.703105681372107938e-06,2.339320026578661782e-08
6.224830285646021366e-04,4.409754474181681871e-04,1.529927365481853485e-03,3.258774938785791164e-08,1.581569085828959942e-04,1.843966456362977624e-04,0.000000000000000000e+00,2.851482713595032692e-04,1.703105681372107938e-06,2.295040957278615679e-08
6.301137036643922329e-04,4.630453186109662056e-04,1.328241429291665554e-03,3.421870076181221521e-08,1.609280734555795789e-04,1.721812441246584058e-04,0.000000000000000000e+00,3.424420719966292381e-04,1.703105681372107938e-06,2.860731029841190320e-08
7.392258266918361187e-04,5.224777269177138805e-04,1.818077522329986095e-03,3.861071107280622527e-08,1.723747700452804565e-04,1.985874405363574624e-04,0.000000000000000000e+00,3.494038828648626804e-04,1.703105681372107938e-06,2.763284001616739260e-08
7.016283925622701645e-04,5.188690265640616417e-04,1.449018600396811962e-03,3.834402662050706567e-08,1.702238951111212373e-04,1.810768007999286056e-04,0.000000000000000000e+00,3.785751760005950928e-04,1.703105681372107938e-06,3.132241843673000403e-08
7.701995782554149628e-04,5.435691564343869686e-04,1.906785299070179462e-03,4.016935051254222344e-08,1.755682460498064756e-04,2.017892547883093357e-04,0.000000000000000000e+00,3.595191519707441330e-04,1.703105681372107938e-06,2.837303192393392237e-08
6.706444546580314636e-04,4.968795692548155785e-04,1.372774713672697544e-03,3.671902248925107415e-08,1.665049057919532061e-04,1.776270946720615029e-04,0.000000000000000000e+00,3.648738493211567402e-04,1.703105681372107938e-06,3.030936923664739879e-08
6.682897801510989666e-04,4.688806366175413132e-04,1.680361106991767883e-03,3.464992204271766241e-08,1.630402693990617990e-04,1.892877917271107435e-04,0.000000000000000000e+00,3.137307649012655020e-04,1.703105681372107938e-06,2.505707641375920502e-08
5.327549297362565994e-04,3.922049945686012506e-04,1.117843086831271648e-03,2.898365103476407967e-08,1.480036444263532758e-04,1.600787072675302625e-04,0.000000000000000000e+00,2.876566140912473202e-04,1.703105681372107938e-06,2.453726111184550973e-08
4.738684219773858786e-04,3.303099365439265966e-04,1.219050493091344833e-03,2.440965474193035334e-08,1.366735959891229868e-04,1.629555627005174756e-04,0.000000000000000000e+00,2.165343321394175291e-04,1.703105681372107938e-06,1.801818783064845775e-08
3.494400880299508572e-04,2.522091381251811981e-04,7.819513557478785515e-04,1.863806353696872975e-08,1.187954039778560400e-04,1.324316253885626793e-04,0.000000000000000000e+00,1.903582742670550942e-04,1.703105681372107938e-06,1.723826592581190198e-08
2.798621426336467266e-04,1.915521279443055391e-04,7.571920868940651417e-04,1.415555850314831332e-08,1.041608775267377496e-04,1.304964243900030851e-04,0.000000000000000000e+00,1.259082491742447019e-04,1.703105681372107938e-06,1.148594286348725291e-08
1.977560459636151791e-04,1.364445924991741776e-04,5.062359268777072430e-04,1.008315209105603572e-08,8.740495832171291113e-05,1.029616178129799664e-04,0.000000000000000000e+00,1.068785204552114010e-04,1.703105681372107938e-06,1.093988188927141891e-08
1.527502172393724322e-04,1.013061919366009533e-04,4.506381228566169739e-04,7.486450570581837383e-09,7.536530756624415517e-05,1.017716858768835664e-04,0.000000000000000000e+00,6.380214472301304340e-05,1.703105681372107938e-06,7.029584470075178615e-09
1.108176875277422369e-04,7.095620094332844019e-05,3.403050941415131092e-04,5.243609546567995494e-09,6.296757783275097609e-05,8.027830335777252913e-05,0.000000000000000000e+00,5.830974987475201488e-05,1.703105681372107938e-06,7.234277177303738426e-09
8.714494470041245222e-05,5.374204556574113667e-05,3.012374218087643385e-04,3.971496465027257727e-09,5.502111889654770494e-05,8.141571743180975318e-05,0.000000000000000000e+00,3.279160591773688793e-05,1.703105681372107938e-06,4.822188870434729324e-09
6.845542520750313997e-05,3.934159394702874124e-05,2.563458692748099566e-04,2.907314167188701504e-09,4.680216443375684321e-05,6.558350287377834320e-05,0.000000000000000000e+00,3.479245788184925914e-05,1.703105681372107938e-06,5.405761172028178407e-09
5.918563692830502987e-05,3.333131098770536482e-05,2.381477825110778213e-04,2.463158566001766303e-09,4.353530675871297717e-05,6.979115278227254748e-05,0.000000000000000000e+00,2.039547325694002211e-05,1.703105681372107938e-06,3.945769044833014050e-09
5.103972944198176265e-05,2.665881584107410163e-05,2.199330774601548910e-04,1.970066110246193603e-09,3.866974293487146497e-05,5.853101902175694704e-05,0.000000000000000000e+00,2.387605491094291210e-05,1.703105681372107938e-06,4.541104381416971592e-09
4.648078538593836129e-05,2.429256710456684232e-05,2.082984428852796555e-04,1.795202209109447722e-09,3.723668487509712577e-05,6.330446194624528289e-05,0.000000000000000000e+00,1.358374174742493778e-05,1.703105681372107938e-06,3.473683563015583786e-09
4.271669968147762120e-05,2.053671778412535787e-05,2.027640002779662609e-04,1.517648007265393062e-09,3.406825999263674021e-05,5.468303425004705787e-05,0.000000000000000000e+00,1.903582233353517950e-05,1.703105681372107938e-06,4.150820132053922862e-09
4.148257721681147814e-05,2.092676368192769587e-05,1.939792418852448463e-04,1.546471950497618764e-09,3.478286816971376538e-05,6.068267975933849812e-05,0.000000000000000000e+00,1.157887345470953733e-05,1.703105681372107938e-06,3.345431043300095553e-09
4.059439379489049315e-05,1.909829370561055839e-05,1.985033304663375020e-04,1.411349370705750061e-09,3.265955092501826584e-05,5.364121898310258985e-05,0.000000000000000000e+00,1.645766678848303854e-05,1.703105681372107938e-06,3.948776861051328524e-09
4.155320129939354956e-05,2.124880847986787558e-05,1.923032250488176942e-04,1.570270913298088544e-09,3.494341945042833686e-05,6.071858661016449332e-05,0.000000000000000000e+00,1.074068859452381730e-05,1.703105681372107938e-06,3.291235728397623461e-09
4.287191404728218913e-05,2.075587326544336975e-05,2.027004811679944396e-04,1.533843385637112533e-09,3.429895878070965409e-05,5.511677954928018153e-05,0.000000000000000000e+00,1.845990482252091169e-05,1.703105681372107938e-06,4.099290240588970846e-09
4.669129702961072326e-05,2.502635106793604791e-05,2.037534432020038366e-04,1.849428388212004393e-09,3.803067738772369921e-05,6.384426524164155126e-05,0.000000000000000000e+00,1.289600095333298668e-05,1.703105681372107938e-06,3.426444239451598150e-09
5.075891021988354623e-05,2.691518238862045109e-05,2.163090102840214968e-04,1.989011622072212049e-09,3.885744445142336190e-05,5.907520608161576092e-05,0.000000000000000000e+00,2.212824620073661208e-05,1.703105681372107938e-06,4.381126572639004735e-09
5.817875717184506357e-05,3.324530916870571673e-05,2.309428527951240540e-04,2.456803205319602057e-09,4.383627310744486749e-05,6.982108607189729810e-05,0.000000000000000000e+00,1.839162905525881797e-05,1.703105681372107938e-06,3.787621771778049151e-09
6.536315049743279815e-05,3.767462112591601908e-05,2.448137674946337938e-04,2.784126262866948309e-09,4.620006075128912926e-05,6.550201942445710301e-05,0.000000000000000000e+00,3.207156623830087483e-05,1.703105681372107938e-06,5.147432702301557583e-09
7.776933489367365837e-05,4.728597195935435593e-05,2.774020540527999401e-04,3.494397438075225182e-09,5.205264096730388701e-05,7.815061690052971244e-05,0.000000000000000000e+00,2.743159348028711975e-05,1.703105681372107938e-06,4.401942366172306720e-09
9.094724373426288366e-05,5.683591734850779176e-05,2.939069527201354504e-04,4.200131353826463965e-09,5.627374412142671645e-05,7.444645598297938704e-05,0.000000000000000000e+00,4.720625292975455523e-05,1.703105681372107938e-06,6.315625356023701897e-09
1.141760658356361091e-04,7.385217031696811318e-05,3.576633753255009651e-04,5.457619689508419469e-09,6.479243893409147859e-05,9.110297833103686571e-05,0.000000000000000000e+00,4.557560168905183673e-05,1.703105681372107938e-06,5.670768743470944173e-09
1.379092573188245296e-04,9.147307719103991985e-05,3.900469164364039898e-04,6.759791393307068574e-09,7.152316538849845529e-05,8.822786912787705660e-05,0.000000000000000000e+00,7.431485573761165142e-05,1.703105681372107938e-06,8.388951755478046834e-09
1.810859539546072483e-04,1.224753359565511346e-04,5.074091022834181786e-04,9.050834748336455959e-09,8.335067832376807928e-05,1.096965861506760120e-04,0.000000000000000000e+00,7.869711407693102956e-05,1.703105681372107938e-06,8.028667508597209235e-09
2.199461305281147361e-04,1.525186089565977454e-04,5.528055480681359768e-04,1.127100990316876050e-08,9.227066038874909282e-05,1.073732710210606456e-04,0.000000000000000000e+00,1.214696094393730164e-04,1.703105681372107938e-06,1.196952759130454069e-08
2.921033301390707493e-04,2.032298507401719689e-04,7.570117013528943062e-04,1.501853397201102780e-08,1.073451348929665983e-04,1.337051216978579760e-04,0.000000000000000000e+00,1.317229471169412136e-04,1.703105681372107938e-06,1.183018127903778804e-08
3.469512448646128178e-04,2.480275579728186131e-04,7.997750071808695793e-04,1.832905027754350158e-08,1.177045196527615190e-04,1.311397354584187269e-04,0.000000000000000000e+00,1.894619199447333813e-04,1.703105681372107938e-06,1.710201402715938457e-08
4.557763168122619390e-04,3.209653659723699093e-04,1.133414916694164276e-03,2.371909779697034537e-08,1.349019439658150077e-04,1.612190681044012308e-04,0.000000000000000000e+00,2.146944752894341946e-04,1.703105681372107938e-06,1.782343694856081129e-08
5.021997494623064995e-04,3.656608751043677330e-04,1.090873265638947487e-03,2.702206103322168929e-08,1.428011455573141575e-04,1.548676518723368645e-04,0.000000000000000000e+00,2.745153324212878942e-04,1.703105681372107938e-06,2.349532124412689882e-08
6.203950615599751472e-04,4.386495565995573997e-04,1.524583669379353523e-03,3.241586910007754341e-08,1.577746588736772537e-04,1.840746263042092323e-04,0.000000000000000000e+00,2.928712056018412113e-04,1.703105681372107938e-06,2.349405292534356704e-08
6.297505460679531097e-04,4.634327488020062447e-04,1.316765090450644493e-03,3.424732852863598964e-08,1.606690202606841922e-04,1.718737621558830142e-04,0.000000000000000000e+00,3.464131150394678116e-04,1.703105681372107938e-06,2.889276373707616585e-08
7.335125701501965523e-04,5.190597730688750744e-04,1.793289557099342346e-03,3.835812734109822486e-08,1.714388927211984992e-04,1.977311476366594434e-04,0.000000000000000000e+00,3.512385010253638029e-04,1.703105681372107938e-06,2.774897289725686278e-08
6.870256038382649422e-04,5.076220841147005558e-04,1.413959194906055927e-03,3.751289057163376128e-08,1.682262372924014926e-04,1.790979295037686825e-04,0.000000000000000000e+00,3.800760023295879364e-04,1.703105681372107938e-06,3.143022908602688403e-08
7.408017409034073353e-04,5.231835530139505863e-04,1.818848890252411366e-03,3.866286846232469543e-08,1.721819426165893674e-04,1.984851405723020434e-04,0.000000000000000000e+00,3.573326976038515568e-04,1.703105681372107938e-06,2.820823929994276114e-08
6.366260931827127934e-04,4.703235754277557135e-04,1.305977464653551579e-03,3.475655674378685944e-08,1.618193928152322769e-04,1.730799995129927993e-04,0.000000000000000000e+00,3.570473927538841963e-04,1.703105681372107938e-06,2.971976087451366766e-08
6.230313447304069996e-04,4.375073185656219721e-04,1.554607180878520012e-03,3.233146017578292231e-08,1.574602938489988446e-04,1.838026946643367410e-04,0.000000000000000000e+00,3.006332844961434603e-04,1.703105681372107938e-06,2.410193644664104795e-08
4.914152668789029121e-04,3.604830708354711533e-04,1.033231499604880810e-03,2.663942488823067833e-08,1.419523468939587474e-04,1.542875106679275632e-04,0.000000000000000000e+00,2.760904899332672358e-04,1.703105681372107938e-06,2.366233431416731037e-08
4.238475230522453785e-04,2.949936606455594301e-04,1.086624222807586193e-03,2.179980640448775375e-08,1.291165390284731984e-04,1.555179769638925791e-04,0.000000000000000000e+00,2.019141684286296368e-04,1.703105681372107938e-06,1.695022078251895437e-08
2.989764325320720673e-04,2.143439196515828371e-04,6.777525413781404495e-04,1.583985209663296700e-08,1.094522085622884333e-04,1.236426032846793532e-04,0.000000000000000000e+00,1.685725001152604818e-04,1.703105681372107938e-06,1.558852602556726197e-08
2.170974767068400979e-04,1.470615097787231207e-04,5.998590495437383652e-04,1.086773337988233834e-08,9.120661707129329443e-05,1.176932273665443063e-04,0.000000000000000000e+00,1.005005760816857219e-04,1.703105681372107938e-06,9.645734877494760440e-09
1.299793948419392109e-04,8.645499474368989468e-05,3.631291619967669249e-04,6.388958251335452587e-09,6.953156116651371121e-05,8.644389163237065077e-05,0.000000000000000000e+00,7.211480988189578056e-05,1.703105681372107938e-06,8.287800667972078372e-09
7.410001126118004322e-05,4.444061414687894285e-05,2.684423525352030993e-04,3.284127858549368284e-09,4.970681038685142994e-05,7.633522182004526258e-05,0.000000000000000000e+00,2.815159314195625484e-05,1.703105681372107938e-06,4.501071515505827847e-09
3.807642133324407041e-05,1.758711186994332820e-05,1.867195096565410495e-04,1.299674257104754815e-09,3.121665940852835774e-05,5.167076596990227699e-05,0.000000000000000000e+00,1.817357588151935488e-05,1.703105681372107938e-06,4.116741614268448757e-09
2.182457319577224553e-05,5.890595275559462607e-06,1.544535771245136857e-04,4.353105376164734253e-10,1.730489384499378502e-05,4.445244485395960510e-05,0.000000000000000000e+00,4.886212991550564766e-06,1.703105681372107938e-06,2.936556331434303502e-09
1.827165942813735455e-05,3.085827074755798094e-06,1.478887861594557762e-04,2.280402949805804269e-10,1.252843321708496660e-05,3.860227297991514206e-05,0.000000000000000000e+00,3.969552835769718513e-06,1.703105681372107938e-06,2.907727392198466987e-09
2.450994907121639699e-05,7.248345355037599802e-06,1.633676001802086830e-04,5.356472487783037195e-10,2.016691723838448524e-05,4.257567343302071095e-05,0.000000000000000000e+00,9.248426067642867565e-06,1.703105681372107938e-06,3.373179291443761940e-09
3.991535777458921075e-05,1.934685315063688904e-05,1.936865883180871606e-04,1.429717788603568351e-09,3.313794150017201900e-05,5.941673589404672384e-05,0.000000000000000000e+00,1.199844700749963522e-05,1.703105681372107938e-06,3.364768019764596829e-09
6.297678919509053230e-05,3.498831574688665569e-05,2.470961771905422211e-04,2.585609948368983169e-09,4.429960608831606805e-05,6.326816946966573596e-05,0.000000000000000000e+00,3.278856456745415926e-05,1.703105681372107938e-06,5.225612387249611857e-09
9.402567229699343443e-05,5.941826020716689527e-05,3.084616910200566053e-04,4.390964036815603322e-09,5.829982910654507577e-05,8.471638284390792251e-05,0.000000000000000000e+00,3.761244443012401462e-05,1.703105681372107938e-06,5.132946512276248541e-09
1.224826992256566882e-04,7.855283911339938641e-05,3.724811249412596226e-04,5.804995151237335449e-09,6.609196861973032355e-05,8.300082845380529761e-05,0.000000000000000000e+00,6.681743252556771040e-05,1.703105681372107938e-06,7.841059357360791182e-09
1.616365480003878474e-04,1.094257895601913333e-04,4.525870026554912329e-04,8.086483482827588887e-09,7.891216955613344908e-05,1.052973384503275156e-04,0.000000000000000000e+00,6.952055264264345169e-05,1.703105681372107938e-06,7.397690460209105368e-09
1.908210688270628452e-04,1.289043284486979246e-04,5.140964058227837086e-04,9.525932931353509048e-09,8.493159839417785406e-05,1.003666402539238334e-04,0.000000000000000000e+00,1.050709834089502692e-04,1.703105681372107938e-06,1.074984012916502252e-08
2.337634796276688576e-04,1.620250259293243289e-04,6.117645534686744213e-04,1.197352617055003066e-08,9.606240928405895829e-05,1.224076841026544571e-04,0.000000000000000000e+00,1.056199762388132513e-04,1.703105681372107938e-06,9.983677884406461089e-09
2.453074557706713676e-04,1.703547895886003971e-04,6.162701174616813660e-04,1.258908977064265855e-08,9.750274330144748092e-05,1.121645400417037308e-04,0.000000000000000000e+00,1.332566898781806231e-04,1.703105681372107938e-06,1.288465867332888593e-08
2.742284268606454134e-04,1.910286664497107267e-04,7.124427938833832741e-04,1.411687211572143497e-08,1.042812509695068002e-04,1.305487821809947491e-04,0.000000000000000000e+00,1.195548684336245060e-04,1.703105681372107938e-06,1.097623769652500414e-08
2.689571119844913483e-04,1.894526503747329116e-04,6.525237113237380981e-04,1.400040883225983634e-08,1.030643543344922364e-04,1.175530051114037633e-04,0.000000000000000000e+00,1.425208756700158119e-04,1.703105681372107938e-06,1.357838197435512484e-08
2.855372149497270584e-04,1.984881819225847721e-04,7.489944109693169594e-04,1.466812538097883589e-08,1.064646712620742619e-04,1.325782359344884753e-04,0.000000000000000000e+00,1.214961230289191008e-04,1.703105681372107938e-06,1.111376857210188973e-08
2.649824891705065966e-04,1.886457903310656548e-04,6.311727920547127724e-04,1.394078097405326844e-08,1.029934137477539480e-04,1.177943486254662275e-04,0.000000000000000000e+00,1.321942545473575592e-04,1.703105681372107938e-06,1.279795291964092030e-08
2.686127845663577318e-04,1.869140978669747710e-04,7.137816282920539379e-04,1.381280956280761529e-08,1.035666064126417041e-04,1.295048277825117111e-04,0.000000000000000000e+00,1.032054060488007963e-04,1.703105681372107938e-06,9.795780187005220796e-09
2.428424049867317080e-04,1.735279656713828444e-04,5.812834133394062519e-04,1.282358486065504621e-08,9.918960859067738056e-05,1.145794158219359815e-04,0.000000000000000000e+00,1.118610380217432976e-04,1.703105681372107938e-06,1.125902393539490731e-08
2.432260371278971434e-04,1.698500709608197212e-04,6.496091955341398716e-04,1.255179160608577149e-08,9.901585872285068035e-05,1.247297914233058691e-04,0.000000000000000000e+00,8.415050251642242074e-05,1.703105681372107938e-06,8.433969966858967382e-09
2.216835564468055964e-04,1.597363152541220188e-04,5.295069422572851181e-04,1.180439213044337521e-08,9.532321564620360732e-05,1.114565020543523133e-04,0.000000000000000000e+00,8.996549877338111401e-05,1.703105681372107938e-06,9.597640016067998658e-09
2.231769904028624296e-04,1.575738860992714763e-04,5.911437328904867172e-04,1.164459018099250898e-08,9.528743248665705323e-05,1.207404493470676243e-04,0.000000000000000000e+00,6.488721555797383189e-05,1.703105681372107938e-06,7.057156636847139453e-09
2.056232333416119218e-04,1.495017495471984148e-04,4.906643880531191826e-04,1.104806646168299267e-08,9.200738713843747973e-05,1.089029174181632698e-04,0.000000000000000000e+00,7.055043533910065889e-05,1.703105681372107938e-06,8.119679151263881067e-09
2.059572434518486261e-04,1.470941642764955759e-04,5.393796018324792385e-04,1.087014833700550298e-08,9.169016993837431073e-05,1.169130700873211026e-04,0.000000000000000000e+00,4.925126631860621274e-05,1.703105681372107938e-06,5.942768055433589325e-09
1.881621865322813392e-04,1.379740278935059905e-04,4.467836697585880756e-04,1.019617545949813575e-08,8.788749983068555593e-05,1.055555112543515861e-04,0.000000000000000000e+00,5.509790207725018263e-05,1.703105681372107938e-06,6.931120566378012882e-09
1.829549728427082300e-04,1.311965752393007278e-04,4.803436168003827333e-04,9.695326319558716932e-09,8.617059938842430711e-05,1.112071913667023182e-04,0.000000000000000000e+00,3.724031557794660330e-05,1.703105681372107938e-06,5.091351784614062126e-09
1.631007471587508917e-04,1.191459305118769407e-04,3.969392564613372087e-04,8.804793338867966668e-09,8.118853293126448989e-05,9.957788279280066490e-05,0.000000000000000000e+00,4.260886635165661573e-05,1.703105681372107938e-06,5.968769034581100641e-09
1.538059732411056757e-04,1.092860184144228697e-04,4.164984857197850943e-04,8.076153967806476430e-09,7.847923552617430687e-05,1.034784800140187144e-04,0.000000000000000000e+00,2.870109165087342262e-05,1.703105681372107938e-06,4.492636485053935758e-09
1.362105394946411252e-04,9.716138447402045131e-05,3.528306260704994202e-04,7.180152472585632495e-09,7.344321056734770536e-05,9.229642455466091633e-05,0.000000000000000000e+00,3.766095323953777552e-05,1.703105681372107938e-06,5.583992823687822238e-09
1.281514996662735939e-04,8.893490303307771683e-05,3.657678607851266861e-04,6.572221877831907477e-09,7.109687430784106255e-05,9.624959784559905529e-05,0.000000000000000000e+00,2.639807644300162792e-05,1.703105681372107938e-06,4.337477488292051930e-09
1.139534069807268679e-04,7.779350562486797571e-05,3.242089587729424238e-04,5.748880926859101237e-09,6.614311860175803304e-05,8.498141687596216798e-05,0.000000000000000000e+00,3.739006933756172657e-05,1.703105681372107938e-06,5.566790139965860362e-09
1.075527470675297081e-04,7.169126183725893497e-05,3.296413342468440533e-04,5.297930538716855153e-09,6.433637463487684727e-05,8.987593901110813022e-05,0.000000000000000000e+00,2.897351987485308200e-05,1.703105681372107938e-06,4.518240892537050968e-09
9.822792344493791461e-05,6.326575385173782706e-05,3.063439799007028341e-04,4.675291265243686212e-09,5.989752389723435044e-05,7.834286225261166692e-05,0.000000000000000000e+00,4.327775241108611226e-05,1.703105681372107938e-06,6.019210019303500303e-09
9.823409345699474216e-05,6.310084427241235971e-05,3.164710069540888071e-04,4.663104569146980793e-09,6.009456410538405180e-05,8.615900878794491291e-05,0.000000000000000000e+00,3.486152854748070240e-05,1.703105681372107938e-06,4.923215612961939769e-09
9.693796164356172085e-05,6.077753641875460744e-05,3.099633904639631510e-04,4.491413907459218535e-09,5.831936505273915827e-05,7.617953815497457981e-05,0.000000000000000000e+00,5.164080357644706964e-05,1.703105681372107938e-06,6.657661533182590574e-09
1.054124732036143541e-04,6.737479998264461756e-05,3.351550840307027102e-04,4.978946144262863527e-09,6.197988113854080439e-05,8.847807475831359625e-05,0.000000000000000000e+00,4.522164817899465561e-05,1.703105681372107938e-06,5.648681078440631609e-09
1.114486076403409243e-04,7.153853948693722486e-05,3.353116044308990240e-04,5.286644011448515812e-09,6.312088953563943505e-05,8.036618237383663654e-05,0.000000000000000000e+00,6.378904799930751324e-05,1.703105681372107938e-06,7.582495520352949825e-09
1.267084589926525950e-04,8.341147622559219599e-05,3.766475419979542494e-04,6.164045274203999725e-09,6.871765071991831064e-05,9.530381794320419431e-05,0.000000000000000000e+00,5.632227112073451281e-05,1.703105681372107938e-06,6.429341947722377881e-09
1.370856043649837375e-04,9.118866000790148973e-05,3.805100277531892061e-04,6.738773095094074961e-09,7.125323463696986437e-05,8.787190745351836085e-05,0.000000000000000000e+00,7.845939398976042867e-05,1.703105681372107938e-06,8.703946008381535648e-09
1.602190168341621757e-04,1.082974849850870669e-04,4.454771697055548429e-04,8.003103069142980530e-09,7.840827311156317592e-05,1.049238126142881811e-04,0.000000000000000000e+00,7.373825064860284328e-05,1.703105681372107938e-06,7.675036606258345273e-09
1.740117731969803572e-04,1.191899937111884356e-04,4.486204707063734531e-04,8.808049400954587327e-09,8.153602539096027613e-05,9.740001405589282513e-05,0.000000000000000000e+00,9.959745511878281832e-05,1.703105681372107938e-06,1.031535568074559706e-08
2.036392688751220703e-04,1.405761868227273226e-04,5.370672442950308323e-04,1.038847319279057047e-08,8.914504724089056253e-05,1.156338985310867429e-04,0.000000000000000000e+00,9.356358350487425923e-05,1.703105681372107938e-06,9.093428232631595165e-09
2.160239382646977901e-04,1.509879803052172065e-04,5.272717680782079697e-04,1.115789594052785105e-08,9.168362157652154565e-05,1.068575729732401669e-04,0.000000000000000000e+00,1.230878697242587805e-04,1.703105681372107938e-06,1.209698474724518746e-08
2.470570616424083710e-04,1.715797552606090903e-04,6.382249412126839161e-04,1.267961469153533471e-08,9.859314741333946586e-05,1.250585191883146763e-04,0.000000000000000000e+00,1.165480061899870634e-04,1.703105681372107938e-06,1.074482902652107441e-08
2.536688989493995905e-04,1.790958194760605693e-04,6.007020710967481136e-04,1.323504594807900503e-08,9.994216088671237230e-05,1.145521600847132504e-04,0.000000000000000000e+00,1.450288546038791537e-04,1.703105681372107938e-06,1.375771496725519683e-08
2.888409362640231848e-04,2.010067692026495934e-04,7.420273032039403915e-04,1.485424760971909564e-08,1.067277553374879062e-04,1.331749954260885715e-04,0.000000000000000000e+00,1.363143674097955227e-04,1.703105681372107938e-06,1.216562672823329194e-08
2.975995303131639957e-04,2.118858246831223369e-04,6.890309159643948078e-04,1.565820184623589739e-08,1.087126511265523732e-04,1.227063621627166867e-04,0.000000000000000000e+00,1.681059366092085838e-04,1.703105681372107938e-06,1.550162664898380172e-08
3.441156295593827963e-04,2.403672697255387902e-04,8.758097537793219090e-04,1.776295910360659036e-08,1.167268346762284636e-04,1.431255222996696830e-04,0.000000000000000000e+00,1.616737135918810964e-04,1.703105681372107938e-06,1.399769633536607216e-08
3.520281461533159018e-04,2.526064636185765266e-04,7.979040965437889099e-04,1.866742671552401589e-08,1.187152811326086521e-04,1.321018353337422013e-04,0.000000000000000000e+00,1.963126560440286994e-04,1.703105681372107938e-06,1.762866297383425263e-08
4.020796041004359722e-04,2.821493544615805149e-04,1.011733547784388065e-03,2.085062433820894512e-08,1.264405291294679046e-04,1.527753483969718218e-04,0.000000000000000000e+00,1.875689486041665077e-04,1.703105681372107938e-06,1.587716802475824807e-08
3.984372597187757492e-04,2.879961684811860323e-04,8.895813371054828167e-04,2.128269471768362564e-08,1.267469633603468537e-04,1.397343585267663002e-04,0.000000000000000000e+00,2.148297353414818645e-04,1.703105681372107938e-06,1.902879986914740584e-08
4.494572640396654606e-04,3.166632086504250765e-04,1.124132773838937283e-03,2.340117255528184614e-08,1.339131995337083936e-04,1.601778349140658975e-04,0.000000000000000000e+00,2.038077509496361017e-04,1.703105681372107938e-06,1.705603835944202729e-08
4.402518970891833305e-04,3.198941703885793686e-04,9.689313592389225960e-04,2.363993623077931261e-08,1.337492722086608410e-04,1.464356755604967475e-04,0.000000000000000000e+00,2.346459659747779369e-04,1.703105681372107938e-06,2.052411218755878508e-08
4.957744386047124863e-04,3.498631413094699383e-04,1.236711861565709114e-03,2.585462155479945068e-08,1.408942043781280518e-04,1.670795172685757279e-04,0.000000000000000000e+00,2.224007621407508850e-04,1.703105681372107938e-06,1.841198304930458107e-08
4.745800979435443878e-04,3.466489433776587248e-04,1.032351050525903702e-03,2.561709422366220679e-08,1.392679550917819142e-04,1.517340278951451182e-04,0.000000000000000000e+00,2.469605824444442987e-04,1.703105681372107938e-06,2.145853628121585643e-08
5.149467615410685539e-04,3.635561151895672083e-04,1.285663456656038761e-03,2.686652145200696395e-08,1.436464081052690744e-04,1.698069245321676135e-04,0.000000000000000000e+00,2.282428467879071832e-04,1.703105681372107938e-06,1.883933364865697513e-08
4.687290638685226440e-04,3.425530449021607637e-04,1.016104477457702160e-03,2.531441012365576171e-08,1.384653442073613405e-04,1.510162983322516084e-04,0.000000000000000000e+00,2.456556539982557297e-04,1.703105681372107938e-06,2.136542676112185291e-08
4.855546285398304462e-04,3.415324899833649397e-04,1.224303967319428921e-03,2.523899134132534527e-08,1.391966943629086018e-04,1.653934450587257743e-04,0.000000000000000000e+00,2.159171999664977193e-04,1.703105681372107938e-06,1.795343784749547922e-08
4.248108016327023506e-04,3.091107937507331371e-04,9.305378771387040615e-04,2.284305367084016325e-08,1.314055261900648475e-04,1.443098590243607759e-04,0.000000000000000000e+00,2.264619979541748762e-04,1.703105681372107938e-06,1.993026543800624495e-08
4.167694714851677418e-04,2.917140373028814793e-04,1.061499700881540775e-03,2.155744383003366238e-08,1.284777390537783504e-04,1.547671563457697630e-04,0.000000000000000000e+00,1.890546700451523066e-04,1.703105681372107938e-06,1.601477883639290667e-08
3.459677682258188725e-04,2.493068168405443430e-04,7.788488292135298252e-04,1.842358443582270411e-08,1.178791935672052205e-04,1.314792316406965256e-04,0.000000000000000000e+00,1.877606264315545559e-04,1.703105681372107938e-06,1.702533936054351216e-08
3.142080386169254780e-04,2.181869349442422390e-04,8.174341055564582348e-04,1.612385069904576085e-08,1.109738077502697706e-04,1.373634295305237174e-04,0.000000000000000000e+00,1.427770766895264387e-04,1.703105681372107938e-06,1.267724147879789598e-08
2.498072281014174223e-04,1.761583698680624366e-04,5.982340662740170956e-04,1.301797070141219592e-08,9.916431008605286479e-05,1.138626248575747013e-04,0.000000000000000000e+00,1.382546324748545885e-04,1.703105681372107938e-06,1.329281040796104207e-08
2.125824248651042581e-04,1.454551238566637039e-04,5.744019872508943081e-04,1.074902478137573780e-08,9.055518603418022394e-05,1.170476607512682676e-04,0.000000000000000000e+00,9.687111014500260353e-05,1.703105681372107938e-06,9.376542209338367684e-09
1.556231436552479863e-04,1.055591128533706069e-04,4.126237181480973959e-04,7.800737833463244897e-09,7.648140308447182178e-05,9.275942284148186445e-05,0.000000000000000000e+00,8.801658987067639828e-05,1.703105681372107938e-06,9.485015439736343978e-09
1.153666526079177856e-04,7.509261195082217455e-05,3.534983261488378048e-04,5.549286807848829994e-09,6.496140122180804610e-05,9.156588930636644363e-05,0.000000000000000000e+00,4.924209133605472744e-05,1.703105681372107938e-06,5.972413674726340105e-09
7.726527110207825899e-05,4.681814971263520420e-05,2.620781888253986835e-04,3.459825759222212582e-09,5.117143518873490393e-05,6.953322008484974504e-05,0.000000000000000000e+00,4.239303234498947859e-05,1.703105681372107938e-06,5.985537843145039005e-09
5.336855247151106596e-05,2.967676846310496330e-05,2.167612547054886818e-04,2.193090598012759074e-09,4.078237907378934324e-05,6.740742537658661604e-05,0.000000000000000000e+00,2.015657810261473060e-05,1.703105681372107938e-06,3.927625780164589742e-09
3.672485763672739267e-05,1.697470361250452697e-05,1.796231372281908989e-04,1.254417791862749709e-09,3.034700603166129440e-05,5.098795008962042630e-05,0.000000000000000000e+00,1.787841756595298648e-05,1.703105681372107938e-06,4.068160919246111007e-09
2.675861105672083795e-05,1.016415171761764213e-05,1.589699677424505353e-04,7.511230526446865952e-10,2.317444523214362562e-05,4.994663686375133693e-05,0.000000000000000000e+00,6.974615644139703363e-06,1.703105681372107938e-06,3.040456775238453702e-09
2.072324969049077481e-05,5.246144155535148457e-06,1.476504257880151272e-04,3.876860499296697071e-10,1.609918217582162470e-05,3.976276639150455594e-05,0.000000000000000000e+00,7.120642749214312062e-06,1.703105681372107938e-06,3.183874941470321573e-09
1.869156767497770488e-05,3.836387804767582566e-06,1.439488842152059078e-04,2.835061629902213554e-10,1.351824812445556745e-05,4.024631562060676515e-05,0.000000000000000000e+00,4.602920853358227760e-06,1.703105681372107938e-06,2.938559173770727284e-09
1.943101233337074518e-05,4.503691343415994197e-06,1.446699170628562570e-04,3.328193831642067835e-10,1.541569508844986558e-05,4.147401341469958425e-05,0.000000000000000000e+00,4.603273737302515656e-06,1.703105681372107938e-06,2.919934516398825508e-09
2.186544406868051738e-05,5.765061359852552414e-06,1.526361302239820361e-04,4.260336528005836954e-10,1.789333691704086959e-05,4.119193545193411410e-05,0.000000000000000000e+00,8.367688678845297545e-06,1.703105681372107938e-06,3.278064930611890304e-09
2.588341340015176684e-05,9.308410881203599274e-06,1.587988663231953979e-04,6.878846381397352161e-10,2.305521593370940536e-05,4.923138840240426362e-05,0.000000000000000000e+00,6.951159775780979544e-06,1.703105681372107938e-06,3.033522766315854824e-09
3.150770498905330896e-05,1.264014645130373538e-05,1.733669923851266503e-04,9.340972439986217069e-10,2.650463102327194065e-05,4.776870628120377660e-05,0.000000000000000000e+00,1.530860026832669973e-05,1.703105681372107938e-06,3.839046414100266702e-09
3.995930819655768573e-05,1.971969504666049033e-05,1.885825477074831724e-04,1.457270415450295786e-09,3.339571776450611651e-05,5.981624417472630739e-05,0.000000000000000000e+00,1.381359834340400994e-05,1.703105681372107938e-06,3.472886866973112774e-09
4.921692743664607406e-05,2.567655610619112849e-05,2.087888424284756184e-04,1.897477952539361468e-09,3.771818592213094234e-05,5.744966256315819919e-05,0.000000000000000000e+00,2.661488906596787274e-05,1.703105681372107938e-06,4.721471213997574523e-09
6.034575926605612040e-05,3.470251976978033781e-05,2.330735151190310717e-04,2.564489509637724041e-09,4.437426832737401128e-05,7.091795851010829210e-05,0.000000000000000000e+00,2.335887256776914001e-05,1.703105681372107938e-06,4.120655816564067209e-09
6.902940367581322789e-05,4.044962042826227844e-05,2.468200400471687317e-04,2.989196445923880674e-09,4.724779864773154259e-05,6.597069295821711421e-05,0.000000000000000000e+00,3.897784336004406214e-05,1.703105681372107938e-06,5.679614556441947570e-09
8.028357842704281211e-05,4.951216760673560202e-05,2.748056722339242697e-04,3.658911840176415353e-09,5.279513788991607726e-05,7.938453200040385127e-05,0.000000000000000000e+00,3.290845779702067375e-05,1.703105681372107938e-06,4.779265427856671522e-09
8.906994480639696121e-05,5.537995093618519604e-05,2.864910056814551353e-04,4.092536531885571094e-09,5.541760037885978818e-05,7.334692782023921609e-05,0.000000000000000000e+00,5.040891119278967381e-05,1.703105681372107938e-06,6.558477316787048039e-09
1.044368327711708844e-04,6.695136835332959890e-05,3.292866458650678396e-04,4.947655618536828115e-09,6.155707524158060551e-05,8.810983854345977306e-05,0.000000000000000000e+00,4.556794374366290867e-05,1.703105681372107938e-06,5.670350411435265414e-09
1.155819336418062449e-04,7.533666939707472920e-05,3.358691465109586716e-04,5.567323047017680437e-09,6.458241114160045981e-05,8.175530820153653622e-05,0.000000000000000000e+00,6.658348138444125652e-05,1.703105681372107938e-06,7.792966272290868801e-09
1.347806100966408849e-04,8.929993055062368512e-05,3.958880843129009008e-04,6.599197632795039681e-09,7.091001316439360380e-05,9.745689021656289697e-05,0.000000000000000000e+00,5.891866749152541161e-05,1.703105681372107938e-06,6.608739333557878126e-09
1.466233370592817664e-04,9.884218161460012197e-05,3.955447755288332701e-04,7.304361560045435908e-09,7.403378549497574568e-05,9.045137994689866900e-05,0.000000000000000000e+00,8.226680074585601687e-05,1.703105681372107938e-06,8.987107946722971974e-09
1.704736496321856976e-04,1.149934905697591603e-04,4.775214765686541796e-04,8.497931247575252200e-09,8.056846854742616415e-05,1.070510625140741467e-04,0.000000000000000000e+00,7.728018681518733501e-05,1.703105681372107938e-06,7.917636324350496579e-09
1.829551474656909704e-04,1.258822157979011536e-04,4.683340375777333975e-04,9.302599579541492858e-09,8.363768574781715870e-05,9.933822730090469122e-05,0.000000000000000000e+00,1.023953373078256845e-04,1.703105681372107938e-06,1.051514786354346143e-08
2.141254226444289088e-04,1.469580893171951175e-04,5.756558384746313095e-04,1.086009060458081876e-08,9.108571975957602262e-05,1.175186844193376601e-04,0.000000000000000000e+00,9.601745114196091890e-05,1.703105681372107938e-06,9.258345201601514418e-09
2.313927107024937868e-04,1.623833522899076343e-04,5.617028800770640373e-04,1.200000632195497019e-08,9.499008592683821917e-05,1.099187502404674888e-04,0.000000000000000000e+00,1.283907331526279449e-04,1.703105681372107938e-06,1.248942282927600900e-08
2.775885805021971464e-04,1.928901619976386428e-04,7.193367346189916134e-04,1.425443674207826916e-08,1.044062155415304005e-04,1.307860075030475855e-04,0.000000000000000000e+00,1.276472612516954541e-04,1.703105681372107938e-06,1.153689943578228849e-08
3.011161752510815859e-04,2.143393503502011299e-04,7.025852683000266552e-04,1.583951636519032036e-08,1.092949387384578586e-04,1.232555659953504801e-04,0.000000000000000000e+00,1.651829952606931329e-04,1.703105681372107938e-06,1.527312143423387170e-08
3.690469602588564157e-04,2.589361683931201696e-04,9.293139446526765823e-04,1.913518765661592624e-08,1.211062262882478535e-04,1.474377495469525456e-04,0.000000000000000000e+00,1.717936829663813114e-04,1.703105681372107938e-06,1.472670874136383645e-08
4.039247287437319756e-04,2.917823730967938900e-04,8.990180795080959797e-04,2.156249578888491669e-08,1.275480171898379922e-04,1.404340000590309501e-04,0.000000000000000000e+00,2.224054187536239624e-04,1.703105681372107938e-06,1.958584228134441219e-08
5.040201940573751926e-04,3.573054855223745108e-04,1.233725924976170063e-03,2.640460294855984102e-08,1.420758053427562118e-04,1.683851878624409437e-04,0.000000000000000000e+00,2.334211603738367558e-04,1.703105681372107938e-06,1.918892422736462322e-08
5.406652344390749931e-04,3.952601691707968712e-04,1.162224332801997662e-03,2.920942954176553030e-08,1.483333180658519268e-04,1.601023977855220437e-04,0.000000000000000000e+00,2.918261452578008175e-04,1.703105681372107938e-06,2.480928884551758529e-08
6.720761302858591080e-04,4.771270323544740677e-04,1.630569109693169594e-03,3.525932967818334873e-08,1.644506555749103427e-04,1.907129917526617646e-04,0.000000000000000000e+00,3.189221315551549196e-04,1.703105681372107938e-06,2.540678423201825353e-08
6.877273553982377052e-04,5.068297614343464375e-04,1.435198122635483742e-03,3.745433119206609263e-08,1.680897112237289548e-04,1.788970112102106214e-04,0.000000000000000000e+00,3.737772931344807148e-04,1.703105681372107938e-06,3.095794198770818184e-08
8.160420111380517483e-04,5.800670478492975235e-04,1.978884683921933174e-03,4.286651744678238174e-08,1.810581161407753825e-04,2.073025098070502281e-04,0.000000000000000000e+00,3.808651817962527275e-04,1.703105681372107938e-06,2.991479419733877876e-08
7.681887946091592312e-04,5.704454961232841015e-04,1.560396282002329826e-03,4.215549154196196469e-08,1.781082683010026813e-04,1.885484671220183372e-04,0.000000000000000000e+00,4.170365282334387302e-04,1.703105681372107938e-06,3.420627692207744985e-08
8.384534157812595367e-04,5.928142345510423183e-04,2.058578422293066978e-03,4.380851947871633456e-08,1.832988345995545387e-04,2.095504751196131110e-04,0.000000000000000000e+00,3.978132735937833786e-04,1.703105681372107938e-06,3.116053903795545921e-08
7.116700289770960808e-04,5.295627051964402199e-04,1.435210579074919224e-03,3.913427804036473390e-08,1.716261613182723522e-04,1.824907085392624140e-04,0.000000000000000000e+00,3.858624841086566448e-04,1.703105681372107938e-06,3.188221953109859896e-08
6.796161760576069355e-04,4.775590787176042795e-04,1.701667788438498974e-03,3.529125436330105003e-08,1.641783746890723705e-04,1.904724776977673173e-04,0.000000000000000000e+00,3.189027775079011917e-04,1.703105681372107938e-06,2.543218613482167711e-08
5.027185543440282345e-04,3.708816948346793652e-04,1.038733287714421749e-03,2.740787508059838729e-08,1.438032631995156407e-04,1.561462995596230030e-04,0.000000000000000000e+00,2.796351909637451172e-04,1.703105681372107938e-06,2.393879938722420775e-08
3.939146699849516153e-04,2.726746315602213144e-04,1.027438440360128880e-03,2.015044842096358479e-08,1.241084974026307464e-04,1.505083055235445499e-04,0.000000000000000000e+00,1.849618420237675309e-04,1.703105681372107938e-06,1.573643260144308442e-08
2.420798991806805134e-04,1.724372268654406071e-04,5.637722206301987171e-04,1.274298000453200075e-08,9.793978097150102258e-05,1.129312295233830810e-04,0.000000000000000000e+00,1.326545607298612595e-04,1.703105681372107938e-06,1.289875495302794661e-08
1.443259825464338064e-04,9.512637916486710310e-05,4.302089218981564045e-04,7.029767878918846691e-09,7.288644701475277543e-05,9.941405005520209670e-05,0.000000000000000000e+00,6.178716284921392798e-05,1.703105681372107938e-06,6.897465709698735736e-09
7.047287363093346357e-05,4.205086952424608171e-05,2.459812967572361231e-04,3.107527346557503733e-09,4.854090730077587068e-05,6.718838994856923819e-05,0.000000000000000000e+00,3.823869337793439627e-05,1.703105681372107938e-06,5.711755513004845852e-09
3.257620119256898761e-05,1.438812978449277580e-05,1.730021758703514934e-04,1.063271914958363595e-09,2.751891406660433859e-05,5.428811346064321697e-05,0.000000000000000000e+00,8.878541848389431834e-06,1.703105681372107938e-06,3.210565591160730037e-09
2.113285881932824850e-05,5.793204309156863019e-06,1.491224538767710328e-04,4.281133780814627698e-10,1.651123602641746402e-05,4.160384196438826621e-05,0.000000000000000000e+00,4.274092134437523782e-06,1.703105681372107938e-06,2.976061175274935522e-09
3.110658508376218379e-05,1.288629573537036777e-05,1.725657057249918580e-04,9.522874711009876592e-10,2.685710023797582835e-05,4.894524681731127203e-05,0.000000000000000000e+00,9.637181392463389784e-06,1.703105681372107938e-06,3.425905337195445099e-09
5.587596388068050146e-05,3.220534563297405839e-05,2.217607107013463974e-04,2.379950458930579771e-09,4.298274507164023817e-05,6.879524153191596270e-05,0.000000000000000000e+00,1.494548178015975282e-05,1.703105681372107938e-06,3.568747075632927590e-09
8.535468077752739191e-05,5.270637120702303946e-05,2.878935774788260460e-04,3.894961242423278236e-09,5.452309778775088489e-05,7.297898991964757442e-05,0.000000000000000000e+00,3.858949276036582887e-05,1.703105681372107938e-06,5.676964676126772247e-09
1.207400273415260017e-04,7.995645137270912528e-05,3.643651725724339485e-04,5.908721512071224424e-09,6.773888162570074201e-05,9.377166134072467685e-05,0.000000000000000000e+00,4.347057256381958723e-05,1.703105681372107938e-06,5.535361058406351731e-09
1.469418930355459452e-04,9.851260256255045533e-05,4.141929384786635637e-04,7.280005931420419074e-09,7.401175389531999826e-05,9.068185318028554320e-05,0.000000000000000000e+00,7.009998807916417718e-05,1.703105681372107938e-06,8.086541214424869395e-09
1.792460680007934570e-04,1.234978117281571031e-04,4.889997071586549282e-04,9.126393862857185013e-09,8.384743705391883850e-05,1.099485089071094990e-04,0.000000000000000000e+00,6.848273915238678455e-05,1.703105681372107938e-06,7.311598437809152529e-09
1.908778795041143894e-04,1.305386831518262625e-04,5.082502611912786961e-04,9.646710097399591177e-09,8.545602031517773867e-05,1.011416534311138093e-04,0.000000000000000000e+00,9.514165867585688829e-05,1.703105681372107938e-06,1.000061011779962428e-08
2.145245380233973265e-04,1.495908509241417050e-04,5.635151173919439316e-04,1.105465052830822970e-08,9.236050391336902976e-05,1.184766224469058216e-04,0.000000000000000000e+00,8.582173904869705439e-05,1.703105681372107938e-06,8.567385911817382294e-09
2.139723801519721746e-04,1.476762699894607067e-04,5.551663343794643879e-04,1.091316370604999975e-08,9.086028148885816336e-05,1.061307702912017703e-04,0.000000000000000000e+00,1.077948327292688191e-04,1.703105681372107938e-06,1.096942803258116328e-08
2.280242770211771131e-04,1.594303321326151490e-04,5.951358471065759659e-04,1.178178088423464942e-08,9.524199413135647774e-05,1.213404466398060322e-04,0.000000000000000000e+00,9.080357995117083192e-05,1.703105681372107938e-06,8.924356365014318726e-09
2.148543717339634895e-04,1.495523756602779031e-04,5.460891989059746265e-04,1.105180835736518929e-08,9.149123070528730750e-05,1.068580168066546321e-04,0.000000000000000000e+00,1.069306526915170252e-04,1.703105681372107938e-06,1.089996004566273768e-08
2.187861828133463860e-04,1.514714967925101519e-04,5.858170334249734879e-04,1.119362913470922649e-08,9.286883869208395481e-05,1.189381364383734763e-04,0.000000000000000000e+00,8.732975402381271124e-05,1.703105681372107938e-06,8.668578743709076662e-09
1.992184261325746775e-04,1.391162368236109614e-04,5.022565601393580437e-04,1.028058438379275685e-08,8.833496394800022244e-05,1.041224822984077036e-04,0.000000000000000000e+00,9.876536205410957336e-05,1.703105681372107938e-06,1.026889151489740470e-08
1.936480402946472168e-04,1.324112672591581941e-04,5.387109704315662384e-04,9.785091847902549489e-09,8.697537850821390748e-05,1.129946176661178470e-04,0.000000000000000000e+00,7.365673081949353218e-05,1.703105681372107938e-06,7.677821933782524866e-09
1.678561093285679817e-04,1.164112545666284859e-04,4.338849976193159819e-04,8.602703438498338073e-09,8.075009827734902501e-05,9.723242692416533828e-05,0.000000000000000000e+00,8.056344813667237759e-05,1.703105681372107938e-06,8.880530089072635747e-09
1.544943952467292547e-04,1.037321490002796054e-04,4.512871673796325922e-04,7.665727608241468261e-09,7.697800174355506897e-05,1.029650229611434042e-04,0.000000000000000000e+00,5.633523323922418058e-05,1.703105681372107938e-06,6.443080735607509268e-09
1.280902506550773978e-04,8.662791515234857798e-05,3.551129193510860205e-04,6.401736918348888139e-09,6.990259862504899502e-05,8.734886796446517110e-05,0.000000000000000000e+00,5.951046478003263474e-05,1.703105681372107938e-06,7.270421598093435023e-09
1.097827698686160147e-04,7.130156882340088487e-05,3.489897644612938166e-04,5.269131797547288443e-09,6.384710286511108279e-05,8.976647222880274057e-05,0.000000000000000000e+00,3.582222416298463941e-05,1.703105681372107938e-06,4.991424162881230586e-09
8.745706145418807864e-05,5.593756213784217834e-05,2.764792006928473711e-04,4.133743569667558404e-09,5.622163735097274184e-05,7.491580618079751730e-05,0.000000000000000000e+00,3.871577791869640350e-05,1.703105681372107938e-06,5.671696001741111104e-09
7.253903459059074521e-05,4.421414996613748372e-05,2.623984182719141245e-04,3.267392134631563749e-09,5.035347567172721028e-05,7.615490176249295473e-05,0.000000000000000000e+00,2.085044434352312237e-05,1.703105681372107938e-06,3.945797910631654304e-09
5.643020995194092393e-05,3.277036375948227942e-05,2.146252227248623967e-04,2.421705280752917133e-09,4.295149119570851326e-05,6.313896301435306668e-05,0.000000000000000000e+00,2.197325375163927674e-05,1.703105681372107938e-06,4.364455463701233384e-09
4.462393189896829426e-05,2.380919067945796996e-05,1.980614761123433709e-04,1.759481116359040698e-09,3.675186235341243446e-05,6.237912748474627733e-05,0.000000000000000000e+00,1.008593517326517031e-05,1.703105681372107938e-06,3.211781951506509358e-09
3.433462552493438125e-05,1.624438846192788333e-05,1.697769184829667211e-04,1.200448074278881450e-09,2.999436946993228048e-05,5.214709017309360206e-05,0.000000000000000000e+00,1.112546669901348650e-05,1.703105681372107938e-06,3.489574407211648577e-09
2.763417614914942533e-05,1.131536009779665619e-05,1.580245589138939977e-04,8.361965564418483154e-10,2.465398392814677209e-05,5.026793587603606284e-05,0.000000000000000000e+00,5.163602963875746354e-06,1.703105681372107938e-06,2.907963647658107220e-09
2.342722291359677911e-05,8.066239388426765800e-06,1.479555503465235233e-04,5.960890114842243293e-10,2.004141788347624242e-05,4.489052662393078208e-05,0.000000000000000000e+00,5.654301276081241667e-06,1.703105681372107938e-06,3.017670113791837139e-09
2.147873055946547538e-05,6.644303084613056853e-06,1.432900462532415986e-04,4.910090667387123631e-10,1.767306639521848410e-05,4.304053800296969712e-05,0.000000000000000000e+00,5.054224402556428686e-06,1.703105681372107938e-06,2.957771805256470543e-09
2.153107197955250740e-05,6.680885690002469346e-06,1.435341546311974525e-04,4.937124042925233880e-10,1.762703868735115975e-05,4.457661634660325944e-05,0.000000000000000000e+00,4.967720542481401935e-06,1.703105681372107938e-06,2.919091190989320239e-09
2.292714270879514515e-05,7.547659151896368712e-06,1.455731689929962158e-04,5.577662776090619445e-10,1.907208206830546260e-05,4.257998807588592172e-05,0.000000000000000000e+00,8.221665666496846825e-06,1.703105681372107938e-06,3.245337776291989940e-09
2.526404387026559561e-05,9.662725460657384247e-06,1.492809969931840897e-04,7.140680824413436767e-10,2.218050212832167745e-05,4.896552491118200123e-05,0.000000000000000000e+00,6.732188012392725796e-06,1.703105681372107938e-06,3.007743609728663614e-09
2.776692053885199130e-05,1.104129933082731441e-05,1.552818866912275553e-04,8.159435904708800535e-10,2.390251029282808304e-05,4.607989103533327579e-05,0.000000000000000000e+00,1.197433539346093312e-05,1.703105681372107938e-06,3.552827809727432395e-09
3.082571856793947518e-05,1.396300558553775772e-05,1.598676171852275729e-04,1.031855489941335691e-09,2.733288965828251094e-05,5.391747981775552034e-05,0.000000000000000000e+00,8.759511729294899851e-06,1.703105681372107938e-06,3.125969261219552209e-09
3.331507468828931451e-05,1.532646820123773068e-05,1.644037256482988596e-04,1.132614335652704085e-09,2.833335565810557455e-05,4.990331217413768172e-05,0.000000000000000000e+00,1.548233922221697867e-05,1.703105681372107938e-06,3.829611294747792272e-09
3.625137469498440623e-05,1.820608667912892997e-05,1.693254307610914111e-04,1.345416000830823577e-09,3.121198460576124489e-05,5.775136378360912204e-05,0.000000000000000000e+00,1.112745030695805326e-05,1.703105681372107938e-06,3.274861271052031952e-09
3.828689295914955437e-05,1.939770299941301346e-05,1.716503029456362128e-04,1.433475671497319581e-09,3.185878085787408054e-05,5.310389678925275803e-05,0.000000000000000000e+00,1.724157664284575731e-05,1.703105681372107938e-06,3.967914885549816972e-09
4.150211680098436773e-05,2.248387136205565184e-05,1.779448066372424364e-04,1.661541015884893113e-09,3.455857222434133291e-05,6.102434781496413052e-05,0.000000000000000000e+00,1.223764502356061712e-05,1.703105681372107938e-06,3.345849375335774312e-09
4.460337368072941899e-05,2.454204150126315653e-05,1.809248351491987705e-04,1.813638239589465684e-09,3.579048643587157130e-05,5.673998020938597620e-05,0.000000000000000000e+00,1.968847936950623989e-05,1.703105681372107938e-06,4.164759204172696627e-09
5.050053732702508569e-05,2.968949229398276657e-05,1.932606828631833196e-04,2.194030956914616581e-09,3.971617843490093946e-05,6.610008131247013807e-05,0.000000000000000000e+00,1.484976019128225744e-05,1.703105681372107938e-06,3.524186498182757532e-09
5.719767796108499169e-05,3.454197576502338052e-05,2.012349432334303856e-04,2.552626110485789468e-09,4.259209890733473003e-05,6.295400817180052400e-05,0.000000000000000000e+00,2.532209691707976162e-05,1.703105681372107938e-06,4.610819281936073821e-09
6.898430729052051902e-05,4.412125417729839683e-05,2.270531258545815945e-04,3.260526959536491631e-09,4.849469405598938465e-05,7.483087392756715417e-05,0.000000000000000000e+00,2.157736525987274945e-05,1.703105681372107938e-06,3.983398499940449256e-09
8.213690307457000017e-05,5.420414890977554023e-05,2.424604172119870782e-04,4.005646037086307842e-09,5.350464198272675276e-05,7.290605572052299976e-05,0.000000000000000000e+00,3.686716809170320630e-05,1.703105681372107938e-06,5.510575551426200036e-09
1.044760429067537189e-04,7.141060632420703769e-05,2.950683701783418655e-04,5.277189796260017829e-09,6.210061837919056416e-05,8.839161455398425460e-05,0.000000000000000000e+00,3.558601019904017448e-05,1.703105681372107938e-06,4.957660948434750026e-09
1.282870216527953744e-04,8.982195868156850338e-05,3.240485384594649076e-04,6.637774774276294920e-09,6.939999002497643232e-05,8.743018406676128507e-05,0.000000000000000000e+00,6.060207670088857412e-05,1.703105681372107938e-06,7.334973517458820425e-09
1.709587522782385349e-04,1.217781828017905354e-04,4.266904725227504969e-04,8.999315070923330495e-09,8.169140346581116319e-05,1.079479698091745377e-04,0.000000000000000000e+00,6.511514948215335608e-05,1.703105681372107938e-06,7.047118444347688637e-09
2.112243964802473783e-04,1.532563765067607164e-04,4.746970080304890871e-04,1.132553073546205269e-08,9.125333599513396621e-05,1.074690735549665987e-04,0.000000000000000000e+00,1.049831698765046895e-04,1.703105681372107938e-06,1.071443023192841792e-08
2.820477820932865143e-04,2.051012270385399461e-04,6.498236907646059990e-04,1.515682690467201610e-08,1.064821262843906879e-04,1.327366917394101620e-04,0.000000000000000000e+00,1.196417142637073994e-04,1.703105681372107938e-06,1.095389645655586719e-08
3.333846107125282288e-04,2.461150288581848145e-04,7.013646536506712437e-04,1.818771622197346005e-08,1.160682950285263360e-04,1.304845645790919662e-04,0.000000000000000000e+00,1.713309902697801590e-04,1.703105681372107938e-06,1.573455321590699896e-08
4.351701063569635153e-04,3.181511419825255871e-04,9.754773927852511406e-04,2.351113081999756105e-08,1.333147083641961217e-04,1.595562207512557507e-04,0.000000000000000000e+00,1.947122509591281414e-04,1.703105681372107938e-06,1.637422109013186855e-08
4.911967553198337555e-04,3.648765559773892164e-04,9.994474239647388458e-04,2.696410028590889851e-08,1.421285851392894983e-04,1.548266882309690118e-04,0.000000000000000000e+00,2.637546858750283718e-04,1.703105681372107938e-06,2.268390453252777661e-08
6.317753577604889870e-04,4.592624027281999588e-04,1.422377186827361584e-03,3.393914127514108259e-08,1.608785823918879032e-04,1.871459826361387968e-04,0.000000000000000000e+00,3.027521306648850441e-04,1.703105681372107938e-06,2.421645817207718210e-08
6.815173546783626080e-04,5.075552617199718952e-04,1.365759293548762798e-03,3.750795229962022859e-08,1.679056585999205709e-04,1.790455135051161051e-04,0.000000000000000000e+00,3.738614323083311319e-04,1.703105681372107938e-06,3.094657330393602024e-08
8.720020996406674385e-04,6.292276084423065186e-04,2.003182889893651009e-03,4.649944784773651918e-08,1.884693047031760216e-04,2.147913037333637476e-04,0.000000000000000000e+00,4.245621385052800179e-04,1.703105681372107938e-06,3.308379348254675278e-08
9.146911324933171272e-04,6.812054198235273361e-04,1.821156125515699387e-03,5.034056371755468717e-08,1.944754621945321560e-04,2.041127445409074426e-04,0.000000000000000000e+00,5.137012340128421783e-04,1.703105681372107938e-06,4.141786646982836828e-08
1.164325745776295662e-03,8.318196050822734833e-04,2.751436783000826836e-03,6.147083553287302493e-08,2.169923536712303758e-04,2.433044428471475840e-04,0.000000000000000000e+00,5.736246239393949509e-04,1.703105681372107938e-06,4.396908792614340200e-08
1.158207422122359276e-03,8.668043883517384529e-04,2.284589689224958420e-03,6.405618790950029506e-08,2.194185653934255242e-04,2.280527987750247121e-04,0.000000000000000000e+00,6.294397171586751938e-04,1.703105681372107938e-06,5.007213843555291533e-08
1.427782932296395302e-03,1.018169568851590157e-03,3.440776141360402107e-03,7.524196377062253305e-08,2.402030659141018987e-04,2.663160848896950483e-04,0.000000000000000000e+00,6.553574930876493454e-04,1.703105681372107938e-06,4.994795688162412262e-08
1.312194275669753551e-03,9.970725513994693756e-04,2.503688447177410126e-03,7.368290511067243642e-08,2.359156205784529448e-04,2.444773272145539522e-04,0.000000000000000000e+00,6.475288537330925465e-04,1.703105681372107938e-06,5.143447978639414941e-08
1.471615745685994625e-03,1.053116400726139545e-03,3.596076974645256996e-03,7.782448818716147798e-08,2.453406050335615873e-04,2.710372791625559330e-04,0.000000000000000000e+00,5.889160092920064926e-04,1.703105681372107938e-06,4.510675211122361361e-08
1.145345624536275864e-03,8.891897741705179214e-04,2.084421692416071892e-03,6.571045219061488751e-08,2.236160798929631710e-04,2.336244069738313556e-04,0.000000000000000000e+00,4.771362291648983955e-04,1.703105681372107938e-06,3.873146425803497550e-08
9.995879372581839561e-04,7.178768282756209373e-04,2.496789675205945969e-03,5.305055594817531528e-08,2.029550669249147177e-04,2.282495843246579170e-04,0.000000000000000000e+00,3.203215892426669598e-04,1.703105681372107938e-06,2.556453893021171098e-08
5.910074105486273766e-04,4.646805755328387022e-04,1.065763295628130436e-03,3.433954631759661424e-08,1.617757516214624047e-04,1.756585406837984920e-04,0.000000000000000000e+00,1.975048944586887956e-04,1.703105681372107938e-06,1.780950498186939512e-08
3.130987752228975296e-04,2.197822323068976402e-04,8.647660142742097378e-04,1.624173862069255847e-08,1.116257990361191332e-04,1.366392825730144978e-04,0.000000000000000000e+00,6.839910929556936026e-05,1.703105681372107938e-06,7.415390079756889463e-09
9.631231660023331642e-05,6.707257125526666641e-05,2.704249054659157991e-04,4.956612453810294028e-09,6.078997466829605401e-05,8.122827421175315976e-05,0.000000000000000000e+00,2.197251524194143713e-05,1.703105681372107938e-06,4.517767049350140951e-09
2.249534918519202620e-05,5.007737399864709005e-06,1.683580921962857246e-04,3.700680040186199449e-10,1.595095636730547994e-05,4.033866571262478828e-05,0.000000000000000000e+00,6.518017016787780449e-06,1.703105681372107938e-06,3.280183680232084953e-09
7.165122951846569777e-05,4.345523120719008148e-05,2.605938934721052647e-04,3.211308552408809192e-09,4.826800068258307874e-05,7.441490015480667353e-05,0.000000000000000000e+00,2.136607145075686276e-05,1.703105681372107938e-06,4.146583965081163115e-09
1.932427985593676567e-04,1.313503162236884236e-04,5.438211373984813690e-04,9.706687897903520934e-09,8.675172284711152315e-05,1.028739934554323554e-04,0.000000000000000000e+00,7.510354043915867805e-05,1.703105681372107938e-06,8.597796252729494881e-09
3.540245525073260069e-04,2.612254174891859293e-04,8.154329261742532253e-04,1.930435722385936970e-08,1.220704871229827404e-04,1.476035977248102427e-04,0.000000000000000000e+00,1.125585840782150626e-04,1.703105681372107938e-06,1.055087572865431866e-08
4.367474466562271118e-04,3.199810453224927187e-04,9.958675364032387733e-04,2.364635953711058391e-08,1.349012600257992744e-04,1.482570078223943710e-04,0.000000000000000000e+00,1.717963314149528742e-04,1.703105681372107938e-06,1.581436315234441281e-08
5.098690162412822247e-04,3.662244125735014677e-04,1.248999382369220257e-03,2.706371127203510696e-08,1.452210271963849664e-04,1.708819472696632147e-04,0.000000000000000000e+00,1.874467125162482262e-04,1.703105681372107938e-06,1.584860065406701324e-08
4.347021749708801508e-04,3.203835512977093458e-04,9.393179207108914852e-04,2.367610107967266231e-08,1.333164545940235257e-04,1.464702509110793471e-04,0.000000000000000000e+00,2.038681559497490525e-04,1.703105681372107938e-06,1.816012584754389536e-08
3.745835856534540653e-04,2.583186724223196507e-04,1.000079675577580929e-03,1.908955482576857321e-08,1.210153641295619309e-04,1.472947915317490697e-04,0.000000000000000000e+00,1.625694276299327612e-04,1.703105681372107938e-06,1.402474225642436068e-08
2.545356692280620337e-04,1.803420891519635916e-04,5.998274427838623524e-04,1.332714294477455041e-08,9.979844617191702127e-05,1.145613423432223499e-04,0.000000000000000000e+00,1.421083579771220684e-04,1.703105681372107938e-06,1.353865819453403674e-08
1.768486545188352466e-04,1.212301576742902398e-04,4.782828327734023333e-04,8.958816799520263885e-09,8.271548722404986620e-05,1.091402227757498622e-04,0.000000000000000000e+00,7.790202653268352151e-05,1.703105681372107938e-06,8.022313480182674539e-09
1.061411894625052810e-04,7.119690417312085629e-05,3.031082160305231810e-04,5.261397539868539752e-09,6.110423419158905745e-05,7.962610106915235519e-05,0.000000000000000000e+00,4.633457137970253825e-05,1.703105681372107938e-06,6.347262271333420358e-09
6.320035026874393225e-05,3.910133455065079033e-05,2.274498983751982450e-04,2.889559036489686150e-09,4.401481419336050749e-05,6.930677773198112845e-05,0.000000000000000000e+00,1.354029518552124500e-05,1.703105681372107938e-06,3.599006870302901007e-09
3.926349745597690344e-05,2.166798367397859693e-05,1.684482122072950006e-04,1.601247578975062424e-09,3.139574255328625441e-05,5.608569335890933871e-05,0.000000000000000000e+00,7.506893780373502523e-06,1.703105681372107938e-06,3.274829740718132598e-09
4.415758667164482176e-05,1.958598295459523797e-05,2.251788537250831723e-04,1.447389430531131893e-09,3.331306288600899279e-05,5.354666427592746913e-05,0.000000000000000000e+00,2.053715797956101596e-05,1.703105681372107938e-06,4.341887738235072902e-09
7.989738514879718423e-05,5.004266131436452270e-05,2.662591577973216772e-04,3.698114481309744406e-09,5.321724165696650743e-05,7.974572508828714490e-05,0.000000000000000000e+00,3.228809509892016649e-05,1.703105681372107938e-06,4.803643260942180859e-09
1.292160886805504560e-04,8.402521052630618215e-05,3.788203757721930742e-04,6.209399661116776770e-09,6.824349111411720514e-05,8.493728819303214550e-05,0.000000000000000000e+00,7.308842759812250733e-05,1.703105681372107938e-06,8.312748711603035190e-09
1.888080005301162601e-04,1.290733052883297205e-04,5.149547359906136990e-04,9.538418943577653408e-09,8.550824713893234730e-05,1.120222441386431456e-04,0.000000000000000000e+00,8.239223097916692495e-05,1.703105681372107938e-06,8.259796402398933424e-09
2.191155945183709264e-04,1.555762719362974167e-04,5.141810397617518902e-04,1.149696871038941026e-08,9.270100417779758573e-05,1.082658418454229832e-04,0.000000000000000000e+00,1.212122006108984351e-04,1.703105681372107938e-06,1.190403153827901406e-08
2.450188039802014828e-04,1.675663370406255126e-04,6.608581170439720154e-04,1.238302438366645220e-08,9.754212806001305580e-05,1.240322017110884190e-04,0.000000000000000000e+00,1.136663777288049459e-04,1.703105681372107938e-06,1.048650233315129299e-08
2.215709973825141788e-04,1.571684260852634907e-04,5.235481658019125462e-04,1.161462837018234495e-08,9.319805394625291228e-05,1.084774849005043507e-04,0.000000000000000000e+00,1.204775035148486495e-04,1.703105681372107938e-06,1.187292042459375807e-08
2.042544074356555939e-04,1.379356981487944722e-04,5.697800079360604286e-04,1.019334394669613175e-08,8.831769810058176517e-05,1.147865405073389411e-04,0.000000000000000000e+00,9.340704127680510283e-05,1.703105681372107938e-06,9.080887153345429397e-09
1.655241358093917370e-04,1.110433513531461358e-04,4.532374441623687744e-04,8.206019863621349941e-09,7.886201638029888272e-05,9.483768371865153313e-05,0.000000000000000000e+00,9.157034946838393807e-05,1.703105681372107938e-06,9.731091488163201575e-09
1.417060266248881817e-04,9.507800859864801168e-05,4.123187391087412834e-04,7.026192960779553687e-09,7.335221016546711326e-05,9.952499385690316558e-05,0.000000000000000000e+00,5.396141932578757405e-05,1.703105681372107938e-06,6.306677846623642836e-09
1.070278231054544449e-04,6.906032649567350745e-05,3.291424654889851809e-04,5.103506062198448490e-09,6.261749513214454055e-05,8.049246389418840408e-05,0.000000000000000000e+00,5.053254790254868567e-05,1.703105681372107938e-06,6.609807812196777377e-09
7.671622734051197767e-05,4.688929766416549683e-05,2.769418060779571533e-04,3.465083553422232399e-09,5.174693797016516328e-05,7.751912198727950454e-05,0.000000000000000000e+00,2.132751433236990124e-05,1.703105681372107938e-06,3.998473108168809631e-09
4.463000004761852324e-05,2.355921424168627709e-05,1.921708026202395558e-04,1.741008004430000256e-09,3.649016070994548500e-05,5.734218939323909581e-05,0.000000000000000000e+00,1.853707180998753756e-05,1.703105681372107938e-06,4.090318306282370031e-09
2.298884828633163124e-05,6.052967364666983485e-06,1.634819345781579614e-04,4.473096892887440390e-10,1.845389306254219264e-05,4.470915519050322473e-05,0.000000000000000000e+00,5.876865998288849369e-06,1.703105681372107938e-06,2.940149901320410208e-09
1.520173009339487180e-05,6.440827746700961143e-07,1.409672258887439966e-04,4.759722824210221859e-11,5.084035819891141728e-06,3.172860306221991777e-05,0.000000000000000000e+00,4.609233656083233654e-06,1.703105681372107938e-06,2.913468577503408596e-09
2.046039116976317018e-05,4.876838374912040308e-06,1.488186535425484180e-04,3.603946585606365716e-10,1.648346733418293297e-05,4.025293310405686498e-05,0.000000000000000000e+00,7.016874405962880701e-06,1.703105681372107938e-06,3.134640103041874681e-09
3.357174136908724904e-05,1.508651985204778612e-05,1.764594635460525751e-04,1.114882408614903397e-09,2.916411722253542393e-05,5.496870289789512753e-05,0.000000000000000000e+00,8.392751624342054129e-06,1.703105681372107938e-06,3.100713685810774223e-09
4.777943104272708297e-05,2.492050043656490743e-05,2.088413020828738809e-04,1.841606089847402927e-09,3.756915975827723742e-05,5.796269033453427255e-05,0.000000000000000000e+00,1.974801489268429577e-05,1.703105681372107938e-06,4.186863300503773644e-09
6.129874236648902297e-05,3.626571196946315467e-05,2.307260001543909311e-04,2.680008437394576504e-09,4.550710946205072105e-05,7.157384970923885703e-05,0.000000000000000000e+00,1.960433291969820857e-05,1.703105681372107938e-06,3.870940901151698199e-09
6.882187881274148822e-05,3.939760063076391816e-05,2.564422611612826586e-04,2.911452856579899162e-09,4.703419108409434557e-05,6.584982475033029914e-05,0.000000000000000000e+00,3.780050974455662072e-05,1.703105681372107938e-06,5.595344632070009538e-09
7.536155317211523652e-05,4.603968409355729818e-05,2.646361244842410088e-04,3.402297776844420696e-09,5.105820309836417437e-05,7.754256512271240354e-05,0.000000000000000000e+00,2.858255720639135689e-05,1.703105681372107938e-06,4.478313275768641688e-09
7.627130980836227536e-05,4.541581438388675451e-05,2.645236963871866465e-04,3.356194211434626595e-09,5.006443825550377369e-05,6.838292756583541632e-05,0.000000000000000000e+00,4.403124694363214076e-05,1.703105681372107938e-06,6.058464840918986738e-09
7.863112114137038589e-05,4.802893090527504683e-05,2.730492560658603907e-04,3.549301519356617973e-09,5.215538112679496408e-05,7.880598423071205616e-05,0.000000000000000000e+00,3.297268631285987794e-05,1.703105681372107938e-06,4.759150407096512936e-09
7.400774484267458320e-05,4.480390634853392839e-05,2.511567436158657074e-04,3.310974827641643969e-09,4.973146133124828339e-05,6.834480154793709517e-05,0.000000000000000000e+00,4.088166679139249027e-05,1.703105681372107938e-06,5.795825597232351356e-09
6.887232302688062191e-05,4.055445242556743324e-05,2.540691930335015059e-04,2.996943138100505166e-09,4.796433495357632637e-05,7.458463369403034449e-05,0.000000000000000000e+00,2.910947296186350286e-05,1.703105681372107938e-06,4.487171523237520887e-09
5.848379805684089661e-05,3.345142249600030482e-05,2.186102356063202024e-04,2.472034577039039505e-09,4.291754521545954049e-05,6.215670146048069000e-05,0.000000000000000000e+00,3.171347998431883752e-05,1.703105681372107938e-06,5.101369549009859838e-09
4.989124863641336560e-05,2.687318738026078790e-05,2.102547732647508383e-04,1.985908104629174886e-09,3.878910138155333698e-05,6.553510320372879505e-05,0.000000000000000000e+00,1.992582474485971034e-05,1.703105681372107938e-06,3.872729248399764401e-09
4.171731779933907092e-05,2.026446600211784244e-05,1.914788736030459404e-04,1.497528656635438438e-09,3.344993820064701140e-05,5.345762110664509237e-05,0.000000000000000000e+00,2.304961162735708058e-05,1.703105681372107938e-06,4.448002854928745364e-09
3.775428558583371341e-05,1.807157423172611743e-05,1.833402056945487857e-04,1.335475618979842238e-09,3.204690074198879302e-05,5.857506766915321350e-05,0.000000000000000000e+00,1.348691330349538475e-05,1.703105681372107938e-06,3.460953523770626816e-09
3.567290332284756005e-05,1.596302718098741025e-05,1.777094730641692877e-04,1.179655595429096593e-09,2.986100298585370183e-05,5.062247146270237863e-05,0.000000000000000000e+00,1.938929381140042096e-05,1.703105681372107938e-06,4.164717459786970721e-09
3.558590833563357592e-05,1.651171442063059658e-05,1.802241604309529066e-04,1.220203160734456560e-09,3.052550528082065284e-05,5.677093940903432667e-05,0.000000000000000000e+00,1.051776234817225486e-05,1.703105681372107938e-06,3.252504932049760100e-09
3.490944436634890735e-05,1.607553531357552856e-05,1.713890233077108860e-04,1.187969833615909465e-09,2.988216874655336142e-05,5.104416777612641454e-05,0.000000000000000000e+00,1.695008177193813026e-05,1.703105681372107938e-06,3.960461292251693521e-09
3.462782842689193785e-05,1.550044726172927767e-05,1.806251821108162403e-04,1.145471384411678173e-09,2.971102912852074951e-05,5.592673551291227341e-05,0.000000000000000000e+00,1.064860225596930832e-05,1.703105681372107938e-06,3.243660451346386253e-09
3.315230060252361000e-05,1.481192066421499476e-05,1.667345495661720634e-04,1.094589641148502324e-09,2.863024019461590797e-05,4.982724931323900819e-05,0.000000000000000000e+00,1.666926436882931739e-05,1.703105681372107938e-06,3.923020575058444592e-09
3.241582453483715653e-05,1.381963738822378218e-05,1.752574462443590164e-04,1.021260742639640284e-09,2.782237243081908673e-05,5.447612056741490960e-05,0.000000000000000000e+00,1.070442522177472711e-05,1.703105681372107938e-06,3.237599077721142748e-09
3.148437463096342981e-05,1.338672700512688607e-05,1.646122109377756715e-04,9.892690000512516235e-10,2.715901064220815897e-05,4.814261410501785576e-05,0.000000000000000000e+00,1.636427077755797654e-05,1.703105681372107938e-06,3.899502054593995126e-09
3.157259925501421094e-05,1.346864064544206485e-05,1.693797385087236762e-04,9.953223800707178270e-10,2.744405537669081241e-05,5.431309546111151576e-05,0.000000000000000000e+00,1.165981939266202971e-05,1.703105681372107938e-06,3.310473672968328174e-09
3.171716889482922852e-05,1.338785932603059337e-05,1.659958943491801620e-04,9.893527108673083603e-10,2.731738823058549315e-05,4.810635073226876557e-05,0.000000000000000000e+00,1.729721770971082151e-05,1.703105681372107938e-06,3.980043850049241883e-09
3.278251824667677283e-05,1.491312832513358444e-05,1.669452321948483586e-04,1.102068880598494616e-09,2.876441067201085389e-05,5.564771345234476030e-05,0.000000000000000000e+00,1.174867429654113948e-05,1.703105681372107938e-06,3.322502717395536820e-09
3.406101313885301352e-05,1.510078527644509450e-05,1.707033370621502399e-04,1.115936676399087446e-09,2.887437221943400800e-05,4.946949411532841623e-05,0.000000000000000000e+00,1.889893974293954670e-05,1.703105681372107938e-06,4.108843043582055543e-09
3.748658127733506262e-05,1.837607487686909735e-05,1.770016970112919807e-04,1.357977952309852299e-09,3.213507079635746777e-05,5.893363049835897982e-05,0.000000000000000000e+00,1.410339609719812870e-05,1.703105681372107938e-06,3.475723708845634974e-09
4.199752947897650301e-05,2.102264443237800151e-05,1.859254844021052122e-04,1.553557504863078975e-09,3.411762008909136057e-05,5.417410648078657687e-05,0.000000000000000000e+00,2.382332786510232836e-05,1.703105681372107938e-06,4.489263183415914682e-09
4.923601591144688427e-05,2.671569563972298056e-05,2.057044912362471223e-04,1.974269858706634295e-09,3.881790689774788916e-05,6.552419654326513410e-05,0.000000000000000000e+00,1.949872603290714324e-05,1.703105681372107938e-06,3.836591488948215556e-09
5.698749737348407507e-05,3.222090163035318255e-05,2.154810790671035647e-04,2.381100427939486508e-09,4.227461977279745042e-05,6.152773858048021793e-05,0.000000000000000000e+00,3.218486381229013205e-05,1.703105681372107938e-06,5.139991099412100084e-09
7.022193312877789140e-05,4.212342901155352592e-05,2.528846671339124441e-04,3.112889501721838315e-09,4.892411379842087626e-05,7.541661761933937669e-05,0.000000000000000000e+00,2.810040678014047444e-05,1.703105681372107938e-06,4.431919720104815497e-09
8.466887811664491892e-05,5.265470099402591586e-05,2.732166321948170662e-04,3.891142519307777548e-09,5.403789327829144895e-05,7.218409155029803514e-05,0.000000000000000000e+00,4.692516085924580693e-05,1.703105681372107938e-06,6.283643383397929938e-09
1.087241325876675546e-04,7.079092029016464949e-05,3.335854853503406048e-04,5.231395761029489222e-09,6.340463005471974611e-05,8.982298459159210324e-05,0.000000000000000000e+00,4.574661943479441106e-05,1.703105681372107938e-06,5.678286729704495883e-09
1.335272681899368763e-04,8.868332224665209651e-05,3.739359090104699135e-04,6.553630527150744456e-09,7.028238178463652730e-05,8.697361045051366091e-05,0.000000000000000000e+00,7.450348493875935674e-05,1.703105681372107938e-06,8.400144579923107813e-09
1.761180901667103171e-04,1.202829371322877705e-04,4.801375616807490587e-04,8.888817681906857615e-09,8.243793854489922523e-05,1.088619101210497320e-04,0.000000000000000000e+00,7.821397593943402171e-05,1.703105681372107938e-06,7.990993644568789023e-09
2.169818180846050382e-04,1.508480345364660025e-04,5.411796737462282181e-04,1.114755487918728249e-08,9.171479177894070745e-05,1.067617922672070563e-04,0.000000000000000000e+00,1.201581908389925957e-04,1.703105681372107938e-06,1.186732401237122758e-08
2.952354552689939737e-04,2.070349291898310184e-04,7.435244042426347733e-04,1.529972415426072985e-08,1.082106027752161026e-04,1.346132921753451228e-04,0.000000000000000000e+00,1.384810020681470633e-04,1.703105681372107938e-06,1.231997526218719941e-08
3.604908124543726444e-04,2.586165792308747768e-04,8.185678161680698395e-04,1.911156921607926051e-08,1.200686456286348403e-04,1.332913816440850496e-04,0.000000000000000000e+00,2.001743996515870094e-04,1.703105681372107938e-06,1.790452586192259332e-08
4.887083196081221104e-04,3.467324422672390938e-04,1.187963061966001987e-03,2.562326528732228326e-08,1.400545006617903709e-04,1.664059236645698547e-04,0.000000000000000000e+00,2.317956532351672649e-04,1.703105681372107938e-06,1.906522939520982618e-08
5.620168522000312805e-04,4.110800509806722403e-04,1.199475838802754879e-03,3.037850504483685654e-08,1.513623428763821721e-04,1.629207545192912221e-04,0.000000000000000000e+00,3.098921151831746101e-04,1.703105681372107938e-06,2.614994620842026052e-08
7.476413738913834095e-04,5.323615041561424732e-04,1.792397699318826199e-03,3.934111347803082026e-08,1.735715923132374883e-04,1.998740626731887460e-04,0.000000000000000000e+00,3.604009980335831642e-04,1.703105681372107938e-06,2.841319357571592263e-08
8.096224046312272549e-04,6.001833244226872921e-04,1.650066464208066463e-03,4.435309008954391174e-08,1.825951767386868596e-04,1.926741533679887652e-04,0.000000000000000000e+00,4.443240468390285969e-04,1.703105681372107938e-06,3.622789535029369290e-08
1.025000354275107384e-03,7.302810554392635822e-04,2.455236855894327164e-03,5.396721292072470533e-08,2.032314077951014042e-04,2.294892910867929459e-04,0.000000000000000000e+00,4.919561324641108513e-04,1.703105681372107938e-06,3.800752423899211863e-08
9.954688139259815216e-04,7.440079934895038605e-04,1.966854091733694077e-03,5.498162636285996996e-08,2.033290948020294309e-04,2.126056060660630465e-04,0.000000000000000000e+00,5.477534141391515732e-04,1.703105681372107938e-06,4.397278630108303332e-08
1.137749990448355675e-03,8.066355949267745018e-04,2.763997996225953102e-03,5.960976068308809772e-08,2.135339309461414814e-04,2.397733333054929972e-04,0.000000000000000000e+00,5.471460754051804543e-04,1.703105681372107938e-06,4.204594361567615124e-08
9.647159604355692863e-04,7.255901582539081573e-04,1.866444712504744530e-03,5.362056043622942525e-08,2.005638816626742482e-04,2.101596037391573191e-04,0.000000000000000000e+00,5.248132511042058468e-04,1.703105681372107938e-06,4.227212002660962753e-08
9.417458786629140377e-04,6.623687222599983215e-04,2.347007859498262405e-03,4.894855010206811130e-08,1.933102466864511371e-04,2.195590786868706346e-04,0.000000000000000000e+00,4.467634717002511024e-04,1.703105681372107938e-06,3.474001886161204311e-08
6.809943588450551033e-04,5.104950396344065666e-04,1.332725631073117256e-03,3.772519363565152162e-08,1.684476446826010942e-04,1.797124423319473863e-04,0.000000000000000000e+00,3.722675610333681107e-04,1.703105681372107938e-06,3.088457134481359390e-08
5.310393171384930611e-04,3.685521369334310293e-04,1.379052991978824139e-03,2.723572301022159081e-08,1.440243504475802183e-04,1.703341986285522580e-04,0.000000000000000000e+00,2.458190429024398327e-04,1.703105681372107938e-06,2.015486444406633382e-08
3.113955026492476463e-04,2.267127565573900938e-04,6.802353309467434883e-04,1.675390137734211748e-08,1.123287438531406224e-04,1.265461178263649344e-04,0.000000000000000000e+00,1.665922172833234072e-04,1.703105681372107938e-06,1.547647343613789417e-08
1.700020802672952414e-04,1.119754888350144029e-04,5.068199825473129749e-04,8.274904317318032554e-09,7.919711060822010040e-05,1.056446635629981756e-04,0.000000000000000000e+00,7.344588084379211068e-05,1.703105681372107938e-06,7.751854269599789404e-09
6.620211934205144644e-05,3.847498010145500302e-05,2.407426800346001983e-04,2.843272062236223974e-09,4.659744445234537125e-05,6.536069849971681833e-05,0.000000000000000000e+00,3.652872692327946424e-05,1.703105681372107938e-06,5.605449437950937863e-09
2.008438423217739910e-05,4.580056156555656344e-06,1.501006045145913959e-04,3.384626467983764542e-10,1.480100218032021075e-05,4.272245860192924738e-05,0.000000000000000000e+00,4.942688065057154745e-06,1.703105681372107938e-06,2.994692271940380124e-09
2.019098064920399338e-05,4.865543360210722312e-06,1.478921330999583006e-04,3.595599651351477632e-10,1.563326077302917838e-05,4.300798173062503338e-05,0.000000000000000000e+00,5.362243427953217179e-06,1.703105681372107938e-06,3.007412763267325317e-09
5.373276871978305280e-05,2.840200249920599163e-05,2.267691161250695586e-04,2.098886398016475141e-09,3.963792551076039672e-05,5.867440995643846691e-05,0.000000000000000000e+00,2.653853152878582478e-05,1.703105681372107938e-06,4.794585617418078982e-09
1.108209617086686194e-04,7.296798139577731490e-05,3.335783549118787050e-04,5.392278623617130506e-09,6.392593786586076021e-05,9.044826583703979850e-05,0.000000000000000000e+00,4.495143730309791863e-05,1.703105681372107938e-06,5.664976043817659956e-09
1.677557593211531639e-04,1.128478761529549956e-04,4.583918780554085970e-04,8.339372747911966144e-09,7.927503611426800489e-05,9.508981747785583138e-05,0.000000000000000000e+00,9.068701911019161344e-05,1.703105681372107938e-06,9.661672351057859487e-09
2.304563095094636083e-04,1.597810623934492469e-04,6.035435944795608521e-04,1.180770059505675817e-08,9.515180863672867417e-05,1.215690790559165180e-04,0.000000000000000000e+00,1.032089203363284469e-04,1.703105681372107938e-06,9.791127020264411840e-09
2.542136062402278185e-04,1.780365128070116043e-04,6.259402143768966198e-04,1.315676367852347539e-08,9.916596900438889861e-05,1.136489372584037483e-04,0.000000000000000000e+00,1.358307490590959787e-04,1.703105681372107938e-06,1.306495889252801135e-08
2.807259443216025829e-04,1.963888062164187431e-04,7.174540078267455101e-04,1.451298370369613622e-08,1.055592365446500480e-04,1.319396542385220528e-04,0.000000000000000000e+00,1.259175187442451715e-04,1.703105681372107938e-06,1.142857009028830362e-08
2.546045579947531223e-04,1.777023135218769312e-04,6.312634213827550411e-04,1.313206698938529371e-08,9.922223398461937904e-05,1.136560822487808764e-04,0.000000000000000000e+00,1.377589942421764135e-04,1.703105681372107938e-06,1.323427945010280382e-08
2.369166613789275289e-04,1.653908257139846683e-04,6.122821941971778870e-04,1.222225698427337193e-08,9.669589053373783827e-05,1.230778289027512074e-04,0.000000000000000000e+00,1.029762133839540184e-04,1.703105681372107938e-06,9.809500767232748331e-09
1.837628660723567009e-04,1.242977596120908856e-04,4.934089956805109978e-04,9.185511018472425349e-09,8.316981984535232186e-05,9.869188215816393495e-05,0.000000000000000000e+00,1.012419670587405562e-04,1.703105681372107938e-06,1.049358111515630299e-08
1.401219633407890797e-04,9.437029075343161821e-05,3.970266843680292368e-04,6.973892574535511812e-09,7.309540524147450924e-05,9.951196989277377725e-05,0.000000000000000000e+00,6.048999057384207845e-05,1.703105681372107938e-06,6.791423423635478684e-09
8.803221862763166428e-05,5.399532165029086173e-05,2.917427627835422754e-04,3.990213492954808316e-09,5.461619366542436182e-05,7.249370537465438247e-05,0.000000000000000000e+00,4.862626155954785645e-05,1.703105681372107938e-06,6.481672087943479710e-09
5.024332131142728031e-05,2.748605766100808978e-05,2.091430214932188392e-04,2.031198986784943372e-09,3.931517494493164122e-05,6.587925599887967110e-05,0.000000000000000000e+00,1.842961137299425900e-05,1.703105681372107938e-06,3.823414473913544498e-09
2.471610059728845954e-05,7.875841220084112138e-06,1.556846254970878363e-04,5.820186554927886391e-10,2.089031113428063691e-05,4.245813397574238479e-05,0.000000000000000000e+00,1.271796554647153243e-05,1.703105681372107938e-06,3.655041158623362207e-09
1.474873988627223298e-05,7.450747148141090292e-07,1.355671702185645700e-04,5.506045619441124472e-11,5.422150024969596416e-06,3.463113898760639131e-05,0.000000000000000000e+00,4.469480700208805501e-06,1.703105681372107938e-06,2.918728814194082588e-09
1.711178265395574272e-05,2.557158268245984800e-06,1.408402895322069526e-04,1.889720602221700574e-10,1.148437422671122476e-05,3.932852632715366781e-05,0.000000000000000000e+00,4.705936134996591136e-06,1.703105681372107938e-06,2.898207895896121045e-09
2.791935730783734471e-05,1.053604682965669781e-05,1.599656679900363088e-04,7.786059574854675702e-10,2.408104955975431949e-05,4.539164729067124426e-05,0.000000000000000000e+00,1.386742769682314247e-05,1.703105681372107938e-06,3.720104668758494881e-09
4.381550388643518090e-05,2.229856727353762835e-05,2.003188419621437788e-04,1.647847303054561507e-09,3.540667967172339559e-05,6.194572779349982738e-05,0.000000000000000000e+00,1.485050415794830769e-05,1.703105681372107938e-06,3.526441361145771225e-09
5.839268851559609175e-05,3.321327312733046710e-05,2.206543140346184373e-04,2.454435765741891373e-09,4.288039781386032701e-05,6.207346450537443161e-05,0.000000000000000000e+00,3.113987986580468714e-05,1.703105681372107938e-06,5.071037811887890712e-09
7.077168993419036269e-05,4.226941746310330927e-05,2.572990779299288988e-04,3.123677982941330811e-09,4.881208587903529406e-05,7.532945892307907343e-05,0.000000000000000000e+00,2.772366133285686374e-05,1.703105681372107938e-06,4.410434684132269467e-09
7.397010631393641233e-05,4.462385550141334534e-05,2.523207513149827719e-04,3.297669026736116393e-09,4.975854244548827410e-05,6.826693424955010414e-05,0.000000000000000000e+00,4.114179319003596902e-05,1.703105681372107938e-06,5.840857131289567405e-09
7.405646465485915542e-05,4.465835081646218896e-05,2.644562628120183945e-04,3.300218098800655753e-09,5.020621756557375193e-05,7.673288928344845772e-05,0.000000000000000000e+00,2.952490285679232329e-05,1.703105681372107938e-06,4.532695108139250806e-09
6.539635069202631712e-05,3.845788523904047906e-05,2.326304093003273010e-04,2.842008184344990696e-09,4.615591751644387841e-05,6.500457675429061055e-05,0.000000000000000000e+00,3.675423067761585116e-05,1.703105681372107938e-06,5.497895916306561048e-09
5.588827480096369982e-05,3.131841367576271296e-05,2.228155935881659389e-04,2.314407110404204104e-09,4.199016984784975648e-05,6.862515874672681093e-05,0.000000000000000000e+00,2.288302857778035104e-05,1.703105681372107938e-06,4.071361026092290558e-09
4.404094943311065435e-05,2.274400503665674478e-05,1.891632273327559233e-04,1.680764860623185086e-09,3.528951492626219988e-05,5.523164873011410236e-05,0.000000000000000000e+00,2.380622390774078667e-05,1.703105681372107938e-06,4.491844673992773096e-09
3.520130485412664711e-05,1.626003540877718478e-05,1.765114866429939866e-04,1.201604260536726088e-09,3.022209966729860753e-05,5.698978566215373576e-05,0.000000000000000000e+00,1.290117870667017996e-05,1.703105681372107938e-06,3.395276282347481356e-09
2.783044146781321615e-05,1.058788348018424585e-05,1.567748258821666241e-04,7.824366154984829791e-10,2.420856981188990176e-05,4.544139665085822344e-05,0.000000000000000000e+00,1.565075581311248243e-05,1.703105681372107938e-06,3.847769214360141632e-09
2.293107536388561130e-05,7.387156074400991201e-06,1.474470336688682437e-04,5.459051544143278534e-10,2.013474841078277677e-05,4.729558713734149933e-05,0.000000000000000000e+00,7.992159225977957249e-06,1.703105681372107938e-06,3.084226429805880798e-09
1.915017128339968622e-05,4.263729351805523038e-06,1.393017591908574104e-04,3.150863736589570863e-10,1.510853417130419984e-05,3.773388380068354309e-05,0.000000000000000000e+00,9.562651939631905407e-06,1.703105681372107938e-06,3.356530831055692943e-09
1.653012077440507710e-05,2.623237151055946015e-06,1.334824337391182780e-04,1.938552374181057303e-10,1.175921988760819659e-05,3.992595520685426891e-05,0.000000000000000000e+00,5.586403858615085483e-06,1.703105681372107938e-06,2.946105137624499548e-09
1.468255049985600635e-05,1.054085601026599761e-06,1.296705449931323528e-04,7.789612010977720047e-11,7.179175099736312404e-06,3.251202360843308270e-05,0.000000000000000000e+00,6.614110588998300955e-06,1.703105681372107938e-06,3.096019440818054136e-09
1.376949876430444419e-05,4.963116566614189651e-07,1.277341507375240326e-04,3.667705375520746713e-11,4.267280019121244550e-06,3.376970562385395169e-05,0.000000000000000000e+00,4.997721589461434633e-06,1.703105681372107938e-06,2.935059750797108791e-09
1.387832435284508392e-05,6.088511099733295850e-07,1.278871350223198533e-04,4.499363728815986008e-11,4.770994564751163125e-06,3.419332279008813202e-05,0.000000000000000000e+00,4.807600362255470827e-06,1.703105681372107938e-06,2.906780149913856803e-09
1.488091038481798023e-05,1.314371047556051053e-06,1.293156383326277137e-04,9.713102544495200164e-11,8.067430826486088336e-06,3.298734372947365046e-05,0.000000000000000000e+00,6.349756404233630747e-06,1.703105681372107938e-06,3.064102527261525211e-09
1.660688758420292288e-05,2.762177246040664613e-06,1.331972162006422877e-04,2.041228158722319108e-10,1.203446208819514140e-05,4.017818719148635864e-05,0.000000000000000000e+00,5.249874448054470122e-06,1.703105681372107938e-06,2.900381934622942026e-09
1.886400968942325562e-05,4.260131390765309334e-06,1.364229538012295961e-04,3.148204752445593613e-10,1.520680780231487006e-05,3.787847163039259613e-05,0.000000000000000000e+00,9.615818271413445473e-06,1.703105681372107938e-06,3.343709309433506860e-09
2.160856274713296443e-05,6.520387614727951586e-06,1.432646095054224133e-04,4.818516696758479156e-10,1.896532194223254919e-05,4.609774259733967483e-05,0.000000000000000000e+00,7.617142273375065997e-06,1.703105681372107938e-06,3.044875018787251975e-09
2.450413558108266443e-05,8.457394869765266776e-06,1.474201417295262218e-04,6.249951112202722925e-10,2.160613257728982717e-05,4.320649168221279979e-05,0.000000000000000000e+00,1.304726174566894770e-05,1.703105681372107938e-06,3.631168254969452391e-09
2.846399911504704505e-05,1.173098280560225248e-05,1.570602616993710399e-04,8.669107098846495774e-10,2.554212187533266842e-05,5.246308865025639534e-05,0.000000000000000000e+00,1.026990321406628937e-05,1.703105681372107938e-06,3.217769162233707902e-09
3.370259582879953086e-05,1.535384035378228873e-05,1.642240094952285290e-04,1.134637050981268658e-09,2.898499951697885990e-05,4.964394247508607805e-05,0.000000000000000000e+00,1.926354889292269945e-05,1.703105681372107938e-06,4.133175135478950324e-09
4.288616401026956737e-05,2.239788409497123212e-05,1.886177487904205918e-04,1.655186765425753492e-09,3.542985359672456980e-05,6.211389700183644891e-05,0.000000000000000000e+00,1.626503399165812880e-05,1.703105681372107938e-06,3.619779587182847536e-09
5.539481935556977987e-05,3.143258800264447927e-05,2.084423176711425185e-04,2.322844361302145444e-09,4.168955274508334696e-05,6.097544246586039662e-05,0.000000000000000000e+00,3.117998130619525909e-05,1.703105681372107938e-06,5.067017916360327945e-09
7.468247349606826901e-05,4.576714491122402251e-05,2.580204454716295004e-04,3.382157220954695731e-09,5.076890374766662717e-05,7.731865480309352279e-05,0.000000000000000000e+00,3.113289494649507105e-05,1.703105681372107938e-06,4.648393669981487619e-09
9.683245298219844699e-05,6.230987492017447948e-05,2.908048045355826616e-04,4.604652215078886002e-09,5.872509427717886865e-05,7.643387652933597565e-05,0.000000000000000000e+00,5.442095425678417087e-05,1.703105681372107938e-06,6.860620516135895741e-09
1.346705394098535180e-04,8.985264867078512907e-05,3.904328332282602787e-04,6.640042737870999190e-09,7.125287083908915520e-05,9.769174357643350959e-05,0.000000000000000000e+00,5.774608143838122487e-05,1.703105681372107938e-06,6.525298523740730161e-09
1.797331206034868956e-04,1.237396063515916467e-04,4.597398801706731319e-04,9.144264012661551533e-09,8.302788774017244577e-05,9.876066906144842505e-05,0.000000000000000000e+00,1.001951968646608293e-04,1.703105681372107938e-06,1.034681407219295579e-08
2.641810278873890638e-04,1.844175276346504688e-04,6.764391437172889709e-04,1.362831625328908558e-08,1.021299467538483441e-04,1.284818717977032065e-04,0.000000000000000000e+00,1.211959315696731210e-04,1.703105681372107938e-06,1.106961633468017681e-08
3.523282066453248262e-04,2.527504693716764450e-04,8.059826213866472244e-04,1.867806886934886279e-08,1.186997469631023705e-04,1.320001611020416021e-04,0.000000000000000000e+00,1.897947513498365879e-04,1.703105681372107938e-06,1.711992680952789669e-08
5.233899573795497417e-04,3.736845392268151045e-04,1.254896516911685467e-03,2.761500361714297469e-08,1.453402364859357476e-04,1.716387341730296612e-04,0.000000000000000000e+00,2.421578246867284179e-04,1.703105681372107938e-06,1.981314312615722883e-08
6.605895468965172768e-04,4.848367825616151094e-04,1.402839319780468941e-03,3.582907126542522747e-08,1.642360148252919316e-04,1.750885276123881340e-04,0.000000000000000000e+00,3.546883235685527325e-04,1.703105681372107938e-06,2.950724820038885809e-08
9.568651439622044563e-04,6.862001027911901474e-04,2.254937775433063507e-03,5.070966935249998642e-08,1.970506418729200959e-04,2.232650585938245058e-04,0.000000000000000000e+00,4.517122288234531879e-04,1.703105681372107938e-06,3.506062284941435792e-08
1.068723155185580254e-03,7.975892513059079647e-04,2.145466860383749008e-03,5.894123944472084986e-08,2.106156898662447929e-04,2.194942208006978035e-04,0.000000000000000000e+00,5.658710142597556114e-04,1.703105681372107938e-06,4.530578223693737527e-08
1.404980081133544445e-03,1.004319172352552414e-03,3.352650674059987068e-03,7.421842695976010873e-08,2.382970124017447233e-04,2.644468913786113262e-04,0.000000000000000000e+00,6.539585301652550697e-04,1.703105681372107938e-06,4.982094026217964711e-08
1.331077772192656994e-03,1.007216284051537514e-03,2.537563443183898926e-03,7.443252059147198452e-08,2.360791113460436463e-04,2.442749682813882828e-04,0.000000000000000000e+00,7.010523695498704910e-04,1.703105681372107938e-06,5.540384151458965789e-08
1.516502001322805882e-03,1.073880470357835293e-03,3.729007439687848091e-03,7.935894785759955994e-08,2.464626159053295851e-04,2.725856611505150795e-04,0.000000000000000000e+00,6.972082192078232765e-04,1.703105681372107938e-06,5.299224170585148386e-08
1.211848924867808819e-03,9.237948688678443432e-04,2.240380970761179924e-03,6.826773812917963369e-08,2.261266636196523905e-04,2.350246650166809559e-04,0.000000000000000000e+00,6.401594728231430054e-04,1.703105681372107938e-06,5.088345389481219172e-08
1.119236694648861885e-03,7.828996749594807625e-04,2.848806558176875114e-03,5.785569356930864160e-08,2.100840210914611816e-04,2.362414234085008502e-04,0.000000000000000000e+00,5.145635223016142845e-04,1.703105681372107938e-06,3.969266870740284503e-08
7.150053861550986767e-04,5.420615780167281628e-04,1.350326114334166050e-03,4.005794451700239733e-08,1.734751276671886444e-04,1.848301326390355825e-04,0.000000000000000000e+00,3.791119379457086325e-04,1.703105681372107938e-06,3.142370275099892751e-08
4.593395860865712166e-04,3.132921119686216116e-04,1.253785681910812855e-03,2.315205094305383682e-08,1.327640784438699484e-04,1.590443862369284034e-04,0.000000000000000000e+00,2.066891029244288802e-04,1.703105681372107938e-06,1.735505072986143205e-08
2.007989678531885147e-04,1.422351342625916004e-04,4.754402034450322390e-04,1.051106846006177875e-08,8.928511670092120767e-05,1.051371582434512675e-04,0.000000000000000000e+00,1.101981833926402032e-04,1.703105681372107938e-06,1.125878590357842768e-08
6.134439900051802397e-05,3.355180888320319355e-05,2.550015051383525133e-04,2.479453309334189726e-09,4.243975490680895746e-05,6.909762305440381169e-05,0.000000000000000000e+00,2.292436511197593063e-05,1.703105681372107938e-06,4.237068029766533073e-09
1.781240462150890380e-05,2.383159880992025137e-06,1.498226629337295890e-04,1.761136930733542272e-10,1.114497717935591936e-05,3.672861566883511841e-05,0.000000000000000000e+00,4.469782652449794114e-06,1.703105681372107938e-06,3.077573751397721935e-09
5.253494600765407085e-05,2.689313259907066822e-05,2.323243243154138327e-04,1.987382258761272169e-09,3.887420461978763342e-05,5.817817509523592889e-05,0.000000000000000000e+00,2.409380795143079013e-05,1.703105681372107938e-06,4.665707376005912010e-09
1.354554551653563976e-04,9.258389763999730349e-05,3.771242918446660042e-04,6.841879951480223099e-09,7.178527448559179902e-05,9.802882414078339934e-05,0.000000000000000000e+00,5.159123611520044506e-05,1.703105681372107938e-06,6.190987278387183324e-09
2.188615180784836411e-04,1.501186052337288857e-04,5.787659902125597000e-04,1.109365133089568189e-08,9.168246469926089048e-05,1.066407130565494299e-04,0.000000000000000000e+00,1.086630218196660280e-04,1.703105681372107938e-06,1.105880187424190808e-08
3.014650428667664528e-04,2.116525865858420730e-04,7.648997707292437553e-04,1.564096763218003616e-08,1.096090418286621571e-04,1.358581794193014503e-04,0.000000000000000000e+00,1.332247193204239011e-04,1.703105681372107938e-06,1.195397203446191270e-08
3.096228756476193666e-04,2.210878592450171709e-04,7.264639716595411301e-04,1.633822499513826187e-08,1.106150157283991575e-04,1.245695020770654082e-04,0.000000000000000000e+00,1.588861923664808273e-04,1.703105681372107938e-06,1.478768041351941065e-08
3.098551242146641016e-04,2.152108936570584774e-04,8.126854081638157368e-04,1.590392351147329464e-08,1.104756374843418598e-04,1.367985969409346581e-04,0.000000000000000000e+00,1.337567809969186783e-04,1.703105681372107938e-06,1.195767396211522282e-08
2.389215660514310002e-04,1.686382020125165582e-04,5.782921798527240753e-04,1.246223568784898816e-08,9.618757758289575577e-05,1.110605298890732229e-04,0.000000000000000000e+00,1.245414023287594318e-04,1.703105681372107938e-06,1.221221879177392111e-08
1.748431677697226405e-04,1.185611254186369479e-04,4.884210065938532352e-04,8.761577241500617674e-09,8.178255666280165315e-05,1.082102680811658502e-04,0.000000000000000000e+00,7.439946057274937630e-05,1.703105681372107938e-06,7.752335662303266872e-09
9.896817937260493636e-05,6.090398528613150120e-05,3.247439453843981028e-04,4.500758432612883553e-09,5.803025487693957984e-05,7.538081990787759423e-05,0.000000000000000000e+00,5.589796637650579214e-05,1.703105681372107938e-06,7.055862560889636370e-09
4.791532410308718681e-05,2.655683238117489964e-05,1.945841650012880564e-04,1.962529694310433115e-09,3.869753709295764565e-05,6.535107240779325366e-05,0.000000000000000000e+00,1.900073402794077992e-05,1.703105681372107938e-06,3.923396718619187595e-09
2.068766298179980367e-05,4.086213266418781132e-06,1.545835839351639152e-04,3.019680616667130835e-10,1.446660462534055114e-05,3.659991853055544198e-05,0.000000000000000000e+00,1.143091685662511736e-05,1.703105681372107938e-06,3.609339049859272563e-09
1.740444531606044620e-05,2.070428536171675660e-06,1.455347664887085557e-04,1.530031101815154670e-10,1.058683756127720699e-05,3.537321390467695892e-05,0.000000000000000000e+00,7.805388122505974025e-06,1.703105681372107938e-06,3.287009109342875490e-09
3.219475911464542150e-05,1.463502849219366908e-05,1.652899518376216292e-04,1.081517542189658343e-09,2.858826337615028024e-05,5.485440487973392010e-05,0.000000000000000000e+00,1.030734529194887727e-05,1.703105681372107938e-06,3.304467588449711002e-09
5.699422035831958055e-05,3.133889913442544639e-05,2.285178343299776316e-04,2.315920788475978043e-09,4.157331204623915255e-05,6.073618351365439594e-05,0.000000000000000000e+00,2.803533789119683206e-05,1.703105681372107938e-06,4.868412339931182942e-09
8.621853339718654752e-05,5.342503936844877899e-05,2.952779759652912617e-04,3.948069426940037374e-09,5.515858356375247240e-05,8.155564137268811464e-05,0.000000000000000000e+00,3.265695340815000236e-05,1.703105681372107938e-06,4.761157690325035219e-09
1.048774502123706043e-04,6.823188596172258258e-05,3.110205871053040028e-04,5.042284367817728707e-09,6.141213816590607166e-05,7.903270306997001171e-05,0.000000000000000000e+00,5.543503357330337167e-05,1.703105681372107938e-06,6.931726304060248367e-09
1.194588912767358124e-04,7.648009341210126877e-05,3.806068561971187592e-04,5.651820789154271552e-09,6.579132605111226439e-05,9.229174611391499639e-05,0.000000000000000000e+00,4.918108243145979941e-05,1.703105681372107938e-06,5.895916643794407719e-09
1.164232598966918886e-04,7.743703463347628713e-05,3.273420443292707205e-04,5.722537999020005373e-09,6.538371962960809469e-05,8.260068716481328011e-05,0.000000000000000000e+00,6.252017919905483723e-05,1.703105681372107938e-06,7.478043073660955997e-09
1.117036299547180533e-04,7.172094774432480335e-05,3.541096521075814962e-04,5.300123895324304613e-09,6.364234286593273282e-05,9.022035374073311687e-05,0.000000000000000000e+00,4.571713361656293273e-05,1.703105681372107938e-06,5.671558334086057584e-09
9.299373778048902750e-05,5.865484490641392767e-05,2.894659701269119978e-04,4.334548275863880917e-09,5.720165063394233584e-05,7.496062607970088720e-05,0.000000000000000000e+00,5.392298044171184301e-05,1.703105681372107938e-06,6.840452648759764998e-09
7.512652518926188350e-05,4.579728556564077735e-05,2.630806120578199625e-04,3.384384994475908570e-09,5.080984919914044440e-05,7.745640323264524341e-05,0.000000000000000000e+00,3.021175871253944933e-05,1.703105681372107938e-06,4.607213277552091313e-09
5.391190279624424875e-05,2.994661554112099111e-05,2.096734824590384960e-04,2.213032201936471211e-09,4.073540185345336795e-05,6.002964437357150018e-05,0.000000000000000000e+00,2.997938645421527326e-05,1.703105681372107938e-06,5.000201142024707224e-09
3.775657387450337410e-05,1.852591049100738019e-05,1.791037357179448009e-04,1.369050983690556222e-09,3.181748979841358960e-05,5.870221866643987596e-05,0.000000000000000000e+00,1.320287810813169926e-05,1.703105681372107938e-06,3.423923367051884270e-09
2.537016553105786443e-05,9.223960660165175796e-06,1.498592027928680182e-04,6.816437969625610549e-10,2.228669472970068455e-05,4.405192521517165005e-05,0.000000000000000000e+00,1.160284227808006108e-05,1.703105681372107938e-06,3.529074144026367321e-09
1.843396421463694423e-05,4.023314431833568960e-06,1.389095559716224670e-04,2.973198909295149406e-10,1.435177091479999945e-05,4.177467781119048595e-05,0.000000000000000000e+00,5.196945494390092790e-06,1.703105681372107938e-06,2.902681872640755500e-09
1.582455843163188547e-05,2.051737737929215655e-06,1.328305079368874431e-04,1.516218678387915020e-10,9.938721632352098823e-06,3.558554453775286674e-05,0.000000000000000000e+00,4.897707185591571033e-06,1.703105681372107938e-06,2.935090170907983520e-09
1.636544584471266717e-05,2.489740154487662949e-06,1.330937229795381427e-04,1.839899066435890518e-10,1.155282552645076066e-05,3.655233012977987528e-05,0.000000000000000000e+00,5.663330739480443299e-06,1.703105681372107938e-06,3.006418225481866102e-09
1.948025237652473152e-05,4.776157311425777152e-06,1.412724377587437630e-04,3.529544156943842381e-10,1.629394864721689373e-05,4.286717012291774154e-05,0.000000000000000000e+00,5.768499704572604969e-06,1.703105681372107938e-06,2.934500420437302637e-09
2.457497066643554717e-05,8.329850970767438412e-06,1.501451479271054268e-04,6.155697063192633323e-10,2.136002149200066924e-05,4.338192593422718346e-05,0.000000000000000000e+00,1.230605266755446792e-05,1.703105681372107938e-06,3.575380436160457975e-09
3.070152160944417119e-05,1.336694003839511424e-05,1.634590880712494254e-04,9.878068363278202924e-10,2.746499012573622167e-05,5.409348159446381032e-05,0.000000000000000000e+00,9.886711268336512148e-06,1.703105681372107938e-06,3.200228526623050129e-09
3.596480019041337073e-05,1.636134402360767126e-05,1.760025334078818560e-04,1.209090827458680906e-09,3.009689680766314268e-05,5.062666605226695538e-05,0.000000000000000000e+00,2.003201734623871744e-05,1.703105681372107938e-06,4.197675096406783268e-09
4.113130125915631652e-05,2.118719021382275969e-05,1.843295613070949912e-04,1.565717222540286002e-09,3.452133751125074923e-05,6.114650022936984897e-05,0.000000000000000000e+00,1.511152913735713810e-05,1.703105681372107938e-06,3.545369331448000594e-09
4.409352550283074379e-05,2.254083847219590098e-05,1.908483536681160331e-04,1.665750870571969244e-09,3.532908158376812935e-05,5.524170046555809677e-05,0.000000000000000000e+00,2.467853664711583406e-05,1.703105681372107938e-06,4.553532662043835444e-09
4.734038520837202668e-05,2.563069210737012327e-05,1.993609766941517591e-04,1.894088663689785790e-09,3.802089850069023669e-05,6.467060302384197712e-05,0.000000000000000000e+00,1.773594703990966082e-05,1.703105681372107938e-06,3.705674878062836797e-09
4.872814679401926696e-05,2.633107214933261275e-05,1.970245939446613193e-04,1.945846372919390888e-09,3.803396248258650303e-05,5.773544035037048161e-05,0.000000000000000000e+00,2.694615432119462639e-05,1.703105681372107938e-06,4.718689439187073731e-09
5.125257303006947041e-05,2.819396831910125911e-05,2.096978860208764672e-04,2.083512917749885673e-09,4.000746776000596583e-05,6.664309330517426133e-05,0.000000000000000000e+00,2.088819928758312017e-05,1.703105681372107938e-06,3.917997037916620684e-09
5.188363138586282730e-05,2.873272569559048861e-05,2.030565228778868914e-04,2.123326847680573337e-09,3.994204962509684265e-05,5.941644121776334941e-05,0.000000000000000000e+00,2.845251219696365297e-05,1.703105681372107938e-06,4.837292788550939804e-09
5.438592779682949185e-05,3.079355883528478444e-05,2.141516015399247408e-04,2.275620802905109485e-09,4.161182005191221833e-05,6.828597543062642217e-05,0.000000000000000000e+00,2.177207716158591211e-05,1.703105681372107938e-06,3.987177699116273288e-09
5.531504575628787279e-05,3.120228211628273129e-05,2.098167897202074528e-04,2.305825308468456569e-09,4.151367102167569101e-05,6.074262637412175536e-05,0.000000000000000000e+00,3.131086123175919056e-05,1.703105681372107938e-06,5.077573028700044233e-09
5.806010085507296026e-05,3.362012284924276173e-05,2.207825455116108060e-04,2.484501715471765237e-09,4.360845196060836315e-05,7.024443766567856073e-05,0.000000000000000000e+00,2.361719634791370481e-05,1.703105681372107938e-06,4.132226560926710590e-09
5.839556251885369420e-05,3.347474557813256979e-05,2.152609231416136026e-04,2.473758087262467598e-09,4.311462544137611985e-05,6.218594353413209319e-05,0.000000000000000000e+00,3.394719897187314928e-05,1.703105681372107938e-06,5.291975746501975664e-09
6.046529233572073281e-05,3.535904761520214379e-05,2.269243996124714613e-04,2.613007143992263082e-09,4.460270429262891412e-05,7.126493437681347132e-05,0.000000000000000000e+00,2.413803849776741117e-05,1.703105681372107938e-06,4.171106571249083572e-09
6.026080882293172181e-05,3.526079308358021080e-05,2.149085485143586993e-04,2.605745841322004708e-09,4.421000994625501335e-05,6.328053859760984778e-05,0.000000000000000000e+00,3.509160887915641069e-05,1.703105681372107938e-06,5.379569678609641414e-09
6.265497358981519938e-05,3.665476469905115664e-05,2.346850087633356452e-04,2.708759216929479408e-09,4.555319537757895887e-05,7.220556290121749043e-05,0.000000000000000000e+00,2.531706923036836088e-05,1.703105681372107938e-06,4.245865437013662813e-09
6.357343954732641578e-05,3.790496339206583798e-05,2.200798771809786558e-04,2.801148424325106134e-09,4.582183828460983932e-05,6.476831913460046053e-05,0.000000000000000000e+00,3.660491711343638599e-05,1.703105681372107938e-06,5.487235554824110295e-09
6.815389497205615044e-05,4.069391070515848696e-05,2.462021657265722752e-04,3.007248894348890644e-09,4.795760833076201379e-05,7.458456093445420265e-05,0.000000000000000000e+00,2.839769513229839504e-05,1.703105681372107938e-06,4.452656021669554320e-09
7.116887718439102173e-05,4.345733759691938758e-05,2.369589492445811629e-04,3.211464649766071489e-09,4.916824400424957275e-05,6.771722837584093213e-05,0.000000000000000000e+00,4.015645390609279275e-05,1.703105681372107938e-06,5.760612875604920191e-09
7.936261681606993079e-05,4.926887413603253663e-05,2.665473439265042543e-04,3.640932444426425718e-09,5.275223520584404469e-05,7.936567271826788783e-05,0.000000000000000000e+00,3.439011561567895114e-05,1.703105681372107938e-06,4.873991876763739128e-09
8.639388397568836808e-05,5.425960262073203921e-05,2.718829200603067875e-04,4.009743204136384520e-09,5.494882861967198551e-05,7.287451444426551461e-05,0.000000000000000000e+00,4.945985347148962319e-05,1.703105681372107938e-06,6.479464076392105198e-09
1.000662523438222706e-04,6.469487561844289303e-05,3.098347806371748447e-04,4.780902784773388703e-09,6.056282290956005454e-05,8.710724796401336789e-05,0.000000000000000000e+00,4.387895023683086038e-05,1.703105681372107938e-06,5.545488512836982409e-09
1.093101382139138877e-04,7.121520320652052760e-05,3.189698327332735062e-04,5.262749791512533193e-09,6.297105574049055576e-05,8.018617518246173859e-05,0.000000000000000000e+00,6.197952461661770940e-05,1.703105681372107938e-06,7.440935423375094615e-09
1.266810722881928086e-04,8.424733823630958796e-05,3.680791705846786499e-04,6.225814086491254784e-09,6.898498395457863808e-05,9.550323011353611946e-05,0.000000000000000000e+00,5.625816265819594264e-05,1.703105681372107938e-06,6.422505194336736167e-09
1.381022302666679025e-04,9.279884397983551025e-05,3.751635085791349411e-04,6.857763690248930288e-09,7.190788892330601811e-05,8.844870899338275194e-05,0.000000000000000000e+00,7.787030335748568177e-05,1.703105681372107938e-06,8.653815442016821180e-09
1.629655162105336785e-04,1.103112736018374562e-04,4.535283078439533710e-04,8.151920027898995613e-09,7.915102469269186258e-05,1.055876782629638910e-04,0.000000000000000000e+00,7.301414734683930874e-05,1.703105681372107938e-06,7.619710196138385072e-09
1.815154828364029527e-04,1.252861256944015622e-04,4.605615395121276379e-04,9.258549482638045447e-09,8.364540553884580731e-05,9.935305570252239704e-05,0.000000000000000000e+00,1.017320028040558100e-04,1.703105681372107938e-06,1.046881514810138469e-08
2.249949902761727571e-04,1.558830845169723034e-04,5.910280160605907440e-04,1.151964124090909536e-08,9.392332867719233036e-05,1.202911807922646403e-04,0.000000000000000000e+00,1.000909178401343524e-04,1.703105681372107938e-06,9.558245750440619304e-09
2.581771987024694681e-04,1.830291002988815308e-04,6.130950641818344593e-04,1.352571299406690741e-08,1.009806437650695443e-04,1.155164864030666649e-04,0.000000000000000000e+00,1.383858034387230873e-04,1.703105681372107938e-06,1.325337883884003531e-08
3.309872408863157034e-04,2.333873271709308028e-04,8.277178276330232620e-04,1.724714593365206383e-08,1.150149619206786156e-04,1.412945421179756522e-04,0.000000000000000000e+00,1.482813677284866571e-04,1.703105681372107938e-06,1.303284236087165482e-08
3.804665466304868460e-04,2.746315149124711752e-04,8.578459382988512516e-04,2.029506163125915918e-08,1.238972472492605448e-04,1.370180980302393436e-04,0.000000000000000000e+00,2.005044370889663696e-04,1.703105681372107938e-06,1.794050064063412719e-08
5.066596204414963722e-04,3.618003684096038342e-04,1.225126790814101696e-03,2.673677279574349086e-08,1.430749252904206514e-04,1.692665246082469821e-04,0.000000000000000000e+00,2.234657877124845982e-04,1.703105681372107938e-06,1.847497443918655335e-08
5.911880871281027794e-04,4.347934445831924677e-04,1.262737554498016834e-03,3.213090593590095523e-08,1.558030198793858290e-04,1.672636281000450253e-04,0.000000000000000000e+00,3.012086963281035423e-04,1.703105681372107938e-06,2.551553990315369447e-08
8.110890630632638931e-04,5.819937214255332947e-04,1.926049240864813328e-03,4.300889244746031181e-08,1.815919094951823354e-04,2.077073149848729372e-04,0.000000000000000000e+00,3.649037098512053490e-04,1.703105681372107938e-06,2.875329663254433399e-08
9.046249906532466412e-04,6.739897071383893490e-04,1.842632889747619629e-03,4.980732981607616239e-08,1.939762150868773460e-04,2.036798978224396706e-04,0.000000000000000000e+00,4.637200036086142063e-04,1.703105681372107938e-06,3.768568035411590245e-08
1.205291249789297581e-03,8.633557008579373360e-04,2.880489453673362732e-03,6.380133044103786233e-08,2.211948449257761240e-04,2.472574706189334393e-04,0.000000000000000000e+00,5.388653371483087540e-04,1.703105681372107938e-06,4.143501897146961710e-08
1.199873513542115688e-03,9.061844903044402599e-04,2.322709187865257263e-03,6.696634358149822219e-08,2.242860355181619525e-04,2.329651470063254237e-04,0.000000000000000000e+00,6.141799967736005783e-04,1.703105681372107938e-06,4.893345817436056677e-08
1.419807435013353825e-03,1.009363215416669846e-03,3.461708547547459602e-03,7.459117767893985729e-08,2.388785360381007195e-04,2.649779489729553461e-04,0.000000000000000000e+00,6.427341722883284092e-04,1.703105681372107938e-06,4.901912120658380445e-08
1.186389359645545483e-03,9.023412712849676609e-04,2.221646485850214958e-03,6.668233254458755255e-08,2.235413267044350505e-04,2.324699889868497849e-04,0.000000000000000000e+00,6.188352708704769611e-04,1.703105681372107938e-06,4.929735553105274448e-08
1.146724680438637733e-03,8.039112435653805733e-04,2.897664206102490425e-03,5.940843195162415213e-08,2.130294014932587743e-04,2.392099559074267745e-04,0.000000000000000000e+00,5.304699297994375229e-04,1.703105681372107938e-06,4.084997584641314461e-08
7.809096714481711388e-04,5.907274899072945118e-04,1.472258009016513824e-03,4.365431394148799882e-08,1.811035908758640289e-04,1.919592177728191018e-04,0.000000000000000000e+00,4.295640974305570126e-04,1.703105681372107938e-06,3.518412228231682093e-08
5.672924453392624855e-04,3.916827554348856211e-04,1.486591645516455173e-03,2.894505968242810923e-08,1.484793756389990449e-04,1.748400973156094551e-04,0.000000000000000000e+00,2.695048169698566198e-04,1.703105681372107938e-06,2.189478465197680634e-08
3.026442136615514755e-04,2.222897310275584459e-04,6.372694624587893486e-04,1.642704283710827440e-08,1.113551552407443523e-04,1.259092969121411443e-04,0.000000000000000000e+00,1.662755094002932310e-04,1.703105681372107938e-06,1.547909178611917014e-08
1.514166069682687521e-04,1.018075563479214907e-04,4.350189119577407837e-04,7.523500933359628107e-09,7.486132381018251181e-05,1.012392094708047807e-04,0.000000000000000000e+00,6.107163062551990151e-05,1.703105681372107938e-06,6.905136462620475868e-09
7.102157542249187827e-05,4.659736441681161523e-05,2.227689692517742515e-04,3.443509921652321282e-09,4.839444954995997250e-05,6.899093568790704012e-05,0.000000000000000000e+00,2.147320265066809952e-05,1.703105681372107938e-06,4.465137593001600180e-09
6.758129893569275737e-05,4.463584991754032671e-05,2.248304808745160699e-04,3.298555650843582043e-09,4.542303577181883156e-05,6.876233237562701106e-05,0.000000000000000000e+00,4.623987024388043210e-06,1.703105681372107938e-06,3.069525966736819100e-09
1.167101727332919836e-04,8.408894063904881477e-05,3.099689783994108438e-04,6.214108783098026834e-09,6.776116060791537166e-05,9.255774784833192825e-05,0.000000000000000000e+00,1.624330616323277354e-05,1.703105681372107938e-06,3.723210406647581294e-09
1.838547032093629241e-04,1.301419251831248403e-04,4.798571753781288862e-04,9.617390439586870343e-09,8.587511547375470400e-05,1.027703765430487692e-04,0.000000000000000000e+00,5.727059760829433799e-05,1.703105681372107938e-06,7.153215353383757247e-09
2.606883936095982790e-04,1.878286420833319426e-04,6.475430564023554325e-04,1.388039372329785692e-08,1.040036440826952457e-04,1.295577967539429665e-04,0.000000000000000000e+00,8.105434244498610497e-05,1.703105681372107938e-06,8.214993130195580306e-09
2.816109044943004847e-04,2.028937160503119230e-04,6.658248021267354488e-04,1.499368984525517590e-08,1.065134565578773618e-04,1.213037758134305477e-04,0.000000000000000000e+00,1.213468858622945845e-04,1.703105681372107938e-06,1.196121068858246872e-08
2.932662027888000011e-04,2.050257171504199505e-04,7.649663020856678486e-04,1.515124559148262051e-08,1.084168325178325176e-04,1.344777410849928856e-04,0.000000000000000000e+00,1.174387580249458551e-04,1.703105681372107938e-06,1.079015099492153240e-08
2.369125140830874443e-04,1.670496567385271192e-04,5.752814467996358871e-04,1.234484248158196351e-08,9.592345304554328322e-05,1.109338918467983603e-04,0.000000000000000000e+00,1.233470975421369076e-04,1.703105681372107938e-06,1.211462841155253045e-08
1.876080204965546727e-04,1.275281101698055863e-04,5.187403294257819653e-04,9.424231173227326508e-09,8.488878665957599878e-05,1.114117985707707703e-04,0.000000000000000000e+00,8.205872291000559926e-05,1.703105681372107938e-06,8.287458719280493824e-09
1.242887810803949833e-04,8.198719297070056200e-05,3.541848855093121529e-04,6.058791246488226534e-09,6.710076559102162719e-05,8.405004336964339018e-05,0.000000000000000000e+00,6.883103924337774515e-05,1.703105681372107938e-06,8.032170484284506529e-09
8.593294478487223387e-05,5.713424252462573349e-05,2.585526963230222464e-04,4.222177274471050623e-09,5.593008972937241197e-05,8.225940837292000651e-05,0.000000000000000000e+00,2.943427716672886163e-05,1.703105681372107938e-06,4.622759952610522305e-09
6.364731234498322010e-05,4.041129795950837433e-05,2.123503218172118068e-04,2.986364266988061900e-09,4.395555879455059767e-05,6.495620618807151914e-05,0.000000000000000000e+00,2.000982385652605444e-05,1.703105681372107938e-06,4.292873168054711641e-09
6.110197136877104640e-05,4.035765959997661412e-05,2.007342845899984241e-04,2.982400326700940241e-09,4.207165329717099667e-05,6.682419916614890099e-05,0.000000000000000000e+00,6.708868113491917029e-06,1.703105681372107938e-06,3.126967573763295150e-09
6.636014586547389627e-05,4.480540883378125727e-05,2.100705023622140288e-04,3.311086071988711410e-09,4.643285501515492797e-05,7.054183515720069408e-05,0.000000000000000000e+00,5.476861588249448687e-06,1.703105681372107938e-06,3.019892336197926852e-09
7.329208892770111561e-05,4.851864287047646940e-05,2.345555985812097788e-04,3.585490571111904501e-09,5.025307109463028610e-05,7.130146695999428630e-05,0.000000000000000000e+00,1.317884925811085850e-05,1.703105681372107938e-06,3.690617589313660574e-09
8.143918967107310891e-05,5.295363735058344901e-05,2.694169525057077408e-04,3.913233737051768912e-09,5.484411667566746473e-05,8.000718662515282631e-05,0.000000000000000000e+00,1.543858707009349018e-05,1.703105681372107938e-06,3.570673534625257162e-09
8.302718924824148417e-05,5.386126576922833920e-05,2.582065062597393990e-04,3.980306306772263270e-09,5.481229163706302643e-05,7.393022679025307298e-05,0.000000000000000000e+00,3.345275035826489329e-05,1.703105681372107938e-06,5.236703959354827020e-09
8.419108780799433589e-05,5.135755782248452306e-05,2.983734884764999151e-04,3.795284531094011982e-09,5.433960541267879307e-05,8.050401811487972736e-05,0.000000000000000000e+00,2.996180046466179192e-05,1.703105681372107938e-06,4.544062903732992709e-09
7.857175660319626331e-05,4.912591975880786777e-05,2.523021248634904623e-04,3.630368228257907504e-09,5.213049371377564967e-05,7.057312177494168282e-05,0.000000000000000000e+00,4.215622175252065063e-05,1.703105681372107938e-06,5.907924371939543562e-09
7.626227306900545955e-05,4.634173092199489474e-05,2.689604589249938726e-04,3.424618810754509468e-09,5.100532871438190341e-05,7.773049583192914724e-05,0.000000000000000000e+00,3.024490433745086193e-05,1.703105681372107938e-06,4.581848678242295136e-09
7.113512401701882482e-05,4.421441190061159432e-05,2.314188895979896188e-04,3.267411452512192227e-09,4.903081207885406911e-05,6.807424506405368447e-05,0.000000000000000000e+00,3.778819882427342236e-05,1.703105681372107938e-06,5.599748664764092609e-09
6.917158316355198622e-05,4.392731352709233761e-05,2.312580472789704800e-04,3.246195312556210411e-09,4.853903737966902554e-05,7.493290468119084835e-05,0.000000000000000000e+00,2.118466727552004158e-05,1.703105681372107938e-06,3.974968798559075367e-09
6.312569894362241030e-05,3.992637357441708446e-05,2.074003277812153101e-04,2.950528710243816022e-09,4.537193672149442136e-05,6.589684198843315244e-05,0.000000000000000000e+00,2.459291499690152705e-05,1.703105681372107938e-06,4.578029066948374748e-09
5.782867447123862803e-05,3.684904731926508248e-05,1.972830505110323429e-04,2.723116843128536857e-09,4.291737423045560718e-05,6.879988359287381172e-05,0.000000000000000000e+00,1.251323192263953388e-05,1.703105681372107938e-06,3.380719704182411078e-09
4.871056808042339981e-05,2.965819658129476011e-05,1.780144812073558569e-04,2.191718140309717455e-09,3.737452789209783077e-05,5.956690802122466266e-05,0.000000000000000000e+00,1.250921377504710108e-05,1.703105681372107938e-06,3.596968944918899069e-09
3.961559559684246778e-05,2.255559775221627206e-05,1.646737800911068916e-04,1.666841553671360998e-09,3.196894613211043179e-05,5.804589090985246003e-05,0.000000000000000000e+00,5.926206540607381612e-06,1.703105681372107938e-06,2.930538256507020378e-09
2.976017094624694437e-05,1.411308221577201039e-05,1.502996747149154544e-04,1.042946173868131154e-09,2.521107307984493673e-05,4.911251744488254189e-05,0.000000000000000000e+00,6.171213044581236318e-06,1.703105681372107938e-06,3.049070995686520291e-09
2.150036380044184625e-05,7.239297246997011825e-06,1.380624598823487759e-04,5.349785614505719877e-10,1.830955443438142538e-05,4.468273618840612471e-05,0.000000000000000000e+00,4.548207471088971943e-06,1.703105681372107938e-06,2.872731386105442652e-09
1.589290332049131393e-05,2.427589834042009898e-06,1.299420109717175364e-04,1.793970250130172417e-10,1.101137149817077443e-05,3.726776776602491736e-05,0.000000000000000000e+00,4.711119345301995054e-06,1.703105681372107938e-06,2.904617657506491923e-09
1.411837820342043415e-05,7.988383003976196051e-07,1.272294466616585851e-04,5.903354194369825336e-11,6.036601462255930528e-06,3.250055306125432253e-05,0.000000000000000000e+00,5.965946911601349711e-06,1.703105681372107938e-06,3.036088269681158636e-09
1.582622462592553347e-05,2.364005467825336382e-06,1.294485118705779314e-04,1.746982281058961917e-10,1.102958594856318086e-05,3.932389518013224006e-05,0.000000000000000000e+00,5.173687441129004583e-06,1.703105681372107938e-06,2.929792852768287048e-09
1.956886444531846792e-05,5.282820893626194447e-06,1.346953504253178835e-04,3.903964651552627174e-10,1.624125252419617027e-05,3.998638203484006226e-05,0.000000000000000000e+00,8.165084182110149413e-06,1.703105681372107938e-06,3.240628654310739876e-09
2.368293098697904497e-05,9.148928256763610989e-06,1.393316488247364759e-04,6.760988435772219418e-10,2.117662916134577245e-05,4.819908645004034042e-05,0.000000000000000000e+00,6.008383024891372770e-06,1.703105681372107938e-06,2.968159940053283208e-09
2.651651266205590218e-05,1.106733543565496802e-05,1.447003887733444571e-04,8.178677179948579123e-10,2.319688428542576730e-05,4.622868436854332685e-05,0.000000000000000000e+00,9.791384400159586221e-06,1.703105681372107938e-06,3.368295864447645727e-09
2.771011168078985065e-05,1.253184382221661508e-05,1.451723364880308509e-04,9.260937017252501846e-10,2.497986679372843355e-05,5.161651642993092537e-05,0.000000000000000000e+00,6.610342552448855713e-06,1.703105681372107938e-06,2.977466717624110970e-09
2.650707028806209564e-05,1.111061192204942927e-05,1.438740000594407320e-04,8.210658264395931383e-10,2.366489206906408072e-05,4.638468089979141951e-05,0.000000000000000000e+00,1.009059178613824770e-05,1.703105681372107938e-06,3.374951429435668615e-09
2.422655961709097028e-05,9.395188499183859676e-06,1.416845771018415689e-04,6.942972863299701203e-10,2.194408807554282248e-05,4.876446109847165644e-05,0.000000000000000000e+00,6.629119070566957816e-06,1.703105681372107938e-06,2.963819856205418546e-09
2.129991844412870705e-05,6.833512543380493298e-06,1.355096464976668358e-04,5.049913820442952783e-10,1.883322875073645264e-05,4.159538730164058506e-05,0.000000000000000000e+00,9.154400686384178698e-06,1.703105681372107938e-06,3.300524076266242446e-09
1.910338869492989033e-05,5.028867235523648560e-06,1.345821947325021029e-04,3.716295049471796119e-10,1.643305404286365956e-05,4.382901170174591243e-05,0.000000000000000000e+00,6.163017587823560461e-06,1.703105681372107938e-06,2.944650745462240593e-09
1.773150688677560538e-05,3.739774456334998831e-06,1.310578809352591634e-04,2.763664852523106674e-10,1.434884870832320303e-05,3.719876258401200175e-05,0.000000000000000000e+00,8.859444278641603887e-06,1.703105681372107938e-06,3.286689143067178520e-09
1.721657645248342305e-05,3.560280219971900806e-06,1.307815255131572485e-04,2.631020123988747628e-10,1.385582709190202877e-05,4.144126069149933755e-05,0.000000000000000000e+00,5.781435447715921327e-06,1.703105681372107938e-06,2.947365240757449101e-09
1.700327447906602174e-05,3.268099590059136972e-06,1.291599764954298735e-04,2.415100897046329465e-10,1.328804046352161095e-05,3.687032585730776191e-05,0.000000000000000000e+00,8.191758752218447626e-06,1.703105681372107938e-06,3.244719604111878652e-09
1.679554588918108493e-05,3.428496256674407050e-06,1.285285979975014925e-04,2.533633025603165834e-10,1.358390272798715159e-05,4.068971975357271731e-05,0.000000000000000000e+00,5.141905603522900492e-06,1.703105681372107938e-06,2.922386777015617554e-09
1.643974974285811186e-05,3.095103011219180189e-06,1.265610189875587821e-04,2.287257605537718064e-10,1.302114560530753806e-05,3.758009552257135510e-05,0.000000000000000000e+00,6.885451057314639911e-06,1.703105681372107938e-06,3.128084236081463132e-09
1.587635233590845019e-05,2.740963054748135619e-06,1.266793988179415464e-04,2.025551115725221507e-10,1.218462421093136072e-05,3.892563472618348897e-05,0.000000000000000000e+00,4.674487172451335937e-06,1.703105681372107938e-06,2.893467687670181476e-09
1.510704896645620465e-05,2.228729044873034582e-06,1.231983478646725416e-04,1.647013636585370477e-10,1.086171414499403909e-05,3.651624501799233258e-05,0.000000000000000000e+00,5.584847713180352002e-06,1.703105681372107938e-06,3.002178505795427554e-09
1.427079405402764678e-05,1.555488324811449274e-06,1.225919550051912665e-04,1.149493972230075656e-10,8.938021892390679568e-06,3.590880442061461508e-05,0.000000000000000000e+00,4.561097284749848768e-06,1.703105681372107938e-06,2.890074624062322073e-09
1.349497233604779467e-05,9.695665994513547048e-07,1.203845240524969995e-04,7.165023435673489871e-11,6.838147328380728140e-06,3.434214886510744691e-05,0.000000000000000000e+00,4.869526947004487738e-06,1.703105681372107938e-06,2.927153186504938276e-09
1.306257490796269849e-05,6.127602318883873522e-07,1.194740107166580856e-04,4.528251731916732581e-11,5.048677394370315596e-06,3.215378819731995463e-05,0.000000000000000000e+00,5.024131496611516923e-06,1.703105681372107938e-06,2.944687604866658148e-09
1.308216997131239623e-05,6.722859211549803149e-07,1.194130818475969136e-04,4.968142217065540933e-11,5.222181243880186230e-06,3.481532621663063765e-05,0.000000000000000000e+00,4.685763542511267588e-06,1.703105681372107938e-06,2.897912354526965828e-09
1.342197992926230654e-05,8.439000112048233859e-07,1.199598991661332548e-04,6.236357263933456352e-11,6.250754267966840416e-06,3.212942465324886143e-05,0.000000000000000000e+00,5.820892511110287160e-06,1.703105681372107938e-06,3.024949624119699365e-09
1.382142181682866067e-05,1.337960156888584606e-06,1.199754406115971506e-04,9.887423518817328727e-11,8.131620234053116292e-06,3.646149707492440939e-05,0.000000000000000000e+00,4.859171440330101177e-06,1.703105681372107938e-06,2.902933227133530636e-09
1.426928611181210726e-05,1.525517632217088249e-06,1.210904301842674613e-04,1.127345924945011291e-10,8.943533430283423513e-06,3.393236693227663636e-05,0.000000000000000000e+00,6.347249836835544556e-06,1.703105681372107938e-06,3.071844112412236427e-09
1.459840314055327326e-05,1.977618694581906311e-06,1.213891519000753760e-04,1.461445270356520609e-10,1.017002614389639348e-05,3.786736851907335222e-05,0.000000000000000000e+00,4.818683009943924844e-06,1.703105681372107938e-06,2.893294492878339952e-09
1.480154151067836210e-05,2.032792281170259230e-06,1.210473055834881961e-04,1.502218210935879483e-10,1.042854091792833060e-05,3.513053889037109911e-05,0.000000000000000000e+00,6.640187166340183467e-06,1.703105681372107938e-06,3.095250500351198752e-09
1.479981256125029176e-05,2.135710701622883789e-06,1.217754397657699883e-04,1.578274039237825832e-10,1.067016182787483558e-05,3.817661126959137619e-05,0.000000000000000000e+00,4.865577921009389684e-06,1.703105681372107938e-06,2.891977768371134516e-09
1.440370670025004074e-05,1.782243202796962578e-06,1.197820820380002260e-04,1.317064235450970955e-10,9.719616173242684454e-06,3.463769462541677058e-05,0.000000000000000000e+00,6.432552254409529269e-06,1.703105681372107938e-06,3.077452959132642718e-09
1.368059838569024578e-05,1.337786557087383699e-06,1.186818262794986367e-04,9.886141211223886671e-11,8.227099897339940071e-06,3.641577495727688074e-05,0.000000000000000000e+00,4.746285412693396211e-06,1.703105681372107938e-06,2.895966577654007779e-09
1.299693576584104449e-05,7.490725693060085177e-07,1.168099770438857377e-04,5.535589348015790279e-11,5.932713065703865141e-06,3.264533370384015143e-05,0.000000000000000000e+00,5.668653102475218475e-06,1.703105681372107938e-06,3.011304983147056191e-09
1.250936111318878829e-05,4.608775157066702377e-07,1.155856080004014075e-04,3.405849560711438073e-11,4.022273060400038958e-06,3.334026041557081044e-05,0.000000000000000000e+00,4.899231043964391574e-06,1.703105681372107938e-06,2.929897657821811663e-09
1.238810637005371973e-05,3.780301369715743931e-07,1.151429896708577871e-04,2.793614298224333936e-11,3.251375346735585481e-06,3.291979010100476444e-05,0.000000000000000000e+00,4.957762939739041030e-06,1.703105681372107938e-06,2.937213361420276669e-09
1.259015061805257574e-05,5.055663905295659788e-07,1.153891353169456124e-04,3.736097195505827528e-11,4.423221525939879939e-06,3.189063500030897558e-05,0.000000000000000000e+00,5.456707640405511484e-06,1.703105681372107938e-06,2.990540481917491888e-09
1.292636534344637766e-05,8.513215448147093412e-07,1.159890380222350359e-04,6.291201587460548694e-11,6.144544386188499629e-06,3.520719110383652151e-05,0.000000000000000000e+00,4.761393483931897208e-06,1.703105681372107938e-06,2.903196572034971723e-09
1.323876313108485192e-05,1.024928224069299176e-06,1.161286563728936017e-04,7.574141314137250447e-11,7.081776402628747746e-06,3.258266588090918958e-05,0.000000000000000000e+00,6.009689059283118695e-06,1.703105681372107938e-06,3.041220164590185959e-09
1.340701055596582592e-05,1.234289584317593835e-06,1.169860697700642049e-04,9.121305794002054768e-11,7.646054655197076499e-06,3.644117168732918799e-05,0.000000000000000000e+00,4.741131306218449026e-06,1.703105681372107938e-06,2.888297823133711972e-09
1.345493183180224150e-05,1.231761984854529146e-06,1.159911917056888342e-04,9.102627679391517290e-11,7.837948942324146628e-06,3.286958235548809171e-05,0.000000000000000000e+00,6.240496986720245332e-06,1.703105681372107938e-06,3.060058428872025615e-09
1.348237128695473075e-05,1.319150783274380956e-06,1.168873059214092791e-04,9.748424290023649519e-11,8.009165867406409234e-06,3.666194606921635568e-05,0.000000000000000000e+00,4.744902071251999587e-06,1.703105681372107938e-06,2.887224903602714221e-09
1.339354093943256885e-05,1.199782445837627165e-06,1.155700883828103542e-04,8.866300749144073734e-11,7.769512194499839097e-06,3.283109617768786848e-05,0.000000000000000000e+00,6.367487912939395756e-06,1.703105681372107938e-06,3.073720833413062792e-09
1.334041189693380147e-05,1.271484848075488117e-06,1.158607483375817537e-04,9.396175504328141415e-11,7.812552212271839380e-06,3.660280344774946570e-05,0.000000000000000000e+00,4.828521923627704382e-06,1.703105681372107938e-06,2.894912531914428655e-09
1.333089221589034423e-05,1.197780079564836342e-06,1.151246397057548165e-04,8.851503557893991569e-11,7.726283911324571818e-06,3.269272565376013517e-05,0.000000000000000000e+00,6.206483703863341361e-06,1.703105681372107938e-06,3.061441766760708560e-09
1.346089266007766128e-05,1.429616872883343603e-06,1.154856799985282123e-04,1.056476087168967126e-10,8.344740308530163020e-06,3.702485264511778951e-05,0.000000000000000000e+00,4.827078555535990745e-06,1.703105681372107938e-06,2.895391926216461798e-09
1.379066088702529669e-05,1.529652649878698867e-06,1.157414371846243739e-04,1.130401813820292034e-10,8.892121513781603426e-06,3.326095975353382528e-05,0.000000000000000000e+00,6.868644049973227084e-06,1.703105681372107938e-06,3.117899716187366721e-09
1.470088227506494150e-05,2.396553099970333278e-06,1.178078673547133803e-04,1.771034568998075542e-10,1.117367537517566234e-05,3.914895205525681376e-05,0.000000000000000000e+00,5.235427124716807157e-06,1.703105681372107938e-06,2.907265539420222922e-09
1.688618431217037141e-05,3.870415639539714903e-06,1.214281073771417141e-04,2.860207626298461037e-10,1.444116969651076943e-05,3.738156374311074615e-05,0.000000000000000000e+00,8.729580258659552783e-06,1.703105681372107938e-06,3.275609783415234233e-09
2.130347093043383211e-05,7.361483312706695870e-06,1.319216826232150197e-04,5.440080053098483859e-10,2.015842437685932964e-05,4.702687874669209123e-05,0.000000000000000000e+00,7.498189006582833827e-06,1.703105681372107938e-06,3.032501361133199680e-09
2.914088327088393271e-05,1.285560665564844385e-05,1.461419597035273910e-04,9.500196185285858519e-10,2.671961738087702543e-05,4.776110654347576201e-05,0.000000000000000000e+00,1.671080462983809412e-05,1.703105681372107938e-06,3.923029900931851444e-09
4.410015390021726489e-05,2.420989221718627959e-05,1.817239972297102213e-04,1.789092651804935485e-09,3.702098183566704392e-05,6.356848462019115686e-05,0.000000000000000000e+00,1.717862505756784230e-05,1.703105681372107938e-06,3.674439863488032643e-09
6.912112439749762416e-05,4.234925654600374401e-05,2.287037204951047897e-04,3.129577708094188893e-09,4.851883204537443817e-05,6.713622860843315721e-05,0.000000000000000000e+00,3.901490708813071251e-05,1.703105681372107938e-06,5.668326252816768829e-09
1.155488280346617103e-04,7.722836016910150647e-05,3.328734892420470715e-04,5.707117889386381648e-09,6.603988003917038441e-05,9.250416042050346732e-05,0.000000000000000000e+00,5.033116758568212390e-05,1.703105681372107938e-06,5.994681195886641945e-09
1.849323598435148597e-04,1.278797572012990713e-04,4.668324545491486788e-04,9.450217497430912772e-09,8.448727749055251479e-05,1.000116244540549815e-04,0.000000000000000000e+00,1.036935718730092049e-04,1.703105681372107938e-06,1.061148324765781581e-08
3.247886197641491890e-04,2.304731315234676003e-04,7.901232456788420677e-04,1.703178753587053507e-08,1.142397013609297574e-04,1.406150840921327472e-04,0.000000000000000000e+00,1.530316949356347322e-04,1.703105681372107938e-06,1.336263633078260682e-08
5.215955316089093685e-04,3.787947352975606918e-04,1.142766792327165604e-03,2.799264464670159214e-08,1.454428274882957339e-04,1.571193570271134377e-04,0.000000000000000000e+00,2.852415782399475574e-04,1.703105681372107938e-06,2.429378653800995380e-08
9.647391852922737598e-04,6.961143226362764835e-04,2.217121189460158348e-03,5.144232417819694092e-08,1.982913963729515672e-04,2.245730865979567170e-04,0.000000000000000000e+00,4.691273788921535015e-04,1.703105681372107938e-06,3.633167011685145553e-08
1.452439115382730961e-03,1.081775058992207050e-03,2.916752360761165619e-03,7.994234607622274780e-08,2.451167092658579350e-04,2.523502334952354431e-04,0.000000000000000000e+00,7.898884359747171402e-04,1.703105681372107938e-06,6.202782998343536747e-08
2.688367152586579323e-03,1.940253772772848606e-03,6.166216917335987091e-03,1.433832892416830873e-07,3.308445739094167948e-04,3.570319095160812140e-04,0.000000000000000000e+00,1.314918743446469307e-03,1.703105681372107938e-06,9.821454938219176256e-08
3.324849298223853111e-03,2.529262565076351166e-03,6.130981259047985077e-03,1.869105830110129318e-07,3.729087766259908676e-04,3.763267013709992170e-04,0.000000000000000000e+00,1.824887935072183609e-03,1.703105681372107938e-06,1.390616830576618668e-07
5.450090393424034119e-03,3.887903410941362381e-03,1.295325346291065216e-02,2.873130995340034133e-07,4.678770201280713081e-04,4.939573118463158607e-04,0.000000000000000000e+00,2.668616594746708870e-03,1.703105681372107938e-06,1.975668055820278823e-07
4.461352713406085968e-03,3.497455734759569168e-03,7.132950704544782639e-03,2.584593232768384041e-07,4.338943108450621367e-04,4.369794623926281929e-04,0.000000000000000000e+00,2.506020013242959976e-03,1.703105681372107938e-06,1.896241030863166088e-07
4.620219580829143524e-03,3.189856652170419693e-03,1.211304683238267899e-02,2.357279669240597286e-07,4.224099102430045605e-04,4.484961100388318300e-04,0.000000000000000000e+00,2.190583385527133942e-03,1.703105681372107938e-06,1.623594130251149181e-07
1.994548831135034561e-03,1.619744580239057541e-03,2.679081633687019348e-03,1.196979013684540405e-07,2.940630656667053699e-04,3.031422384083271027e-04,0.000000000000000000e+00,1.068960526026785374e-03,1.703105681372107938e-06,8.275925722500687698e-08
5.044883582741022110e-04,2.769713464658707380e-04,2.054098527878522873e-03,2.046797398236321897e-08,1.230631605722010136e-04,1.494233001722022891e-04,0.000000000000000000e+00,2.210716484114527702e-04,1.703105681372107938e-06,1.833531726447290566e-08
7.219320832518860698e-05,2.176015914301387966e-05,4.940271610394120216e-04,1.608059241320347610e-09,3.246476626372896135e-05,6.042092354618944228e-05,0.000000000000000000e+00,1.030331623042002320e-05,1.703105681372107938e-06,3.469013742929405453e-09
8.082721615210175514e-04,5.871683824807405472e-04,1.800547703169286251e-03,4.339130299513271893e-08,1.822426420403644443e-04,1.924828829942271113e-04,0.000000000000000000e+00,4.104896215721964836e-04,1.703105681372107938e-06,3.422288230581216339e-08
2.259964589029550552e-03,1.694647362455725670e-03,4.578677937388420105e-03,1.252331429668629426e-07,3.063468320760875940e-04,3.324718563817441463e-04,0.000000000000000000e+00,1.074494910426437855e-03,1.703105681372107938e-06,8.126936279495566851e-08
2.551356796175241470e-03,1.821481157094240189e-03,5.841083824634552002e-03,1.346060827245310065e-07,3.181907231919467449e-04,3.222179366275668144e-04,0.000000000000000000e+00,1.457673031836748123e-03,1.703105681372107938e-06,1.123756874221726321e-07
2.747949445620179176e-03,2.036498626694083214e-03,5.863795056939125061e-03,1.504957083398039686e-07,3.366157470736652613e-04,3.628076228778809309e-04,0.000000000000000000e+00,1.250711735337972641e-03,1.703105681372107938e-06,9.384915244936564704e-08
1.201033592224121094e-03,9.210056159645318985e-04,2.248090459033846855e-03,6.806161678696298623e-08,2.244151692138984799e-04,2.342050429433584213e-04,0.000000000000000000e+00,5.521896528080105782e-04,1.703105681372107938e-06,4.435918654621673340e-08
2.446519793011248112e-04,1.278987037949264050e-04,1.062248367816209793e-03,9.451616378441940469e-09,8.444050035905092955e-05,1.101758680306375027e-04,0.000000000000000000e+00,1.052842853823676705e-04,1.703105681372107938e-06,9.793597044449597888e-09
1.711347576929256320e-04,8.279033500002697110e-05,8.078670944087207317e-04,6.118143769384687403e-09,6.545675569213926792e-05,9.201192006003111601e-05,0.000000000000000000e+00,7.557711796835064888e-05,1.703105681372107938e-06,7.644939792328386829e-09
7.866881205700337887e-04,6.147290114313364029e-04,1.336618792265653610e-03,4.542800979834282771e-08,1.818462042137980461e-04,1.939942885655909777e-04,0.000000000000000000e+00,3.829718916676938534e-04,1.703105681372107938e-06,3.160608841312750883e-08
1.445469213649630547e-03,1.033289008773863316e-03,3.460538107901811600e-03,7.635927090632321779e-08,2.412996545899659395e-04,2.674911811482161283e-04,0.000000000000000000e+00,6.612637662328779697e-04,1.703105681372107938e-06,5.055778373730390740e-08
1.060241600498557091e-03,7.484271773137152195e-04,2.489569364115595818e-03,5.530820246235634841e-08,2.047917951131239533e-04,2.129801723640412092e-04,0.000000000000000000e+00,6.285746931098401546e-04,1.703105681372107938e-06,5.038837613824398431e-08
5.400860682129859924e-04,4.093101306352764368e-04,1.106921932660043240e-03,3.024770833803813730e-08,1.507848210167139769e-04,1.767695939633995295e-04,0.000000000000000000e+00,2.008371811825782061e-04,1.703105681372107938e-06,1.731719834197065211e-08
1.367687073070555925e-04,8.317698666360229254e-05,5.078061949461698532e-04,6.146716469146440431e-09,6.582424248335883021e-05,8.448692096862941980e-05,0.000000000000000000e+00,2.811093509080819786e-05,1.703105681372107938e-06,5.251590717847420819e-09
2.294424484716728330e-04,1.530626905150711536e-04,6.858404958620667458e-04,1.131121685205016547e-08,8.991796494228765368e-05,1.057539120665751398e-04,0.000000000000000000e+00,7.795714918756857514e-05,1.703105681372107938e-06,9.040912907209985860e-09
5.687653319910168648e-04,4.277905973140150309e-04,1.159892417490482330e-03,3.161339634516480146e-08,1.544123078929260373e-04,1.805249485187232494e-04,0.000000000000000000e+00,2.498552785255014896e-04,1.703105681372107938e-06,2.062694726134850498e-08
6.115032592788338661e-04,4.387651861179620028e-04,1.388063887134194374e-03,3.242442048190241621e-08,1.548884611111134291e-04,1.664193405304104090e-04,0.000000000000000000e+00,3.393167862668633461e-04,1.703105681372107938e-06,2.846619828744678671e-08
4.464494122657924891e-04,3.040388983208686113e-04,1.230885856784880161e-03,2.246824593044038920e-08,1.313454849878326058e-04,1.577799994265660644e-04,0.000000000000000000e+00,1.932194572873413563e-04,1.703105681372107938e-06,1.625243051250890858e-08
1.688670454313978553e-04,1.197490782942622900e-04,4.547156859189271927e-04,8.849365684682197752e-09,7.981053931871429086e-05,9.804095316212624311e-05,0.000000000000000000e+00,3.646401091828010976e-05,1.703105681372107938e-06,5.445728756825474193e-09
1.360825554002076387e-04,9.774477803148329258e-05,3.760578110814094543e-04,7.223265097167086424e-09,6.521646719193086028e-05,8.752054418437182903e-05,0.000000000000000000e+00,7.319876658584689721e-06,1.703105681372107938e-06,3.183908248161060328e-09
2.856093924492597580e-04,2.109035121975466609e-04,6.639690836891531944e-04,1.558560747128012736e-08,1.056334876921027899e-04,1.313367683906108141e-04,0.000000000000000000e+00,8.308965334435924888e-05,1.703105681372107938e-06,8.428673758942295535e-09
3.361937706358730793e-04,2.330215647816658020e-04,8.365499088540673256e-04,1.722011688798374962e-08,1.138337102020159364e-04,1.278908457607030869e-04,0.000000000000000000e+00,1.951719168573617935e-04,1.703105681372107938e-06,1.772958668766477786e-08
2.637901052366942167e-04,1.895133900688961148e-04,6.407830514945089817e-04,1.400489679781458108e-08,1.036095491144806147e-04,1.300328585784882307e-04,0.000000000000000000e+00,1.019842893583700061e-04,1.703105681372107938e-06,9.948774248869085568e-09
1.266765611944720149e-04,7.278197153937071562e-05,4.791834217030555010e-04,5.378531842126221818e-09,6.421960279112681746e-05,8.102813444565981627e-05,0.000000000000000000e+00,5.976246393402107060e-05,1.703105681372107938e-06,7.506203658635968168e-09
1.078789500752463937e-04,7.529026333941146731e-05,3.202433872502297163e-04,5.563893346050008404e-09,5.876404975424520671e-05,8.238630107371136546e-05,0.000000000000000000e+00,5.643536496791057289e-06,1.703105681372107938e-06,3.159036587874197721e-09
1.729002397041767836e-04,1.278441050089895725e-04,4.255572857800871134e-04,9.447583160238082201e-09,7.893695874372497201e-05,1.035751483868807554e-04,0.000000000000000000e+00,2.500402115401811898e-05,1.703105681372107938e-06,4.311289547587193738e-09
1.882297656266018748e-04,1.376673171762377024e-04,4.392388218548148870e-04,1.017351003440580826e-08,8.452203474007546902e-05,1.027612306643277407e-04,0.000000000000000000e+00,6.638572085648775101e-05,1.703105681372107938e-06,7.783198086031006824e-09
1.397081068716943264e-04,8.636503480374813080e-05,4.799154703505337238e-04,6.382310235863997150e-09,6.963167834328487515e-05,9.602124191587790847e-05,0.000000000000000000e+00,5.351517756935209036e-05,1.703105681372107938e-06,6.156696485959400889e-09
7.492049189750105143e-05,4.461583739612251520e-05,2.756545145530253649e-04,3.297076389685571485e-09,4.900171916233375669e-05,6.850100180599838495e-05,0.000000000000000000e+00,2.739205228863283992e-05,1.703105681372107938e-06,4.689678423375198690e-09
7.903451478341594338e-05,4.876703314948827028e-05,2.967513864859938622e-04,3.603846776556451914e-09,4.865448499913327396e-05,7.276355609064921737e-05,0.000000000000000000e+00,5.923432581766974181e-06,1.703105681372107938e-06,2.884338101694083889e-09
1.203365827677771449e-04,8.676815195940434933e-05,3.261191886849701405e-04,6.412100628239159050e-09,6.239958747755736113e-05,8.676955621922388673e-05,0.000000000000000000e+00,9.565099389874376357e-06,1.703105681372107938e-06,3.180870677965685900e-09
1.194718133774586022e-04,8.299468026962131262e-05,3.351542691234499216e-04,6.133244134787219082e-09,6.388249312294647098e-05,8.429306762991473079e-05,0.000000000000000000e+00,2.961702011816669255e-05,1.703105681372107938e-06,5.008737424816445127e-09
7.517181802541017532e-05,4.726517363451421261e-05,2.621907042339444160e-04,3.492860445319934115e-09,4.933546733809635043e-05,7.554134936071932316e-05,0.000000000000000000e+00,1.687567419139668345e-05,1.703105681372107938e-06,3.773324763756136235e-09
3.885758997057564557e-05,1.361082286166492850e-05,2.299488551216199994e-04,1.005829530775770309e-09,2.685348772502038628e-05,4.735871698358096182e-05,0.000000000000000000e+00,2.251883597637061030e-05,1.703105681372107938e-06,4.491292671104929468e-09
5.594926187768578529e-05,3.247035056119784713e-05,2.286098024342209101e-04,2.399534571040362607e-09,3.963218841818161309e-05,6.461823068093508482e-05,0.000000000000000000e+00,6.179321644594892859e-06,1.703105681372107938e-06,3.078341581641552693e-09
9.048033825820311904e-05,6.206676334841176867e-05,2.784757234621793032e-04,4.586687030183611569e-09,5.199819133849814534e-05,7.669267506571486592e-05,0.000000000000000000e+00,5.660072019963990897e-06,1.703105681372107938e-06,2.976431989765160324e-09
8.539201371604576707e-05,5.803678504889830947e-05,2.632617251947522163e-04,4.288874144720011827e-09,5.078779577161185443e-05,7.362907490460202098e-05,0.000000000000000000e+00,1.029053873935481533e-05,1.703105681372107938e-06,3.381221302944936724e-09
4.655341399484314024e-05,2.405514715064782649e-05,2.184643963119015098e-04,1.777657021584388986e-09,3.382186332601122558e-05,5.968607365502975881e-05,0.000000000000000000e+00,6.518287591461557895e-06,1.703105681372107938e-06,2.908382423782995829e-09
2.122481964761391282e-05,3.137505473205237649e-06,1.739241124596446753e-04,2.318592817740494638e-10,1.248437183676287532e-05,3.625256067607551813e-05,0.000000000000000000e+00,6.949021553737111390e-06,1.703105681372107938e-06,3.039374529834049099e-09
3.608839688240550458e-05,1.551568493596278131e-05,2.010150055866688490e-04,1.146597261580950544e-09,2.713457070058211684e-05,5.194963159738108516e-05,0.000000000000000000e+00,4.712105237558716908e-06,1.703105681372107938e-06,2.825448097709681861e-09
6.128416134743019938e-05,3.828748958767391741e-05,2.245019859401509166e-04,2.829416256844297095e-09,4.130282832193188369e-05,6.625687092309817672e-05,0.000000000000000000e+00,5.464751666295342147e-06,1.703105681372107938e-06,2.896610951097500219e-09
5.902607881580479443e-05,3.560763798304833472e-05,2.276754239574074745e-04,2.631377560291525697e-09,3.979596658609807491e-05,6.358434620779007673e-05,0.000000000000000000e+00,6.508967544505139813e-06,1.703105681372107938e-06,3.082183397395965585e-09
3.398904664209112525e-05,1.481400522607145831e-05,1.857371680671349168e-04,1.094743740104320295e-09,2.600257903395686299e-05,5.160545697435736656e-05,0.000000000000000000e+00,6.013247457303805277e-06,1.703105681372107938e-06,3.037683882212149911e-09
1.789568887033965439e-05,1.033785110848839395e-06,1.623620337340980768e-04,7.639593818664636160e-11,6.808740636188304052e-06,3.568000101950019598e-05,0.000000000000000000e+00,6.257014319999143481e-06,1.703105681372107938e-06,3.077095911407923268e-09
2.701199446164537221e-05,8.816135050437878817e-06,1.744941400829702616e-04,6.515056827360865555e-10,2.015005884459242225e-05,4.508340862230397761e-05,0.000000000000000000e+00,7.464455848094075918e-06,1.703105681372107938e-06,3.194633890757359040e-09
4.299433931009843946e-05,2.279382533743046224e-05,1.962987444130703807e-04,1.684446471195144568e-09,3.242656021029688418e-05,5.840051744598895311e-05,0.000000000000000000e+00,5.706402589567005634e-06,1.703105681372107938e-06,2.974092527807670194e-09
4.232567880535498261e-05,2.239549576188437641e-05,1.935952604981139302e-04,1.655010350987140555e-09,3.178374026902019978e-05,5.646084173349663615e-05,0.000000000000000000e+00,5.706567208108026534e-06,1.703105681372107938e-06,3.008801874315736313e-09
2.833735743479337543e-05,1.060220438375836238e-05,1.715801627142354846e-04,7.834948245744044470e-10,2.292882345500402153e-05,4.820661342819221318e-05,0.000000000000000000e+00,5.771383712271926925e-06,1.703105681372107938e-06,2.995059755761531051e-09
1.990263626794330776e-05,2.616766096252831630e-06,1.680984278209507465e-04,1.933770366058240597e-10,1.152207914856262505e-05,3.926098361262120306e-05,0.000000000000000000e+00,4.760284355143085122e-06,1.703105681372107938e-06,2.847048818921393831e-09
2.426145147182978690e-05,7.077381724229780957e-06,1.638951071072369814e-04,5.230131328026743631e-10,1.906967190734576434e-05,4.234217703924514353e-05,0.000000000000000000e+00,7.945584002300165594e-06,1.703105681372107938e-06,3.193490805131204979e-09
3.044571712962351739e-05,1.244342638528905809e-05,1.738987339194864035e-04,9.195597616695749821e-10,2.447367114655207843e-05,5.124790914123877883e-05,0.000000000000000000e+00,6.124172614363487810e-06,1.703105681372107938e-06,2.952631916741665918e-09
2.789395148283801973e-05,1.045262069965247065e-05,1.682194269960746169e-04,7.724407780074216134e-10,2.205976306868251413e-05,4.636110315914265811e-05,0.000000000000000000e+00,6.193879016791470349e-06,1.703105681372107938e-06,3.070244503078356502e-09
2.100250458170194179e-05,4.593130142893642187e-06,1.584227284183725715e-04,3.394288183855564967e-10,1.520521982456557453e-05,4.102240927750244737e-05,0.000000000000000000e+00,5.671000508300494403e-06,1.703105681372107938e-06,3.025598438455290307e-09
1.845043516368605196e-05,2.588443521744920872e-06,1.531745074316859245e-04,1.912840302820129068e-10,1.126828465203288943e-05,3.935043787350878119e-05,0.000000000000000000e+00,5.445396709546912462e-06,1.703105681372107938e-06,2.968119527935186852e-09
2.224251329607795924e-05,5.137574589753057808e-06,1.615128567209467292e-04,3.796628567087623196e-10,1.668758523010183126e-05,3.927381476387381554e-05,0.000000000000000000e+00,9.536551260680425912e-06,1.703105681372107938e-06,3.366792622472303265e-09
2.569127354945521802e-05,8.499800060235429555e-06,1.646850432734936476e-04,6.281287157072767968e-10,2.121922079822979867e-05,4.808588346350006759e-05,0.000000000000000000e+00,7.229699804156553000e-06,1.703105681372107938e-06,3.039730245291138999e-09
2.290464544785209000e-05,6.533176019729580730e-06,1.558113726787269115e-04,4.827967470255600801e-10,1.819275348680093884e-05,4.171484761172905564e-05,0.000000000000000000e+00,7.903335244918707758e-06,1.703105681372107938e-06,3.209651877611463533e-09
1.761591374815907329e-05,2.155431729988777079e-06,1.500911166658625007e-04,1.592847659326324106e-10,1.006863749353215098e-05,3.814768206211738288e-05,0.000000000000000000e+00,4.513698513619601727e-06,1.703105681372107938e-06,2.875724103290622224e-09
1.600722680450417101e-05,7.822625889275514055e-07,1.477630867157131433e-04,5.780861206394760643e-11,5.526791937882080674e-06,3.494889460853300989e-05,0.000000000000000000e+00,4.486548277782276273e-06,1.703105681372107938e-06,2.874226634475007813e-09
1.883449476736132056e-05,3.238668796257115901e-06,1.487859990447759628e-04,2.393351905549678804e-10,1.299385621678084135e-05,3.679966903291642666e-05,0.000000000000000000e+00,7.172256118792574853e-06,1.703105681372107938e-06,3.142071935968715479e-09
2.106517786160111427e-05,5.038835297455079854e-06,1.540210068924352527e-04,3.723661101684427877e-10,1.635164153412915766e-05,4.373742922325618565e-05,0.000000000000000000e+00,6.242409654078073800e-06,1.703105681372107938e-06,2.976636714890901203e-09
1.921341208799276501e-05,3.498511659927316941e-06,1.493384625064209104e-04,2.585373581887040473e-10,1.359180987492436543e-05,3.735466088983230293e-05,0.000000000000000000e+00,7.810538591002114117e-06,1.703105681372107938e-06,3.218102673230305300e-09
1.611448897165246308e-05,1.265467972189071588e-06,1.433137658750638366e-04,9.351712459970684677e-11,7.752742931188549846e-06,3.656478656921535730e-05,0.000000000000000000e+00,5.176436388865113258e-06,1.703105681372107938e-06,2.968354895216407385e-09
1.527101630927063525e-05,5.883526910110958852e-07,1.415121805621311069e-04,4.347882123778568086e-11,4.788319529325235635e-06,3.419052154640667140e-05,0.000000000000000000e+00,5.314448571880348027e-06,1.703105681372107938e-06,2.985961256030122968e-09
1.706562761683017015e-05,1.964885314009734429e-06,1.444020745111629367e-04,1.452035436333432017e-10,1.004333080345531926e-05,3.439539068494923413e-05,0.000000000000000000e+00,6.605355338251683861e-06,1.703105681372107938e-06,3.116909841338610931e-09
1.873833025456406176e-05,3.567581870811409317e-06,1.460666826460510492e-04,2.636416085444182045e-10,1.356991378997918218e-05,4.129517037654295564e-05,0.000000000000000000e+00,5.640790732286404818e-06,1.703105681372107938e-06,2.954522404507997635e-09
1.797707955120131373e-05,2.810067826430895366e-06,1.443634100724011660e-04,2.076618876856173301e-10,1.215887550642946735e-05,3.600929267122410238e-05,0.000000000000000000e+00,7.306693987629842013e-06,1.703105681372107938e-06,3.165545159333760239e-09
1.600448376848362386e-05,1.330953068645612802e-06,1.420382031938061118e-04,9.835642716948811426e-11,8.159401659213472158e-06,3.681581438286229968e-05,0.000000000000000000e+00,4.697101758210919797e-06,1.703105681372107938e-06,2.893873141118774583e-09
1.493116269557503983e-05,5.898700123907474335e-07,1.381879264954477549e-04,4.359094682437891777e-11,4.911094038106966764e-06,3.295295391581021249e-05,0.000000000000000000e+00,5.224998403718927875e-06,1.703105681372107938e-06,2.970175216887582792e-09
1.557621180836576968e-05,1.203527062898501754e-06,1.385932700941339135e-04,8.893973751922246151e-11,7.649764484085608274e-06,3.392768849153071642e-05,0.000000000000000000e+00,5.133570539328502491e-06,1.703105681372107938e-06,2.963437939484947492e-09
1.651831917115487158e-05,2.054814785878988914e-06,1.397669402649626136e-04,1.518492415142347340e-10,1.008124672807753086e-05,3.831605135928839445e-05,0.000000000000000000e+00,4.868109499511774629e-06,1.703105681372107938e-06,2.913074226285061741e-09
1.620053626538719982e-05,1.723762011351936962e-06,1.383227790938690305e-04,1.273847138882899799e-10,9.306831998401321471e-06,3.424172246013768017e-05,0.000000000000000000e+00,6.444949121942045167e-06,1.703105681372107938e-06,3.097483158853719942e-09
1.507068282080581412e-05,9.831506986301974393e-07,1.359626039629802108e-04,7.265409107670706135e-11,6.745250175299588591e-06,3.599442788981832564e-05,0.000000000000000000e+00,4.912711119686719030e-06,1.703105681372107938e-06,2.936454190916037987e-09
1.460422208765521646e-05,5.612700419987959322e-07,1.349015947198495269e-04,4.147742913018781508e-11,4.912558324576821178e-06,3.278538497397676110e-05,0.000000000000000000e+00,5.527922439796384424e-06,1.703105681372107938e-06,3.012411431413397622e-09
1.521678404969861731e-05,1.204609247906773817e-06,1.350099773844704032e-04,8.901970827146499232e-11,7.697763976466376334e-06,3.419678978389129043e-05,0.000000000000000000e+00,5.111765858600847423e-06,1.703105681372107938e-06,2.966074497123827314e-09
1.582332515681628138e-05,1.756171968736452982e-06,1.357441360596567392e-04,1.297797841415260223e-10,9.277515346184372902e-06,3.698505315696820617e-05,0.000000000000000000e+00,4.927389454678632319e-06,1.703105681372107938e-06,2.935566678630152637e-09
1.545054510643240064e-05,1.451623916182143148e-06,1.346688077319413424e-04,1.072739050367310654e-10,8.413075192947871983e-06,3.438543717493303120e-05,0.000000000000000000e+00,5.320400759956100956e-06,1.703105681372107938e-06,2.983604474593448685e-09
1.458553742850199342e-05,7.702993798375246115e-07,1.332599931629374623e-04,5.692454493888554623e-11,5.851419246027944610e-06,3.434312020544894040e-05,0.000000000000000000e+00,4.892389370070304722e-06,1.703105681372107938e-06,2.933393750126356281e-09
1.409328069712501019e-05,3.908738506197551033e-07,1.321349554928019643e-04,2.888528305433624155e-11,3.262972313677892089e-06,3.254793773521669209e-05,0.000000000000000000e+00,4.889112460659816861e-06,1.703105681372107938e-06,2.933728815435188153e-09
1.435559624951565638e-05,6.383580739566241391e-07,1.319502043770626187e-04,4.717417775856880269e-11,5.268017957860138267e-06,3.230804213671945035e-05,0.000000000000000000e+00,5.222172148933168501e-06,1.703105681372107938e-06,2.971519919015008782e-09
1.488470297772437334e-05,1.162322064374166075e-06,1.323138567386195064e-04,8.589472189068914076e-11,7.465841463272226974e-06,3.603767618187703192e-05,0.000000000000000000e+00,4.909943982056574896e-06,1.703105681372107938e-06,2.929945397411870545e-09
1.499726840847870335e-05,1.242944790647015907e-06,1.318481663474813104e-04,9.185267130229490817e-11,7.830106369510758668e-06,3.389151243027299643e-05,0.000000000000000000e+00,5.695074378309072927e-06,1.703105681372107938e-06,3.022313954659239243e-09
1.451656407880363986e-05,9.256665975954092573e-07,1.308170467382296920e-04,6.840605859537163269e-11,6.570733603439293802e-06,3.513374394970014691e-05,0.000000000000000000e+00,5.091927050671074539e-06,1.703105681372107938e-06,2.956607847437453529e-09
1.396277821186231449e-05,4.960647288498876151e-07,1.294509420404210687e-04,3.665880446424019112e-11,4.422841357154538855e-06,3.282028774265199900e-05,0.000000000000000000e+00,5.216192221269011497e-06,1.703105681372107938e-06,2.971944912388835291e-09
1.386679650750011206e-05,4.104564652607223252e-07,1.292114902753382921e-04,3.033242060301866161e-11,3.649409791250946000e-06,3.204296808689832687e-05,0.000000000000000000e+00,5.351904292183462530e-06,1.703105681372107938e-06,2.984653857396324383e-09
1.412030451319878921e-05,7.055489845697593410e-07,1.292428933084011078e-04,5.213953574445540085e-11,5.554320978262694553e-06,3.473590550129301846e-05,0.000000000000000000e+00,4.904655725113116205e-06,1.703105681372107938e-06,2.924996689301906372e-09
1.427971619705203921e-05,8.301296929857926443e-07,1.290176005568355322e-04,6.134594915385704894e-11,6.272995960898697376e-06,3.251220186939463019e-05,0.000000000000000000e+00,5.478267212311038747e-06,1.703105681372107938e-06,2.994468228934010767e-09
1.403211354045197368e-05,7.365114811364037450e-07,1.281039876630529761e-04,5.442763947871576136e-11,5.638240054395282641e-06,3.466647103778086603e-05,0.000000000000000000e+00,4.852025085710920393e-06,1.703105681372107938e-06,2.921959119106531944e-09
1.367903951177140698e-05,4.396455040023283800e-07,1.271763758268207312e-04,3.248946944811592630e-11,3.952498900616774336e-06,3.193647717125713825e-05,0.000000000000000000e+00,5.217561010795179754e-06,1.703105681372107938e-06,2.967162959777169817e-09
1.352468007098650560e-05,3.683138345422776183e-07,1.265447790501639247e-04,2.721811144523744730e-11,3.149454187223454937e-06,3.243453829782083631e-05,0.000000000000000000e+00,5.018880074203480035e-06,1.703105681372107938e-06,2.946048738294848590e-09
1.363477804261492565e-05,4.986700332665350288e-07,1.263658632524311543e-04,3.685134142283885694e-11,4.391094989841803908e-06,3.353938518557697535e-05,0.000000000000000000e+00,4.995209565095137805e-06,1.703105681372107938e-06,2.942913468473307148e-09
1.377895296172937378e-05,6.378257353389926720e-07,1.260567660210654140e-04,4.713483423013364870e-11,5.331334705260815099e-06,3.258006108808331192e-05,0.000000000000000000e+00,5.354505901777883992e-06,1.703105681372107938e-06,2.986213498701317803e-09
1.378000706608872861e-05,6.838910167061840184e-07,1.259052223758772016e-04,5.053903129326187127e-11,5.473976216308074072e-06,3.441287481109611690e-05,0.000000000000000000e+00,5.055933797848410904e-06,1.703105681372107938e-06,2.952042832404799810e-09
1.357054679829161614e-05,5.272245289233978838e-07,1.251048233825713396e-04,3.896149028403961267e-11,4.670440830523148179e-06,3.249365181545726955e-05,0.000000000000000000e+00,5.328402949089650065e-06,1.703105681372107938e-06,2.984979818876354329e-09
1.334437365585472435e-05,3.978264260240393924e-07,1.243638835148885846e-04,2.939906998400410032e-11,3.579664735298138112e-06,3.298173032817430794e-05,0.000000000000000000e+00,5.101581336930394173e-06,1.703105681372107938e-06,2.958559619514744554e-09
1.327042991761118174e-05,3.699693138514703605e-07,1.240304118255153298e-04,2.734045281838071162e-11,3.133661493848194368e-06,3.275246490375138819e-05,0.000000000000000000e+00,4.974188414053060114e-06,1.703105681372107938e-06,2.943343790917651859e-09
1.332182546320836991e-05,4.395710675453301519e-07,1.236922398675233126e-04,3.248397037469707982e-11,3.960290086979512125e-06,3.196183388354256749e-05,0.000000000000000000e+00,5.130296813149470836e-06,1.703105681372107938e-06,2.960562683895773262e-09
1.338545826001791283e-05,5.474855697684688494e-07,1.235457602888345718e-04,4.045876828007166637e-11,4.634924152924213558e-06,3.391785867279395461e-05,0.000000000000000000e+00,4.833961611439008266e-06,1.703105681372107938e-06,2.924323672104378602e-09
1.336353398073697463e-05,5.328819838723575231e-07,1.230592170031741261e-04,3.937957251953783100e-11,4.645729404728626832e-06,3.198239937773905694e-05,0.000000000000000000e+00,5.247300123301101848e-06,1.703105681372107938e-06,2.972495360964444444e-09
1.322770003753248602e-05,4.707310665708064334e-07,1.226886670337989926e-04,3.478667007228430919e-11,4.105275820620590821e-06,3.349697362864390016e-05,0.000000000000000000e+00,4.881020231550792232e-06,1.703105681372107938e-06,2.931156206642526740e-09
1.309185972786508501e-05,3.728006561232177773e-07,1.221154816448688507e-04,2.754968649043565421e-11,3.276757752246339805e-06,3.207908230251632631e-05,0.000000000000000000e+00,5.075108219898538664e-06,1.703105681372107938e-06,2.956381806029639847e-09
1.303905628446955234e-05,3.633050198459386593e-07,1.216845703311264515e-04,2.684796482355089609e-11,3.146572225887211971e-06,3.238650606363080442e-05,0.000000000000000000e+00,5.072942258266266435e-06,1.703105681372107938e-06,2.956394684616725499e-09
1.307704678765730932e-05,4.166722078480233904e-07,1.215244265040382743e-04,3.079176150166951231e-11,3.786123443205724470e-06,3.301881952211260796e-05,0.000000000000000000e+00,5.079314632894238457e-06,1.703105681372107938e-06,2.956788591745862504e-09
1.309233812207821757e-05,4.603518561907549156e-07,1.211633716593496501e-04,3.401965514848726002e-11,4.192240794509416446e-06,3.241273225285112858e-05,0.000000000000000000e+00,5.156489351065829396e-06,1.703105681372107938e-06,2.964740009048227876e-09
1.305115529248723760e-05,4.714783585768600460e-07,1.208578032674267888e-04,3.484189325941855486e-11,4.166865892329951748e-06,3.344415017636492848e-05,0.000000000000000000e+00,4.938967776979552582e-06,1.703105681372107938e-06,2.938877141644979929e-09
1.294836329179815948e-05,3.992813617514912039e-07,1.204093423439189792e-04,2.950658814504514282e-11,3.617627271523815580e-06,3.212332012481056154e-05,0.000000000000000000e+00,5.081478775537107140e-06,1.703105681372107938e-06,2.954755995432378768e-09
1.284521749767009169e-05,3.609316934216622030e-07,1.198883037432096899e-04,2.667257734123573698e-11,3.097508169958018698e-06,3.268273212597705424e-05,0.000000000000000000e+00,4.954541509505361319e-06,1.703105681372107938e-06,2.939984700134345985e-09
1.280409378523472697e-05,3.616709420839470113e-07,1.193948482978157699e-04,2.672720725294119859e-11,3.182351292707608081e-06,3.248785651521757245e-05,0.000000000000000000e+00,5.029373824072536081e-06,1.703105681372107938e-06,2.947645683093469415e-09
1.283042001887224615e-05,3.973449338445789181e-07,1.193284479086287320e-04,2.936348733606486405e-11,3.579536951292539015e-06,3.239645229768939316e-05,0.000000000000000000e+00,5.002303623768966645e-06,1.703105681372107938e-06,2.944648525016191343e-09
1.280774267797823995e-05,4.178169206170423422e-07,1.189188697026111186e-04,3.087635355725204533e-11,3.803589379458571784e-06,3.287426807219162583e-05,0.000000000000000000e+00,4.980384801456239074e-06,1.703105681372107938e-06,2.941720200766440030e-09
1.280296874028863385e-05,4.354940301709575579e-07,1.187281959573738277e-04,3.218267666249552406e-11,3.913060027116443962e-06,3.298184310551732779e-05,0.000000000000000000e+00,4.946553872287040576e-06,1.703105681372107938e-06,2.937937892966147047e-09
1.286030692426720634e-05,4.803336537406721618e-07,1.183701897389255464e-04,3.549629340460214166e-11,4.288910076866159216e-06,3.217108314856886864e-05,0.000000000000000000e+00,5.429544216895010322e-06,1.703105681372107938e-06,2.990100611555135401e-09
1.301699376199394464e-05,6.566462502632930409e-07,1.187790985568426549e-04,4.852565918533890965e-11,5.171493739908328280e-06,3.442974411882460117e-05,0.000000000000000000e+00,4.824374173040268943e-06,1.703105681372107938e-06,2.916348940118496103e-09
1.309090748691232875e-05,6.801550398449762724e-07,1.183891799882985651e-04,5.026294311316625851e-11,5.532528120966162533e-06,3.207122063031420112e-05,0.000000000000000000e+00,5.718345619243336841e-06,1.703105681372107938e-06,3.017528893423104819e-09
1.308745686401380226e-05,7.706985343247652054e-07,1.183721178676933050e-04,5.695403523797715195e-11,5.743161182181211188e-06,3.510999158606864512e-05,0.000000000000000000e+00,4.795469067175872624e-06,1.703105681372107938e-06,2.908120855238394142e-09
1.296036771236686036e-05,6.410282367141917348e-07,1.174970821011811495e-04,4.737150255396116449e-11,5.238487574388273060e-06,3.190608913428150117e-05,0.000000000000000000e+00,5.696311291103484109e-06,1.703105681372107938e-06,3.014962723923986232e-09
1.280704782402608544e-05,6.045031000212475192e-07,1.172562770079821348e-04,4.467232486704553196e-11,4.876586444879649207e-06,3.440616637817583978e-05,0.000000000000000000e+00,4.769170118379406631e-06,1.703105681372107938e-06,2.910372165487729035e-09
1.268208779947599396e-05,4.887644990958506241e-07,1.165686189779080451e-04,3.611932627989311584e-11,4.298023213777923957e-06,3.202692460035905242e-05,0.000000000000000000e+00,5.364620392356300727e-06,1.703105681372107938e-06,2.981467739360255109e-09
1.258764405065448955e-05,4.747321611375809880e-07,1.163028864539228380e-04,3.508234674987065205e-11,4.111529051442630589e-06,3.345803997945040464e-05,0.000000000000000000e+00,4.826220447284867987e-06,1.703105681372107938e-06,2.921340946926420656e-09
1.254255585081409663e-05,4.406654170452384278e-07,1.158472732640802860e-04,3.256483971370016661e-11,4.074462140124524012e-06,3.243767787353135645e-05,0.000000000000000000e+00,5.171618795429822057e-06,1.703105681372107938e-06,2.963224332575009612e-09
1.248495937034022063e-05,4.582672943342913641e-07,1.153746561612933874e-04,3.386560476492661564e-11,4.128854016016703099e-06,3.301323522464372218e-05,0.000000000000000000e+00,4.892263405054109171e-06,1.703105681372107938e-06,2.931934250938184050e-09
1.244614304596325383e-05,4.286951309495634632e-07,1.150652533397078514e-04,3.168024523270140946e-11,3.964062216255115345e-06,3.258513243054039776e-05,0.000000000000000000e+00,5.109223820909392089e-06,1.703105681372107938e-06,2.955934608195320834e-09
1.239985158463241532e-05,4.193377378669538302e-07,1.149425370385870337e-04,3.098874629126058267e-11,3.757003469218034297e-06,3.292182373115792871e-05,0.000000000000000000e+00,4.862593868892872706e-06,1.703105681372107938e-06,2.928144393621323616e-09
1.234068895428208634e-05,3.814601541307638399e-07,1.145132991950958967e-04,2.818961557238264248e-11,3.458397259237244725e-06,3.222623126930557191e-05,0.000000000000000000e+00,5.078984941064845771e-06,1.703105681372107938e-06,2.953059796695356454e-09
1.230882753588957712e-05,4.035257745726994472e-07,1.142073015216737986e-04,2.982024696618346127e-11,3.523775149005814455e-06,3.315494541311636567e-05,0.000000000000000000e+00,4.845711373491212726e-06,1.703105681372107938e-06,2.925650832708015514e-09
1.233017428603488952e-05,4.200945511456666281e-07,1.139196247095242143e-04,3.104467030667912297e-11,3.769627937799668871e-06,3.196046236553229392e-05,0.000000000000000000e+00,5.181175311008701101e-06,1.703105681372107938e-06,2.963311818149350074e-09
1.237963624589610845e-05,5.227972792454238515e-07,1.138344450737349689e-04,3.863432143647038686e-11,4.404368155519478023e-06,3.395439125597476959e-05,0.000000000000000000e+00,4.733940841106232256e-06,1.703105681372107938e-06,2.909152918562085688e-09
1.250425157195422798e-05,5.807776801702857483e-07,1.137602230301126838e-04,4.291902944153491717e-11,4.937935500493040308e-06,3.210879367543384433e-05,0.000000000000000000e+00,5.474511453940067440e-06,1.703105681372107938e-06,2.991807690477799042e-09
1.260385397472418845e-05,7.362872906924167182e-07,1.139687519753351808e-04,5.441106940007323090e-11,5.615963345917407423e-06,3.466748603386804461e-05,0.000000000000000000e+00,4.706915206043049693e-06,1.703105681372107938e-06,2.900212070500174377e-09
1.274812075280351564e-05,8.114183174257050268e-07,1.137548752012662590e-04,5.996320107115593601e-11,6.219996521394932643e-06,3.268216460128314793e-05,0.000000000000000000e+00,5.612143013422610238e-06,1.703105681372107938e-06,3.005921289656043882e-09
1.298787174164317548e-05,1.089406282517302316e-06,1.142841138062067330e-04,8.050629607403436694e-11,7.299492608581203967e-06,3.567667590687051415e-05,0.000000000000000000e+00,4.700544195657130331e-06,1.703105681372107938e-06,2.897018624992142577e-09
1.335587057837983593e-05,1.288956809730734676e-06,1.145640635513700545e-04,9.525293054313266339e-11,8.195785994757898152e-06,3.367023236933164299e-05,0.000000000000000000e+00,6.105075044615659863e-06,1.703105681372107938e-06,3.051804586817752352e-09
1.384101142321014777e-05,1.772508881003886927e-06,1.158606319222599268e-04,1.309870684140790331e-10,9.673342901805881411e-06,3.728188676177524030e-05,0.000000000000000000e+00,4.824395546165760607e-06,1.703105681372107938e-06,2.896327622181615880e-09
1.435743706679204479e-05,2.083455683532520197e-06,1.160777683253400028e-04,1.539657984439557481e-10,1.063586114469217137e-05,3.508145164232701063e-05,0.000000000000000000e+00,6.662039595539681613e-06,1.703105681372107938e-06,3.101493506463270933e-09
1.502299710409715772e-05,2.746252448559971526e-06,1.177127851406112313e-04,2.029459794661292449e-10,1.212310144182993099e-05,3.941887553082779050e-05,0.000000000000000000e+00,5.054665962234139442e-06,1.703105681372107938e-06,2.899942952439005239e-09
1.585564314154908061e-05,3.262186965002911165e-06,1.183372878585942090e-04,2.410731614332917161e-10,1.330742907157400623e-05,3.702978938235901296e-05,0.000000000000000000e+00,7.597270268888678402e-06,1.703105681372107938e-06,3.181180652234161244e-09
1.726026675896719098e-05,4.491340405365917832e-06,1.222193241119384766e-04,3.319066410600868267e-10,1.576121212565340102e-05,4.250452911946922541e-05,0.000000000000000000e+00,5.469929419632535428e-06,1.703105681372107938e-06,2.917544650316017396e-09
1.943660390679724514e-05,5.958646852377569303e-06,1.253624213859438896e-04,4.403394870955423812e-10,1.825577055569738150e-05,4.104111576452851295e-05,0.000000000000000000e+00,9.417140063305851072e-06,1.703105681372107938e-06,3.334069020866081701e-09
2.307906834175810218e-05,8.946443813329096884e-06,1.339861482847481966e-04,6.611353686736265445e-10,2.248380042146891356e-05,4.873600119026377797e-05,0.000000000000000000e+00,7.340092452068347484e-06,1.703105681372107938e-06,3.028393535942086601e-09
2.850864802894648165e-05,1.279719435842707753e-05,1.432864373782649636e-04,9.457029603865407807e-10,2.681888690858613700e-05,4.836939115193672478e-05,0.000000000000000000e+00,1.382808750349795446e-05,1.703105681372107938e-06,3.696247308226929817e-09
3.751649273908697069e-05,1.990581404243130237e-05,1.642488932702690363e-04,1.471024524413167001e-09,3.373865183675661683e-05,5.981912181596271694e-05,0.000000000000000000e+00,1.185787641588831320e-05,1.703105681372107938e-06,3.318860075651741681e-09
5.018416413804516196e-05,2.907593989220913500e-05,1.870713895186781883e-04,2.148690114722739963e-09,4.043378430651500821e-05,6.041047163307666779e-05,0.000000000000000000e+00,2.401083656877744943e-05,1.703105681372107938e-06,4.501293560110752878e-09
7.032456051092594862e-05,4.456407623365521431e-05,2.338004997000098228e-04,3.293251893410342745e-09,5.045599027653224766e-05,7.646218728041276336e-05,0.000000000000000000e+00,2.380429941695183516e-05,1.703105681372107938e-06,4.131462283396558632e-09
9.544729982735589147e-05,6.336217484204098582e-05,2.762946242000907660e-04,4.682416676615730466e-09,5.968480036244727671e-05,7.791481766616925597e-05,0.000000000000000000e+00,4.455658927327021956e-05,1.703105681372107938e-06,6.094445836879458511e-09
1.369665260426700115e-04,9.441687871003523469e-05,3.772007476072758436e-04,6.977335598179479348e-09,7.352426473516970873e-05,9.943437180481851101e-05,0.000000000000000000e+00,4.829577665077522397e-05,1.703105681372107938e-06,5.849854822770339524e-09
1.806626823963597417e-04,1.279356802115216851e-04,4.464220546651631594e-04,9.454350191617777455e-09,8.502686978317797184e-05,1.013119181152433157e-04,0.000000000000000000e+00,8.084801083896309137e-05,1.703105681372107938e-06,8.873923817986906215e-09
2.556967956479638815e-04,1.827432279242202640e-04,6.374079966917634010e-04,1.350458767035433993e-08,1.023938966682180762e-04,1.282024459214881063e-04,0.000000000000000000e+00,9.212758595822378993e-05,1.703105681372107938e-06,8.977073306937199959e-09
3.242769744247198105e-04,2.374713076278567314e-04,7.269452325999736786e-04,1.754894896066616639e-08,1.158349696197547019e-04,1.300878939218819141e-04,0.000000000000000000e+00,1.411114353686571121e-04,1.703105681372107938e-06,1.344260169844346819e-08
4.521524824667721987e-04,3.280210949014872313e-04,1.076012151315808296e-03,2.424050826732582209e-08,1.370214013149961829e-04,1.627736783120781183e-04,0.000000000000000000e+00,1.653015206102281809e-04,1.703105681372107938e-06,1.424634277213954192e-08
5.282380734570324421e-04,3.940713650081306696e-04,1.113499398343265057e-03,2.912157626155931212e-08,1.491055591031908989e-04,1.615261135157197714e-04,0.000000000000000000e+00,2.281675406266003847e-04,1.703105681372107938e-06,2.000891718978436984e-08
6.918206927366554737e-04,5.022030090913176537e-04,1.637145644053816795e-03,3.711242513304569002e-08,1.695570390438660979e-04,1.952801103470847011e-04,0.000000000000000000e+00,2.590311923995614052e-04,1.703105681372107938e-06,2.103734608738250245e-08
7.177306688390672207e-04,5.416983622126281261e-04,1.445881207473576069e-03,4.003110021244538075e-08,1.747145433910191059e-04,1.859834301285445690e-04,0.000000000000000000e+00,3.144417132716625929e-04,1.703105681372107938e-06,2.649009012145597808e-08
8.516811067238450050e-04,6.140660843811929226e-04,2.052594441920518875e-03,4.537902142942584760e-08,1.875251909950748086e-04,2.132527151843532920e-04,0.000000000000000000e+00,3.235551994293928146e-04,1.703105681372107938e-06,2.572955004609411844e-08
7.759694708511233330e-04,5.891559412702918053e-04,1.519631710834801197e-03,4.353817573132801044e-08,1.819851750042289495e-04,1.930111902765929699e-04,0.000000000000000000e+00,3.485031193122267723e-04,1.703105681372107938e-06,2.905346363490934891e-08
8.068941533565521240e-04,5.761415231972932816e-04,1.991516212001442909e-03,4.257641705862624804e-08,1.811846013879403472e-04,2.070116315735504031e-04,0.000000000000000000e+00,3.160096821375191212e-04,1.703105681372107938e-06,2.519541197898433893e-08
6.413123919628560543e-04,4.850899567827582359e-04,1.262299134396016598e-03,3.584777985565779090e-08,1.648275356274098158e-04,1.766152126947417855e-04,0.000000000000000000e+00,2.999248681589961052e-04,1.703105681372107938e-06,2.543495369877746271e-08
5.622300668619573116e-04,3.958515299018472433e-04,1.433808822184801102e-03,2.925313147272845526e-08,1.498724304838106036e-04,1.759045262588188052e-04,0.000000000000000000e+00,2.299769257660955191e-04,1.703105681372107938e-06,1.897771895187361224e-08
3.753744531422853470e-04,2.776534820441156626e-04,7.856963202357292175e-04,2.051837988403804047e-08,1.246077154064550996e-04,1.382898190058767796e-04,0.000000000000000000e+00,1.915132597787305713e-04,1.703105681372107938e-06,1.731361720658242120e-08
2.510324702598154545e-04,1.722362649161368608e-04,6.820010021328926086e-04,1.272813054953303435e-08,9.826911991694942117e-05,1.245820021722465754e-04,0.000000000000000000e+00,1.059608330251649022e-04,1.703105681372107938e-06,1.004416283478803962e-08
1.300309813814237714e-04,8.908316522138193250e-05,3.417338302824646235e-04,6.583178446817328222e-09,7.060229108901694417e-05,8.756644092500209808e-05,0.000000000000000000e+00,6.774420035071671009e-05,1.703105681372107938e-06,7.961417303192774853e-09
5.756074097007513046e-05,3.347092933836393058e-05,2.187780337408185005e-04,2.473476534703422658e-09,4.289030039217323065e-05,6.950188981136307120e-05,0.000000000000000000e+00,2.212008257629349828e-05,1.703105681372107938e-06,4.097253203383388609e-09
1.950069599843118340e-05,5.324119229044299573e-06,1.323002652497962117e-04,3.934483572276548102e-10,1.711887125566136092e-05,3.910873783752322197e-05,0.000000000000000000e+00,9.465500625083222985e-06,1.703105681372107938e-06,3.421195771124985185e-09
1.421283741365186870e-05,1.524805838926113211e-06,1.215846496052108705e-04,1.126819956787095123e-10,8.784249985183123499e-06,3.304700658190995455e-05,0.000000000000000000e+00,5.295663868309929967e-06,1.703105681372107938e-06,3.053159502997004893e-09
3.548006134224124253e-05,1.810486719477921724e-05,1.612817432032898068e-04,1.337935873202411585e-09,3.170612762914970517e-05,5.824895924888551235e-05,0.000000000000000000e+00,1.247017644345760345e-05,1.703105681372107938e-06,3.394203140771878680e-09
7.566052227048203349e-05,4.618000457412563264e-05,2.554669044911861420e-04,3.412667037849814733e-09,5.078768663224764168e-05,6.887458584969863296e-05,0.000000000000000000e+00,3.933823245461098850e-05,1.703105681372107938e-06,5.717046391850999498e-09
1.293574896408244967e-04,8.788186096353456378e-05,3.605949459597468376e-04,6.494402793322251455e-09,7.042627112241461873e-05,9.678914648247882724e-05,0.000000000000000000e+00,5.416136991698294878e-05,1.703105681372107938e-06,6.274706088049697428e-09
1.714819809421896935e-04,1.175712532131001353e-04,4.510116705205291510e-04,8.688425090497275960e-09,8.058069943217560649e-05,9.633805166231468320e-05,0.000000000000000000e+00,8.809559221845120192e-05,1.703105681372107938e-06,9.433378522771818098e-09
2.183227188652381301e-04,1.534677721792832017e-04,5.583180463872849941e-04,1.134115112932931879e-08,9.343874262413010001e-05,1.196720986627042294e-04,0.000000000000000000e+00,9.023134771268814802e-05,1.703105681372107938e-06,8.844412313635530154e-09
2.323419612366706133e-04,1.633189822314307094e-04,5.750771379098296165e-04,1.206914923557178554e-08,9.537282312521710992e-05,1.102393944165669382e-04,0.000000000000000000e+00,1.151526885223574936e-04,1.703105681372107938e-06,1.149461237304194583e-08
2.549053460825234652e-04,1.809709501685574651e-04,6.365347653627395630e-04,1.337361599240693977e-08,1.015076777548529208e-04,1.275970425922423601e-04,0.000000000000000000e+00,1.028092374326661229e-04,1.703105681372107938e-06,9.767819442174641154e-09
2.351385192014276981e-04,1.662043214309960604e-04,5.749121191911399364e-04,1.228237334061077490e-08,9.638815390644595027e-05,1.113650141633115709e-04,0.000000000000000000e+00,1.144298585131764412e-04,1.703105681372107938e-06,1.146199046786477993e-08
2.234074345324188471e-04,1.579162053531035781e-04,5.700999172404408455e-04,1.166988905509924734e-08,9.486079216003417969e-05,1.209151960210874677e-04,0.000000000000000000e+00,8.481230179313570261e-05,1.703105681372107938e-06,8.495456782497967652e-09
1.780271704774349928e-04,1.241179415956139565e-04,4.511192382778972387e-04,9.172222981135291775e-09,8.332083234563469887e-05,9.931137901730835438e-05,0.000000000000000000e+00,8.797303598839789629e-05,1.703105681372107938e-06,9.462453931519121397e-09
1.444443187210708857e-04,9.833074000198394060e-05,4.054220626130700111e-04,7.266567347841146329e-09,7.468019612133502960e-05,1.008225299301557243e-04,0.000000000000000000e+00,5.571376095758751035e-05,1.703105681372107938e-06,6.420444620403031877e-09
1.022940923576243222e-04,6.763495912309736013e-05,2.940552949439734221e-04,4.998172542514112138e-09,6.141555059002712369e-05,7.907803228590637445e-05,0.000000000000000000e+00,5.253605195321142673e-05,1.703105681372107938e-06,6.749436121111784814e-09
7.196720252977684140e-05,4.422724305186420679e-05,2.496823435649275780e-04,3.268359805019827036e-09,4.986282147001475096e-05,7.635727524757385254e-05,0.000000000000000000e+00,2.771726576611399651e-05,1.703105681372107938e-06,4.436018663511731575e-09
4.551519305096007884e-05,2.520839916542172432e-05,1.776609715307131410e-04,1.862881848779807115e-09,3.731318065547384322e-05,5.708191747544333339e-05,0.000000000000000000e+00,2.540694549679756165e-05,1.703105681372107938e-06,4.640056783244972394e-09
2.841850073309615254e-05,1.227846951223909855e-05,1.515817712061107159e-04,9.073696238814932258e-10,2.605763256724458188e-05,5.308406616677530110e-05,0.000000000000000000e+00,9.818535545491613448e-06,1.703105681372107938e-06,3.201888532089469663e-09
1.819973840611055493e-05,4.931294370180694386e-06,1.244840241270139813e-04,3.644189394691466077e-10,1.646367854846175760e-05,3.909314909833483398e-05,0.000000000000000000e+00,8.200417141779325902e-06,1.703105681372107938e-06,3.259824410406508832e-09
1.397147298121126369e-05,1.895390028039400931e-06,1.167511582025326788e-04,1.400678739660321526e-10,9.649723324400838464e-06,3.780480983550660312e-05,0.000000000000000000e+00,4.009669737570220605e-06,1.703105681372107938e-06,2.857500458475215055e-09
1.404923386871814728e-05,1.930683538375888020e-06,1.172426709672436118e-04,1.426760515288449938e-10,9.985741598939057440e-06,3.711217868840321898e-05,0.000000000000000000e+00,3.942830517189577222e-06,1.703105681372107938e-06,2.851648472912415855e-09
1.755730227159801871e-05,4.468535280466312543e-06,1.227751490660011768e-04,3.302213502642814547e-10,1.558127587486524135e-05,3.857912452076561749e-05,0.000000000000000000e+00,8.112502655421849340e-06,1.703105681372107938e-06,3.235012258073766134e-09
2.396743002464063466e-05,9.297475116909481585e-06,1.388699456583708525e-04,6.870763402666568709e-10,2.260568544443231076e-05,4.943221938447095454e-05,0.000000000000000000e+00,7.829610694898292422e-06,1.703105681372107938e-06,3.047970764669116761e-09
3.220021608285605907e-05,1.526109736005309969e-05,1.522282982477918267e-04,1.127783533227955104e-09,2.903727545344736427e-05,4.963117316947318614e-05,0.000000000000000000e+00,1.716288170428015292e-05,1.703105681372107938e-06,3.960332950470046853e-09
4.330058436607941985e-05,2.360549660807009786e-05,1.800398895284160972e-04,1.744428268501962975e-09,3.644395110313780606e-05,6.307432340690866113e-05,0.000000000000000000e+00,1.691100987954996526e-05,1.703105681372107938e-06,3.652128821585165497e-09
5.501680425368249416e-05,3.197278056177310646e-05,1.992264005821198225e-04,2.362764650598592198e-09,4.197859743726439774e-05,6.111238326411694288e-05,0.000000000000000000e+00,3.121386544080451131e-05,1.703105681372107938e-06,5.062399388577887294e-09
7.065966201480478048e-05,4.414568684296682477e-05,2.364094689255580306e-04,3.262332626263741986e-09,4.993722905055619776e-05,7.648636528756469488e-05,0.000000000000000000e+00,2.873027551686391234e-05,1.703105681372107938e-06,4.471082615253862969e-09
8.555897511541843414e-05,5.443588088382966816e-05,2.656316792126744986e-04,4.022770561107336107e-09,5.480108666233718395e-05,7.270709465956315398e-05,0.000000000000000000e+00,4.559931403491646051e-05,1.703105681372107938e-06,6.182139244970130676e-09
1.071102888090535998e-04,7.115011248970404267e-05,3.141135384794324636e-04,5.257939861280647165e-09,6.346627924358472228e-05,8.982556755654513836e-05,0.000000000000000000e+00,4.548823926597833633e-05,1.703105681372107938e-06,5.658643775774407914e-09
1.232544891536235809e-04,8.227219223044812679e-05,3.435425751376897097e-04,6.079852177265365754e-09,6.772830238332971931e-05,8.463975245831534266e-05,0.000000000000000000e+00,6.628033588640391827e-05,1.703105681372107938e-06,7.765915910340481787e-09
1.475211174692958593e-04,1.011081694741733372e-04,4.052598378621041775e-04,7.471816942938858119e-09,7.566376734757795930e-05,1.019175178953446448e-04,0.000000000000000000e+00,5.886960934731177986e-05,1.703105681372107938e-06,6.601965196750825271e-09
1.601085532456636429e-04,1.108987198676913977e-04,4.107288550585508347e-04,8.195331524518678634e-09,7.842603372409939766e-05,9.463918831897899508e-05,0.000000000000000000e+00,8.136943506542593241e-05,1.703105681372107938e-06,8.917395710739128845e-09
1.827043597586452961e-04,1.263592130271717906e-04,4.886218812316656113e-04,9.337849604662551428e-09,8.459334640065208077e-05,1.108105352614074945e-04,0.000000000000000000e+00,7.482958608306944370e-05,1.703105681372107938e-06,7.737224194670488941e-09
1.851382839959114790e-04,1.300805743085220456e-04,4.553779435809701681e-04,9.612855400575881504e-09,8.517826063325628638e-05,1.009654297376982868e-04,0.000000000000000000e+00,9.519924060441553593e-05,1.703105681372107938e-06,9.964114866534146131e-09
1.998423686018213630e-04,1.383789640385657549e-04,5.325548117980360985e-04,1.022610085499309207e-08,8.844413241604343057e-05,1.146958020399324596e-04,0.000000000000000000e+00,8.207926293835043907e-05,1.703105681372107938e-06,8.252191818769460951e-09
1.916525798151269555e-04,1.355076237814500928e-04,4.629895556718111038e-04,1.001391058963463365e-08,8.674083073856309056e-05,1.024278390104882419e-04,0.000000000000000000e+00,9.845999011304229498e-05,1.703105681372107938e-06,1.021621276464657058e-08
1.970154698938131332e-04,1.361947652185335755e-04,5.257544689811766148e-04,1.006468952624572921e-08,8.758880721870809793e-05,1.139071609941311181e-04,0.000000000000000000e+00,8.245265780715271831e-05,1.703105681372107938e-06,8.284362529309419187e-09
1.826364023145288229e-04,1.285435864701867104e-04,4.462164652068167925e-04,9.499274256086209789e-09,8.456932118861004710e-05,1.003660581773146987e-04,0.000000000000000000e+00,9.471172234043478966e-05,1.703105681372107938e-06,9.938014855492838251e-09
1.823866186896339059e-04,1.251217181561514735e-04,4.956689081154763699e-04,9.246400978213387134e-09,8.400048682233318686e-05,1.103421818697825074e-04,0.000000000000000000e+00,7.698006811551749706e-05,1.703105681372107938e-06,7.900492704493444762e-09
1.642418937990441918e-04,1.144505513366311789e-04,4.102452076040208340e-04,8.457808675643718743e-09,7.979415386216714978e-05,9.591280104359611869e-05,0.000000000000000000e+00,8.766816608840599656e-05,1.703105681372107938e-06,9.408021028889379522e-09
1.579259551363065839e-04,1.073980383807793260e-04,4.389119858387857676e-04,7.936633572569462558e-09,7.773471588734537363e-05,1.041229334077797830e-04,0.000000000000000000e+00,6.636719626840204000e-05,1.703105681372107938e-06,7.146507385868972051e-09
1.385494251735508442e-04,9.530750685371458530e-05,3.592249122448265553e-04,7.043152283614517728e-09,7.274183008121326566e-05,8.938847895478829741e-05,0.000000000000000000e+00,7.319425640162080526e-05,1.703105681372107938e-06,8.307392107553823735e-09
1.300096773775294423e-04,8.686854562256485224e-05,3.770195471588522196e-04,6.419519582578914196e-09,6.995580770308151841e-05,9.635595051804557443e-05,0.000000000000000000e+00,5.439166125142946839e-05,1.703105681372107938e-06,6.294648802196434190e-09
1.135024431277997792e-04,7.620824908372014761e-05,3.117478918284177780e-04,5.631731969657494119e-09,6.514767301268875599e-05,8.236889698309823871e-05,0.000000000000000000e+00,6.119410682003945112e-05,1.703105681372107938e-06,7.387899181310331187e-09
1.050537102855741978e-04,6.895053229527547956e-05,3.175103338435292244e-04,5.095392108245277996e-09,6.232909800019115210e-05,8.875539060682058334e-05,0.000000000000000000e+00,4.352144605945795774e-05,1.703105681372107938e-06,5.524170454407340003e-09
9.171993588097393513e-05,5.990771387587301433e-05,2.688438398763537407e-04,4.427134214779471222e-09,5.751492426497861743e-05,7.532459858339279890e-05,0.000000000000000000e+00,4.927838745061308146e-05,1.703105681372107938e-06,6.478924952091347222e-09
8.573479863116517663e-05,5.526017048396170139e-05,2.699181786738336086e-04,4.083684501665629796e-09,5.575739123742096126e-05,8.223669283324852586e-05,0.000000000000000000e+00,3.482813190203160048e-05,1.703105681372107938e-06,4.913440321274720191e-09
7.751358498353511095e-05,4.886110764346085489e-05,2.437369548715651035e-04,3.610798771092049719e-09,5.208567017689347267e-05,7.030638516880571842e-05,0.000000000000000000e+00,4.278778578736819327e-05,1.703105681372107938e-06,5.975367312061052871e-09
7.503171946154907346e-05,4.753697794512845576e-05,2.445695863571017981e-04,3.512946600281452447e-09,5.176318518351763487e-05,7.823205669410526752e-05,0.000000000000000000e+00,3.037782516912557185e-05,1.703105681372107938e-06,4.601028891215719341e-09
7.048983388813212514e-05,4.372265539132058620e-05,2.293291036039590836e-04,3.231070966336346828e-09,4.914081364404410124e-05,6.760275573469698429e-05,0.000000000000000000e+00,3.834271774394437671e-05,1.703105681372107938e-06,5.630704791315110924e-09
7.060282223392277956e-05,4.445450394996441901e-05,2.329383860342204571e-04,3.285154148713331779e-09,4.999721204512752593e-05,7.652363274246454239e-05,0.000000000000000000e+00,2.854479316738434136e-05,1.703105681372107938e-06,4.464823177841026336e-09
6.922390457475557923e-05,4.275725223124027252e-05,2.265169605379924178e-04,3.159728700907749044e-09,4.861534398514777422e-05,6.713803304592147470e-05,0.000000000000000000e+00,3.814953743130899966e-05,1.703105681372107938e-06,5.611376696634806649e-09
7.291728252312168479e-05,4.599542080541141331e-05,2.395359624642878771e-04,3.399026615724665135e-09,5.094504012959077954e-05,7.743995956843718886e-05,0.000000000000000000e+00,2.968262015201617032e-05,1.703105681372107938e-06,4.544320031385495895e-09
7.487304537789896131e-05,4.698007978731766343e-05,2.378976787440478802e-04,3.471792409115437295e-09,5.106551179778762162e-05,6.937977741472423077e-05,0.000000000000000000e+00,4.103199171368032694e-05,1.703105681372107938e-06,5.832225369317711738e-09
8.128966146614402533e-05,5.227919973549433053e-05,2.565552713349461555e-04,3.863393605030296385e-09,5.432181205833330750e-05,8.082142448984086514e-05,0.000000000000000000e+00,3.354933505761437118e-05,1.703105681372107938e-06,4.815941423430558643e-09
8.352935401489958167e-05,5.353073356673121452e-05,2.541141875553876162e-04,3.955880067962880275e-09,5.441458415589295328e-05,7.245541200973093510e-05,0.000000000000000000e+00,4.587199509842321277e-05,1.703105681372107938e-06,6.209019964842354966e-09
9.053997928276658058e-05,5.902088742004707456e-05,2.781038347166031599e-04,4.361598637814267931e-09,5.773636803496629000e-05,8.420052472501993179e-05,0.000000000000000000e+00,3.708711301442235708e-05,1.703105681372107938e-06,5.068120145779175800e-09
9.415656677447259426e-05,6.136935553513467312e-05,2.757912152446806431e-04,4.535149145112882252e-09,5.843228791491128504e-05,7.613637717440724373e-05,0.000000000000000000e+00,5.208088259678333998e-05,1.703105681372107938e-06,6.685992204324975319e-09
1.049265192705206573e-04,6.950643728487193584e-05,3.106237854808568954e-04,5.136473468780877738e-09,6.260438385652378201e-05,8.904640708351507783e-05,0.000000000000000000e+00,4.357704165158793330e-05,1.703105681372107938e-06,5.524717572313875280e-09
1.106204508687369525e-04,7.408417877741158009e-05,3.063847252633422613e-04,5.474765529811520537e-09,6.407164619304239750e-05,8.134032395901158452e-05,0.000000000000000000e+00,5.897797746001742780e-05,1.703105681372107938e-06,7.215823494277628924e-09
1.237328542629256845e-04,8.317618630826473236e-05,3.537948359735310078e-04,6.146657405281530373e-09,6.857141852378845215e-05,9.497258724877610803e-05,0.000000000000000000e+00,5.177172715775668621e-05,1.703105681372107938e-06,6.102795602203059389e-09
1.284216123167425394e-04,8.728021930437535048e-05,3.415399405639618635e-04,6.449941913899692736e-09,6.975090946070849895e-05,8.658322622068226337e-05,0.000000000000000000e+00,6.987390952417626977e-05,1.703105681372107938e-06,8.043855359574081376e-09
1.424861548002809286e-04,9.671815496403723955e-05,3.974908322561532259e-04,7.147398228823931277e-09,7.393710984615609050e-05,1.002915669232606888e-04,0.000000000000000000e+00,6.018915519234724343e-05,1.703105681372107938e-06,6.698847698771714931e-09
1.465706591261550784e-04,1.011508138617500663e-04,3.766392474062740803e-04,7.474969088150373864e-09,7.504512905143201351e-05,9.147027594735845923e-05,0.000000000000000000e+00,7.755927799735218287e-05,1.703105681372107938e-06,8.629974956875230419e-09
1.630518381716683507e-04,1.117312713176943362e-04,4.431847191881388426e-04,8.256855643651306309e-09,7.951660518301650882e-05,1.058630659827031195e-04,0.000000000000000000e+00,7.002096390351653099e-05,1.703105681372107938e-06,7.400145829450366364e-09
1.689868222456425428e-04,1.175937431980855763e-04,4.228616016916930676e-04,8.690088648677374294e-09,8.103484287858009338e-05,9.699172369437292218e-05,0.000000000000000000e+00,9.106928337132558227e-05,1.703105681372107938e-06,9.656451638306862151e-09
1.934001193149015307e-04,1.338138681603595614e-04,5.116811953485012054e-04,9.888743157659973804e-09,8.709192479727789760e-05,1.134072153945453465e-04,0.000000000000000000e+00,8.418129436904564500e-05,1.703105681372107938e-06,8.415207197742802236e-09
2.057855599559843540e-04,1.452095748391002417e-04,4.964555846527218819e-04,1.073087751990442484e-08,9.002817387226969004e-05,1.053223531926050782e-04,0.000000000000000000e+00,1.093042665161192417e-04,1.703105681372107938e-06,1.104357139070089033e-08
2.452628687024116516e-04,1.719809515634551644e-04,6.255902117118239403e-04,1.270926208718492489e-08,9.854010568233206868e-05,1.248514599865302444e-04,0.000000000000000000e+00,1.072290324373170733e-04,1.703105681372107938e-06,1.006567984518369485e-08
2.697219315450638533e-04,1.931602746481075883e-04,6.240480579435825348e-04,1.427439766388260978e-08,1.037695765262469649e-04,1.181170373456552625e-04,0.000000000000000000e+00,1.415685110259801149e-04,1.703105681372107938e-06,1.348810485524154501e-08
3.351308987475931644e-04,2.370708680246025324e-04,8.321832865476608276e-04,1.751935663207859761e-08,1.158625018433667719e-04,1.421309716533869505e-04,0.000000000000000000e+00,1.484170497860759497e-04,1.703105681372107938e-06,1.303523600171274666e-08
3.747252048924565315e-04,2.724667137954384089e-04,8.271663682535290718e-04,2.013508115794593323e-08,1.232099020853638649e-04,1.363719493383541703e-04,0.000000000000000000e+00,1.954184990609064698e-04,1.703105681372107938e-06,1.755119072299748950e-08
4.862057394348084927e-04,3.476119309198111296e-04,1.170712057501077652e-03,2.568825685500542022e-08,1.399705215590074658e-04,1.662119175307452679e-04,0.000000000000000000e+00,2.152260858565568924e-04,1.703105681372107938e-06,1.786748171639374050e-08
5.530942580662667751e-04,4.074565076734870672e-04,1.172282267361879349e-03,3.011072635672462638e-08,1.506189000792801380e-04,1.622898125788196921e-04,0.000000000000000000e+00,2.840951783582568169e-04,1.703105681372107938e-06,2.422570588578309980e-08
7.357281865552067757e-04,5.276794545352458954e-04,1.747987815178930759e-03,3.899511114013876067e-08,1.727326307445764542e-04,1.989174343179911375e-04,0.000000000000000000e+00,3.324993303976953030e-04,1.703105681372107938e-06,2.639268359416746534e-08
8.025075658224523067e-04,5.974854575470089912e-04,1.637595240026712418e-03,4.415372245603066403e-08,1.821848563849925995e-04,1.923358649946749210e-04,0.000000000000000000e+00,4.126259882468730211e-04,1.703105681372107938e-06,3.386129776572488481e-08
1.037249225191771984e-03,7.452526479028165340e-04,2.456733025610446930e-03,5.507360256729043613e-08,2.048465976258739829e-04,2.310051349923014641e-04,0.000000000000000000e+00,4.632328636944293976e-04,1.703105681372107938e-06,3.591273411984730046e-08
1.029435661621391773e-03,7.751120720058679581e-04,2.016344107687473297e-03,5.728019658590710605e-08,2.072520292131230235e-04,2.164831821573898196e-04,0.000000000000000000e+00,5.268926033750176430e-04,1.703105681372107938e-06,4.241468332111253403e-08
1.209657639265060425e-03,8.622054010629653931e-04,2.923836465924978256e-03,6.371632821355888154e-08,2.206663921242579818e-04,2.468051097821444273e-04,0.000000000000000000e+00,5.506867310032248497e-04,1.703105681372107938e-06,4.230441419394992408e-08
1.034385408274829388e-03,7.830620161257684231e-04,1.978259766474366188e-03,5.786769463611562969e-08,2.082965220324695110e-04,2.176639100071042776e-04,0.000000000000000000e+00,5.349739221855998039e-04,1.703105681372107938e-06,4.302692602209390316e-08
1.018068054690957069e-03,7.182460394687950611e-04,2.539233304560184479e-03,5.307783723651482433e-08,2.012349868891760707e-04,2.274140861118212342e-04,0.000000000000000000e+00,4.589877207763493061e-04,1.703105681372107938e-06,3.563106076853728155e-08
7.158139487728476524e-04,5.415530176833271980e-04,1.364822499454021454e-03,4.002036035899436683e-08,1.733196259010583162e-04,1.844691723817959428e-04,0.000000000000000000e+00,3.777869860641658306e-04,1.703105681372107938e-06,3.129747838670482452e-08
5.219855811446905136e-04,3.622944641392678022e-04,1.360395457595586777e-03,2.677328581057736301e-08,1.426828530384227633e-04,1.689888886176049709e-04,0.000000000000000000e+00,2.365156542509794235e-04,1.703105681372107938e-06,1.948273187224458525e-08
2.675141149666160345e-04,1.953417086042463779e-04,5.812310264445841312e-04,1.443560559977186131e-08,1.043317170115187764e-04,1.190771508845500648e-04,0.000000000000000000e+00,1.404928480042144656e-04,1.703105681372107938e-06,1.351141598604499450e-08
1.139951054938137531e-04,7.290858775377273560e-05,3.638469788711518049e-04,5.387889689956182337e-09,6.351931369863450527e-05,9.006053005577996373e-05,0.000000000000000000e+00,4.701821671915240586e-05,1.703105681372107938e-06,5.882086817621257069e-09
3.010530781466513872e-05,1.291260105062974617e-05,1.566697173984721303e-04,9.542314716171063083e-10,2.683711318240966648e-05,4.745354817714542150e-05,0.000000000000000000e+00,1.525735206087119877e-05,1.703105681372107938e-06,3.951606153407283273e-09
1.799952042347285897e-05,3.784036152865155600e-06,1.360969617962837219e-04,2.796373965718856880e-10,1.459441318729659542e-05,3.782346175285056233e-05,0.000000000000000000e+00,6.057892278477083892e-06,1.703105681372107938e-06,3.191253927781190214e-09
6.068549555493518710e-05,3.745730282389558852e-05,2.096125681418925524e-04,2.768066664771140495e-09,4.548554352368228137e-05,7.187426672317087650e-05,0.000000000000000000e+00,2.266933006467297673e-05,1.703105681372107938e-06,4.157164390505840856e-09
1.347899087704718113e-04,8.846159471431747079e-05,3.947886871173977852e-04,6.537244967574906696e-09,7.018173346295952797e-05,8.646119385957717896e-05,0.000000000000000000e+00,6.849434430478140712e-05,1.703105681372107938e-06,8.012682961577866081e-09
2.303256915183737874e-04,1.631641207495704293e-04,5.735139129683375359e-04,1.205770505663394943e-08,9.573785064276307821e-05,1.221198326675221324e-04,0.000000000000000000e+00,9.810174378799274564e-05,1.703105681372107938e-06,9.436347703228875616e-09
2.887008013203740120e-04,2.050221228273585439e-04,6.862197187729179859e-04,1.515097913795671047e-08,1.064054304151795805e-04,1.203618230647407472e-04,0.000000000000000000e+00,1.505668187746778131e-04,1.703105681372107938e-06,1.417060424557803344e-08
3.500238526612520218e-04,2.479270915500819683e-04,8.629035437479615211e-04,1.832162688231164793e-08,1.183060521725565195e-04,1.446824753656983376e-04,0.000000000000000000e+00,1.580639218445867300e-04,1.703105681372107938e-06,1.371577074138485841e-08
3.327986341901123524e-04,2.402924728812649846e-04,7.538340287283062935e-04,1.775743463383605558e-08,1.149046220234595239e-04,1.284450845560058951e-04,0.000000000000000000e+00,1.712278026388958097e-04,1.703105681372107938e-06,1.572461805210423336e-08
3.196129109710454941e-04,2.252471167594194412e-04,8.028217707760632038e-04,1.664559157177336601e-08,1.127714858739636838e-04,1.391256228089332581e-04,0.000000000000000000e+00,1.408362004440277815e-04,1.703105681372107938e-06,1.249641456979588838e-08
2.444536949042230844e-04,1.722395245451480150e-04,5.888886516913771629e-04,1.272836946952793369e-08,9.757303632795810699e-05,1.121536406571976840e-04,0.000000000000000000e+00,1.332530082436278462e-04,1.703105681372107938e-06,1.289942552773482021e-08
1.854206202551722527e-04,1.289861829718574882e-04,4.860528279095888138e-04,9.531982314570086601e-09,8.522532152710482478e-05,1.116111161536537111e-04,0.000000000000000000e+00,7.829155219951644540e-05,1.703105681372107938e-06,8.056053601990242896e-09
1.144103662227280438e-04,7.470524724340066314e-05,3.377146204002201557e-04,5.520661261471104808e-09,6.431144720409065485e-05,8.130361675284802914e-05,0.000000000000000000e+00,5.933654392720200121e-05,1.703105681372107938e-06,7.323361472799660987e-09
6.549645331688225269e-05,4.086326225660741329e-05,2.223156625404953957e-04,3.019763994416280184e-09,4.787070429301820695e-05,7.419117173412814736e-05,0.000000000000000000e+00,2.401623714831657708e-05,1.703105681372107938e-06,4.239984807696828284e-09
3.155596641590818763e-05,1.389781300531467423e-05,1.605895522516220808e-04,1.027037677125974824e-09,2.792913073790259659e-05,4.891038406640291214e-05,0.000000000000000000e+00,1.599196548340842128e-05,1.703105681372107938e-06,3.945605620003789227e-09
1.621674164198338985e-05,3.232408062103786506e-06,1.253859081771224737e-04,2.388725051094553464e-10,1.313219308940460905e-05,3.947851655539125204e-05,0.000000000000000000e+00,4.457417162484489381e-06,1.703105681372107938e-06,2.929737785706265640e-09
1.532553324068430811e-05,2.504667691027862020e-06,1.236543903360143304e-04,1.850930381186444151e-10,1.131720910052536055e-05,3.918140646419487894e-05,0.000000000000000000e+00,4.554272891255095601e-06,1.703105681372107938e-06,2.899042339521429312e-09
2.483128992025740445e-05,9.524541383143514395e-06,1.415620063198730350e-04,7.038563620831439493e-10,2.290827433171216398e-05,4.420434197527356446e-05,0.000000000000000000e+00,1.150547177530825138e-05,1.703105681372107938e-06,3.532842018927340177e-09
4.110588997718878090e-05,2.138887793989852071e-05,1.831047557061538100e-04,1.580621855623576266e-09,3.448412826401181519e-05,6.121071055531501770e-05,0.000000000000000000e+00,1.406533283443422988e-05,1.703105681372107938e-06,3.463285436211549495e-09
5.873135523870587349e-05,3.497785655781626701e-05,2.058206737274304032e-04,2.584836789054634210e-09,4.377412187750451267e-05,6.290994497248902917e-05,0.000000000000000000e+00,3.171428761561401188e-05,1.703105681372107938e-06,5.110470269187317172e-09
7.865056250011548400e-05,4.917644400848075747e-05,2.657187287695705891e-04,3.634102352378931755e-09,5.275971125229261816e-05,7.918041228549554944e-05,0.000000000000000000e+00,2.902237974922172725e-05,1.703105681372107938e-06,4.491843341725143546e-09
9.414274245500564575e-05,6.119912723079323769e-05,2.820529916789382696e-04,4.522568985976249678e-09,5.841520760441198945e-05,7.623808050993829966e-05,0.000000000000000000e+00,4.738310963148251176e-05,1.703105681372107938e-06,6.319209600036401753e-09
1.144037814810872078e-04,7.598714728374034166e-05,3.401110880076885223e-04,5.615393483537900465e-09,6.551455589942634106e-05,9.177697938866913319e-05,0.000000000000000000e+00,4.405519575811922550e-05,1.703105681372107938e-06,5.553265403079876705e-09
1.271266955882310867e-04,8.592897211201488972e-05,3.477155696600675583e-04,6.350085790529647056e-09,6.921579188201576471e-05,8.613091631559655070e-05,0.000000000000000000e+00,6.426168692996725440e-05,1.703105681372107938e-06,7.614998409621875908e-09
1.468675181968137622e-04,1.000641059363260865e-04,4.111625021323561668e-04,7.394661771797927940e-09,7.531022129114717245e-05,1.015643429127521813e-04,0.000000000000000000e+00,5.687160592060536146e-05,1.703105681372107938e-06,6.458559909106043051e-09
1.520788646303117275e-04,1.046946272253990173e-04,3.973300626967102289e-04,7.736854712447893689e-09,7.634979556314647198e-05,9.267162386095151305e-05,0.000000000000000000e+00,7.651229680050164461e-05,1.703105681372107938e-06,8.544995822035161837e-09
1.657572720432654023e-04,1.130773016484454274e-04,4.549865843728184700e-04,8.356327185765621834e-09,8.001661626622080803e-05,1.063179588527418673e-04,0.000000000000000000e+00,7.181310502346605062e-05,1.703105681372107938e-06,7.524047163087743684e-09
1.630797050893306732e-04,1.130723685491830111e-04,4.152924520894885063e-04,8.355963032613544783e-09,7.928653940325602889e-05,9.536667494103312492e-05,0.000000000000000000e+00,8.478092058794572949e-05,1.703105681372107938e-06,9.174971893344263663e-09
1.707537303445860744e-04,1.168297894764691591e-04,4.656835808418691158e-04,8.633632475607555534e-09,8.124842861434444785e-05,1.076694024959579110e-04,0.000000000000000000e+00,7.355590059887617826e-05,1.703105681372107938e-06,7.652950273495662259e-09
1.622957352083176374e-04,1.123107285820879042e-04,4.118535143788903952e-04,8.299678277978728147e-09,7.881465717218816280e-05,9.487049101153388619e-05,0.000000000000000000e+00,8.799661009106785059e-05,1.703105681372107938e-06,9.430255687448152457e-09
1.645467273192480206e-04,1.125206836150027812e-04,4.483757074922323227e-04,8.315193866792469635e-09,7.966322300489991903e-05,1.061257789842784405e-04,0.000000000000000000e+00,7.188468589447438717e-05,1.703105681372107938e-06,7.544007196713664598e-09
1.515695767011493444e-04,1.039905910147354007e-04,3.922515024896711111e-04,7.684826996978699754e-09,7.608117448398843408e-05,9.225557732861489058e-05,0.000000000000000000e+00,8.353834709851071239e-05,1.703105681372107938e-06,9.097741227037658973e-09
1.486148830736055970e-04,1.010848427540622652e-04,4.118205979466438293e-04,7.470092988626220176e-09,7.541004742961376905e-05,1.019230257952585816e-04,0.000000000000000000e+00,6.347975431708618999e-05,1.703105681372107938e-06,6.942169061829872589e-09
1.337066059932112694e-04,9.083128679776564240e-05,3.533619747031480074e-04,6.712363109784291737e-09,7.095994078554213047e-05,8.757071918807923794e-05,0.000000000000000000e+00,7.539120269939303398e-05,1.703105681372107938e-06,8.471040757740411209e-09
1.280435826629400253e-04,8.558374247513711452e-05,3.695286286529153585e-04,6.324573753602180659e-09,6.957961159059777856e-05,9.612897702027112246e-05,0.000000000000000000e+00,5.506971501745283604e-05,1.703105681372107938e-06,6.334158975107584411e-09
1.124313130276277661e-04,7.533991447417065501e-05,3.097387671004980803e-04,5.567563299280209321e-09,6.466878403443843126e-05,8.185592741938307881e-05,0.000000000000000000e+00,6.117523298598825932e-05,1.703105681372107938e-06,7.374816313188148342e-09
1.025848177960142493e-04,6.690173904644325376e-05,3.124138165730983019e-04,4.943987885752676448e-09,6.129382381914183497e-05,8.788245759205892682e-05,0.000000000000000000e+00,4.441697819856926799e-05,1.703105681372107938e-06,5.571190619946264633e-09
8.655989950057119131e-05,5.614855763269588351e-05,2.572015218902379274e-04,4.149335985914603953e-09,5.568491906160488725e-05,7.366436329903081059e-05,0.000000000000000000e+00,4.691188223659992218e-05,1.703105681372107938e-06,6.281099196314698929e-09
7.667801401112228632e-05,4.812967745237983763e-05,2.543165755923837423e-04,3.556746452915149348e-09,5.207297363085672259e-05,7.865989755373448133e-05,0.000000000000000000e+00,3.116677908110432327e-05,1.703105681372107938e-06,4.644106432749595115e-09
6.542837945744395256e-05,3.991997073171660304e-05,2.198531437898054719e-04,2.950055755235325705e-09,4.706837717094458640e-05,6.578819738933816552e-05,0.000000000000000000e+00,3.523089617374353111e-05,1.703105681372107938e-06,5.387390089595101017e-09
5.882949699298478663e-05,3.508316149236634374e-05,2.139605348929762840e-04,2.592619008368046707e-09,4.450498818187043071e-05,7.102115341695025563e-05,0.000000000000000000e+00,2.350283466512337327e-05,1.703105681372107938e-06,4.124215635670225311e-09
5.093763684271834791e-05,2.917353049269877374e-05,1.902241347124800086e-04,2.155901901446100055e-09,4.023607471026480198e-05,5.966798562440089881e-05,0.000000000000000000e+00,2.741694515862036496e-05,1.703105681372107938e-06,4.787808371986557177e-09
4.550112862489186227e-05,2.548574047978036106e-05,1.838607277022674680e-04,1.883377009903597354e-09,3.778490645345300436e-05,6.437935371650382876e-05,0.000000000000000000e+00,1.629315374884754419e-05,1.703105681372107938e-06,3.629376799096917239e-09
3.896229827660135925e-05,2.036327896348666400e-05,1.643117138883098960e-04,1.504830926535305480e-09,3.347603342263028026e-05,5.367601261241361499e-05,0.000000000000000000e+00,2.167845377698540688e-05,1.703105681372107938e-06,4.337687542488311010e-09
3.405049210414290428e-05,1.688405973254702985e-05,1.592468615854158998e-04,1.247719150221371365e-09,3.079426824115216732e-05,5.742481516790576279e-05,0.000000000000000000e+00,1.241745212610112503e-05,1.703105681372107938e-06,3.367826462152834210e-09
2.905364090111106634e-05,1.309005619987146929e-05,1.437644677935168147e-04,9.673452039393737323e-10,2.686750303837470710e-05,4.780462404596619308e-05,0.000000000000000000e+00,1.587137012393213809e-05,1.703105681372107938e-06,3.871554188350501136e-09
2.523381772334687412e-05,1.047037676471518353e-05,1.386726362397894263e-04,7.737528950890748547e-10,2.413697256997693330e-05,5.100101407151669264e-05,0.000000000000000000e+00,8.961766070569865406e-06,1.703105681372107938e-06,3.135318671354525577e-09
2.201466122642159462e-05,7.878114047343842685e-06,1.292354863835498691e-04,5.821866877475656565e-10,2.076714372378773987e-05,4.246075695846229792e-05,0.000000000000000000e+00,1.212998813571175560e-05,1.703105681372107938e-06,3.567285355998706109e-09
2.012548793572932482e-05,6.799755738029489294e-06,1.261805300600826740e-04,5.024968219302650141e-10,1.940032234415411949e-05,4.654944132198579609e-05,0.000000000000000000e+00,7.076790097926277667e-06,1.703105681372107938e-06,3.014951843738344905e-09
1.894579509098548442e-05,5.642069936584448442e-06,1.232455397257581353e-04,4.169446732316117732e-10,1.762333704391494393e-05,3.977731466875411570e-05,0.000000000000000000e+00,9.791714546736329794e-06,1.703105681372107938e-06,3.372166546000698872e-09
1.861711643869057298e-05,5.816987140860874206e-06,1.214321164297871292e-04,4.298709166405956239e-10,1.783026709745172411e-05,4.508751953835599124e-05,0.000000000000000000e+00,6.569175639015156776e-06,1.703105681372107938e-06,2.981672686530600913e-09
1.917726694955490530e-05,5.846024578204378486e-06,1.231481146533042192e-04,4.320167834581667421e-10,1.788167355698533356e-05,3.996892337454482913e-05,0.000000000000000000e+00,1.016429723676992580e-05,1.703105681372107938e-06,3.402385040374156233e-09
2.101589234371203929e-05,7.647623533557634801e-06,1.262682490050792694e-04,5.651535350814640424e-10,2.057480196526739746e-05,4.766952042700722814e-05,0.000000000000000000e+00,7.414438186970073730e-06,1.703105681372107938e-06,3.031442652456917131e-09
2.425169986963737756e-05,9.570711881679017097e-06,1.332860992988571525e-04,7.072684105047244429e-10,2.295686863362789154e-05,4.433752110344357789e-05,0.000000000000000000e+00,1.352376239083241671e-05,1.703105681372107938e-06,3.673102710877174104e-09
2.972245965793263167e-05,1.403073110850527883e-05,1.456458994653075933e-04,1.036860375336345896e-09,2.802502422127872705e-05,5.487496309797279537e-05,0.000000000000000000e+00,1.127138420997653157e-05,1.703105681372107938e-06,3.278997517952575436e-09
3.740529064089059830e-05,1.937676279339939356e-05,1.589812163729220629e-04,1.431928131623294576e-09,3.268241562182083726e-05,5.286618397803977132e-05,0.000000000000000000e+00,2.130406573996879160e-05,1.703105681372107938e-06,4.291315747195767472e-09
4.943667227053083479e-05,2.855956518033053726e-05,1.892481668619439006e-04,2.110530195054138858e-09,4.013259967905469239e-05,6.676921475445851684e-05,0.000000000000000000e+00,1.952290040208026767e-05,1.703105681372107938e-06,3.838030337988129759e-09
6.393922376446425915e-05,3.896962880389764905e-05,2.131337241735309362e-04,2.879825933277402328e-09,4.646927845897153020e-05,6.524637865368276834e-05,0.000000000000000000e+00,3.656215994851663709e-05,1.703105681372107938e-06,5.480518261435918248e-09
8.690061804372817278e-05,5.615133341052569449e-05,2.705967635847628117e-04,4.149541155129554681e-09,5.629289080388844013e-05,8.281329792225733399e-05,0.000000000000000000e+00,3.689609729917719960e-05,1.703105681372107938e-06,5.047670281754790267e-09
1.126376591855660081e-04,7.532574090873822570e-05,3.118960594292730093e-04,5.566515248744963174e-09,6.462839519372209907e-05,8.176665869541466236e-05,0.000000000000000000e+00,6.122312333900481462e-05,1.703105681372107938e-06,7.379594713086135016e-09
1.553931797388941050e-04,1.064712632796727121e-04,4.217950045131146908e-04,7.868146134626385901e-09,7.750513032078742981e-05,1.039372145896777511e-04,0.000000000000000000e+00,6.742418190697208047e-05,1.703105681372107938e-06,7.210529062717796478e-09
1.987230061786249280e-04,1.393710408592596650e-04,4.850266850553452969e-04,1.029941465446881921e-08,8.811918087303638458e-05,1.034586312016472220e-04,0.000000000000000000e+00,1.084930336219258606e-04,1.703105681372107938e-06,1.097549073847403633e-08
2.741300268098711967e-04,1.933930325321853161e-04,6.833988591097295284e-04,1.429159812715852240e-08,1.044600285240449011e-04,1.308218052145093679e-04,0.000000000000000000e+00,1.239710836671292782e-04,1.703105681372107938e-06,1.126796611572444817e-08
3.373046056367456913e-04,2.439824602333828807e-04,7.584176491945981979e-04,1.803011784318186983e-08,1.163835622719489038e-04,1.298497081734240055e-04,0.000000000000000000e+00,1.748038048390299082e-04,1.703105681372107938e-06,1.599329735313403944e-08
4.668660985771566629e-04,3.334687498863786459e-04,1.123684691265225410e-03,2.464308757055277965e-08,1.371989637846127152e-04,1.635051157791167498e-04,0.000000000000000000e+00,2.102887374348938465e-04,1.703105681372107938e-06,1.750166767067184992e-08
5.551836220547556877e-04,4.081072984263300896e-04,1.174210919998586178e-03,3.015881944179454877e-08,1.507328561274334788e-04,1.623323041712865233e-04,0.000000000000000000e+00,2.965524327009916306e-04,1.703105681372107938e-06,2.514603991699004837e-08
7.556194323115050793e-04,5.422972608357667923e-04,1.785997417755424976e-03,4.007535636674219859e-08,1.748044160194694996e-04,2.010568132391199470e-04,0.000000000000000000e+00,3.472244425211101770e-04,1.703105681372107938e-06,2.745088778510762495e-08
8.218021248467266560e-04,6.134344730526208878e-04,1.659687608480453491e-03,4.533233877168640902e-08,1.843653153628110886e-04,1.943965035025030375e-04,0.000000000000000000e+00,4.239886184222996235e-04,1.703105681372107938e-06,3.470279352768557146e-08
1.045615063048899174e-03,7.488054106943309307e-04,2.486623590812087059e-03,5.533615876629482955e-08,2.054536453215405345e-04,2.316588506801053882e-04,0.000000000000000000e+00,4.814724670723080635e-04,1.703105681372107938e-06,3.723734209870599443e-08
1.019702292978763580e-03,7.672460633330047131e-04,1.988861709833145142e-03,5.669889802106808929e-08,2.061656559817492962e-04,2.153976092813536525e-04,0.000000000000000000e+00,5.357000045478343964e-04,1.703105681372107938e-06,4.306239631546304736e-08
1.179986400529742241e-03,8.401664672419428825e-04,2.859242726117372513e-03,6.208766478721372550e-08,2.175966073991730809e-04,2.437750808894634247e-04,0.000000000000000000e+00,5.389559082686901093e-04,1.703105681372107938e-06,4.144236953607105534e-08
1.004946883767843246e-03,7.615313515998423100e-04,1.913549727760255337e-03,5.627658694606907375e-08,2.052628115052357316e-04,2.147505874745547771e-04,0.000000000000000000e+00,5.206061759963631630e-04,1.703105681372107938e-06,4.195704761400520511e-08
9.832669747993350029e-04,6.947909714654088020e-04,2.434894442558288574e-03,5.134452152333324193e-08,1.976130442926660180e-04,2.238211745861917734e-04,0.000000000000000000e+00,4.498654743656516075e-04,1.703105681372107938e-06,3.496674594316573348e-08
6.979795871302485466e-04,5.277668242342770100e-04,1.337370253168046474e-03,3.900157352632049879e-08,1.708705531200394034e-04,1.820959441829472780e-04,0.000000000000000000e+00,3.647572884801775217e-04,1.703105681372107938e-06,3.032790019119602221e-08
5.306286620907485485e-04,3.697995562106370926e-04,1.373422215692698956e-03,2.732790527204542741e-08,1.440592022845521569e-04,1.703355665085837245e-04,0.000000000000000000e+00,2.348682319279760122e-04,1.703105681372107938e-06,1.936534133051281970e-08
3.010827349498867989e-04,2.204573538620024920e-04,6.467187777161598206e-04,1.629162937888395390e-08,1.109974618884734809e-04,1.253064547199755907e-04,0.000000000000000000e+00,1.595348294358700514e-04,1.703105681372107938e-06,1.494747969843501778e-08
1.597536611370742321e-04,1.060774666257202625e-04,4.663253785111010075e-04,7.839044080526491598e-09,7.690633356105536222e-05,1.033587686833925545e-04,0.000000000000000000e+00,7.043653749860823154e-05,1.703105681372107938e-06,7.548374370003330114e-09
6.130595284048467875e-05,3.597543764044530690e-05,2.206065692007541656e-04,2.658557818335793854e-09,4.509239442995749414e-05,6.384807784343138337e-05,0.000000000000000000e+00,3.269862645538523793e-05,1.703105681372107938e-06,5.313121942407406095e-09
1.841450284700840712e-05,4.800739134225295857e-06,1.314133987762033939e-04,3.547709348517003036e-10,1.542141581012401730e-05,4.310145595809444785e-05,0.000000000000000000e+00,4.724250175058841705e-06,1.703105681372107938e-06,2.976584090319533971e-09
1.749470720824319869e-05,4.328199793235398829e-06,1.275418471777811646e-04,3.198506459689554049e-10,1.485797383793396875e-05,4.182660632068291306e-05,0.000000000000000000e+00,4.123223334318026900e-06,1.703105681372107938e-06,2.916247687778650288e-09
4.660759805119596422e-05,2.445507197990082204e-05,1.994498161366209388e-04,1.807211269522213115e-09,3.709928932948969305e-05,5.644617340294644237e-05,0.000000000000000000e+00,2.207542456744704396e-05,1.703105681372107938e-06,4.426016886327488464e-09
9.490917727816849947e-05,6.245199620025232434e-05,2.859480446204543114e-04,4.615155813070259683e-09,5.930888073635287583e-05,8.570976206101477146e-05,0.000000000000000000e+00,3.862376979668624699e-05,1.703105681372107938e-06,5.202974939777504915e-09
1.394168211845681071e-04,9.376536763738840818e-05,3.859171119984239340e-04,6.929189222404374959e-09,7.192068005679175258e-05,8.831600280245766044e-05,0.000000000000000000e+00,7.059742347337305546e-05,1.703105681372107938e-06,8.117019945075298892e-09
1.806466170819476247e-04,1.253076916327700019e-04,4.787993093486875296e-04,9.260143762901407172e-09,8.426126441918313503e-05,1.106322597479447722e-04,0.000000000000000000e+00,7.458994514308869839e-05,1.703105681372107938e-06,7.727447126626429963e-09
1.831792615121230483e-04,1.262900914298370481e-04,4.735143738798797131e-04,9.332741690570856008e-09,8.347545372089371085e-05,9.904203034238889813e-05,0.000000000000000000e+00,9.537736332276836038e-05,1.703105681372107938e-06,9.999054029208309657e-09
1.779848389560356736e-04,1.232966606039553881e-04,4.708309134002774954e-04,9.111529308825083717e-09,8.365694520762190223e-05,1.099985820474103093e-04,0.000000000000000000e+00,7.605082646477967501e-05,1.703105681372107938e-06,7.858846906572125590e-09
1.417673920514062047e-04,9.500817395746707916e-05,3.937933361157774925e-04,7.021032644161095959e-09,7.256463868543505669e-05,8.890338358469307423e-05,0.000000000000000000e+00,7.379887392744421959e-05,1.703105681372107938e-06,8.388199468356560828e-09
1.096894484362564981e-04,7.384238415397703648e-05,3.161586646456271410e-04,5.456896712274783567e-09,6.467187631642445922e-05,9.099862654693424702e-05,0.000000000000000000e+00,4.231193088344298303e-05,1.703105681372107938e-06,5.491223475928563857e-09
7.225163426483049989e-05,4.365106724435463548e-05,2.479925460647791624e-04,3.225780975668612882e-09,4.920584251522086561e-05,6.770690379198640585e-05,0.000000000000000000e+00,3.801310958806425333e-05,1.703105681372107938e-06,5.663479463180465245e-09
4.589931995724327862e-05,2.634532029333058745e-05,1.805068895919248462e-04,1.946899086391340461e-09,3.865356848109513521e-05,6.480977026512846351e-05,0.000000000000000000e+00,1.503312705608550459e-05,1.703105681372107938e-06,3.601319242818590283e-09
2.792462692013941705e-05,1.179246828542090952e-05,1.494071620982140303e-04,8.714545751686841868e-10,2.576591214165091515e-05,4.739972428069449961e-05,0.000000000000000000e+00,1.191441515402402729e-05,1.703105681372107938e-06,3.598537912097299341e-09
1.860092925198841840e-05,5.457592578750336543e-06,1.265818282263353467e-04,4.033119394009077041e-10,1.726574191707186401e-05,4.313616591389290988e-05,0.000000000000000000e+00,4.851541234529577196e-06,1.703105681372107938e-06,2.934020582046059644e-09
1.524585422885138541e-05,2.884140485548414290e-06,1.192243944387882948e-04,2.131357867973804332e-10,1.184662050945917144e-05,3.840032513835467398e-05,0.000000000000000000e+00,4.392741629999363795e-06,1.703105681372107938e-06,2.919581909566204558e-09
1.637114837649278343e-05,3.587970240914728492e-06,1.212851639138534665e-04,2.651482644555613888e-10,1.371750204270938411e-05,3.729675518115982413e-05,0.000000000000000000e+00,6.546606527990661561e-06,1.703105681372107938e-06,3.115279367804646427e-09
2.042118831013794988e-05,6.523734100483125076e-06,1.325292105320841074e-04,4.820989718545831693e-10,1.899318522191606462e-05,4.626935333362780511e-05,0.000000000000000000e+00,6.445328835980035365e-06,1.703105681372107938e-06,2.971497270465306428e-09
2.561092878750059754e-05,1.048947069648420438e-05,1.379557943437248468e-04,7.751638220199197349e-10,2.405285158602055162e-05,4.542013994068838656e-05,0.000000000000000000e+00,1.325877292401855811e-05,1.703105681372107938e-06,3.657316671734633928e-09
3.213423042325302958e-05,1.512887956778286025e-05,1.594713103258982301e-04,1.118012793455136489e-09,2.893356395361479372e-05,5.582852827501483262e-05,0.000000000000000000e+00,1.058217276295181364e-05,1.703105681372107938e-06,3.226262812461300200e-09
3.921710231225006282e-05,2.048653004749212414e-05,1.657343527767807245e-04,1.513939085207027802e-09,3.354427462909370661e-05,5.366169352782890201e-05,0.000000000000000000e+00,2.157137350877746940e-05,1.703105681372107938e-06,4.315126922449508129e-09
4.750662992591969669e-05,2.655307616805657744e-05,1.916235341923311353e-04,1.962252138554276826e-09,3.871455191983841360e-05,6.532754196086898446e-05,0.000000000000000000e+00,1.791198337741661817e-05,1.703105681372107938e-06,3.723140462597029909e-09
5.343147495295852423e-05,3.103054041275754571e-05,1.954679319169372320e-04,2.293133460895546705e-09,4.148484367760829628e-05,6.080118691897951066e-05,0.000000000000000000e+00,2.854140257113613188e-05,1.703105681372107938e-06,4.857184432438543809e-09
5.990795398247428238e-05,3.594681402319110930e-05,2.167935454053804278e-04,2.656442399384673081e-09,4.497770351008512080e-05,7.143926632124930620e-05,0.000000000000000000e+00,2.281787601532414556e-05,1.703105681372107938e-06,4.055175306660885326e-09
6.310372555162757635e-05,3.843359081656672060e-05,2.143186720786616206e-04,2.840213175758776742e-09,4.621777770807966590e-05,6.517264409922063351e-05,0.000000000000000000e+00,3.238266072003170848e-05,1.703105681372107938e-06,5.149967563511381741e-09
6.823154399171471596e-05,4.216625166009180248e-05,2.344154199818149209e-04,3.116053859386624936e-09,4.894391531706787646e-05,7.523747626692056656e-05,0.000000000000000000e+00,2.623753607622347772e-05,1.703105681372107938e-06,4.292443289699576781e-09
7.011833804426714778e-05,4.383190753287635744e-05,2.283211215399205685e-04,3.239145174305235741e-09,4.929702481604181230e-05,6.808219040976837277e-05,0.000000000000000000e+00,3.454319084994494915e-05,1.703105681372107938e-06,5.319088280941741687e-09
7.535682379966601729e-05,4.770809755427762866e-05,2.489356265868991613e-04,3.525592262576537905e-09,5.211473035160452127e-05,7.829364039935171604e-05,0.000000000000000000e+00,2.755167770374100655e-05,1.703105681372107938e-06,4.388676089206455799e-09
7.772452954668551683e-05,4.955073745804838836e-05,2.431560278637334704e-04,3.661761782680628130e-09,5.258886085357517004e-05,7.118344365153461695e-05,0.000000000000000000e+00,3.858192212646827102e-05,1.703105681372107938e-06,5.637015298987080314e-09
8.520926348865032196e-05,5.530221096705645323e-05,2.683876082301139832e-04,4.086791349777740834e-09,5.610404332401230931e-05,8.225454075727611780e-05,0.000000000000000000e+00,3.068295700359158218e-05,1.703105681372107938e-06,4.613575299572403310e-09
8.998480188893154263e-05,5.878692536498419940e-05,2.682000049389898777e-04,4.344308912607175444e-09,5.733111174777150154e-05,7.551331509603187442e-05,0.000000000000000000e+00,4.377880395622923970e-05,1.703105681372107938e-06,6.043278766298953997e-09
1.006605452857911587e-04,6.677152850897982717e-05,3.025449113920331001e-04,4.934364916664435441e-09,6.172781286295503378e-05,8.785894897300750017e-05,0.000000000000000000e+00,3.634519816841930151e-05,1.703105681372107938e-06,5.011135506549635465e-09
1.057669869624078274e-04,7.069844286888837814e-05,2.981580037157982588e-04,5.224561228089896758e-09,6.294441845966503024e-05,8.064532448770478368e-05,0.000000000000000000e+00,5.252743721939623356e-05,1.703105681372107938e-06,6.710413558153049962e-09
1.176575897261500359e-04,7.922626537038013339e-05,3.411067009437829256e-04,5.854761564449972866e-09,6.707516149617731571e-05,9.322159166913479567e-05,0.000000000000000000e+00,4.320654988987371325e-05,1.703105681372107938e-06,5.484215748197129869e-09
1.219465993926860392e-04,8.317534229718148708e-05,3.291719767730683088e-04,6.146594788702941514e-09,6.820826820330694318e-05,8.542901923647150397e-05,0.000000000000000000e+00,5.854051414644345641e-05,1.703105681372107938e-06,7.167290760889954981e-09
1.332779065705835819e-04,9.015835530590265989e-05,3.784328291658312082e-04,6.662634444154491575e-09,7.164887938415631652e-05,9.781804692465811968e-05,0.000000000000000000e+00,5.276266165310516953e-05,1.703105681372107938e-06,6.160584486991638187e-09
1.323975302511826158e-04,9.087307262234389782e-05,3.485163906589150429e-04,6.715451306149589072e-09,7.129021832952275872e-05,8.821317169349640608e-05,0.000000000000000000e+00,6.672818562947213650e-05,1.703105681372107938e-06,7.791061129580612032e-09
1.387157535646110773e-04,9.407416655449196696e-05,3.915701818186789751e-04,6.952009634630940127e-09,7.298284617718309164e-05,9.922327444655820727e-05,0.000000000000000000e+00,5.484578286996111274e-05,1.703105681372107938e-06,6.309931244175004394e-09
1.328721991740167141e-04,9.126470104092732072e-05,3.487943613436073065e-04,6.744391711777097953e-09,7.133626058930531144e-05,8.817343768896535039e-05,0.000000000000000000e+00,6.728056177962571383e-05,1.703105681372107938e-06,7.844244365173835831e-09
1.349675148958340287e-04,9.109898383030667901e-05,3.829554480034857988e-04,6.732145951815482476e-09,7.178235682658851147e-05,9.811021300265565515e-05,0.000000000000000000e+00,5.572985173785127699e-05,1.703105681372107938e-06,6.386651207890281512e-09
1.266826147912070155e-04,8.634831465315073729e-05,3.362144634593278170e-04,6.381075223771404126e-09,6.933217810001224279e-05,8.625215559732168913e-05,0.000000000000000000e+00,6.712850881740450859e-05,1.703105681372107938e-06,7.842876570407497638e-09
1.275174872716888785e-04,8.563360461266711354e-05,3.662459785118699074e-04,6.328257917687096779e-09,6.948711234144866467e-05,9.590264380676671863e-05,0.000000000000000000e+00,5.259276076685637236e-05,1.703105681372107938e-06,6.168991983912519572e-09
1.202957646455615759e-04,8.147741027642041445e-05,3.223157546017318964e-04,6.021119158816645722e-09,6.727949221385642886e-05,8.427094871876761317e-05,0.000000000000000000e+00,6.586781819351017475e-05,1.703105681372107938e-06,7.749768826670333510e-09
1.214062431245110929e-04,8.101187995634973049e-05,3.516647557262331247e-04,5.986716455907981072e-09,6.758017843822017312e-05,9.407732432009652257e-05,0.000000000000000000e+00,5.227885412750765681e-05,1.703105681372107938e-06,6.146533948481192056e-09
1.132464312831871212e-04,7.623736746609210968e-05,3.068803634960204363e-04,5.633883581879217672e-09,6.501797179225832224e-05,8.216589776566252112e-05,0.000000000000000000e+00,6.321021646726876497e-05,1.703105681372107938e-06,7.544429081463022158e-09
1.117697029258124530e-04,7.418332825182005763e-05,3.265685518272221088e-04,5.482091225417207170e-09,6.463460886152461171e-05,9.120949107455089688e-05,0.000000000000000000e+00,4.929516944685019553e-05,1.703105681372107938e-06,5.932195179525479034e-09
1.039820781443268061e-04,6.949171802261844277e-05,2.862691180780529976e-04,5.135385006127535235e-09,6.203242082847282290e-05,7.944779645185917616e-05,0.000000000000000000e+00,5.863447586307302117e-05,1.703105681372107938e-06,7.191306217180226668e-09
1.040265924530103803e-04,6.930220115464180708e-05,3.016215923707932234e-04,5.121380208805703660e-09,6.242821837076917291e-05,8.903037087293341756e-05,0.000000000000000000e+00,4.562227331916801631e-05,1.703105681372107938e-06,5.669630986915308313e-09
1.001375421765260398e-04,6.671738083241507411e-05,2.788194688037037849e-04,4.930363672883686377e-09,6.088388909120112658e-05,7.843937055440619588e-05,0.000000000000000000e+00,5.538210098166018724e-05,1.703105681372107938e-06,6.941348829059279524e-09
1.046244578901678324e-04,7.047809776850044727e-05,2.956021053250879049e-04,5.208278697210744212e-09,6.303899863269180059e-05,8.956423698691651225e-05,0.000000000000000000e+00,4.586153227137401700e-05,1.703105681372107938e-06,5.689418713927807403e-09
1.052471925504505634e-04,7.093556632753461599e-05,2.857357903849333525e-04,5.242084988310580229e-09,6.273242615861818194e-05,8.026145951589569449e-05,0.000000000000000000e+00,5.738049367209896445e-05,1.703105681372107938e-06,7.094929532769356229e-09
1.145777714555151761e-04,7.861891936045140028e-05,3.111232654191553593e-04,5.809878356188846737e-09,6.641685467911884189e-05,9.290983143728226423e-05,0.000000000000000000e+00,4.846524825552478433e-05,1.703105681372107938e-06,5.870313124489712209e-09
