# total,frequency_equation,frequency_initial,physical_equation,physical_initial
9.259664154052734375e+01,1.712520360946655273e+00,7.547143697738647461e-01,0.000000000000000000e+00,0.000000000000000000e+00
8.496862030029296875e+01,1.441958665847778320e+00,7.054903507232666016e-01,0.000000000000000000e+00,0.000000000000000000e+00
8.794078063964843750e+01,1.500849008560180664e+00,7.293229103088378906e-01,0.000000000000000000e+00,0.000000000000000000e+00
8.767997741699218750e+01,1.459760785102844238e+00,7.308236360549926758e-01,0.000000000000000000e+00,0.000000000000000000e+00
8.633294677734375000e+01,1.222727537155151367e+00,7.410566806793212891e-01,0.000000000000000000e+00,0.000000000000000000e+00
8.268398284912109375e+01,1.283891916275024414e+00,6.984506249427795410e-01,0.000000000000000000e+00,0.000000000000000000e+00
8.505864715576171875e+01,1.174501895904541016e+00,7.331362962722778320e-01,0.000000000000000000e+00,0.000000000000000000e+00
8.253495788574218750e+01,1.113902568817138672e+00,7.139593362808227539e-01,0.000000000000000000e+00,0.000000000000000000e+00
7.912592315673828125e+01,9.863651990890502930e-01,6.926226615905761719e-01,0.000000000000000000e+00,0.000000000000000000e+00
8.106975555419921875e+01,1.008928537368774414e+00,7.098046541213989258e-01,0.000000000000000000e+00,0.000000000000000000e+00
7.851431274414062500e+01,8.848989605903625488e-01,6.966532468795776367e-01,0.000000000000000000e+00,0.000000000000000000e+00
7.849169921875000000e+01,8.473892211914062500e-01,7.001780867576599121e-01,0.000000000000000000e+00,0.000000000000000000e+00
7.519438171386718750e+01,8.050982952117919922e-01,6.714339256286621094e-01,0.000000000000000000e+00,0.000000000000000000e+00
7.583205413818359375e+01,7.280166149139404297e-01,6.855188608169555664e-01,0.000000000000000000e+00,0.000000000000000000e+00
7.520256805419921875e+01,6.564741730690002441e-01,6.863782405853271484e-01,0.000000000000000000e+00,0.000000000000000000e+00
7.416073608398437500e+01,6.599469184875488281e-01,6.756126284599304199e-01,0.000000000000000000e+00,0.000000000000000000e+00
7.388416290283203125e+01,6.166839003562927246e-01,6.771732568740844727e-01,0.000000000000000000e+00,0.000000000000000000e+00
7.219446563720703125e+01,5.148346424102783203e-01,6.704611778259277344e-01,0.000000000000000000e+00,0.000000000000000000e+00
7.018780517578125000e+01,4.645603895187377930e-01,6.554219722747802734e-01,0.000000000000000000e+00,0.000000000000000000e+00
6.907254028320312500e+01,4.314747750759124756e-01,6.475778818130493164e-01,0.000000000000000000e+00,0.000000000000000000e+00
7.005256652832031250e+01,3.618213534355163574e-01,6.643434762954711914e-01,0.000000000000000000e+00,0.000000000000000000e+00
6.985588073730468750e+01,2.999331951141357422e-01,6.685655117034912109e-01,0.000000000000000000e+00,0.000000000000000000e+00
6.859614562988281250e+01,2.776410877704620361e-01,6.581973433494567871e-01,0.000000000000000000e+00,0.000000000000000000e+00
6.709582519531250000e+01,2.314122021198272705e-01,6.478170156478881836e-01,0.000000000000000000e+00,0.000000000000000000e+00
6.581109619140625000e+01,1.933025270700454712e-01,6.387807130813598633e-01,0.000000000000000000e+00,0.000000000000000000e+00
6.556478118896484375e+01,1.568957567214965820e-01,6.399582624435424805e-01,0.000000000000000000e+00,0.000000000000000000e+00
6.308451843261718750e+01,1.285923719406127930e-01,6.179859638214111328e-01,0.000000000000000000e+00,0.000000000000000000e+00
6.425788116455078125e+01,9.954515099525451660e-02,6.326242685317993164e-01,0.000000000000000000e+00,0.000000000000000000e+00
6.232066345214843750e+01,7.916422188282012939e-02,6.152902245521545410e-01,0.000000000000000000e+00,0.000000000000000000e+00
6.144253921508789062e+01,5.924496799707412720e-02,6.085008978843688965e-01,0.000000000000000000e+00,0.000000000000000000e+00
6.234394836425781250e+01,4.229970276355743408e-02,6.192095279693603516e-01,0.000000000000000000e+00,0.000000000000000000e+00
6.065972137451171875e+01,3.290364146232604980e-02,6.033068299293518066e-01,0.000000000000000000e+00,0.000000000000000000e+00
6.110604095458984375e+01,2.878463640809059143e-02,6.081819534301757812e-01,0.000000000000000000e+00,0.000000000000000000e+00
6.248143768310546875e+01,3.056046739220619202e-02,6.217583417892456055e-01,0.000000000000000000e+00,0.000000000000000000e+00
5.797271347045898438e+01,4.249444603919982910e-02,5.754776597023010254e-01,0.000000000000000000e+00,0.000000000000000000e+00
5.713265991210937500e+01,5.631694942712783813e-02,5.656949281692504883e-01,0.000000000000000000e+00,0.000000000000000000e+00
5.804036331176757812e+01,8.354830741882324219e-02,5.720487833023071289e-01,0.000000000000000000e+00,0.000000000000000000e+00
5.810162353515625000e+01,1.132888942956924438e-01,5.696873664855957031e-01,0.000000000000000000e+00,0.000000000000000000e+00
5.913937759399414062e+01,1.561368256807327271e-01,5.757800936698913574e-01,0.000000000000000000e+00,0.000000000000000000e+00
5.750938415527343750e+01,1.796896755695343018e-01,5.571248531341552734e-01,0.000000000000000000e+00,0.000000000000000000e+00
5.529253768920898438e+01,2.239833027124404907e-01,5.305270552635192871e-01,0.000000000000000000e+00,0.000000000000000000e+00
5.703717422485351562e+01,2.778402566909790039e-01,5.425876975059509277e-01,0.000000000000000000e+00,0.000000000000000000e+00
5.789371490478515625e+01,3.022095859050750732e-01,5.487161874771118164e-01,0.000000000000000000e+00,0.000000000000000000e+00
5.750654602050781250e+01,3.170698285102844238e-01,5.433584451675415039e-01,0.000000000000000000e+00,0.000000000000000000e+00
5.477624130249023438e+01,3.330768942832946777e-01,5.144547224044799805e-01,0.000000000000000000e+00,0.000000000000000000e+00
5.533383560180664062e+01,3.483004570007324219e-01,5.185083150863647461e-01,0.000000000000000000e+00,0.000000000000000000e+00
5.705664062500000000e+01,2.995607852935791016e-01,5.406103134155273438e-01,0.000000000000000000e+00,0.000000000000000000e+00
5.578981018066406250e+01,3.231026828289031982e-01,5.255878567695617676e-01,0.000000000000000000e+00,0.000000000000000000e+00
5.327462005615234375e+01,3.026959598064422607e-01,5.024766325950622559e-01,0.000000000000000000e+00,0.000000000000000000e+00
5.456107330322265625e+01,3.017706274986267090e-01,5.154336690902709961e-01,0.000000000000000000e+00,0.000000000000000000e+00
5.205929946899414062e+01,2.350612133741378784e-01,4.970868527889251709e-01,0.000000000000000000e+00,0.000000000000000000e+00
5.383818054199218750e+01,2.587595880031585693e-01,5.125058293342590332e-01,0.000000000000000000e+00,0.000000000000000000e+00
5.397431945800781250e+01,2.230973243713378906e-01,5.174334645271301270e-01,0.000000000000000000e+00,0.000000000000000000e+00
5.344538497924804688e+01,2.363242805004119873e-01,5.108214020729064941e-01,0.000000000000000000e+00,0.000000000000000000e+00
4.969887542724609375e+01,2.105453610420227051e-01,4.759342372417449951e-01,0.000000000000000000e+00,0.000000000000000000e+00
5.062639999389648438e+01,2.201535850763320923e-01,4.842486381530761719e-01,0.000000000000000000e+00,0.000000000000000000e+00
5.195203399658203125e+01,2.068041861057281494e-01,4.988399147987365723e-01,0.000000000000000000e+00,0.000000000000000000e+00
5.173834609985351562e+01,2.058018445968627930e-01,4.968032836914062500e-01,0.000000000000000000e+00,0.000000000000000000e+00
4.998505401611328125e+01,2.010088115930557251e-01,4.797496497631072998e-01,0.000000000000000000e+00,0.000000000000000000e+00
4.904283523559570312e+01,2.502746582031250000e-01,4.654008746147155762e-01,0.000000000000000000e+00,0.000000000000000000e+00
4.851977157592773438e+01,2.408794611692428589e-01,4.611097574234008789e-01,0.000000000000000000e+00,0.000000000000000000e+00
4.788713073730468750e+01,2.144234180450439453e-01,4.574289619922637939e-01,0.000000000000000000e+00,0.000000000000000000e+00
4.605945968627929688e+01,3.079944849014282227e-01,4.297951459884643555e-01,0.000000000000000000e+00,0.000000000000000000e+00
4.616349411010742188e+01,2.940516471862792969e-01,4.322297573089599609e-01,0.000000000000000000e+00,0.000000000000000000e+00
4.553404998779296875e+01,3.061953783035278320e-01,4.247209727764129639e-01,0.000000000000000000e+00,0.000000000000000000e+00
4.504247665405273438e+01,3.917325139045715332e-01,4.112515449523925781e-01,0.000000000000000000e+00,0.000000000000000000e+00
4.432791519165039062e+01,3.433684408664703369e-01,4.089422821998596191e-01,0.000000000000000000e+00,0.000000000000000000e+00
4.371991348266601562e+01,3.879674673080444336e-01,3.984023928642272949e-01,0.000000000000000000e+00,0.000000000000000000e+00
4.234291839599609375e+01,4.332967996597290039e-01,3.800995349884033203e-01,0.000000000000000000e+00,0.000000000000000000e+00
4.097156906127929688e+01,3.986894190311431885e-01,3.698467612266540527e-01,0.000000000000000000e+00,0.000000000000000000e+00
4.127505874633789062e+01,4.449535906314849854e-01,3.682552278041839600e-01,0.000000000000000000e+00,0.000000000000000000e+00
4.019902801513671875e+01,4.565714001655578613e-01,3.563331365585327148e-01,0.000000000000000000e+00,0.000000000000000000e+00
3.954935073852539062e+01,5.628020763397216797e-01,3.392133116722106934e-01,0.000000000000000000e+00,0.000000000000000000e+00
3.806744003295898438e+01,5.033516287803649902e-01,3.303392231464385986e-01,0.000000000000000000e+00,0.000000000000000000e+00
3.866389846801757812e+01,5.895053744316101074e-01,3.276884555816650391e-01,0.000000000000000000e+00,0.000000000000000000e+00
3.757007980346679688e+01,5.808792710304260254e-01,3.176128864288330078e-01,0.000000000000000000e+00,0.000000000000000000e+00
3.627111434936523438e+01,6.166987419128417969e-01,3.010412752628326416e-01,0.000000000000000000e+00,0.000000000000000000e+00
3.544147872924804688e+01,6.123579740524291992e-01,2.931789755821228027e-01,0.000000000000000000e+00,0.000000000000000000e+00
3.491643142700195312e+01,6.439411640167236328e-01,2.847701907157897949e-01,0.000000000000000000e+00,0.000000000000000000e+00
3.515277862548828125e+01,7.532808184623718262e-01,2.761996984481811523e-01,0.000000000000000000e+00,0.000000000000000000e+00
3.435248565673828125e+01,7.254920005798339844e-01,2.709756493568420410e-01,0.000000000000000000e+00,0.000000000000000000e+00
3.323513031005859375e+01,8.150143623352050781e-01,2.508498728275299072e-01,0.000000000000000000e+00,0.000000000000000000e+00
3.420219421386718750e+01,8.392527103424072266e-01,2.580966949462890625e-01,0.000000000000000000e+00,0.000000000000000000e+00
3.363218688964843750e+01,8.227624893188476562e-01,2.540456354618072510e-01,0.000000000000000000e+00,0.000000000000000000e+00
3.299890518188476562e+01,7.703870534896850586e-01,2.529503405094146729e-01,0.000000000000000000e+00,0.000000000000000000e+00
3.197683143615722656e+01,7.430251836776733398e-01,2.454657852649688721e-01,0.000000000000000000e+00,0.000000000000000000e+00
3.334690093994140625e+01,8.842276334762573242e-01,2.450462579727172852e-01,0.000000000000000000e+00,0.000000000000000000e+00
3.098655700683593750e+01,8.334119915962219238e-01,2.265243679285049438e-01,0.000000000000000000e+00,0.000000000000000000e+00
3.155538368225097656e+01,8.488460779190063477e-01,2.306692302227020264e-01,0.000000000000000000e+00,0.000000000000000000e+00
3.119089889526367188e+01,7.434787154197692871e-01,2.375611066818237305e-01,0.000000000000000000e+00,0.000000000000000000e+00
2.953446960449218750e+01,7.668442726135253906e-01,2.186602652072906494e-01,0.000000000000000000e+00,0.000000000000000000e+00
2.999485015869140625e+01,7.545137405395507812e-01,2.244971245527267456e-01,0.000000000000000000e+00,0.000000000000000000e+00
2.952157974243164062e+01,7.172662615776062012e-01,2.234891653060913086e-01,0.000000000000000000e+00,0.000000000000000000e+00
2.878350257873535156e+01,7.337118387222290039e-01,2.144638448953628540e-01,0.000000000000000000e+00,0.000000000000000000e+00
2.853121948242187500e+01,6.631357073783874512e-01,2.189986258745193481e-01,0.000000000000000000e+00,0.000000000000000000e+00
2.853668975830078125e+01,7.652102708816528320e-01,2.088458687067031860e-01,0.000000000000000000e+00,0.000000000000000000e+00
2.957573127746582031e+01,8.496299982070922852e-01,2.107943147420883179e-01,0.000000000000000000e+00,0.000000000000000000e+00
2.819665527343750000e+01,7.815867662429809570e-01,2.038078904151916504e-01,0.000000000000000000e+00,0.000000000000000000e+00
2.920836830139160156e+01,7.735214829444885254e-01,2.147315442562103271e-01,0.000000000000000000e+00,0.000000000000000000e+00
2.748765563964843750e+01,6.914173364639282227e-01,2.057348191738128662e-01,0.000000000000000000e+00,0.000000000000000000e+00
2.662987136840820312e+01,6.784864664077758789e-01,1.984500735998153687e-01,0.000000000000000000e+00,0.000000000000000000e+00
2.758858871459960938e+01,7.861046791076660156e-01,1.972754299640655518e-01,0.000000000000000000e+00,0.000000000000000000e+00
2.458031463623046875e+01,6.205165386199951172e-01,1.837514936923980713e-01,0.000000000000000000e+00,0.000000000000000000e+00
2.722134017944335938e+01,8.045524358749389648e-01,1.917581558227539062e-01,0.000000000000000000e+00,0.000000000000000000e+00
2.507412147521972656e+01,6.940209865570068359e-01,1.813391149044036865e-01,0.000000000000000000e+00,0.000000000000000000e+00
2.581015586853027344e+01,6.991083025932312012e-01,1.881907284259796143e-01,0.000000000000000000e+00,0.000000000000000000e+00
2.613233184814453125e+01,8.124760389328002930e-01,1.800757050514221191e-01,0.000000000000000000e+00,0.000000000000000000e+00
2.447540473937988281e+01,6.322860717773437500e-01,1.815254390239715576e-01,0.000000000000000000e+00,0.000000000000000000e+00
2.454580688476562500e+01,6.353595256805419922e-01,1.819221079349517822e-01,0.000000000000000000e+00,0.000000000000000000e+00
2.441511535644531250e+01,6.490156650543212891e-01,1.792495846748352051e-01,0.000000000000000000e+00,0.000000000000000000e+00
2.435929298400878906e+01,7.458552718162536621e-01,1.690073907375335693e-01,0.000000000000000000e+00,0.000000000000000000e+00
2.374826049804687500e+01,6.962866783142089844e-01,1.678539216518402100e-01,0.000000000000000000e+00,0.000000000000000000e+00
2.349197387695312500e+01,7.212653160095214844e-01,1.627932190895080566e-01,0.000000000000000000e+00,0.000000000000000000e+00
2.356541824340820312e+01,7.614678740501403809e-01,1.595073938369750977e-01,0.000000000000000000e+00,0.000000000000000000e+00
2.295487022399902344e+01,6.621429324150085449e-01,1.633344143629074097e-01,0.000000000000000000e+00,0.000000000000000000e+00
2.229156875610351562e+01,6.680807471275329590e-01,1.561076045036315918e-01,0.000000000000000000e+00,0.000000000000000000e+00
2.207747268676757812e+01,6.470198631286621094e-01,1.560727506875991821e-01,0.000000000000000000e+00,0.000000000000000000e+00
2.252154159545898438e+01,7.179461717605590820e-01,1.534208059310913086e-01,0.000000000000000000e+00,0.000000000000000000e+00
2.037697410583496094e+01,6.043580770492553711e-01,1.433339267969131470e-01,0.000000000000000000e+00,0.000000000000000000e+00
2.092644119262695312e+01,6.221566200256347656e-01,1.470487564802169800e-01,0.000000000000000000e+00,0.000000000000000000e+00
2.142187309265136719e+01,7.067694067955017090e-01,1.435417979955673218e-01,0.000000000000000000e+00,0.000000000000000000e+00
1.884415817260742188e+01,5.877225399017333984e-01,1.296693235635757446e-01,0.000000000000000000e+00,0.000000000000000000e+00
2.109682083129882812e+01,7.812553644180297852e-01,1.328426748514175415e-01,0.000000000000000000e+00,0.000000000000000000e+00
2.003766059875488281e+01,7.355123162269592285e-01,1.268253773450851440e-01,0.000000000000000000e+00,0.000000000000000000e+00
2.003913307189941406e+01,8.025008440017700195e-01,1.201412528753280640e-01,0.000000000000000000e+00,0.000000000000000000e+00
1.950200653076171875e+01,7.187845706939697266e-01,1.231416165828704834e-01,0.000000000000000000e+00,0.000000000000000000e+00
1.849776649475097656e+01,6.716855168342590332e-01,1.178091168403625488e-01,0.000000000000000000e+00,0.000000000000000000e+00
1.785106658935546875e+01,5.998718738555908203e-01,1.185234859585762024e-01,0.000000000000000000e+00,0.000000000000000000e+00
1.789449310302734375e+01,6.183341741561889648e-01,1.171115040779113770e-01,0.000000000000000000e+00,0.000000000000000000e+00
1.799843978881835938e+01,6.843295097351074219e-01,1.115514338016510010e-01,0.000000000000000000e+00,0.000000000000000000e+00
1.645315170288085938e+01,5.814884901046752930e-01,1.063826754689216614e-01,0.000000000000000000e+00,0.000000000000000000e+00
1.711027336120605469e+01,6.767677664756774902e-01,1.034259498119354248e-01,0.000000000000000000e+00,0.000000000000000000e+00
1.672750854492187500e+01,7.059395313262939453e-01,9.668113291263580322e-02,0.000000000000000000e+00,0.000000000000000000e+00
1.557665157318115234e+01,6.330062150955200195e-01,9.246589243412017822e-02,0.000000000000000000e+00,0.000000000000000000e+00
1.631972885131835938e+01,7.321940660476684570e-01,8.997789025306701660e-02,0.000000000000000000e+00,0.000000000000000000e+00
1.585688209533691406e+01,7.270246148109436035e-01,8.586635440587997437e-02,0.000000000000000000e+00,0.000000000000000000e+00
1.484208965301513672e+01,6.666818857192993164e-01,8.175271004438400269e-02,0.000000000000000000e+00,0.000000000000000000e+00
1.490232658386230469e+01,6.836463809013366699e-01,8.065862953662872314e-02,0.000000000000000000e+00,0.000000000000000000e+00
1.444431972503662109e+01,6.694351434707641602e-01,7.749968767166137695e-02,0.000000000000000000e+00,0.000000000000000000e+00
1.450105094909667969e+01,6.883049011230468750e-01,7.618002593517303467e-02,0.000000000000000000e+00,0.000000000000000000e+00
1.477089214324951172e+01,7.311545610427856445e-01,7.459346950054168701e-02,0.000000000000000000e+00,0.000000000000000000e+00
1.404594993591308594e+01,6.967195272445678711e-01,7.078754901885986328e-02,0.000000000000000000e+00,0.000000000000000000e+00
1.353584480285644531e+01,6.838865876197814941e-01,6.696978956460952759e-02,0.000000000000000000e+00,0.000000000000000000e+00
1.332987308502197266e+01,6.856795549392700195e-01,6.473077833652496338e-02,0.000000000000000000e+00,0.000000000000000000e+00
1.391404724121093750e+01,7.761590480804443359e-01,6.152456253767013550e-02,0.000000000000000000e+00,0.000000000000000000e+00
1.349736881256103516e+01,7.362604141235351562e-01,6.134764850139617920e-02,0.000000000000000000e+00,0.000000000000000000e+00
1.370232009887695312e+01,7.797287702560424805e-01,5.905032157897949219e-02,0.000000000000000000e+00,0.000000000000000000e+00
1.242786979675292969e+01,6.757003664970397949e-01,5.670865625143051147e-02,0.000000000000000000e+00,0.000000000000000000e+00
1.164797782897949219e+01,6.186732053756713867e-01,5.461245402693748474e-02,0.000000000000000000e+00,0.000000000000000000e+00
1.339513683319091797e+01,7.952287197113037109e-01,5.442849546670913696e-02,0.000000000000000000e+00,0.000000000000000000e+00
1.196146297454833984e+01,6.853343248367309570e-01,5.108119919896125793e-02,0.000000000000000000e+00,0.000000000000000000e+00
1.249048805236816406e+01,7.546986341476440430e-01,4.943500831723213196e-02,0.000000000000000000e+00,0.000000000000000000e+00
1.189672088623046875e+01,6.939001083374023438e-01,4.957719519734382629e-02,0.000000000000000000e+00,0.000000000000000000e+00
1.232960891723632812e+01,7.295116186141967773e-01,5.034491792321205139e-02,0.000000000000000000e+00,0.000000000000000000e+00
1.201101970672607422e+01,7.022281885147094727e-01,4.988738149404525757e-02,0.000000000000000000e+00,0.000000000000000000e+00
1.179604148864746094e+01,6.876912117004394531e-01,4.919128865003585815e-02,0.000000000000000000e+00,0.000000000000000000e+00
1.144558238983154297e+01,6.753976345062255859e-01,4.691606014966964722e-02,0.000000000000000000e+00,0.000000000000000000e+00
1.081957054138183594e+01,6.497206687927246094e-01,4.322364181280136108e-02,0.000000000000000000e+00,0.000000000000000000e+00
1.095728874206542969e+01,6.685453057289123535e-01,4.271835833787918091e-02,0.000000000000000000e+00,0.000000000000000000e+00
1.059596824645996094e+01,6.323904991149902344e-01,4.272063821554183960e-02,0.000000000000000000e+00,0.000000000000000000e+00
1.061898422241210938e+01,6.343959569931030273e-01,4.275023937225341797e-02,0.000000000000000000e+00,0.000000000000000000e+00
1.100522232055664062e+01,6.752069592475891113e-01,4.253153502941131592e-02,0.000000000000000000e+00,0.000000000000000000e+00
1.094754123687744141e+01,6.757059693336486816e-01,4.190481454133987427e-02,0.000000000000000000e+00,0.000000000000000000e+00
1.026969337463378906e+01,6.226929426193237305e-01,4.042764380574226379e-02,0.000000000000000000e+00,0.000000000000000000e+00
9.469948768615722656e+00,5.489987730979919434e-01,3.979960829019546509e-02,0.000000000000000000e+00,0.000000000000000000e+00
9.476774215698242188e+00,5.672485828399658203e-01,3.804288804531097412e-02,0.000000000000000000e+00,0.000000000000000000e+00
9.254494667053222656e+00,5.767725706100463867e-01,3.486768528819084167e-02,0.000000000000000000e+00,0.000000000000000000e+00
1.054385566711425781e+01,7.285506725311279297e-01,3.258349001407623291e-02,0.000000000000000000e+00,0.000000000000000000e+00
9.673516273498535156e+00,6.347970962524414062e-01,3.325545042753219604e-02,0.000000000000000000e+00,0.000000000000000000e+00
9.080149650573730469e+00,5.899146199226379395e-01,3.181003779172897339e-02,0.000000000000000000e+00,0.000000000000000000e+00
9.982084274291992188e+00,6.916784048080444336e-01,3.065299615263938904e-02,0.000000000000000000e+00,0.000000000000000000e+00
9.994318962097167969e+00,7.028636336326599121e-01,2.965682744979858398e-02,0.000000000000000000e+00,0.000000000000000000e+00
8.652994155883789062e+00,5.723491907119750977e-01,2.929502911865711212e-02,0.000000000000000000e+00,0.000000000000000000e+00
1.054335403442382812e+01,7.551609873771667480e-01,2.991743944585323334e-02,0.000000000000000000e+00,0.000000000000000000e+00
8.964249610900878906e+00,5.849767923355102539e-01,3.114481829106807709e-02,0.000000000000000000e+00,0.000000000000000000e+00
8.863017082214355469e+00,5.728353261947631836e-01,3.134663403034210205e-02,0.000000000000000000e+00,0.000000000000000000e+00
9.063684463500976562e+00,5.955379009246826172e-01,3.108305670320987701e-02,0.000000000000000000e+00,0.000000000000000000e+00
9.053765296936035156e+00,6.044544577598571777e-01,3.009220398962497711e-02,0.000000000000000000e+00,0.000000000000000000e+00
8.081075668334960938e+00,5.175997614860534668e-01,2.905077859759330750e-02,0.000000000000000000e+00,0.000000000000000000e+00
8.258159637451171875e+00,5.425568819046020508e-01,2.832591533660888672e-02,0.000000000000000000e+00,0.000000000000000000e+00
8.532252311706542969e+00,5.774713754653930664e-01,2.757539041340351105e-02,0.000000000000000000e+00,0.000000000000000000e+00
7.697505950927734375e+00,4.982884526252746582e-01,2.714621275663375854e-02,0.000000000000000000e+00,0.000000000000000000e+00
7.818950653076171875e+00,5.239348411560058594e-01,2.579602040350437164e-02,0.000000000000000000e+00,0.000000000000000000e+00
7.948312759399414062e+00,5.600044727325439453e-01,2.348268032073974609e-02,0.000000000000000000e+00,0.000000000000000000e+00
7.532912254333496094e+00,5.448725223541259766e-01,2.084187231957912445e-02,0.000000000000000000e+00,0.000000000000000000e+00
8.107084274291992188e+00,6.103751063346862793e-01,2.003333345055580139e-02,0.000000000000000000e+00,0.000000000000000000e+00
7.110862255096435547e+00,5.201497077941894531e-01,1.909365132451057434e-02,0.000000000000000000e+00,0.000000000000000000e+00
7.933309555053710938e+00,6.033607721328735352e-01,1.899702288210391998e-02,0.000000000000000000e+00,0.000000000000000000e+00
6.498578071594238281e+00,4.588552415370941162e-01,1.910025812685489655e-02,0.000000000000000000e+00,0.000000000000000000e+00
7.710611343383789062e+00,5.743047595024108887e-01,1.967563480138778687e-02,0.000000000000000000e+00,0.000000000000000000e+00
6.590907573699951172e+00,4.830035567283630371e-01,1.760871894657611847e-02,0.000000000000000000e+00,0.000000000000000000e+00
6.309763431549072266e+00,4.708569049835205078e-01,1.601194217801094055e-02,0.000000000000000000e+00,0.000000000000000000e+00
7.153045654296875000e+00,5.648867487907409668e-01,1.504178065806627274e-02,0.000000000000000000e+00,0.000000000000000000e+00
6.386635303497314453e+00,4.808944761753082275e-01,1.577690616250038147e-02,0.000000000000000000e+00,0.000000000000000000e+00
7.077691078186035156e+00,5.618320703506469727e-01,1.459370646625757217e-02,0.000000000000000000e+00,0.000000000000000000e+00
6.412591934204101562e+00,4.773224592208862305e-01,1.639366894960403442e-02,0.000000000000000000e+00,0.000000000000000000e+00
5.988959312438964844e+00,4.203558266162872314e-01,1.785400882363319397e-02,0.000000000000000000e+00,0.000000000000000000e+00
6.235944271087646484e+00,4.609104990959167480e-01,1.626839116215705872e-02,0.000000000000000000e+00,0.000000000000000000e+00
6.144921302795410156e+00,4.590929150581359863e-01,1.553992182016372681e-02,0.000000000000000000e+00,0.000000000000000000e+00
5.848719596862792969e+00,4.393776059150695801e-01,1.454943604767322540e-02,0.000000000000000000e+00,0.000000000000000000e+00
6.249561309814453125e+00,4.743603467941284180e-01,1.505957450717687607e-02,0.000000000000000000e+00,0.000000000000000000e+00
6.026435375213623047e+00,4.597939252853393555e-01,1.428495999425649643e-02,0.000000000000000000e+00,0.000000000000000000e+00
5.710178375244140625e+00,4.344077706336975098e-01,1.366100832819938660e-02,0.000000000000000000e+00,0.000000000000000000e+00
6.240669727325439453e+00,4.908245205879211426e-01,1.332424767315387726e-02,0.000000000000000000e+00,0.000000000000000000e+00
6.076808452606201172e+00,4.607672691345214844e-01,1.469135843217372894e-02,0.000000000000000000e+00,0.000000000000000000e+00
6.633606910705566406e+00,5.281448364257812500e-01,1.352158375084400177e-02,0.000000000000000000e+00,0.000000000000000000e+00
5.245411872863769531e+00,4.050878286361694336e-01,1.194533146917819977e-02,0.000000000000000000e+00,0.000000000000000000e+00
5.702601432800292969e+00,4.641746282577514648e-01,1.060854736715555191e-02,0.000000000000000000e+00,0.000000000000000000e+00
5.369381904602050781e+00,4.341968297958374023e-01,1.027413085103034973e-02,0.000000000000000000e+00,0.000000000000000000e+00
5.577159881591796875e+00,4.608318507671356201e-01,9.688417427241802216e-03,0.000000000000000000e+00,0.000000000000000000e+00
5.335218906402587891e+00,4.321065545082092285e-01,1.014153566211462021e-02,0.000000000000000000e+00,0.000000000000000000e+00
5.235202312469482422e+00,4.202212095260620117e-01,1.032989937812089920e-02,0.000000000000000000e+00,0.000000000000000000e+00
5.181253910064697266e+00,4.137769341468811035e-01,1.043484732508659363e-02,0.000000000000000000e+00,0.000000000000000000e+00
4.524306297302246094e+00,3.537250757217407227e-01,9.870556183159351349e-03,0.000000000000000000e+00,0.000000000000000000e+00
5.566285610198974609e+00,4.618981182575225830e-01,9.473043493926525116e-03,0.000000000000000000e+00,0.000000000000000000e+00
5.022565841674804688e+00,4.054971933364868164e-01,9.675942361354827881e-03,0.000000000000000000e+00,0.000000000000000000e+00
5.455359458923339844e+00,4.554809927940368652e-01,9.005494415760040283e-03,0.000000000000000000e+00,0.000000000000000000e+00
5.147619247436523438e+00,4.217579066753387451e-01,9.300403296947479248e-03,0.000000000000000000e+00,0.000000000000000000e+00
5.126741409301757812e+00,4.150066971778869629e-01,9.766748175024986267e-03,0.000000000000000000e+00,0.000000000000000000e+00
5.270608901977539062e+00,4.361246526241302490e-01,9.093623608350753784e-03,0.000000000000000000e+00,0.000000000000000000e+00
4.932505130767822266e+00,4.075688719749450684e-01,8.568163029849529266e-03,0.000000000000000000e+00,0.000000000000000000e+00
4.169591903686523438e+00,3.293905556201934814e-01,8.756864815950393677e-03,0.000000000000000000e+00,0.000000000000000000e+00
4.738295555114746094e+00,3.943802118301391602e-01,7.944936864078044891e-03,0.000000000000000000e+00,0.000000000000000000e+00
4.443928718566894531e+00,3.664202690124511719e-01,7.797258440405130386e-03,0.000000000000000000e+00,0.000000000000000000e+00
5.050048828125000000e+00,4.362747371196746826e-01,6.873016711324453354e-03,0.000000000000000000e+00,0.000000000000000000e+00
4.782454490661621094e+00,4.196346998214721680e-01,5.861072335392236710e-03,0.000000000000000000e+00,0.000000000000000000e+00
4.635768413543701172e+00,4.019441604614257812e-01,6.163267884403467178e-03,0.000000000000000000e+00,0.000000000000000000e+00
4.318636417388916016e+00,3.696790039539337158e-01,6.218464579433202744e-03,0.000000000000000000e+00,0.000000000000000000e+00
4.524050712585449219e+00,3.838073909282684326e-01,6.859766319394111633e-03,0.000000000000000000e+00,0.000000000000000000e+00
4.018988609313964844e+00,3.330924510955810547e-01,6.880642846226692200e-03,0.000000000000000000e+00,0.000000000000000000e+00
4.109078884124755859e+00,3.383333683013916016e-01,7.257452234625816345e-03,0.000000000000000000e+00,0.000000000000000000e+00
4.533593177795410156e+00,3.912148773670196533e-01,6.214444059878587723e-03,0.000000000000000000e+00,0.000000000000000000e+00
4.042687416076660156e+00,3.388552069664001465e-01,6.541353184729814529e-03,0.000000000000000000e+00,0.000000000000000000e+00
4.408000469207763672e+00,3.745427131652832031e-01,6.625732406973838806e-03,0.000000000000000000e+00,0.000000000000000000e+00
3.830724000930786133e+00,3.131294250488281250e-01,6.994296796619892120e-03,0.000000000000000000e+00,0.000000000000000000e+00
4.244607925415039062e+00,3.572432696819305420e-01,6.721750833094120026e-03,0.000000000000000000e+00,0.000000000000000000e+00
4.227486610412597656e+00,3.701722621917724609e-01,5.257640033960342407e-03,0.000000000000000000e+00,0.000000000000000000e+00
4.055366516113281250e+00,3.572527766227722168e-01,4.828388337045907974e-03,0.000000000000000000e+00,0.000000000000000000e+00
4.337645530700683594e+00,3.872044086456298828e-01,4.656013567000627518e-03,0.000000000000000000e+00,0.000000000000000000e+00
3.862157583236694336e+00,3.411936461925506592e-01,4.502210766077041626e-03,0.000000000000000000e+00,0.000000000000000000e+00
3.723073005676269531e+00,3.196761906147003174e-01,5.263111554086208344e-03,0.000000000000000000e+00,0.000000000000000000e+00
3.946512699127197266e+00,3.400437831878662109e-01,5.460747517645359039e-03,0.000000000000000000e+00,0.000000000000000000e+00
3.887085437774658203e+00,3.344708085060119629e-01,5.423774942755699158e-03,0.000000000000000000e+00,0.000000000000000000e+00
3.606748104095458984e+00,3.043460845947265625e-01,5.632872227579355240e-03,0.000000000000000000e+00,0.000000000000000000e+00
3.893840312957763672e+00,3.383715748786926270e-01,5.101247224956750870e-03,0.000000000000000000e+00,0.000000000000000000e+00
3.805753469467163086e+00,3.279531598091125488e-01,5.262220278382301331e-03,0.000000000000000000e+00,0.000000000000000000e+00
3.529025554656982422e+00,3.021465539932250977e-01,5.075601395219564438e-03,0.000000000000000000e+00,0.000000000000000000e+00
3.574929237365722656e+00,3.059390783309936523e-01,5.155384540557861328e-03,0.000000000000000000e+00,0.000000000000000000e+00
3.916228532791137695e+00,3.432220220565795898e-01,4.840083885937929153e-03,0.000000000000000000e+00,0.000000000000000000e+00
4.044193267822265625e+00,3.587480485439300537e-01,4.567125812172889709e-03,0.000000000000000000e+00,0.000000000000000000e+00
3.673038959503173828e+00,3.183514475822448730e-01,4.895243793725967407e-03,0.000000000000000000e+00,0.000000000000000000e+00
4.128855705261230469e+00,3.611602187156677246e-01,5.172532517462968826e-03,0.000000000000000000e+00,0.000000000000000000e+00
3.437963247299194336e+00,2.786235511302947998e-01,6.517276167869567871e-03,0.000000000000000000e+00,0.000000000000000000e+00
3.825971603393554688e+00,3.157059848308563232e-01,6.689116358757019043e-03,0.000000000000000000e+00,0.000000000000000000e+00
3.448503255844116211e+00,2.741545140743255615e-01,7.069581188261508942e-03,0.000000000000000000e+00,0.000000000000000000e+00
3.964669704437255859e+00,3.285406827926635742e-01,6.792627740651369095e-03,0.000000000000000000e+00,0.000000000000000000e+00
3.592552900314331055e+00,3.014591038227081299e-01,5.779618397355079651e-03,0.000000000000000000e+00,0.000000000000000000e+00
3.474456548690795898e+00,2.992785871028900146e-01,4.816706292331218719e-03,0.000000000000000000e+00,0.000000000000000000e+00
3.601640939712524414e+00,3.193198144435882568e-01,4.084426909685134888e-03,0.000000000000000000e+00,0.000000000000000000e+00
3.172296285629272461e+00,2.829525768756866455e-01,3.427706193178892136e-03,0.000000000000000000e+00,0.000000000000000000e+00
3.415414810180664062e+00,3.073629140853881836e-01,3.417857922613620758e-03,0.000000000000000000e+00,0.000000000000000000e+00
3.418701887130737305e+00,3.029403090476989746e-01,3.892986569553613663e-03,0.000000000000000000e+00,0.000000000000000000e+00
3.590580463409423828e+00,3.156560957431793213e-01,4.340196959674358368e-03,0.000000000000000000e+00,0.000000000000000000e+00
3.250986814498901367e+00,2.795149683952331543e-01,4.558370914310216904e-03,0.000000000000000000e+00,0.000000000000000000e+00
2.668950080871582031e+00,2.110604643821716309e-01,5.583453457802534103e-03,0.000000000000000000e+00,0.000000000000000000e+00
2.876868009567260742e+00,2.310918867588043213e-01,5.659492686390876770e-03,0.000000000000000000e+00,0.000000000000000000e+00
3.331277370452880859e+00,2.803016006946563721e-01,5.282614845782518387e-03,0.000000000000000000e+00,0.000000000000000000e+00
3.287092685699462891e+00,2.812231183052062988e-01,4.748615436255931854e-03,0.000000000000000000e+00,0.000000000000000000e+00
3.825426816940307617e+00,3.339368104934692383e-01,4.860586952418088913e-03,0.000000000000000000e+00,0.000000000000000000e+00
3.148346185684204102e+00,2.655158042907714844e-01,4.931882023811340332e-03,0.000000000000000000e+00,0.000000000000000000e+00
3.083763360977172852e+00,2.617306709289550781e-01,4.664567299187183380e-03,0.000000000000000000e+00,0.000000000000000000e+00
2.600552082061767578e+00,2.192600965499877930e-01,4.079511854797601700e-03,0.000000000000000000e+00,0.000000000000000000e+00
2.825617313385009766e+00,2.459693402051925659e-01,3.659238340333104134e-03,0.000000000000000000e+00,0.000000000000000000e+00
3.155081987380981445e+00,2.836505472660064697e-01,3.185766283422708511e-03,0.000000000000000000e+00,0.000000000000000000e+00
3.020313262939453125e+00,2.695430517196655273e-01,3.248828463256359100e-03,0.000000000000000000e+00,0.000000000000000000e+00
3.124150037765502930e+00,2.763104438781738281e-01,3.610456129536032677e-03,0.000000000000000000e+00,0.000000000000000000e+00
2.929551601409912109e+00,2.466732263565063477e-01,4.628193564713001251e-03,0.000000000000000000e+00,0.000000000000000000e+00
2.615413427352905273e+00,2.156232148408889771e-01,4.591813310980796814e-03,0.000000000000000000e+00,0.000000000000000000e+00
2.921059608459472656e+00,2.419778406620025635e-01,5.012812092900276184e-03,0.000000000000000000e+00,0.000000000000000000e+00
2.651925325393676758e+00,2.168925106525421143e-01,4.830003250390291214e-03,0.000000000000000000e+00,0.000000000000000000e+00
2.564520359039306641e+00,2.099157869815826416e-01,4.653625190258026123e-03,0.000000000000000000e+00,0.000000000000000000e+00
2.697909832000732422e+00,2.339696288108825684e-01,3.582132980227470398e-03,0.000000000000000000e+00,0.000000000000000000e+00
3.106880187988281250e+00,2.783853709697723389e-01,3.230264643207192421e-03,0.000000000000000000e+00,0.000000000000000000e+00
2.748268365859985352e+00,2.401505112648010254e-01,3.467633854597806931e-03,0.000000000000000000e+00,0.000000000000000000e+00
2.901257276535034180e+00,2.546470463275909424e-01,3.547869389876723289e-03,0.000000000000000000e+00,0.000000000000000000e+00
2.623653650283813477e+00,2.187391966581344604e-01,4.362615756690502167e-03,0.000000000000000000e+00,0.000000000000000000e+00
2.663529396057128906e+00,2.162126451730728149e-01,5.014027934521436691e-03,0.000000000000000000e+00,0.000000000000000000e+00
2.899521589279174805e+00,2.427613437175750732e-01,4.719079937785863876e-03,0.000000000000000000e+00,0.000000000000000000e+00
2.795066833496093750e+00,2.359297573566436768e-01,4.357692319899797440e-03,0.000000000000000000e+00,0.000000000000000000e+00
2.743036985397338867e+00,2.317198216915130615e-01,4.258387722074985504e-03,0.000000000000000000e+00,0.000000000000000000e+00
2.452607870101928711e+00,2.057730704545974731e-01,3.948772326111793518e-03,0.000000000000000000e+00,0.000000000000000000e+00
2.546810626983642578e+00,2.114878296852111816e-01,4.319323226809501648e-03,0.000000000000000000e+00,0.000000000000000000e+00
2.367595672607421875e+00,1.943757534027099609e-01,4.238381516188383102e-03,0.000000000000000000e+00,0.000000000000000000e+00
2.240664005279541016e+00,1.824211180210113525e-01,4.164529498666524887e-03,0.000000000000000000e+00,0.000000000000000000e+00
2.490009784698486328e+00,2.128255516290664673e-01,3.617540700361132622e-03,0.000000000000000000e+00,0.000000000000000000e+00
2.691095352172851562e+00,2.338129729032516479e-01,3.529655747115612030e-03,0.000000000000000000e+00,0.000000000000000000e+00
2.459391117095947266e+00,2.143630534410476685e-01,3.157607046887278557e-03,0.000000000000000000e+00,0.000000000000000000e+00
2.499325037002563477e+00,2.160960137844085693e-01,3.383647650480270386e-03,0.000000000000000000e+00,0.000000000000000000e+00
2.526368141174316406e+00,2.124937623739242554e-01,4.014305304735898972e-03,0.000000000000000000e+00,0.000000000000000000e+00
2.078180313110351562e+00,1.593788862228393555e-01,4.843913484364748001e-03,0.000000000000000000e+00,0.000000000000000000e+00
2.462478637695312500e+00,1.984931528568267822e-01,4.775471519678831100e-03,0.000000000000000000e+00,0.000000000000000000e+00
2.314583778381347656e+00,1.905694305896759033e-01,4.088896326720714569e-03,0.000000000000000000e+00,0.000000000000000000e+00
2.674080610275268555e+00,2.236447930335998535e-01,4.376328084617853165e-03,0.000000000000000000e+00,0.000000000000000000e+00
2.557207107543945312e+00,2.100238651037216187e-01,4.569686483591794968e-03,0.000000000000000000e+00,0.000000000000000000e+00
2.193850278854370117e+00,1.787811815738677979e-01,4.060384351760149002e-03,0.000000000000000000e+00,0.000000000000000000e+00
2.368978500366210938e+00,1.955680400133132935e-01,4.132980946451425552e-03,0.000000000000000000e+00,0.000000000000000000e+00
2.079154491424560547e+00,1.653330177068710327e-01,4.258243367075920105e-03,0.000000000000000000e+00,0.000000000000000000e+00
2.177660942077636719e+00,1.760232299566268921e-01,4.174287430942058563e-03,0.000000000000000000e+00,0.000000000000000000e+00
2.142508029937744141e+00,1.806942522525787354e-01,3.355655120685696602e-03,0.000000000000000000e+00,0.000000000000000000e+00
2.197635173797607422e+00,1.884437203407287598e-01,3.131980076432228088e-03,0.000000000000000000e+00,0.000000000000000000e+00
2.192761659622192383e+00,1.862196028232574463e-01,3.305655904114246368e-03,0.000000000000000000e+00,0.000000000000000000e+00
2.237339496612548828e+00,1.899807453155517578e-01,3.375319531187415123e-03,0.000000000000000000e+00,0.000000000000000000e+00
2.197640895843505859e+00,1.820548623800277710e-01,3.770923707634210587e-03,0.000000000000000000e+00,0.000000000000000000e+00
2.005926132202148438e+00,1.617783308029174805e-01,3.881429089233279228e-03,0.000000000000000000e+00,0.000000000000000000e+00
2.384669303894042969e+00,1.994948089122772217e-01,3.897210350260138512e-03,0.000000000000000000e+00,0.000000000000000000e+00
2.015360116958618164e+00,1.599342375993728638e-01,4.160176962614059448e-03,0.000000000000000000e+00,0.000000000000000000e+00
2.009163618087768555e+00,1.556877791881561279e-01,4.522856790572404861e-03,0.000000000000000000e+00,0.000000000000000000e+00
2.038787126541137695e+00,1.639620214700698853e-01,3.991669043898582458e-03,0.000000000000000000e+00,0.000000000000000000e+00
2.158865213394165039e+00,1.801887154579162598e-01,3.569780848920345306e-03,0.000000000000000000e+00,0.000000000000000000e+00
1.804484605789184570e+00,1.465954184532165527e-01,3.385304473340511322e-03,0.000000000000000000e+00,0.000000000000000000e+00
1.982196092605590820e+00,1.641482114791870117e-01,3.407140262424945831e-03,0.000000000000000000e+00,0.000000000000000000e+00
2.186213016510009766e+00,1.853530108928680420e-01,3.326828591525554657e-03,0.000000000000000000e+00,0.000000000000000000e+00
2.186722755432128906e+00,1.850727200508117676e-01,3.359954804182052612e-03,0.000000000000000000e+00,0.000000000000000000e+00
1.977268934249877930e+00,1.610687673091888428e-01,3.665811615064740181e-03,0.000000000000000000e+00,0.000000000000000000e+00
1.833921790122985840e+00,1.401084512472152710e-01,4.328372422605752945e-03,0.000000000000000000e+00,0.000000000000000000e+00
2.119181156158447266e+00,1.713737249374389648e-01,4.054438788443803787e-03,0.000000000000000000e+00,0.000000000000000000e+00
1.767058730125427246e+00,1.384428441524505615e-01,3.826302010565996170e-03,0.000000000000000000e+00,0.000000000000000000e+00
1.918538331985473633e+00,1.539718657732009888e-01,3.788197413086891174e-03,0.000000000000000000e+00,0.000000000000000000e+00
1.891557931900024414e+00,1.510649025440216064e-01,3.809089772403240204e-03,0.000000000000000000e+00,0.000000000000000000e+00
1.870587348937988281e+00,1.520683765411376953e-01,3.499035490676760674e-03,0.000000000000000000e+00,0.000000000000000000e+00
1.849169731140136719e+00,1.561188399791717529e-01,2.879812614992260933e-03,0.000000000000000000e+00,0.000000000000000000e+00
1.693521022796630859e+00,1.417937576770782471e-01,2.755835652351379395e-03,0.000000000000000000e+00,0.000000000000000000e+00
1.703309655189514160e+00,1.421703994274139404e-01,2.816055668517947197e-03,0.000000000000000000e+00,0.000000000000000000e+00
1.747796058654785156e+00,1.450513452291488647e-01,2.972825895994901657e-03,0.000000000000000000e+00,0.000000000000000000e+00
1.696802616119384766e+00,1.353537589311599731e-01,3.432651283219456673e-03,0.000000000000000000e+00,0.000000000000000000e+00
1.636422395706176758e+00,1.298483908176422119e-01,3.379385452717542648e-03,0.000000000000000000e+00,0.000000000000000000e+00
1.727632403373718262e+00,1.356839239597320557e-01,3.707932308316230774e-03,0.000000000000000000e+00,0.000000000000000000e+00
1.765146255493164062e+00,1.392833292484283447e-01,3.723130328580737114e-03,0.000000000000000000e+00,0.000000000000000000e+00
1.974699020385742188e+00,1.595282107591629028e-01,3.794169053435325623e-03,0.000000000000000000e+00,0.000000000000000000e+00
1.634289979934692383e+00,1.314641386270523071e-01,3.196486039087176323e-03,0.000000000000000000e+00,0.000000000000000000e+00
1.627526283264160156e+00,1.312538087368011475e-01,3.149881493300199509e-03,0.000000000000000000e+00,0.000000000000000000e+00
1.670431017875671387e+00,1.351148188114166260e-01,3.192828968167304993e-03,0.000000000000000000e+00,0.000000000000000000e+00
1.674208283424377441e+00,1.374885588884353638e-01,2.993226982653141022e-03,0.000000000000000000e+00,0.000000000000000000e+00
1.798484325408935547e+00,1.493990719318389893e-01,3.044936573132872581e-03,0.000000000000000000e+00,0.000000000000000000e+00
1.673258185386657715e+00,1.336332559585571289e-01,3.369255922734737396e-03,0.000000000000000000e+00,0.000000000000000000e+00
1.688285708427429199e+00,1.373418420553207397e-01,3.148672403767704964e-03,0.000000000000000000e+00,0.000000000000000000e+00
1.771097660064697266e+00,1.416911482810974121e-01,3.541861195117235184e-03,0.000000000000000000e+00,0.000000000000000000e+00
1.588153839111328125e+00,1.184179857373237610e-01,4.039739258587360382e-03,0.000000000000000000e+00,0.000000000000000000e+00
1.690805196762084961e+00,1.320919096469879150e-01,3.698862157762050629e-03,0.000000000000000000e+00,0.000000000000000000e+00
1.592116117477416992e+00,1.245087310671806335e-01,3.470288123935461044e-03,0.000000000000000000e+00,0.000000000000000000e+00
1.590823888778686523e+00,1.287531554698944092e-01,3.032923443242907524e-03,0.000000000000000000e+00,0.000000000000000000e+00
1.617162704467773438e+00,1.331509649753570557e-01,2.856530714780092239e-03,0.000000000000000000e+00,0.000000000000000000e+00
1.832277774810791016e+00,1.530640870332717896e-01,3.016368951648473740e-03,0.000000000000000000e+00,0.000000000000000000e+00
1.497516155242919922e+00,1.189426183700561523e-01,3.080899827182292938e-03,0.000000000000000000e+00,0.000000000000000000e+00
1.566766023635864258e+00,1.243415027856826782e-01,3.233510302379727364e-03,0.000000000000000000e+00,0.000000000000000000e+00
1.457385063171386719e+00,1.130265966057777405e-01,3.271191148087382317e-03,0.000000000000000000e+00,0.000000000000000000e+00
1.615054249763488770e+00,1.313355267047882080e-01,3.016990609467029572e-03,0.000000000000000000e+00,0.000000000000000000e+00
1.538325071334838867e+00,1.213669404387474060e-01,3.246556967496871948e-03,0.000000000000000000e+00,0.000000000000000000e+00
1.427758216857910156e+00,1.109010577201843262e-01,3.187476191669702530e-03,0.000000000000000000e+00,0.000000000000000000e+00
1.333499670028686523e+00,1.026123166084289551e-01,3.073765197768807411e-03,0.000000000000000000e+00,0.000000000000000000e+00
1.504680156707763672e+00,1.241327822208404541e-01,2.633523195981979370e-03,0.000000000000000000e+00,0.000000000000000000e+00
1.503063917160034180e+00,1.247415095567703247e-01,2.556489082053303719e-03,0.000000000000000000e+00,0.000000000000000000e+00
1.454720258712768555e+00,1.193267554044723511e-01,2.614527475088834763e-03,0.000000000000000000e+00,0.000000000000000000e+00
1.471456289291381836e+00,1.197583079338073730e-01,2.738732378929853439e-03,0.000000000000000000e+00,0.000000000000000000e+00
1.515946626663208008e+00,1.201748475432395935e-01,3.141980618238449097e-03,0.000000000000000000e+00,0.000000000000000000e+00
1.310522556304931641e+00,1.040673106908798218e-01,2.698494819924235344e-03,0.000000000000000000e+00,0.000000000000000000e+00
1.437716007232666016e+00,1.129747927188873291e-01,3.079681890085339546e-03,0.000000000000000000e+00,0.000000000000000000e+00
1.480945587158203125e+00,1.214671432971954346e-01,2.662742510437965393e-03,0.000000000000000000e+00,0.000000000000000000e+00
1.414404869079589844e+00,1.124355196952819824e-01,2.900496590882539749e-03,0.000000000000000000e+00,0.000000000000000000e+00
1.433742880821228027e+00,1.157420650124549866e-01,2.763222437351942062e-03,0.000000000000000000e+00,0.000000000000000000e+00
1.292969584465026855e+00,1.047863736748695374e-01,2.451058709993958473e-03,0.000000000000000000e+00,0.000000000000000000e+00
1.416305541992187500e+00,1.200232803821563721e-01,2.160727512091398239e-03,0.000000000000000000e+00,0.000000000000000000e+00
1.307122945785522461e+00,1.082334443926811218e-01,2.247884869575500488e-03,0.000000000000000000e+00,0.000000000000000000e+00
1.515225291252136230e+00,1.283935606479644775e-01,2.312897238880395889e-03,0.000000000000000000e+00,0.000000000000000000e+00
1.265604257583618164e+00,1.024298369884490967e-01,2.413057954981923103e-03,0.000000000000000000e+00,0.000000000000000000e+00
1.445392608642578125e+00,1.191583350300788879e-01,2.538092201575636864e-03,0.000000000000000000e+00,0.000000000000000000e+00
1.204085350036621094e+00,9.449297189712524414e-02,2.591556403785943985e-03,0.000000000000000000e+00,0.000000000000000000e+00
1.431914687156677246e+00,1.131091192364692688e-01,3.008234314620494843e-03,0.000000000000000000e+00,0.000000000000000000e+00
1.256283521652221680e+00,9.499393403530120850e-02,3.063441254198551178e-03,0.000000000000000000e+00,0.000000000000000000e+00
1.369032979011535645e+00,1.085257604718208313e-01,2.837753389030694962e-03,0.000000000000000000e+00,0.000000000000000000e+00
1.215933084487915039e+00,9.602112323045730591e-02,2.557219006121158600e-03,0.000000000000000000e+00,0.000000000000000000e+00
1.342796802520751953e+00,1.094211563467979431e-01,2.485852222889661789e-03,0.000000000000000000e+00,0.000000000000000000e+00
1.346145868301391602e+00,1.116504371166229248e-01,2.296413993462920189e-03,0.000000000000000000e+00,0.000000000000000000e+00
1.128356575965881348e+00,9.096319973468780518e-02,2.187245991080999374e-03,0.000000000000000000e+00,0.000000000000000000e+00
1.190968036651611328e+00,9.764038026332855225e-02,2.145641949027776718e-03,0.000000000000000000e+00,0.000000000000000000e+00
1.243561744689941406e+00,1.014771685004234314e-01,2.287901006639003754e-03,0.000000000000000000e+00,0.000000000000000000e+00
1.219505548477172852e+00,9.154698252677917480e-02,3.040356561541557312e-03,0.000000000000000000e+00,0.000000000000000000e+00
1.273912787437438965e+00,9.844613075256347656e-02,2.894514705985784531e-03,0.000000000000000000e+00,0.000000000000000000e+00
1.236023664474487305e+00,9.330416470766067505e-02,3.029820509254932404e-03,0.000000000000000000e+00,0.000000000000000000e+00
1.237381339073181152e+00,9.676843881607055664e-02,2.696969313547015190e-03,0.000000000000000000e+00,0.000000000000000000e+00
1.175230264663696289e+00,9.214876592159271240e-02,2.537426073104143143e-03,0.000000000000000000e+00,0.000000000000000000e+00
1.159780859947204590e+00,9.204185009002685547e-02,2.393624046817421913e-03,0.000000000000000000e+00,0.000000000000000000e+00
1.178382277488708496e+00,9.263283759355545044e-02,2.520538866519927979e-03,0.000000000000000000e+00,0.000000000000000000e+00
1.127022266387939453e+00,8.874985575675964355e-02,2.395237097516655922e-03,0.000000000000000000e+00,0.000000000000000000e+00
1.157187461853027344e+00,9.431050717830657959e-02,2.140823751688003540e-03,0.000000000000000000e+00,0.000000000000000000e+00
1.108217000961303711e+00,8.968593180179595947e-02,2.113576745614409447e-03,0.000000000000000000e+00,0.000000000000000000e+00
1.148209571838378906e+00,9.333450347185134888e-02,2.148645929992198944e-03,0.000000000000000000e+00,0.000000000000000000e+00
1.177138328552246094e+00,9.607377648353576660e-02,2.164006233215332031e-03,0.000000000000000000e+00,0.000000000000000000e+00
1.221628308296203613e+00,9.725637733936309814e-02,2.490645274519920349e-03,0.000000000000000000e+00,0.000000000000000000e+00
1.238889455795288086e+00,9.429573267698287964e-02,2.959321253001689911e-03,0.000000000000000000e+00,0.000000000000000000e+00
1.213297128677368164e+00,9.342642873525619507e-02,2.790327882394194603e-03,0.000000000000000000e+00,0.000000000000000000e+00
1.063695907592773438e+00,8.478823304176330566e-02,2.158136339858174324e-03,0.000000000000000000e+00,0.000000000000000000e+00
1.051680684089660645e+00,8.271008729934692383e-02,2.245797775685787201e-03,0.000000000000000000e+00,0.000000000000000000e+00
1.184370994567871094e+00,9.829719364643096924e-02,2.013990655541419983e-03,0.000000000000000000e+00,0.000000000000000000e+00
1.030422568321228027e+00,8.272577822208404541e-02,2.031647833064198494e-03,0.000000000000000000e+00,0.000000000000000000e+00
1.365830302238464355e+00,1.153778806328773499e-01,2.120515564456582069e-03,0.000000000000000000e+00,0.000000000000000000e+00
1.230952024459838867e+00,1.003054007887840271e-01,2.278980100527405739e-03,0.000000000000000000e+00,0.000000000000000000e+00
1.061899185180664062e+00,8.175881206989288330e-02,2.443110570311546326e-03,0.000000000000000000e+00,0.000000000000000000e+00
1.007824659347534180e+00,7.513211667537689209e-02,2.565034897997975349e-03,0.000000000000000000e+00,0.000000000000000000e+00
1.078066706657409668e+00,8.382910490036010742e-02,2.397756092250347137e-03,0.000000000000000000e+00,0.000000000000000000e+00
1.197701454162597656e+00,9.408249706029891968e-02,2.568764612078666687e-03,0.000000000000000000e+00,0.000000000000000000e+00
1.101675987243652344e+00,8.441866934299468994e-02,2.574893645942211151e-03,0.000000000000000000e+00,0.000000000000000000e+00
1.065992355346679688e+00,8.263753354549407959e-02,2.396169584244489670e-03,0.000000000000000000e+00,0.000000000000000000e+00
1.053395867347717285e+00,8.102853596210479736e-02,2.431104891002178192e-03,0.000000000000000000e+00,0.000000000000000000e+00
1.122657537460327148e+00,8.483134210109710693e-02,2.743440214544534683e-03,0.000000000000000000e+00,0.000000000000000000e+00
9.029259085655212402e-01,7.004472613334655762e-02,2.024786546826362610e-03,0.000000000000000000e+00,0.000000000000000000e+00
9.461252689361572266e-01,7.531972229480743408e-02,1.929280930198729038e-03,0.000000000000000000e+00,0.000000000000000000e+00
1.008300423622131348e+00,8.003568649291992188e-02,2.079435391351580620e-03,0.000000000000000000e+00,0.000000000000000000e+00
1.057908773422241211e+00,8.680802583694458008e-02,1.898285467177629471e-03,0.000000000000000000e+00,0.000000000000000000e+00
1.040496945381164551e+00,8.162072300910949707e-02,2.242897404357790947e-03,0.000000000000000000e+00,0.000000000000000000e+00
9.631758928298950195e-01,7.141761481761932373e-02,2.489997306838631630e-03,0.000000000000000000e+00,0.000000000000000000e+00
1.022842288017272949e+00,7.955089956521987915e-02,2.273332793265581131e-03,0.000000000000000000e+00,0.000000000000000000e+00
1.076040148735046387e+00,8.382626622915267944e-02,2.377774799242615700e-03,0.000000000000000000e+00,0.000000000000000000e+00
1.071199059486389160e+00,8.504565060138702393e-02,2.207425422966480255e-03,0.000000000000000000e+00,0.000000000000000000e+00
1.089049458503723145e+00,8.836513757705688477e-02,2.053981181234121323e-03,0.000000000000000000e+00,0.000000000000000000e+00
8.807546496391296387e-01,6.906175613403320312e-02,1.901370706036686897e-03,0.000000000000000000e+00,0.000000000000000000e+00
1.147065997123718262e+00,9.182788431644439697e-02,2.287871669977903366e-03,0.000000000000000000e+00,0.000000000000000000e+00
9.531116485595703125e-01,7.553576678037643433e-02,1.977539388462901115e-03,0.000000000000000000e+00,0.000000000000000000e+00
1.096873044967651367e+00,8.962291479110717773e-02,2.006439492106437683e-03,0.000000000000000000e+00,0.000000000000000000e+00
9.708244204521179199e-01,7.951539754867553711e-02,1.756704295985400677e-03,0.000000000000000000e+00,0.000000000000000000e+00
1.028439164161682129e+00,8.445159345865249634e-02,1.839232048951089382e-03,0.000000000000000000e+00,0.000000000000000000e+00
9.790216684341430664e-01,8.075957000255584717e-02,1.714259618893265724e-03,0.000000000000000000e+00,0.000000000000000000e+00
1.052477002143859863e+00,8.542956411838531494e-02,1.981813693419098854e-03,0.000000000000000000e+00,0.000000000000000000e+00
9.523575305938720703e-01,7.157063484191894531e-02,2.366511616855859756e-03,0.000000000000000000e+00,0.000000000000000000e+00
1.002125144004821777e+00,7.692011445760726929e-02,2.329240320250391960e-03,0.000000000000000000e+00,0.000000000000000000e+00
9.210113883018493652e-01,7.290907204151153564e-02,1.919207046739757061e-03,0.000000000000000000e+00,0.000000000000000000e+00
9.875972270965576172e-01,7.693275809288024902e-02,2.182696480304002762e-03,0.000000000000000000e+00,0.000000000000000000e+00
1.025919556617736816e+00,8.178421854972839355e-02,2.080773469060659409e-03,0.000000000000000000e+00,0.000000000000000000e+00
9.648920893669128418e-01,7.508523017168045044e-02,2.140398137271404266e-03,0.000000000000000000e+00,0.000000000000000000e+00
9.123408794403076172e-01,7.165175676345825195e-02,1.958232838660478592e-03,0.000000000000000000e+00,0.000000000000000000e+00
9.270280003547668457e-01,7.296589016914367676e-02,1.973690930753946304e-03,0.000000000000000000e+00,0.000000000000000000e+00
9.673360586166381836e-01,7.504386454820632935e-02,2.168974373489618301e-03,0.000000000000000000e+00,0.000000000000000000e+00
9.815957546234130859e-01,7.814858853816986084e-02,2.001098589971661568e-03,0.000000000000000000e+00,0.000000000000000000e+00
9.742851853370666504e-01,7.967740297317504883e-02,1.775111537426710129e-03,0.000000000000000000e+00,0.000000000000000000e+00
9.522978067398071289e-01,7.664469629526138306e-02,1.858508563600480556e-03,0.000000000000000000e+00,0.000000000000000000e+00
8.333531618118286133e-01,6.672976911067962646e-02,1.660554436966776848e-03,0.000000000000000000e+00,0.000000000000000000e+00
9.318213462829589844e-01,7.549831271171569824e-02,1.768382149748504162e-03,0.000000000000000000e+00,0.000000000000000000e+00
8.458594083786010742e-01,6.320630013942718506e-02,2.137963892892003059e-03,0.000000000000000000e+00,0.000000000000000000e+00
8.913650512695312500e-01,6.648662686347961426e-02,2.264987677335739136e-03,0.000000000000000000e+00,0.000000000000000000e+00
8.098073601722717285e-01,6.357115507125854492e-02,1.740958075970411301e-03,0.000000000000000000e+00,0.000000000000000000e+00
8.555864691734313965e-01,6.629325449466705322e-02,1.926539582200348377e-03,0.000000000000000000e+00,0.000000000000000000e+00
9.999970197677612305e-01,8.066450059413909912e-02,1.933519728481769562e-03,0.000000000000000000e+00,0.000000000000000000e+00
8.950402736663818359e-01,7.174918800592422485e-02,1.775484066456556320e-03,0.000000000000000000e+00,0.000000000000000000e+00
9.105186462402343750e-01,7.353388518095016479e-02,1.751797972247004509e-03,0.000000000000000000e+00,0.000000000000000000e+00
8.542462587356567383e-01,6.509217619895935059e-02,2.033244818449020386e-03,0.000000000000000000e+00,0.000000000000000000e+00
9.127602577209472656e-01,7.134824991226196289e-02,1.992777921259403229e-03,0.000000000000000000e+00,0.000000000000000000e+00
8.190131187438964844e-01,6.290941685438156128e-02,1.899189082905650139e-03,0.000000000000000000e+00,0.000000000000000000e+00
8.694708347320556641e-01,6.984600424766540527e-02,1.710107666440308094e-03,0.000000000000000000e+00,0.000000000000000000e+00
7.686315178871154785e-01,5.812864005565643311e-02,1.873451052233576775e-03,0.000000000000000000e+00,0.000000000000000000e+00
8.701201677322387695e-01,6.843791902065277100e-02,1.857409486547112465e-03,0.000000000000000000e+00,0.000000000000000000e+00
8.075450658798217773e-01,6.289337575435638428e-02,1.786112552508711815e-03,0.000000000000000000e+00,0.000000000000000000e+00
9.107214212417602539e-01,7.021669298410415649e-02,2.085545333102345467e-03,0.000000000000000000e+00,0.000000000000000000e+00
9.363468289375305176e-01,7.107257843017578125e-02,2.256210427731275558e-03,0.000000000000000000e+00,0.000000000000000000e+00
8.453716039657592773e-01,6.482593715190887451e-02,1.971122110262513161e-03,0.000000000000000000e+00,0.000000000000000000e+00
7.854506373405456543e-01,6.402146071195602417e-02,1.452360185794532299e-03,0.000000000000000000e+00,0.000000000000000000e+00
7.969021797180175781e-01,6.383077800273895264e-02,1.585943857207894325e-03,0.000000000000000000e+00,0.000000000000000000e+00
8.140308856964111328e-01,6.336382776498794556e-02,1.803926541469991207e-03,0.000000000000000000e+00,0.000000000000000000e+00
9.186300039291381836e-01,7.358238101005554199e-02,1.828061882406473160e-03,0.000000000000000000e+00,0.000000000000000000e+00
8.244113922119140625e-01,6.737430393695831299e-02,1.506683882325887680e-03,0.000000000000000000e+00,0.000000000000000000e+00
8.772704601287841797e-01,7.169470191001892090e-02,1.603234326466917992e-03,0.000000000000000000e+00,0.000000000000000000e+00
8.282262682914733887e-01,6.305205076932907104e-02,1.977057429030537605e-03,0.000000000000000000e+00,0.000000000000000000e+00
8.425188660621643066e-01,6.447620689868927002e-02,1.977568259462714195e-03,0.000000000000000000e+00,0.000000000000000000e+00
8.063839673995971680e-01,6.356608867645263672e-02,1.707230694591999054e-03,0.000000000000000000e+00,0.000000000000000000e+00
8.927063345909118652e-01,7.273808121681213379e-02,1.653255429118871689e-03,0.000000000000000000e+00,0.000000000000000000e+00
8.925846219062805176e-01,7.406198978424072266e-02,1.519647310487926006e-03,0.000000000000000000e+00,0.000000000000000000e+00
7.085458636283874512e-01,5.540879443287849426e-02,1.544579165056347847e-03,0.000000000000000000e+00,0.000000000000000000e+00
7.070598602294921875e-01,5.523600429296493530e-02,1.546997809782624245e-03,0.000000000000000000e+00,0.000000000000000000e+00
7.784441113471984863e-01,6.070573255419731140e-02,1.713867764919996262e-03,0.000000000000000000e+00,0.000000000000000000e+00
8.250514268875122070e-01,6.557527184486389160e-02,1.692987047135829926e-03,0.000000000000000000e+00,0.000000000000000000e+00
7.419353723526000977e-01,5.931330099701881409e-02,1.488023204728960991e-03,0.000000000000000000e+00,0.000000000000000000e+00
7.500133514404296875e-01,6.141922622919082642e-02,1.358210924081504345e-03,0.000000000000000000e+00,0.000000000000000000e+00
7.020382285118103027e-01,5.532661825418472290e-02,1.487720524892210960e-03,0.000000000000000000e+00,0.000000000000000000e+00
7.105600833892822266e-01,5.535178631544113159e-02,1.570421736687421799e-03,0.000000000000000000e+00,0.000000000000000000e+00
7.837846875190734863e-01,6.281957030296325684e-02,1.555889844894409180e-03,0.000000000000000000e+00,0.000000000000000000e+00
7.204947471618652344e-01,5.666176974773406982e-02,1.538770273327827454e-03,0.000000000000000000e+00,0.000000000000000000e+00
7.906450033187866211e-01,6.497552990913391113e-02,1.408896874636411667e-03,0.000000000000000000e+00,0.000000000000000000e+00
7.531058788299560547e-01,6.173563003540039062e-02,1.357495551928877831e-03,0.000000000000000000e+00,0.000000000000000000e+00
7.260141372680664062e-01,5.919840186834335327e-02,1.340300776064395905e-03,0.000000000000000000e+00,0.000000000000000000e+00
6.463054418563842773e-01,4.956249147653579712e-02,1.506805652752518654e-03,0.000000000000000000e+00,0.000000000000000000e+00
6.967648267745971680e-01,5.259259045124053955e-02,1.708389841951429844e-03,0.000000000000000000e+00,0.000000000000000000e+00
6.873757839202880859e-01,5.352295190095901489e-02,1.521462574601173401e-03,0.000000000000000000e+00,0.000000000000000000e+00
6.771726608276367188e-01,5.511038750410079956e-02,1.260688062757253647e-03,0.000000000000000000e+00,0.000000000000000000e+00
6.793874502182006836e-01,5.484625697135925293e-02,1.309248618781566620e-03,0.000000000000000000e+00,0.000000000000000000e+00
7.964403629302978516e-01,6.551663577556610107e-02,1.412739977240562439e-03,0.000000000000000000e+00,0.000000000000000000e+00
6.637983918190002441e-01,5.414830520749092102e-02,1.223153318278491497e-03,0.000000000000000000e+00,0.000000000000000000e+00
6.933024525642395020e-01,5.664171651005744934e-02,1.268852967768907547e-03,0.000000000000000000e+00,0.000000000000000000e+00
8.132594823837280273e-01,6.707286834716796875e-02,1.425307942554354668e-03,0.000000000000000000e+00,0.000000000000000000e+00
7.329549193382263184e-01,5.909030139446258545e-02,1.420518849045038223e-03,0.000000000000000000e+00,0.000000000000000000e+00
7.803484201431274414e-01,6.192425638437271118e-02,1.611058483831584454e-03,0.000000000000000000e+00,0.000000000000000000e+00
7.138322591781616211e-01,5.633817613124847412e-02,1.504504587501287460e-03,0.000000000000000000e+00,0.000000000000000000e+00
7.407397627830505371e-01,6.011922657489776611e-02,1.395475235767662525e-03,0.000000000000000000e+00,0.000000000000000000e+00
7.863204479217529297e-01,6.501752138137817383e-02,1.361452392302453518e-03,0.000000000000000000e+00,0.000000000000000000e+00
6.829830408096313477e-01,5.581968650221824646e-02,1.247862237505614758e-03,0.000000000000000000e+00,0.000000000000000000e+00
7.326588630676269531e-01,6.041932106018066406e-02,1.284656464122235775e-03,0.000000000000000000e+00,0.000000000000000000e+00
6.054314970970153809e-01,4.758331924676895142e-02,1.295983325690031052e-03,0.000000000000000000e+00,0.000000000000000000e+00
6.691340208053588867e-01,5.508660525083541870e-02,1.182679203338921070e-03,0.000000000000000000e+00,0.000000000000000000e+00
6.784883141517639160e-01,5.601229518651962280e-02,1.183653366751968861e-03,0.000000000000000000e+00,0.000000000000000000e+00
7.299337983131408691e-01,6.003470718860626221e-02,1.295867608860135078e-03,0.000000000000000000e+00,0.000000000000000000e+00
6.791639924049377441e-01,5.480927228927612305e-02,1.310712890699505806e-03,0.000000000000000000e+00,0.000000000000000000e+00
7.025225758552551270e-01,5.763143301010131836e-02,1.262082485482096672e-03,0.000000000000000000e+00,0.000000000000000000e+00
6.532645225524902344e-01,5.359814316034317017e-02,1.172831282019615173e-03,0.000000000000000000e+00,0.000000000000000000e+00
6.856888532638549805e-01,5.714131891727447510e-02,1.142757013440132141e-03,0.000000000000000000e+00,0.000000000000000000e+00
7.235479950904846191e-01,6.004870682954788208e-02,1.230609603226184845e-03,0.000000000000000000e+00,0.000000000000000000e+00
6.694129109382629395e-01,5.301300436258316040e-02,1.392828999087214470e-03,0.000000000000000000e+00,0.000000000000000000e+00
5.754283070564270020e-01,4.568100720643997192e-02,1.186182722449302673e-03,0.000000000000000000e+00,0.000000000000000000e+00
6.218042373657226562e-01,4.939727485179901123e-02,1.278314855881035328e-03,0.000000000000000000e+00,0.000000000000000000e+00
5.419335961341857910e-01,4.160090535879135132e-02,1.259245444089174271e-03,0.000000000000000000e+00,0.000000000000000000e+00
5.416611433029174805e-01,4.234874248504638672e-02,1.181737054139375687e-03,0.000000000000000000e+00,0.000000000000000000e+00
7.123609781265258789e-01,5.861402302980422974e-02,1.262207515537738800e-03,0.000000000000000000e+00,0.000000000000000000e+00
5.810833573341369629e-01,4.587639868259429932e-02,1.223193947225809097e-03,0.000000000000000000e+00,0.000000000000000000e+00
6.375262141227722168e-01,5.294767767190933228e-02,1.080494374036788940e-03,0.000000000000000000e+00,0.000000000000000000e+00
6.300377249717712402e-01,4.986036568880081177e-02,1.314340857788920403e-03,0.000000000000000000e+00,0.000000000000000000e+00
5.883166790008544922e-01,4.456894099712371826e-02,1.426273025572299957e-03,0.000000000000000000e+00,0.000000000000000000e+00
5.170359015464782715e-01,3.858394920825958252e-02,1.311963889747858047e-03,0.000000000000000000e+00,0.000000000000000000e+00
5.767295956611633301e-01,4.640011489391326904e-02,1.127284718677401543e-03,0.000000000000000000e+00,0.000000000000000000e+00
5.333237051963806152e-01,4.139703512191772461e-02,1.193533651530742645e-03,0.000000000000000000e+00,0.000000000000000000e+00
5.245909094810485840e-01,4.287622869014739990e-02,9.582862257957458496e-04,0.000000000000000000e+00,0.000000000000000000e+00
5.938221216201782227e-01,4.913455247879028320e-02,1.024765660986304283e-03,0.000000000000000000e+00,0.000000000000000000e+00
6.456124782562255859e-01,5.333878099918365479e-02,1.122247194871306419e-03,0.000000000000000000e+00,0.000000000000000000e+00
6.259720921516418457e-01,5.214653164148330688e-02,1.045067794620990753e-03,0.000000000000000000e+00,0.000000000000000000e+00
5.830321311950683594e-01,4.746449738740921021e-02,1.083871698938310146e-03,0.000000000000000000e+00,0.000000000000000000e+00
5.441925525665283203e-01,4.358775913715362549e-02,1.083149458281695843e-03,0.000000000000000000e+00,0.000000000000000000e+00
5.664730668067932129e-01,4.376389458775520325e-02,1.288341125473380089e-03,0.000000000000000000e+00,0.000000000000000000e+00
6.462582349777221680e-01,5.167466029524803162e-02,1.295116264373064041e-03,0.000000000000000000e+00,0.000000000000000000e+00
5.609905123710632324e-01,4.450229927897453308e-02,1.159675186499953270e-03,0.000000000000000000e+00,0.000000000000000000e+00
5.399421453475952148e-01,4.318933933973312378e-02,1.080487156286835670e-03,0.000000000000000000e+00,0.000000000000000000e+00
5.649856925010681152e-01,4.654740169644355774e-02,9.951166575774550438e-04,0.000000000000000000e+00,0.000000000000000000e+00
5.974575877189636230e-01,4.717344045639038086e-02,1.257231924682855606e-03,0.000000000000000000e+00,0.000000000000000000e+00
6.101021766662597656e-01,4.751843214035034180e-02,1.349178375676274300e-03,0.000000000000000000e+00,0.000000000000000000e+00
5.029688477516174316e-01,3.975499048829078674e-02,1.054189517162740231e-03,0.000000000000000000e+00,0.000000000000000000e+00
5.463561415672302246e-01,4.357055947184562683e-02,1.106505282223224640e-03,0.000000000000000000e+00,0.000000000000000000e+00
5.803120136260986328e-01,4.609223455190658569e-02,1.193896285258233547e-03,0.000000000000000000e+00,0.000000000000000000e+00
4.694104194641113281e-01,3.615089878439903259e-02,1.079014269635081291e-03,0.000000000000000000e+00,0.000000000000000000e+00
5.598604083061218262e-01,4.191716015338897705e-02,1.406888244673609734e-03,0.000000000000000000e+00,0.000000000000000000e+00
5.663874149322509766e-01,4.018167406320571899e-02,1.645707059651613235e-03,0.000000000000000000e+00,0.000000000000000000e+00
5.556862354278564453e-01,4.191461950540542603e-02,1.365400385111570358e-03,0.000000000000000000e+00,0.000000000000000000e+00
5.364903807640075684e-01,4.188646376132965088e-02,1.176257617771625519e-03,0.000000000000000000e+00,0.000000000000000000e+00
5.855625867843627930e-01,4.704190045595169067e-02,1.151435892097651958e-03,0.000000000000000000e+00,0.000000000000000000e+00
5.592574477195739746e-01,4.646184295415878296e-02,9.463902679271996021e-04,0.000000000000000000e+00,0.000000000000000000e+00
5.046074390411376953e-01,4.061242192983627319e-02,9.848319459706544876e-04,0.000000000000000000e+00,0.000000000000000000e+00
5.292077064514160156e-01,4.010118544101715088e-02,1.281958888284862041e-03,0.000000000000000000e+00,0.000000000000000000e+00
4.823327660560607910e-01,3.652639314532279968e-02,1.170688308775424957e-03,0.000000000000000000e+00,0.000000000000000000e+00
5.231643915176391602e-01,4.124808311462402344e-02,1.106835901737213135e-03,0.000000000000000000e+00,0.000000000000000000e+00
5.676823854446411133e-01,4.707298800349235535e-02,9.695251937955617905e-04,0.000000000000000000e+00,0.000000000000000000e+00
5.174970030784606934e-01,4.256820306181907654e-02,9.181497152894735336e-04,0.000000000000000000e+00,0.000000000000000000e+00
5.211315155029296875e-01,4.137370735406875610e-02,1.073944615200161934e-03,0.000000000000000000e+00,0.000000000000000000e+00
4.286572039127349854e-01,3.206730633974075317e-02,1.079841516911983490e-03,0.000000000000000000e+00,0.000000000000000000e+00
5.191970467567443848e-01,4.162645339965820312e-02,1.029325183480978012e-03,0.000000000000000000e+00,0.000000000000000000e+00
5.255762934684753418e-01,4.293067008256912231e-02,9.626963292248547077e-04,0.000000000000000000e+00,0.000000000000000000e+00
4.409746527671813965e-01,3.473804891109466553e-02,9.359418181702494621e-04,0.000000000000000000e+00,0.000000000000000000e+00
5.077009201049804688e-01,4.052290692925453186e-02,1.024718862026929855e-03,0.000000000000000000e+00,0.000000000000000000e+00
5.144329667091369629e-01,4.073562845587730408e-02,1.070766942575573921e-03,0.000000000000000000e+00,0.000000000000000000e+00
5.537146329879760742e-01,4.611207917332649231e-02,9.259387152269482613e-04,0.000000000000000000e+00,0.000000000000000000e+00
4.837520122528076172e-01,3.872437402606010437e-02,9.650827269069850445e-04,0.000000000000000000e+00,0.000000000000000000e+00
4.984820485115051270e-01,4.040352627635002136e-02,9.444676106795668602e-04,0.000000000000000000e+00,0.000000000000000000e+00
4.717305302619934082e-01,3.599104285240173340e-02,1.118200831115245819e-03,0.000000000000000000e+00,0.000000000000000000e+00
4.188046753406524658e-01,3.126779198646545410e-02,1.061267568729817867e-03,0.000000000000000000e+00,0.000000000000000000e+00
4.241798520088195801e-01,3.393550962209701538e-02,8.482473203912377357e-04,0.000000000000000000e+00,0.000000000000000000e+00
4.454730451107025146e-01,3.609813377261161804e-02,8.449170272797346115e-04,0.000000000000000000e+00,0.000000000000000000e+00
4.380192756652832031e-01,3.488283604383468628e-02,8.919091196730732918e-04,0.000000000000000000e+00,0.000000000000000000e+00
4.632302224636077881e-01,3.814965486526489258e-02,8.173368405550718307e-04,0.000000000000000000e+00,0.000000000000000000e+00
4.667438566684722900e-01,3.759586066007614136e-02,9.078523144125938416e-04,0.000000000000000000e+00,0.000000000000000000e+00
4.329226016998291016e-01,3.463227301836013794e-02,8.659986779093742371e-04,0.000000000000000000e+00,0.000000000000000000e+00
4.154439270496368408e-01,3.365127742290496826e-02,7.893114816397428513e-04,0.000000000000000000e+00,0.000000000000000000e+00
3.766626715660095215e-01,2.923991903662681580e-02,8.426348213106393814e-04,0.000000000000000000e+00,0.000000000000000000e+00
4.867222607135772705e-01,4.070429131388664246e-02,7.967933779582381248e-04,0.000000000000000000e+00,0.000000000000000000e+00
4.883467555046081543e-01,3.979034721851348877e-02,9.044329053722321987e-04,0.000000000000000000e+00,0.000000000000000000e+00
4.373058676719665527e-01,3.394249826669692993e-02,9.788090828806161880e-04,0.000000000000000000e+00,0.000000000000000000e+00
4.247547686100006104e-01,3.480231016874313354e-02,7.673164363950490952e-04,0.000000000000000000e+00,0.000000000000000000e+00
4.865277409553527832e-01,4.125776886940002441e-02,7.395006250590085983e-04,0.000000000000000000e+00,0.000000000000000000e+00
4.456808567047119141e-01,3.586754947900772095e-02,8.700538892298936844e-04,0.000000000000000000e+00,0.000000000000000000e+00
4.413473010063171387e-01,3.624587133526802063e-02,7.888861000537872314e-04,0.000000000000000000e+00,0.000000000000000000e+00
4.210018515586853027e-01,3.414599597454071045e-02,7.954187458381056786e-04,0.000000000000000000e+00,0.000000000000000000e+00
5.050708651542663574e-01,4.129640385508537292e-02,9.210680145770311356e-04,0.000000000000000000e+00,0.000000000000000000e+00
4.212877750396728516e-01,3.407166153192520142e-02,8.057117811404168606e-04,0.000000000000000000e+00,0.000000000000000000e+00
4.197523593902587891e-01,3.475020825862884521e-02,7.225027075037360191e-04,0.000000000000000000e+00,0.000000000000000000e+00
4.204838275909423828e-01,3.419300168752670288e-02,7.855379371903836727e-04,0.000000000000000000e+00,0.000000000000000000e+00
4.439424276351928711e-01,3.691505640745162964e-02,7.479186169803142548e-04,0.000000000000000000e+00,0.000000000000000000e+00
4.374822378158569336e-01,3.609571978449821472e-02,7.652504136785864830e-04,0.000000000000000000e+00,0.000000000000000000e+00
3.863189518451690674e-01,3.070239722728729248e-02,7.929496932774782181e-04,0.000000000000000000e+00,0.000000000000000000e+00
4.313867092132568359e-01,3.563004732131958008e-02,7.508625276386737823e-04,0.000000000000000000e+00,0.000000000000000000e+00
4.894961118698120117e-01,4.223664104938507080e-02,6.712971371598541737e-04,0.000000000000000000e+00,0.000000000000000000e+00
4.170097708702087402e-01,3.445457294583320618e-02,7.246405584737658501e-04,0.000000000000000000e+00,0.000000000000000000e+00
4.464704990386962891e-01,3.683514147996902466e-02,7.811911636963486671e-04,0.000000000000000000e+00,0.000000000000000000e+00
3.707332611083984375e-01,2.986734360456466675e-02,7.205981528386473656e-04,0.000000000000000000e+00,0.000000000000000000e+00
4.241468906402587891e-01,3.570715710520744324e-02,6.707531865686178207e-04,0.000000000000000000e+00,0.000000000000000000e+00
4.404649138450622559e-01,3.642094507813453674e-02,7.625545840710401535e-04,0.000000000000000000e+00,0.000000000000000000e+00
3.769506216049194336e-01,3.010071627795696259e-02,7.594347116537392139e-04,0.000000000000000000e+00,0.000000000000000000e+00
3.767396509647369385e-01,2.925360947847366333e-02,8.420357480645179749e-04,0.000000000000000000e+00,0.000000000000000000e+00
3.395083844661712646e-01,2.598457597196102142e-02,7.966262637637555599e-04,0.000000000000000000e+00,0.000000000000000000e+00
4.396011829376220703e-01,3.703992068767547607e-02,6.920197047293186188e-04,0.000000000000000000e+00,0.000000000000000000e+00
4.207660853862762451e-01,3.539585694670677185e-02,6.680751685053110123e-04,0.000000000000000000e+00,0.000000000000000000e+00
4.514000415802001953e-01,3.867778182029724121e-02,6.462223245762288570e-04,0.000000000000000000e+00,0.000000000000000000e+00
4.390681385993957520e-01,3.589626029133796692e-02,8.010555757209658623e-04,0.000000000000000000e+00,0.000000000000000000e+00
3.979924321174621582e-01,3.006275370717048645e-02,9.736490901559591293e-04,0.000000000000000000e+00,0.000000000000000000e+00
3.366103470325469971e-01,2.467750757932662964e-02,8.983527077361941338e-04,0.000000000000000000e+00,0.000000000000000000e+00
3.800841569900512695e-01,3.064956516027450562e-02,7.358849979937076569e-04,0.000000000000000000e+00,0.000000000000000000e+00
3.951103985309600830e-01,3.317304700613021851e-02,6.337992381304502487e-04,0.000000000000000000e+00,0.000000000000000000e+00
4.166657924652099609e-01,3.489367663860321045e-02,6.772903725504875183e-04,0.000000000000000000e+00,0.000000000000000000e+00
3.569195270538330078e-01,2.908018045127391815e-02,6.611773278564214706e-04,0.000000000000000000e+00,0.000000000000000000e+00
3.657815456390380859e-01,2.997261472046375275e-02,6.605536909773945808e-04,0.000000000000000000e+00,0.000000000000000000e+00
3.581983447074890137e-01,2.892597764730453491e-02,6.893856916576623917e-04,0.000000000000000000e+00,0.000000000000000000e+00
3.225706517696380615e-01,2.584937214851379395e-02,6.407692562788724899e-04,0.000000000000000000e+00,0.000000000000000000e+00
3.836147785186767578e-01,3.258469700813293457e-02,5.776782054454088211e-04,0.000000000000000000e+00,0.000000000000000000e+00
3.663635253906250000e-01,3.056947700679302216e-02,6.066875066608190536e-04,0.000000000000000000e+00,0.000000000000000000e+00
3.757649660110473633e-01,3.202115371823310852e-02,5.555343814194202423e-04,0.000000000000000000e+00,0.000000000000000000e+00
3.562876582145690918e-01,2.885081991553306580e-02,6.777944508939981461e-04,0.000000000000000000e+00,0.000000000000000000e+00
3.331702947616577148e-01,2.643576823174953461e-02,6.881259614601731300e-04,0.000000000000000000e+00,0.000000000000000000e+00
3.398003578186035156e-01,2.704881131649017334e-02,6.931222742423415184e-04,0.000000000000000000e+00,0.000000000000000000e+00
3.528185486793518066e-01,2.868319675326347351e-02,6.598656764253973961e-04,0.000000000000000000e+00,0.000000000000000000e+00
3.465308845043182373e-01,2.815551497042179108e-02,6.497573340311646461e-04,0.000000000000000000e+00,0.000000000000000000e+00
3.571341633796691895e-01,2.957525290548801422e-02,6.138163153082132339e-04,0.000000000000000000e+00,0.000000000000000000e+00
3.036229014396667480e-01,2.484432235360145569e-02,5.517967510968446732e-04,0.000000000000000000e+00,0.000000000000000000e+00
2.826953530311584473e-01,2.300277911126613617e-02,5.266754887998104095e-04,0.000000000000000000e+00,0.000000000000000000e+00
2.809235453605651855e-01,2.265316620469093323e-02,5.439190426841378212e-04,0.000000000000000000e+00,0.000000000000000000e+00
3.367951810359954834e-01,2.693687565624713898e-02,6.742641562595963478e-04,0.000000000000000000e+00,0.000000000000000000e+00
3.737705051898956299e-01,3.084749914705753326e-02,6.529552629217505455e-04,0.000000000000000000e+00,0.000000000000000000e+00
3.361931741237640381e-01,2.850061282515525818e-02,5.118703702464699745e-04,0.000000000000000000e+00,0.000000000000000000e+00
3.690939545631408691e-01,3.043163195252418518e-02,6.477765273302793503e-04,0.000000000000000000e+00,0.000000000000000000e+00
3.111980855464935303e-01,2.452188730239868164e-02,6.597921601496636868e-04,0.000000000000000000e+00,0.000000000000000000e+00
3.639850616455078125e-01,3.119732998311519623e-02,5.201176973059773445e-04,0.000000000000000000e+00,0.000000000000000000e+00
2.953265905380249023e-01,2.349083870649337769e-02,6.041820161044597626e-04,0.000000000000000000e+00,0.000000000000000000e+00
3.298109769821166992e-01,2.672047540545463562e-02,6.260623340494930744e-04,0.000000000000000000e+00,0.000000000000000000e+00
2.824998199939727783e-01,2.222916856408119202e-02,6.020815344527363777e-04,0.000000000000000000e+00,0.000000000000000000e+00
2.774461507797241211e-01,2.151795476675033569e-02,6.226660916581749916e-04,0.000000000000000000e+00,0.000000000000000000e+00
3.211065828800201416e-01,2.661171928048133850e-02,5.498940590769052505e-04,0.000000000000000000e+00,0.000000000000000000e+00
2.709568738937377930e-01,2.178625389933586121e-02,5.309431580826640129e-04,0.000000000000000000e+00,0.000000000000000000e+00
2.915227711200714111e-01,2.323373034596443176e-02,5.918547976762056351e-04,0.000000000000000000e+00,0.000000000000000000e+00
3.241999745368957520e-01,2.588051185011863708e-02,6.539484020322561264e-04,0.000000000000000000e+00,0.000000000000000000e+00
3.318555653095245361e-01,2.803402021527290344e-02,5.151537479832768440e-04,0.000000000000000000e+00,0.000000000000000000e+00
2.984121441841125488e-01,2.472595684230327606e-02,5.115256644785404205e-04,0.000000000000000000e+00,0.000000000000000000e+00
3.001975417137145996e-01,2.442580088973045349e-02,5.593954119831323624e-04,0.000000000000000000e+00,0.000000000000000000e+00
3.110211491584777832e-01,2.596086263656616211e-02,5.141252186149358749e-04,0.000000000000000000e+00,0.000000000000000000e+00
3.684748709201812744e-01,3.150616213679313660e-02,5.341325304470956326e-04,0.000000000000000000e+00,0.000000000000000000e+00
2.743587493896484375e-01,2.150946483016014099e-02,5.926409503445029259e-04,0.000000000000000000e+00,0.000000000000000000e+00
2.480430901050567627e-01,2.042591199278831482e-02,4.378396552056074142e-04,0.000000000000000000e+00,0.000000000000000000e+00
2.667718827724456787e-01,2.162944898009300232e-02,5.047738086432218552e-04,0.000000000000000000e+00,0.000000000000000000e+00
2.828579246997833252e-01,2.375020459294319153e-02,4.535588086582720280e-04,0.000000000000000000e+00,0.000000000000000000e+00
2.679672837257385254e-01,2.268752455711364746e-02,4.109203000552952290e-04,0.000000000000000000e+00,0.000000000000000000e+00
2.907180190086364746e-01,2.454123832285404205e-02,4.530565056484192610e-04,0.000000000000000000e+00,0.000000000000000000e+00
3.002107441425323486e-01,2.556539326906204224e-02,4.455681482795625925e-04,0.000000000000000000e+00,0.000000000000000000e+00
3.427546322345733643e-01,2.862991020083427429e-02,5.645551718771457672e-04,0.000000000000000000e+00,0.000000000000000000e+00
3.142880499362945557e-01,2.455688081681728363e-02,6.871923687867820263e-04,0.000000000000000000e+00,0.000000000000000000e+00
2.883314490318298340e-01,2.318989112973213196e-02,5.643256008625030518e-04,0.000000000000000000e+00,0.000000000000000000e+00
2.781375646591186523e-01,2.272718772292137146e-02,5.086567252874374390e-04,0.000000000000000000e+00,0.000000000000000000e+00
2.695484161376953125e-01,2.234142646193504333e-02,4.613414057530462742e-04,0.000000000000000000e+00,0.000000000000000000e+00
2.563646435737609863e-01,2.103009074926376343e-02,4.606373840942978859e-04,0.000000000000000000e+00,0.000000000000000000e+00
3.005506992340087891e-01,2.540412172675132751e-02,4.650948103517293930e-04,0.000000000000000000e+00,0.000000000000000000e+00
2.488864660263061523e-01,2.103405445814132690e-02,3.854591632261872292e-04,0.000000000000000000e+00,0.000000000000000000e+00
2.441471815109252930e-01,2.019098028540611267e-02,4.223737341817468405e-04,0.000000000000000000e+00,0.000000000000000000e+00
2.748069763183593750e-01,2.331923134624958038e-02,4.161467659287154675e-04,0.000000000000000000e+00,0.000000000000000000e+00
2.787620127201080322e-01,2.240611426532268524e-02,5.470087053254246712e-04,0.000000000000000000e+00,0.000000000000000000e+00
2.867034673690795898e-01,2.387214079499244690e-02,4.798207955900579691e-04,0.000000000000000000e+00,0.000000000000000000e+00
2.444509416818618774e-01,2.045071683824062347e-02,3.994376747868955135e-04,0.000000000000000000e+00,0.000000000000000000e+00
2.580157220363616943e-01,2.197738736867904663e-02,3.824184823315590620e-04,0.000000000000000000e+00,0.000000000000000000e+00
2.786974906921386719e-01,2.388659119606018066e-02,3.983157221227884293e-04,0.000000000000000000e+00,0.000000000000000000e+00
2.836903929710388184e-01,2.422575280070304871e-02,4.143284168094396591e-04,0.000000000000000000e+00,0.000000000000000000e+00
3.298291862010955811e-01,2.864169701933860779e-02,4.341221647337079048e-04,0.000000000000000000e+00,0.000000000000000000e+00
2.326145619153976440e-01,1.946932449936866760e-02,3.792131901718676090e-04,0.000000000000000000e+00,0.000000000000000000e+00
2.597775459289550781e-01,2.178084105253219604e-02,4.196912923362106085e-04,0.000000000000000000e+00,0.000000000000000000e+00
3.088570833206176758e-01,2.691298723220825195e-02,3.972722333855926991e-04,0.000000000000000000e+00,0.000000000000000000e+00
2.498105615377426147e-01,2.077409811317920685e-02,4.206958110444247723e-04,0.000000000000000000e+00,0.000000000000000000e+00
2.208468914031982422e-01,1.787379756569862366e-02,4.210892948321998119e-04,0.000000000000000000e+00,0.000000000000000000e+00
2.387655973434448242e-01,1.969673298299312592e-02,4.179825773462653160e-04,0.000000000000000000e+00,0.000000000000000000e+00
2.597678303718566895e-01,2.202480100095272064e-02,3.951980324927717447e-04,0.000000000000000000e+00,0.000000000000000000e+00
2.425516247749328613e-01,1.981320232152938843e-02,4.441960772965103388e-04,0.000000000000000000e+00,0.000000000000000000e+00
2.647130191326141357e-01,2.191719040274620056e-02,4.554110346361994743e-04,0.000000000000000000e+00,0.000000000000000000e+00
2.725527286529541016e-01,2.297974750399589539e-02,4.275524988770484924e-04,0.000000000000000000e+00,0.000000000000000000e+00
2.481951117515563965e-01,2.100595831871032715e-02,3.813552029896527529e-04,0.000000000000000000e+00,0.000000000000000000e+00
2.250118404626846313e-01,1.847519539296627045e-02,4.025988746434450150e-04,0.000000000000000000e+00,0.000000000000000000e+00
2.392159402370452881e-01,2.014334499835968018e-02,3.778248501475900412e-04,0.000000000000000000e+00,0.000000000000000000e+00
2.403058409690856934e-01,2.023162133991718292e-02,3.798963152803480625e-04,0.000000000000000000e+00,0.000000000000000000e+00
2.415533363819122314e-01,1.971255801618099213e-02,4.442775971256196499e-04,0.000000000000000000e+00,0.000000000000000000e+00
2.354022413492202759e-01,1.941989734768867493e-02,4.120327648706734180e-04,0.000000000000000000e+00,0.000000000000000000e+00
2.619221210479736328e-01,2.208483591675758362e-02,4.107378190383315086e-04,0.000000000000000000e+00,0.000000000000000000e+00
2.606272101402282715e-01,2.210942655801773071e-02,3.953296109102666378e-04,0.000000000000000000e+00,0.000000000000000000e+00
2.451579868793487549e-01,2.083621546626091003e-02,3.679583314806222916e-04,0.000000000000000000e+00,0.000000000000000000e+00
2.170054167509078979e-01,1.761373877525329590e-02,4.086802655365318060e-04,0.000000000000000000e+00,0.000000000000000000e+00
2.455416470766067505e-01,2.062118984758853912e-02,3.932975232601165771e-04,0.000000000000000000e+00,0.000000000000000000e+00
2.223128229379653931e-01,1.874030940234661102e-02,3.490972449071705341e-04,0.000000000000000000e+00,0.000000000000000000e+00
2.469844818115234375e-01,2.117853611707687378e-02,3.519911260809749365e-04,0.000000000000000000e+00,0.000000000000000000e+00
2.319494634866714478e-01,1.980241760611534119e-02,3.392527578398585320e-04,0.000000000000000000e+00,0.000000000000000000e+00
2.624295353889465332e-01,2.218353748321533203e-02,4.059416824020445347e-04,0.000000000000000000e+00,0.000000000000000000e+00
2.641714811325073242e-01,2.246733754873275757e-02,3.949811798520386219e-04,0.000000000000000000e+00,0.000000000000000000e+00
1.977135539054870605e-01,1.627139374613761902e-02,3.499961749184876680e-04,0.000000000000000000e+00,0.000000000000000000e+00
2.186644822359085083e-01,1.841247268021106720e-02,3.453976241871714592e-04,0.000000000000000000e+00,0.000000000000000000e+00
2.281174957752227783e-01,1.888193562626838684e-02,3.929814556613564491e-04,0.000000000000000000e+00,0.000000000000000000e+00
1.885817050933837891e-01,1.533996779471635818e-02,3.518203157000243664e-04,0.000000000000000000e+00,0.000000000000000000e+00
2.291577458381652832e-01,1.899210736155509949e-02,3.923666663467884064e-04,0.000000000000000000e+00,0.000000000000000000e+00
2.285578846931457520e-01,1.886002719402313232e-02,3.995760343968868256e-04,0.000000000000000000e+00,0.000000000000000000e+00
2.154113203287124634e-01,1.778637245297431946e-02,3.754760546144098043e-04,0.000000000000000000e+00,0.000000000000000000e+00
2.126275002956390381e-01,1.649671047925949097e-02,4.766038910020142794e-04,0.000000000000000000e+00,0.000000000000000000e+00
2.174916863441467285e-01,1.619213074445724487e-02,5.557038821280002594e-04,0.000000000000000000e+00,0.000000000000000000e+00
2.592304944992065430e-01,2.144888602197170258e-02,4.474164161365479231e-04,0.000000000000000000e+00,0.000000000000000000e+00
2.527670860290527344e-01,2.073979377746582031e-02,4.536915221251547337e-04,0.000000000000000000e+00,0.000000000000000000e+00
2.600709497928619385e-01,2.025046013295650482e-02,5.756635218858718872e-04,0.000000000000000000e+00,0.000000000000000000e+00
2.197254449129104614e-01,1.771607622504234314e-02,4.256467218510806561e-04,0.000000000000000000e+00,0.000000000000000000e+00
1.897075474262237549e-01,1.591899245977401733e-02,3.051763051189482212e-04,0.000000000000000000e+00,0.000000000000000000e+00
2.210758924484252930e-01,1.745430380105972290e-02,4.653284559026360512e-04,0.000000000000000000e+00,0.000000000000000000e+00
2.787820696830749512e-01,2.118057943880558014e-02,6.697628414258360863e-04,0.000000000000000000e+00,0.000000000000000000e+00
2.023855149745941162e-01,1.583717018365859985e-02,4.401380429044365883e-04,0.000000000000000000e+00,0.000000000000000000e+00
2.230995893478393555e-01,1.893224939703941345e-02,3.377708198968321085e-04,0.000000000000000000e+00,0.000000000000000000e+00
2.425133734941482544e-01,2.010905742645263672e-02,4.142280085943639278e-04,0.000000000000000000e+00,0.000000000000000000e+00
2.119580507278442383e-01,1.731523498892784119e-02,3.880568838212639093e-04,0.000000000000000000e+00,0.000000000000000000e+00
2.037672996520996094e-01,1.732985675334930420e-02,3.046872443519532681e-04,0.000000000000000000e+00,0.000000000000000000e+00
2.309876382350921631e-01,1.933406665921211243e-02,3.764698631130158901e-04,0.000000000000000000e+00,0.000000000000000000e+00
2.061257064342498779e-01,1.704953052103519440e-02,3.563039645086973906e-04,0.000000000000000000e+00,0.000000000000000000e+00
2.394660562276840210e-01,2.077785320580005646e-02,3.168752591591328382e-04,0.000000000000000000e+00,0.000000000000000000e+00
2.179064154624938965e-01,1.798311434686183929e-02,3.807527536991983652e-04,0.000000000000000000e+00,0.000000000000000000e+00
1.991068273782730103e-01,1.643558777868747711e-02,3.475095727480947971e-04,0.000000000000000000e+00,0.000000000000000000e+00
2.114852368831634521e-01,1.767934486269950867e-02,3.469177172519266605e-04,0.000000000000000000e+00,0.000000000000000000e+00
2.089296579360961914e-01,1.810618117451667786e-02,2.786786062642931938e-04,0.000000000000000000e+00,0.000000000000000000e+00
1.869232654571533203e-01,1.600311696529388428e-02,2.689210232347249985e-04,0.000000000000000000e+00,0.000000000000000000e+00
1.878524422645568848e-01,1.590503379702568054e-02,2.880209940485656261e-04,0.000000000000000000e+00,0.000000000000000000e+00
1.958017051219940186e-01,1.661286875605583191e-02,2.967301406897604465e-04,0.000000000000000000e+00,0.000000000000000000e+00
2.415477335453033447e-01,2.074729837477207184e-02,3.407475596759468317e-04,0.000000000000000000e+00,0.000000000000000000e+00
1.737659126520156860e-01,1.401777192950248718e-02,3.358818357810378075e-04,0.000000000000000000e+00,0.000000000000000000e+00
2.087662965059280396e-01,1.752740517258644104e-02,3.349225444253534079e-04,0.000000000000000000e+00,0.000000000000000000e+00
2.141213417053222656e-01,1.815813779830932617e-02,3.253995673730969429e-04,0.000000000000000000e+00,0.000000000000000000e+00
2.203525602817535400e-01,1.895393431186676025e-02,3.081321483477950096e-04,0.000000000000000000e+00,0.000000000000000000e+00
2.210654020309448242e-01,1.817308738827705383e-02,3.933453408535569906e-04,0.000000000000000000e+00,0.000000000000000000e+00
2.554740607738494873e-01,2.275505289435386658e-02,2.792351879179477692e-04,0.000000000000000000e+00,0.000000000000000000e+00
1.883694380521774292e-01,1.561981812119483948e-02,3.217126068193465471e-04,0.000000000000000000e+00,0.000000000000000000e+00
2.326370626688003540e-01,2.022080495953559875e-02,3.042902390006929636e-04,0.000000000000000000e+00,0.000000000000000000e+00
2.083184570074081421e-01,1.660278812050819397e-02,4.229058395139873028e-04,0.000000000000000000e+00,0.000000000000000000e+00
2.407487034797668457e-01,1.925294473767280579e-02,4.821926995646208525e-04,0.000000000000000000e+00,0.000000000000000000e+00
2.074058055877685547e-01,1.737887039780616760e-02,3.361710114404559135e-04,0.000000000000000000e+00,0.000000000000000000e+00
1.920009851455688477e-01,1.516537275165319443e-02,4.034726298414170742e-04,0.000000000000000000e+00,0.000000000000000000e+00
2.007261961698532104e-01,1.441183965653181076e-02,5.660779424943029881e-04,0.000000000000000000e+00,0.000000000000000000e+00
1.859923303127288818e-01,1.505650859326124191e-02,3.542724298313260078e-04,0.000000000000000000e+00,0.000000000000000000e+00
2.065356075763702393e-01,1.773293316364288330e-02,2.920627593994140625e-04,0.000000000000000000e+00,0.000000000000000000e+00
2.050336003303527832e-01,1.686027646064758301e-02,3.643083327915519476e-04,0.000000000000000000e+00,0.000000000000000000e+00
2.097637504339218140e-01,1.831198483705520630e-02,2.664390776772052050e-04,0.000000000000000000e+00,0.000000000000000000e+00
1.908558756113052368e-01,1.542439498007297516e-02,3.661193186417222023e-04,0.000000000000000000e+00,0.000000000000000000e+00
1.784579157829284668e-01,1.350616477429866791e-02,4.339627339504659176e-04,0.000000000000000000e+00,0.000000000000000000e+00
2.317261844873428345e-01,2.016419917345046997e-02,3.008419298566877842e-04,0.000000000000000000e+00,0.000000000000000000e+00
1.940922290086746216e-01,1.625531539320945740e-02,3.153906436637043953e-04,0.000000000000000000e+00,0.000000000000000000e+00
2.129561156034469604e-01,1.820379309356212616e-02,3.091817488893866539e-04,0.000000000000000000e+00,0.000000000000000000e+00
1.909586489200592041e-01,1.631276682019233704e-02,2.783099189400672913e-04,0.000000000000000000e+00,0.000000000000000000e+00
2.100500166416168213e-01,1.758132129907608032e-02,3.423679445404559374e-04,0.000000000000000000e+00,0.000000000000000000e+00
2.142833471298217773e-01,1.810736209154129028e-02,3.320971736684441566e-04,0.000000000000000000e+00,0.000000000000000000e+00
1.805294752120971680e-01,1.532653812319040298e-02,2.726409584283828735e-04,0.000000000000000000e+00,0.000000000000000000e+00
1.941504180431365967e-01,1.656765490770339966e-02,2.847387513611465693e-04,0.000000000000000000e+00,0.000000000000000000e+00
1.959598809480667114e-01,1.681301742792129517e-02,2.782970259431749582e-04,0.000000000000000000e+00,0.000000000000000000e+00
1.716429740190505981e-01,1.462303102016448975e-02,2.541266148909926414e-04,0.000000000000000000e+00,0.000000000000000000e+00
1.757686585187911987e-01,1.435873843729496002e-02,3.218128113076090813e-04,0.000000000000000000e+00,0.000000000000000000e+00
1.783280670642852783e-01,1.498210430145263672e-02,2.850702730938792229e-04,0.000000000000000000e+00,0.000000000000000000e+00
1.798956245183944702e-01,1.502445898950099945e-02,2.965103485621511936e-04,0.000000000000000000e+00,0.000000000000000000e+00
1.958947479724884033e-01,1.644200272858142853e-02,3.147472743876278400e-04,0.000000000000000000e+00,0.000000000000000000e+00
1.806489527225494385e-01,1.558220759034156799e-02,2.482687705196440220e-04,0.000000000000000000e+00,0.000000000000000000e+00
1.915848851203918457e-01,1.639604941010475159e-02,2.762439544312655926e-04,0.000000000000000000e+00,0.000000000000000000e+00
1.916603595018386841e-01,1.671641319990158081e-02,2.449622261337935925e-04,0.000000000000000000e+00,0.000000000000000000e+00
1.630689054727554321e-01,1.366816833615303040e-02,2.638723235577344894e-04,0.000000000000000000e+00,0.000000000000000000e+00
1.984358876943588257e-01,1.727338507771492004e-02,2.570203796494752169e-04,0.000000000000000000e+00,0.000000000000000000e+00
1.583924144506454468e-01,1.341784000396728516e-02,2.421401732135564089e-04,0.000000000000000000e+00,0.000000000000000000e+00
2.197926193475723267e-01,1.903073303401470184e-02,2.948528563138097525e-04,0.000000000000000000e+00,0.000000000000000000e+00
1.670315265655517578e-01,1.412497274577617645e-02,2.578178828116506338e-04,0.000000000000000000e+00,0.000000000000000000e+00
1.468689143657684326e-01,1.198495365679264069e-02,2.701938210520893335e-04,0.000000000000000000e+00,0.000000000000000000e+00
1.809934973716735840e-01,1.604531332850456238e-02,2.054035430774092674e-04,0.000000000000000000e+00,0.000000000000000000e+00
1.877658069133758545e-01,1.671561598777770996e-02,2.060964034171774983e-04,0.000000000000000000e+00,0.000000000000000000e+00
1.658825725317001343e-01,1.360484398901462555e-02,2.983413869515061378e-04,0.000000000000000000e+00,0.000000000000000000e+00
1.755978763103485107e-01,1.405497454106807709e-02,3.504813066683709621e-04,0.000000000000000000e+00,0.000000000000000000e+00
1.556667685508728027e-01,1.319123618304729462e-02,2.375439653405919671e-04,0.000000000000000000e+00,0.000000000000000000e+00
1.404312103986740112e-01,1.169825159013271332e-02,2.344869135413318872e-04,0.000000000000000000e+00,0.000000000000000000e+00
1.718198508024215698e-01,1.494946330785751343e-02,2.232521947007626295e-04,0.000000000000000000e+00,0.000000000000000000e+00
1.607286185026168823e-01,1.391289196908473969e-02,2.159969299100339413e-04,0.000000000000000000e+00,0.000000000000000000e+00
1.883185356855392456e-01,1.655155047774314880e-02,2.280302287545055151e-04,0.000000000000000000e+00,0.000000000000000000e+00
1.661373674869537354e-01,1.439689379185438156e-02,2.216843422502279282e-04,0.000000000000000000e+00,0.000000000000000000e+00
1.674869954586029053e-01,1.388715486973524094e-02,2.861545071937143803e-04,0.000000000000000000e+00,0.000000000000000000e+00
1.671755164861679077e-01,1.341038011014461517e-02,3.307170700281858444e-04,0.000000000000000000e+00,0.000000000000000000e+00
1.646821200847625732e-01,1.396754756569862366e-02,2.500664850231260061e-04,0.000000000000000000e+00,0.000000000000000000e+00
1.569896042346954346e-01,1.356197893619537354e-02,2.136981493094936013e-04,0.000000000000000000e+00,0.000000000000000000e+00
1.693208068609237671e-01,1.451302133500576019e-02,2.419059164822101593e-04,0.000000000000000000e+00,0.000000000000000000e+00
1.549462378025054932e-01,1.354345865547657013e-02,1.951165322680026293e-04,0.000000000000000000e+00,0.000000000000000000e+00
1.795343160629272461e-01,1.476892456412315369e-02,3.184505621902644634e-04,0.000000000000000000e+00,0.000000000000000000e+00
1.902870684862136841e-01,1.475695054978132248e-02,4.271755751688033342e-04,0.000000000000000000e+00,0.000000000000000000e+00
1.648997515439987183e-01,1.339148078113794327e-02,3.098493325524032116e-04,0.000000000000000000e+00,0.000000000000000000e+00
1.738745868206024170e-01,1.435305643826723099e-02,3.034402907360345125e-04,0.000000000000000000e+00,0.000000000000000000e+00
1.568944305181503296e-01,1.275693625211715698e-02,2.932507195509970188e-04,0.000000000000000000e+00,0.000000000000000000e+00
1.437949836254119873e-01,1.201757229864597321e-02,2.361927181482315063e-04,0.000000000000000000e+00,0.000000000000000000e+00
1.552252918481826782e-01,1.243178173899650574e-02,3.090747632086277008e-04,0.000000000000000000e+00,0.000000000000000000e+00
1.759496629238128662e-01,1.486323028802871704e-02,2.731736749410629272e-04,0.000000000000000000e+00,0.000000000000000000e+00
1.402899920940399170e-01,1.216812059283256531e-02,1.860878546722233295e-04,0.000000000000000000e+00,0.000000000000000000e+00
1.627639532089233398e-01,1.391992811113595963e-02,2.356465847697108984e-04,0.000000000000000000e+00,0.000000000000000000e+00
1.669791489839553833e-01,1.461852341890335083e-02,2.079391560982912779e-04,0.000000000000000000e+00,0.000000000000000000e+00
1.746501177549362183e-01,1.408583112061023712e-02,3.379180561751127243e-04,0.000000000000000000e+00,0.000000000000000000e+00
1.626727730035781860e-01,1.230721082538366318e-02,3.960066824220120907e-04,0.000000000000000000e+00,0.000000000000000000e+00
1.676868945360183716e-01,1.427268236875534058e-02,2.496007364243268967e-04,0.000000000000000000e+00,0.000000000000000000e+00
1.456300616264343262e-01,1.248837634921073914e-02,2.074629592243582010e-04,0.000000000000000000e+00,0.000000000000000000e+00
1.478779911994934082e-01,1.200978830456733704e-02,2.778010966721922159e-04,0.000000000000000000e+00,0.000000000000000000e+00
1.451084613800048828e-01,1.224023755639791489e-02,2.270608383696526289e-04,0.000000000000000000e+00,0.000000000000000000e+00
1.577571779489517212e-01,1.339546218514442444e-02,2.380256482865661383e-04,0.000000000000000000e+00,0.000000000000000000e+00
1.494353413581848145e-01,1.253268495202064514e-02,2.410849265288561583e-04,0.000000000000000000e+00,0.000000000000000000e+00
1.421978026628494263e-01,1.248537190258502960e-02,1.734409306664019823e-04,0.000000000000000000e+00,0.000000000000000000e+00
1.442389488220214844e-01,1.190371997654438019e-02,2.520176058169454336e-04,0.000000000000000000e+00,0.000000000000000000e+00
1.258590221405029297e-01,1.052852533757686615e-02,2.057375822914764285e-04,0.000000000000000000e+00,0.000000000000000000e+00
1.491672694683074951e-01,1.279288530349731445e-02,2.123842132277786732e-04,0.000000000000000000e+00,0.000000000000000000e+00
1.489488482475280762e-01,1.263476721942424774e-02,2.260117616970092058e-04,0.000000000000000000e+00,0.000000000000000000e+00
1.418357491493225098e-01,1.221243664622306824e-02,1.971138990484178066e-04,0.000000000000000000e+00,0.000000000000000000e+00
1.149605810642242432e-01,9.512433782219886780e-03,1.983624970307573676e-04,0.000000000000000000e+00,0.000000000000000000e+00
1.592474877834320068e-01,1.404324267059564590e-02,1.881505013443529606e-04,0.000000000000000000e+00,0.000000000000000000e+00
1.392899751663208008e-01,1.181731186807155609e-02,2.111685462296009064e-04,0.000000000000000000e+00,0.000000000000000000e+00
1.364216655492782593e-01,1.178786717355251312e-02,1.854298898251727223e-04,0.000000000000000000e+00,0.000000000000000000e+00
1.484468728303909302e-01,1.271697878837585449e-02,2.127708285115659237e-04,0.000000000000000000e+00,0.000000000000000000e+00
1.256867796182632446e-01,1.047818083316087723e-02,2.090497582685202360e-04,0.000000000000000000e+00,0.000000000000000000e+00
1.521373242139816284e-01,1.301718130707740784e-02,2.196551940869539976e-04,0.000000000000000000e+00,0.000000000000000000e+00
1.381474733352661133e-01,1.178276538848876953e-02,2.031982585322111845e-04,0.000000000000000000e+00,0.000000000000000000e+00
1.398746520280838013e-01,1.173338945955038071e-02,2.254075516248121858e-04,0.000000000000000000e+00,0.000000000000000000e+00
1.368430107831954956e-01,1.159535534679889679e-02,2.088946348521858454e-04,0.000000000000000000e+00,0.000000000000000000e+00
1.356126964092254639e-01,1.187897473573684692e-02,1.682295696809887886e-04,0.000000000000000000e+00,0.000000000000000000e+00
1.472610533237457275e-01,1.291291415691375732e-02,1.813191920518875122e-04,0.000000000000000000e+00,0.000000000000000000e+00
1.562972217798233032e-01,1.337039470672607422e-02,2.259326865896582603e-04,0.000000000000000000e+00,0.000000000000000000e+00
1.442632824182510376e-01,1.228615455329418182e-02,2.140172873623669147e-04,0.000000000000000000e+00,0.000000000000000000e+00
1.320193111896514893e-01,1.150667574256658554e-02,1.695255195954814553e-04,0.000000000000000000e+00,0.000000000000000000e+00
1.190600618720054626e-01,1.000889763236045837e-02,1.897108741104602814e-04,0.000000000000000000e+00,0.000000000000000000e+00
1.411490589380264282e-01,1.231436338275671005e-02,1.800542086130008101e-04,0.000000000000000000e+00,0.000000000000000000e+00
1.360624134540557861e-01,1.184907741844654083e-02,1.757164136506617069e-04,0.000000000000000000e+00,0.000000000000000000e+00
1.488959789276123047e-01,1.315927598625421524e-02,1.730320509523153305e-04,0.000000000000000000e+00,0.000000000000000000e+00
1.308673769235610962e-01,1.140704937279224396e-02,1.679689303273335099e-04,0.000000000000000000e+00,0.000000000000000000e+00
1.354200243949890137e-01,1.143220346421003342e-02,2.109798806486651301e-04,0.000000000000000000e+00,0.000000000000000000e+00
1.518506407737731934e-01,1.308784261345863342e-02,2.097222895827144384e-04,0.000000000000000000e+00,0.000000000000000000e+00
1.156041845679283142e-01,9.634558111429214478e-03,1.925860124174505472e-04,0.000000000000000000e+00,0.000000000000000000e+00
1.194649413228034973e-01,1.033474411815404892e-02,1.611749612493440509e-04,0.000000000000000000e+00,0.000000000000000000e+00
1.322244703769683838e-01,1.102597080171108246e-02,2.196476561948657036e-04,0.000000000000000000e+00,0.000000000000000000e+00
1.342519819736480713e-01,1.119788922369480133e-02,2.227309159934520721e-04,0.000000000000000000e+00,0.000000000000000000e+00
1.413520872592926025e-01,1.243602670729160309e-02,1.699182757874950767e-04,0.000000000000000000e+00,0.000000000000000000e+00
1.308974921703338623e-01,1.115158759057521820e-02,1.938161876751109958e-04,0.000000000000000000e+00,0.000000000000000000e+00
1.448148488998413086e-01,1.293474435806274414e-02,1.546740822959691286e-04,0.000000000000000000e+00,0.000000000000000000e+00
1.248720884323120117e-01,1.092435792088508606e-02,1.562850666232407093e-04,0.000000000000000000e+00,0.000000000000000000e+00
1.409150063991546631e-01,1.217829715460538864e-02,1.913203595904633403e-04,0.000000000000000000e+00,0.000000000000000000e+00
1.142305061221122742e-01,9.643602184951305389e-03,1.779448502929881215e-04,0.000000000000000000e+00,0.000000000000000000e+00
1.208429932594299316e-01,1.021158788353204727e-02,1.872711582109332085e-04,0.000000000000000000e+00,0.000000000000000000e+00
1.297582238912582397e-01,1.111261174082756042e-02,1.863210636656731367e-04,0.000000000000000000e+00,0.000000000000000000e+00
1.040354520082473755e-01,8.777809329330921173e-03,1.625736040296033025e-04,0.000000000000000000e+00,0.000000000000000000e+00
1.162804365158081055e-01,1.001358125358819962e-02,1.614462235011160374e-04,0.000000000000000000e+00,0.000000000000000000e+00
1.407567858695983887e-01,1.235613133758306503e-02,1.719546562526375055e-04,0.000000000000000000e+00,0.000000000000000000e+00
1.532786339521408081e-01,1.396594289690256119e-02,1.361919858027249575e-04,0.000000000000000000e+00,0.000000000000000000e+00
1.334636360406875610e-01,1.153911184519529343e-02,1.807251828722655773e-04,0.000000000000000000e+00,0.000000000000000000e+00
1.144458949565887451e-01,9.758966974914073944e-03,1.685622264631092548e-04,0.000000000000000000e+00,0.000000000000000000e+00
1.225618422031402588e-01,1.069274172186851501e-02,1.563442929182201624e-04,0.000000000000000000e+00,0.000000000000000000e+00
1.387568265199661255e-01,1.212765183299779892e-02,1.748031063470989466e-04,0.000000000000000000e+00,0.000000000000000000e+00
1.187457814812660217e-01,1.030914112925529480e-02,1.565437123645097017e-04,0.000000000000000000e+00,0.000000000000000000e+00
1.144971475005149841e-01,9.902754798531532288e-03,1.546960556879639626e-04,0.000000000000000000e+00,0.000000000000000000e+00
1.080150604248046875e-01,9.147304110229015350e-03,1.654202205827459693e-04,0.000000000000000000e+00,0.000000000000000000e+00
1.275608092546463013e-01,1.111827883869409561e-02,1.637802633922547102e-04,0.000000000000000000e+00,0.000000000000000000e+00
1.100079640746116638e-01,9.467040188610553741e-03,1.533756440039724112e-04,0.000000000000000000e+00,0.000000000000000000e+00
1.232568621635437012e-01,1.068696193397045135e-02,1.638724352233111858e-04,0.000000000000000000e+00,0.000000000000000000e+00
9.270207583904266357e-02,7.779375184327363968e-03,1.490832364652305841e-04,0.000000000000000000e+00,0.000000000000000000e+00
1.028548553586006165e-01,8.734899573028087616e-03,1.550585584482178092e-04,0.000000000000000000e+00,0.000000000000000000e+00
1.085306107997894287e-01,9.288351982831954956e-03,1.564709091326221824e-04,0.000000000000000000e+00,0.000000000000000000e+00
1.099906489253044128e-01,9.416809305548667908e-03,1.582255354151129723e-04,0.000000000000000000e+00,0.000000000000000000e+00
1.224056929349899292e-01,1.086073741316795349e-02,1.379831519443541765e-04,0.000000000000000000e+00,0.000000000000000000e+00
9.435522556304931641e-02,7.998922839760780334e-03,1.436600286979228258e-04,0.000000000000000000e+00,0.000000000000000000e+00
1.200744360685348511e-01,1.057858020067214966e-02,1.428863470209762454e-04,0.000000000000000000e+00,0.000000000000000000e+00
1.328928172588348389e-01,1.184065267443656921e-02,1.448628463549539447e-04,0.000000000000000000e+00,0.000000000000000000e+00
1.253045499324798584e-01,1.054764352738857269e-02,1.982810790650546551e-04,0.000000000000000000e+00,0.000000000000000000e+00
1.219007745385169983e-01,1.073171291500329971e-02,1.458365004509687424e-04,0.000000000000000000e+00,0.000000000000000000e+00
1.298144310712814331e-01,1.121893338859081268e-02,1.762509928084909916e-04,0.000000000000000000e+00,0.000000000000000000e+00
1.125846281647682190e-01,9.468671865761280060e-03,1.789791131159290671e-04,0.000000000000000000e+00,0.000000000000000000e+00
1.263601779937744141e-01,1.097989082336425781e-02,1.656127715250477195e-04,0.000000000000000000e+00,0.000000000000000000e+00
1.063761115074157715e-01,9.251877665519714355e-03,1.385733485221862793e-04,0.000000000000000000e+00,0.000000000000000000e+00
1.342269480228424072e-01,1.201963890343904495e-02,1.403056667186319828e-04,0.000000000000000000e+00,0.000000000000000000e+00
1.016865149140357971e-01,8.695412427186965942e-03,1.473238808102905750e-04,0.000000000000000000e+00,0.000000000000000000e+00
1.054291874170303345e-01,8.723736740648746490e-03,1.819182361941784620e-04,0.000000000000000000e+00,0.000000000000000000e+00
1.184176802635192871e-01,1.021897979080677032e-02,1.622788404347375035e-04,0.000000000000000000e+00,0.000000000000000000e+00
9.493830800056457520e-02,8.080896921455860138e-03,1.412933925166726112e-04,0.000000000000000000e+00,0.000000000000000000e+00
1.109626665711402893e-01,9.578758850693702698e-03,1.517508208053186536e-04,0.000000000000000000e+00,0.000000000000000000e+00
1.220365762710571289e-01,1.080918498337268829e-02,1.394472637912258506e-04,0.000000000000000000e+00,0.000000000000000000e+00
1.234153658151626587e-01,1.111983694136142731e-02,1.221700367750599980e-04,0.000000000000000000e+00,0.000000000000000000e+00
1.004281491041183472e-01,8.503453806042671204e-03,1.539361692266538739e-04,0.000000000000000000e+00,0.000000000000000000e+00
9.688506275415420532e-02,8.108692243695259094e-03,1.579814270371571183e-04,0.000000000000000000e+00,0.000000000000000000e+00
9.487394243478775024e-02,8.088687434792518616e-03,1.398707390762865543e-04,0.000000000000000000e+00,0.000000000000000000e+00
1.139153316617012024e-01,9.910495020449161530e-03,1.481038634665310383e-04,0.000000000000000000e+00,0.000000000000000000e+00
9.811456501483917236e-02,8.589087054133415222e-03,1.222369028255343437e-04,0.000000000000000000e+00,0.000000000000000000e+00
1.116472184658050537e-01,1.006605569273233414e-02,1.098665961762890220e-04,0.000000000000000000e+00,0.000000000000000000e+00
1.200284361839294434e-01,1.014932058751583099e-02,1.853522553574293852e-04,0.000000000000000000e+00,0.000000000000000000e+00
1.162569671869277954e-01,9.637359529733657837e-03,1.988337317015975714e-04,0.000000000000000000e+00,0.000000000000000000e+00
1.092666834592819214e-01,9.733405895531177521e-03,1.193262360175140202e-04,0.000000000000000000e+00,0.000000000000000000e+00
1.344424039125442505e-01,1.161767356097698212e-02,1.826566149247810245e-04,0.000000000000000000e+00,0.000000000000000000e+00
1.011674180626869202e-01,8.341457694768905640e-03,1.775283890310674906e-04,0.000000000000000000e+00,0.000000000000000000e+00
1.046643480658531189e-01,9.302952326834201813e-03,1.163482884294353426e-04,0.000000000000000000e+00,0.000000000000000000e+00
9.702789783477783203e-02,8.173163048923015594e-03,1.529626897536218166e-04,0.000000000000000000e+00,0.000000000000000000e+00
1.002895906567573547e-01,8.725482039153575897e-03,1.303476747125387192e-04,0.000000000000000000e+00,0.000000000000000000e+00
9.494385868310928345e-02,7.939944043755531311e-03,1.554442278575152159e-04,0.000000000000000000e+00,0.000000000000000000e+00
1.102476418018341064e-01,9.178090840578079224e-03,1.846673403633758426e-04,0.000000000000000000e+00,0.000000000000000000e+00
9.574623405933380127e-02,8.368262089788913727e-03,1.206361193908378482e-04,0.000000000000000000e+00,0.000000000000000000e+00
1.052536144852638245e-01,8.268406614661216736e-03,2.256954612676054239e-04,0.000000000000000000e+00,0.000000000000000000e+00
1.034616678953170776e-01,7.820577360689640045e-03,2.525589661672711372e-04,0.000000000000000000e+00,0.000000000000000000e+00
8.867973089218139648e-02,7.637349423021078110e-03,1.230623165611177683e-04,0.000000000000000000e+00,0.000000000000000000e+00
1.121070235967636108e-01,8.688360452651977539e-03,2.522342256270349026e-04,0.000000000000000000e+00,0.000000000000000000e+00
1.238769367337226868e-01,8.502196520566940308e-03,3.885497280862182379e-04,0.000000000000000000e+00,0.000000000000000000e+00
1.150811314582824707e-01,8.927674032747745514e-03,2.580439322628080845e-04,0.000000000000000000e+00,0.000000000000000000e+00
9.341025352478027344e-02,8.094635792076587677e-03,1.246390020241960883e-04,0.000000000000000000e+00,0.000000000000000000e+00
1.008368581533432007e-01,7.750637363642454147e-03,2.333049051230773330e-04,0.000000000000000000e+00,0.000000000000000000e+00
9.260152280330657959e-02,6.801990326493978500e-03,2.458161907270550728e-04,0.000000000000000000e+00,0.000000000000000000e+00
8.834129571914672852e-02,7.221235893666744232e-03,1.612893829587846994e-04,0.000000000000000000e+00,0.000000000000000000e+00
1.076482534408569336e-01,9.048952721059322357e-03,1.715872786007821560e-04,0.000000000000000000e+00,0.000000000000000000e+00
1.207794547080993652e-01,9.776444174349308014e-03,2.301501517649739981e-04,0.000000000000000000e+00,0.000000000000000000e+00
1.032616347074508667e-01,8.619420230388641357e-03,1.706743496470153332e-04,0.000000000000000000e+00,0.000000000000000000e+00
1.055481210350990295e-01,8.973143994808197021e-03,1.581668329890817404e-04,0.000000000000000000e+00,0.000000000000000000e+00
1.007879897952079773e-01,7.565998937934637070e-03,2.512799692340195179e-04,0.000000000000000000e+00,0.000000000000000000e+00
9.975761175155639648e-02,8.082549087703227997e-03,1.893211883725598454e-04,0.000000000000000000e+00,0.000000000000000000e+00
1.042594611644744873e-01,9.029196575284004211e-03,1.396750158164650202e-04,0.000000000000000000e+00,0.000000000000000000e+00
9.619648754596710205e-02,7.963453419506549835e-03,1.656195963732898235e-04,0.000000000000000000e+00,0.000000000000000000e+00
1.007671058177947998e-01,8.844067342579364777e-03,1.232643844559788704e-04,0.000000000000000000e+00,0.000000000000000000e+00
1.055054441094398499e-01,8.562769740819931030e-03,1.987774448934942484e-04,0.000000000000000000e+00,0.000000000000000000e+00
1.143155023455619812e-01,8.589265868067741394e-03,2.842284156940877438e-04,0.000000000000000000e+00,0.000000000000000000e+00
1.087612062692642212e-01,9.069715626537799835e-03,1.806405489332973957e-04,0.000000000000000000e+00,0.000000000000000000e+00
7.712993770837783813e-02,6.463942117989063263e-03,1.249052002094686031e-04,0.000000000000000000e+00,0.000000000000000000e+00
9.943119436502456665e-02,8.365876972675323486e-03,1.577242510393261909e-04,0.000000000000000000e+00,0.000000000000000000e+00
8.954539895057678223e-02,7.720821537077426910e-03,1.233718940056860447e-04,0.000000000000000000e+00,0.000000000000000000e+00
9.788128733634948730e-02,7.923610508441925049e-03,1.864518271759152412e-04,0.000000000000000000e+00,0.000000000000000000e+00
9.868936240673065186e-02,7.553358562290668488e-03,2.315577876288443804e-04,0.000000000000000000e+00,0.000000000000000000e+00
9.425487369298934937e-02,8.070465177297592163e-03,1.355022104689851403e-04,0.000000000000000000e+00,0.000000000000000000e+00
1.173407062888145447e-01,1.023007556796073914e-02,1.503995008533820510e-04,0.000000000000000000e+00,0.000000000000000000e+00
1.146030724048614502e-01,9.358052164316177368e-03,2.102255239151418209e-04,0.000000000000000000e+00,0.000000000000000000e+00
8.814278990030288696e-02,7.650728337466716766e-03,1.163550623459741473e-04,0.000000000000000000e+00,0.000000000000000000e+00
8.987382799386978149e-02,7.115677464753389359e-03,1.871705171652138233e-04,0.000000000000000000e+00,0.000000000000000000e+00
1.129760891199111938e-01,8.738967590034008026e-03,2.558641135692596436e-04,0.000000000000000000e+00,0.000000000000000000e+00
1.045588105916976929e-01,8.957076817750930786e-03,1.498804049333557487e-04,0.000000000000000000e+00,0.000000000000000000e+00
8.933923393487930298e-02,7.728626951575279236e-03,1.205295775434933603e-04,0.000000000000000000e+00,0.000000000000000000e+00
1.036249920725822449e-01,8.702779188752174377e-03,1.659720292082056403e-04,0.000000000000000000e+00,0.000000000000000000e+00
8.122844994068145752e-02,7.164647802710533142e-03,9.581971244188025594e-05,0.000000000000000000e+00,0.000000000000000000e+00
8.637771010398864746e-02,6.718751043081283569e-03,1.919020287459716201e-04,0.000000000000000000e+00,0.000000000000000000e+00
9.075993299484252930e-02,6.431314628571271896e-03,2.644679043442010880e-04,0.000000000000000000e+00,0.000000000000000000e+00
9.800663590431213379e-02,8.472241461277008057e-03,1.328421785729005933e-04,0.000000000000000000e+00,0.000000000000000000e+00
9.800662100315093994e-02,8.457392454147338867e-03,1.343269541393965483e-04,0.000000000000000000e+00,0.000000000000000000e+00
1.026886105537414551e-01,8.306537754833698273e-03,1.962323585757985711e-04,0.000000000000000000e+00,0.000000000000000000e+00
8.861436694860458374e-02,7.521203253418207169e-03,1.340233720839023590e-04,0.000000000000000000e+00,0.000000000000000000e+00
8.060052990913391113e-02,6.845659110695123672e-03,1.214394214912317693e-04,0.000000000000000000e+00,0.000000000000000000e+00
9.259445220232009888e-02,7.697768509387969971e-03,1.561676908750087023e-04,0.000000000000000000e+00,0.000000000000000000e+00
8.134768903255462646e-02,7.102145813405513763e-03,1.032623185892589390e-04,0.000000000000000000e+00,0.000000000000000000e+00
7.473893463611602783e-02,6.214319728314876556e-03,1.259573327843099833e-04,0.000000000000000000e+00,0.000000000000000000e+00
8.257864415645599365e-02,6.887963972985744476e-03,1.369899837300181389e-04,0.000000000000000000e+00,0.000000000000000000e+00
7.140341401100158691e-02,6.199561059474945068e-03,9.407807374373078346e-05,0.000000000000000000e+00,0.000000000000000000e+00
9.091274440288543701e-02,7.443368900567293167e-03,1.647904864512383938e-04,0.000000000000000000e+00,0.000000000000000000e+00
9.152331948280334473e-02,7.441852241754531860e-03,1.710479555185884237e-04,0.000000000000000000e+00,0.000000000000000000e+00
8.925955742597579956e-02,8.015394210815429688e-03,9.105615026783198118e-05,0.000000000000000000e+00,0.000000000000000000e+00
9.415353834629058838e-02,8.126529864966869354e-03,1.288823696086183190e-04,0.000000000000000000e+00,0.000000000000000000e+00
9.353722631931304932e-02,7.776845246553421021e-03,1.576877693878486753e-04,0.000000000000000000e+00,0.000000000000000000e+00
8.763940632343292236e-02,7.450642995536327362e-03,1.313297252636402845e-04,0.000000000000000000e+00,0.000000000000000000e+00
1.032361835241317749e-01,9.218464605510234833e-03,1.105153860407881439e-04,0.000000000000000000e+00,0.000000000000000000e+00
9.103120863437652588e-02,8.050618693232536316e-03,1.052501902449876070e-04,0.000000000000000000e+00,0.000000000000000000e+00
7.323346287012100220e-02,6.442196667194366455e-03,8.811494626570492983e-05,0.000000000000000000e+00,0.000000000000000000e+00
8.700974285602569580e-02,7.622420322149991989e-03,1.078554050764068961e-04,0.000000000000000000e+00,0.000000000000000000e+00
1.031465530395507812e-01,9.157649241387844086e-03,1.157005463028326631e-04,0.000000000000000000e+00,0.000000000000000000e+00
7.487952709197998047e-02,6.556937005370855331e-03,9.310153836850076914e-05,0.000000000000000000e+00,0.000000000000000000e+00
9.285578876733779907e-02,8.377597667276859283e-03,9.079814481083303690e-05,0.000000000000000000e+00,0.000000000000000000e+00
7.314150780439376831e-02,6.528264842927455902e-03,7.858859316911548376e-05,0.000000000000000000e+00,0.000000000000000000e+00
8.049304783344268799e-02,7.187548093497753143e-03,8.617568528279662132e-05,0.000000000000000000e+00,0.000000000000000000e+00
8.018068969249725342e-02,7.120020687580108643e-03,8.980484562925994396e-05,0.000000000000000000e+00,0.000000000000000000e+00
9.580317884683609009e-02,8.626644499599933624e-03,9.536738798487931490e-05,0.000000000000000000e+00,0.000000000000000000e+00
7.478163391351699829e-02,6.666399072855710983e-03,8.117646211758255959e-05,0.000000000000000000e+00,0.000000000000000000e+00
7.229416072368621826e-02,6.212148815393447876e-03,1.017266913549974561e-04,0.000000000000000000e+00,0.000000000000000000e+00
7.727748900651931763e-02,6.996241398155689240e-03,7.315073889913037419e-05,0.000000000000000000e+00,0.000000000000000000e+00
8.224717527627944946e-02,6.807257421314716339e-03,1.417460152879357338e-04,0.000000000000000000e+00,0.000000000000000000e+00
8.033563941717147827e-02,6.797784939408302307e-03,1.235779491253197193e-04,0.000000000000000000e+00,0.000000000000000000e+00
8.825747668743133545e-02,7.812546566128730774e-03,1.013201690511777997e-04,0.000000000000000000e+00,0.000000000000000000e+00
8.238103985786437988e-02,7.297813426703214645e-03,9.402910654898732901e-05,0.000000000000000000e+00,0.000000000000000000e+00
7.074651122093200684e-02,6.191994529217481613e-03,8.826567500364035368e-05,0.000000000000000000e+00,0.000000000000000000e+00
7.818959653377532959e-02,6.885792128741741180e-03,9.331670298706740141e-05,0.000000000000000000e+00,0.000000000000000000e+00
7.361984252929687500e-02,6.558817811310291290e-03,8.031669131014496088e-05,0.000000000000000000e+00,0.000000000000000000e+00
7.842301577329635620e-02,6.967023946344852448e-03,8.752780559007078409e-05,0.000000000000000000e+00,0.000000000000000000e+00
7.144711166620254517e-02,6.160852499306201935e-03,9.838587720878422260e-05,0.000000000000000000e+00,0.000000000000000000e+00
8.968318998813629150e-02,8.148339577019214630e-03,8.199799049180001020e-05,0.000000000000000000e+00,0.000000000000000000e+00
7.075235247611999512e-02,6.394861731678247452e-03,6.803732685511931777e-05,0.000000000000000000e+00,0.000000000000000000e+00
7.523791491985321045e-02,6.301785819232463837e-03,1.222005812451243401e-04,0.000000000000000000e+00,0.000000000000000000e+00
6.492456048727035522e-02,5.438015796244144440e-03,1.054440654115751386e-04,0.000000000000000000e+00,0.000000000000000000e+00
6.702978163957595825e-02,5.946902558207511902e-03,7.560756057500839233e-05,0.000000000000000000e+00,0.000000000000000000e+00
7.804986089468002319e-02,6.984084844589233398e-03,8.209014777094125748e-05,0.000000000000000000e+00,0.000000000000000000e+00
7.930151373147964478e-02,6.929149851202964783e-03,1.001000928226858377e-04,0.000000000000000000e+00,0.000000000000000000e+00
7.909406721591949463e-02,6.840917747467756271e-03,1.068488927558064461e-04,0.000000000000000000e+00,0.000000000000000000e+00
6.898449361324310303e-02,6.064024753868579865e-03,8.344245725311338902e-05,0.000000000000000000e+00,0.000000000000000000e+00
7.126760482788085938e-02,6.415307521820068359e-03,7.114533218555152416e-05,0.000000000000000000e+00,0.000000000000000000e+00
7.237385958433151245e-02,6.286697462201118469e-03,9.506889909971505404e-05,0.000000000000000000e+00,0.000000000000000000e+00
7.283028960227966309e-02,6.549977697432041168e-03,7.330515654757618904e-05,0.000000000000000000e+00,0.000000000000000000e+00
7.390888780355453491e-02,6.579915992915630341e-03,8.109724876703694463e-05,0.000000000000000000e+00,0.000000000000000000e+00
7.418626546859741211e-02,6.505184806883335114e-03,9.134419815381988883e-05,0.000000000000000000e+00,0.000000000000000000e+00
9.256540238857269287e-02,8.440135046839714050e-03,8.164044993463903666e-05,0.000000000000000000e+00,0.000000000000000000e+00
6.902712583541870117e-02,6.058590486645698547e-03,8.441219688393175602e-05,0.000000000000000000e+00,0.000000000000000000e+00
6.666930019855499268e-02,5.962288938462734222e-03,7.046411337796598673e-05,0.000000000000000000e+00,0.000000000000000000e+00
6.696830689907073975e-02,6.092010531574487686e-03,6.048203795216977596e-05,0.000000000000000000e+00,0.000000000000000000e+00
6.811609119176864624e-02,6.132476963102817535e-03,6.791324267396703362e-05,0.000000000000000000e+00,0.000000000000000000e+00
7.148726284503936768e-02,6.249998696148395538e-03,8.987275941763073206e-05,0.000000000000000000e+00,0.000000000000000000e+00
7.547196000814437866e-02,6.845890544354915619e-03,7.013049616944044828e-05,0.000000000000000000e+00,0.000000000000000000e+00
6.377627700567245483e-02,5.578162148594856262e-03,7.994652696652337909e-05,0.000000000000000000e+00,0.000000000000000000e+00
7.184384018182754517e-02,6.550386082381010056e-03,6.339982064673677087e-05,0.000000000000000000e+00,0.000000000000000000e+00
7.264070957899093628e-02,6.322742905467748642e-03,9.413277439307421446e-05,0.000000000000000000e+00,0.000000000000000000e+00
8.442741632461547852e-02,7.511549629271030426e-03,9.311921166954562068e-05,0.000000000000000000e+00,0.000000000000000000e+00
8.781933039426803589e-02,8.069159463047981262e-03,7.127736898837611079e-05,0.000000000000000000e+00,0.000000000000000000e+00
7.499504089355468750e-02,6.732758134603500366e-03,7.667456520721316338e-05,0.000000000000000000e+00,0.000000000000000000e+00
5.158850178122520447e-02,4.357989411801099777e-03,8.008607255760580301e-05,0.000000000000000000e+00,0.000000000000000000e+00
6.558662652969360352e-02,5.866148043423891068e-03,6.925144407432526350e-05,0.000000000000000000e+00,0.000000000000000000e+00
6.943947076797485352e-02,6.163314916193485260e-03,7.806321809766814113e-05,0.000000000000000000e+00,0.000000000000000000e+00
6.283419579267501831e-02,5.409341305494308472e-03,8.740784687688574195e-05,0.000000000000000000e+00,0.000000000000000000e+00
7.473355531692504883e-02,6.832368206232786179e-03,6.409877823898568749e-05,0.000000000000000000e+00,0.000000000000000000e+00
7.640387117862701416e-02,6.857078522443771362e-03,7.833090057829394937e-05,0.000000000000000000e+00,0.000000000000000000e+00
6.334041804075241089e-02,5.300140008330345154e-03,1.033901644404977560e-04,0.000000000000000000e+00,0.000000000000000000e+00
7.328094542026519775e-02,6.521872244775295258e-03,8.062221604632213712e-05,0.000000000000000000e+00,0.000000000000000000e+00
6.302720308303833008e-02,5.757111124694347382e-03,5.456090002553537488e-05,0.000000000000000000e+00,0.000000000000000000e+00
6.624068319797515869e-02,5.822417791932821274e-03,8.016500214580446482e-05,0.000000000000000000e+00,0.000000000000000000e+00
6.309319287538528442e-02,5.748704541474580765e-03,5.606150443782098591e-05,0.000000000000000000e+00,0.000000000000000000e+00
5.982276424765586853e-02,5.314086098223924637e-03,6.681904778815805912e-05,0.000000000000000000e+00,0.000000000000000000e+00
5.692958086729049683e-02,5.067128688097000122e-03,6.258294888539239764e-05,0.000000000000000000e+00,0.000000000000000000e+00
6.445806473493576050e-02,5.618639755994081497e-03,8.271670958492904902e-05,0.000000000000000000e+00,0.000000000000000000e+00
6.278833746910095215e-02,5.427632946521043777e-03,8.512008935213088989e-05,0.000000000000000000e+00,0.000000000000000000e+00
5.943983793258666992e-02,5.345861893147230148e-03,5.981216600048355758e-05,0.000000000000000000e+00,0.000000000000000000e+00
5.429330468177795410e-02,4.822733346372842789e-03,6.065970956115052104e-05,0.000000000000000000e+00,0.000000000000000000e+00
7.632501423358917236e-02,6.870946381241083145e-03,7.615554932272061706e-05,0.000000000000000000e+00,0.000000000000000000e+00
6.479219347238540649e-02,5.790201015770435333e-03,6.890186341479420662e-05,0.000000000000000000e+00,0.000000000000000000e+00
7.282354682683944702e-02,6.533227860927581787e-03,7.491270662285387516e-05,0.000000000000000000e+00,0.000000000000000000e+00
6.546492874622344971e-02,5.763838067650794983e-03,7.826550427125766873e-05,0.000000000000000000e+00,0.000000000000000000e+00
6.562133133411407471e-02,6.062224041670560837e-03,4.999093653168529272e-05,0.000000000000000000e+00,0.000000000000000000e+00
6.637828052043914795e-02,5.798766389489173889e-03,8.390619041165336967e-05,0.000000000000000000e+00,0.000000000000000000e+00
5.418251454830169678e-02,4.787988495081663132e-03,6.302629481069743633e-05,0.000000000000000000e+00,0.000000000000000000e+00
7.351145148277282715e-02,6.649234797805547714e-03,7.019101758487522602e-05,0.000000000000000000e+00,0.000000000000000000e+00
5.807892233133316040e-02,5.126727744936943054e-03,6.811644561821594834e-05,0.000000000000000000e+00,0.000000000000000000e+00
7.503517717123031616e-02,6.566067691892385483e-03,9.374501678394153714e-05,0.000000000000000000e+00,0.000000000000000000e+00
5.401964485645294189e-02,4.438624251633882523e-03,9.633401350583881140e-05,0.000000000000000000e+00,0.000000000000000000e+00
5.724250525236129761e-02,5.269557237625122070e-03,4.546931450022384524e-05,0.000000000000000000e+00,0.000000000000000000e+00
5.944783613085746765e-02,5.109801888465881348e-03,8.349816198460757732e-05,0.000000000000000000e+00,0.000000000000000000e+00
6.335494667291641235e-02,5.585905630141496658e-03,7.495887984987348318e-05,0.000000000000000000e+00,0.000000000000000000e+00
5.718465149402618408e-02,5.272958427667617798e-03,4.455067028175108135e-05,0.000000000000000000e+00,0.000000000000000000e+00
5.236965045332908630e-02,4.267711192369461060e-03,9.692538151284679770e-05,0.000000000000000000e+00,0.000000000000000000e+00
6.144033744931221008e-02,5.412005819380283356e-03,7.320281292777508497e-05,0.000000000000000000e+00,0.000000000000000000e+00
5.976999178528785706e-02,5.382276140153408051e-03,5.947228783043101430e-05,0.000000000000000000e+00,0.000000000000000000e+00
5.722584202885627747e-02,5.034653469920158386e-03,6.879307329654693604e-05,0.000000000000000000e+00,0.000000000000000000e+00
6.523013859987258911e-02,6.030146032571792603e-03,4.928676571580581367e-05,0.000000000000000000e+00,0.000000000000000000e+00
6.807237863540649414e-02,6.197703070938587189e-03,6.095352728152647614e-05,0.000000000000000000e+00,0.000000000000000000e+00
5.685569345951080322e-02,5.147517658770084381e-03,5.380517177400179207e-05,0.000000000000000000e+00,0.000000000000000000e+00
5.936385318636894226e-02,5.448771640658378601e-03,4.876135426457040012e-05,0.000000000000000000e+00,0.000000000000000000e+00
5.926907807588577271e-02,5.293415393680334091e-03,6.334921636153012514e-05,0.000000000000000000e+00,0.000000000000000000e+00
5.514715611934661865e-02,4.953024908900260925e-03,5.616907219518907368e-05,0.000000000000000000e+00,0.000000000000000000e+00
5.255864933133125305e-02,4.855678416788578033e-03,4.001867273473180830e-05,0.000000000000000000e+00,0.000000000000000000e+00
5.497112870216369629e-02,4.957013763487339020e-03,5.400990994530729949e-05,0.000000000000000000e+00,0.000000000000000000e+00
4.214485362172126770e-02,3.707063151523470879e-03,5.074222281109541655e-05,0.000000000000000000e+00,0.000000000000000000e+00
5.838420614600181580e-02,5.341370124369859695e-03,4.970506415702402592e-05,0.000000000000000000e+00,0.000000000000000000e+00
5.616603791713714600e-02,4.855125676840543747e-03,7.614778587594628334e-05,0.000000000000000000e+00,0.000000000000000000e+00
6.391079723834991455e-02,5.703687202185392380e-03,6.873921665828675032e-05,0.000000000000000000e+00,0.000000000000000000e+00
5.185117572546005249e-02,4.726212006062269211e-03,4.589053423842415214e-05,0.000000000000000000e+00,0.000000000000000000e+00
6.578975915908813477e-02,6.078815087676048279e-03,5.001606041332706809e-05,0.000000000000000000e+00,0.000000000000000000e+00
5.622094124555587769e-02,5.134360864758491516e-03,4.877331593888811767e-05,0.000000000000000000e+00,0.000000000000000000e+00
5.435938760638237000e-02,5.035737995058298111e-03,4.002009518444538116e-05,0.000000000000000000e+00,0.000000000000000000e+00
4.504436627030372620e-02,3.977864049375057220e-03,5.265724757919088006e-05,0.000000000000000000e+00,0.000000000000000000e+00
4.934559762477874756e-02,4.535365849733352661e-03,3.991937774117104709e-05,0.000000000000000000e+00,0.000000000000000000e+00
6.692235916852951050e-02,6.203945726156234741e-03,4.882901339442469180e-05,0.000000000000000000e+00,0.000000000000000000e+00
5.516266450285911560e-02,5.043986719101667404e-03,4.722797893919050694e-05,0.000000000000000000e+00,0.000000000000000000e+00
4.992422834038734436e-02,4.550123587250709534e-03,4.422991332830861211e-05,0.000000000000000000e+00,0.000000000000000000e+00
5.515363439917564392e-02,5.104358308017253876e-03,4.110049121663905680e-05,0.000000000000000000e+00,0.000000000000000000e+00
5.919491499662399292e-02,5.193231161683797836e-03,7.262603321578353643e-05,0.000000000000000000e+00,0.000000000000000000e+00
5.087315663695335388e-02,4.491667728871107101e-03,5.956479435553774238e-05,0.000000000000000000e+00,0.000000000000000000e+00
5.170939862728118896e-02,4.738343879580497742e-03,4.325961708673276007e-05,0.000000000000000000e+00,0.000000000000000000e+00
4.785320535302162170e-02,4.301692824810743332e-03,4.836276639252901077e-05,0.000000000000000000e+00,0.000000000000000000e+00
5.912118405103683472e-02,5.398237146437168121e-03,5.138813503435812891e-05,0.000000000000000000e+00,0.000000000000000000e+00
5.468584969639778137e-02,5.028150975704193115e-03,4.404339051689021289e-05,0.000000000000000000e+00,0.000000000000000000e+00
4.871486499905586243e-02,4.248769022524356842e-03,6.227177073014900088e-05,0.000000000000000000e+00,0.000000000000000000e+00
5.796705931425094604e-02,5.204822868108749390e-03,5.918830356677062809e-05,0.000000000000000000e+00,0.000000000000000000e+00
5.440284684300422668e-02,4.943423904478549957e-03,4.968609937350265682e-05,0.000000000000000000e+00,0.000000000000000000e+00
5.502776056528091431e-02,4.944800399243831635e-03,5.579753269557841122e-05,0.000000000000000000e+00,0.000000000000000000e+00
5.214942246675491333e-02,4.864690825343132019e-03,3.502514300635084510e-05,0.000000000000000000e+00,0.000000000000000000e+00
5.043978616595268250e-02,4.688248038291931152e-03,3.557307354640215635e-05,0.000000000000000000e+00,0.000000000000000000e+00
4.873190075159072876e-02,4.403101745992898941e-03,4.700883437180891633e-05,0.000000000000000000e+00,0.000000000000000000e+00
5.743522569537162781e-02,5.417191423475742340e-03,3.263314283685758710e-05,0.000000000000000000e+00,0.000000000000000000e+00
5.134912207722663879e-02,4.730243235826492310e-03,4.046689718961715698e-05,0.000000000000000000e+00,0.000000000000000000e+00
5.342779308557510376e-02,4.914896562695503235e-03,4.278827691450715065e-05,0.000000000000000000e+00,0.000000000000000000e+00
5.100168660283088684e-02,4.720829427242279053e-03,3.793393261730670929e-05,0.000000000000000000e+00,0.000000000000000000e+00
5.054983124136924744e-02,4.543896764516830444e-03,5.110864731250330806e-05,0.000000000000000000e+00,0.000000000000000000e+00
5.132691562175750732e-02,4.629995673894882202e-03,5.026960570830851793e-05,0.000000000000000000e+00,0.000000000000000000e+00
5.233502015471458435e-02,4.704664926975965500e-03,5.288369720801711082e-05,0.000000000000000000e+00,0.000000000000000000e+00
5.776588991284370422e-02,5.301252007484436035e-03,4.753368557430803776e-05,0.000000000000000000e+00,0.000000000000000000e+00
5.490951985120773315e-02,4.875996150076389313e-03,6.149560795165598392e-05,0.000000000000000000e+00,0.000000000000000000e+00
5.524152889847755432e-02,4.968780092895030975e-03,5.553724622586742043e-05,0.000000000000000000e+00,0.000000000000000000e+00
4.994798079133033752e-02,4.527739249169826508e-03,4.670584894483909011e-05,0.000000000000000000e+00,0.000000000000000000e+00
4.770130664110183716e-02,4.288029856979846954e-03,4.821010952582582831e-05,0.000000000000000000e+00,0.000000000000000000e+00
4.212317243218421936e-02,3.890115302056074142e-03,3.222019222448579967e-05,0.000000000000000000e+00,0.000000000000000000e+00
4.020530730485916138e-02,3.707901574671268463e-03,3.126292722299695015e-05,0.000000000000000000e+00,0.000000000000000000e+00
4.987157136201858521e-02,4.377214703708887100e-03,6.099425445427186787e-05,0.000000000000000000e+00,0.000000000000000000e+00
5.282152071595191956e-02,4.784638062119483948e-03,4.975139745511114597e-05,0.000000000000000000e+00,0.000000000000000000e+00
4.728044196963310242e-02,4.228455014526844025e-03,4.995894414605572820e-05,0.000000000000000000e+00,0.000000000000000000e+00
5.035246163606643677e-02,4.556318745017051697e-03,4.789273953065276146e-05,0.000000000000000000e+00,0.000000000000000000e+00
4.944309592247009277e-02,4.579748027026653290e-03,3.645612014224752784e-05,0.000000000000000000e+00,0.000000000000000000e+00
5.866597220301628113e-02,5.427553318440914154e-03,4.390436515677720308e-05,0.000000000000000000e+00,0.000000000000000000e+00
4.801516607403755188e-02,4.263860173523426056e-03,5.376567423809319735e-05,0.000000000000000000e+00,0.000000000000000000e+00
4.781338572502136230e-02,4.341742489486932755e-03,4.395961150294169784e-05,0.000000000000000000e+00,0.000000000000000000e+00
5.173027515411376953e-02,4.529763944447040558e-03,6.432637746911495924e-05,0.000000000000000000e+00,0.000000000000000000e+00
4.627747833728790283e-02,3.940113820135593414e-03,6.876343104522675276e-05,0.000000000000000000e+00,0.000000000000000000e+00
4.111513495445251465e-02,3.717861371114850044e-03,3.936523717129603028e-05,0.000000000000000000e+00,0.000000000000000000e+00
5.193569511175155640e-02,4.739343654364347458e-03,4.542258466244675219e-05,0.000000000000000000e+00,0.000000000000000000e+00
4.473450779914855957e-02,4.038950428366661072e-03,4.345003253547474742e-05,0.000000000000000000e+00,0.000000000000000000e+00
5.153103172779083252e-02,4.540900699794292450e-03,6.122024933574721217e-05,0.000000000000000000e+00,0.000000000000000000e+00
4.206927493214607239e-02,3.740307409316301346e-03,4.666202585212886333e-05,0.000000000000000000e+00,0.000000000000000000e+00
4.133471846580505371e-02,3.607368096709251404e-03,5.261036858428269625e-05,0.000000000000000000e+00,0.000000000000000000e+00
3.713296726346015930e-02,3.227908629924058914e-03,4.853881546296179295e-05,0.000000000000000000e+00,0.000000000000000000e+00
4.774450510740280151e-02,4.382342565804719925e-03,3.921079405699856579e-05,0.000000000000000000e+00,0.000000000000000000e+00
4.316944256424903870e-02,3.807279514148831367e-03,5.096648237667977810e-05,0.000000000000000000e+00,0.000000000000000000e+00
4.457498341798782349e-02,4.135241266340017319e-03,3.222568921046331525e-05,0.000000000000000000e+00,0.000000000000000000e+00
4.985183477401733398e-02,4.685628227889537811e-03,2.995550130435731262e-05,0.000000000000000000e+00,0.000000000000000000e+00
4.800839349627494812e-02,4.319030791521072388e-03,4.818086017621681094e-05,0.000000000000000000e+00,0.000000000000000000e+00
4.661481454968452454e-02,4.267554264515638351e-03,3.939270391128957272e-05,0.000000000000000000e+00,0.000000000000000000e+00
4.733250662684440613e-02,4.223104100674390793e-03,5.101464557810686529e-05,0.000000000000000000e+00,0.000000000000000000e+00
3.823711350560188293e-02,3.289220854640007019e-03,5.344903547666035593e-05,0.000000000000000000e+00,0.000000000000000000e+00
4.072890430688858032e-02,3.693503327667713165e-03,3.793874566326849163e-05,0.000000000000000000e+00,0.000000000000000000e+00
4.364770650863647461e-02,4.027558956295251846e-03,3.372119681444019079e-05,0.000000000000000000e+00,0.000000000000000000e+00
3.892222419381141663e-02,3.520561847835779190e-03,3.716607170645147562e-05,0.000000000000000000e+00,0.000000000000000000e+00
4.158462211489677429e-02,3.905287245288491249e-03,2.531746940803714097e-05,0.000000000000000000e+00,0.000000000000000000e+00
4.569644480943679810e-02,4.026965238153934479e-03,5.426792631624266505e-05,0.000000000000000000e+00,0.000000000000000000e+00
4.789150133728981018e-02,4.235314670950174332e-03,5.538354162126779556e-05,0.000000000000000000e+00,0.000000000000000000e+00
3.961561247706413269e-02,3.697806969285011292e-03,2.637543730088509619e-05,0.000000000000000000e+00,0.000000000000000000e+00
3.963436558842658997e-02,3.612755564972758293e-03,3.506810389808379114e-05,0.000000000000000000e+00,0.000000000000000000e+00
4.265598207712173462e-02,4.000253044068813324e-03,2.653450610523577780e-05,0.000000000000000000e+00,0.000000000000000000e+00
4.421583935618400574e-02,3.944032825529575348e-03,4.775514389621093869e-05,0.000000000000000000e+00,0.000000000000000000e+00
3.410799801349639893e-02,3.114386461675167084e-03,2.964134728244971484e-05,0.000000000000000000e+00,0.000000000000000000e+00
5.228540673851966858e-02,4.362912848591804504e-03,8.656279533170163631e-05,0.000000000000000000e+00,0.000000000000000000e+00
5.666652321815490723e-02,4.588566720485687256e-03,1.078085479093715549e-04,0.000000000000000000e+00,0.000000000000000000e+00
4.006945341825485229e-02,3.755098441615700722e-03,2.518469409551471472e-05,0.000000000000000000e+00,0.000000000000000000e+00
5.024509131908416748e-02,3.776706755161285400e-03,1.247802574653178453e-04,0.000000000000000000e+00,0.000000000000000000e+00
6.134245544672012329e-02,4.082189407199621201e-03,2.052055788226425648e-04,0.000000000000000000e+00,0.000000000000000000e+00
5.446904525160789490e-02,4.318554420024156570e-03,1.128350268118083477e-04,0.000000000000000000e+00,0.000000000000000000e+00
3.944557905197143555e-02,3.657677676528692245e-03,2.868801129807252437e-05,0.000000000000000000e+00,0.000000000000000000e+00
4.673117026686668396e-02,3.981224726885557175e-03,6.918921280885115266e-05,0.000000000000000000e+00,0.000000000000000000e+00
4.331577196717262268e-02,3.875770140439271927e-03,4.558072032523341477e-05,0.000000000000000000e+00,0.000000000000000000e+00
3.819408267736434937e-02,3.277840558439493179e-03,5.415678606368601322e-05,0.000000000000000000e+00,0.000000000000000000e+00
3.820041194558143616e-02,3.287287428975105286e-03,5.327536564436741173e-05,0.000000000000000000e+00,0.000000000000000000e+00
4.147788882255554199e-02,3.882832592353224754e-03,2.649562520673498511e-05,0.000000000000000000e+00,0.000000000000000000e+00
4.482548683881759644e-02,4.128347150981426239e-03,3.542014019330963492e-05,0.000000000000000000e+00,0.000000000000000000e+00
4.139743000268936157e-02,3.756777849048376083e-03,3.829650086117908359e-05,0.000000000000000000e+00,0.000000000000000000e+00
3.637665510177612305e-02,3.298712428659200668e-03,3.389531775610521436e-05,0.000000000000000000e+00,0.000000000000000000e+00
4.338708519935607910e-02,4.013477824628353119e-03,3.252303577028214931e-05,0.000000000000000000e+00,0.000000000000000000e+00
4.008514061570167542e-02,3.730881493538618088e-03,2.776323526632040739e-05,0.000000000000000000e+00,0.000000000000000000e+00
3.843273967504501343e-02,3.327130340039730072e-03,5.161436274647712708e-05,0.000000000000000000e+00,0.000000000000000000e+00
4.887396469712257385e-02,4.505800083279609680e-03,3.815963282249867916e-05,0.000000000000000000e+00,0.000000000000000000e+00
4.110666736960411072e-02,3.779363818466663361e-03,3.313030174467712641e-05,0.000000000000000000e+00,0.000000000000000000e+00
4.494358971714973450e-02,4.209260456264019012e-03,2.850984310498461127e-05,0.000000000000000000e+00,0.000000000000000000e+00
4.219759628176689148e-02,3.877012990415096283e-03,3.427463525440543890e-05,0.000000000000000000e+00,0.000000000000000000e+00
4.178187251091003418e-02,3.863010089844465256e-03,3.151771306875161827e-05,0.000000000000000000e+00,0.000000000000000000e+00
4.143306612968444824e-02,3.728088922798633575e-03,4.152177643845789135e-05,0.000000000000000000e+00,0.000000000000000000e+00
4.734747111797332764e-02,4.445130936801433563e-03,2.896161640819627792e-05,0.000000000000000000e+00,0.000000000000000000e+00
3.603545576333999634e-02,3.209050511941313744e-03,3.944953277823515236e-05,0.000000000000000000e+00,0.000000000000000000e+00
4.104418307542800903e-02,3.690932178869843483e-03,4.134860500926151872e-05,0.000000000000000000e+00,0.000000000000000000e+00
3.414040803909301758e-02,3.118613734841346741e-03,2.954270530608482659e-05,0.000000000000000000e+00,0.000000000000000000e+00
3.768816590309143066e-02,3.429471515119075775e-03,3.393450606381520629e-05,0.000000000000000000e+00,0.000000000000000000e+00
4.175388440489768982e-02,3.878791350871324539e-03,2.965970270452089608e-05,0.000000000000000000e+00,0.000000000000000000e+00
3.869035467505455017e-02,3.630449995398521423e-03,2.385854713793378323e-05,0.000000000000000000e+00,0.000000000000000000e+00
4.132669046521186829e-02,3.753256984055042267e-03,3.794121585087850690e-05,0.000000000000000000e+00,0.000000000000000000e+00
3.513909131288528442e-02,3.204243723303079605e-03,3.096654836554080248e-05,0.000000000000000000e+00,0.000000000000000000e+00
3.949753567576408386e-02,3.593997331336140633e-03,3.557562013156712055e-05,0.000000000000000000e+00,0.000000000000000000e+00
3.344908729195594788e-02,3.079784568399190903e-03,2.651239628903567791e-05,0.000000000000000000e+00,0.000000000000000000e+00
4.105333983898162842e-02,3.647528588771820068e-03,4.578053631121292710e-05,0.000000000000000000e+00,0.000000000000000000e+00
4.156384244561195374e-02,3.634906839579343796e-03,5.214773045736365020e-05,0.000000000000000000e+00,0.000000000000000000e+00
3.657420352101325989e-02,3.392893355339765549e-03,2.645267886691726744e-05,0.000000000000000000e+00,0.000000000000000000e+00
4.116583243012428284e-02,3.682983573526144028e-03,4.335996345616877079e-05,0.000000000000000000e+00,0.000000000000000000e+00
4.064390063285827637e-02,3.759276587516069412e-03,3.051135718123987317e-05,0.000000000000000000e+00,0.000000000000000000e+00
3.779666125774383545e-02,3.319441806524991989e-03,4.602241097018122673e-05,0.000000000000000000e+00,0.000000000000000000e+00
4.255613312125205994e-02,3.739129286259412766e-03,5.164838512428104877e-05,0.000000000000000000e+00,0.000000000000000000e+00
3.731334954500198364e-02,3.524459432810544968e-03,2.068752473860513419e-05,0.000000000000000000e+00,0.000000000000000000e+00
3.254296630620956421e-02,2.995849354192614555e-03,2.584471076261252165e-05,0.000000000000000000e+00,0.000000000000000000e+00
3.193967044353485107e-02,2.958878409117460251e-03,2.350887189095374197e-05,0.000000000000000000e+00,0.000000000000000000e+00
3.452976420521736145e-02,3.227068344131112099e-03,2.259079701616428792e-05,0.000000000000000000e+00,0.000000000000000000e+00
3.584662452340126038e-02,3.328420687466859818e-03,2.562419467722065747e-05,0.000000000000000000e+00,0.000000000000000000e+00
3.396860137581825256e-02,3.184487344697117805e-03,2.123727790603879839e-05,0.000000000000000000e+00,0.000000000000000000e+00
4.803036153316497803e-02,4.424038343131542206e-03,3.789977563428692520e-05,0.000000000000000000e+00,0.000000000000000000e+00
3.235788270831108093e-02,3.011375200003385544e-03,2.244129245809745044e-05,0.000000000000000000e+00,0.000000000000000000e+00
3.523935005068778992e-02,3.170514013618230820e-03,3.534209099598228931e-05,0.000000000000000000e+00,0.000000000000000000e+00
3.909319266676902771e-02,3.620647126808762550e-03,2.886721631512045860e-05,0.000000000000000000e+00,0.000000000000000000e+00
3.658818081021308899e-02,3.264982718974351883e-03,3.938353256671689451e-05,0.000000000000000000e+00,0.000000000000000000e+00
3.288097307085990906e-02,2.934355987235903740e-03,3.537411612342111766e-05,0.000000000000000000e+00,0.000000000000000000e+00
4.071776941418647766e-02,3.810757771134376526e-03,2.610190131235867739e-05,0.000000000000000000e+00,0.000000000000000000e+00
3.903835266828536987e-02,3.621750976890325546e-03,2.820841837092302740e-05,0.000000000000000000e+00,0.000000000000000000e+00
3.380769491195678711e-02,3.090602811425924301e-03,2.901667357946280390e-05,0.000000000000000000e+00,0.000000000000000000e+00
4.070990532636642456e-02,3.893962129950523376e-03,1.770283779478631914e-05,0.000000000000000000e+00,0.000000000000000000e+00
3.648621216416358948e-02,3.284384030848741531e-03,3.642371302703395486e-05,0.000000000000000000e+00,0.000000000000000000e+00
3.325589746236801147e-02,3.060988616198301315e-03,2.646008397277910262e-05,0.000000000000000000e+00,0.000000000000000000e+00
3.600569814443588257e-02,3.181244712322950363e-03,4.193251152173615992e-05,0.000000000000000000e+00,0.000000000000000000e+00
4.016100987792015076e-02,3.519008867442607880e-03,4.970918962499126792e-05,0.000000000000000000e+00,0.000000000000000000e+00
3.687242045998573303e-02,3.372665494680404663e-03,3.145766095258295536e-05,0.000000000000000000e+00,0.000000000000000000e+00
3.351423516869544983e-02,3.049775492399930954e-03,3.016478331119287759e-05,0.000000000000000000e+00,0.000000000000000000e+00
3.795982524752616882e-02,3.531855763867497444e-03,2.641269747982732952e-05,0.000000000000000000e+00,0.000000000000000000e+00
3.347228467464447021e-02,3.017107024788856506e-03,3.301212927908636630e-05,0.000000000000000000e+00,0.000000000000000000e+00
2.879717387259006500e-02,2.630225848406553268e-03,2.494914951967075467e-05,0.000000000000000000e+00,0.000000000000000000e+00
3.759425133466720581e-02,3.542701946571469307e-03,2.167231650673784316e-05,0.000000000000000000e+00,0.000000000000000000e+00
2.794171869754791260e-02,2.595431404188275337e-03,1.987404175451956689e-05,0.000000000000000000e+00,0.000000000000000000e+00
3.500222787261009216e-02,3.263164311647415161e-03,2.370583388255909085e-05,0.000000000000000000e+00,0.000000000000000000e+00
3.029567189514636993e-02,2.870028838515281677e-03,1.595383764652069658e-05,0.000000000000000000e+00,0.000000000000000000e+00
3.255542740225791931e-02,3.025435842573642731e-03,2.301068525412119925e-05,0.000000000000000000e+00,0.000000000000000000e+00
3.091919608414173126e-02,2.875638194382190704e-03,2.162814416806213558e-05,0.000000000000000000e+00,0.000000000000000000e+00
3.388024866580963135e-02,3.153253346681594849e-03,2.347716508666053414e-05,0.000000000000000000e+00,0.000000000000000000e+00
2.894892729818820953e-02,2.677062759175896645e-03,2.178300928790122271e-05,0.000000000000000000e+00,0.000000000000000000e+00
3.464668616652488708e-02,3.249204717576503754e-03,2.154636968043632805e-05,0.000000000000000000e+00,0.000000000000000000e+00
3.329870104789733887e-02,3.151774872094392776e-03,1.780954335117712617e-05,0.000000000000000000e+00,0.000000000000000000e+00
4.041791707277297974e-02,3.778346348553895950e-03,2.634454722283408046e-05,0.000000000000000000e+00,0.000000000000000000e+00
2.969049848616123199e-02,2.773534040898084641e-03,1.955157313204836100e-05,0.000000000000000000e+00,0.000000000000000000e+00
3.667273372411727905e-02,3.288387786597013474e-03,3.788855610764585435e-05,0.000000000000000000e+00,0.000000000000000000e+00
3.528200834989547729e-02,3.289354499429464340e-03,2.388462962699122727e-05,0.000000000000000000e+00,0.000000000000000000e+00
3.510056436061859131e-02,3.178507089614868164e-03,3.315491630928590894e-05,0.000000000000000000e+00,0.000000000000000000e+00
3.318842872977256775e-02,3.013499546796083450e-03,3.053434920730069280e-05,0.000000000000000000e+00,0.000000000000000000e+00
3.384182974696159363e-02,3.062477335333824158e-03,3.217056655557826161e-05,0.000000000000000000e+00,0.000000000000000000e+00
3.436723724007606506e-02,3.048707265406847000e-03,3.880166332237422466e-05,0.000000000000000000e+00,0.000000000000000000e+00
2.941812761127948761e-02,2.697902265936136246e-03,2.439105446683242917e-05,0.000000000000000000e+00,0.000000000000000000e+00
3.100071288645267487e-02,2.883673645555973053e-03,2.163976205338258296e-05,0.000000000000000000e+00,0.000000000000000000e+00
3.155248612165451050e-02,2.875926438719034195e-03,2.793224484776146710e-05,0.000000000000000000e+00,0.000000000000000000e+00
3.313333168625831604e-02,3.070548642426729202e-03,2.427846629871055484e-05,0.000000000000000000e+00,0.000000000000000000e+00
2.868514508008956909e-02,2.644441090524196625e-03,2.240734829683788121e-05,0.000000000000000000e+00,0.000000000000000000e+00
3.375158458948135376e-02,3.152060322463512421e-03,2.230980135209392756e-05,0.000000000000000000e+00,0.000000000000000000e+00
2.901958674192428589e-02,2.708351705223321915e-03,1.936070657393429428e-05,0.000000000000000000e+00,0.000000000000000000e+00
3.469415381550788879e-02,3.143080044537782669e-03,3.263353937654756010e-05,0.000000000000000000e+00,0.000000000000000000e+00
3.747321292757987976e-02,3.475748933851718903e-03,2.715726441238075495e-05,0.000000000000000000e+00,0.000000000000000000e+00
2.859172411262989044e-02,2.466405043378472328e-03,3.927673969883471727e-05,0.000000000000000000e+00,0.000000000000000000e+00
3.889844194054603577e-02,3.437785897403955460e-03,4.520582660916261375e-05,0.000000000000000000e+00,0.000000000000000000e+00
2.686808817088603973e-02,2.420095726847648621e-03,2.667130320332944393e-05,0.000000000000000000e+00,0.000000000000000000e+00
3.220610693097114563e-02,2.955270931124687195e-03,2.653396040841471404e-05,0.000000000000000000e+00,0.000000000000000000e+00
3.190449625253677368e-02,2.957466058433055878e-03,2.329835842829197645e-05,0.000000000000000000e+00,0.000000000000000000e+00
3.083154372870922089e-02,2.735611051321029663e-03,3.475433186395093799e-05,0.000000000000000000e+00,0.000000000000000000e+00
3.535300120711326599e-02,3.379886038601398468e-03,1.554143454995937645e-05,0.000000000000000000e+00,0.000000000000000000e+00
3.044639527797698975e-02,2.786069409921765327e-03,2.585701986390631646e-05,0.000000000000000000e+00,0.000000000000000000e+00
3.286145627498626709e-02,3.097797278314828873e-03,1.883484583231620491e-05,0.000000000000000000e+00,0.000000000000000000e+00
3.624705225229263306e-02,3.307796781882643700e-03,3.169085539411753416e-05,0.000000000000000000e+00,0.000000000000000000e+00
3.308206051588058472e-02,3.019313095137476921e-03,2.888928975153248757e-05,0.000000000000000000e+00,0.000000000000000000e+00
2.829383499920368195e-02,2.598715480417013168e-03,2.306679743924178183e-05,0.000000000000000000e+00,0.000000000000000000e+00
3.404006734490394592e-02,3.142489586025476456e-03,2.615173434605821967e-05,0.000000000000000000e+00,0.000000000000000000e+00
3.221402689814567566e-02,2.950629685074090958e-03,2.707729254325386137e-05,0.000000000000000000e+00,0.000000000000000000e+00
3.236251324415206909e-02,3.022057935595512390e-03,2.141935692634433508e-05,0.000000000000000000e+00,0.000000000000000000e+00
3.306825086474418640e-02,3.055348526686429977e-03,2.514764855732209980e-05,0.000000000000000000e+00,0.000000000000000000e+00
3.024634532630443573e-02,2.773559419438242912e-03,2.510750346118584275e-05,0.000000000000000000e+00,0.000000000000000000e+00
3.467248007655143738e-02,3.245278261601924896e-03,2.219696398242376745e-05,0.000000000000000000e+00,0.000000000000000000e+00
3.210554644465446472e-02,2.977021969854831696e-03,2.335327735636383295e-05,0.000000000000000000e+00,0.000000000000000000e+00
2.815183810889720917e-02,2.606304828077554703e-03,2.088790643028914928e-05,0.000000000000000000e+00,0.000000000000000000e+00
3.422049805521965027e-02,3.188756294548511505e-03,2.332938311155885458e-05,0.000000000000000000e+00,0.000000000000000000e+00
2.850155346095561981e-02,2.660037484019994736e-03,1.901176983665209264e-05,0.000000000000000000e+00,0.000000000000000000e+00
2.623544819653034210e-02,2.395863179117441177e-03,2.276817576785106212e-05,0.000000000000000000e+00,0.000000000000000000e+00
2.448173239827156067e-02,2.247087657451629639e-03,2.010856223932933062e-05,0.000000000000000000e+00,0.000000000000000000e+00
2.569275721907615662e-02,2.437988761812448502e-03,1.312870608671801165e-05,0.000000000000000000e+00,0.000000000000000000e+00
2.811350487172603607e-02,2.493715379387140274e-03,3.176352765876799822e-05,0.000000000000000000e+00,0.000000000000000000e+00
2.677686698734760284e-02,2.347616478800773621e-03,3.300702519482001662e-05,0.000000000000000000e+00,0.000000000000000000e+00
2.928481996059417725e-02,2.791599603369832039e-03,1.368823723169043660e-05,0.000000000000000000e+00,0.000000000000000000e+00
3.547689691185951233e-02,3.335276152938604355e-03,2.124135244230274111e-05,0.000000000000000000e+00,0.000000000000000000e+00
2.886630967259407043e-02,2.666219137609004974e-03,2.204117481596767902e-05,0.000000000000000000e+00,0.000000000000000000e+00
3.119961731135845184e-02,2.909786067903041840e-03,2.101756399497389793e-05,0.000000000000000000e+00,0.000000000000000000e+00
3.370846435427665710e-02,3.174751996994018555e-03,1.960942972800694406e-05,0.000000000000000000e+00,0.000000000000000000e+00
2.848278731107711792e-02,2.591651165857911110e-03,2.566276998550165445e-05,0.000000000000000000e+00,0.000000000000000000e+00
2.441816776990890503e-02,2.281817141920328140e-03,1.599996539880521595e-05,0.000000000000000000e+00,0.000000000000000000e+00
3.091201744973659515e-02,2.959526842460036278e-03,1.316748512181220576e-05,0.000000000000000000e+00,0.000000000000000000e+00
2.981768175959587097e-02,2.680459059774875641e-03,3.013092100445646793e-05,0.000000000000000000e+00,0.000000000000000000e+00
3.244493901729583740e-02,3.090354148298501968e-03,1.541398887638933957e-05,0.000000000000000000e+00,0.000000000000000000e+00
2.487089112401008606e-02,2.142557408660650253e-03,3.445316178840585053e-05,0.000000000000000000e+00,0.000000000000000000e+00
3.058052994310855865e-02,2.806134987622499466e-03,2.519181362004019320e-05,0.000000000000000000e+00,0.000000000000000000e+00
2.860886417329311371e-02,2.668325789272785187e-03,1.925606193253770471e-05,0.000000000000000000e+00,0.000000000000000000e+00
2.792734839022159576e-02,2.570104319602251053e-03,2.226305878139100969e-05,0.000000000000000000e+00,0.000000000000000000e+00
3.242131322622299194e-02,2.875378821045160294e-03,3.667525743367150426e-05,0.000000000000000000e+00,0.000000000000000000e+00
2.784855104982852936e-02,2.411643043160438538e-03,3.732120603672228754e-05,0.000000000000000000e+00,0.000000000000000000e+00
2.808802202343940735e-02,2.624084707349538803e-03,1.847174644353799522e-05,0.000000000000000000e+00,0.000000000000000000e+00
3.201965615153312683e-02,2.947237808257341385e-03,2.547278199926950037e-05,0.000000000000000000e+00,0.000000000000000000e+00
3.088434971868991852e-02,2.932214178144931793e-03,1.562207398819737136e-05,0.000000000000000000e+00,0.000000000000000000e+00
2.764412201941013336e-02,2.574822399765253067e-03,1.895898640213999897e-05,0.000000000000000000e+00,0.000000000000000000e+00
3.002743795514106750e-02,2.806206699460744858e-03,1.965369301615282893e-05,0.000000000000000000e+00,0.000000000000000000e+00
2.913809008896350861e-02,2.766064368188381195e-03,1.477445766795426607e-05,0.000000000000000000e+00,0.000000000000000000e+00
2.853175625205039978e-02,2.588186645880341530e-03,2.649890666361898184e-05,0.000000000000000000e+00,0.000000000000000000e+00
3.062626719474792480e-02,2.839381806552410126e-03,2.232449696748517454e-05,0.000000000000000000e+00,0.000000000000000000e+00
2.468299493193626404e-02,2.251547295600175858e-03,2.167523780371993780e-05,0.000000000000000000e+00,0.000000000000000000e+00
2.531575784087181091e-02,2.361779101192951202e-03,1.697966217761859298e-05,0.000000000000000000e+00,0.000000000000000000e+00
3.214105963706970215e-02,2.849160926416516304e-03,3.649452264653518796e-05,0.000000000000000000e+00,0.000000000000000000e+00
3.131183981895446777e-02,2.776751294732093811e-03,3.544327046256512403e-05,0.000000000000000000e+00,0.000000000000000000e+00
2.742690779268741608e-02,2.484699711203575134e-03,2.579910869826562703e-05,0.000000000000000000e+00,0.000000000000000000e+00
2.929752878844738007e-02,2.766454126685857773e-03,1.632986277400050312e-05,0.000000000000000000e+00,0.000000000000000000e+00
2.860520593822002411e-02,2.652889117598533630e-03,2.076314376608934253e-05,0.000000000000000000e+00,0.000000000000000000e+00
2.543720602989196777e-02,2.408953383564949036e-03,1.347672514384612441e-05,0.000000000000000000e+00,0.000000000000000000e+00
2.531740069389343262e-02,2.243939321488142014e-03,2.878006125683896244e-05,0.000000000000000000e+00,0.000000000000000000e+00
2.828612178564071655e-02,2.597969491034746170e-03,2.306427995790727437e-05,0.000000000000000000e+00,0.000000000000000000e+00
2.753477916121482849e-02,2.516500884667038918e-03,2.369770663790404797e-05,0.000000000000000000e+00,0.000000000000000000e+00
2.254449576139450073e-02,1.997390529140830040e-03,2.570590731920674443e-05,0.000000000000000000e+00,0.000000000000000000e+00
2.894298546016216278e-02,2.728242892771959305e-03,1.660557609284296632e-05,0.000000000000000000e+00,0.000000000000000000e+00
2.401019632816314697e-02,2.216551452875137329e-03,1.844681173679418862e-05,0.000000000000000000e+00,0.000000000000000000e+00
2.543125301599502563e-02,2.388023771345615387e-03,1.551016248413361609e-05,0.000000000000000000e+00,0.000000000000000000e+00
2.636210806667804718e-02,2.409075386822223663e-03,2.271354787808377296e-05,0.000000000000000000e+00,0.000000000000000000e+00
2.594904974102973938e-02,2.403600607067346573e-03,1.913044252432882786e-05,0.000000000000000000e+00,0.000000000000000000e+00
2.894540876150131226e-02,2.695864299312233925e-03,1.986765710171312094e-05,0.000000000000000000e+00,0.000000000000000000e+00
2.452957443892955780e-02,2.314271638169884682e-03,1.386858093610499054e-05,0.000000000000000000e+00,0.000000000000000000e+00
2.746146172285079956e-02,2.536592539399862289e-03,2.095534728141501546e-05,0.000000000000000000e+00,0.000000000000000000e+00
2.452927641570568085e-02,2.328454516828060150e-03,1.244730992766562849e-05,0.000000000000000000e+00,0.000000000000000000e+00
2.201477438211441040e-02,2.071975264698266983e-03,1.295022047997917980e-05,0.000000000000000000e+00,0.000000000000000000e+00
3.040615841746330261e-02,2.824664115905761719e-03,2.159517680411227047e-05,0.000000000000000000e+00,0.000000000000000000e+00
2.208651043474674225e-02,2.097866963595151901e-03,1.107839852920733392e-05,0.000000000000000000e+00,0.000000000000000000e+00
2.333483658730983734e-02,2.145753474906086922e-03,1.877302565844729543e-05,0.000000000000000000e+00,0.000000000000000000e+00
2.438210137188434601e-02,2.274611033499240875e-03,1.635991429793648422e-05,0.000000000000000000e+00,0.000000000000000000e+00
2.150205522775650024e-02,2.035374986007809639e-03,1.148306546383537352e-05,0.000000000000000000e+00,0.000000000000000000e+00
2.845257520675659180e-02,2.466104691848158836e-03,3.791526978602632880e-05,0.000000000000000000e+00,0.000000000000000000e+00
2.762501314282417297e-02,2.409959677606821060e-03,3.525416832417249680e-05,0.000000000000000000e+00,0.000000000000000000e+00
2.294090390205383301e-02,2.161114010959863663e-03,1.329765655100345612e-05,0.000000000000000000e+00,0.000000000000000000e+00
2.547887712717056274e-02,2.333657350391149521e-03,2.142301673302426934e-05,0.000000000000000000e+00,0.000000000000000000e+00
2.368608489632606506e-02,2.205621916800737381e-03,1.629865801078267395e-05,0.000000000000000000e+00,0.000000000000000000e+00
2.715346217155456543e-02,2.566111274063587189e-03,1.492350020271260291e-05,0.000000000000000000e+00,0.000000000000000000e+00
2.315318211913108826e-02,2.094367519021034241e-03,2.209507147199474275e-05,0.000000000000000000e+00,0.000000000000000000e+00
2.501325681805610657e-02,2.347918692976236343e-03,1.534071634523570538e-05,0.000000000000000000e+00,0.000000000000000000e+00
2.320569008588790894e-02,2.108735730871558189e-03,2.118331940437201411e-05,0.000000000000000000e+00,0.000000000000000000e+00
2.386492863297462463e-02,2.206666395068168640e-03,1.798264202079735696e-05,0.000000000000000000e+00,0.000000000000000000e+00
2.741416357457637787e-02,2.490689978003501892e-03,2.507263161533046514e-05,0.000000000000000000e+00,0.000000000000000000e+00
2.322088554501533508e-02,2.132237888872623444e-03,1.898507252917625010e-05,0.000000000000000000e+00,0.000000000000000000e+00
2.478518337011337280e-02,2.324853558093309402e-03,1.536648051114752889e-05,0.000000000000000000e+00,0.000000000000000000e+00
2.409878186881542206e-02,2.167454687878489494e-03,2.424234116915613413e-05,0.000000000000000000e+00,0.000000000000000000e+00
2.393167465925216675e-02,2.166836755350232124e-03,2.263307032990269363e-05,0.000000000000000000e+00,0.000000000000000000e+00
2.863314002752304077e-02,2.627059351652860641e-03,2.362546001677401364e-05,0.000000000000000000e+00,0.000000000000000000e+00
2.400938235223293304e-02,2.241672482341527939e-03,1.592657281435094774e-05,0.000000000000000000e+00,0.000000000000000000e+00
2.312267385423183441e-02,2.028065267950296402e-03,2.842022877302952111e-05,0.000000000000000000e+00,0.000000000000000000e+00
2.659827284514904022e-02,2.484797034412622452e-03,1.750303636072203517e-05,0.000000000000000000e+00,0.000000000000000000e+00
2.573526278138160706e-02,2.257265849038958549e-03,3.162604843964800239e-05,0.000000000000000000e+00,0.000000000000000000e+00
2.670094929635524750e-02,2.318331738933920860e-03,3.517630830174311996e-05,0.000000000000000000e+00,0.000000000000000000e+00
2.129985392093658447e-02,2.001974498853087425e-03,1.280108335777185857e-05,0.000000000000000000e+00,0.000000000000000000e+00
1.934689283370971680e-02,1.764638465829193592e-03,1.700507345958612859e-05,0.000000000000000000e+00,0.000000000000000000e+00
2.629071287810802460e-02,2.466737292706966400e-03,1.623339994694106281e-05,0.000000000000000000e+00,0.000000000000000000e+00
2.079482562839984894e-02,1.946377800777554512e-03,1.331048952124547213e-05,0.000000000000000000e+00,0.000000000000000000e+00
1.993373781442642212e-02,1.722552464343607426e-03,2.708214196900371462e-05,0.000000000000000000e+00,0.000000000000000000e+00
2.355991490185260773e-02,2.068544737994670868e-03,2.874467827496118844e-05,0.000000000000000000e+00,0.000000000000000000e+00
2.302388101816177368e-02,2.123278332874178886e-03,1.791097747627645731e-05,0.000000000000000000e+00,0.000000000000000000e+00
2.365192957222461700e-02,2.211128361523151398e-03,1.540646553621627390e-05,0.000000000000000000e+00,0.000000000000000000e+00
2.015380561351776123e-02,1.807727850973606110e-03,2.076526470773387700e-05,0.000000000000000000e+00,0.000000000000000000e+00
2.479978092014789581e-02,2.348410431295633316e-03,1.315677764068823308e-05,0.000000000000000000e+00,0.000000000000000000e+00
2.410436049103736877e-02,2.212992170825600624e-03,1.974440237972885370e-05,0.000000000000000000e+00,0.000000000000000000e+00
2.498503215610980988e-02,2.351166680455207825e-03,1.473364682169631124e-05,0.000000000000000000e+00,0.000000000000000000e+00
2.472285553812980652e-02,2.195438370108604431e-03,2.768471495073754340e-05,0.000000000000000000e+00,0.000000000000000000e+00
2.083698101341724396e-02,1.870518084615468979e-03,2.131798646587412804e-05,0.000000000000000000e+00,0.000000000000000000e+00
2.418741770088672638e-02,2.208141842857003212e-03,2.106000101775862277e-05,0.000000000000000000e+00,0.000000000000000000e+00
2.445778809487819672e-02,2.216446446254849434e-03,2.293323632329702377e-05,0.000000000000000000e+00,0.000000000000000000e+00
2.457427233457565308e-02,2.239967230707406998e-03,2.174600740545429289e-05,0.000000000000000000e+00,0.000000000000000000e+00
2.007759921252727509e-02,1.806797459721565247e-03,2.009624222409911454e-05,0.000000000000000000e+00,0.000000000000000000e+00
2.397843077778816223e-02,2.078117802739143372e-03,3.197252954123541713e-05,0.000000000000000000e+00,0.000000000000000000e+00
2.207850478589534760e-02,1.947211334481835365e-03,2.606391535664442927e-05,0.000000000000000000e+00,0.000000000000000000e+00
2.344979159533977509e-02,2.174883149564266205e-03,1.700960638117976487e-05,0.000000000000000000e+00,0.000000000000000000e+00
2.476586401462554932e-02,2.269342541694641113e-03,2.072438473987858742e-05,0.000000000000000000e+00,0.000000000000000000e+00
2.476801536977291107e-02,2.290525939315557480e-03,1.862755198089871556e-05,0.000000000000000000e+00,0.000000000000000000e+00
1.933062449097633362e-02,1.765044755302369595e-03,1.680176319496240467e-05,0.000000000000000000e+00,0.000000000000000000e+00
2.065945044159889221e-02,1.825834740884602070e-03,2.401101482973899692e-05,0.000000000000000000e+00,0.000000000000000000e+00
2.235194854438304901e-02,2.105153165757656097e-03,1.300416079175192863e-05,0.000000000000000000e+00,0.000000000000000000e+00
2.315977588295936584e-02,1.969473902136087418e-03,3.465037661953829229e-05,0.000000000000000000e+00,0.000000000000000000e+00
2.222304232418537140e-02,1.883881515823304653e-03,3.384226874914020300e-05,0.000000000000000000e+00,0.000000000000000000e+00
2.066073752939701080e-02,1.914459280669689178e-03,1.516144948254805058e-05,0.000000000000000000e+00,0.000000000000000000e+00
2.610875852406024933e-02,2.317659324035048485e-03,2.932164352387189865e-05,0.000000000000000000e+00,0.000000000000000000e+00
2.415015548467636108e-02,2.182534895837306976e-03,2.324807064724154770e-05,0.000000000000000000e+00,0.000000000000000000e+00
2.733447961509227753e-02,2.513229846954345703e-03,2.202180621679872274e-05,0.000000000000000000e+00,0.000000000000000000e+00
2.050269395112991333e-02,1.871933927759528160e-03,1.783353218343108892e-05,0.000000000000000000e+00,0.000000000000000000e+00
2.475961297750473022e-02,2.262213034555315971e-03,2.137481169484090060e-05,0.000000000000000000e+00,0.000000000000000000e+00
2.300238050520420074e-02,2.127254381775856018e-03,1.729836367303505540e-05,0.000000000000000000e+00,0.000000000000000000e+00
2.410369180142879486e-02,2.206249628216028214e-03,2.041197149083018303e-05,0.000000000000000000e+00,0.000000000000000000e+00
2.054650522768497467e-02,1.844864571467041969e-03,2.097859942296054214e-05,0.000000000000000000e+00,0.000000000000000000e+00
1.776061579585075378e-02,1.598787028342485428e-03,1.772747418726794422e-05,0.000000000000000000e+00,0.000000000000000000e+00
2.060921676456928253e-02,1.896495465189218521e-03,1.644262738409452140e-05,0.000000000000000000e+00,0.000000000000000000e+00
2.013371139764785767e-02,1.794562791474163532e-03,2.188083090004511178e-05,0.000000000000000000e+00,0.000000000000000000e+00
2.112702094018459320e-02,1.968467608094215393e-03,1.442344728275202215e-05,0.000000000000000000e+00,0.000000000000000000e+00
2.213669009506702423e-02,1.969448290765285492e-03,2.442207005515228957e-05,0.000000000000000000e+00,0.000000000000000000e+00
2.121425978839397430e-02,1.891885651275515556e-03,2.295402555319014937e-05,0.000000000000000000e+00,0.000000000000000000e+00
2.060065418481826782e-02,1.900325878523290157e-03,1.597395385033451021e-05,0.000000000000000000e+00,0.000000000000000000e+00
1.805968582630157471e-02,1.622009440325200558e-03,1.839591459429357201e-05,0.000000000000000000e+00,0.000000000000000000e+00
2.156743407249450684e-02,2.004445763304829597e-03,1.522976708656642586e-05,0.000000000000000000e+00,0.000000000000000000e+00
2.429217845201492310e-02,2.273999387398362160e-03,1.552184767206199467e-05,0.000000000000000000e+00,0.000000000000000000e+00
2.044779062271118164e-02,1.906680176034569740e-03,1.380989124299958348e-05,0.000000000000000000e+00,0.000000000000000000e+00
1.996541023254394531e-02,1.905600656755268574e-03,9.094026609091088176e-06,0.000000000000000000e+00,0.000000000000000000e+00
2.434144541621208191e-02,2.206245902925729752e-03,2.278987449244596064e-05,0.000000000000000000e+00,0.000000000000000000e+00
2.108310535550117493e-02,1.974441111087799072e-03,1.338695165031822398e-05,0.000000000000000000e+00,0.000000000000000000e+00
2.178319357335567474e-02,1.909093931317329407e-03,2.692254201974719763e-05,0.000000000000000000e+00,0.000000000000000000e+00
2.117613703012466431e-02,1.835691509768366814e-03,2.819221663230564445e-05,0.000000000000000000e+00,0.000000000000000000e+00
2.042439021170139313e-02,1.885212375782430172e-03,1.572266046423465014e-05,0.000000000000000000e+00,0.000000000000000000e+00
2.223370783030986786e-02,2.025459893047809601e-03,1.979108856176026165e-05,0.000000000000000000e+00,0.000000000000000000e+00
2.263254672288894653e-02,2.096641808748245239e-03,1.666128082433715463e-05,0.000000000000000000e+00,0.000000000000000000e+00
2.136458829045295715e-02,1.975941471755504608e-03,1.605172656127251685e-05,0.000000000000000000e+00,0.000000000000000000e+00
2.240068092942237854e-02,2.078985795378684998e-03,1.610822073416784406e-05,0.000000000000000000e+00,0.000000000000000000e+00
1.600703783333301544e-02,1.452595926821231842e-03,1.481079016230069101e-05,0.000000000000000000e+00,0.000000000000000000e+00
2.186996489763259888e-02,2.016922691836953163e-03,1.700737630017101765e-05,0.000000000000000000e+00,0.000000000000000000e+00
2.208823151886463165e-02,2.084734151139855385e-03,1.240890105691505596e-05,0.000000000000000000e+00,0.000000000000000000e+00
2.134056575596332550e-02,1.712135039269924164e-03,4.219215043121948838e-05,0.000000000000000000e+00,0.000000000000000000e+00
2.245627343654632568e-02,1.715077785775065422e-03,5.305494414642453194e-05,0.000000000000000000e+00,0.000000000000000000e+00
1.843707635998725891e-02,1.713047968223690987e-03,1.306597641814732924e-05,0.000000000000000000e+00,0.000000000000000000e+00
2.206706255674362183e-02,1.719848485663533211e-03,4.868577525485306978e-05,0.000000000000000000e+00,0.000000000000000000e+00
2.683336101472377777e-02,1.991927856579422951e-03,6.914083496667444706e-05,0.000000000000000000e+00,0.000000000000000000e+00
2.809556387364864349e-02,2.561888191848993301e-03,2.476683221175335348e-05,0.000000000000000000e+00,0.000000000000000000e+00
1.885765604674816132e-02,1.640387810766696930e-03,2.453777597111184150e-05,0.000000000000000000e+00,0.000000000000000000e+00
2.219760790467262268e-02,1.760906307026743889e-03,4.588543379213660955e-05,0.000000000000000000e+00,0.000000000000000000e+00
2.246644161641597748e-02,2.044349210336804390e-03,2.022950502578169107e-05,0.000000000000000000e+00,0.000000000000000000e+00
2.682251110672950745e-02,2.393394708633422852e-03,2.888564267777837813e-05,0.000000000000000000e+00,0.000000000000000000e+00
2.107429504394531250e-02,1.784137450158596039e-03,3.232919698348268867e-05,0.000000000000000000e+00,0.000000000000000000e+00
1.798268035054206848e-02,1.646884949877858162e-03,1.513831193733494729e-05,0.000000000000000000e+00,0.000000000000000000e+00
1.910249702632427216e-02,1.684768125414848328e-03,2.254815990454517305e-05,0.000000000000000000e+00,0.000000000000000000e+00
2.157572284340858459e-02,2.002767520025372505e-03,1.548048385302536190e-05,0.000000000000000000e+00,0.000000000000000000e+00
2.183043956756591797e-02,1.918841851875185966e-03,2.642020990606397390e-05,0.000000000000000000e+00,0.000000000000000000e+00
2.067877724766731262e-02,1.883763121441006660e-03,1.841146149672567844e-05,0.000000000000000000e+00,0.000000000000000000e+00
1.975332945585250854e-02,1.684111542999744415e-03,2.912214404204860330e-05,0.000000000000000000e+00,0.000000000000000000e+00
1.996716670691967010e-02,1.639621448703110218e-03,3.570952321751974523e-05,0.000000000000000000e+00,0.000000000000000000e+00
1.460001617670059204e-02,1.344670774415135384e-03,1.153308949142228812e-05,0.000000000000000000e+00,0.000000000000000000e+00
2.273300290107727051e-02,2.002490917220711708e-03,2.708094143599737436e-05,0.000000000000000000e+00,0.000000000000000000e+00
2.202793397009372711e-02,1.970638521015644073e-03,2.321548163308762014e-05,0.000000000000000000e+00,0.000000000000000000e+00
2.032197825610637665e-02,1.672348589636385441e-03,3.598492912715300918e-05,0.000000000000000000e+00,0.000000000000000000e+00
1.775528676807880402e-02,1.438760431483387947e-03,3.367683530086651444e-05,0.000000000000000000e+00,0.000000000000000000e+00
1.434560678899288177e-02,1.296949107199907303e-03,1.376115233142627403e-05,0.000000000000000000e+00,0.000000000000000000e+00
2.395158261060714722e-02,2.096490468829870224e-03,2.986676372529473156e-05,0.000000000000000000e+00,0.000000000000000000e+00
2.181808277964591980e-02,1.939480891451239586e-03,2.423274054308421910e-05,0.000000000000000000e+00,0.000000000000000000e+00
2.200864069163799286e-02,2.073117066174745560e-03,1.277470892091514543e-05,0.000000000000000000e+00,0.000000000000000000e+00
1.936895214021205902e-02,1.759392907842993736e-03,1.775021883076988161e-05,0.000000000000000000e+00,0.000000000000000000e+00
2.368561178445816040e-02,2.114580012857913971e-03,2.539811976021155715e-05,0.000000000000000000e+00,0.000000000000000000e+00
2.133140899240970612e-02,1.932032871991395950e-03,2.011080869124270976e-05,0.000000000000000000e+00,0.000000000000000000e+00
1.763361692428588867e-02,1.611844520084559917e-03,1.515173244115430862e-05,0.000000000000000000e+00,0.000000000000000000e+00
1.965362019836902618e-02,1.815754338167607784e-03,1.496076583862304688e-05,0.000000000000000000e+00,0.000000000000000000e+00
1.793618500232696533e-02,1.686682808212935925e-03,1.069357494998257607e-05,0.000000000000000000e+00,0.000000000000000000e+00
1.832832209765911102e-02,1.711382996290922165e-03,1.214490566781023517e-05,0.000000000000000000e+00,0.000000000000000000e+00
2.239836752414703369e-02,2.058093901723623276e-03,1.817427983041852713e-05,0.000000000000000000e+00,0.000000000000000000e+00
1.867278851568698883e-02,1.740679610520601273e-03,1.265992978005670011e-05,0.000000000000000000e+00,0.000000000000000000e+00
1.673240214586257935e-02,1.489783986471593380e-03,1.834562499425373971e-05,0.000000000000000000e+00,0.000000000000000000e+00
1.969600096344947815e-02,1.846297993324697018e-03,1.233020975632825866e-05,0.000000000000000000e+00,0.000000000000000000e+00
2.046336606144905090e-02,1.882317126728594303e-03,1.640194750507362187e-05,0.000000000000000000e+00,0.000000000000000000e+00
1.704451255500316620e-02,1.586459577083587646e-03,1.179916398541536182e-05,0.000000000000000000e+00,0.000000000000000000e+00
1.822668500244617462e-02,1.702267676591873169e-03,1.204007821797858924e-05,0.000000000000000000e+00,0.000000000000000000e+00
1.934855803847312927e-02,1.792082097381353378e-03,1.427737061021616682e-05,0.000000000000000000e+00,0.000000000000000000e+00
1.781425252556800842e-02,1.689536380581557751e-03,9.188903277390636504e-06,0.000000000000000000e+00,0.000000000000000000e+00
1.524466276168823242e-02,1.389918383210897446e-03,1.345479176961816847e-05,0.000000000000000000e+00,0.000000000000000000e+00
1.725189015269279480e-02,1.614494714885950089e-03,1.106943000195315108e-05,0.000000000000000000e+00,0.000000000000000000e+00
1.991333439946174622e-02,1.859921030700206757e-03,1.314123983320314437e-05,0.000000000000000000e+00,0.000000000000000000e+00
1.947851851582527161e-02,1.805279171094298363e-03,1.425726259185466915e-05,0.000000000000000000e+00,0.000000000000000000e+00
1.610707305371761322e-02,1.530115376226603985e-03,8.059183528530411422e-06,0.000000000000000000e+00,0.000000000000000000e+00
1.797113195061683655e-02,1.545126084238290787e-03,2.519871668482664973e-05,0.000000000000000000e+00,0.000000000000000000e+00
2.052424289286136627e-02,1.869364059530198574e-03,1.830601468100212514e-05,0.000000000000000000e+00,0.000000000000000000e+00
1.852264627814292908e-02,1.630652695894241333e-03,2.216120265075005591e-05,0.000000000000000000e+00,0.000000000000000000e+00
1.971094124019145966e-02,1.754012191668152809e-03,2.170819607272278517e-05,0.000000000000000000e+00,0.000000000000000000e+00
1.816164329648017883e-02,1.693664002232253551e-03,1.225004325533518568e-05,0.000000000000000000e+00,0.000000000000000000e+00
1.698400825262069702e-02,1.559481606818735600e-03,1.389192402712069452e-05,0.000000000000000000e+00,0.000000000000000000e+00
1.770316436886787415e-02,1.638649264350533485e-03,1.316673115070443600e-05,0.000000000000000000e+00,0.000000000000000000e+00
1.663913019001483917e-02,1.559837372042238712e-03,1.040757160808425397e-05,0.000000000000000000e+00,0.000000000000000000e+00
1.710320822894573212e-02,1.490474329330027103e-03,2.198465881519950926e-05,0.000000000000000000e+00,0.000000000000000000e+00
2.115736715495586395e-02,1.930159400217235088e-03,1.855773189163301140e-05,0.000000000000000000e+00,0.000000000000000000e+00
1.804366335272789001e-02,1.634672633372247219e-03,1.696937033557333052e-05,0.000000000000000000e+00,0.000000000000000000e+00
1.980181224644184113e-02,1.825831946916878223e-03,1.543492544442415237e-05,0.000000000000000000e+00,0.000000000000000000e+00
1.974848471581935883e-02,1.815491588786244392e-03,1.593568595126271248e-05,0.000000000000000000e+00,0.000000000000000000e+00
1.655553281307220459e-02,1.519798650406301022e-03,1.357545806968118995e-05,0.000000000000000000e+00,0.000000000000000000e+00
1.814181357622146606e-02,1.626957440748810768e-03,1.872239408839959651e-05,0.000000000000000000e+00,0.000000000000000000e+00
2.058046683669090271e-02,1.936766901053488255e-03,1.212797724292613566e-05,0.000000000000000000e+00,0.000000000000000000e+00
1.679464057087898254e-02,1.454986399039626122e-03,2.244775168946944177e-05,0.000000000000000000e+00,0.000000000000000000e+00
1.817856915295124054e-02,1.575830043293535709e-03,2.420269265712704509e-05,0.000000000000000000e+00,0.000000000000000000e+00
1.789546385407447815e-02,1.662462716922163963e-03,1.270836946787312627e-05,0.000000000000000000e+00,0.000000000000000000e+00
1.721959561109542847e-02,1.524045364931225777e-03,1.979142507479991764e-05,0.000000000000000000e+00,0.000000000000000000e+00
1.450674235820770264e-02,1.329821418039500713e-03,1.208528010465670377e-05,0.000000000000000000e+00,0.000000000000000000e+00
1.834692806005477905e-02,1.628172001801431179e-03,2.065208536805585027e-05,0.000000000000000000e+00,0.000000000000000000e+00
1.925981231033802032e-02,1.782187959179282188e-03,1.437932041881140321e-05,0.000000000000000000e+00,0.000000000000000000e+00
1.689039915800094604e-02,1.501396531239151955e-03,1.876433816505596042e-05,0.000000000000000000e+00,0.000000000000000000e+00
1.554996799677610397e-02,1.343846553936600685e-03,2.111503090418409556e-05,0.000000000000000000e+00,0.000000000000000000e+00
1.818362064659595490e-02,1.696103950962424278e-03,1.222580613102763891e-05,0.000000000000000000e+00,0.000000000000000000e+00
1.897190697491168976e-02,1.694478443823754787e-03,2.027122900472022593e-05,0.000000000000000000e+00,0.000000000000000000e+00
1.758627034723758698e-02,1.646671211346983910e-03,1.119557236961554736e-05,0.000000000000000000e+00,0.000000000000000000e+00
2.093492075800895691e-02,1.988931326195597649e-03,1.045607587002450600e-05,0.000000000000000000e+00,0.000000000000000000e+00
1.845694892108440399e-02,1.711358316242694855e-03,1.343365602224366739e-05,0.000000000000000000e+00,0.000000000000000000e+00
1.574153639376163483e-02,1.477306708693504333e-03,9.684687938715796918e-06,0.000000000000000000e+00,0.000000000000000000e+00
1.704239286482334137e-02,1.517640543170273304e-03,1.865987360361032188e-05,0.000000000000000000e+00,0.000000000000000000e+00
1.698531024158000946e-02,1.572851673699915409e-03,1.256793620996177197e-05,0.000000000000000000e+00,0.000000000000000000e+00
1.515048556029796600e-02,1.348102814517915249e-03,1.669456833042204380e-05,0.000000000000000000e+00,0.000000000000000000e+00
1.587976701557636261e-02,1.431833836250007153e-03,1.561428689456079155e-05,0.000000000000000000e+00,0.000000000000000000e+00
1.611935347318649292e-02,1.446085865609347820e-03,1.658493602008093148e-05,0.000000000000000000e+00,0.000000000000000000e+00
1.773093082010746002e-02,1.614409615285694599e-03,1.586833968758583069e-05,0.000000000000000000e+00,0.000000000000000000e+00
1.501407101750373840e-02,1.368359080515801907e-03,1.330480154138058424e-05,0.000000000000000000e+00,0.000000000000000000e+00
1.527691166847944260e-02,1.403675880283117294e-03,1.240153051185188815e-05,0.000000000000000000e+00,0.000000000000000000e+00
1.988559961318969727e-02,1.833837479352951050e-03,1.547225474496372044e-05,0.000000000000000000e+00,0.000000000000000000e+00
1.793227531015872955e-02,1.660305075347423553e-03,1.329223778157029301e-05,0.000000000000000000e+00,0.000000000000000000e+00
1.561314612627029419e-02,1.398228108882904053e-03,1.630865517654456198e-05,0.000000000000000000e+00,0.000000000000000000e+00
2.156386524438858032e-02,2.008740790188312531e-03,1.476457418903009966e-05,0.000000000000000000e+00,0.000000000000000000e+00
1.990758255124092102e-02,1.815924304537475109e-03,1.748340946505777538e-05,0.000000000000000000e+00,0.000000000000000000e+00
2.020659483969211578e-02,1.870683627203106880e-03,1.499759127909783274e-05,0.000000000000000000e+00,0.000000000000000000e+00
1.704705692827701569e-02,1.485006418079137802e-03,2.196991954406257719e-05,0.000000000000000000e+00,0.000000000000000000e+00
1.506034936755895615e-02,1.348500489257276058e-03,1.575344504090026021e-05,0.000000000000000000e+00,0.000000000000000000e+00
1.769839785993099213e-02,1.549682579934597015e-03,2.201572533522266895e-05,0.000000000000000000e+00,0.000000000000000000e+00
1.746694743633270264e-02,1.563879428431391716e-03,1.828152016969397664e-05,0.000000000000000000e+00,0.000000000000000000e+00
1.899196207523345947e-02,1.723850960843265057e-03,1.753454125719144940e-05,0.000000000000000000e+00,0.000000000000000000e+00
1.771841570734977722e-02,1.576561247929930687e-03,1.952802995219826698e-05,0.000000000000000000e+00,0.000000000000000000e+00
1.577551290392875671e-02,1.477649318985641003e-03,9.990200851461850107e-06,0.000000000000000000e+00,0.000000000000000000e+00
1.431793719530105591e-02,1.190326875075697899e-03,2.414667505945544690e-05,0.000000000000000000e+00,0.000000000000000000e+00
1.916877366602420807e-02,1.741431420668959618e-03,1.754458935465663671e-05,0.000000000000000000e+00,0.000000000000000000e+00
1.677670143544673920e-02,1.516349380835890770e-03,1.613206768524833024e-05,0.000000000000000000e+00,0.000000000000000000e+00
1.657228730618953705e-02,1.478444901295006275e-03,1.787837936717551202e-05,0.000000000000000000e+00,0.000000000000000000e+00
1.560732163488864899e-02,1.406246563419699669e-03,1.544855695101432502e-05,0.000000000000000000e+00,0.000000000000000000e+00
1.585130579769611359e-02,1.486374181695282459e-03,9.875649084278848022e-06,0.000000000000000000e+00,0.000000000000000000e+00
1.476774923503398895e-02,1.262591453269124031e-03,2.141835466318298131e-05,0.000000000000000000e+00,0.000000000000000000e+00
1.767697371542453766e-02,1.591687090694904327e-03,1.760102168191224337e-05,0.000000000000000000e+00,0.000000000000000000e+00
1.818340271711349487e-02,1.629324746318161488e-03,1.890155544970184565e-05,0.000000000000000000e+00,0.000000000000000000e+00
1.442428212612867355e-02,1.244008890353143215e-03,1.984193295356817544e-05,0.000000000000000000e+00,0.000000000000000000e+00
1.603643037378787994e-02,1.454926794394850731e-03,1.487161989643936977e-05,0.000000000000000000e+00,0.000000000000000000e+00
1.646287925541400909e-02,1.494967262260615826e-03,1.513206188974436373e-05,0.000000000000000000e+00,0.000000000000000000e+00
1.542358100414276123e-02,1.407997217029333115e-03,1.343609346804441884e-05,0.000000000000000000e+00,0.000000000000000000e+00
1.426798664033412933e-02,1.298766816034913063e-03,1.280318520002765581e-05,0.000000000000000000e+00,0.000000000000000000e+00
1.421155314892530441e-02,1.320036128163337708e-03,1.011191670841071755e-05,0.000000000000000000e+00,0.000000000000000000e+00
1.557365339249372482e-02,1.349971862509846687e-03,2.073935320368036628e-05,0.000000000000000000e+00,0.000000000000000000e+00
1.684588938951492310e-02,1.527607208117842674e-03,1.569815867696888745e-05,0.000000000000000000e+00,0.000000000000000000e+00
1.667694561183452606e-02,1.446860376745462418e-03,2.208341538789682090e-05,0.000000000000000000e+00,0.000000000000000000e+00
1.710140705108642578e-02,1.539994729682803154e-03,1.701458313618786633e-05,0.000000000000000000e+00,0.000000000000000000e+00
1.398311741650104523e-02,1.281954580917954445e-03,1.163571687357034534e-05,0.000000000000000000e+00,0.000000000000000000e+00
1.390289887785911560e-02,1.287428429350256920e-03,1.028613860398763791e-05,0.000000000000000000e+00,0.000000000000000000e+00
1.678165234625339508e-02,1.508604269474744797e-03,1.695610262686386704e-05,0.000000000000000000e+00,0.000000000000000000e+00
1.716940291225910187e-02,1.595869893208146095e-03,1.210704431287012994e-05,0.000000000000000000e+00,0.000000000000000000e+00
1.573375426232814789e-02,1.330156926997005939e-03,2.432185465295333415e-05,0.000000000000000000e+00,0.000000000000000000e+00
1.493093464523553848e-02,1.252111629582941532e-03,2.409818262094631791e-05,0.000000000000000000e+00,0.000000000000000000e+00
1.463143061846494675e-02,1.332136569544672966e-03,1.310064544668421149e-05,0.000000000000000000e+00,0.000000000000000000e+00
1.742682792246341705e-02,1.566062448546290398e-03,1.766202876751776785e-05,0.000000000000000000e+00,0.000000000000000000e+00
1.865764707326889038e-02,1.748864306136965752e-03,1.169003371614962816e-05,0.000000000000000000e+00,0.000000000000000000e+00
1.462231017649173737e-02,1.241537276655435562e-03,2.206937278970144689e-05,0.000000000000000000e+00,0.000000000000000000e+00
1.728468574583530426e-02,1.511483686044812202e-03,2.169849176425486803e-05,0.000000000000000000e+00,0.000000000000000000e+00
1.674459874629974365e-02,1.541281817480921745e-03,1.331779276370070875e-05,0.000000000000000000e+00,0.000000000000000000e+00
1.428946480154991150e-02,1.318186521530151367e-03,1.107600110117346048e-05,0.000000000000000000e+00,0.000000000000000000e+00
1.755378954112529755e-02,1.569535234011709690e-03,1.858437826740555465e-05,0.000000000000000000e+00,0.000000000000000000e+00
1.435818430036306381e-02,1.310409861616790295e-03,1.254085509572178125e-05,0.000000000000000000e+00,0.000000000000000000e+00
1.554168388247489929e-02,1.370610669255256653e-03,1.835577131714671850e-05,0.000000000000000000e+00,0.000000000000000000e+00
1.669873483479022980e-02,1.520539284683763981e-03,1.493342642788775265e-05,0.000000000000000000e+00,0.000000000000000000e+00
1.767380163073539734e-02,1.647870056331157684e-03,1.195100230688694865e-05,0.000000000000000000e+00,0.000000000000000000e+00
1.515233051031827927e-02,1.336555695161223412e-03,1.786772918421775103e-05,0.000000000000000000e+00,0.000000000000000000e+00
1.489762589335441589e-02,1.385712996125221252e-03,1.040496135829016566e-05,0.000000000000000000e+00,0.000000000000000000e+00
1.869791746139526367e-02,1.674178754910826683e-03,1.956128835445269942e-05,0.000000000000000000e+00,0.000000000000000000e+00
1.481731049716472626e-02,1.356138964183628559e-03,1.255921233678236604e-05,0.000000000000000000e+00,0.000000000000000000e+00
1.856175065040588379e-02,1.679066801443696022e-03,1.771082861523609608e-05,0.000000000000000000e+00,0.000000000000000000e+00
1.481534168124198914e-02,1.318723428994417191e-03,1.628107202122919261e-05,0.000000000000000000e+00,0.000000000000000000e+00
1.599887944757938385e-02,1.460502855479717255e-03,1.393850470776669681e-05,0.000000000000000000e+00,0.000000000000000000e+00
1.572908088564872742e-02,1.438940642401576042e-03,1.339673235634109005e-05,0.000000000000000000e+00,0.000000000000000000e+00
1.530575752258300781e-02,1.382628106512129307e-03,1.479476668464485556e-05,0.000000000000000000e+00,0.000000000000000000e+00
1.443407963961362839e-02,1.302598044276237488e-03,1.408099342370405793e-05,0.000000000000000000e+00,0.000000000000000000e+00
1.885238476097583771e-02,1.694519305601716042e-03,1.907192381622735411e-05,0.000000000000000000e+00,0.000000000000000000e+00
1.658637262880802155e-02,1.483033527620136738e-03,1.756037636369001120e-05,0.000000000000000000e+00,0.000000000000000000e+00
1.694906689226627350e-02,1.499779755249619484e-03,1.951270132849458605e-05,0.000000000000000000e+00,0.000000000000000000e+00
1.756959035992622375e-02,1.609388971701264381e-03,1.475701083109015599e-05,0.000000000000000000e+00,0.000000000000000000e+00
1.361345499753952026e-02,1.225398620590567589e-03,1.359468842565547675e-05,0.000000000000000000e+00,0.000000000000000000e+00
1.503398548811674118e-02,1.338089350610971451e-03,1.653092112974263728e-05,0.000000000000000000e+00,0.000000000000000000e+00
1.573849469423294067e-02,1.411195262335240841e-03,1.626541961741168052e-05,0.000000000000000000e+00,0.000000000000000000e+00
1.350583508610725403e-02,1.221489859744906425e-03,1.290936506848083809e-05,0.000000000000000000e+00,0.000000000000000000e+00
1.809925958514213562e-02,1.613370259292423725e-03,1.965555566130205989e-05,0.000000000000000000e+00,0.000000000000000000e+00
1.469469442963600159e-02,1.339085865765810013e-03,1.303835324506508186e-05,0.000000000000000000e+00,0.000000000000000000e+00
1.351458393037319183e-02,1.163819455541670322e-03,1.876389433164149523e-05,0.000000000000000000e+00,0.000000000000000000e+00
1.587038114666938782e-02,1.374505227431654930e-03,2.125328137481119484e-05,0.000000000000000000e+00,0.000000000000000000e+00
1.486671250313520432e-02,1.350423553958535194e-03,1.362477723887423053e-05,0.000000000000000000e+00,0.000000000000000000e+00
1.467228773981332779e-02,1.337254885584115982e-03,1.299739051319193095e-05,0.000000000000000000e+00,0.000000000000000000e+00
1.593158021569252014e-02,1.404860639013350010e-03,1.882973265310283750e-05,0.000000000000000000e+00,0.000000000000000000e+00
1.671538874506950378e-02,1.550830667838454247e-03,1.207080640597268939e-05,0.000000000000000000e+00,0.000000000000000000e+00
1.431164890527725220e-02,1.217631157487630844e-03,2.135336762876249850e-05,0.000000000000000000e+00,0.000000000000000000e+00
1.561085786670446396e-02,1.393817947246134281e-03,1.672678263275884092e-05,0.000000000000000000e+00,0.000000000000000000e+00
1.664737053215503693e-02,1.449478790163993835e-03,2.152582783310208470e-05,0.000000000000000000e+00,0.000000000000000000e+00
1.530022453516721725e-02,1.316297566518187523e-03,2.137248702638316900e-05,0.000000000000000000e+00,0.000000000000000000e+00
1.584595814347267151e-02,1.411965116858482361e-03,1.726306800264865160e-05,0.000000000000000000e+00,0.000000000000000000e+00
1.419991720467805862e-02,1.227528322488069534e-03,1.924634125316515565e-05,0.000000000000000000e+00,0.000000000000000000e+00
1.443495322018861771e-02,1.316357869654893875e-03,1.271374458156060427e-05,0.000000000000000000e+00,0.000000000000000000e+00
1.274539716541767120e-02,1.168865710496902466e-03,1.056739802152151242e-05,0.000000000000000000e+00,0.000000000000000000e+00
1.367225497961044312e-02,1.219146884977817535e-03,1.480786431784508750e-05,0.000000000000000000e+00,0.000000000000000000e+00
1.211668457835912704e-02,1.109062926843762398e-03,1.026055997499497607e-05,0.000000000000000000e+00,0.000000000000000000e+00
1.468423474580049515e-02,1.220735721290111542e-03,2.476877307344693691e-05,0.000000000000000000e+00,0.000000000000000000e+00
1.368028856813907623e-02,1.136983744800090790e-03,2.310451600351370871e-05,0.000000000000000000e+00,0.000000000000000000e+00
1.564261317253112793e-02,1.459398888982832432e-03,1.048624653776641935e-05,0.000000000000000000e+00,0.000000000000000000e+00
1.990011893212795258e-02,1.831090659834444523e-03,1.589212843100540340e-05,0.000000000000000000e+00,0.000000000000000000e+00
1.204597018659114838e-02,1.057010842487215996e-03,1.475861154176527634e-05,0.000000000000000000e+00,0.000000000000000000e+00
1.561421900987625122e-02,1.413361169397830963e-03,1.480607079429319128e-05,0.000000000000000000e+00,0.000000000000000000e+00
1.349272578954696655e-02,1.222493359819054604e-03,1.267792504222597927e-05,0.000000000000000000e+00,0.000000000000000000e+00
1.433416176587343216e-02,1.290402607992291451e-03,1.430136217095423490e-05,0.000000000000000000e+00,0.000000000000000000e+00
1.406830828636884689e-02,1.283527468331158161e-03,1.233033981407061219e-05,0.000000000000000000e+00,0.000000000000000000e+00
1.360019389539957047e-02,1.229701563715934753e-03,1.303178396483417600e-05,0.000000000000000000e+00,0.000000000000000000e+00
1.443711947649717331e-02,1.328822690993547440e-03,1.148892897617770359e-05,0.000000000000000000e+00,0.000000000000000000e+00
1.310112234205007553e-02,1.135254162363708019e-03,1.748580689309164882e-05,0.000000000000000000e+00,0.000000000000000000e+00
1.396393217146396637e-02,1.240020850673317909e-03,1.563724435982294381e-05,0.000000000000000000e+00,0.000000000000000000e+00
1.458321139216423035e-02,1.310363993979990482e-03,1.479571255913469940e-05,0.000000000000000000e+00,0.000000000000000000e+00
1.464643701910972595e-02,1.363380812108516693e-03,1.012629127217223868e-05,0.000000000000000000e+00,0.000000000000000000e+00
1.412037387490272522e-02,1.269145985133945942e-03,1.428914038115181029e-05,0.000000000000000000e+00,0.000000000000000000e+00
1.397884637117385864e-02,1.302341232076287270e-03,9.554349162499420345e-06,0.000000000000000000e+00,0.000000000000000000e+00
1.419664453715085983e-02,1.272216439247131348e-03,1.474480086471885443e-05,0.000000000000000000e+00,0.000000000000000000e+00
1.540479809045791626e-02,1.436520600691437721e-03,1.039592189044924453e-05,0.000000000000000000e+00,0.000000000000000000e+00
1.318194717168807983e-02,1.188579015433788300e-03,1.296156551688909531e-05,0.000000000000000000e+00,0.000000000000000000e+00
1.490094698965549469e-02,1.335304579697549343e-03,1.547901410958729684e-05,0.000000000000000000e+00,0.000000000000000000e+00
1.283287629485130310e-02,1.137791434302926064e-03,1.454962057323427871e-05,0.000000000000000000e+00,0.000000000000000000e+00
1.540546864271163940e-02,1.409561489708721638e-03,1.309854087594430894e-05,0.000000000000000000e+00,0.000000000000000000e+00
1.600902341306209564e-02,1.489958027377724648e-03,1.109443292079959065e-05,0.000000000000000000e+00,0.000000000000000000e+00
1.646754518151283264e-02,1.481514540500938892e-03,1.652399805607274175e-05,0.000000000000000000e+00,0.000000000000000000e+00
1.531474292278289795e-02,1.395246828906238079e-03,1.362274906568927690e-05,0.000000000000000000e+00,0.000000000000000000e+00
1.655038632452487946e-02,1.479715923778712749e-03,1.753226206346880645e-05,0.000000000000000000e+00,0.000000000000000000e+00
1.709452830255031586e-02,1.554745715111494064e-03,1.547070678498130292e-05,0.000000000000000000e+00,0.000000000000000000e+00
1.390962116420269012e-02,1.242147409357130527e-03,1.488146972405957058e-05,0.000000000000000000e+00,0.000000000000000000e+00
1.581948436796665192e-02,1.453966833651065826e-03,1.279815478483214974e-05,0.000000000000000000e+00,0.000000000000000000e+00
1.494344789534807205e-02,1.333012944087386131e-03,1.613317908777389675e-05,0.000000000000000000e+00,0.000000000000000000e+00
1.459166686981916428e-02,1.296491827815771103e-03,1.626748962735291570e-05,0.000000000000000000e+00,0.000000000000000000e+00
1.399488467723131180e-02,1.260612742044031620e-03,1.388757118547800928e-05,0.000000000000000000e+00,0.000000000000000000e+00
1.388679351657629013e-02,1.215831260196864605e-03,1.728480674501042813e-05,0.000000000000000000e+00,0.000000000000000000e+00
1.370365545153617859e-02,1.266758888959884644e-03,1.036066532833501697e-05,0.000000000000000000e+00,0.000000000000000000e+00
1.402147766202688217e-02,1.299030496738851070e-03,1.031172178045380861e-05,0.000000000000000000e+00,0.000000000000000000e+00
1.616070233285427094e-02,1.459196326322853565e-03,1.568739935464691371e-05,0.000000000000000000e+00,0.000000000000000000e+00
1.226814556866884232e-02,1.126964343711733818e-03,9.985020369640551507e-06,0.000000000000000000e+00,0.000000000000000000e+00
1.631829142570495605e-02,1.504151849076151848e-03,1.276772763958433643e-05,0.000000000000000000e+00,0.000000000000000000e+00
1.461414806544780731e-02,1.343631418421864510e-03,1.177833837573416531e-05,0.000000000000000000e+00,0.000000000000000000e+00
1.168468780815601349e-02,1.051611849106848240e-03,1.168569906440097839e-05,0.000000000000000000e+00,0.000000000000000000e+00
1.536217052489519119e-02,1.391931436955928802e-03,1.442855864297598600e-05,0.000000000000000000e+00,0.000000000000000000e+00
1.159568317234516144e-02,1.033583772368729115e-03,1.259845703316386789e-05,0.000000000000000000e+00,0.000000000000000000e+00
1.361456979066133499e-02,1.143529196269810200e-03,2.179277726099826396e-05,0.000000000000000000e+00,0.000000000000000000e+00
1.577497646212577820e-02,1.390452031046152115e-03,1.870456253527663648e-05,0.000000000000000000e+00,0.000000000000000000e+00
1.401050854474306107e-02,1.229181187227368355e-03,1.718697058095131069e-05,0.000000000000000000e+00,0.000000000000000000e+00
1.270339637994766235e-02,1.101941103115677834e-03,1.683985465206205845e-05,0.000000000000000000e+00,0.000000000000000000e+00
1.485762838274240494e-02,1.351553597487509251e-03,1.342093037237646058e-05,0.000000000000000000e+00,0.000000000000000000e+00
1.340873166918754578e-02,1.183541840873658657e-03,1.573312874825205654e-05,0.000000000000000000e+00,0.000000000000000000e+00
1.227221451699733734e-02,1.099639222957193851e-03,1.275822796742431819e-05,0.000000000000000000e+00,0.000000000000000000e+00
1.324865594506263733e-02,1.211158931255340576e-03,1.137066919909557328e-05,0.000000000000000000e+00,0.000000000000000000e+00
1.387985702604055405e-02,1.211169175803661346e-03,1.768165020621381700e-05,0.000000000000000000e+00,0.000000000000000000e+00
1.357479020953178406e-02,1.209656591527163982e-03,1.478224476159084588e-05,0.000000000000000000e+00,0.000000000000000000e+00
1.340343337506055832e-02,1.177459256723523140e-03,1.628841346246190369e-05,0.000000000000000000e+00,0.000000000000000000e+00
1.388446334749460220e-02,1.207223394885659218e-03,1.812229493225459009e-05,0.000000000000000000e+00,0.000000000000000000e+00
1.319051627069711685e-02,1.181638333946466446e-03,1.374132625642232597e-05,0.000000000000000000e+00,0.000000000000000000e+00
1.341370493173599243e-02,1.194305485114455223e-03,1.470649840484838933e-05,0.000000000000000000e+00,0.000000000000000000e+00
1.523729879409074783e-02,1.411509932950139046e-03,1.122200228564906865e-05,0.000000000000000000e+00,0.000000000000000000e+00
1.276814285665750504e-02,1.152393175289034843e-03,1.244210670847678557e-05,0.000000000000000000e+00,0.000000000000000000e+00
1.703562028706073761e-02,1.571816974319517612e-03,1.317451278737280518e-05,0.000000000000000000e+00,0.000000000000000000e+00
1.299106143414974213e-02,1.148530282080173492e-03,1.505759064457379282e-05,0.000000000000000000e+00,0.000000000000000000e+00
1.221664156764745712e-02,1.123957335948944092e-03,9.770678843779023737e-06,0.000000000000000000e+00,0.000000000000000000e+00
1.352400239557027817e-02,1.211890252307057381e-03,1.405100738338660449e-05,0.000000000000000000e+00,0.000000000000000000e+00
1.479577831923961639e-02,1.380705041810870171e-03,9.887269698083400726e-06,0.000000000000000000e+00,0.000000000000000000e+00
1.322047691792249680e-02,1.197807840071618557e-03,1.242398502654395998e-05,0.000000000000000000e+00,0.000000000000000000e+00
1.322446763515472412e-02,1.203189254738390446e-03,1.192575291497632861e-05,0.000000000000000000e+00,0.000000000000000000e+00
1.410352904349565506e-02,1.272455789148807526e-03,1.378971137455664575e-05,0.000000000000000000e+00,0.000000000000000000e+00
1.283240038901567459e-02,1.121709123253822327e-03,1.615309338376391679e-05,0.000000000000000000e+00,0.000000000000000000e+00
1.320991106331348419e-02,1.221852842718362808e-03,9.913823305396363139e-06,0.000000000000000000e+00,0.000000000000000000e+00
1.278622448444366455e-02,1.146328635513782501e-03,1.322938624070957303e-05,0.000000000000000000e+00,0.000000000000000000e+00
1.223218254745006561e-02,1.115898834541440010e-03,1.073194835043977946e-05,0.000000000000000000e+00,0.000000000000000000e+00
1.412696484476327896e-02,1.271223532967269421e-03,1.414728922100039199e-05,0.000000000000000000e+00,0.000000000000000000e+00
1.585532724857330322e-02,1.453897915780544281e-03,1.316347152169328183e-05,0.000000000000000000e+00,0.000000000000000000e+00
1.456675399094820023e-02,1.358946203254163265e-03,9.772913472261279821e-06,0.000000000000000000e+00,0.000000000000000000e+00
1.451505534350872040e-02,1.332025392912328243e-03,1.194800825032871217e-05,0.000000000000000000e+00,0.000000000000000000e+00
1.227539591491222382e-02,1.130442135035991669e-03,9.709741789265535772e-06,0.000000000000000000e+00,0.000000000000000000e+00
1.453675143420696259e-02,1.297855749726295471e-03,1.558193434902932495e-05,0.000000000000000000e+00,0.000000000000000000e+00
1.235783100128173828e-02,1.082051079720258713e-03,1.537320167699363083e-05,0.000000000000000000e+00,0.000000000000000000e+00
1.185667887330055237e-02,1.012293039821088314e-03,1.733748285914771259e-05,0.000000000000000000e+00,0.000000000000000000e+00
1.217805780470371246e-02,1.103063230402767658e-03,1.147426155512221158e-05,0.000000000000000000e+00,0.000000000000000000e+00
1.190806180238723755e-02,9.403321309946477413e-04,2.504740405129268765e-05,0.000000000000000000e+00,0.000000000000000000e+00
1.509842276573181152e-02,1.201241509988903999e-03,3.086008655373007059e-05,0.000000000000000000e+00,0.000000000000000000e+00
1.050270348787307739e-02,9.281021775677800179e-04,1.221681759489001706e-05,0.000000000000000000e+00,0.000000000000000000e+00
1.467303000390529633e-02,1.126695657148957253e-03,3.406073665246367455e-05,0.000000000000000000e+00,0.000000000000000000e+00
1.883339881896972656e-02,1.408846001140773296e-03,4.744938632939010859e-05,0.000000000000000000e+00,0.000000000000000000e+00
1.431705988943576813e-02,1.189839909784495831e-03,2.418661097181029618e-05,0.000000000000000000e+00,0.000000000000000000e+00
1.555673219263553619e-02,1.335723209194839001e-03,2.199499795096926391e-05,0.000000000000000000e+00,0.000000000000000000e+00
1.432258076965808868e-02,1.213247654959559441e-03,2.190103987231850624e-05,0.000000000000000000e+00,0.000000000000000000e+00
1.249899901449680328e-02,1.022727927193045616e-03,2.271719858981668949e-05,0.000000000000000000e+00,0.000000000000000000e+00
1.560102403163909912e-02,1.318907015956938267e-03,2.411953755654394627e-05,0.000000000000000000e+00,0.000000000000000000e+00
1.244043558835983276e-02,1.145079615525901318e-03,9.896388291963376105e-06,0.000000000000000000e+00,0.000000000000000000e+00
1.588586717844009399e-02,1.309508224949240685e-03,2.790783582895528525e-05,0.000000000000000000e+00,0.000000000000000000e+00
1.556566543877124786e-02,1.313805580139160156e-03,2.427609069854952395e-05,0.000000000000000000e+00,0.000000000000000000e+00
1.274120248854160309e-02,1.152448239736258984e-03,1.216719829244539142e-05,0.000000000000000000e+00,0.000000000000000000e+00
1.304864790290594101e-02,1.117153791710734367e-03,1.877109207271132618e-05,0.000000000000000000e+00,0.000000000000000000e+00
1.183774974197149277e-02,1.055898610502481461e-03,1.278763556911144406e-05,0.000000000000000000e+00,0.000000000000000000e+00
1.260786596685647964e-02,1.103844493627548218e-03,1.569420783198438585e-05,0.000000000000000000e+00,0.000000000000000000e+00
1.233244407922029495e-02,1.126486109569668770e-03,1.067583161784568802e-05,0.000000000000000000e+00,0.000000000000000000e+00
1.588898338377475739e-02,1.312362030148506165e-03,2.765362842183094472e-05,0.000000000000000000e+00,0.000000000000000000e+00
1.611372828483581543e-02,1.368201687000691891e-03,2.431710527162067592e-05,0.000000000000000000e+00,0.000000000000000000e+00
1.258286088705062866e-02,1.174588687717914581e-03,8.369738679903093725e-06,0.000000000000000000e+00,0.000000000000000000e+00
1.368184108287096024e-02,1.111687277443706989e-03,2.564968599472194910e-05,0.000000000000000000e+00,0.000000000000000000e+00
1.437871251255273819e-02,1.195807941257953644e-03,2.420633245492354035e-05,0.000000000000000000e+00,0.000000000000000000e+00
1.549959741532802582e-02,1.443552551791071892e-03,1.064071875589434057e-05,0.000000000000000000e+00,0.000000000000000000e+00
1.505560241639614105e-02,1.288058352656662464e-03,2.175018562411423773e-05,0.000000000000000000e+00,0.000000000000000000e+00
1.384993921965360641e-02,1.233000773936510086e-03,1.519931174698285758e-05,0.000000000000000000e+00,0.000000000000000000e+00
1.530758943408727646e-02,1.386718126013875008e-03,1.440408777853008360e-05,0.000000000000000000e+00,0.000000000000000000e+00
1.159721054136753082e-02,9.515429264865815639e-04,2.081782076857052743e-05,0.000000000000000000e+00,0.000000000000000000e+00
1.202598866075277328e-02,1.083775423467159271e-03,1.188234091387130320e-05,0.000000000000000000e+00,0.000000000000000000e+00
1.421134173870086670e-02,1.205374603159725666e-03,2.157596281904261559e-05,0.000000000000000000e+00,0.000000000000000000e+00
1.218473631888628006e-02,9.942195611074566841e-04,2.242541086161509156e-05,0.000000000000000000e+00,0.000000000000000000e+00
1.161101832985877991e-02,1.038576127029955387e-03,1.225257619807962328e-05,0.000000000000000000e+00,0.000000000000000000e+00
1.301092747598886490e-02,1.147650182247161865e-03,1.534425609861500561e-05,0.000000000000000000e+00,0.000000000000000000e+00
1.070339884608983994e-02,9.381048148497939110e-04,1.322350544796790928e-05,0.000000000000000000e+00,0.000000000000000000e+00
1.051280554383993149e-02,8.995249518193304539e-04,1.517555665486725047e-05,0.000000000000000000e+00,0.000000000000000000e+00
1.252458058297634125e-02,1.140964683145284653e-03,1.114933638746151701e-05,0.000000000000000000e+00,0.000000000000000000e+00
1.122618280351161957e-02,9.677154012024402618e-04,1.549028638692107052e-05,0.000000000000000000e+00,0.000000000000000000e+00
1.281275972723960876e-02,1.108670840039849281e-03,1.726051959849428385e-05,0.000000000000000000e+00,0.000000000000000000e+00
9.993619285523891449e-03,8.785048848949372768e-04,1.208570665767183527e-05,0.000000000000000000e+00,0.000000000000000000e+00
1.157257333397865295e-02,1.021137693896889687e-03,1.361197155347326770e-05,0.000000000000000000e+00,0.000000000000000000e+00
1.411052700132131577e-02,1.273540314286947250e-03,1.375124156766105443e-05,0.000000000000000000e+00,0.000000000000000000e+00
1.054148375988006592e-02,9.238453349098563194e-04,1.303029966948088259e-05,0.000000000000000000e+00,0.000000000000000000e+00
1.439559832215309143e-02,1.259513432160019875e-03,1.800464451662264764e-05,0.000000000000000000e+00,0.000000000000000000e+00
1.100782584398984909e-02,8.702363120391964912e-04,2.305463021912146360e-05,0.000000000000000000e+00,0.000000000000000000e+00
1.103119924664497375e-02,1.006650738418102264e-03,9.646915714256465435e-06,0.000000000000000000e+00,0.000000000000000000e+00
1.318719424307346344e-02,1.137521700002253056e-03,1.811977563193067908e-05,0.000000000000000000e+00,0.000000000000000000e+00
1.482502371072769165e-02,1.306946622207760811e-03,1.755557968863286078e-05,0.000000000000000000e+00,0.000000000000000000e+00
1.441700104624032974e-02,1.320761162787675858e-03,1.209389301948249340e-05,0.000000000000000000e+00,0.000000000000000000e+00
1.244779862463474274e-02,1.080461777746677399e-03,1.643180985411163419e-05,0.000000000000000000e+00,0.000000000000000000e+00
1.264216192066669464e-02,1.110565150156617165e-03,1.536510899313725531e-05,0.000000000000000000e+00,0.000000000000000000e+00
1.267442479729652405e-02,1.143426168709993362e-03,1.240162691829027608e-05,0.000000000000000000e+00,0.000000000000000000e+00
1.017594989389181137e-02,8.729223627597093582e-04,1.446727037546224892e-05,0.000000000000000000e+00,0.000000000000000000e+00
1.062302570790052414e-02,8.657835423946380615e-04,1.965189949260093272e-05,0.000000000000000000e+00,0.000000000000000000e+00
1.073954254388809204e-02,9.792463388293981552e-04,9.470783879805821925e-06,0.000000000000000000e+00,0.000000000000000000e+00
1.400744169950485229e-02,1.226555090397596359e-03,1.741891173878684640e-05,0.000000000000000000e+00,0.000000000000000000e+00
1.225536689162254333e-02,1.067394972778856754e-03,1.581417382112704217e-05,0.000000000000000000e+00,0.000000000000000000e+00
1.239390484988689423e-02,1.108153490349650383e-03,1.312369022343773395e-05,0.000000000000000000e+00,0.000000000000000000e+00
1.373571902513504028e-02,1.244283281266689301e-03,1.292886281589744613e-05,0.000000000000000000e+00,0.000000000000000000e+00
1.261121314018964767e-02,1.099900226108729839e-03,1.612210871826391667e-05,0.000000000000000000e+00,0.000000000000000000e+00
9.560260921716690063e-03,8.382010855711996555e-04,1.178249840450007468e-05,0.000000000000000000e+00,0.000000000000000000e+00
1.388929598033428192e-02,1.225149026140570641e-03,1.637804780330043286e-05,0.000000000000000000e+00,0.000000000000000000e+00
1.280805841088294983e-02,1.135958591476082802e-03,1.448472721676807851e-05,0.000000000000000000e+00,0.000000000000000000e+00
1.250109542161226273e-02,1.131693366914987564e-03,1.184161828859942034e-05,0.000000000000000000e+00,0.000000000000000000e+00
1.076794322580099106e-02,9.552380070090293884e-04,1.215563497680705041e-05,0.000000000000000000e+00,0.000000000000000000e+00
1.485805958509445190e-02,1.339630922302603722e-03,1.461749980080639943e-05,0.000000000000000000e+00,0.000000000000000000e+00
1.272590737789869308e-02,1.148746581748127937e-03,1.238441836903803051e-05,0.000000000000000000e+00,0.000000000000000000e+00
1.234403531998395920e-02,1.103341113775968552e-03,1.310624338657362387e-05,0.000000000000000000e+00,0.000000000000000000e+00
1.161334849894046783e-02,1.049376791343092918e-03,1.119579974329099059e-05,0.000000000000000000e+00,0.000000000000000000e+00
1.240771170705556870e-02,1.091968384571373463e-03,1.488028192397905514e-05,0.000000000000000000e+00,0.000000000000000000e+00
1.408756710588932037e-02,1.214887248352169991e-03,1.938694731506984681e-05,0.000000000000000000e+00,0.000000000000000000e+00
1.233676169067621231e-02,1.146660652011632919e-03,8.701555998413823545e-06,0.000000000000000000e+00,0.000000000000000000e+00
1.167216710746288300e-02,9.845984168350696564e-04,1.826182415243238211e-05,0.000000000000000000e+00,0.000000000000000000e+00
1.154215633869171143e-02,1.014799927361309528e-03,1.394156788592226803e-05,0.000000000000000000e+00,0.000000000000000000e+00
1.124436501413583755e-02,9.913494577631354332e-04,1.330869963567238301e-05,0.000000000000000000e+00,0.000000000000000000e+00
1.238342747092247009e-02,1.119368243962526321e-03,1.189744580187834799e-05,0.000000000000000000e+00,0.000000000000000000e+00
1.257377862930297852e-02,1.088706892915070057e-03,1.686710311332717538e-05,0.000000000000000000e+00,0.000000000000000000e+00
1.282651722431182861e-02,1.146170194260776043e-03,1.364814579574158415e-05,0.000000000000000000e+00,0.000000000000000000e+00
8.970830589532852173e-03,8.054353529587388039e-04,9.164774382952600718e-06,0.000000000000000000e+00,0.000000000000000000e+00
1.049084495753049850e-02,9.091580286622047424e-04,1.399265056534204632e-05,0.000000000000000000e+00,0.000000000000000000e+00
1.202534511685371399e-02,1.099366694688796997e-03,1.031678584695328027e-05,0.000000000000000000e+00,0.000000000000000000e+00
1.114289090037345886e-02,9.653309825807809830e-04,1.489581154601182789e-05,0.000000000000000000e+00,0.000000000000000000e+00
1.034475490450859070e-02,9.229645947925746441e-04,1.115108352678362280e-05,0.000000000000000000e+00,0.000000000000000000e+00
1.196960173547267914e-02,1.007455983199179173e-03,1.895042260002810508e-05,0.000000000000000000e+00,0.000000000000000000e+00
1.268677413463592529e-02,1.054265536367893219e-03,2.144119207514449954e-05,0.000000000000000000e+00,0.000000000000000000e+00
1.221133582293987274e-02,1.078302389942109585e-03,1.428311406925786287e-05,0.000000000000000000e+00,0.000000000000000000e+00
1.309292204678058624e-02,1.152602024376392365e-03,1.566902210470288992e-05,0.000000000000000000e+00,0.000000000000000000e+00
1.220260001718997955e-02,1.106608193367719650e-03,1.136518403654918075e-05,0.000000000000000000e+00,0.000000000000000000e+00
1.404858753085136414e-02,1.171667478047311306e-03,2.331912764930166304e-05,0.000000000000000000e+00,0.000000000000000000e+00
1.285492535680532455e-02,1.056156121194362640e-03,2.293364195793401450e-05,0.000000000000000000e+00,0.000000000000000000e+00
1.234499644488096237e-02,1.106645446270704269e-03,1.278542276850203052e-05,0.000000000000000000e+00,0.000000000000000000e+00
1.181656215339899063e-02,1.008567982353270054e-03,1.730882831907365471e-05,0.000000000000000000e+00,0.000000000000000000e+00
1.191823091357946396e-02,1.040460309013724327e-03,1.513627012172946706e-05,0.000000000000000000e+00,0.000000000000000000e+00
1.270741410553455353e-02,1.096835359930992126e-03,1.739060462568886578e-05,0.000000000000000000e+00,0.000000000000000000e+00
1.300929486751556396e-02,1.138567226007580757e-03,1.623623029445298016e-05,0.000000000000000000e+00,0.000000000000000000e+00
1.078837271779775620e-02,9.646340622566640377e-04,1.142032579082297161e-05,0.000000000000000000e+00,0.000000000000000000e+00
1.354402117431163788e-02,1.180302351713180542e-03,1.740997322485782206e-05,0.000000000000000000e+00,0.000000000000000000e+00
1.226165611296892166e-02,1.089452533051371574e-03,1.367130425933282822e-05,0.000000000000000000e+00,0.000000000000000000e+00
1.411465834826231003e-02,1.275893533602356911e-03,1.355723816232057288e-05,0.000000000000000000e+00,0.000000000000000000e+00
1.359778270125389099e-02,1.203830819576978683e-03,1.559474731038790196e-05,0.000000000000000000e+00,0.000000000000000000e+00
1.378146186470985413e-02,1.263746293261647224e-03,1.143999452324351296e-05,0.000000000000000000e+00,0.000000000000000000e+00
1.264043338596820831e-02,1.132880686782300472e-03,1.311626510869245976e-05,0.000000000000000000e+00,0.000000000000000000e+00
1.383884623646736145e-02,1.240972429513931274e-03,1.429122130502946675e-05,0.000000000000000000e+00,0.000000000000000000e+00
1.037770789116621017e-02,9.018264245241880417e-04,1.359443012916017324e-05,0.000000000000000000e+00,0.000000000000000000e+00
1.319670304656028748e-02,1.199105056002736092e-03,1.205652552016545087e-05,0.000000000000000000e+00,0.000000000000000000e+00
1.317149400711059570e-02,1.181745668873190880e-03,1.354037340206559747e-05,0.000000000000000000e+00,0.000000000000000000e+00
1.038757339119911194e-02,9.324887068942189217e-04,1.062686988007044420e-05,0.000000000000000000e+00,0.000000000000000000e+00
1.241029147058725357e-02,1.096698688343167305e-03,1.443304790882393718e-05,0.000000000000000000e+00,0.000000000000000000e+00
1.126266829669475555e-02,1.037271460518240929e-03,8.899533895601052791e-06,0.000000000000000000e+00,0.000000000000000000e+00
1.150630414485931396e-02,1.031950698234140873e-03,1.186797817354090512e-05,0.000000000000000000e+00,0.000000000000000000e+00
1.329307444393634796e-02,1.218034187331795692e-03,1.112733480113092810e-05,0.000000000000000000e+00,0.000000000000000000e+00
1.119471155107021332e-02,1.004225690849125385e-03,1.152455206465674564e-05,0.000000000000000000e+00,0.000000000000000000e+00
1.142516080290079117e-02,1.016557449474930763e-03,1.259586770174792036e-05,0.000000000000000000e+00,0.000000000000000000e+00
1.098104286938905716e-02,1.010918756946921349e-03,8.718550816411152482e-06,0.000000000000000000e+00,0.000000000000000000e+00
1.062686089426279068e-02,9.625512757338583469e-04,1.001347754936432466e-05,0.000000000000000000e+00,0.000000000000000000e+00
1.166638266295194626e-02,1.069142948836088181e-03,9.749534001457504928e-06,0.000000000000000000e+00,0.000000000000000000e+00
9.626588784158229828e-03,8.542985888198018074e-04,1.083602728613186628e-05,0.000000000000000000e+00,0.000000000000000000e+00
1.142487209290266037e-02,1.049126265570521355e-03,9.336088623967953026e-06,0.000000000000000000e+00,0.000000000000000000e+00
1.213918346911668777e-02,1.120953354984521866e-03,9.296499229094479233e-06,0.000000000000000000e+00,0.000000000000000000e+00
1.138180494308471680e-02,1.036559464409947395e-03,1.016210808302275836e-05,0.000000000000000000e+00,0.000000000000000000e+00
1.084492448717355728e-02,9.908974170684814453e-04,9.359499017591588199e-06,0.000000000000000000e+00,0.000000000000000000e+00
9.949946776032447815e-03,9.115343564189970493e-04,8.346028153027873486e-06,0.000000000000000000e+00,0.000000000000000000e+00
1.177217531949281693e-02,1.043499214574694633e-03,1.337182675342774019e-05,0.000000000000000000e+00,0.000000000000000000e+00
1.145942322909832001e-02,1.027646707370877266e-03,1.182956475531682372e-05,0.000000000000000000e+00,0.000000000000000000e+00
1.157371513545513153e-02,9.989829268306493759e-04,1.583885023137554526e-05,0.000000000000000000e+00,0.000000000000000000e+00
1.420819573104381561e-02,1.281247474253177643e-03,1.395720755681395531e-05,0.000000000000000000e+00,0.000000000000000000e+00
9.664553217589855194e-03,8.385172695852816105e-04,1.279380194318946451e-05,0.000000000000000000e+00,0.000000000000000000e+00
1.102092396467924118e-02,9.876468684524297714e-04,1.144454745372058824e-05,0.000000000000000000e+00,0.000000000000000000e+00
1.248284149914979935e-02,1.090948702767491341e-03,1.573355257278308272e-05,0.000000000000000000e+00,0.000000000000000000e+00
1.096962392330169678e-02,9.279531659558415413e-04,1.690092358330730349e-05,0.000000000000000000e+00,0.000000000000000000e+00
1.022793166339397430e-02,8.975781966000795364e-04,1.252149741048924625e-05,0.000000000000000000e+00,0.000000000000000000e+00
1.133294589817523956e-02,9.782728739082813263e-04,1.550217348267324269e-05,0.000000000000000000e+00,0.000000000000000000e+00
1.086083892732858658e-02,9.366702288389205933e-04,1.494136449764482677e-05,0.000000000000000000e+00,0.000000000000000000e+00
1.051469519734382629e-02,9.171341080218553543e-04,1.343354961136355996e-05,0.000000000000000000e+00,0.000000000000000000e+00
1.116380281746387482e-02,9.938839357346296310e-04,1.224963034474058077e-05,0.000000000000000000e+00,0.000000000000000000e+00
1.080846413969993591e-02,9.563234634697437286e-04,1.245229577762074769e-05,0.000000000000000000e+00,0.000000000000000000e+00
9.971883147954940796e-03,8.832330349832773209e-04,1.139553478424204513e-05,0.000000000000000000e+00,0.000000000000000000e+00
1.109371054917573929e-02,9.949910454452037811e-04,1.143800454883603379e-05,0.000000000000000000e+00,0.000000000000000000e+00
1.364067010581493378e-02,1.195523072965443134e-03,1.685439747234340757e-05,0.000000000000000000e+00,0.000000000000000000e+00
1.005311589688062668e-02,8.935139048844575882e-04,1.117977262765634805e-05,0.000000000000000000e+00,0.000000000000000000e+00
1.144227758049964905e-02,1.012153807096183300e-03,1.320739283983130008e-05,0.000000000000000000e+00,0.000000000000000000e+00
9.662600234150886536e-03,8.499826071783900261e-04,1.162774424301460385e-05,0.000000000000000000e+00,0.000000000000000000e+00
1.170945819467306137e-02,1.058463472872972488e-03,1.124823302234290168e-05,0.000000000000000000e+00,0.000000000000000000e+00
1.062992308288812637e-02,9.420065325684845448e-04,1.209857782669132575e-05,0.000000000000000000e+00,0.000000000000000000e+00
1.017153169959783554e-02,9.044014150276780128e-04,1.127518135035643354e-05,0.000000000000000000e+00,0.000000000000000000e+00
1.056991424411535263e-02,9.392618085257709026e-04,1.177295689558377489e-05,0.000000000000000000e+00,0.000000000000000000e+00
1.055431459099054337e-02,9.468167554587125778e-04,1.086146767192985862e-05,0.000000000000000000e+00,0.000000000000000000e+00
1.110185869038105011e-02,9.760909597389400005e-04,1.340949256700696424e-05,0.000000000000000000e+00,0.000000000000000000e+00
9.765611030161380768e-03,8.659467566758394241e-04,1.106143827200867236e-05,0.000000000000000000e+00,0.000000000000000000e+00
1.118118315935134888e-02,8.867604192346334457e-04,2.313578625035006553e-05,0.000000000000000000e+00,0.000000000000000000e+00
1.285779941827058792e-02,1.056080218404531479e-03,2.296997445228043944e-05,0.000000000000000000e+00,0.000000000000000000e+00
1.184671465307474136e-02,1.067666569724678993e-03,1.170049108623061329e-05,0.000000000000000000e+00,0.000000000000000000e+00
1.050114445388317108e-02,9.026252664625644684e-04,1.474891996622318402e-05,0.000000000000000000e+00,0.000000000000000000e+00
9.099104441702365875e-03,8.093387586995959282e-04,1.005716785584809259e-05,0.000000000000000000e+00,0.000000000000000000e+00
1.068799104541540146e-02,8.776195463724434376e-04,1.911795516207348555e-05,0.000000000000000000e+00,0.000000000000000000e+00
1.163223944604396820e-02,9.607440442778170109e-04,2.024799141508992761e-05,0.000000000000000000e+00,0.000000000000000000e+00
1.155933085829019547e-02,1.054643304087221622e-03,1.012897973851067945e-05,0.000000000000000000e+00,0.000000000000000000e+00
9.969095699489116669e-03,8.400916121900081635e-04,1.568179322930518538e-05,0.000000000000000000e+00,0.000000000000000000e+00
9.373899549245834351e-03,7.836860604584217072e-04,1.537038588139694184e-05,0.000000000000000000e+00,0.000000000000000000e+00
1.074810791760683060e-02,9.097545407712459564e-04,1.650562262511812150e-05,0.000000000000000000e+00,0.000000000000000000e+00
1.043160352855920792e-02,9.229584829881787300e-04,1.202019120682962239e-05,0.000000000000000000e+00,0.000000000000000000e+00
1.151606254279613495e-02,1.038380316458642483e-03,1.132259239966515452e-05,0.000000000000000000e+00,0.000000000000000000e+00
1.002404745668172836e-02,8.850345620885491371e-04,1.173701912193791941e-05,0.000000000000000000e+00,0.000000000000000000e+00
1.024597510695457458e-02,9.111728868447244167e-04,1.134247031586710364e-05,0.000000000000000000e+00,0.000000000000000000e+00
8.831245824694633484e-03,7.562415557913482189e-04,1.268830510525731370e-05,0.000000000000000000e+00,0.000000000000000000e+00
1.148230396211147308e-02,1.034702872857451439e-03,1.135275215347064659e-05,0.000000000000000000e+00,0.000000000000000000e+00
1.052253879606723785e-02,9.406784083694219589e-04,1.115754002967150882e-05,0.000000000000000000e+00,0.000000000000000000e+00
1.072908472269773483e-02,9.761063847690820694e-04,9.680215953267179430e-06,0.000000000000000000e+00,0.000000000000000000e+00
1.037144288420677185e-02,9.241139050573110580e-04,1.130303280660882592e-05,0.000000000000000000e+00,0.000000000000000000e+00
9.719239547848701477e-03,8.631437667645514011e-04,1.087801501853391528e-05,0.000000000000000000e+00,0.000000000000000000e+00
1.024967990815639496e-02,9.037053678184747696e-04,1.212627103086560965e-05,0.000000000000000000e+00,0.000000000000000000e+00
1.016621850430965424e-02,8.744447841309010983e-04,1.421770866727456450e-05,0.000000000000000000e+00,0.000000000000000000e+00
9.978221729397773743e-03,8.836403721943497658e-04,1.141818756877910346e-05,0.000000000000000000e+00,0.000000000000000000e+00
1.112447585910558701e-02,9.581722551956772804e-04,1.542753670946694911e-05,0.000000000000000000e+00,0.000000000000000000e+00
1.285662781447172165e-02,1.136725069954991341e-03,1.489377427787985653e-05,0.000000000000000000e+00,0.000000000000000000e+00
1.144390180706977844e-02,1.018774230033159256e-03,1.256159430340630934e-05,0.000000000000000000e+00,0.000000000000000000e+00
9.560644626617431641e-03,8.259507594630122185e-04,1.301136944675818086e-05,0.000000000000000000e+00,0.000000000000000000e+00
1.191259175539016724e-02,1.059710746631026268e-03,1.315483496000524610e-05,0.000000000000000000e+00,0.000000000000000000e+00
1.052828412503004074e-02,9.507519425824284554e-04,1.020765193970873952e-05,0.000000000000000000e+00,0.000000000000000000e+00
1.209755800664424896e-02,1.101829810068011284e-03,1.079259891412220895e-05,0.000000000000000000e+00,0.000000000000000000e+00
1.074473280459642410e-02,9.692464955151081085e-04,1.052267725754063576e-05,0.000000000000000000e+00,0.000000000000000000e+00
1.023208349943161011e-02,9.110532118938863277e-04,1.121551940741483122e-05,0.000000000000000000e+00,0.000000000000000000e+00
9.915583766996860504e-03,8.898500236682593822e-04,1.017083559418097138e-05,0.000000000000000000e+00,0.000000000000000000e+00
8.888684213161468506e-03,7.821738836355507374e-04,1.066945333150215447e-05,0.000000000000000000e+00,0.000000000000000000e+00
9.712118655443191528e-03,8.633613470010459423e-04,1.078504828910809010e-05,0.000000000000000000e+00,0.000000000000000000e+00
1.097885239869356155e-02,1.005857251584529877e-03,9.202800356433726847e-06,0.000000000000000000e+00,0.000000000000000000e+00
1.078755967319011688e-02,9.673272725194692612e-04,1.114286169467959553e-05,0.000000000000000000e+00,0.000000000000000000e+00
1.048609986901283264e-02,9.619620395824313164e-04,8.664796041557565331e-06,0.000000000000000000e+00,0.000000000000000000e+00
1.065979897975921631e-02,9.544938802719116211e-04,1.114860060624778271e-05,0.000000000000000000e+00,0.000000000000000000e+00
1.023941300809383392e-02,9.167484240606427193e-04,1.071929000318050385e-05,0.000000000000000000e+00,0.000000000000000000e+00
8.390166796743869781e-03,7.494507590308785439e-04,8.956598321674391627e-06,0.000000000000000000e+00,0.000000000000000000e+00
1.084094028919935226e-02,9.709903388284146786e-04,1.131037606683094054e-05,0.000000000000000000e+00,0.000000000000000000e+00
1.234167907387018204e-02,1.124725560657680035e-03,1.094422987080179155e-05,0.000000000000000000e+00,0.000000000000000000e+00
9.455956518650054932e-03,8.285399526357650757e-04,1.170557334262412041e-05,0.000000000000000000e+00,0.000000000000000000e+00
1.084235496819019318e-02,9.350718464702367783e-04,1.491635703132487833e-05,0.000000000000000000e+00,0.000000000000000000e+00
1.060921978205442429e-02,9.600644116289913654e-04,1.008575600280892104e-05,0.000000000000000000e+00,0.000000000000000000e+00
9.849008172750473022e-03,8.727020467631518841e-04,1.121987406804692000e-05,0.000000000000000000e+00,0.000000000000000000e+00
1.098514441400766373e-02,9.510072413831949234e-04,1.475072531320620328e-05,0.000000000000000000e+00,0.000000000000000000e+00
1.132756005972623825e-02,1.026694430038332939e-03,1.060615068126935512e-05,0.000000000000000000e+00,0.000000000000000000e+00
1.011034753173589706e-02,9.076466085389256477e-04,1.033881562761962414e-05,0.000000000000000000e+00,0.000000000000000000e+00
9.610446169972419739e-03,8.287108503282070160e-04,1.323337892245035619e-05,0.000000000000000000e+00,0.000000000000000000e+00
9.650478139519691467e-03,8.505582809448242188e-04,1.144895213656127453e-05,0.000000000000000000e+00,0.000000000000000000e+00
9.845906868577003479e-03,8.737617754377424717e-04,1.108288324758177623e-05,0.000000000000000000e+00,0.000000000000000000e+00
1.161211449652910233e-02,1.035104505717754364e-03,1.261069701286032796e-05,0.000000000000000000e+00,0.000000000000000000e+00
1.146050635725259781e-02,9.910739026963710785e-04,1.549767694086767733e-05,0.000000000000000000e+00,0.000000000000000000e+00
8.888974785804748535e-03,7.673311047255992889e-04,1.215663723996840417e-05,0.000000000000000000e+00,0.000000000000000000e+00
9.577864781022071838e-03,8.182842284440994263e-04,1.395022718497784808e-05,0.000000000000000000e+00,0.000000000000000000e+00
1.007746811956167221e-02,8.299716282635927200e-04,1.777752368070650846e-05,0.000000000000000000e+00,0.000000000000000000e+00
1.005591824650764465e-02,8.736875024624168873e-04,1.319043713010614738e-05,0.000000000000000000e+00,0.000000000000000000e+00
9.589924477040767670e-03,8.435321506112813950e-04,1.154602432507090271e-05,0.000000000000000000e+00,0.000000000000000000e+00
1.048846915364265442e-02,9.206859394907951355e-04,1.281610093428753316e-05,0.000000000000000000e+00,0.000000000000000000e+00
8.896851912140846252e-03,7.582608959637582302e-04,1.314242399530485272e-05,0.000000000000000000e+00,0.000000000000000000e+00
1.011792011559009552e-02,9.048767969943583012e-04,1.069152222044067457e-05,0.000000000000000000e+00,0.000000000000000000e+00
9.784485213458538055e-03,8.343075751326978207e-04,1.441409858671249822e-05,0.000000000000000000e+00,0.000000000000000000e+00
9.542989544570446014e-03,8.399332873523235321e-04,1.143656390922842547e-05,0.000000000000000000e+00,0.000000000000000000e+00
1.094668265432119370e-02,9.649083949625492096e-04,1.297598555538570508e-05,0.000000000000000000e+00,0.000000000000000000e+00
1.020378340035676956e-02,9.069584193639457226e-04,1.134199010266456753e-05,0.000000000000000000e+00,0.000000000000000000e+00
1.061554998159408569e-02,9.050120133906602859e-04,1.565430829941760749e-05,0.000000000000000000e+00,0.000000000000000000e+00
1.000885944813489914e-02,8.668468799442052841e-04,1.340390190307516605e-05,0.000000000000000000e+00,0.000000000000000000e+00
1.046115905046463013e-02,9.349868632853031158e-04,1.111290384869789705e-05,0.000000000000000000e+00,0.000000000000000000e+00
9.578168392181396484e-03,8.158724522218108177e-04,1.419443287886679173e-05,0.000000000000000000e+00,0.000000000000000000e+00
9.017213247716426849e-03,7.750531658530235291e-04,1.266681647393852472e-05,0.000000000000000000e+00,0.000000000000000000e+00
1.033728849142789841e-02,8.917067898437380791e-04,1.420220360159873962e-05,0.000000000000000000e+00,0.000000000000000000e+00
9.959688410162925720e-03,8.541023125872015953e-04,1.418665306118782610e-05,0.000000000000000000e+00,0.000000000000000000e+00
9.790106676518917084e-03,8.782795630395412445e-04,1.007310856948606670e-05,0.000000000000000000e+00,0.000000000000000000e+00
1.025255862623453140e-02,9.126946097239851952e-04,1.125612288888078183e-05,0.000000000000000000e+00,0.000000000000000000e+00
1.095360703766345978e-02,9.890535147860646248e-04,1.063072431861655787e-05,0.000000000000000000e+00,0.000000000000000000e+00
9.370926767587661743e-03,8.097956306301057339e-04,1.272970439458731562e-05,0.000000000000000000e+00,0.000000000000000000e+00
1.234817039221525192e-02,1.146695343777537346e-03,8.812168744043447077e-06,0.000000000000000000e+00,0.000000000000000000e+00
9.733366779983043671e-03,8.248996455222368240e-04,1.484370659454725683e-05,0.000000000000000000e+00,0.000000000000000000e+00
9.784129448235034943e-03,8.715887088328599930e-04,1.068243091140175238e-05,0.000000000000000000e+00,0.000000000000000000e+00
1.059477962553501129e-02,9.062167955562472343e-04,1.532611167931463569e-05,0.000000000000000000e+00,0.000000000000000000e+00
1.145534962415695190e-02,9.530986426398158073e-04,1.924362550198566169e-05,0.000000000000000000e+00,0.000000000000000000e+00
9.208198636770248413e-03,8.000809466466307640e-04,1.207388777402229607e-05,0.000000000000000000e+00,0.000000000000000000e+00
9.406870231032371521e-03,8.181224111467599869e-04,1.225647065439261496e-05,0.000000000000000000e+00,0.000000000000000000e+00
9.868604131042957306e-03,8.855081396177411079e-04,1.013522705761715770e-05,0.000000000000000000e+00,0.000000000000000000e+00
9.219545871019363403e-03,7.669312180951237679e-04,1.550233537273015827e-05,0.000000000000000000e+00,0.000000000000000000e+00
1.229745335876941681e-02,1.094967010430991650e-03,1.347782745142467320e-05,0.000000000000000000e+00,0.000000000000000000e+00
1.106694340705871582e-02,9.951032698154449463e-04,1.115910254156915471e-05,0.000000000000000000e+00,0.000000000000000000e+00
8.676264435052871704e-03,7.355024572461843491e-04,1.321240233664866537e-05,0.000000000000000000e+00,0.000000000000000000e+00
1.005502976477146149e-02,9.067583014257252216e-04,9.874465831671841443e-06,0.000000000000000000e+00,0.000000000000000000e+00
9.761180728673934937e-03,8.385442197322845459e-04,1.375738975184503943e-05,0.000000000000000000e+00,0.000000000000000000e+00
9.738635271787643433e-03,8.427486754953861237e-04,1.311148480453994125e-05,0.000000000000000000e+00,0.000000000000000000e+00
9.322187863290309906e-03,8.297243621200323105e-04,1.024943594529759139e-05,0.000000000000000000e+00,0.000000000000000000e+00
1.064662076532840729e-02,9.296319331042468548e-04,1.350300954072736204e-05,0.000000000000000000e+00,0.000000000000000000e+00
9.998511523008346558e-03,8.442401303909718990e-04,1.556111055833753198e-05,0.000000000000000000e+00,0.000000000000000000e+00
9.120741859078407288e-03,7.880784105509519577e-04,1.239956873178016394e-05,0.000000000000000000e+00,0.000000000000000000e+00
1.089775469154119492e-02,9.619840420782566071e-04,1.277914543607039377e-05,0.000000000000000000e+00,0.000000000000000000e+00
1.055444404482841492e-02,9.491894161328673363e-04,1.062550018104957417e-05,0.000000000000000000e+00,0.000000000000000000e+00
1.038456894457340240e-02,9.250369621440768242e-04,1.134198646468576044e-05,0.000000000000000000e+00,0.000000000000000000e+00
8.489704690873622894e-03,7.588353473693132401e-04,9.013513590616639704e-06,0.000000000000000000e+00,0.000000000000000000e+00
1.078767795115709305e-02,9.641743381507694721e-04,1.145934947999194264e-05,0.000000000000000000e+00,0.000000000000000000e+00
1.002668961882591248e-02,9.080478921532630920e-04,9.462106390856206417e-06,0.000000000000000000e+00,0.000000000000000000e+00
9.298834018409252167e-03,8.228498045355081558e-04,1.070336111297365278e-05,0.000000000000000000e+00,0.000000000000000000e+00
1.031231600791215897e-02,9.480136213824152946e-04,8.321794666699133813e-06,0.000000000000000000e+00,0.000000000000000000e+00
9.257651865482330322e-03,8.176695555448532104e-04,1.080956280929967761e-05,0.000000000000000000e+00,0.000000000000000000e+00
9.095367044210433960e-03,8.172321831807494164e-04,9.230445357388816774e-06,0.000000000000000000e+00,0.000000000000000000e+00
8.476303890347480774e-03,7.494413293898105621e-04,9.818908438319340348e-06,0.000000000000000000e+00,0.000000000000000000e+00
1.090161968022584915e-02,9.836184326559305191e-04,1.065435662894742563e-05,0.000000000000000000e+00,0.000000000000000000e+00
9.004296734929084778e-03,8.092335192486643791e-04,9.119612514041364193e-06,0.000000000000000000e+00,0.000000000000000000e+00
1.108985487371683121e-02,9.974469430744647980e-04,1.115385657612932846e-05,0.000000000000000000e+00,0.000000000000000000e+00
9.222940541803836823e-03,8.118334808386862278e-04,1.104605780710699037e-05,0.000000000000000000e+00,0.000000000000000000e+00
1.041387580335140228e-02,9.246306726709008217e-04,1.167568916571326554e-05,0.000000000000000000e+00,0.000000000000000000e+00
9.175838902592658997e-03,7.982029346749186516e-04,1.193809293908998370e-05,0.000000000000000000e+00,0.000000000000000000e+00
8.715654723346233368e-03,7.693680818192660809e-04,1.021973912429530174e-05,0.000000000000000000e+00,0.000000000000000000e+00
1.137690152972936630e-02,1.017627306282520294e-03,1.200628139486070722e-05,0.000000000000000000e+00,0.000000000000000000e+00
9.486776776611804962e-03,8.324274094775319099e-04,1.162502576335100457e-05,0.000000000000000000e+00,0.000000000000000000e+00
9.000173769891262054e-03,7.949427235871553421e-04,1.050746777764288709e-05,0.000000000000000000e+00,0.000000000000000000e+00
1.061102841049432755e-02,9.481769520789384842e-04,1.129259271692717448e-05,0.000000000000000000e+00,0.000000000000000000e+00
1.034074276685714722e-02,9.233916644006967545e-04,1.106827039620839059e-05,0.000000000000000000e+00,0.000000000000000000e+00
9.922307915985584259e-03,8.984720916487276554e-04,9.375870831718202680e-06,0.000000000000000000e+00,0.000000000000000000e+00
9.039144031703472137e-03,8.022083202376961708e-04,1.017061185848433524e-05,0.000000000000000000e+00,0.000000000000000000e+00
8.437585085630416870e-03,7.536867051385343075e-04,9.007178960018791258e-06,0.000000000000000000e+00,0.000000000000000000e+00
1.065540127456188202e-02,9.755205828696489334e-04,9.001961188914719969e-06,0.000000000000000000e+00,0.000000000000000000e+00
8.703675121068954468e-03,7.377094589173793793e-04,1.326580240856856108e-05,0.000000000000000000e+00,0.000000000000000000e+00
8.715094067156314850e-03,7.610206375829875469e-04,1.104887178371427581e-05,0.000000000000000000e+00,0.000000000000000000e+00
9.338354691863059998e-03,8.007420692592859268e-04,1.330934446741594002e-05,0.000000000000000000e+00,0.000000000000000000e+00
7.621639408171176910e-03,6.498175789602100849e-04,1.123463516705669463e-05,0.000000000000000000e+00,0.000000000000000000e+00
1.054381951689720154e-02,9.423488518223166466e-04,1.120330489357002079e-05,0.000000000000000000e+00,0.000000000000000000e+00
9.080768562853336334e-03,8.017935324460268021e-04,1.062834053300321102e-05,0.000000000000000000e+00,0.000000000000000000e+00
9.223351255059242249e-03,8.221351308748126030e-04,1.001999225991312414e-05,0.000000000000000000e+00,0.000000000000000000e+00
9.735221974551677704e-03,8.835900225676596165e-04,8.993218216346576810e-06,0.000000000000000000e+00,0.000000000000000000e+00
9.648274630308151245e-03,8.358003105968236923e-04,1.290271211473736912e-05,0.000000000000000000e+00,0.000000000000000000e+00
8.973548188805580139e-03,7.855311851017177105e-04,1.118236559705110267e-05,0.000000000000000000e+00,0.000000000000000000e+00
9.540849365293979645e-03,8.583000162616372108e-04,9.578490789863280952e-06,0.000000000000000000e+00,0.000000000000000000e+00
1.055626012384891510e-02,9.460590081289410591e-04,1.095670450013130903e-05,0.000000000000000000e+00,0.000000000000000000e+00
9.372686967253684998e-03,8.353610755875706673e-04,1.019076262309681624e-05,0.000000000000000000e+00,0.000000000000000000e+00
7.087817415595054626e-03,5.821246886625885963e-04,1.266570598090765998e-05,0.000000000000000000e+00,0.000000000000000000e+00
8.375126868486404419e-03,7.298206328414380550e-04,1.076920943887671456e-05,0.000000000000000000e+00,0.000000000000000000e+00
8.952099829912185669e-03,8.036526269279420376e-04,9.155735824606381357e-06,0.000000000000000000e+00,0.000000000000000000e+00
8.931903168559074402e-03,7.714551757089793682e-04,1.217350836668629199e-05,0.000000000000000000e+00,0.000000000000000000e+00
8.911736309528350830e-03,7.887749816291034222e-04,1.023986897052964196e-05,0.000000000000000000e+00,0.000000000000000000e+00
9.149562567472457886e-03,8.057352388277649879e-04,1.092210641218116507e-05,0.000000000000000000e+00,0.000000000000000000e+00
7.996166124939918518e-03,6.850926438346505165e-04,1.145239548350218683e-05,0.000000000000000000e+00,0.000000000000000000e+00
8.109711110591888428e-03,6.986642838455736637e-04,1.123068796005100012e-05,0.000000000000000000e+00,0.000000000000000000e+00
8.512957021594047546e-03,7.577076321467757225e-04,9.358805982628837228e-06,0.000000000000000000e+00,0.000000000000000000e+00
1.056643854826688766e-02,9.353579953312873840e-04,1.212858660437632352e-05,0.000000000000000000e+00,0.000000000000000000e+00
8.519101887941360474e-03,7.637788075953722000e-04,8.813141903374344110e-06,0.000000000000000000e+00,0.000000000000000000e+00
1.035264134407043457e-02,8.768484694883227348e-04,1.584156416356563568e-05,0.000000000000000000e+00,0.000000000000000000e+00
1.062084548175334930e-02,9.265683474950492382e-04,1.355161657556891441e-05,0.000000000000000000e+00,0.000000000000000000e+00
9.242674335837364197e-03,8.093825308606028557e-04,1.148848605225794017e-05,0.000000000000000000e+00,0.000000000000000000e+00
1.082232594490051270e-02,9.562625782564282417e-04,1.259700002265162766e-05,0.000000000000000000e+00,0.000000000000000000e+00
1.033458020538091660e-02,8.909296011552214622e-04,1.425283608114114031e-05,0.000000000000000000e+00,0.000000000000000000e+00
9.628110565245151520e-03,8.193558896891772747e-04,1.434551177226239815e-05,0.000000000000000000e+00,0.000000000000000000e+00
9.726666845381259918e-03,8.821224328130483627e-04,9.054423571797087789e-06,0.000000000000000000e+00,0.000000000000000000e+00
1.120646297931671143e-02,9.855245007202029228e-04,1.351217542833182961e-05,0.000000000000000000e+00,0.000000000000000000e+00
8.233578875660896301e-03,7.095074397511780262e-04,1.138504921982530504e-05,0.000000000000000000e+00,0.000000000000000000e+00
8.896791376173496246e-03,7.710523204877972603e-04,1.186268491437658668e-05,0.000000000000000000e+00,0.000000000000000000e+00
9.318724274635314941e-03,8.200971060432493687e-04,1.117752526624826714e-05,0.000000000000000000e+00,0.000000000000000000e+00
8.891184814274311066e-03,7.838272140361368656e-04,1.052912557497620583e-05,0.000000000000000000e+00,0.000000000000000000e+00
9.359111078083515167e-03,8.460087701678276062e-04,8.990235073724761605e-06,0.000000000000000000e+00,0.000000000000000000e+00
9.267454035580158234e-03,8.334318408742547035e-04,9.331355613539926708e-06,0.000000000000000000e+00,0.000000000000000000e+00
9.460530243813991547e-03,8.422091486863791943e-04,1.038438585965195671e-05,0.000000000000000000e+00,0.000000000000000000e+00
9.025923907756805420e-03,8.099505212157964706e-04,9.264183063351083547e-06,0.000000000000000000e+00,0.000000000000000000e+00
7.783255539834499359e-03,6.927227368578314781e-04,8.560278729419223964e-06,0.000000000000000000e+00,0.000000000000000000e+00
8.622376248240470886e-03,7.765644695609807968e-04,8.567315489926841110e-06,0.000000000000000000e+00,0.000000000000000000e+00
8.368745446205139160e-03,7.437366875819861889e-04,9.313782356912270188e-06,0.000000000000000000e+00,0.000000000000000000e+00
9.455531835556030273e-03,8.494193898513913155e-04,9.613384463591501117e-06,0.000000000000000000e+00,0.000000000000000000e+00
8.324857801198959351e-03,7.359659066423773766e-04,9.651980690250638872e-06,0.000000000000000000e+00,0.000000000000000000e+00
8.947374299168586731e-03,8.106516906991600990e-04,8.408576832152903080e-06,0.000000000000000000e+00,0.000000000000000000e+00
7.943331263959407806e-03,6.983809289522469044e-04,9.595219125912990421e-06,0.000000000000000000e+00,0.000000000000000000e+00
7.671159692108631134e-03,6.699247751384973526e-04,9.719117770146112889e-06,0.000000000000000000e+00,0.000000000000000000e+00
8.249192498624324799e-03,7.387453224509954453e-04,8.617395906185265630e-06,0.000000000000000000e+00,0.000000000000000000e+00
8.757933042943477631e-03,7.832897244952619076e-04,9.250357834389433265e-06,0.000000000000000000e+00,0.000000000000000000e+00
1.041882857680320740e-02,9.455468971282243729e-04,9.633597983338404447e-06,0.000000000000000000e+00,0.000000000000000000e+00
9.270998649299144745e-03,8.381777442991733551e-04,8.892208825272973627e-06,0.000000000000000000e+00,0.000000000000000000e+00
7.911746390163898468e-03,6.948734517209231853e-04,9.630120075598824769e-06,0.000000000000000000e+00,0.000000000000000000e+00
9.124916046857833862e-03,8.380395011045038700e-04,7.445206392731051892e-06,0.000000000000000000e+00,0.000000000000000000e+00
7.604375947266817093e-03,6.515411077998578548e-04,1.088964654627488926e-05,0.000000000000000000e+00,0.000000000000000000e+00
8.981903083622455597e-03,8.084164001047611237e-04,8.977387551567517221e-06,0.000000000000000000e+00,0.000000000000000000e+00
1.167164742946624756e-02,1.051766565069556236e-03,1.153981611423660070e-05,0.000000000000000000e+00,0.000000000000000000e+00
9.504484012722969055e-03,8.478676318190991879e-04,1.025808160193264484e-05,0.000000000000000000e+00,0.000000000000000000e+00
8.920443244278430939e-03,7.950358558446168900e-04,9.700847840576898307e-06,0.000000000000000000e+00,0.000000000000000000e+00
8.974131196737289429e-03,7.896343595348298550e-04,1.077787510439520702e-05,0.000000000000000000e+00,0.000000000000000000e+00
9.037517011165618896e-03,8.082368294708430767e-04,9.551489711157046258e-06,0.000000000000000000e+00,0.000000000000000000e+00
9.969828650355339050e-03,9.038672433234751225e-04,9.311561370850540698e-06,0.000000000000000000e+00,0.000000000000000000e+00
1.058219838887453079e-02,9.589676046743988991e-04,9.925222911988385022e-06,0.000000000000000000e+00,0.000000000000000000e+00
8.261404000222682953e-03,7.111211889423429966e-04,1.150191928900312632e-05,0.000000000000000000e+00,0.000000000000000000e+00
8.629997260868549347e-03,7.542201783508062363e-04,1.087795317289419472e-05,0.000000000000000000e+00,0.000000000000000000e+00
8.200834505259990692e-03,6.939652375876903534e-04,1.261182478629052639e-05,0.000000000000000000e+00,0.000000000000000000e+00
1.037984248250722885e-02,9.277180070057511330e-04,1.102662281482480466e-05,0.000000000000000000e+00,0.000000000000000000e+00
7.635548245161771774e-03,6.704322877340018749e-04,9.312253496318589896e-06,0.000000000000000000e+00,0.000000000000000000e+00
9.283960796892642975e-03,8.202153258025646210e-04,1.081807477021357045e-05,0.000000000000000000e+00,0.000000000000000000e+00
9.050655178725719452e-03,8.035477949306368828e-04,1.015177258523181081e-05,0.000000000000000000e+00,0.000000000000000000e+00
8.299072273075580597e-03,7.398478919640183449e-04,9.005932952277362347e-06,0.000000000000000000e+00,0.000000000000000000e+00
7.939731702208518982e-03,6.950232200324535370e-04,9.894998584059067070e-06,0.000000000000000000e+00,0.000000000000000000e+00
7.715933490544557571e-03,6.840900168754160404e-04,8.750335837248712778e-06,0.000000000000000000e+00,0.000000000000000000e+00
8.473902940750122070e-03,7.532503223046660423e-04,9.413993211637716740e-06,0.000000000000000000e+00,0.000000000000000000e+00
8.716314099729061127e-03,7.647209567949175835e-04,1.069103927875403315e-05,0.000000000000000000e+00,0.000000000000000000e+00
8.813590742647647858e-03,7.699990528635680676e-04,1.113600501412292942e-05,0.000000000000000000e+00,0.000000000000000000e+00
8.192711509764194489e-03,7.280402933247387409e-04,9.123083145823329687e-06,0.000000000000000000e+00,0.000000000000000000e+00
9.183159098029136658e-03,8.286723750643432140e-04,8.964356311480514705e-06,0.000000000000000000e+00,0.000000000000000000e+00
1.018191315233707428e-02,9.111933177337050438e-04,1.069979498424800113e-05,0.000000000000000000e+00,0.000000000000000000e+00
8.760470896959304810e-03,7.971146842464804649e-04,7.893240763223730028e-06,0.000000000000000000e+00,0.000000000000000000e+00
1.009769551455974579e-02,9.204439120367169380e-04,8.932566743169445544e-06,0.000000000000000000e+00,0.000000000000000000e+00
7.518679369240999222e-03,6.594916339963674545e-04,9.237632184522226453e-06,0.000000000000000000e+00,0.000000000000000000e+00
7.976649329066276550e-03,7.221945561468601227e-04,7.547042059741215780e-06,0.000000000000000000e+00,0.000000000000000000e+00
8.836870081722736359e-03,8.001445094123482704e-04,8.354249075637198985e-06,0.000000000000000000e+00,0.000000000000000000e+00
8.438194170594215393e-03,7.677123066969215870e-04,7.610712145833531395e-06,0.000000000000000000e+00,0.000000000000000000e+00
8.501404896378517151e-03,7.583225378766655922e-04,9.181796485790982842e-06,0.000000000000000000e+00,0.000000000000000000e+00
8.937151171267032623e-03,8.099680999293923378e-04,8.374699973501265049e-06,0.000000000000000000e+00,0.000000000000000000e+00
8.775414898991584778e-03,7.905497332103550434e-04,8.699174941284582019e-06,0.000000000000000000e+00,0.000000000000000000e+00
7.899920456111431122e-03,7.124152616597712040e-04,7.757678758935071528e-06,0.000000000000000000e+00,0.000000000000000000e+00
7.720837369561195374e-03,6.834430387243628502e-04,8.864065421221312135e-06,0.000000000000000000e+00,0.000000000000000000e+00
7.309137377887964249e-03,6.522222538478672504e-04,7.869150067563168705e-06,0.000000000000000000e+00,0.000000000000000000e+00
8.054284378886222839e-03,7.023281650617718697e-04,1.031002648232970387e-05,0.000000000000000000e+00,0.000000000000000000e+00
8.072912693023681641e-03,7.194713107310235500e-04,8.781995347817428410e-06,0.000000000000000000e+00,0.000000000000000000e+00
7.808011490851640701e-03,7.055172463878989220e-04,7.528386504418449476e-06,0.000000000000000000e+00,0.000000000000000000e+00
1.024893857538700104e-02,9.405713062733411789e-04,8.432247341261245310e-06,0.000000000000000000e+00,0.000000000000000000e+00
8.849706500768661499e-03,8.050235919654369354e-04,7.994703992153517902e-06,0.000000000000000000e+00,0.000000000000000000e+00
8.402314968407154083e-03,7.631802000105381012e-04,7.705129974056035280e-06,0.000000000000000000e+00,0.000000000000000000e+00
9.216761216521263123e-03,8.293829159811139107e-04,9.229326678905636072e-06,0.000000000000000000e+00,0.000000000000000000e+00
8.466747589409351349e-03,7.545165717601776123e-04,9.215817044605500996e-06,0.000000000000000000e+00,0.000000000000000000e+00
8.117790333926677704e-03,7.252594223245978355e-04,8.651955795357935131e-06,0.000000000000000000e+00,0.000000000000000000e+00
8.281021378934383392e-03,7.503079250454902649e-04,7.779421139275655150e-06,0.000000000000000000e+00,0.000000000000000000e+00
8.040423505008220673e-03,7.268288172781467438e-04,7.721351721556857228e-06,0.000000000000000000e+00,0.000000000000000000e+00
9.132679551839828491e-03,8.280943147838115692e-04,8.517366950400173664e-06,0.000000000000000000e+00,0.000000000000000000e+00
8.263227529823780060e-03,7.406881777569651604e-04,8.563455594412516803e-06,0.000000000000000000e+00,0.000000000000000000e+00
8.095029741525650024e-03,7.141955429688096046e-04,9.530740499030798674e-06,0.000000000000000000e+00,0.000000000000000000e+00
8.635003119707107544e-03,7.677439716644585133e-04,9.575639523973222822e-06,0.000000000000000000e+00,0.000000000000000000e+00
8.290598168969154358e-03,7.313286187127232552e-04,9.773117199074476957e-06,0.000000000000000000e+00,0.000000000000000000e+00
8.080577477812767029e-03,7.261860882863402367e-04,8.187159437511581928e-06,0.000000000000000000e+00,0.000000000000000000e+00
9.848888963460922241e-03,8.839909569360315800e-04,1.008978597383247688e-05,0.000000000000000000e+00,0.000000000000000000e+00
9.810680523514747620e-03,8.622063323855400085e-04,1.188616806757636368e-05,0.000000000000000000e+00,0.000000000000000000e+00
9.328219108283519745e-03,8.382350206375122070e-04,9.458685781282838434e-06,0.000000000000000000e+00,0.000000000000000000e+00
7.078188005834817886e-03,6.065733032301068306e-04,1.012455140880774707e-05,0.000000000000000000e+00,0.000000000000000000e+00
7.392502855509519577e-03,6.480672163888812065e-04,9.118302841670811176e-06,0.000000000000000000e+00,0.000000000000000000e+00
9.944370016455650330e-03,8.809390710666775703e-04,1.134979993366869166e-05,0.000000000000000000e+00,0.000000000000000000e+00
8.545667864382266998e-03,7.667706231586635113e-04,8.779614290688186884e-06,0.000000000000000000e+00,0.000000000000000000e+00
9.268538095057010651e-03,8.307667449116706848e-04,9.608704203856177628e-06,0.000000000000000000e+00,0.000000000000000000e+00
9.240058250725269318e-03,8.255391148850321770e-04,9.846667126112151891e-06,0.000000000000000000e+00,0.000000000000000000e+00
7.116817869246006012e-03,5.942363059148192406e-04,1.174454700958449394e-05,0.000000000000000000e+00,0.000000000000000000e+00
7.760174572467803955e-03,6.577922031283378601e-04,1.182252435683039948e-05,0.000000000000000000e+00,0.000000000000000000e+00
7.909256033599376678e-03,6.945168133825063705e-04,9.640880307415500283e-06,0.000000000000000000e+00,0.000000000000000000e+00
9.047991596162319183e-03,8.227632497437298298e-04,8.203594916267320514e-06,0.000000000000000000e+00,0.000000000000000000e+00
9.190633893013000488e-03,8.011159370653331280e-04,1.179474384116474539e-05,0.000000000000000000e+00,0.000000000000000000e+00
8.586616255342960358e-03,7.397461449727416039e-04,1.189154954772675410e-05,0.000000000000000000e+00,0.000000000000000000e+00
8.711453527212142944e-03,7.821816834621131420e-04,8.896367035049479455e-06,0.000000000000000000e+00,0.000000000000000000e+00
8.451294153928756714e-03,7.392546976916491985e-04,1.058746784110553563e-05,0.000000000000000000e+00,0.000000000000000000e+00
9.151790291070938110e-03,8.304698276333510876e-04,8.470920874970033765e-06,0.000000000000000000e+00,0.000000000000000000e+00
8.209826424717903137e-03,7.175798527896404266e-04,1.034028173307888210e-05,0.000000000000000000e+00,0.000000000000000000e+00
8.789562620222568512e-03,7.898447220213711262e-04,8.911157237889710814e-06,0.000000000000000000e+00,0.000000000000000000e+00
8.316293358802795410e-03,7.509435527026653290e-04,8.068574061326216906e-06,0.000000000000000000e+00,0.000000000000000000e+00
9.110737591981887817e-03,8.176591945812106133e-04,9.341449185740202665e-06,0.000000000000000000e+00,0.000000000000000000e+00
7.991629652678966522e-03,7.057022303342819214e-04,9.346070328319910914e-06,0.000000000000000000e+00,0.000000000000000000e+00
7.677315268665552139e-03,6.862290902063250542e-04,8.150240319082513452e-06,0.000000000000000000e+00,0.000000000000000000e+00
7.260974496603012085e-03,6.455563707277178764e-04,8.054104910115711391e-06,0.000000000000000000e+00,0.000000000000000000e+00
8.464746177196502686e-03,7.554155890829861164e-04,9.105908247875049710e-06,0.000000000000000000e+00,0.000000000000000000e+00
9.609838016331195831e-03,8.746464736759662628e-04,8.633733159513212740e-06,0.000000000000000000e+00,0.000000000000000000e+00
8.303054608404636383e-03,7.458887994289398193e-04,8.441667887382209301e-06,0.000000000000000000e+00,0.000000000000000000e+00
8.281114511191844940e-03,7.419024477712810040e-04,8.620896551292389631e-06,0.000000000000000000e+00,0.000000000000000000e+00
7.601553574204444885e-03,6.903895991854369640e-04,6.976573331485269591e-06,0.000000000000000000e+00,0.000000000000000000e+00
8.396658115088939667e-03,7.557473145425319672e-04,8.391852134082000703e-06,0.000000000000000000e+00,0.000000000000000000e+00
8.691880851984024048e-03,7.874497096054255962e-04,8.173832611646503210e-06,0.000000000000000000e+00,0.000000000000000000e+00
6.703330669552087784e-03,5.847602151334285736e-04,8.557286491850391030e-06,0.000000000000000000e+00,0.000000000000000000e+00
7.991348393261432648e-03,7.166755385696887970e-04,8.245933713624253869e-06,0.000000000000000000e+00,0.000000000000000000e+00
8.179297670722007751e-03,7.315020775422453880e-04,8.642764441901817918e-06,0.000000000000000000e+00,0.000000000000000000e+00
8.211885578930377960e-03,7.482469081878662109e-04,7.294164788618218154e-06,0.000000000000000000e+00,0.000000000000000000e+00
8.173219859600067139e-03,7.254871306940913200e-04,9.183481779473368078e-06,0.000000000000000000e+00,0.000000000000000000e+00
7.023757323622703552e-03,6.269190344028174877e-04,7.545670086983591318e-06,0.000000000000000000e+00,0.000000000000000000e+00
6.683484651148319244e-03,5.763532826676964760e-04,9.199518899549730122e-06,0.000000000000000000e+00,0.000000000000000000e+00
8.003146387636661530e-03,7.111094892024993896e-04,8.920516847865656018e-06,0.000000000000000000e+00,0.000000000000000000e+00
7.628791034221649170e-03,6.851480575278401375e-04,7.773109246045351028e-06,0.000000000000000000e+00,0.000000000000000000e+00
8.177846670150756836e-03,7.206806913018226624e-04,9.710392987472005188e-06,0.000000000000000000e+00,0.000000000000000000e+00
7.194768171757459641e-03,6.382426363416016102e-04,8.123419320327229798e-06,0.000000000000000000e+00,0.000000000000000000e+00
8.753973990678787231e-03,7.926042890176177025e-04,8.279312169179320335e-06,0.000000000000000000e+00,0.000000000000000000e+00
8.793599903583526611e-03,7.981567759998142719e-04,8.120319762383587658e-06,0.000000000000000000e+00,0.000000000000000000e+00
7.449465803802013397e-03,6.590589182451367378e-04,8.588765922468155622e-06,0.000000000000000000e+00,0.000000000000000000e+00
7.412272505462169647e-03,6.580635672435164452e-04,8.316366802318952978e-06,0.000000000000000000e+00,0.000000000000000000e+00
8.211142383515834808e-03,7.416390581056475639e-04,7.947515769046731293e-06,0.000000000000000000e+00,0.000000000000000000e+00
8.096511475741863251e-03,7.255185628309845924e-04,8.413259820372331887e-06,0.000000000000000000e+00,0.000000000000000000e+00
6.556130014359951019e-03,5.714919534511864185e-04,8.412103852606378496e-06,0.000000000000000000e+00,0.000000000000000000e+00
7.422698661684989929e-03,6.622815271839499474e-04,7.998829460120759904e-06,0.000000000000000000e+00,0.000000000000000000e+00
7.076381705701351166e-03,6.269851000979542732e-04,8.065309884841553867e-06,0.000000000000000000e+00,0.000000000000000000e+00
7.226079702377319336e-03,6.365997833199799061e-04,8.600820365245454013e-06,0.000000000000000000e+00,0.000000000000000000e+00
8.275785483419895172e-03,7.475520251318812370e-04,8.002647518878802657e-06,0.000000000000000000e+00,0.000000000000000000e+00
7.449482101947069168e-03,6.557096494361758232e-04,8.923854693421162665e-06,0.000000000000000000e+00,0.000000000000000000e+00
7.611328735947608948e-03,6.876859115436673164e-04,7.344697223743423820e-06,0.000000000000000000e+00,0.000000000000000000e+00
7.905539125204086304e-03,6.806501187384128571e-04,1.099037945095915347e-05,0.000000000000000000e+00,0.000000000000000000e+00
7.204623892903327942e-03,6.286675925366580486e-04,9.179480912280268967e-06,0.000000000000000000e+00,0.000000000000000000e+00
7.853406481444835663e-03,7.063410012051463127e-04,7.899960110080428421e-06,0.000000000000000000e+00,0.000000000000000000e+00
6.890199612826108932e-03,6.139585748314857483e-04,7.506138445023680106e-06,0.000000000000000000e+00,0.000000000000000000e+00
7.726213429123163223e-03,6.748693995177745819e-04,9.775194484973326325e-06,0.000000000000000000e+00,0.000000000000000000e+00
9.200626984238624573e-03,8.275344152934849262e-04,9.252833478967659175e-06,0.000000000000000000e+00,0.000000000000000000e+00
7.730977609753608704e-03,6.788342143408954144e-04,9.426354154129512608e-06,0.000000000000000000e+00,0.000000000000000000e+00
7.632538210600614548e-03,6.900402950122952461e-04,7.321356861211825162e-06,0.000000000000000000e+00,0.000000000000000000e+00
8.331931196153163910e-03,7.482282817363739014e-04,8.496481314068660140e-06,0.000000000000000000e+00,0.000000000000000000e+00
6.953137461096048355e-03,5.970662459731101990e-04,9.824749213294126093e-06,0.000000000000000000e+00,0.000000000000000000e+00
6.420937832444906235e-03,5.544432206079363823e-04,8.765053280512802303e-06,0.000000000000000000e+00,0.000000000000000000e+00
7.672870997339487076e-03,6.826954195275902748e-04,8.459169293928425759e-06,0.000000000000000000e+00,0.000000000000000000e+00
8.132221177220344543e-03,7.245471351779997349e-04,8.867503311194013804e-06,0.000000000000000000e+00,0.000000000000000000e+00
6.786358077079057693e-03,5.999045679345726967e-04,7.873124559409916401e-06,0.000000000000000000e+00,0.000000000000000000e+00
7.273962721228599548e-03,6.363192806020379066e-04,9.107699042942840606e-06,0.000000000000000000e+00,0.000000000000000000e+00
7.795584388077259064e-03,6.982745253480970860e-04,8.128394256345927715e-06,0.000000000000000000e+00,0.000000000000000000e+00
7.322586141526699066e-03,6.475000991486012936e-04,8.475852155243046582e-06,0.000000000000000000e+00,0.000000000000000000e+00
7.796273101121187210e-03,7.074876921251416206e-04,7.213965091068530455e-06,0.000000000000000000e+00,0.000000000000000000e+00
6.952386349439620972e-03,6.203907541930675507e-04,7.484786237910157070e-06,0.000000000000000000e+00,0.000000000000000000e+00
7.955029606819152832e-03,7.193630444817245007e-04,7.613994057464879006e-06,0.000000000000000000e+00,0.000000000000000000e+00
7.598747499287128448e-03,6.857582484371960163e-04,7.411652404698543251e-06,0.000000000000000000e+00,0.000000000000000000e+00
8.941550739109516144e-03,8.192729437723755836e-04,7.488215487683191895e-06,0.000000000000000000e+00,0.000000000000000000e+00
8.077209815382957458e-03,7.224262226372957230e-04,8.529473234375473112e-06,0.000000000000000000e+00,0.000000000000000000e+00
7.899342104792594910e-03,7.071204017847776413e-04,8.281383998109959066e-06,0.000000000000000000e+00,0.000000000000000000e+00
8.091270923614501953e-03,7.214900106191635132e-04,8.763709047343581915e-06,0.000000000000000000e+00,0.000000000000000000e+00
8.868616074323654175e-03,8.093162905424833298e-04,7.754527359793428332e-06,0.000000000000000000e+00,0.000000000000000000e+00
7.364239078015089035e-03,6.537491572089493275e-04,8.267477824119850993e-06,0.000000000000000000e+00,0.000000000000000000e+00
9.084888733923435211e-03,8.326919050887227058e-04,7.579702014481881633e-06,0.000000000000000000e+00,0.000000000000000000e+00
6.899209693074226379e-03,6.052479147911071777e-04,8.467304724035784602e-06,0.000000000000000000e+00,0.000000000000000000e+00
8.702232502400875092e-03,7.810893002897500992e-04,8.913396413845475763e-06,0.000000000000000000e+00,0.000000000000000000e+00
7.084274198859930038e-03,6.269600125961005688e-04,8.146740583470091224e-06,0.000000000000000000e+00,0.000000000000000000e+00
7.330194581300020218e-03,6.378180696628987789e-04,9.520137609797529876e-06,0.000000000000000000e+00,0.000000000000000000e+00
7.810734212398529053e-03,6.898232968524098396e-04,9.125015822064597160e-06,0.000000000000000000e+00,0.000000000000000000e+00
8.201678283512592316e-03,7.328611100092530251e-04,8.730678018764592707e-06,0.000000000000000000e+00,0.000000000000000000e+00
7.616758346557617188e-03,6.704888655804097652e-04,9.118695743381977081e-06,0.000000000000000000e+00,0.000000000000000000e+00
7.339410018175840378e-03,6.406195461750030518e-04,9.332144145446363837e-06,0.000000000000000000e+00,0.000000000000000000e+00
7.869919762015342712e-03,7.058071787469089031e-04,8.118483492580708116e-06,0.000000000000000000e+00,0.000000000000000000e+00
7.548720575869083405e-03,6.513746920973062515e-04,1.034973774949321523e-05,0.000000000000000000e+00,0.000000000000000000e+00
6.889421958476305008e-03,6.094168638810515404e-04,7.952530722832307220e-06,0.000000000000000000e+00,0.000000000000000000e+00
6.935341283679008484e-03,5.948590114712715149e-04,9.867513654171489179e-06,0.000000000000000000e+00,0.000000000000000000e+00
8.168523199856281281e-03,7.234562071971595287e-04,9.339608368463814259e-06,0.000000000000000000e+00,0.000000000000000000e+00
7.686527911573648453e-03,6.604884983971714973e-04,1.081643222278216854e-05,0.000000000000000000e+00,0.000000000000000000e+00
8.673573844134807587e-03,7.756308186799287796e-04,9.172654245048761368e-06,0.000000000000000000e+00,0.000000000000000000e+00
8.296396583318710327e-03,7.547492859885096550e-04,7.489033578167436644e-06,0.000000000000000000e+00,0.000000000000000000e+00
7.590939756482839584e-03,6.780140683986246586e-04,8.107992471195757389e-06,0.000000000000000000e+00,0.000000000000000000e+00
7.269400171935558319e-03,6.197759066708385944e-04,1.071640963345998898e-05,0.000000000000000000e+00,0.000000000000000000e+00
6.659710779786109924e-03,5.758593906648457050e-04,9.011169822770170867e-06,0.000000000000000000e+00,0.000000000000000000e+00
7.724126800894737244e-03,6.750581087544560432e-04,9.735459570947568864e-06,0.000000000000000000e+00,0.000000000000000000e+00
8.125979453325271606e-03,7.314002141356468201e-04,8.119769518089015037e-06,0.000000000000000000e+00,0.000000000000000000e+00
7.558654062449932098e-03,6.612619617953896523e-04,9.460347428102977574e-06,0.000000000000000000e+00,0.000000000000000000e+00
7.373364176601171494e-03,6.546437507495284081e-04,8.269263162219431251e-06,0.000000000000000000e+00,0.000000000000000000e+00
7.007952313870191574e-03,6.048668874427676201e-04,9.592832611815538257e-06,0.000000000000000000e+00,0.000000000000000000e+00
7.795399054884910583e-03,6.999816978350281715e-04,7.955821274663321674e-06,0.000000000000000000e+00,0.000000000000000000e+00
9.183204732835292816e-03,8.252227562479674816e-04,9.309766937803942710e-06,0.000000000000000000e+00,0.000000000000000000e+00
7.522420492023229599e-03,6.621284410357475281e-04,9.011362635646946728e-06,0.000000000000000000e+00,0.000000000000000000e+00
8.129566907882690430e-03,7.168037700466811657e-04,9.615286217012908310e-06,0.000000000000000000e+00,0.000000000000000000e+00
7.417828775942325592e-03,6.383304717019200325e-04,1.034524393617175519e-05,0.000000000000000000e+00,0.000000000000000000e+00
8.482692763209342957e-03,7.573141483590006828e-04,9.095512723433785141e-06,0.000000000000000000e+00,0.000000000000000000e+00
6.224762182682752609e-03,5.275167059153318405e-04,9.495950507698580623e-06,0.000000000000000000e+00,0.000000000000000000e+00
7.123803719878196716e-03,6.168117979541420937e-04,9.556862096360418946e-06,0.000000000000000000e+00,0.000000000000000000e+00
6.379887461662292480e-03,5.622868193313479424e-04,7.570188245153985918e-06,0.000000000000000000e+00,0.000000000000000000e+00
7.652186788618564606e-03,6.829233025200664997e-04,8.229538252635393292e-06,0.000000000000000000e+00,0.000000000000000000e+00
7.687613368034362793e-03,6.782467826269567013e-04,9.051455890585202724e-06,0.000000000000000000e+00,0.000000000000000000e+00
7.610457018017768860e-03,6.548840319737792015e-04,1.061616421793587506e-05,0.000000000000000000e+00,0.000000000000000000e+00
7.799404673278331757e-03,6.945697823539376259e-04,8.537072062608785927e-06,0.000000000000000000e+00,0.000000000000000000e+00
7.278126664459705353e-03,6.471218657679855824e-04,8.069082468864507973e-06,0.000000000000000000e+00,0.000000000000000000e+00
7.314434740692377090e-03,6.382230785675346851e-04,9.322042387793771923e-06,0.000000000000000000e+00,0.000000000000000000e+00
7.774657104164361954e-03,6.950498209334909916e-04,8.241588147939182818e-06,0.000000000000000000e+00,0.000000000000000000e+00
6.817935500293970108e-03,5.993758677504956722e-04,8.241768227890133858e-06,0.000000000000000000e+00,0.000000000000000000e+00
6.074091885238885880e-03,5.226875655353069305e-04,8.472163244732655585e-06,0.000000000000000000e+00,0.000000000000000000e+00
7.335911039263010025e-03,6.460610311478376389e-04,8.753006113693118095e-06,0.000000000000000000e+00,0.000000000000000000e+00
6.932814605534076691e-03,6.184631492942571640e-04,7.481832199118798599e-06,0.000000000000000000e+00,0.000000000000000000e+00
7.794109638780355453e-03,6.987495580688118935e-04,8.066142981988377869e-06,0.000000000000000000e+00,0.000000000000000000e+00
6.938099861145019531e-03,6.084447377361357212e-04,8.536526365787722170e-06,0.000000000000000000e+00,0.000000000000000000e+00
7.160140667110681534e-03,6.281893583945930004e-04,8.782469194557052106e-06,0.000000000000000000e+00,0.000000000000000000e+00
7.247390691190958023e-03,6.444607861340045929e-04,8.027829608181491494e-06,0.000000000000000000e+00,0.000000000000000000e+00
7.398487534373998642e-03,6.528313970193266869e-04,8.701735168870072812e-06,0.000000000000000000e+00,0.000000000000000000e+00
6.979406345635652542e-03,6.155626615509390831e-04,8.237794645538087934e-06,0.000000000000000000e+00,0.000000000000000000e+00
7.453612983226776123e-03,6.605986272916197777e-04,8.476262337353546172e-06,0.000000000000000000e+00,0.000000000000000000e+00
7.888777181506156921e-03,7.000642362982034683e-04,8.881350368028506637e-06,0.000000000000000000e+00,0.000000000000000000e+00
7.518714759498834610e-03,6.815351080149412155e-04,7.033635029074503109e-06,0.000000000000000000e+00,0.000000000000000000e+00
6.854478735476732254e-03,5.971444770693778992e-04,8.830338629195466638e-06,0.000000000000000000e+00,0.000000000000000000e+00
7.861378602683544159e-03,6.973001873120665550e-04,8.883762347977608442e-06,0.000000000000000000e+00,0.000000000000000000e+00
7.623440586030483246e-03,6.725715356878936291e-04,8.977249308372847736e-06,0.000000000000000000e+00,0.000000000000000000e+00
8.055485785007476807e-03,7.102304371073842049e-04,9.531811883789487183e-06,0.000000000000000000e+00,0.000000000000000000e+00
7.791954558342695236e-03,6.918745348230004311e-04,8.732095921004656702e-06,0.000000000000000000e+00,0.000000000000000000e+00
7.938489317893981934e-03,7.102105300873517990e-04,8.363838787772692740e-06,0.000000000000000000e+00,0.000000000000000000e+00
7.754983846098184586e-03,6.945738568902015686e-04,8.092454663710668683e-06,0.000000000000000000e+00,0.000000000000000000e+00
7.029546424746513367e-03,6.112438277341425419e-04,9.171080819214694202e-06,0.000000000000000000e+00,0.000000000000000000e+00
7.502502296119928360e-03,6.597932660952210426e-04,9.045697879628278315e-06,0.000000000000000000e+00,0.000000000000000000e+00
7.470452226698398590e-03,6.598713225685060024e-04,8.717391210666391999e-06,0.000000000000000000e+00,0.000000000000000000e+00
8.224221877753734589e-03,7.446847739629447460e-04,7.773740435368381441e-06,0.000000000000000000e+00,0.000000000000000000e+00
6.384514272212982178e-03,5.539652192965149879e-04,8.448623702861368656e-06,0.000000000000000000e+00,0.000000000000000000e+00
6.632404867559671402e-03,5.766231333836913109e-04,8.661732863401994109e-06,0.000000000000000000e+00,0.000000000000000000e+00
6.465001031756401062e-03,5.623607430607080460e-04,8.413937393925152719e-06,0.000000000000000000e+00,0.000000000000000000e+00
6.987550295889377594e-03,6.055355188436806202e-04,9.321949619334191084e-06,0.000000000000000000e+00,0.000000000000000000e+00
6.959219928830862045e-03,6.105157081037759781e-04,8.540628186892718077e-06,0.000000000000000000e+00,0.000000000000000000e+00
6.846831645816564560e-03,6.047578062862157822e-04,7.992537575773894787e-06,0.000000000000000000e+00,0.000000000000000000e+00
7.043904624879360199e-03,6.258388748392462730e-04,7.855156582081690431e-06,0.000000000000000000e+00,0.000000000000000000e+00
6.401801947504281998e-03,5.614502588286995888e-04,7.872994501667562872e-06,0.000000000000000000e+00,0.000000000000000000e+00
6.611496675759553909e-03,5.900365649722516537e-04,7.111310878826770931e-06,0.000000000000000000e+00,0.000000000000000000e+00
6.650882773101329803e-03,5.891703185625374317e-04,7.591797384520759806e-06,0.000000000000000000e+00,0.000000000000000000e+00
6.462990306317806244e-03,5.749835399910807610e-04,7.131546681193867698e-06,0.000000000000000000e+00,0.000000000000000000e+00
7.582364603877067566e-03,6.842385046184062958e-04,7.399797596008284017e-06,0.000000000000000000e+00,0.000000000000000000e+00
6.538987625390291214e-03,5.749900592491030693e-04,7.890866982052102685e-06,0.000000000000000000e+00,0.000000000000000000e+00
7.164169568568468094e-03,6.358114769682288170e-04,8.060544132604263723e-06,0.000000000000000000e+00,0.000000000000000000e+00
7.809521164745092392e-03,6.905683549121022224e-04,9.038379175763111562e-06,0.000000000000000000e+00,0.000000000000000000e+00
7.682647556066513062e-03,6.829291814938187599e-04,8.533561413059942424e-06,0.000000000000000000e+00,0.000000000000000000e+00
9.008055552840232849e-03,8.238081354647874832e-04,7.699751222389750183e-06,0.000000000000000000e+00,0.000000000000000000e+00
7.081937976181507111e-03,6.323558045551180840e-04,7.583798833366017789e-06,0.000000000000000000e+00,0.000000000000000000e+00
7.918594405055046082e-03,7.047158433124423027e-04,8.714359864825382829e-06,0.000000000000000000e+00,0.000000000000000000e+00
7.875526323914527893e-03,7.017525495029985905e-04,8.580011126468889415e-06,0.000000000000000000e+00,0.000000000000000000e+00
6.404485087841749191e-03,5.524280131794512272e-04,8.802051524980925024e-06,0.000000000000000000e+00,0.000000000000000000e+00
7.184763904660940170e-03,6.336210062727332115e-04,8.485536454827524722e-06,0.000000000000000000e+00,0.000000000000000000e+00
7.233138661831617355e-03,6.443897727876901627e-04,7.892409485066309571e-06,0.000000000000000000e+00,0.000000000000000000e+00
5.928779020905494690e-03,5.129520432092249393e-04,7.992588507477194071e-06,0.000000000000000000e+00,0.000000000000000000e+00
8.590253069996833801e-03,7.883613579906523228e-04,7.066393209242960438e-06,0.000000000000000000e+00,0.000000000000000000e+00
7.633583154529333115e-03,6.825902964919805527e-04,8.076800440903753042e-06,0.000000000000000000e+00,0.000000000000000000e+00
9.261095896363258362e-03,8.461354300379753113e-04,7.997414286364801228e-06,0.000000000000000000e+00,0.000000000000000000e+00
6.632210686802864075e-03,5.842861719429492950e-04,7.893488145782612264e-06,0.000000000000000000e+00,0.000000000000000000e+00
6.657463498413562775e-03,5.903622368350625038e-04,7.538411409768741578e-06,0.000000000000000000e+00,0.000000000000000000e+00
6.759561598300933838e-03,5.921341944485902786e-04,8.382197847822681069e-06,0.000000000000000000e+00,0.000000000000000000e+00
7.499565370380878448e-03,6.584310322068631649e-04,9.152548955171369016e-06,0.000000000000000000e+00,0.000000000000000000e+00
7.871138863265514374e-03,7.131167803891003132e-04,7.399708010780159384e-06,0.000000000000000000e+00,0.000000000000000000e+00
6.711888127028942108e-03,5.887575680390000343e-04,8.243128831963986158e-06,0.000000000000000000e+00,0.000000000000000000e+00
7.481958251446485519e-03,6.735706701874732971e-04,7.462515441147843376e-06,0.000000000000000000e+00,0.000000000000000000e+00
6.034911144524812698e-03,5.293582798913121223e-04,7.413285857182927430e-06,0.000000000000000000e+00,0.000000000000000000e+00
7.738475687801837921e-03,6.903566536493599415e-04,8.349092240678146482e-06,0.000000000000000000e+00,0.000000000000000000e+00
8.596953004598617554e-03,7.768732029944658279e-04,8.282209819299168885e-06,0.000000000000000000e+00,0.000000000000000000e+00
8.144107647240161896e-03,7.371214451268315315e-04,7.728931450401432812e-06,0.000000000000000000e+00,0.000000000000000000e+00
6.994464900344610214e-03,6.315759965218603611e-04,6.787051461287774146e-06,0.000000000000000000e+00,0.000000000000000000e+00
8.953405544161796570e-03,8.125716703943908215e-04,8.276888365799095482e-06,0.000000000000000000e+00,0.000000000000000000e+00
7.304149214178323746e-03,6.569162942469120026e-04,7.349862244154792279e-06,0.000000000000000000e+00,0.000000000000000000e+00
6.405149586498737335e-03,5.579495336860418320e-04,8.256544788309838623e-06,0.000000000000000000e+00,0.000000000000000000e+00
6.467470433562994003e-03,5.693861749023199081e-04,7.736087354714982212e-06,0.000000000000000000e+00,0.000000000000000000e+00
7.945715449750423431e-03,7.134057232178747654e-04,8.116586286632809788e-06,0.000000000000000000e+00,0.000000000000000000e+00
6.306810770183801651e-03,5.625487538054585457e-04,6.813236268499167636e-06,0.000000000000000000e+00,0.000000000000000000e+00
7.039810996502637863e-03,6.318208761513233185e-04,7.216022822831291705e-06,0.000000000000000000e+00,0.000000000000000000e+00
6.623901426792144775e-03,5.914279026910662651e-04,7.096220542734954506e-06,0.000000000000000000e+00,0.000000000000000000e+00
6.920354440808296204e-03,6.032035453245043755e-04,8.883188456820789725e-06,0.000000000000000000e+00,0.000000000000000000e+00
7.002267520874738693e-03,6.322712288238108158e-04,6.795552053517894819e-06,0.000000000000000000e+00,0.000000000000000000e+00
7.283139973878860474e-03,6.511249230243265629e-04,7.718908818787895143e-06,0.000000000000000000e+00,0.000000000000000000e+00
6.631013937294483185e-03,5.942765856161713600e-04,6.882483376102754846e-06,0.000000000000000000e+00,0.000000000000000000e+00
7.788846269249916077e-03,6.945402128621935844e-04,8.434439223492518067e-06,0.000000000000000000e+00,0.000000000000000000e+00
7.620272226631641388e-03,6.797451060265302658e-04,8.228211299865506589e-06,0.000000000000000000e+00,0.000000000000000000e+00
6.764723919332027435e-03,5.933766951784491539e-04,8.309565600939095020e-06,0.000000000000000000e+00,0.000000000000000000e+00
6.657900288701057434e-03,5.997798871248960495e-04,6.601016139029525220e-06,0.000000000000000000e+00,0.000000000000000000e+00
5.833352450281381607e-03,5.027174483984708786e-04,8.061781045398674905e-06,0.000000000000000000e+00,0.000000000000000000e+00
8.042691275477409363e-03,7.269730558618903160e-04,7.729599929007235914e-06,0.000000000000000000e+00,0.000000000000000000e+00
6.363726221024990082e-03,5.573028465732932091e-04,7.906975952209904790e-06,0.000000000000000000e+00,0.000000000000000000e+00
6.820606533437967300e-03,6.080828607082366943e-04,7.397780791507102549e-06,0.000000000000000000e+00,0.000000000000000000e+00
6.758843082934617996e-03,5.876590730622410774e-04,8.822524250717833638e-06,0.000000000000000000e+00,0.000000000000000000e+00
7.149282842874526978e-03,6.404216401278972626e-04,7.450663360941689461e-06,0.000000000000000000e+00,0.000000000000000000e+00
7.749342359602451324e-03,6.962702609598636627e-04,7.866399755585007370e-06,0.000000000000000000e+00,0.000000000000000000e+00
6.791039370000362396e-03,5.999647546559572220e-04,7.913916306279134005e-06,0.000000000000000000e+00,0.000000000000000000e+00
6.245953962206840515e-03,5.430120509117841721e-04,8.158333002938888967e-06,0.000000000000000000e+00,0.000000000000000000e+00
6.945968605577945709e-03,6.065951311029493809e-04,8.800176146905869246e-06,0.000000000000000000e+00,0.000000000000000000e+00
6.405172869563102722e-03,5.538569530472159386e-04,8.666029316373169422e-06,0.000000000000000000e+00,0.000000000000000000e+00
6.069489754736423492e-03,5.246743094176054001e-04,8.227465514210052788e-06,0.000000000000000000e+00,0.000000000000000000e+00
6.654319353401660919e-03,5.812887684442102909e-04,8.414319381699897349e-06,0.000000000000000000e+00,0.000000000000000000e+00
6.323570385575294495e-03,5.501155974343419075e-04,8.224144039559178054e-06,0.000000000000000000e+00,0.000000000000000000e+00
7.765955291688442230e-03,6.937123835086822510e-04,8.288316166726872325e-06,0.000000000000000000e+00,0.000000000000000000e+00
7.236448116600513458e-03,6.416229298338294029e-04,8.202187927963677794e-06,0.000000000000000000e+00,0.000000000000000000e+00
6.827560719102621078e-03,6.117008160799741745e-04,7.105526947270845994e-06,0.000000000000000000e+00,0.000000000000000000e+00
7.642640732228755951e-03,6.913969991728663445e-04,7.286703294084873050e-06,0.000000000000000000e+00,0.000000000000000000e+00
6.524475757032632828e-03,5.757585167884826660e-04,7.668907528568524867e-06,0.000000000000000000e+00,0.000000000000000000e+00
5.953717976808547974e-03,5.261743208393454552e-04,6.919744464539689943e-06,0.000000000000000000e+00,0.000000000000000000e+00
7.243643049150705338e-03,6.525236531160771847e-04,7.184064998000394553e-06,0.000000000000000000e+00,0.000000000000000000e+00
6.320651154965162277e-03,5.538272671401500702e-04,7.823783562344033271e-06,0.000000000000000000e+00,0.000000000000000000e+00
7.822280749678611755e-03,7.098130881786346436e-04,7.241499588417354971e-06,0.000000000000000000e+00,0.000000000000000000e+00
8.215938694775104523e-03,7.546414854004979134e-04,6.695237061649095267e-06,0.000000000000000000e+00,0.000000000000000000e+00
6.849480327218770981e-03,6.098493468016386032e-04,7.509870101785054430e-06,0.000000000000000000e+00,0.000000000000000000e+00
6.190601736307144165e-03,5.460776737891137600e-04,7.298246600839775056e-06,0.000000000000000000e+00,0.000000000000000000e+00
6.727464031428098679e-03,5.963819567114114761e-04,7.636444934178143740e-06,0.000000000000000000e+00,0.000000000000000000e+00
7.767449133098125458e-03,7.002409547567367554e-04,7.650397492398042232e-06,0.000000000000000000e+00,0.000000000000000000e+00
7.103695068508386612e-03,6.313199992291629314e-04,7.904951417003758252e-06,0.000000000000000000e+00,0.000000000000000000e+00
7.017387077212333679e-03,6.177191389724612236e-04,8.401956620218697935e-06,0.000000000000000000e+00,0.000000000000000000e+00
6.819045171141624451e-03,6.033353274688124657e-04,7.856915544834919274e-06,0.000000000000000000e+00,0.000000000000000000e+00
7.008112035691738129e-03,6.221086950972676277e-04,7.870250556152313948e-06,0.000000000000000000e+00,0.000000000000000000e+00
6.263521034270524979e-03,5.515714874491095543e-04,7.478057796106440946e-06,0.000000000000000000e+00,0.000000000000000000e+00
6.100003607571125031e-03,5.198313738219439983e-04,9.016896001412533224e-06,0.000000000000000000e+00,0.000000000000000000e+00
5.918861366808414459e-03,5.059018731117248535e-04,8.598428394179791212e-06,0.000000000000000000e+00,0.000000000000000000e+00
6.528149358928203583e-03,5.773637676611542702e-04,7.545121206931071356e-06,0.000000000000000000e+00,0.000000000000000000e+00
6.897012237459421158e-03,6.138156168162822723e-04,7.588561857119202614e-06,0.000000000000000000e+00,0.000000000000000000e+00
6.396414712071418762e-03,5.665569333359599113e-04,7.308450221898965538e-06,0.000000000000000000e+00,0.000000000000000000e+00
7.017220836132764816e-03,6.276812055148184299e-04,7.404090865748003125e-06,0.000000000000000000e+00,0.000000000000000000e+00
6.436888128519058228e-03,5.657777655869722366e-04,7.791102689225226641e-06,0.000000000000000000e+00,0.000000000000000000e+00
5.802944768220186234e-03,5.019040545448660851e-04,7.839039426471572369e-06,0.000000000000000000e+00,0.000000000000000000e+00
7.200085557997226715e-03,6.481743184849619865e-04,7.183420166256837547e-06,0.000000000000000000e+00,0.000000000000000000e+00
7.879872806370258331e-03,7.150019519031047821e-04,7.298533091670833528e-06,0.000000000000000000e+00,0.000000000000000000e+00
6.302764639258384705e-03,5.533831426873803139e-04,7.689332051086239517e-06,0.000000000000000000e+00,0.000000000000000000e+00
6.380785256624221802e-03,5.602660821750760078e-04,7.781244676152709872e-06,0.000000000000000000e+00,0.000000000000000000e+00
7.770522031933069229e-03,7.018017931841313839e-04,7.525039109168574214e-06,0.000000000000000000e+00,0.000000000000000000e+00
7.924835197627544403e-03,7.156171486712992191e-04,7.686639037274289876e-06,0.000000000000000000e+00,0.000000000000000000e+00
7.224828936159610748e-03,6.477081915363669395e-04,7.477466169802937657e-06,0.000000000000000000e+00,0.000000000000000000e+00
5.911161657422780991e-03,5.212876712903380394e-04,6.982845661696046591e-06,0.000000000000000000e+00,0.000000000000000000e+00
7.482389919459819794e-03,6.782420095987617970e-04,6.999701327004004270e-06,0.000000000000000000e+00,0.000000000000000000e+00
6.786392536014318466e-03,6.004578899592161179e-04,7.818138328730128706e-06,0.000000000000000000e+00,0.000000000000000000e+00
6.158217322081327438e-03,5.402204697020351887e-04,7.560127414762973785e-06,0.000000000000000000e+00,0.000000000000000000e+00
6.158774252980947495e-03,5.388429854065179825e-04,7.703442861384246498e-06,0.000000000000000000e+00,0.000000000000000000e+00
7.791213691234588623e-03,7.144247647374868393e-04,6.469662821473320946e-06,0.000000000000000000e+00,0.000000000000000000e+00
6.829531397670507431e-03,6.134281866252422333e-04,6.952494459255831316e-06,0.000000000000000000e+00,0.000000000000000000e+00
7.211554329842329025e-03,6.516558350995182991e-04,6.949960152269341052e-06,0.000000000000000000e+00,0.000000000000000000e+00
5.749734584242105484e-03,5.000290693715214729e-04,7.494440978916827589e-06,0.000000000000000000e+00,0.000000000000000000e+00
5.995470564812421799e-03,5.309082334861159325e-04,6.863881026220042259e-06,0.000000000000000000e+00,0.000000000000000000e+00
6.138365250080823898e-03,5.395576590672135353e-04,7.427889613609295338e-06,0.000000000000000000e+00,0.000000000000000000e+00
6.452717818319797516e-03,5.772340809926390648e-04,6.803765245422255248e-06,0.000000000000000000e+00,0.000000000000000000e+00
6.919714622199535370e-03,6.216095061972737312e-04,7.036198439891450107e-06,0.000000000000000000e+00,0.000000000000000000e+00
6.514601875096559525e-03,5.734142614528536797e-04,7.804590495652519166e-06,0.000000000000000000e+00,0.000000000000000000e+00
7.401091512292623520e-03,6.629420677199959755e-04,7.716711479588411748e-06,0.000000000000000000e+00,0.000000000000000000e+00
5.648728460073471069e-03,4.859518376179039478e-04,7.892103894846513867e-06,0.000000000000000000e+00,0.000000000000000000e+00
8.127468638122081757e-03,7.370804669335484505e-04,7.566643944301176816e-06,0.000000000000000000e+00,0.000000000000000000e+00
6.726689636707305908e-03,6.035920814611017704e-04,6.907687748025637120e-06,0.000000000000000000e+00,0.000000000000000000e+00
6.489172577857971191e-03,5.688625969924032688e-04,8.005465133464895189e-06,0.000000000000000000e+00,0.000000000000000000e+00
7.831093855202198029e-03,7.150142919272184372e-04,6.809506430727196857e-06,0.000000000000000000e+00,0.000000000000000000e+00
7.192327640950679779e-03,6.438590935431420803e-04,7.537365036114351824e-06,0.000000000000000000e+00,0.000000000000000000e+00
7.940059527754783630e-03,7.144066039472818375e-04,7.959939466672949493e-06,0.000000000000000000e+00,0.000000000000000000e+00
7.075414527207612991e-03,6.243944517336785793e-04,8.314698789035901427e-06,0.000000000000000000e+00,0.000000000000000000e+00
7.968316785991191864e-03,7.255265954881906509e-04,7.130512130970600992e-06,0.000000000000000000e+00,0.000000000000000000e+00
7.879002951085567474e-03,7.071916479617357254e-04,8.070864168985281140e-06,0.000000000000000000e+00,0.000000000000000000e+00
6.253383122384548187e-03,5.565822357311844826e-04,6.875608505652053282e-06,0.000000000000000000e+00,0.000000000000000000e+00
6.660306360572576523e-03,5.852656904608011246e-04,8.076494850683957338e-06,0.000000000000000000e+00,0.000000000000000000e+00
7.490845397114753723e-03,6.719063967466354370e-04,7.717813787166960537e-06,0.000000000000000000e+00,0.000000000000000000e+00
6.008500698953866959e-03,5.239698803052306175e-04,7.688016921747475863e-06,0.000000000000000000e+00,0.000000000000000000e+00
7.377515081316232681e-03,6.687713903374969959e-04,6.898011633893474936e-06,0.000000000000000000e+00,0.000000000000000000e+00
6.639114115387201309e-03,5.829440196976065636e-04,8.096736564766615629e-06,0.000000000000000000e+00,0.000000000000000000e+00
6.624169647693634033e-03,5.879245582036674023e-04,7.449240001733414829e-06,0.000000000000000000e+00,0.000000000000000000e+00
5.936313420534133911e-03,5.264577921479940414e-04,6.717355063301511109e-06,0.000000000000000000e+00,0.000000000000000000e+00
6.441173609346151352e-03,5.663777701556682587e-04,7.773960533086210489e-06,0.000000000000000000e+00,0.000000000000000000e+00
6.617715582251548767e-03,5.811002338305115700e-04,8.067133421718608588e-06,0.000000000000000000e+00,0.000000000000000000e+00
6.410398520529270172e-03,5.659693269990384579e-04,7.507049758714856580e-06,0.000000000000000000e+00,0.000000000000000000e+00
5.825077649205923080e-03,5.098810652270913124e-04,7.262673534569330513e-06,0.000000000000000000e+00,0.000000000000000000e+00
6.586843635886907578e-03,5.847119027748703957e-04,7.397246918117161840e-06,0.000000000000000000e+00,0.000000000000000000e+00
6.532803177833557129e-03,5.773294251412153244e-04,7.595087936351774260e-06,0.000000000000000000e+00,0.000000000000000000e+00
7.107947021722793579e-03,6.386718014255166054e-04,7.212291166069917381e-06,0.000000000000000000e+00,0.000000000000000000e+00
6.215913221240043640e-03,5.545452004298567772e-04,6.704611223540268838e-06,0.000000000000000000e+00,0.000000000000000000e+00
6.140409037470817566e-03,5.441709072329103947e-04,6.986998414504341781e-06,0.000000000000000000e+00,0.000000000000000000e+00
6.209144368767738342e-03,5.548259941861033440e-04,6.608842340938281268e-06,0.000000000000000000e+00,0.000000000000000000e+00
5.925463046878576279e-03,5.271048285067081451e-04,6.544147254317067564e-06,0.000000000000000000e+00,0.000000000000000000e+00
6.741688121110200882e-03,5.998854176141321659e-04,7.428339358739322051e-06,0.000000000000000000e+00,0.000000000000000000e+00
6.733343936502933502e-03,6.057075224816799164e-04,6.762687007721979171e-06,0.000000000000000000e+00,0.000000000000000000e+00
6.376980338245630264e-03,5.668116500601172447e-04,7.088635356922168285e-06,0.000000000000000000e+00,0.000000000000000000e+00
5.693225655704736710e-03,5.045339930802583694e-04,6.478858267655596137e-06,0.000000000000000000e+00,0.000000000000000000e+00
6.490608677268028259e-03,5.777262267656624317e-04,7.133465715014608577e-06,0.000000000000000000e+00,0.000000000000000000e+00
6.259575020521879196e-03,5.495528457686305046e-04,7.640463081770576537e-06,0.000000000000000000e+00,0.000000000000000000e+00
6.211403757333755493e-03,5.474036443047225475e-04,7.373670086963102221e-06,0.000000000000000000e+00,0.000000000000000000e+00
6.174280773848295212e-03,5.474434583447873592e-04,6.998459866736084223e-06,0.000000000000000000e+00,0.000000000000000000e+00
7.832176052033901215e-03,7.145285489968955517e-04,6.868905984447337687e-06,0.000000000000000000e+00,0.000000000000000000e+00
6.119817961007356644e-03,5.435683415271341801e-04,6.841346930741565302e-06,0.000000000000000000e+00,0.000000000000000000e+00
6.009117700159549713e-03,5.281953490339219570e-04,7.271642061823513359e-06,0.000000000000000000e+00,0.000000000000000000e+00
7.483340799808502197e-03,6.733577465638518333e-04,7.497632395825348794e-06,0.000000000000000000e+00,0.000000000000000000e+00
6.580083630979061127e-03,5.878183292225003242e-04,7.019008080533239990e-06,0.000000000000000000e+00,0.000000000000000000e+00
5.999034270644187927e-03,5.159734282642602921e-04,8.392999006900936365e-06,0.000000000000000000e+00,0.000000000000000000e+00
5.620671436190605164e-03,4.877651517745107412e-04,7.430199275404447690e-06,0.000000000000000000e+00,0.000000000000000000e+00
6.808798294514417648e-03,5.992928636260330677e-04,8.158696800819598138e-06,0.000000000000000000e+00,0.000000000000000000e+00
6.192040629684925079e-03,5.416108178906142712e-04,7.759322215861175209e-06,0.000000000000000000e+00,0.000000000000000000e+00
6.982750725001096725e-03,6.201057694852352142e-04,7.816930519766174257e-06,0.000000000000000000e+00,0.000000000000000000e+00
7.084959652274847031e-03,6.182180950418114662e-04,9.027789019455667585e-06,0.000000000000000000e+00,0.000000000000000000e+00
5.944919306784868240e-03,5.189123330637812614e-04,7.557958724646596238e-06,0.000000000000000000e+00,0.000000000000000000e+00
6.815682630985975266e-03,5.969015765003859997e-04,8.466668077744543552e-06,0.000000000000000000e+00,0.000000000000000000e+00
6.500136107206344604e-03,5.727851530537009239e-04,7.722841473878361285e-06,0.000000000000000000e+00,0.000000000000000000e+00
6.257584318518638611e-03,5.493960343301296234e-04,7.636242116859648377e-06,0.000000000000000000e+00,0.000000000000000000e+00
6.497879512608051300e-03,5.747954128310084343e-04,7.499252660636557266e-06,0.000000000000000000e+00,0.000000000000000000e+00
5.176483653485774994e-03,4.477959882933646441e-04,6.985233994782902300e-06,0.000000000000000000e+00,0.000000000000000000e+00
6.943971384316682816e-03,6.089791422709822655e-04,8.541797797079198062e-06,0.000000000000000000e+00,0.000000000000000000e+00
6.849864032119512558e-03,6.044585024937987328e-04,8.052787052292842418e-06,0.000000000000000000e+00,0.000000000000000000e+00
6.132409442216157913e-03,5.324493395164608955e-04,8.079163308138959110e-06,0.000000000000000000e+00,0.000000000000000000e+00
6.376388948410749435e-03,5.684413481503725052e-04,6.919754923728760332e-06,0.000000000000000000e+00,0.000000000000000000e+00
6.680426187813282013e-03,5.899188108742237091e-04,7.812382136762607843e-06,0.000000000000000000e+00,0.000000000000000000e+00
7.383353076875209808e-03,6.566467927768826485e-04,8.168852218659594655e-06,0.000000000000000000e+00,0.000000000000000000e+00
6.162858568131923676e-03,5.436576902866363525e-04,7.262814051500754431e-06,0.000000000000000000e+00,0.000000000000000000e+00
5.904212594032287598e-03,5.196776473894715309e-04,7.074365385051351041e-06,0.000000000000000000e+00,0.000000000000000000e+00
5.027331877499818802e-03,4.246199969202280045e-04,7.811317118466831744e-06,0.000000000000000000e+00,0.000000000000000000e+00
6.112594623118638992e-03,5.335715832188725471e-04,7.768791874696034938e-06,0.000000000000000000e+00,0.000000000000000000e+00
7.754849735647439957e-03,6.954424316063523293e-04,8.004255505511537194e-06,0.000000000000000000e+00,0.000000000000000000e+00
5.887347739189863205e-03,5.159289576113224030e-04,7.280582394741941243e-06,0.000000000000000000e+00,0.000000000000000000e+00
6.942512467503547668e-03,6.254723411984741688e-04,6.877889973111450672e-06,0.000000000000000000e+00,0.000000000000000000e+00
5.525961518287658691e-03,4.743309691548347473e-04,7.826516593922860920e-06,0.000000000000000000e+00,0.000000000000000000e+00
6.295032333582639694e-03,5.577540141530334949e-04,7.174924576247576624e-06,0.000000000000000000e+00,0.000000000000000000e+00
5.892547313123941422e-03,5.163267487660050392e-04,7.292802365554962307e-06,0.000000000000000000e+00,0.000000000000000000e+00
7.403248455375432968e-03,6.705844425596296787e-04,6.974039933993481100e-06,0.000000000000000000e+00,0.000000000000000000e+00
6.473653484135866165e-03,5.821884842589497566e-04,6.517689143947791308e-06,0.000000000000000000e+00,0.000000000000000000e+00
7.050361484289169312e-03,6.316573126241564751e-04,7.337882379943039268e-06,0.000000000000000000e+00,0.000000000000000000e+00
5.935307592153549194e-03,5.306120729073882103e-04,6.291867975960485637e-06,0.000000000000000000e+00,0.000000000000000000e+00
5.206811707466840744e-03,4.535565385594964027e-04,6.712465619784779847e-06,0.000000000000000000e+00,0.000000000000000000e+00
4.931605421006679535e-03,4.194559878669679165e-04,7.370453658950282261e-06,0.000000000000000000e+00,0.000000000000000000e+00
6.659556180238723755e-03,5.940992850810289383e-04,7.185631147876847535e-06,0.000000000000000000e+00,0.000000000000000000e+00
6.777093280106782913e-03,6.101407925598323345e-04,6.756852144462754950e-06,0.000000000000000000e+00,0.000000000000000000e+00
7.650074083358049393e-03,6.951054092496633530e-04,6.990199381107231602e-06,0.000000000000000000e+00,0.000000000000000000e+00
6.527522113174200058e-03,5.828442517668008804e-04,6.990797373873647302e-06,0.000000000000000000e+00,0.000000000000000000e+00
6.110530346632003784e-03,5.371163715608417988e-04,7.393667146970983595e-06,0.000000000000000000e+00,0.000000000000000000e+00
5.733232013881206512e-03,4.966405685991048813e-04,7.668260877835564315e-06,0.000000000000000000e+00,0.000000000000000000e+00
5.466950591653585434e-03,4.733940004371106625e-04,7.330103926506126300e-06,0.000000000000000000e+00,0.000000000000000000e+00
8.218728937208652496e-03,7.562347454950213432e-04,6.563815531990258023e-06,0.000000000000000000e+00,0.000000000000000000e+00
7.028559222817420959e-03,6.308981683105230331e-04,7.195772923296317458e-06,0.000000000000000000e+00,0.000000000000000000e+00
6.128126755356788635e-03,5.489389295689761639e-04,6.387373105098959059e-06,0.000000000000000000e+00,0.000000000000000000e+00
6.949411705136299133e-03,6.232048617675900459e-04,7.173631274781655520e-06,0.000000000000000000e+00,0.000000000000000000e+00
6.579268723726272583e-03,5.834333132952451706e-04,7.449356871802592650e-06,0.000000000000000000e+00,0.000000000000000000e+00
6.381520070135593414e-03,5.542561411857604980e-04,8.389585673285182565e-06,0.000000000000000000e+00,0.000000000000000000e+00
5.252063740044832230e-03,4.569075535982847214e-04,6.829882295278366655e-06,0.000000000000000000e+00,0.000000000000000000e+00
5.842328537255525589e-03,5.014556809328496456e-04,8.277715096483007073e-06,0.000000000000000000e+00,0.000000000000000000e+00
5.856081377714872360e-03,5.137857515364885330e-04,7.182240551628638059e-06,0.000000000000000000e+00,0.000000000000000000e+00
5.967074073851108551e-03,5.202030297368764877e-04,7.650436600670218468e-06,0.000000000000000000e+00,0.000000000000000000e+00
7.074604742228984833e-03,6.438519922085106373e-04,6.360850420605856925e-06,0.000000000000000000e+00,0.000000000000000000e+00
6.748632527887821198e-03,6.042319582775235176e-04,7.063132215989753604e-06,0.000000000000000000e+00,0.000000000000000000e+00
6.664940156042575836e-03,5.921063711866736412e-04,7.438760803779587150e-06,0.000000000000000000e+00,0.000000000000000000e+00
5.558720324188470840e-03,4.795934364665299654e-04,7.627858394698705524e-06,0.000000000000000000e+00,0.000000000000000000e+00
5.848282016813755035e-03,5.169775104150176048e-04,6.785065124859102070e-06,0.000000000000000000e+00,0.000000000000000000e+00
6.461441516876220703e-03,5.833840696141123772e-04,6.276003659877460450e-06,0.000000000000000000e+00,0.000000000000000000e+00
6.296242121607065201e-03,5.501500563696026802e-04,7.947416634124238044e-06,0.000000000000000000e+00,0.000000000000000000e+00
5.835950840264558792e-03,5.123678129166364670e-04,7.122726856323424727e-06,0.000000000000000000e+00,0.000000000000000000e+00
6.505185738205909729e-03,5.782458465546369553e-04,7.227273272292222828e-06,0.000000000000000000e+00,0.000000000000000000e+00
6.516751833260059357e-03,5.756205646321177483e-04,7.605457540194038302e-06,0.000000000000000000e+00,0.000000000000000000e+00
7.756589911878108978e-03,7.032229914329946041e-04,7.243600521178450435e-06,0.000000000000000000e+00,0.000000000000000000e+00
5.320882890373468399e-03,4.636875819414854050e-04,6.840069090685574338e-06,0.000000000000000000e+00,0.000000000000000000e+00
5.230323877185583115e-03,4.473894368857145309e-04,7.564296993223251775e-06,0.000000000000000000e+00,0.000000000000000000e+00
7.571184076368808746e-03,6.749943131580948830e-04,8.212409738916903734e-06,0.000000000000000000e+00,0.000000000000000000e+00
7.200339809060096741e-03,6.434177630580961704e-04,7.661625204491429031e-06,0.000000000000000000e+00,0.000000000000000000e+00
6.823009811341762543e-03,6.094052223488688469e-04,7.289573659363668412e-06,0.000000000000000000e+00,0.000000000000000000e+00
5.649982485920190811e-03,4.974622861482203007e-04,6.753597972419811413e-06,0.000000000000000000e+00,0.000000000000000000e+00
6.604338064789772034e-03,5.902462289668619633e-04,7.018759788479655981e-06,0.000000000000000000e+00,0.000000000000000000e+00
5.195403005927801132e-03,4.495983594097197056e-04,6.994196155574172735e-06,0.000000000000000000e+00,0.000000000000000000e+00
6.287297699600458145e-03,5.557222757488489151e-04,7.300749075511703268e-06,0.000000000000000000e+00,0.000000000000000000e+00
6.142811384052038193e-03,5.472579505294561386e-04,6.702318387397099286e-06,0.000000000000000000e+00,0.000000000000000000e+00
6.757273338735103607e-03,5.998865235596895218e-04,7.584082595712970942e-06,0.000000000000000000e+00,0.000000000000000000e+00
6.565881427377462387e-03,5.825184052810072899e-04,7.406969416479114443e-06,0.000000000000000000e+00,0.000000000000000000e+00
5.695202387869358063e-03,4.990650340914726257e-04,7.045522579574026167e-06,0.000000000000000000e+00,0.000000000000000000e+00
7.482177577912807465e-03,6.755179492756724358e-04,7.269976322277216241e-06,0.000000000000000000e+00,0.000000000000000000e+00
5.782537162303924561e-03,5.089502083137631416e-04,6.930353265488520265e-06,0.000000000000000000e+00,0.000000000000000000e+00
6.048315204679965973e-03,5.291373236104846001e-04,7.569419722130987793e-06,0.000000000000000000e+00,0.000000000000000000e+00
5.585504695773124695e-03,4.810454556718468666e-04,7.750501936243381351e-06,0.000000000000000000e+00,0.000000000000000000e+00
6.989938206970691681e-03,6.206112448126077652e-04,7.838259989512152970e-06,0.000000000000000000e+00,0.000000000000000000e+00
6.306076887995004654e-03,5.582720041275024414e-04,7.233570158859947696e-06,0.000000000000000000e+00,0.000000000000000000e+00
6.276293192058801651e-03,5.539662670344114304e-04,7.366304089373443276e-06,0.000000000000000000e+00,0.000000000000000000e+00
5.736990831792354584e-03,5.057980306446552277e-04,6.790103725506924093e-06,0.000000000000000000e+00,0.000000000000000000e+00
6.191722583025693893e-03,5.471020704135298729e-04,7.207016096799634397e-06,0.000000000000000000e+00,0.000000000000000000e+00
7.045102305710315704e-03,6.350193871185183525e-04,6.949083399376831949e-06,0.000000000000000000e+00,0.000000000000000000e+00
7.794549223035573959e-03,7.031639106571674347e-04,7.629101673956029117e-06,0.000000000000000000e+00,0.000000000000000000e+00
6.581250578165054321e-03,5.838316865265369415e-04,7.429338438669219613e-06,0.000000000000000000e+00,0.000000000000000000e+00
6.406349595636129379e-03,5.637290305458009243e-04,7.690589882258791476e-06,0.000000000000000000e+00,0.000000000000000000e+00
5.540700629353523254e-03,4.758695140480995178e-04,7.820056453056167811e-06,0.000000000000000000e+00,0.000000000000000000e+00
5.668499041348695755e-03,4.925790126435458660e-04,7.427087439282331616e-06,0.000000000000000000e+00,0.000000000000000000e+00
7.430381607264280319e-03,6.724350387230515480e-04,7.060314601403661072e-06,0.000000000000000000e+00,0.000000000000000000e+00
6.763725541532039642e-03,6.082546897232532501e-04,6.811785169702488929e-06,0.000000000000000000e+00,0.000000000000000000e+00
5.996447987854480743e-03,5.313265137374401093e-04,6.831827704445458949e-06,0.000000000000000000e+00,0.000000000000000000e+00
5.423375871032476425e-03,4.733892856165766716e-04,6.894826583447866142e-06,0.000000000000000000e+00,0.000000000000000000e+00
5.332955624908208847e-03,4.633169737644493580e-04,6.997859600232914090e-06,0.000000000000000000e+00,0.000000000000000000e+00
7.052731700241565704e-03,6.315791397355496883e-04,7.369403647317085415e-06,0.000000000000000000e+00,0.000000000000000000e+00
6.487326696515083313e-03,5.859215161763131618e-04,6.281114110606722534e-06,0.000000000000000000e+00,0.000000000000000000e+00
6.310219410806894302e-03,5.644588964059948921e-04,6.656308414676459506e-06,0.000000000000000000e+00,0.000000000000000000e+00
6.874310784041881561e-03,6.191164138726890087e-04,6.831464816059451550e-06,0.000000000000000000e+00,0.000000000000000000e+00
6.006657611578702927e-03,5.271106492727994919e-04,7.355510206252802163e-06,0.000000000000000000e+00,0.000000000000000000e+00
6.205102894455194473e-03,5.508994217962026596e-04,6.961087819945532829e-06,0.000000000000000000e+00,0.000000000000000000e+00
6.215049885213375092e-03,5.524808075278997421e-04,6.902416771481512114e-06,0.000000000000000000e+00,0.000000000000000000e+00
5.566733889281749725e-03,4.913089796900749207e-04,6.536442015203647316e-06,0.000000000000000000e+00,0.000000000000000000e+00
5.877697840332984924e-03,5.270741530694067478e-04,6.069564278732286766e-06,0.000000000000000000e+00,0.000000000000000000e+00
7.599309552460908890e-03,6.951857940293848515e-04,6.474518158938735723e-06,0.000000000000000000e+00,0.000000000000000000e+00
7.242756895720958710e-03,6.520557217299938202e-04,7.221995474537834525e-06,0.000000000000000000e+00,0.000000000000000000e+00
5.977305117994546890e-03,5.329718696884810925e-04,6.475861027865903452e-06,0.000000000000000000e+00,0.000000000000000000e+00
6.209325511008501053e-03,5.526454770006239414e-04,6.828708137618377805e-06,0.000000000000000000e+00,0.000000000000000000e+00
6.355188786983489990e-03,5.689878598786890507e-04,6.653101536358008161e-06,0.000000000000000000e+00,0.000000000000000000e+00
6.852689664810895920e-03,6.129058892838656902e-04,7.236305464175529778e-06,0.000000000000000000e+00,0.000000000000000000e+00
5.993540864437818527e-03,5.350468563847243786e-04,6.430720532080158591e-06,0.000000000000000000e+00,0.000000000000000000e+00
7.638718932867050171e-03,6.990738911554217339e-04,6.479795501945773140e-06,0.000000000000000000e+00,0.000000000000000000e+00
6.492127664387226105e-03,5.791119765490293503e-04,7.010077752056531608e-06,0.000000000000000000e+00,0.000000000000000000e+00
6.406365893781185150e-03,5.710002733394503593e-04,6.963631676626391709e-06,0.000000000000000000e+00,0.000000000000000000e+00
6.656506098806858063e-03,5.962476134300231934e-04,6.940297680557705462e-06,0.000000000000000000e+00,0.000000000000000000e+00
5.385871045291423798e-03,4.738196730613708496e-04,6.476741873484570533e-06,0.000000000000000000e+00,0.000000000000000000e+00
6.460885517299175262e-03,5.764203378930687904e-04,6.966823093534912914e-06,0.000000000000000000e+00,0.000000000000000000e+00
6.561984773725271225e-03,5.935666849836707115e-04,6.263177965593058616e-06,0.000000000000000000e+00,0.000000000000000000e+00
5.665499251335859299e-03,5.056619993411004543e-04,6.088790087233064696e-06,0.000000000000000000e+00,0.000000000000000000e+00
5.860475357621908188e-03,5.226124776527285576e-04,6.343503628158941865e-06,0.000000000000000000e+00,0.000000000000000000e+00
6.292298436164855957e-03,5.641533061861991882e-04,6.507655143650481477e-06,0.000000000000000000e+00,0.000000000000000000e+00
6.407680455595254898e-03,5.796523182652890682e-04,6.111570201028371230e-06,0.000000000000000000e+00,0.000000000000000000e+00
5.809629801660776138e-03,5.189310759305953979e-04,6.203191333042923361e-06,0.000000000000000000e+00,0.000000000000000000e+00
6.209755316376686096e-03,5.533616058528423309e-04,6.761395070498110726e-06,0.000000000000000000e+00,0.000000000000000000e+00
6.191309541463851929e-03,5.498118698596954346e-04,6.931906682439148426e-06,0.000000000000000000e+00,0.000000000000000000e+00
6.016335450112819672e-03,5.347714759409427643e-04,6.686206688755191863e-06,0.000000000000000000e+00,0.000000000000000000e+00
6.483295001089572906e-03,5.747847026214003563e-04,7.354478839260991663e-06,0.000000000000000000e+00,0.000000000000000000e+00
6.454553455114364624e-03,5.749399424530565739e-04,7.051542979752412066e-06,0.000000000000000000e+00,0.000000000000000000e+00
7.050593383610248566e-03,6.345197325572371483e-04,7.053959052427671850e-06,0.000000000000000000e+00,0.000000000000000000e+00
6.785786710679531097e-03,6.160482298582792282e-04,6.253043011383851990e-06,0.000000000000000000e+00,0.000000000000000000e+00
6.503316108137369156e-03,5.792757729068398476e-04,7.105586519173812121e-06,0.000000000000000000e+00,0.000000000000000000e+00
5.598490592092275620e-03,4.985084524378180504e-04,6.134057912277057767e-06,0.000000000000000000e+00,0.000000000000000000e+00
5.814238917082548141e-03,5.128083284944295883e-04,6.861558176751714200e-06,0.000000000000000000e+00,0.000000000000000000e+00
4.873060155659914017e-03,4.165704594925045967e-04,7.073556389514124021e-06,0.000000000000000000e+00,0.000000000000000000e+00
5.668790079653263092e-03,4.994996124878525734e-04,6.737944204360246658e-06,0.000000000000000000e+00,0.000000000000000000e+00
6.143230479210615158e-03,5.500085535459220409e-04,6.431447673094226047e-06,0.000000000000000000e+00,0.000000000000000000e+00
5.987581331282854080e-03,5.267212400212883949e-04,7.203692348412005231e-06,0.000000000000000000e+00,0.000000000000000000e+00
5.937284324318170547e-03,5.266350926831364632e-04,6.709337867505382746e-06,0.000000000000000000e+00,0.000000000000000000e+00
5.782970692962408066e-03,5.133684608153998852e-04,6.492860393336741254e-06,0.000000000000000000e+00,0.000000000000000000e+00
5.841175094246864319e-03,5.175678525120019913e-04,6.654963726759888232e-06,0.000000000000000000e+00,0.000000000000000000e+00
5.842372309416532516e-03,5.140153225511312485e-04,7.022190402494743466e-06,0.000000000000000000e+00,0.000000000000000000e+00
6.208436097949743271e-03,5.539641715586185455e-04,6.687944278382929042e-06,0.000000000000000000e+00,0.000000000000000000e+00
6.259168498218059540e-03,5.557141266763210297e-04,7.020270004431949928e-06,0.000000000000000000e+00,0.000000000000000000e+00
6.197331473231315613e-03,5.383548559620976448e-04,8.137832992360927165e-06,0.000000000000000000e+00,0.000000000000000000e+00
5.794519558548927307e-03,5.095341475680470467e-04,6.991783266130369157e-06,0.000000000000000000e+00,0.000000000000000000e+00
5.405781790614128113e-03,4.699558485299348831e-04,7.062235454213805497e-06,0.000000000000000000e+00,0.000000000000000000e+00
5.727271083742380142e-03,5.061754491180181503e-04,6.655166998825734481e-06,0.000000000000000000e+00,0.000000000000000000e+00
6.127938628196716309e-03,5.425669369287788868e-04,7.022693353064823896e-06,0.000000000000000000e+00,0.000000000000000000e+00
6.388632580637931824e-03,5.727630341425538063e-04,6.610024684050586075e-06,0.000000000000000000e+00,0.000000000000000000e+00
6.237405352294445038e-03,5.561364814639091492e-04,6.760403266525827348e-06,0.000000000000000000e+00,0.000000000000000000e+00
5.799674428999423981e-03,5.097984685562551022e-04,7.016895324341021478e-06,0.000000000000000000e+00,0.000000000000000000e+00
5.542822647839784622e-03,4.794261767528951168e-04,7.485608875867910683e-06,0.000000000000000000e+00,0.000000000000000000e+00
6.837085820734500885e-03,6.175353191792964935e-04,6.617327926505822688e-06,0.000000000000000000e+00,0.000000000000000000e+00
5.374465137720108032e-03,4.679052799474447966e-04,6.954125638003461063e-06,0.000000000000000000e+00,0.000000000000000000e+00
6.480275653302669525e-03,5.822358070872724056e-04,6.579176442755851895e-06,0.000000000000000000e+00,0.000000000000000000e+00
6.266110111027956009e-03,5.601455923169851303e-04,6.646542715316172689e-06,0.000000000000000000e+00,0.000000000000000000e+00
6.157365627586841583e-03,5.516632227227091789e-04,6.407331511582015082e-06,0.000000000000000000e+00,0.000000000000000000e+00
5.611441563814878464e-03,4.888799157924950123e-04,7.226426532724872231e-06,0.000000000000000000e+00,0.000000000000000000e+00
5.761427339166402817e-03,5.043793353252112865e-04,7.176337021519429982e-06,0.000000000000000000e+00,0.000000000000000000e+00
7.499931845813989639e-03,6.817657267674803734e-04,6.822744580858852714e-06,0.000000000000000000e+00,0.000000000000000000e+00
5.887245759367942810e-03,5.169040523469448090e-04,7.182053650467423722e-06,0.000000000000000000e+00,0.000000000000000000e+00
6.069410126656293869e-03,5.374259199015796185e-04,6.951509021746460348e-06,0.000000000000000000e+00,0.000000000000000000e+00
5.657235160470008850e-03,5.008178413845598698e-04,6.490570285677677020e-06,0.000000000000000000e+00,0.000000000000000000e+00
6.933602038770914078e-03,6.251612212508916855e-04,6.819898771937005222e-06,0.000000000000000000e+00,0.000000000000000000e+00
4.865181166678667068e-03,4.242616123519837856e-04,6.225650849955854937e-06,0.000000000000000000e+00,0.000000000000000000e+00
5.572966765612363815e-03,4.869046970270574093e-04,7.039197953417897224e-06,0.000000000000000000e+00,0.000000000000000000e+00
6.350638344883918762e-03,5.707559175789356232e-04,6.430794201151002198e-06,0.000000000000000000e+00,0.000000000000000000e+00
5.144091788679361343e-03,4.519596404861658812e-04,6.244954420253634453e-06,0.000000000000000000e+00,0.000000000000000000e+00
6.477607879787683487e-03,5.738771869800984859e-04,7.388359335891436785e-06,0.000000000000000000e+00,0.000000000000000000e+00
6.198597140610218048e-03,5.545509629882872105e-04,6.530876817123498768e-06,0.000000000000000000e+00,0.000000000000000000e+00
7.040570024400949478e-03,6.320874672383069992e-04,7.196951628429815173e-06,0.000000000000000000e+00,0.000000000000000000e+00
6.167645566165447235e-03,5.446536233648657799e-04,7.211088814074173570e-06,0.000000000000000000e+00,0.000000000000000000e+00
5.703584291040897369e-03,5.079199327155947685e-04,6.243847565201576799e-06,0.000000000000000000e+00,0.000000000000000000e+00
5.816482473164796829e-03,5.185930640436708927e-04,6.305519036686746404e-06,0.000000000000000000e+00,0.000000000000000000e+00
6.304025650024414062e-03,5.567008629441261292e-04,7.370169441855978221e-06,0.000000000000000000e+00,0.000000000000000000e+00
5.379551090300083160e-03,4.733086971100419760e-04,6.464639682235429063e-06,0.000000000000000000e+00,0.000000000000000000e+00
6.356233730912208557e-03,5.658664740622043610e-04,6.975691121624549851e-06,0.000000000000000000e+00,0.000000000000000000e+00
5.387280136346817017e-03,4.690608475357294083e-04,6.966718956391559914e-06,0.000000000000000000e+00,0.000000000000000000e+00
7.107791025191545486e-03,6.473998073488473892e-04,6.337928880384424701e-06,0.000000000000000000e+00,0.000000000000000000e+00
5.300074350088834763e-03,4.666214226745069027e-04,6.338599177979631349e-06,0.000000000000000000e+00,0.000000000000000000e+00
6.369472946971654892e-03,5.712317652069032192e-04,6.571551239176187664e-06,0.000000000000000000e+00,0.000000000000000000e+00
6.002311129122972488e-03,5.333041190169751644e-04,6.692698661936447024e-06,0.000000000000000000e+00,0.000000000000000000e+00
5.343216471374034882e-03,4.699889104813337326e-04,6.433276212192140520e-06,0.000000000000000000e+00,0.000000000000000000e+00
6.212295033037662506e-03,5.575345130637288094e-04,6.369501534209121019e-06,0.000000000000000000e+00,0.000000000000000000e+00
6.948590744286775589e-03,6.273475592024624348e-04,6.751151886419393122e-06,0.000000000000000000e+00,0.000000000000000000e+00
5.059501621872186661e-03,4.329472139943391085e-04,7.300293873413465917e-06,0.000000000000000000e+00,0.000000000000000000e+00
6.097998935729265213e-03,5.428194999694824219e-04,6.698039669572608545e-06,0.000000000000000000e+00,0.000000000000000000e+00
7.363582495599985123e-03,6.719433004036545753e-04,6.441496225306764245e-06,0.000000000000000000e+00,0.000000000000000000e+00
6.527174729853868484e-03,5.822352832183241844e-04,7.048218321870081127e-06,0.000000000000000000e+00,0.000000000000000000e+00
5.649666301906108856e-03,4.997213254682719707e-04,6.524531727336579934e-06,0.000000000000000000e+00,0.000000000000000000e+00
6.042998284101486206e-03,5.365667166188359261e-04,6.773314453312195837e-06,0.000000000000000000e+00,0.000000000000000000e+00
6.577763706445693970e-03,5.877113435417413712e-04,7.006501618889160454e-06,0.000000000000000000e+00,0.000000000000000000e+00
5.731455050408840179e-03,5.046863225288689137e-04,6.845919870102079585e-06,0.000000000000000000e+00,0.000000000000000000e+00
6.392795592546463013e-03,5.659030866809189320e-04,7.337650004046736285e-06,0.000000000000000000e+00,0.000000000000000000e+00
5.650963168591260910e-03,4.973404575139284134e-04,6.775585006835171953e-06,0.000000000000000000e+00,0.000000000000000000e+00
6.524411495774984360e-03,5.853420007042586803e-04,6.709911758662201464e-06,0.000000000000000000e+00,0.000000000000000000e+00
5.339703056961297989e-03,4.669318732339888811e-04,6.703840881527867168e-06,0.000000000000000000e+00,0.000000000000000000e+00
5.581660196185112000e-03,4.887983086518943310e-04,6.936767476872773841e-06,0.000000000000000000e+00,0.000000000000000000e+00
6.058149971067905426e-03,5.375928594730794430e-04,6.822210707468912005e-06,0.000000000000000000e+00,0.000000000000000000e+00
5.284347105771303177e-03,4.574144550133496523e-04,7.102024028426967561e-06,0.000000000000000000e+00,0.000000000000000000e+00
4.955503158271312714e-03,4.319028812460601330e-04,6.364741693687392399e-06,0.000000000000000000e+00,0.000000000000000000e+00
5.813845433294773102e-03,5.077591631561517715e-04,7.362537871813401580e-06,0.000000000000000000e+00,0.000000000000000000e+00
6.167779676616191864e-03,5.542482249438762665e-04,6.252975254028569907e-06,0.000000000000000000e+00,0.000000000000000000e+00
4.669736139476299286e-03,4.032482102047652006e-04,6.372540156007744372e-06,0.000000000000000000e+00,0.000000000000000000e+00
5.606983788311481476e-03,4.894485464319586754e-04,7.124982403183821589e-06,0.000000000000000000e+00,0.000000000000000000e+00
5.425102077424526215e-03,4.799927119165658951e-04,6.251751983654685318e-06,0.000000000000000000e+00,0.000000000000000000e+00
6.212601438164710999e-03,5.522753926925361156e-04,6.898475021444028243e-06,0.000000000000000000e+00,0.000000000000000000e+00
5.984587129205465317e-03,5.345186218619346619e-04,6.394009233190445229e-06,0.000000000000000000e+00,0.000000000000000000e+00
6.669760216027498245e-03,5.927718011662364006e-04,7.420418114634230733e-06,0.000000000000000000e+00,0.000000000000000000e+00
5.460389889776706696e-03,4.804785712622106075e-04,6.556041626026853919e-06,0.000000000000000000e+00,0.000000000000000000e+00
5.715512670576572418e-03,5.008921725675463676e-04,7.065906629577511922e-06,0.000000000000000000e+00,0.000000000000000000e+00
5.964746698737144470e-03,5.318003823049366474e-04,6.467432285717222840e-06,0.000000000000000000e+00,0.000000000000000000e+00
5.638888571411371231e-03,4.911232972517609596e-04,7.276558335433946922e-06,0.000000000000000000e+00,0.000000000000000000e+00
6.088962778449058533e-03,5.498284590430557728e-04,5.906784735998371616e-06,0.000000000000000000e+00,0.000000000000000000e+00
5.415969062596559525e-03,4.742282908409833908e-04,6.736859631928382441e-06,0.000000000000000000e+00,0.000000000000000000e+00
6.269093602895736694e-03,5.637189606204628944e-04,6.319043222902109846e-06,0.000000000000000000e+00,0.000000000000000000e+00
6.959960330277681351e-03,6.322658155113458633e-04,6.373020369210280478e-06,0.000000000000000000e+00,0.000000000000000000e+00
5.960745736956596375e-03,5.281070480123162270e-04,6.796753041271585971e-06,0.000000000000000000e+00,0.000000000000000000e+00
6.015112623572349548e-03,5.284651415422558784e-04,7.304613063752185553e-06,0.000000000000000000e+00,0.000000000000000000e+00
5.971220787614583969e-03,5.254833959043025970e-04,7.163868303905474022e-06,0.000000000000000000e+00,0.000000000000000000e+00
6.369311828166246414e-03,5.694942083209753036e-04,6.743696303601609543e-06,0.000000000000000000e+00,0.000000000000000000e+00
5.537798162549734116e-03,4.906906979158520699e-04,6.308915544650517404e-06,0.000000000000000000e+00,0.000000000000000000e+00
5.478128790855407715e-03,4.764385812450200319e-04,7.137428383430233225e-06,0.000000000000000000e+00,0.000000000000000000e+00
5.741993896663188934e-03,5.102956201881170273e-04,6.390378985088318586e-06,0.000000000000000000e+00,0.000000000000000000e+00
5.479919724166393280e-03,4.843364586122334003e-04,6.365552508214022964e-06,0.000000000000000000e+00,0.000000000000000000e+00
6.431905552744865417e-03,5.700803012587130070e-04,7.311025910894386470e-06,0.000000000000000000e+00,0.000000000000000000e+00
6.248726043850183487e-03,5.584515747614204884e-04,6.642104381171520799e-06,0.000000000000000000e+00,0.000000000000000000e+00
5.308874882757663727e-03,4.642024578060954809e-04,6.668502010143129155e-06,0.000000000000000000e+00,0.000000000000000000e+00
6.816640496253967285e-03,6.130915135145187378e-04,6.857254902570275590e-06,0.000000000000000000e+00,0.000000000000000000e+00
7.341645192354917526e-03,6.658709608018398285e-04,6.829356607340741903e-06,0.000000000000000000e+00,0.000000000000000000e+00
5.446696653962135315e-03,4.766319179907441139e-04,6.803777978348080069e-06,0.000000000000000000e+00,0.000000000000000000e+00
6.572541780769824982e-03,5.909852334298193455e-04,6.626894901273772120e-06,0.000000000000000000e+00,0.000000000000000000e+00
5.556986201554536819e-03,4.850705736316740513e-04,7.062804797897115350e-06,0.000000000000000000e+00,0.000000000000000000e+00
5.764518864452838898e-03,4.957986529916524887e-04,8.065324436756782234e-06,0.000000000000000000e+00,0.000000000000000000e+00
5.482180975377559662e-03,4.772310494445264339e-04,7.098704372765496373e-06,0.000000000000000000e+00,0.000000000000000000e+00
5.501727573573589325e-03,4.780892631970345974e-04,7.208345778053626418e-06,0.000000000000000000e+00,0.000000000000000000e+00
6.517860572785139084e-03,5.879927193745970726e-04,6.379330443451181054e-06,0.000000000000000000e+00,0.000000000000000000e+00
4.989731591194868088e-03,4.296631668694317341e-04,6.930999006726779044e-06,0.000000000000000000e+00,0.000000000000000000e+00
6.308342330157756805e-03,5.621468299068510532e-04,6.868744094390422106e-06,0.000000000000000000e+00,0.000000000000000000e+00
5.467024631798267365e-03,4.783953190781176090e-04,6.830714482930488884e-06,0.000000000000000000e+00,0.000000000000000000e+00
5.406231619417667389e-03,4.773290420416742563e-04,6.329412826744373888e-06,0.000000000000000000e+00,0.000000000000000000e+00
5.811795592308044434e-03,5.178979481570422649e-04,6.328162271529436111e-06,0.000000000000000000e+00,0.000000000000000000e+00
5.163684953004121780e-03,4.521405790001153946e-04,6.422792466764803976e-06,0.000000000000000000e+00,0.000000000000000000e+00
5.778312683105468750e-03,5.056107183918356895e-04,7.222054136946098879e-06,0.000000000000000000e+00,0.000000000000000000e+00
5.961505230516195297e-03,5.353207234293222427e-04,6.082980235078139231e-06,0.000000000000000000e+00,0.000000000000000000e+00
6.055020261555910110e-03,5.391698796302080154e-04,6.633215889451093972e-06,0.000000000000000000e+00,0.000000000000000000e+00
6.513801403343677521e-03,5.772446747869253159e-04,7.413545972667634487e-06,0.000000000000000000e+00,0.000000000000000000e+00
5.595893133431673050e-03,4.968153079971671104e-04,6.277397915255278349e-06,0.000000000000000000e+00,0.000000000000000000e+00
5.416146479547023773e-03,4.748067003674805164e-04,6.680798378511099145e-06,0.000000000000000000e+00,0.000000000000000000e+00
5.445161368697881699e-03,4.796123248524963856e-04,6.490383839263813570e-06,0.000000000000000000e+00,0.000000000000000000e+00
5.178098566830158234e-03,4.546410636976361275e-04,6.316879080259241164e-06,0.000000000000000000e+00,0.000000000000000000e+00
5.727977491915225983e-03,5.137419211678206921e-04,5.905582838749978691e-06,0.000000000000000000e+00,0.000000000000000000e+00
5.672873929142951965e-03,5.039139068685472012e-04,6.337348168017342687e-06,0.000000000000000000e+00,0.000000000000000000e+00
5.558141972869634628e-03,4.881887580268085003e-04,6.762541488569695503e-06,0.000000000000000000e+00,0.000000000000000000e+00
5.370554048568010330e-03,4.673253279179334641e-04,6.973005838517565280e-06,0.000000000000000000e+00,0.000000000000000000e+00
6.321916822344064713e-03,5.640343297272920609e-04,6.815735105192288756e-06,0.000000000000000000e+00,0.000000000000000000e+00
5.931505002081394196e-03,5.303341313265264034e-04,6.281633432081434876e-06,0.000000000000000000e+00,0.000000000000000000e+00
5.353574175387620926e-03,4.681678256019949913e-04,6.718956683471333236e-06,0.000000000000000000e+00,0.000000000000000000e+00
5.208871327340602875e-03,4.577006911858916283e-04,6.318639407254522666e-06,0.000000000000000000e+00,0.000000000000000000e+00
6.353472825139760971e-03,5.702243652194738388e-04,6.512292202387470752e-06,0.000000000000000000e+00,0.000000000000000000e+00
5.418873392045497894e-03,4.662920255213975906e-04,7.559528967249207199e-06,0.000000000000000000e+00,0.000000000000000000e+00
5.961712449789047241e-03,5.295928567647933960e-04,6.657840458501596004e-06,0.000000000000000000e+00,0.000000000000000000e+00
5.941033363342285156e-03,5.280898185446858406e-04,6.601352652069181204e-06,0.000000000000000000e+00,0.000000000000000000e+00
5.179036408662796021e-03,4.552748869173228741e-04,6.262875103857368231e-06,0.000000000000000000e+00,0.000000000000000000e+00
5.528163630515336990e-03,4.844837239943444729e-04,6.833264706074260175e-06,0.000000000000000000e+00,0.000000000000000000e+00
5.546759814023971558e-03,4.876131424680352211e-04,6.706284693791531026e-06,0.000000000000000000e+00,0.000000000000000000e+00
6.465701851993799210e-03,5.726441740989685059e-04,7.392602128675207496e-06,0.000000000000000000e+00,0.000000000000000000e+00
6.672832183539867401e-03,6.007920601405203342e-04,6.649119313806295395e-06,0.000000000000000000e+00,0.000000000000000000e+00
5.870653316378593445e-03,5.227825604379177094e-04,6.428275810321792960e-06,0.000000000000000000e+00,0.000000000000000000e+00
6.030023097991943359e-03,5.381644004955887794e-04,6.483795004896819592e-06,0.000000000000000000e+00,0.000000000000000000e+00
5.240086466073989868e-03,4.582008114084601402e-04,6.580781700904481113e-06,0.000000000000000000e+00,0.000000000000000000e+00
5.802338477224111557e-03,5.157304112799465656e-04,6.450343789765611291e-06,0.000000000000000000e+00,0.000000000000000000e+00
6.143120583146810532e-03,5.566303152590990067e-04,5.768175014964072034e-06,0.000000000000000000e+00,0.000000000000000000e+00
6.450816988945007324e-03,5.741503555327653885e-04,7.093135536706540734e-06,0.000000000000000000e+00,0.000000000000000000e+00
6.105219479650259018e-03,5.405650008469820023e-04,6.995695002842694521e-06,0.000000000000000000e+00,0.000000000000000000e+00
5.967125762253999710e-03,5.359672941267490387e-04,6.074528300814563408e-06,0.000000000000000000e+00,0.000000000000000000e+00
5.003535654395818710e-03,4.343335167504847050e-04,6.602005669265054166e-06,0.000000000000000000e+00,0.000000000000000000e+00
5.824831780046224594e-03,5.181144224479794502e-04,6.436879630200564861e-06,0.000000000000000000e+00,0.000000000000000000e+00
4.740611650049686432e-03,4.136172065045684576e-04,6.044396286597475410e-06,0.000000000000000000e+00,0.000000000000000000e+00
6.354039534926414490e-03,5.698340246453881264e-04,6.556995685969013721e-06,0.000000000000000000e+00,0.000000000000000000e+00
7.694782689213752747e-03,7.025472586974501610e-04,6.693097475363174453e-06,0.000000000000000000e+00,0.000000000000000000e+00
5.842703394591808319e-03,5.201166495680809021e-04,6.415367806766880676e-06,0.000000000000000000e+00,0.000000000000000000e+00
5.519009195268154144e-03,4.907473339699208736e-04,6.115355063229799271e-06,0.000000000000000000e+00,0.000000000000000000e+00
4.907277412712574005e-03,4.324650508351624012e-04,5.826270808029221371e-06,0.000000000000000000e+00,0.000000000000000000e+00
5.597609560936689377e-03,4.976789350621402264e-04,6.208200375112937763e-06,0.000000000000000000e+00,0.000000000000000000e+00
5.501786246895790100e-03,4.875141894444823265e-04,6.266443051572423428e-06,0.000000000000000000e+00,0.000000000000000000e+00
5.283338017761707306e-03,4.599912790581583977e-04,6.834249234088929370e-06,0.000000000000000000e+00,0.000000000000000000e+00
6.194844841957092285e-03,5.570052308030426502e-04,6.247924829949624836e-06,0.000000000000000000e+00,0.000000000000000000e+00
5.149547941982746124e-03,4.478459595702588558e-04,6.710883099003694952e-06,0.000000000000000000e+00,0.000000000000000000e+00
5.875979550182819366e-03,5.273286369629204273e-04,6.026932169334031641e-06,0.000000000000000000e+00,0.000000000000000000e+00
6.536773405969142914e-03,5.885873688384890556e-04,6.508993465104140341e-06,0.000000000000000000e+00,0.000000000000000000e+00
5.511488765478134155e-03,4.883579676970839500e-04,6.279086846916470677e-06,0.000000000000000000e+00,0.000000000000000000e+00
5.925878882408142090e-03,5.300181219354271889e-04,6.256981123442528769e-06,0.000000000000000000e+00,0.000000000000000000e+00
6.411072798073291779e-03,5.818936624564230442e-04,5.921363481320440769e-06,0.000000000000000000e+00,0.000000000000000000e+00
5.497573409229516983e-03,4.826090007554739714e-04,6.714837127219652757e-06,0.000000000000000000e+00,0.000000000000000000e+00
6.752784363925457001e-03,6.134284194558858871e-04,6.185001439007464796e-06,0.000000000000000000e+00,0.000000000000000000e+00
5.851565860211849213e-03,5.212682299315929413e-04,6.388835572579409927e-06,0.000000000000000000e+00,0.000000000000000000e+00
6.377280224114656448e-03,5.707076634280383587e-04,6.702032806060742587e-06,0.000000000000000000e+00,0.000000000000000000e+00
5.195855628699064255e-03,4.554865881800651550e-04,6.409898105630418286e-06,0.000000000000000000e+00,0.000000000000000000e+00
5.927009508013725281e-03,5.318381008692085743e-04,6.086288067308487371e-06,0.000000000000000000e+00,0.000000000000000000e+00
5.399728193879127502e-03,4.813973791897296906e-04,5.857541509612929076e-06,0.000000000000000000e+00,0.000000000000000000e+00
5.667403340339660645e-03,5.029034800827503204e-04,6.383687832567375153e-06,0.000000000000000000e+00,0.000000000000000000e+00
6.401495542377233505e-03,5.738743930123746395e-04,6.627513357670977712e-06,0.000000000000000000e+00,0.000000000000000000e+00
5.742068868130445480e-03,5.063332500867545605e-04,6.787364327465184033e-06,0.000000000000000000e+00,0.000000000000000000e+00
5.555506329983472824e-03,4.884871887043118477e-04,6.706345629936549813e-06,0.000000000000000000e+00,0.000000000000000000e+00
5.662866402417421341e-03,5.037974915467202663e-04,6.248915269679855555e-06,0.000000000000000000e+00,0.000000000000000000e+00
4.858786240220069885e-03,4.231222847010940313e-04,6.275632586039137095e-06,0.000000000000000000e+00,0.000000000000000000e+00
5.355946719646453857e-03,4.672056820709258318e-04,6.838895387772936374e-06,0.000000000000000000e+00,0.000000000000000000e+00
7.596799638122320175e-03,6.910880329087376595e-04,6.859196219011209905e-06,0.000000000000000000e+00,0.000000000000000000e+00
6.045775488018989563e-03,5.409516161307692528e-04,6.362588464980944991e-06,0.000000000000000000e+00,0.000000000000000000e+00
5.854893941432237625e-03,5.277725867927074432e-04,5.771682481281459332e-06,0.000000000000000000e+00,0.000000000000000000e+00
5.393464118242263794e-03,4.728522908408194780e-04,6.649409897363511845e-06,0.000000000000000000e+00,0.000000000000000000e+00
6.381486542522907257e-03,5.732951103709638119e-04,6.485353878815658391e-06,0.000000000000000000e+00,0.000000000000000000e+00
5.598619580268859863e-03,4.992263275198638439e-04,6.063560249458532780e-06,0.000000000000000000e+00,0.000000000000000000e+00
5.595559719949960709e-03,4.966271808370947838e-04,6.292876605584751815e-06,0.000000000000000000e+00,0.000000000000000000e+00
5.689595360308885574e-03,5.079805850982666016e-04,6.097894583945162594e-06,0.000000000000000000e+00,0.000000000000000000e+00
5.345721263438463211e-03,4.714138631243258715e-04,6.315825885394588113e-06,0.000000000000000000e+00,0.000000000000000000e+00
6.453000474721193314e-03,5.821196245960891247e-04,6.318040504993405193e-06,0.000000000000000000e+00,0.000000000000000000e+00
5.506918299943208694e-03,4.818583838641643524e-04,6.883344212837982923e-06,0.000000000000000000e+00,0.000000000000000000e+00
6.038551684468984604e-03,5.439458764158189297e-04,5.990929821564350277e-06,0.000000000000000000e+00,0.000000000000000000e+00
7.274379953742027283e-03,6.666611880064010620e-04,6.077678790461504832e-06,0.000000000000000000e+00,0.000000000000000000e+00
4.805424716323614120e-03,4.190770850982517004e-04,6.146536179585382342e-06,0.000000000000000000e+00,0.000000000000000000e+00
5.313833244144916534e-03,4.614475183188915253e-04,6.993582246650476009e-06,0.000000000000000000e+00,0.000000000000000000e+00
5.208633374422788620e-03,4.628772148862481117e-04,5.798612619400955737e-06,0.000000000000000000e+00,0.000000000000000000e+00
6.152803543955087662e-03,5.544529412873089314e-04,6.082744221203029156e-06,0.000000000000000000e+00,0.000000000000000000e+00
6.592741236090660095e-03,5.972844664938747883e-04,6.198967184900538996e-06,0.000000000000000000e+00,0.000000000000000000e+00
5.967309698462486267e-03,5.273459828458726406e-04,6.938499609532300383e-06,0.000000000000000000e+00,0.000000000000000000e+00
7.309426087886095047e-03,6.760004907846450806e-04,5.494212018675170839e-06,0.000000000000000000e+00,0.000000000000000000e+00
5.749770440161228180e-03,5.040469113737344742e-04,7.093013209669152275e-06,0.000000000000000000e+00,0.000000000000000000e+00
5.848598666489124298e-03,5.219365120865404606e-04,6.292334546742495149e-06,0.000000000000000000e+00,0.000000000000000000e+00
5.004548933357000351e-03,4.435457813087850809e-04,5.690911166311707348e-06,0.000000000000000000e+00,0.000000000000000000e+00
5.807181820273399353e-03,5.167650524526834488e-04,6.395312084350734949e-06,0.000000000000000000e+00,0.000000000000000000e+00
5.183784756809473038e-03,4.590886528603732586e-04,5.928980499447789043e-06,0.000000000000000000e+00,0.000000000000000000e+00
6.408994086086750031e-03,5.772291915491223335e-04,6.367022251652088016e-06,0.000000000000000000e+00,0.000000000000000000e+00
6.054847035557031631e-03,5.445382557809352875e-04,6.094644959375727922e-06,0.000000000000000000e+00,0.000000000000000000e+00
5.734213627874851227e-03,5.093108629807829857e-04,6.411046342691406608e-06,0.000000000000000000e+00,0.000000000000000000e+00
6.329437252134084702e-03,5.691534024663269520e-04,6.379033948178403080e-06,0.000000000000000000e+00,0.000000000000000000e+00
5.247127730399370193e-03,4.613731289282441139e-04,6.333965757221449167e-06,0.000000000000000000e+00,0.000000000000000000e+00
5.731559824198484421e-03,5.091913044452667236e-04,6.396466233127284795e-06,0.000000000000000000e+00,0.000000000000000000e+00
5.871687084436416626e-03,5.256260628812015057e-04,6.154263246571645141e-06,0.000000000000000000e+00,0.000000000000000000e+00
4.988621920347213745e-03,4.379444289952516556e-04,6.091777322581037879e-06,0.000000000000000000e+00,0.000000000000000000e+00
5.489914678037166595e-03,4.905381938442587852e-04,5.845324267284013331e-06,0.000000000000000000e+00,0.000000000000000000e+00
5.483790300786495209e-03,4.848882672376930714e-04,6.349076102196704596e-06,0.000000000000000000e+00,0.000000000000000000e+00
6.052869837731122971e-03,5.385662661865353584e-04,6.672075869573745877e-06,0.000000000000000000e+00,0.000000000000000000e+00
6.262696348130702972e-03,5.618873983621597290e-04,6.438223408622434363e-06,0.000000000000000000e+00,0.000000000000000000e+00
5.576880648732185364e-03,4.935444449074566364e-04,6.414362360374070704e-06,0.000000000000000000e+00,0.000000000000000000e+00
5.422293674200773239e-03,4.768349463120102882e-04,6.539442438224796206e-06,0.000000000000000000e+00,0.000000000000000000e+00
5.720427725464105606e-03,5.097050452604889870e-04,6.233774456632090732e-06,0.000000000000000000e+00,0.000000000000000000e+00
5.404023919254541397e-03,4.791499814018607140e-04,6.125237632659263909e-06,0.000000000000000000e+00,0.000000000000000000e+00
5.462817847728729248e-03,4.793651751242578030e-04,6.691660928481724113e-06,0.000000000000000000e+00,0.000000000000000000e+00
5.416194908320903778e-03,4.781937459483742714e-04,6.342579126794589683e-06,0.000000000000000000e+00,0.000000000000000000e+00
6.434242706745862961e-03,5.754902376793324947e-04,6.793401553295552731e-06,0.000000000000000000e+00,0.000000000000000000e+00
5.833557806909084320e-03,5.253981798887252808e-04,5.795759079774143174e-06,0.000000000000000000e+00,0.000000000000000000e+00
4.690815694630146027e-03,4.103286191821098328e-04,5.875294846191536635e-06,0.000000000000000000e+00,0.000000000000000000e+00
5.695654544979333878e-03,5.041724652983248234e-04,6.539298738061916083e-06,0.000000000000000000e+00,0.000000000000000000e+00
5.392236635088920593e-03,4.772745887748897076e-04,6.194905836309771985e-06,0.000000000000000000e+00,0.000000000000000000e+00
5.794706288725137711e-03,5.081772105768322945e-04,7.129343885026173666e-06,0.000000000000000000e+00,0.000000000000000000e+00
5.068182013928890228e-03,4.402524500619620085e-04,6.656576260866131634e-06,0.000000000000000000e+00,0.000000000000000000e+00
5.166862625628709793e-03,4.532390157692134380e-04,6.344723260554019362e-06,0.000000000000000000e+00,0.000000000000000000e+00
4.585741553455591202e-03,3.930611710529774427e-04,6.551301794388564304e-06,0.000000000000000000e+00,0.000000000000000000e+00
5.887538194656372070e-03,5.266051739454269409e-04,6.214865607034880668e-06,0.000000000000000000e+00,0.000000000000000000e+00
5.837733391672372818e-03,5.205173511058092117e-04,6.325597496470436454e-06,0.000000000000000000e+00,0.000000000000000000e+00
5.561293568462133408e-03,4.916975740343332291e-04,6.443178790505044162e-06,0.000000000000000000e+00,0.000000000000000000e+00
5.232273135334253311e-03,4.625083529390394688e-04,6.071896677894983441e-06,0.000000000000000000e+00,0.000000000000000000e+00
5.834590177983045578e-03,5.196760175749659538e-04,6.378297712217317894e-06,0.000000000000000000e+00,0.000000000000000000e+00
5.682238843291997910e-03,5.044365534558892250e-04,6.378735633916221559e-06,0.000000000000000000e+00,0.000000000000000000e+00
5.583061836659908295e-03,4.965254920534789562e-04,6.178067451401147991e-06,0.000000000000000000e+00,0.000000000000000000e+00
6.172796711325645447e-03,5.595554830506443977e-04,5.772423719463404268e-06,0.000000000000000000e+00,0.000000000000000000e+00
5.964331328868865967e-03,5.270909750834107399e-04,6.934219982213107869e-06,0.000000000000000000e+00,0.000000000000000000e+00
4.812989383935928345e-03,4.171190666966140270e-04,6.417984423023881391e-06,0.000000000000000000e+00,0.000000000000000000e+00
4.977707751095294952e-03,4.364885389804840088e-04,6.128224413259886205e-06,0.000000000000000000e+00,0.000000000000000000e+00
5.679523572325706482e-03,5.072089843451976776e-04,6.074339125916594639e-06,0.000000000000000000e+00,0.000000000000000000e+00
6.158897653222084045e-03,5.560516146942973137e-04,5.983813025522977114e-06,0.000000000000000000e+00,0.000000000000000000e+00
5.382542498409748077e-03,4.738593997899442911e-04,6.439487151510547847e-06,0.000000000000000000e+00,0.000000000000000000e+00
6.182111799716949463e-03,5.601117154583334923e-04,5.809945832879748195e-06,0.000000000000000000e+00,0.000000000000000000e+00
6.096350960433483124e-03,5.519982660189270973e-04,5.763683475379366428e-06,0.000000000000000000e+00,0.000000000000000000e+00
6.345500703901052475e-03,5.713894497603178024e-04,6.316061444522347301e-06,0.000000000000000000e+00,0.000000000000000000e+00
6.211722269654273987e-03,5.605158512480556965e-04,6.065641173336189240e-06,0.000000000000000000e+00,0.000000000000000000e+00
4.871165379881858826e-03,4.261587164364755154e-04,6.095780918258242309e-06,0.000000000000000000e+00,0.000000000000000000e+00
5.482794716954231262e-03,4.836180305574089289e-04,6.466147169703617692e-06,0.000000000000000000e+00,0.000000000000000000e+00
6.102179642766714096e-03,5.450663156807422638e-04,6.515163022413617000e-06,0.000000000000000000e+00,0.000000000000000000e+00
4.902916029095649719e-03,4.258718690834939480e-04,6.441972800530493259e-06,0.000000000000000000e+00,0.000000000000000000e+00
5.792241077870130539e-03,5.171133670955896378e-04,6.211075742612592876e-06,0.000000000000000000e+00,0.000000000000000000e+00
6.243139505386352539e-03,5.631076637655496597e-04,6.120626494521275163e-06,0.000000000000000000e+00,0.000000000000000000e+00
5.598754622042179108e-03,4.962817765772342682e-04,6.359370672726072371e-06,0.000000000000000000e+00,0.000000000000000000e+00
4.776409361511468887e-03,4.115306946914643049e-04,6.611025128222536296e-06,0.000000000000000000e+00,0.000000000000000000e+00
5.055976565927267075e-03,4.349861410446465015e-04,7.061154065013397485e-06,0.000000000000000000e+00,0.000000000000000000e+00
6.384927779436111450e-03,5.772584117949008942e-04,6.123436833149753511e-06,0.000000000000000000e+00,0.000000000000000000e+00
5.237412173300981522e-03,4.619258106686174870e-04,6.181541266414569691e-06,0.000000000000000000e+00,0.000000000000000000e+00
4.936465062201023102e-03,4.293951496947556734e-04,6.425136234611272812e-06,0.000000000000000000e+00,0.000000000000000000e+00
5.722448695451021194e-03,5.042505217716097832e-04,6.799434231652412564e-06,0.000000000000000000e+00,0.000000000000000000e+00
5.500565283000469208e-03,4.876439925283193588e-04,6.241251867322716862e-06,0.000000000000000000e+00,0.000000000000000000e+00
6.328299641609191895e-03,5.640888120979070663e-04,6.874114660604391247e-06,0.000000000000000000e+00,0.000000000000000000e+00
5.947840865701436996e-03,5.346679245121777058e-04,6.011615823808824643e-06,0.000000000000000000e+00,0.000000000000000000e+00
6.474343128502368927e-03,5.867787403985857964e-04,6.065552952350117266e-06,0.000000000000000000e+00,0.000000000000000000e+00
4.978793207556009293e-03,4.406520747579634190e-04,5.722724381485022604e-06,0.000000000000000000e+00,0.000000000000000000e+00
5.678053945302963257e-03,5.053110653534531593e-04,6.249433681659866124e-06,0.000000000000000000e+00,0.000000000000000000e+00
5.013602785766124725e-03,4.398304154165089130e-04,6.152989044494461268e-06,0.000000000000000000e+00,0.000000000000000000e+00
5.517449229955673218e-03,4.841250774916261435e-04,6.761985787306912243e-06,0.000000000000000000e+00,0.000000000000000000e+00
4.890948068350553513e-03,4.301329026930034161e-04,5.896189577470067888e-06,0.000000000000000000e+00,0.000000000000000000e+00
6.450283806771039963e-03,5.769879207946360111e-04,6.804046734032453969e-06,0.000000000000000000e+00,0.000000000000000000e+00
5.357846152037382126e-03,4.750551888719201088e-04,6.072946234780829400e-06,0.000000000000000000e+00,0.000000000000000000e+00
5.566083360463380814e-03,4.926696419715881348e-04,6.393868261511670426e-06,0.000000000000000000e+00,0.000000000000000000e+00
5.508753936737775803e-03,4.905821988359093666e-04,6.029320502420887351e-06,0.000000000000000000e+00,0.000000000000000000e+00
6.125625222921371460e-03,5.550730274990200996e-04,5.748953299189452082e-06,0.000000000000000000e+00,0.000000000000000000e+00
5.428906995803117752e-03,4.770573868881911039e-04,6.583331469300901517e-06,0.000000000000000000e+00,0.000000000000000000e+00
5.028322804719209671e-03,4.425883817020803690e-04,6.024392405379330739e-06,0.000000000000000000e+00,0.000000000000000000e+00
6.292794365435838699e-03,5.650924285873770714e-04,6.418697921617422253e-06,0.000000000000000000e+00,0.000000000000000000e+00
5.252292845398187637e-03,4.652471689041703939e-04,5.998212145641446114e-06,0.000000000000000000e+00,0.000000000000000000e+00
6.532295607030391693e-03,5.875085480511188507e-04,6.572098754986654967e-06,0.000000000000000000e+00,0.000000000000000000e+00
5.349262617528438568e-03,4.723494639620184898e-04,6.257678251131437719e-06,0.000000000000000000e+00,0.000000000000000000e+00
6.025088485330343246e-03,5.447881412692368031e-04,5.772069926024414599e-06,0.000000000000000000e+00,0.000000000000000000e+00
5.918824113905429840e-03,5.310014239512383938e-04,6.088096142775611952e-06,0.000000000000000000e+00,0.000000000000000000e+00
5.784552544355392456e-03,5.192286917008459568e-04,5.922659966017818078e-06,0.000000000000000000e+00,0.000000000000000000e+00
5.035758018493652344e-03,4.412741400301456451e-04,6.230168764886911958e-06,0.000000000000000000e+00,0.000000000000000000e+00
4.711910616606473923e-03,4.132349276915192604e-04,5.795616289105964825e-06,0.000000000000000000e+00,0.000000000000000000e+00
6.198989227414131165e-03,5.530111375264823437e-04,6.688776920782402158e-06,0.000000000000000000e+00,0.000000000000000000e+00
4.651651717722415924e-03,4.056285251863300800e-04,5.953664185653906316e-06,0.000000000000000000e+00,0.000000000000000000e+00
5.850924178957939148e-03,5.200580926612019539e-04,6.503432814497500658e-06,0.000000000000000000e+00,0.000000000000000000e+00
5.757606122642755508e-03,5.132046644575893879e-04,6.255594598769675940e-06,0.000000000000000000e+00,0.000000000000000000e+00
5.573884118348360062e-03,4.964155377820134163e-04,6.097288860473781824e-06,0.000000000000000000e+00,0.000000000000000000e+00
5.145995412021875381e-03,4.530368023552000523e-04,6.156275503599317744e-06,0.000000000000000000e+00,0.000000000000000000e+00
5.591249093413352966e-03,4.934511380270123482e-04,6.567377113242400810e-06,0.000000000000000000e+00,0.000000000000000000e+00
5.231832154095172882e-03,4.621394327841699123e-04,6.104374733695294708e-06,0.000000000000000000e+00,0.000000000000000000e+00
5.179869476705789566e-03,4.524569958448410034e-04,6.552993909281212837e-06,0.000000000000000000e+00,0.000000000000000000e+00
5.330053623765707016e-03,4.657235695049166679e-04,6.728175321768503636e-06,0.000000000000000000e+00,0.000000000000000000e+00
6.694213021546602249e-03,6.091301329433917999e-04,6.029117685102391988e-06,0.000000000000000000e+00,0.000000000000000000e+00
5.674937274307012558e-03,5.080318660475313663e-04,5.946188593952683732e-06,0.000000000000000000e+00,0.000000000000000000e+00
4.792096093297004700e-03,4.148316220380365849e-04,6.437798219849355519e-06,0.000000000000000000e+00,0.000000000000000000e+00
5.719121545553207397e-03,5.082619027234613895e-04,6.365028639265801758e-06,0.000000000000000000e+00,0.000000000000000000e+00
5.227371118962764740e-03,4.571453318931162357e-04,6.559178928000619635e-06,0.000000000000000000e+00,0.000000000000000000e+00
5.853440612554550171e-03,5.180580774322152138e-04,6.728601420036284253e-06,0.000000000000000000e+00,0.000000000000000000e+00
5.337244831025600433e-03,4.675216041505336761e-04,6.620286058023339137e-06,0.000000000000000000e+00,0.000000000000000000e+00
5.748114548623561859e-03,5.096762906759977341e-04,6.513518201245460659e-06,0.000000000000000000e+00,0.000000000000000000e+00
5.958846770226955414e-03,5.291460547596216202e-04,6.673864845652133226e-06,0.000000000000000000e+00,0.000000000000000000e+00
5.385835189372301102e-03,4.691565409302711487e-04,6.942696927580982447e-06,0.000000000000000000e+00,0.000000000000000000e+00
5.347720347344875336e-03,4.732982488349080086e-04,6.147379281173925847e-06,0.000000000000000000e+00,0.000000000000000000e+00
5.808194633573293686e-03,5.135527462698519230e-04,6.726671927026472986e-06,0.000000000000000000e+00,0.000000000000000000e+00
5.193987395614385605e-03,4.509342834353446960e-04,6.846446012787055224e-06,0.000000000000000000e+00,0.000000000000000000e+00
5.188322626054286957e-03,4.555000923573970795e-04,6.333218152576591820e-06,0.000000000000000000e+00,0.000000000000000000e+00
5.084304604679346085e-03,4.458186449483036995e-04,6.261185262701474130e-06,0.000000000000000000e+00,0.000000000000000000e+00
4.823881201446056366e-03,4.141078388784080744e-04,6.828026926086749882e-06,0.000000000000000000e+00,0.000000000000000000e+00
5.058387294411659241e-03,4.454905865713953972e-04,6.034810667188139632e-06,0.000000000000000000e+00,0.000000000000000000e+00
5.010576918721199036e-03,4.387284570839256048e-04,6.232923169591231272e-06,0.000000000000000000e+00,0.000000000000000000e+00
6.125600077211856842e-03,5.481024854816496372e-04,6.445751751016359776e-06,0.000000000000000000e+00,0.000000000000000000e+00
5.440687760710716248e-03,4.783263429999351501e-04,6.574243343493435532e-06,0.000000000000000000e+00,0.000000000000000000e+00
6.004176568239927292e-03,5.316769238561391830e-04,6.874072823848109692e-06,0.000000000000000000e+00,0.000000000000000000e+00
5.442159250378608704e-03,4.808112280443310738e-04,6.340469553833827376e-06,0.000000000000000000e+00,0.000000000000000000e+00
5.704049486666917801e-03,5.036981892772018909e-04,6.670676157227717340e-06,0.000000000000000000e+00,0.000000000000000000e+00
5.278351251035928726e-03,4.612825869116932154e-04,6.655253400822402909e-06,0.000000000000000000e+00,0.000000000000000000e+00
5.395855754613876343e-03,4.761471645906567574e-04,6.343845143419457600e-06,0.000000000000000000e+00,0.000000000000000000e+00
4.960805177688598633e-03,4.379073798190802336e-04,5.817314558953512460e-06,0.000000000000000000e+00,0.000000000000000000e+00
5.714240949600934982e-03,5.100842099636793137e-04,6.133987881185021251e-06,0.000000000000000000e+00,0.000000000000000000e+00
6.616534199565649033e-03,5.988439079374074936e-04,6.280949492065701634e-06,0.000000000000000000e+00,0.000000000000000000e+00
5.925681907683610916e-03,5.315901944413781166e-04,6.097803634474985301e-06,0.000000000000000000e+00,0.000000000000000000e+00
5.606868304312229156e-03,5.040118121542036533e-04,5.667501227435423061e-06,0.000000000000000000e+00,0.000000000000000000e+00
5.294249393045902252e-03,4.678754485212266445e-04,6.154947186587378383e-06,0.000000000000000000e+00,0.000000000000000000e+00
5.192712415009737015e-03,4.624461289495229721e-04,5.682509254256729037e-06,0.000000000000000000e+00,0.000000000000000000e+00
4.879130981862545013e-03,4.222461720928549767e-04,6.566689989995211363e-06,0.000000000000000000e+00,0.000000000000000000e+00
5.212499760091304779e-03,4.600237589329481125e-04,6.122623744886368513e-06,0.000000000000000000e+00,0.000000000000000000e+00
6.133630871772766113e-03,5.520959384739398956e-04,6.126716925791697577e-06,0.000000000000000000e+00,0.000000000000000000e+00
5.776344332844018936e-03,5.163855385035276413e-04,6.124889750935835764e-06,0.000000000000000000e+00,0.000000000000000000e+00
6.250089965760707855e-03,5.634649423882365227e-04,6.154403763503069058e-06,0.000000000000000000e+00,0.000000000000000000e+00
5.047401878982782364e-03,4.384737694635987282e-04,6.626645699725486338e-06,0.000000000000000000e+00,0.000000000000000000e+00
5.376228131353855133e-03,4.763444885611534119e-04,6.127830602054018527e-06,0.000000000000000000e+00,0.000000000000000000e+00
5.379030946642160416e-03,4.793973057530820370e-04,5.850578872923506424e-06,0.000000000000000000e+00,0.000000000000000000e+00
5.329406820237636566e-03,4.782645846717059612e-04,5.467607934406260028e-06,0.000000000000000000e+00,0.000000000000000000e+00
5.743351764976978302e-03,5.150702781975269318e-04,5.926487574470229447e-06,0.000000000000000000e+00,0.000000000000000000e+00
5.154897924512624741e-03,4.557767533697187901e-04,5.971305199636844918e-06,0.000000000000000000e+00,0.000000000000000000e+00
4.475479945540428162e-03,3.833208756987005472e-04,6.422713795473100618e-06,0.000000000000000000e+00,0.000000000000000000e+00
5.591718479990959167e-03,4.896423779428005219e-04,6.952948751859366894e-06,0.000000000000000000e+00,0.000000000000000000e+00
5.455344915390014648e-03,4.809613164979964495e-04,6.457318249886156991e-06,0.000000000000000000e+00,0.000000000000000000e+00
5.282417405396699905e-03,4.669975896831601858e-04,6.124413175712106749e-06,0.000000000000000000e+00,0.000000000000000000e+00
5.363455507904291153e-03,4.819885944016277790e-04,5.435698767541907728e-06,0.000000000000000000e+00,0.000000000000000000e+00
5.615518428385257721e-03,4.954363685101270676e-04,6.611548087676055729e-06,0.000000000000000000e+00,0.000000000000000000e+00
6.354246754199266434e-03,5.716938758268952370e-04,6.373083124344702810e-06,0.000000000000000000e+00,0.000000000000000000e+00
6.487687118351459503e-03,5.870815948583185673e-04,6.168713298393413424e-06,0.000000000000000000e+00,0.000000000000000000e+00
5.772495642304420471e-03,5.200678715482354164e-04,5.718171451007947326e-06,0.000000000000000000e+00,0.000000000000000000e+00
5.324943922460079193e-03,4.690276691690087318e-04,6.346676855173427612e-06,0.000000000000000000e+00,0.000000000000000000e+00
5.965926218777894974e-03,5.339175695553421974e-04,6.267506250878795981e-06,0.000000000000000000e+00,0.000000000000000000e+00
5.117255263030529022e-03,4.488654085434973240e-04,6.286010375333717093e-06,0.000000000000000000e+00,0.000000000000000000e+00
6.276164203882217407e-03,5.687639350071549416e-04,5.885252903681248426e-06,0.000000000000000000e+00,0.000000000000000000e+00
5.818691570311784744e-03,5.230838432908058167e-04,5.878529464098392054e-06,0.000000000000000000e+00,0.000000000000000000e+00
6.405533291399478912e-03,5.798796191811561584e-04,6.067372851248364896e-06,0.000000000000000000e+00,0.000000000000000000e+00
5.245172418653964996e-03,4.581338143907487392e-04,6.638344075327040628e-06,0.000000000000000000e+00,0.000000000000000000e+00
5.698952358216047287e-03,5.046851001679897308e-04,6.521014256577473134e-06,0.000000000000000000e+00,0.000000000000000000e+00
5.162629764527082443e-03,4.541450762189924717e-04,6.211791514942888170e-06,0.000000000000000000e+00,0.000000000000000000e+00
6.174429319798946381e-03,5.536568351089954376e-04,6.378610578394727781e-06,0.000000000000000000e+00,0.000000000000000000e+00
5.381492897868156433e-03,4.738539864774793386e-04,6.429527729778783396e-06,0.000000000000000000e+00,0.000000000000000000e+00
5.509917624294757843e-03,4.871641285717487335e-04,6.382763785950373858e-06,0.000000000000000000e+00,0.000000000000000000e+00
6.641671992838382721e-03,6.032161181792616844e-04,6.095106073189526796e-06,0.000000000000000000e+00,0.000000000000000000e+00
5.498199723660945892e-03,4.845014773309230804e-04,6.531850885949097574e-06,0.000000000000000000e+00,0.000000000000000000e+00
5.057268310338258743e-03,4.414218419697135687e-04,6.430498615372925997e-06,0.000000000000000000e+00,0.000000000000000000e+00
4.182814620435237885e-03,3.587485989555716515e-04,5.953288109594723210e-06,0.000000000000000000e+00,0.000000000000000000e+00
5.286926403641700745e-03,4.696575342677533627e-04,5.903511919314041734e-06,0.000000000000000000e+00,0.000000000000000000e+00
5.064906086772680283e-03,4.444160149432718754e-04,6.207459136930992827e-06,0.000000000000000000e+00,0.000000000000000000e+00
5.702883005142211914e-03,5.137339467182755470e-04,5.655436780216405168e-06,0.000000000000000000e+00,0.000000000000000000e+00
5.888569168746471405e-03,5.260524922050535679e-04,6.280445632000919431e-06,0.000000000000000000e+00,0.000000000000000000e+00
6.193342618644237518e-03,5.599705618806183338e-04,5.936371053394395858e-06,0.000000000000000000e+00,0.000000000000000000e+00
6.100320257246494293e-03,5.471917684189975262e-04,6.284026767389150336e-06,0.000000000000000000e+00,0.000000000000000000e+00
4.860664717853069305e-03,4.218177637085318565e-04,6.424870662158355117e-06,0.000000000000000000e+00,0.000000000000000000e+00
5.469504278153181076e-03,4.885736270807683468e-04,5.837679964315611869e-06,0.000000000000000000e+00,0.000000000000000000e+00
5.419118795543909073e-03,4.868070245720446110e-04,5.510487426363397390e-06,0.000000000000000000e+00,0.000000000000000000e+00
5.275638308376073837e-03,4.612831980921328068e-04,6.628063601965550333e-06,0.000000000000000000e+00,0.000000000000000000e+00
5.823745392262935638e-03,5.214166594669222832e-04,6.095785920479102060e-06,0.000000000000000000e+00,0.000000000000000000e+00
6.138599943369626999e-03,5.500915576703846455e-04,6.376843884936533868e-06,0.000000000000000000e+00,0.000000000000000000e+00
6.108927540481090546e-03,5.531271453946828842e-04,5.776558282377664000e-06,0.000000000000000000e+00,0.000000000000000000e+00
5.735893733799457550e-03,5.113399820402264595e-04,6.224940989341121167e-06,0.000000000000000000e+00,0.000000000000000000e+00
4.630610346794128418e-03,3.998920146841555834e-04,6.316901817626785487e-06,0.000000000000000000e+00,0.000000000000000000e+00
6.135741714388132095e-03,5.467428127303719521e-04,6.683138963126111776e-06,0.000000000000000000e+00,0.000000000000000000e+00
4.999982193112373352e-03,4.386420187074691057e-04,6.135616786195896566e-06,0.000000000000000000e+00,0.000000000000000000e+00
5.794291384518146515e-03,5.191478412598371506e-04,6.028129519108915702e-06,0.000000000000000000e+00,0.000000000000000000e+00
4.926688503473997116e-03,4.352619580458849669e-04,5.740691904065897688e-06,0.000000000000000000e+00,0.000000000000000000e+00
4.877916537225246429e-03,4.247582983225584030e-04,6.303337613644544035e-06,0.000000000000000000e+00,0.000000000000000000e+00
5.080354399979114532e-03,4.463247896637767553e-04,6.171066161186899990e-06,0.000000000000000000e+00,0.000000000000000000e+00
6.023786030709743500e-03,5.420229281298816204e-04,6.035566002537962049e-06,0.000000000000000000e+00,0.000000000000000000e+00
4.835289902985095978e-03,4.213888314552605152e-04,6.214017957972828299e-06,0.000000000000000000e+00,0.000000000000000000e+00
6.656654179096221924e-03,6.023210007697343826e-04,6.334441422950476408e-06,0.000000000000000000e+00,0.000000000000000000e+00
5.900368094444274902e-03,5.322184879332780838e-04,5.781832442153245211e-06,0.000000000000000000e+00,0.000000000000000000e+00
6.235404405742883682e-03,5.672903498634696007e-04,5.625005087495082989e-06,0.000000000000000000e+00,0.000000000000000000e+00
4.823078401386737823e-03,4.250944475643336773e-04,5.721335583075415343e-06,0.000000000000000000e+00,0.000000000000000000e+00
6.369512062519788742e-03,5.735415033996105194e-04,6.340970685414504260e-06,0.000000000000000000e+00,0.000000000000000000e+00
5.831294693052768707e-03,5.202487227506935596e-04,6.288075383054092526e-06,0.000000000000000000e+00,0.000000000000000000e+00
5.061017815023660660e-03,4.410340334288775921e-04,6.506774298031814396e-06,0.000000000000000000e+00,0.000000000000000000e+00
5.921456497162580490e-03,5.283272475935518742e-04,6.381843377312179655e-06,0.000000000000000000e+00,0.000000000000000000e+00
4.959264770150184631e-03,4.348317161202430725e-04,6.109474725235486403e-06,0.000000000000000000e+00,0.000000000000000000e+00
7.194605655968189240e-03,6.571403355337679386e-04,6.232026407815283164e-06,0.000000000000000000e+00,0.000000000000000000e+00
5.111243575811386108e-03,4.518339410424232483e-04,5.929040980845456943e-06,0.000000000000000000e+00,0.000000000000000000e+00
6.141711492091417313e-03,5.510902265086770058e-04,6.308092906692763790e-06,0.000000000000000000e+00,0.000000000000000000e+00
5.377083551138639450e-03,4.777233989443629980e-04,5.998494088998995721e-06,0.000000000000000000e+00,0.000000000000000000e+00
4.343687091022729874e-03,3.746555303223431110e-04,5.971320206299424171e-06,0.000000000000000000e+00,0.000000000000000000e+00
5.352118983864784241e-03,4.776668502017855644e-04,5.754500307375565171e-06,0.000000000000000000e+00,0.000000000000000000e+00
5.427539814263582230e-03,4.830482939723879099e-04,5.970568963675759733e-06,0.000000000000000000e+00,0.000000000000000000e+00
5.191526375710964203e-03,4.568150616250932217e-04,6.233756721485406160e-06,0.000000000000000000e+00,0.000000000000000000e+00
4.715906456112861633e-03,4.093071911484003067e-04,6.228347956493962556e-06,0.000000000000000000e+00,0.000000000000000000e+00
5.393724422901868820e-03,4.771767125930637121e-04,6.219571332621853799e-06,0.000000000000000000e+00,0.000000000000000000e+00
5.587968509644269943e-03,5.064093274995684624e-04,5.238750418357085437e-06,0.000000000000000000e+00,0.000000000000000000e+00
5.362547002732753754e-03,4.736870178021490574e-04,6.256767392187612131e-06,0.000000000000000000e+00,0.000000000000000000e+00
6.105482578277587891e-03,5.512525094673037529e-04,5.929570761509239674e-06,0.000000000000000000e+00,0.000000000000000000e+00
4.955411888659000397e-03,4.303931491449475288e-04,6.514806045743171126e-06,0.000000000000000000e+00,0.000000000000000000e+00
4.965707194060087204e-03,4.354678385425359011e-04,6.110286904004169628e-06,0.000000000000000000e+00,0.000000000000000000e+00
5.649755708873271942e-03,5.025730351917445660e-04,6.240254151634871960e-06,0.000000000000000000e+00,0.000000000000000000e+00
6.316104903817176819e-03,5.728857358917593956e-04,5.872475412616040558e-06,0.000000000000000000e+00,0.000000000000000000e+00
6.111352704465389252e-03,5.521600833162665367e-04,5.897516075492603704e-06,0.000000000000000000e+00,0.000000000000000000e+00
5.885454826056957245e-03,5.292791174724698067e-04,5.926639914832776412e-06,0.000000000000000000e+00,0.000000000000000000e+00
5.107721313834190369e-03,4.515103646554052830e-04,5.926179255766328424e-06,0.000000000000000000e+00,0.000000000000000000e+00
5.116021726280450821e-03,4.547302087303251028e-04,5.687194970960263163e-06,0.000000000000000000e+00,0.000000000000000000e+00
5.456868559122085571e-03,4.848349199164658785e-04,6.085191671445500106e-06,0.000000000000000000e+00,0.000000000000000000e+00
5.530241876840591431e-03,4.913966986350715160e-04,6.162745194160379469e-06,0.000000000000000000e+00,0.000000000000000000e+00
6.104742642492055893e-03,5.477018421515822411e-04,6.277238753682468086e-06,0.000000000000000000e+00,0.000000000000000000e+00
6.421326193958520889e-03,5.803516833111643791e-04,6.178092007758095860e-06,0.000000000000000000e+00,0.000000000000000000e+00
6.293192040175199509e-03,5.693212151527404785e-04,5.999798304401338100e-06,0.000000000000000000e+00,0.000000000000000000e+00
5.035865120589733124e-03,4.373303381726145744e-04,6.625613423238974065e-06,0.000000000000000000e+00,0.000000000000000000e+00
5.109786055982112885e-03,4.487557162065058947e-04,6.222288448043400422e-06,0.000000000000000000e+00,0.000000000000000000e+00
5.091373343020677567e-03,4.448887193575501442e-04,6.424862476706039160e-06,0.000000000000000000e+00,0.000000000000000000e+00
5.220429506152868271e-03,4.611334879882633686e-04,6.090946499170968309e-06,0.000000000000000000e+00,0.000000000000000000e+00
4.949676338583230972e-03,4.344506596680730581e-04,6.051696800568606704e-06,0.000000000000000000e+00,0.000000000000000000e+00
5.127537995576858521e-03,4.544608818832784891e-04,5.829291239933809265e-06,0.000000000000000000e+00,0.000000000000000000e+00
4.935596603900194168e-03,4.350709205027669668e-04,5.848873115610331297e-06,0.000000000000000000e+00,0.000000000000000000e+00
4.973432980477809906e-03,4.370331880636513233e-04,6.031013981555588543e-06,0.000000000000000000e+00,0.000000000000000000e+00
4.932399373501539230e-03,4.324642650317400694e-04,6.077567832107888535e-06,0.000000000000000000e+00,0.000000000000000000e+00
5.189867224544286728e-03,4.545123665593564510e-04,6.447434316214639693e-06,0.000000000000000000e+00,0.000000000000000000e+00
4.600507672876119614e-03,4.045007808599621058e-04,5.554998551815515384e-06,0.000000000000000000e+00,0.000000000000000000e+00
4.420006182044744492e-03,3.832339716609567404e-04,5.876664545212406665e-06,0.000000000000000000e+00,0.000000000000000000e+00
6.948646623641252518e-03,6.294694030657410622e-04,6.539528840221464634e-06,0.000000000000000000e+00,0.000000000000000000e+00
5.264355335384607315e-03,4.687369219027459621e-04,5.769860763393808156e-06,0.000000000000000000e+00,0.000000000000000000e+00
6.039404310286045074e-03,5.376638146117329597e-04,6.627661605307366699e-06,0.000000000000000000e+00,0.000000000000000000e+00
6.344447378069162369e-03,5.749237025156617165e-04,5.952105311735067517e-06,0.000000000000000000e+00,0.000000000000000000e+00
5.700418725609779358e-03,5.099020781926810741e-04,6.013975962559925392e-06,0.000000000000000000e+00,0.000000000000000000e+00
4.800623748451471329e-03,4.152118635829538107e-04,6.485051471827318892e-06,0.000000000000000000e+00,0.000000000000000000e+00
5.556549876928329468e-03,4.884293302893638611e-04,6.722568286932073534e-06,0.000000000000000000e+00,0.000000000000000000e+00
4.515672102570533752e-03,3.872807719744741917e-04,6.428646429412765428e-06,0.000000000000000000e+00,0.000000000000000000e+00
5.425355862826108932e-03,4.774521221406757832e-04,6.508346359623828903e-06,0.000000000000000000e+00,0.000000000000000000e+00
5.160295404493808746e-03,4.530736478045582771e-04,6.295593721006298438e-06,0.000000000000000000e+00,0.000000000000000000e+00
5.850750021636486053e-03,5.171698285266757011e-04,6.790515726606827229e-06,0.000000000000000000e+00,0.000000000000000000e+00
4.917014390230178833e-03,4.304265021346509457e-04,6.127490905782906339e-06,0.000000000000000000e+00,0.000000000000000000e+00
6.177152507007122040e-03,5.558178527280688286e-04,6.189736268424894661e-06,0.000000000000000000e+00,0.000000000000000000e+00
5.360919050872325897e-03,4.812086117453873158e-04,5.488328497449401766e-06,0.000000000000000000e+00,0.000000000000000000e+00
5.237843375653028488e-03,4.644296714104712009e-04,5.935467925155535340e-06,0.000000000000000000e+00,0.000000000000000000e+00
6.609262432903051376e-03,6.061843596398830414e-04,5.474186764331534505e-06,0.000000000000000000e+00,0.000000000000000000e+00
4.729833919554948807e-03,4.113570612389594316e-04,6.162633326312061399e-06,0.000000000000000000e+00,0.000000000000000000e+00
4.344609100371599197e-03,3.771842748392373323e-04,5.727663847210351378e-06,0.000000000000000000e+00,0.000000000000000000e+00
5.221777595579624176e-03,4.591984325088560581e-04,6.297932486631907523e-06,0.000000000000000000e+00,0.000000000000000000e+00
5.515254102647304535e-03,4.930442082695662975e-04,5.848120963491965085e-06,0.000000000000000000e+00,0.000000000000000000e+00
5.563898943364620209e-03,4.867170064244419336e-04,6.967291938053676859e-06,0.000000000000000000e+00,0.000000000000000000e+00
4.409044981002807617e-03,3.855269169434905052e-04,5.537755896511953324e-06,0.000000000000000000e+00,0.000000000000000000e+00
6.471167784184217453e-03,5.832866299897432327e-04,6.383014351740712300e-06,0.000000000000000000e+00,0.000000000000000000e+00
5.219631362706422806e-03,4.627575690392404795e-04,5.920555850025266409e-06,0.000000000000000000e+00,0.000000000000000000e+00
5.786861293017864227e-03,5.146795883774757385e-04,6.400652637239545584e-06,0.000000000000000000e+00,0.000000000000000000e+00
5.406958051025867462e-03,4.762125900015234947e-04,6.448317890317412093e-06,0.000000000000000000e+00,0.000000000000000000e+00
6.995862349867820740e-03,6.406421307474374771e-04,5.894411060580750927e-06,0.000000000000000000e+00,0.000000000000000000e+00
5.233879201114177704e-03,4.621263942681252956e-04,6.126149855845142156e-06,0.000000000000000000e+00,0.000000000000000000e+00
6.397373974323272705e-03,5.803365493193268776e-04,5.940086339251138270e-06,0.000000000000000000e+00,0.000000000000000000e+00
5.004333332180976868e-03,4.397509910631924868e-04,6.068234142730943859e-06,0.000000000000000000e+00,0.000000000000000000e+00
4.655274096876382828e-03,4.066182300448417664e-04,5.890918146178591996e-06,0.000000000000000000e+00,0.000000000000000000e+00
6.131503731012344360e-03,5.505800363607704639e-04,6.257032509893178940e-06,0.000000000000000000e+00,0.000000000000000000e+00
5.656937137246131897e-03,5.022361874580383301e-04,6.345752808556426316e-06,0.000000000000000000e+00,0.000000000000000000e+00
4.681115970015525818e-03,4.103202954865992069e-04,5.779133061878383160e-06,0.000000000000000000e+00,0.000000000000000000e+00
5.814033560454845428e-03,5.190853262320160866e-04,6.231807674339506775e-06,0.000000000000000000e+00,0.000000000000000000e+00
6.635503377765417099e-03,6.045770132914185524e-04,5.897335540794301778e-06,0.000000000000000000e+00,0.000000000000000000e+00
5.518076941370964050e-03,4.913940792903304100e-04,6.041358574293553829e-06,0.000000000000000000e+00,0.000000000000000000e+00
5.658285692334175110e-03,5.068319151178002357e-04,5.899667939956998453e-06,0.000000000000000000e+00,0.000000000000000000e+00
4.557298496365547180e-03,3.989903489127755165e-04,5.673953637597151101e-06,0.000000000000000000e+00,0.000000000000000000e+00
5.158750806003808975e-03,4.584322450682520866e-04,5.744280315411742777e-06,0.000000000000000000e+00,0.000000000000000000e+00
5.302148871123790741e-03,4.678083350881934166e-04,6.240651600819546729e-06,0.000000000000000000e+00,0.000000000000000000e+00
5.641570314764976501e-03,5.038221715949475765e-04,6.033482804923551157e-06,0.000000000000000000e+00,0.000000000000000000e+00
5.384617485105991364e-03,4.733155074063688517e-04,6.514622327813412994e-06,0.000000000000000000e+00,0.000000000000000000e+00
6.397612858563661575e-03,5.789738497696816921e-04,6.078740625525824726e-06,0.000000000000000000e+00,0.000000000000000000e+00
5.674617830663919449e-03,5.025516729801893234e-04,6.491010935860686004e-06,0.000000000000000000e+00,0.000000000000000000e+00
5.290482193231582642e-03,4.647093592211604118e-04,6.433881935663521290e-06,0.000000000000000000e+00,0.000000000000000000e+00
5.695078521966934204e-03,5.042467382736504078e-04,6.526113338622963056e-06,0.000000000000000000e+00,0.000000000000000000e+00
5.091450642794370651e-03,4.460364871192723513e-04,6.310856406344100833e-06,0.000000000000000000e+00,0.000000000000000000e+00
4.931106697767972946e-03,4.307453054934740067e-04,6.236537956283427775e-06,0.000000000000000000e+00,0.000000000000000000e+00
4.780173767358064651e-03,4.218333051539957523e-04,5.618409886665176600e-06,0.000000000000000000e+00,0.000000000000000000e+00
6.062553729861974716e-03,5.464212736114859581e-04,5.983408300380688161e-06,0.000000000000000000e+00,0.000000000000000000e+00
5.956355482339859009e-03,5.385128315538167953e-04,5.712272468372248113e-06,0.000000000000000000e+00,0.000000000000000000e+00
5.552029237151145935e-03,4.893729346804320812e-04,6.582996775250649080e-06,0.000000000000000000e+00,0.000000000000000000e+00
5.466932430863380432e-03,4.846451920457184315e-04,6.204807505127973855e-06,0.000000000000000000e+00,0.000000000000000000e+00
5.564909894019365311e-03,4.965231055393815041e-04,5.996790605422575027e-06,0.000000000000000000e+00,0.000000000000000000e+00
5.747936666011810303e-03,5.099516129121184349e-04,6.484204277512617409e-06,0.000000000000000000e+00,0.000000000000000000e+00
5.770685151219367981e-03,5.189594812691211700e-04,5.810904440295416862e-06,0.000000000000000000e+00,0.000000000000000000e+00
5.532272625714540482e-03,4.929224378429353237e-04,6.030480562912998721e-06,0.000000000000000000e+00,0.000000000000000000e+00
5.132791586220264435e-03,4.509206046350300312e-04,6.235856744751799852e-06,0.000000000000000000e+00,0.000000000000000000e+00
4.514798521995544434e-03,3.933002008125185966e-04,5.817962119181174785e-06,0.000000000000000000e+00,0.000000000000000000e+00
5.145691335201263428e-03,4.537372151389718056e-04,6.083192602091003209e-06,0.000000000000000000e+00,0.000000000000000000e+00
5.922114010900259018e-03,5.226735956966876984e-04,6.953781849006190896e-06,0.000000000000000000e+00,0.000000000000000000e+00
5.194714758545160294e-03,4.588578303810209036e-04,6.061362000764347613e-06,0.000000000000000000e+00,0.000000000000000000e+00
5.868243519216775894e-03,5.253516719676554203e-04,6.147270596557063982e-06,0.000000000000000000e+00,0.000000000000000000e+00
5.390445701777935028e-03,4.793232656084001064e-04,5.972128747089300305e-06,0.000000000000000000e+00,0.000000000000000000e+00
5.153342615813016891e-03,4.473316948860883713e-04,6.800257324357517064e-06,0.000000000000000000e+00,0.000000000000000000e+00
5.058556329458951950e-03,4.490143037401139736e-04,5.684132702299393713e-06,0.000000000000000000e+00,0.000000000000000000e+00
4.968764260411262512e-03,4.351052048150449991e-04,6.177124305395409465e-06,0.000000000000000000e+00,0.000000000000000000e+00
4.649771843105554581e-03,4.039955092594027519e-04,6.098163794376887381e-06,0.000000000000000000e+00,0.000000000000000000e+00
5.568308290094137192e-03,5.009174346923828125e-04,5.591340595856308937e-06,0.000000000000000000e+00,0.000000000000000000e+00
5.471809767186641693e-03,4.887860268354415894e-04,5.839495315740350634e-06,0.000000000000000000e+00,0.000000000000000000e+00
6.554304156452417374e-03,5.915301153436303139e-04,6.390032467606943101e-06,0.000000000000000000e+00,0.000000000000000000e+00
5.350103136152029037e-03,4.764942568726837635e-04,5.851607511431211606e-06,0.000000000000000000e+00,0.000000000000000000e+00
4.832545295357704163e-03,4.220385453663766384e-04,6.121598744357470423e-06,0.000000000000000000e+00,0.000000000000000000e+00
4.742150194942951202e-03,4.181209078524261713e-04,5.609410436591133475e-06,0.000000000000000000e+00,0.000000000000000000e+00
4.376320634037256241e-03,3.764983266592025757e-04,6.113375093264039606e-06,0.000000000000000000e+00,0.000000000000000000e+00
6.211226340383291245e-03,5.595992552116513252e-04,6.152340574772097170e-06,0.000000000000000000e+00,0.000000000000000000e+00
5.085048731416463852e-03,4.477652546484023333e-04,6.073958502383902669e-06,0.000000000000000000e+00,0.000000000000000000e+00
5.344061646610498428e-03,4.722086596302688122e-04,6.219749593583401293e-06,0.000000000000000000e+00,0.000000000000000000e+00
5.674509797245264053e-03,5.073864012956619263e-04,6.006459443597123027e-06,0.000000000000000000e+00,0.000000000000000000e+00
4.861085209995508194e-03,4.219597904011607170e-04,6.414872586901765317e-06,0.000000000000000000e+00,0.000000000000000000e+00
5.385541822761297226e-03,4.737495619338005781e-04,6.480462161562172696e-06,0.000000000000000000e+00,0.000000000000000000e+00
5.238408222794532776e-03,4.652820061892271042e-04,5.855883500771597028e-06,0.000000000000000000e+00,0.000000000000000000e+00
4.828590899705886841e-03,4.230367485433816910e-04,5.982235506962751970e-06,0.000000000000000000e+00,0.000000000000000000e+00
5.368657410144805908e-03,4.784969787579029799e-04,5.836879608978051692e-06,0.000000000000000000e+00,0.000000000000000000e+00
4.582686349749565125e-03,3.989130491390824318e-04,5.935561603109817952e-06,0.000000000000000000e+00,0.000000000000000000e+00
5.112410988658666611e-03,4.493877349887043238e-04,6.185336133057717234e-06,0.000000000000000000e+00,0.000000000000000000e+00
5.100601352751255035e-03,4.448073450475931168e-04,6.525278422486735508e-06,0.000000000000000000e+00,0.000000000000000000e+00
4.647681955248117447e-03,4.073014133609831333e-04,5.746679107687668875e-06,0.000000000000000000e+00,0.000000000000000000e+00
6.555043626576662064e-03,5.960724083706736565e-04,5.943191354162991047e-06,0.000000000000000000e+00,0.000000000000000000e+00
7.138522807508707047e-03,6.496678106486797333e-04,6.418445082090329379e-06,0.000000000000000000e+00,0.000000000000000000e+00
5.398320034146308899e-03,4.782527103088796139e-04,6.157929419714491814e-06,0.000000000000000000e+00,0.000000000000000000e+00
5.263686645776033401e-03,4.617164668161422014e-04,6.465217666118405759e-06,0.000000000000000000e+00,0.000000000000000000e+00
4.557636566460132599e-03,3.934563719667494297e-04,6.230731742107309401e-06,0.000000000000000000e+00,0.000000000000000000e+00
5.245701409876346588e-03,4.575492639560252428e-04,6.702087375742848963e-06,0.000000000000000000e+00,0.000000000000000000e+00
4.981479141861200333e-03,4.421567427925765514e-04,5.599117685051169246e-06,0.000000000000000000e+00,0.000000000000000000e+00
4.983057267963886261e-03,4.383050254546105862e-04,6.000068424327764660e-06,0.000000000000000000e+00,0.000000000000000000e+00
4.800220485776662827e-03,4.214469518046826124e-04,5.857509677298367023e-06,0.000000000000000000e+00,0.000000000000000000e+00
5.700671579688787460e-03,5.100021371617913246e-04,6.006506282574264333e-06,0.000000000000000000e+00,0.000000000000000000e+00
5.240140948444604874e-03,4.653870710171759129e-04,5.862701527803437784e-06,0.000000000000000000e+00,0.000000000000000000e+00
6.242505740374326706e-03,5.660534370690584183e-04,5.819714260724140331e-06,0.000000000000000000e+00,0.000000000000000000e+00
5.758162587881088257e-03,5.107929464429616928e-04,6.502330052171600983e-06,0.000000000000000000e+00,0.000000000000000000e+00
4.850423429161310196e-03,4.200988332740962505e-04,6.494348781416192651e-06,0.000000000000000000e+00,0.000000000000000000e+00
5.251300986856222153e-03,4.646142479032278061e-04,6.051583113730885088e-06,0.000000000000000000e+00,0.000000000000000000e+00
4.932868294417858124e-03,4.389738314785063267e-04,5.431303179648239166e-06,0.000000000000000000e+00,0.000000000000000000e+00
5.295582115650177002e-03,4.717806586995720863e-04,5.777756086899898946e-06,0.000000000000000000e+00,0.000000000000000000e+00
5.520631559193134308e-03,4.898328334093093872e-04,6.223033778951503336e-06,0.000000000000000000e+00,0.000000000000000000e+00
5.662665702402591705e-03,5.031714099459350109e-04,6.309512627922231331e-06,0.000000000000000000e+00,0.000000000000000000e+00
5.399405024945735931e-03,4.834669234696775675e-04,5.647360012517310679e-06,0.000000000000000000e+00,0.000000000000000000e+00
6.746793165802955627e-03,6.114849238656461239e-04,6.319435669865924865e-06,0.000000000000000000e+00,0.000000000000000000e+00
4.782853648066520691e-03,4.177576629444956779e-04,6.052766366337891668e-06,0.000000000000000000e+00,0.000000000000000000e+00
4.158774856477975845e-03,3.511796821840107441e-04,6.469781965279253200e-06,0.000000000000000000e+00,0.000000000000000000e+00
4.834971856325864792e-03,4.224039730615913868e-04,6.109322839620290324e-06,0.000000000000000000e+00,0.000000000000000000e+00
5.425496492534875870e-03,4.868791438639163971e-04,5.567049356614006683e-06,0.000000000000000000e+00,0.000000000000000000e+00
5.496371537446975708e-03,4.833938437514007092e-04,6.624329216720070690e-06,0.000000000000000000e+00,0.000000000000000000e+00
5.376795772463083267e-03,4.739669093396514654e-04,6.371265953930560499e-06,0.000000000000000000e+00,0.000000000000000000e+00
5.515235476195812225e-03,4.901160718873143196e-04,6.140748610050650313e-06,0.000000000000000000e+00,0.000000000000000000e+00
6.122133228927850723e-03,5.512567004188895226e-04,6.095659955462906510e-06,0.000000000000000000e+00,0.000000000000000000e+00
